real_fault_rate,n,avg_estimated_rate,avg_abs_error
0.5,150,0.49333333333333335,0.14533333333333334
0.8,140,0.7235714285714284,0.07642857142857147
