method,n,avg_rank,avg_runtime_sec,total_runtime_sec
Known fault rate,290,1.706896551724138,34.58703407172499,10030.239880800247
Unknown fault rate,290,1.6275862068965516,148.62510205712812,43101.279596567154
