------------------------------------
Sat 22 Aug 2026 04:29:38 IDT
SLURM_JOBID:		20476121
SLURM_JOB_NODELIST:	ise-cpu-intl-20
SLURM_SCRATCH_DIR:	
Allocated Resouces:	cpu - 2 / mem - 8192 MB / gpu - 
SLURM_GPU_INDEX:	
Running as ahmade from sternron account with normal QOS
------------------------------------
JOBID=20476121 ARRAY=20476121 TASK=3 EPS=0.04 NODE=ise-cpu-intl-20 START=Sat 22 Aug 2026 04:29:38 IDT
d1dcbd6 Fix MC seed-block overflow: SEED_BLOCK 1M -> 10M
pygame 2.6.1 (SDL 2.28.4, Python 3.11.15)
Hello from the pygame community. https://www.pygame.org/contribute.html
At main
Running with epsilon=0.04
unknown_fault_rate=False
maps_num=49
[TaxiHardcodedPolicy] tabulated 500 states from environments/Taxi_v4/models/PPO/Taxi_v4__PPO.zip
Running Taxi-v4 PO diagnosis (HARD class-2) | epsilon=0.04 | num_seeds=100 | fault_rate=[0.3] | visibility=[20, 40, 60, 80, 100]


================= 22/08/2026 04:29:50: SEED 1 (1/100), a*=0 fault=[1,1,2,3,4,5] START =================
===== SEED 1 | FR=0.3 | VR=20 =====
executing with fault mode: [1,1,2,3,4,5]

Fault scores (higher is better):
Fault: [4,1,2,3,4,5], logL: -9.042561, Exp of LogL: 0.000118, Normalized LogL: -1.808512, Exp of Normalized LogL: 0.163898, Best Rate: 0.3
Fault: [2,1,2,3,4,5], logL: -9.048259, Exp of LogL: 0.000118, Normalized LogL: -1.809652, Exp of Normalized LogL: 0.163711, Best Rate: 0.3
Fault: [0,1,2,3,4,5], logL: -9.105081, Exp of LogL: 0.000111, Normalized LogL: -1.821016, Exp of Normalized LogL: 0.161861, Best Rate: 0.3
Fault: [5,1,2,3,4,5], logL: -9.206864, Exp of LogL: 0.000100, Normalized LogL: -1.841373, Exp of Normalized LogL: 0.158600, Best Rate: 0.3
Fault: [3,1,2,3,4,5], logL: -9.831018, Exp of LogL: 0.000054, Normalized LogL: -1.966204, Exp of Normalized LogL: 0.139987, Best Rate: 0.3
Fault: [1,1,2,3,4,5], logL: -10.305476, Exp of LogL: 0.000033, Normalized LogL: -2.061095, Exp of Normalized LogL: 0.127314, Best Rate: 0.3
Fault: [1,1,2,3,5,5], logL: -10.444738, Exp of LogL: 0.000029, Normalized LogL: -2.088948, Exp of Normalized LogL: 0.123817, Best Rate: 0.3
Fault: [1,1,2,3,3,5], logL: -10.444738, Exp of LogL: 0.000029, Normalized LogL: -2.088948, Exp of Normalized LogL: 0.123817, Best Rate: 0.3
Fault: [1,1,2,3,1,5], logL: -10.444738, Exp of LogL: 0.000029, Normalized LogL: -2.088948, Exp of Normalized LogL: 0.123817, Best Rate: 0.3
Fault: [1,1,2,3,0,5], logL: -10.553937, Exp of LogL: 0.000026, Normalized LogL: -2.110787, Exp of Normalized LogL: 0.121143, Best Rate: 0.3

========= ADAPTIVE MC DEBUG =========
Total calls: 50
Avg tries: 401.00
Confidence stops: 50
Max stops: 0
Max stop rate: 0.000
Real Fault Rank 6
===== SEED 1 | FR=0.3 | VR=40 =====
executing with fault mode: [1,1,2,3,4,5]

Fault scores (higher is better):
Fault: [0,1,2,3,4,5], logL: -11.035337, Exp of LogL: 0.000016, Normalized LogL: -1.103534, Exp of Normalized LogL: 0.331697, Best Rate: 0.3
Fault: [2,1,2,3,4,5], logL: -11.422659, Exp of LogL: 0.000011, Normalized LogL: -1.142266, Exp of Normalized LogL: 0.319095, Best Rate: 0.3
Fault: [4,1,2,3,4,5], logL: -11.606032, Exp of LogL: 0.000009, Normalized LogL: -1.160603, Exp of Normalized LogL: 0.313297, Best Rate: 0.3
Fault: [5,1,2,3,4,5], logL: -11.606032, Exp of LogL: 0.000009, Normalized LogL: -1.160603, Exp of Normalized LogL: 0.313297, Best Rate: 0.3
Fault: [3,1,2,3,4,5], logL: -12.282085, Exp of LogL: 0.000005, Normalized LogL: -1.228208, Exp of Normalized LogL: 0.292817, Best Rate: 0.3
Fault: [1,1,2,3,5,5], logL: -12.342178, Exp of LogL: 0.000004, Normalized LogL: -1.234218, Exp of Normalized LogL: 0.291062, Best Rate: 0.3
Fault: [1,1,2,3,3,5], logL: -12.342178, Exp of LogL: 0.000004, Normalized LogL: -1.234218, Exp of Normalized LogL: 0.291062, Best Rate: 0.3
Fault: [1,1,2,3,1,5], logL: -12.342178, Exp of LogL: 0.000004, Normalized LogL: -1.234218, Exp of Normalized LogL: 0.291062, Best Rate: 0.3
Fault: [1,1,2,3,4,5], logL: -12.621953, Exp of LogL: 0.000003, Normalized LogL: -1.262195, Exp of Normalized LogL: 0.283032, Best Rate: 0.3
Fault: [1,1,2,3,0,5], logL: -12.841077, Exp of LogL: 0.000003, Normalized LogL: -1.284108, Exp of Normalized LogL: 0.276898, Best Rate: 0.3

========= ADAPTIVE MC DEBUG =========
Total calls: 100
Avg tries: 504.00
Confidence stops: 100
Max stops: 0
Max stop rate: 0.000
Real Fault Rank 9
===== SEED 1 | FR=0.3 | VR=60 =====
executing with fault mode: [1,1,2,3,4,5]

Fault scores (higher is better):
Fault: [0,1,2,3,4,5], logL: -11.946125, Exp of LogL: 0.000006, Normalized LogL: -0.853295, Exp of Normalized LogL: 0.426009, Best Rate: 0.3
Fault: [2,1,2,3,4,5], logL: -12.134947, Exp of LogL: 0.000005, Normalized LogL: -0.866782, Exp of Normalized LogL: 0.420302, Best Rate: 0.3
Fault: [4,1,2,3,4,5], logL: -13.399669, Exp of LogL: 0.000002, Normalized LogL: -0.957119, Exp of Normalized LogL: 0.383998, Best Rate: 0.3
Fault: [5,1,2,3,4,5], logL: -13.399669, Exp of LogL: 0.000002, Normalized LogL: -0.957119, Exp of Normalized LogL: 0.383998, Best Rate: 0.3
Fault: [1,1,2,3,5,5], logL: -13.450098, Exp of LogL: 0.000001, Normalized LogL: -0.960721, Exp of Normalized LogL: 0.382617, Best Rate: 0.3
Fault: [1,1,2,3,3,5], logL: -13.450098, Exp of LogL: 0.000001, Normalized LogL: -0.960721, Exp of Normalized LogL: 0.382617, Best Rate: 0.3
Fault: [1,1,2,3,1,5], logL: -13.450098, Exp of LogL: 0.000001, Normalized LogL: -0.960721, Exp of Normalized LogL: 0.382617, Best Rate: 0.3
Fault: [3,1,2,3,4,5], logL: -13.670257, Exp of LogL: 0.000001, Normalized LogL: -0.976447, Exp of Normalized LogL: 0.376647, Best Rate: 0.3
Fault: [1,1,2,3,4,5], logL: -13.722442, Exp of LogL: 0.000001, Normalized LogL: -0.980174, Exp of Normalized LogL: 0.375246, Best Rate: 0.3
Fault: [1,1,2,3,0,5], logL: -13.948997, Exp of LogL: 0.000001, Normalized LogL: -0.996357, Exp of Normalized LogL: 0.369222, Best Rate: 0.3

========= ADAPTIVE MC DEBUG =========
Total calls: 140
Avg tries: 462.50
Confidence stops: 140
Max stops: 0
Max stop rate: 0.000
Real Fault Rank 9
===== SEED 1 | FR=0.3 | VR=80 =====
executing with fault mode: [1,1,2,3,4,5]

Fault scores (higher is better):
Fault: [0,1,2,3,4,5], logL: -15.932314, Exp of LogL: 0.000000, Normalized LogL: -0.838543, Exp of Normalized LogL: 0.432340, Best Rate: 0.3
Fault: [2,1,2,3,4,5], logL: -16.309572, Exp of LogL: 0.000000, Normalized LogL: -0.858399, Exp of Normalized LogL: 0.423840, Best Rate: 0.3
Fault: [1,1,2,3,4,5], logL: -16.663207, Exp of LogL: 0.000000, Normalized LogL: -0.877011, Exp of Normalized LogL: 0.416025, Best Rate: 0.3
Fault: [3,1,2,3,4,5], logL: -16.703888, Exp of LogL: 0.000000, Normalized LogL: -0.879152, Exp of Normalized LogL: 0.415135, Best Rate: 0.3
Fault: [1,1,2,3,5,5], logL: -17.002885, Exp of LogL: 0.000000, Normalized LogL: -0.894889, Exp of Normalized LogL: 0.408653, Best Rate: 0.3
Fault: [1,1,2,3,3,5], logL: -17.002885, Exp of LogL: 0.000000, Normalized LogL: -0.894889, Exp of Normalized LogL: 0.408653, Best Rate: 0.3
Fault: [1,1,2,3,1,5], logL: -17.002885, Exp of LogL: 0.000000, Normalized LogL: -0.894889, Exp of Normalized LogL: 0.408653, Best Rate: 0.3
Fault: [1,1,2,3,0,5], logL: -17.002885, Exp of LogL: 0.000000, Normalized LogL: -0.894889, Exp of Normalized LogL: 0.408653, Best Rate: 0.3
Fault: [4,1,2,3,4,5], logL: -17.456893, Exp of LogL: 0.000000, Normalized LogL: -0.918784, Exp of Normalized LogL: 0.399004, Best Rate: 0.3
Fault: [5,1,2,3,4,5], logL: -17.456893, Exp of LogL: 0.000000, Normalized LogL: -0.918784, Exp of Normalized LogL: 0.399004, Best Rate: 0.3

========= ADAPTIVE MC DEBUG =========
Total calls: 190
Avg tries: 475.26
Confidence stops: 190
Max stops: 0
Max stop rate: 0.000
Real Fault Rank 3
===== SEED 1 | FR=0.3 | VR=100 =====
executing with fault mode: [1,1,2,3,4,5]

Fault scores (higher is better):
Fault: [1,1,2,3,4,5], logL: -18.159435, Exp of LogL: 0.000000, Normalized LogL: -0.756643, Exp of Normalized LogL: 0.469239, Best Rate: 0.3
Fault: [1,1,2,3,5,5], logL: -18.499112, Exp of LogL: 0.000000, Normalized LogL: -0.770796, Exp of Normalized LogL: 0.462645, Best Rate: 0.3
Fault: [1,1,2,3,3,5], logL: -18.499112, Exp of LogL: 0.000000, Normalized LogL: -0.770796, Exp of Normalized LogL: 0.462645, Best Rate: 0.3
Fault: [1,1,2,3,1,5], logL: -18.499112, Exp of LogL: 0.000000, Normalized LogL: -0.770796, Exp of Normalized LogL: 0.462645, Best Rate: 0.3
Fault: [1,1,2,3,0,5], logL: -18.499112, Exp of LogL: 0.000000, Normalized LogL: -0.770796, Exp of Normalized LogL: 0.462645, Best Rate: 0.3
Fault: [2,1,2,3,4,5], logL: -18.893766, Exp of LogL: 0.000000, Normalized LogL: -0.787240, Exp of Normalized LogL: 0.455099, Best Rate: 0.3
Fault: [0,1,2,3,4,5], logL: -42.830470, Exp of LogL: 0.000000, Normalized LogL: -1.784603, Exp of Normalized LogL: 0.167864, Best Rate: 0.3
Fault: [3,1,2,3,4,5], logL: -43.735072, Exp of LogL: 0.000000, Normalized LogL: -1.822295, Exp of Normalized LogL: 0.161654, Best Rate: 0.3
Fault: [4,1,2,3,4,5], logL: -45.030598, Exp of LogL: 0.000000, Normalized LogL: -1.876275, Exp of Normalized LogL: 0.153160, Best Rate: 0.3
Fault: [5,1,2,3,4,5], logL: -45.030598, Exp of LogL: 0.000000, Normalized LogL: -1.876275, Exp of Normalized LogL: 0.153160, Best Rate: 0.3

========= ADAPTIVE MC DEBUG =========
Total calls: 240
Avg tries: 481.67
Confidence stops: 240
Max stops: 0
Max stop rate: 0.000
Real Fault Rank 1
================= 22/08/2026 04:30:29: SEED 1 END =================
================= 22/08/2026 04:30:29: SEED 2 (2/100), a*=0 fault=[1,1,2,3,4,5] START =================
===== SEED 2 | FR=0.3 | VR=20 =====
executing with fault mode: [1,1,2,3,4,5]

Fault scores (higher is better):
Fault: [1,1,2,3,4,5], logL: -10.378783, Exp of LogL: 0.000031, Normalized LogL: -1.482683, Exp of Normalized LogL: 0.227028, Best Rate: 0.3
Fault: [1,1,2,3,0,5], logL: -10.452416, Exp of LogL: 0.000029, Normalized LogL: -1.493202, Exp of Normalized LogL: 0.224652, Best Rate: 0.3
Fault: [1,1,2,3,3,5], logL: -10.500044, Exp of LogL: 0.000028, Normalized LogL: -1.500006, Exp of Normalized LogL: 0.223129, Best Rate: 0.3
Fault: [1,1,2,3,2,5], logL: -10.550054, Exp of LogL: 0.000026, Normalized LogL: -1.507151, Exp of Normalized LogL: 0.221540, Best Rate: 0.3
Fault: [1,1,2,3,1,5], logL: -10.550054, Exp of LogL: 0.000026, Normalized LogL: -1.507151, Exp of Normalized LogL: 0.221540, Best Rate: 0.3
Fault: [2,1,2,3,4,5], logL: -36.121193, Exp of LogL: 0.000000, Normalized LogL: -5.160170, Exp of Normalized LogL: 0.005741, Best Rate: 0.3
Fault: [0,1,2,3,4,5], logL: -36.230906, Exp of LogL: 0.000000, Normalized LogL: -5.175844, Exp of Normalized LogL: 0.005651, Best Rate: 0.3
Fault: [4,1,2,3,4,5], logL: -36.808498, Exp of LogL: 0.000000, Normalized LogL: -5.258357, Exp of Normalized LogL: 0.005204, Best Rate: 0.3
Fault: [5,1,2,3,4,5], logL: -36.808498, Exp of LogL: 0.000000, Normalized LogL: -5.258357, Exp of Normalized LogL: 0.005204, Best Rate: 0.3
Fault: [3,1,2,3,4,5], logL: -36.969245, Exp of LogL: 0.000000, Normalized LogL: -5.281321, Exp of Normalized LogL: 0.005086, Best Rate: 0.3

========= ADAPTIVE MC DEBUG =========
Total calls: 70
Avg tries: 412.14
Confidence stops: 70
Max stops: 0
Max stop rate: 0.000
Real Fault Rank 1
===== SEED 2 | FR=0.3 | VR=40 =====
executing with fault mode: [1,1,2,3,4,5]

Fault scores (higher is better):
Fault: [1,1,2,3,0,5], logL: -17.235532, Exp of LogL: 0.000000, Normalized LogL: -1.325810, Exp of Normalized LogL: 0.265588, Best Rate: 0.3
Fault: [1,1,2,3,4,5], logL: -17.298796, Exp of LogL: 0.000000, Normalized LogL: -1.330677, Exp of Normalized LogL: 0.264298, Best Rate: 0.3
Fault: [1,1,2,3,3,5], logL: -17.593595, Exp of LogL: 0.000000, Normalized LogL: -1.353353, Exp of Normalized LogL: 0.258372, Best Rate: 0.3
Fault: [1,1,2,3,2,5], logL: -17.747746, Exp of LogL: 0.000000, Normalized LogL: -1.365211, Exp of Normalized LogL: 0.255327, Best Rate: 0.3
Fault: [1,1,2,3,1,5], logL: -17.747746, Exp of LogL: 0.000000, Normalized LogL: -1.365211, Exp of Normalized LogL: 0.255327, Best Rate: 0.3
Fault: [2,1,2,3,4,5], logL: -45.165958, Exp of LogL: 0.000000, Normalized LogL: -3.474304, Exp of Normalized LogL: 0.030983, Best Rate: 0.3
Fault: [0,1,2,3,4,5], logL: -68.716971, Exp of LogL: 0.000000, Normalized LogL: -5.285921, Exp of Normalized LogL: 0.005062, Best Rate: 0.3
Fault: [3,1,2,3,4,5], logL: -69.637112, Exp of LogL: 0.000000, Normalized LogL: -5.356701, Exp of Normalized LogL: 0.004716, Best Rate: 0.3
Fault: [4,1,2,3,4,5], logL: -69.792590, Exp of LogL: 0.000000, Normalized LogL: -5.368661, Exp of Normalized LogL: 0.004660, Best Rate: 0.3
Fault: [5,1,2,3,4,5], logL: -69.792590, Exp of LogL: 0.000000, Normalized LogL: -5.368661, Exp of Normalized LogL: 0.004660, Best Rate: 0.3

========= ADAPTIVE MC DEBUG =========
Total calls: 130
Avg tries: 433.08
Confidence stops: 130
Max stops: 0
Max stop rate: 0.000
Real Fault Rank 2
===== SEED 2 | FR=0.3 | VR=60 =====
executing with fault mode: [1,1,2,3,4,5]

Fault scores (higher is better):
Fault: [1,1,2,3,0,5], logL: -23.594377, Exp of LogL: 0.000000, Normalized LogL: -1.179719, Exp of Normalized LogL: 0.307365, Best Rate: 0.3
Fault: [1,1,2,3,4,5], logL: -23.650561, Exp of LogL: 0.000000, Normalized LogL: -1.182528, Exp of Normalized LogL: 0.306503, Best Rate: 0.3
Fault: [1,1,2,3,3,5], logL: -23.884531, Exp of LogL: 0.000000, Normalized LogL: -1.194227, Exp of Normalized LogL: 0.302938, Best Rate: 0.3
Fault: [1,1,2,3,2,5], logL: -23.999842, Exp of LogL: 0.000000, Normalized LogL: -1.199992, Exp of Normalized LogL: 0.301197, Best Rate: 0.3
Fault: [1,1,2,3,1,5], logL: -23.999842, Exp of LogL: 0.000000, Normalized LogL: -1.199992, Exp of Normalized LogL: 0.301197, Best Rate: 0.3
Fault: [2,1,2,3,4,5], logL: -52.177751, Exp of LogL: 0.000000, Normalized LogL: -2.608888, Exp of Normalized LogL: 0.073616, Best Rate: 0.3
Fault: [0,1,2,3,4,5], logL: -74.530515, Exp of LogL: 0.000000, Normalized LogL: -3.726526, Exp of Normalized LogL: 0.024076, Best Rate: 0.3
Fault: [3,1,2,3,4,5], logL: -75.274896, Exp of LogL: 0.000000, Normalized LogL: -3.763745, Exp of Normalized LogL: 0.023197, Best Rate: 0.3
Fault: [4,1,2,3,4,5], logL: -76.866948, Exp of LogL: 0.000000, Normalized LogL: -3.843347, Exp of Normalized LogL: 0.021422, Best Rate: 0.3
Fault: [5,1,2,3,4,5], logL: -76.866948, Exp of LogL: 0.000000, Normalized LogL: -3.843347, Exp of Normalized LogL: 0.021422, Best Rate: 0.3

========= ADAPTIVE MC DEBUG =========
Total calls: 200
Avg tries: 462.75
Confidence stops: 200
Max stops: 0
Max stop rate: 0.000
Real Fault Rank 2
===== SEED 2 | FR=0.3 | VR=80 =====
executing with fault mode: [1,1,2,3,4,5]

Fault scores (higher is better):
Fault: [1,1,2,3,0,5], logL: -26.161986, Exp of LogL: 0.000000, Normalized LogL: -1.006230, Exp of Normalized LogL: 0.365595, Best Rate: 0.3
Fault: [1,1,2,3,4,5], logL: -26.688472, Exp of LogL: 0.000000, Normalized LogL: -1.026480, Exp of Normalized LogL: 0.358266, Best Rate: 0.3
Fault: [1,1,2,3,3,5], logL: -26.914322, Exp of LogL: 0.000000, Normalized LogL: -1.035166, Exp of Normalized LogL: 0.355167, Best Rate: 0.3
Fault: [1,1,2,3,2,5], logL: -27.016976, Exp of LogL: 0.000000, Normalized LogL: -1.039114, Exp of Normalized LogL: 0.353768, Best Rate: 0.3
Fault: [1,1,2,3,1,5], logL: -27.016976, Exp of LogL: 0.000000, Normalized LogL: -1.039114, Exp of Normalized LogL: 0.353768, Best Rate: 0.3
Fault: [2,1,2,3,4,5], logL: -53.929323, Exp of LogL: 0.000000, Normalized LogL: -2.074205, Exp of Normalized LogL: 0.125656, Best Rate: 0.3
Fault: [0,1,2,3,4,5], logL: -76.808073, Exp of LogL: 0.000000, Normalized LogL: -2.954157, Exp of Normalized LogL: 0.052123, Best Rate: 0.3
Fault: [3,1,2,3,4,5], logL: -78.443377, Exp of LogL: 0.000000, Normalized LogL: -3.017053, Exp of Normalized LogL: 0.048945, Best Rate: 0.3
Fault: [4,1,2,3,4,5], logL: -80.035429, Exp of LogL: 0.000000, Normalized LogL: -3.078286, Exp of Normalized LogL: 0.046038, Best Rate: 0.3
Fault: [5,1,2,3,4,5], logL: -80.035429, Exp of LogL: 0.000000, Normalized LogL: -3.078286, Exp of Normalized LogL: 0.046038, Best Rate: 0.3

========= ADAPTIVE MC DEBUG =========
Total calls: 260
Avg tries: 470.77
Confidence stops: 260
Max stops: 0
Max stop rate: 0.000
Real Fault Rank 2
===== SEED 2 | FR=0.3 | VR=100 =====
executing with fault mode: [1,1,2,3,4,5]

Fault scores (higher is better):
Fault: [1,1,2,3,4,5], logL: -31.386331, Exp of LogL: 0.000000, Normalized LogL: -0.951101, Exp of Normalized LogL: 0.386315, Best Rate: 0.3
Fault: [1,1,2,3,2,5], logL: -31.714835, Exp of LogL: 0.000000, Normalized LogL: -0.961056, Exp of Normalized LogL: 0.382489, Best Rate: 0.3
Fault: [1,1,2,3,1,5], logL: -31.714835, Exp of LogL: 0.000000, Normalized LogL: -0.961056, Exp of Normalized LogL: 0.382489, Best Rate: 0.3
Fault: [1,1,2,3,3,5], logL: -31.714835, Exp of LogL: 0.000000, Normalized LogL: -0.961056, Exp of Normalized LogL: 0.382489, Best Rate: 0.3
Fault: [1,1,2,3,0,5], logL: -31.714835, Exp of LogL: 0.000000, Normalized LogL: -0.961056, Exp of Normalized LogL: 0.382489, Best Rate: 0.3
Fault: [2,1,2,3,4,5], logL: -57.306549, Exp of LogL: 0.000000, Normalized LogL: -1.736562, Exp of Normalized LogL: 0.176125, Best Rate: 0.3
Fault: [0,1,2,3,4,5], logL: -80.172305, Exp of LogL: 0.000000, Normalized LogL: -2.429464, Exp of Normalized LogL: 0.088084, Best Rate: 0.3
Fault: [3,1,2,3,4,5], logL: -82.831081, Exp of LogL: 0.000000, Normalized LogL: -2.510033, Exp of Normalized LogL: 0.081266, Best Rate: 0.3
Fault: [4,1,2,3,4,5], logL: -84.423133, Exp of LogL: 0.000000, Normalized LogL: -2.558277, Exp of Normalized LogL: 0.077438, Best Rate: 0.3
Fault: [5,1,2,3,4,5], logL: -84.423133, Exp of LogL: 0.000000, Normalized LogL: -2.558277, Exp of Normalized LogL: 0.077438, Best Rate: 0.3

========= ADAPTIVE MC DEBUG =========
Total calls: 330
Avg tries: 471.36
Confidence stops: 330
Max stops: 0
Max stop rate: 0.000
Real Fault Rank 1
================= 22/08/2026 04:31:22: SEED 2 END =================
================= 22/08/2026 04:31:22: SEED 3 (3/100), a*=2 fault=[0,1,0,3,4,5] START =================
===== SEED 3 | FR=0.3 | VR=20 =====
executing with fault mode: [0,1,0,3,4,5]

executing with fault mode: [0,1,0,3,4,5]

Fault scores (higher is better):
Fault: [0,1,0,3,4,5], logL: -21.758118, Exp of LogL: 0.000000, Normalized LogL: -2.417569, Exp of Normalized LogL: 0.089138, Best Rate: 0.3
Fault: [0,1,0,3,0,5], logL: -22.026382, Exp of LogL: 0.000000, Normalized LogL: -2.447376, Exp of Normalized LogL: 0.086520, Best Rate: 0.3
Fault: [0,1,0,3,1,5], logL: -22.026382, Exp of LogL: 0.000000, Normalized LogL: -2.447376, Exp of Normalized LogL: 0.086520, Best Rate: 0.3
Fault: [0,1,0,3,2,5], logL: -22.026382, Exp of LogL: 0.000000, Normalized LogL: -2.447376, Exp of Normalized LogL: 0.086520, Best Rate: 0.3
Fault: [0,1,0,3,5,5], logL: -22.026382, Exp of LogL: 0.000000, Normalized LogL: -2.447376, Exp of Normalized LogL: 0.086520, Best Rate: 0.3
Fault: [0,1,2,3,4,5], logL: -23.118695, Exp of LogL: 0.000000, Normalized LogL: -2.568744, Exp of Normalized LogL: 0.076632, Best Rate: 0.3
Fault: [0,1,1,3,4,5], logL: -23.675817, Exp of LogL: 0.000000, Normalized LogL: -2.630646, Exp of Normalized LogL: 0.072032, Best Rate: 0.3
Fault: [0,1,3,3,4,5], logL: -45.377067, Exp of LogL: 0.000000, Normalized LogL: -5.041896, Exp of Normalized LogL: 0.006461, Best Rate: 0.3
Fault: [0,1,4,3,4,5], logL: -45.384367, Exp of LogL: 0.000000, Normalized LogL: -5.042707, Exp of Normalized LogL: 0.006456, Best Rate: 0.3
Fault: [0,1,5,3,4,5], logL: -45.384367, Exp of LogL: 0.000000, Normalized LogL: -5.042707, Exp of Normalized LogL: 0.006456, Best Rate: 0.3

========= ADAPTIVE MC DEBUG =========
Total calls: 90
Avg tries: 343.89
Confidence stops: 90
Max stops: 0
Max stop rate: 0.000
Real Fault Rank 1
===== SEED 3 | FR=0.3 | VR=40 =====
executing with fault mode: [0,1,0,3,4,5]

executing with fault mode: [0,1,0,3,4,5]

Fault scores (higher is better):
Fault: [0,1,2,3,4,5], logL: -34.805419, Exp of LogL: 0.000000, Normalized LogL: -1.933634, Exp of Normalized LogL: 0.144622, Best Rate: 0.3
Fault: [0,1,0,3,4,5], logL: -57.399686, Exp of LogL: 0.000000, Normalized LogL: -3.188871, Exp of Normalized LogL: 0.041218, Best Rate: 0.3
Fault: [0,1,0,3,0,5], logL: -57.762921, Exp of LogL: 0.000000, Normalized LogL: -3.209051, Exp of Normalized LogL: 0.040395, Best Rate: 0.3
Fault: [0,1,0,3,1,5], logL: -57.762921, Exp of LogL: 0.000000, Normalized LogL: -3.209051, Exp of Normalized LogL: 0.040395, Best Rate: 0.3
Fault: [0,1,0,3,2,5], logL: -57.762921, Exp of LogL: 0.000000, Normalized LogL: -3.209051, Exp of Normalized LogL: 0.040395, Best Rate: 0.3
Fault: [0,1,0,3,5,5], logL: -57.762921, Exp of LogL: 0.000000, Normalized LogL: -3.209051, Exp of Normalized LogL: 0.040395, Best Rate: 0.3
Fault: [0,1,1,3,4,5], logL: -58.169993, Exp of LogL: 0.000000, Normalized LogL: -3.231666, Exp of Normalized LogL: 0.039492, Best Rate: 0.3
Fault: [0,1,3,3,4,5], logL: -81.137069, Exp of LogL: 0.000000, Normalized LogL: -4.507615, Exp of Normalized LogL: 0.011025, Best Rate: 0.3
Fault: [0,1,4,3,4,5], logL: -82.206109, Exp of LogL: 0.000000, Normalized LogL: -4.567006, Exp of Normalized LogL: 0.010389, Best Rate: 0.3
Fault: [0,1,5,3,4,5], logL: -82.206109, Exp of LogL: 0.000000, Normalized LogL: -4.567006, Exp of Normalized LogL: 0.010389, Best Rate: 0.3

========= ADAPTIVE MC DEBUG =========
Total calls: 180
Avg tries: 403.61
Confidence stops: 180
Max stops: 0
Max stop rate: 0.000
Real Fault Rank 2
===== SEED 3 | FR=0.3 | VR=60 =====
executing with fault mode: [0,1,0,3,4,5]

executing with fault mode: [0,1,0,3,4,5]

Fault scores (higher is better):
Fault: [0,1,0,3,4,5], logL: -35.331950, Exp of LogL: 0.000000, Normalized LogL: -1.358921, Exp of Normalized LogL: 0.256938, Best Rate: 0.3
Fault: [0,1,0,3,0,5], logL: -35.813253, Exp of LogL: 0.000000, Normalized LogL: -1.377433, Exp of Normalized LogL: 0.252225, Best Rate: 0.3
Fault: [0,1,0,3,1,5], logL: -35.813253, Exp of LogL: 0.000000, Normalized LogL: -1.377433, Exp of Normalized LogL: 0.252225, Best Rate: 0.3
Fault: [0,1,0,3,2,5], logL: -35.813253, Exp of LogL: 0.000000, Normalized LogL: -1.377433, Exp of Normalized LogL: 0.252225, Best Rate: 0.3
Fault: [0,1,0,3,5,5], logL: -35.813253, Exp of LogL: 0.000000, Normalized LogL: -1.377433, Exp of Normalized LogL: 0.252225, Best Rate: 0.3
Fault: [0,1,2,3,4,5], logL: -36.042597, Exp of LogL: 0.000000, Normalized LogL: -1.386254, Exp of Normalized LogL: 0.250010, Best Rate: 0.3
Fault: [0,1,1,3,4,5], logL: -37.376851, Exp of LogL: 0.000000, Normalized LogL: -1.437571, Exp of Normalized LogL: 0.237504, Best Rate: 0.3
Fault: [0,1,3,3,4,5], logL: -60.252356, Exp of LogL: 0.000000, Normalized LogL: -2.317398, Exp of Normalized LogL: 0.098530, Best Rate: 0.3
Fault: [0,1,4,3,4,5], logL: -61.321396, Exp of LogL: 0.000000, Normalized LogL: -2.358515, Exp of Normalized LogL: 0.094561, Best Rate: 0.3
Fault: [0,1,5,3,4,5], logL: -61.321396, Exp of LogL: 0.000000, Normalized LogL: -2.358515, Exp of Normalized LogL: 0.094561, Best Rate: 0.3

========= ADAPTIVE MC DEBUG =========
Total calls: 260
Avg tries: 440.96
Confidence stops: 260
Max stops: 0
Max stop rate: 0.000
Real Fault Rank 1
===== SEED 3 | FR=0.3 | VR=80 =====
executing with fault mode: [0,1,0,3,4,5]

executing with fault mode: [0,1,0,3,4,5]

Fault scores (higher is better):
Fault: [0,1,0,3,4,5], logL: -37.052529, Exp of LogL: 0.000000, Normalized LogL: -1.058644, Exp of Normalized LogL: 0.346926, Best Rate: 0.3
Fault: [0,1,0,3,0,5], logL: -37.404023, Exp of LogL: 0.000000, Normalized LogL: -1.068686, Exp of Normalized LogL: 0.343459, Best Rate: 0.3
Fault: [0,1,0,3,1,5], logL: -37.404023, Exp of LogL: 0.000000, Normalized LogL: -1.068686, Exp of Normalized LogL: 0.343459, Best Rate: 0.3
Fault: [0,1,0,3,2,5], logL: -37.404023, Exp of LogL: 0.000000, Normalized LogL: -1.068686, Exp of Normalized LogL: 0.343459, Best Rate: 0.3
Fault: [0,1,0,3,5,5], logL: -37.404023, Exp of LogL: 0.000000, Normalized LogL: -1.068686, Exp of Normalized LogL: 0.343459, Best Rate: 0.3
Fault: [0,1,3,3,4,5], logL: -41.535172, Exp of LogL: 0.000000, Normalized LogL: -1.186719, Exp of Normalized LogL: 0.305221, Best Rate: 0.3
Fault: [0,1,2,3,4,5], logL: -41.628414, Exp of LogL: 0.000000, Normalized LogL: -1.189383, Exp of Normalized LogL: 0.304409, Best Rate: 0.3
Fault: [0,1,1,3,4,5], logL: -43.763590, Exp of LogL: 0.000000, Normalized LogL: -1.250388, Exp of Normalized LogL: 0.286394, Best Rate: 0.3
Fault: [0,1,4,3,4,5], logL: -44.395971, Exp of LogL: 0.000000, Normalized LogL: -1.268456, Exp of Normalized LogL: 0.281265, Best Rate: 0.3
Fault: [0,1,5,3,4,5], logL: -44.395971, Exp of LogL: 0.000000, Normalized LogL: -1.268456, Exp of Normalized LogL: 0.281265, Best Rate: 0.3

========= ADAPTIVE MC DEBUG =========
Total calls: 350
Avg tries: 449.71
Confidence stops: 350
Max stops: 0
Max stop rate: 0.000
Real Fault Rank 1
===== SEED 3 | FR=0.3 | VR=100 =====
executing with fault mode: [0,1,0,3,4,5]

executing with fault mode: [0,1,0,3,4,5]

Fault scores (higher is better):
Fault: [0,1,0,3,4,5], logL: -39.694854, Exp of LogL: 0.000000, Normalized LogL: -0.902156, Exp of Normalized LogL: 0.405694, Best Rate: 0.3
Fault: [0,1,0,3,0,5], logL: -40.046348, Exp of LogL: 0.000000, Normalized LogL: -0.910144, Exp of Normalized LogL: 0.402466, Best Rate: 0.3
Fault: [0,1,0,3,1,5], logL: -40.046348, Exp of LogL: 0.000000, Normalized LogL: -0.910144, Exp of Normalized LogL: 0.402466, Best Rate: 0.3
Fault: [0,1,0,3,2,5], logL: -40.046348, Exp of LogL: 0.000000, Normalized LogL: -0.910144, Exp of Normalized LogL: 0.402466, Best Rate: 0.3
Fault: [0,1,0,3,5,5], logL: -40.046348, Exp of LogL: 0.000000, Normalized LogL: -0.910144, Exp of Normalized LogL: 0.402466, Best Rate: 0.3
Fault: [0,1,2,3,4,5], logL: -43.815087, Exp of LogL: 0.000000, Normalized LogL: -0.995797, Exp of Normalized LogL: 0.369429, Best Rate: 0.3
Fault: [0,1,3,3,4,5], logL: -44.788345, Exp of LogL: 0.000000, Normalized LogL: -1.017917, Exp of Normalized LogL: 0.361347, Best Rate: 0.3
Fault: [0,1,1,3,4,5], logL: -46.840311, Exp of LogL: 0.000000, Normalized LogL: -1.064553, Exp of Normalized LogL: 0.344882, Best Rate: 0.3
Fault: [0,1,4,3,4,5], logL: -47.174603, Exp of LogL: 0.000000, Normalized LogL: -1.072150, Exp of Normalized LogL: 0.342272, Best Rate: 0.3
Fault: [0,1,5,3,4,5], logL: -47.174603, Exp of LogL: 0.000000, Normalized LogL: -1.072150, Exp of Normalized LogL: 0.342272, Best Rate: 0.3

========= ADAPTIVE MC DEBUG =========
Total calls: 440
Avg tries: 459.89
Confidence stops: 440
Max stops: 0
Max stop rate: 0.000
Real Fault Rank 1
================= 22/08/2026 04:32:28: SEED 3 END =================
================= 22/08/2026 04:32:28: SEED 4 (4/100), a*=3 fault=[0,1,2,4,4,5] START =================
===== SEED 4 | FR=0.3 | VR=20 =====
executing with fault mode: [0,1,2,4,4,5]

executing with fault mode: [0,1,2,4,4,5]

executing with fault mode: [0,1,2,4,4,5]

Fault scores (higher is better):
Fault: [0,1,2,1,4,5], logL: -3.660585, Exp of LogL: 0.025717, Normalized LogL: -1.220195, Exp of Normalized LogL: 0.295173, Best Rate: 0.3
Fault: [0,1,2,3,4,5], logL: -3.660585, Exp of LogL: 0.025717, Normalized LogL: -1.220195, Exp of Normalized LogL: 0.295173, Best Rate: 0.3
Fault: [0,1,2,0,4,5], logL: -3.663912, Exp of LogL: 0.025632, Normalized LogL: -1.221304, Exp of Normalized LogL: 0.294845, Best Rate: 0.3
Fault: [0,1,2,4,4,5], logL: -3.725788, Exp of LogL: 0.024094, Normalized LogL: -1.241929, Exp of Normalized LogL: 0.288826, Best Rate: 0.3
Fault: [0,1,2,5,4,5], logL: -3.725788, Exp of LogL: 0.024094, Normalized LogL: -1.241929, Exp of Normalized LogL: 0.288826, Best Rate: 0.3
Fault: [0,1,2,2,4,5], logL: -3.732905, Exp of LogL: 0.023923, Normalized LogL: -1.244302, Exp of Normalized LogL: 0.288142, Best Rate: 0.3
Fault: [0,1,2,4,1,5], logL: -3.865675, Exp of LogL: 0.020949, Normalized LogL: -1.288558, Exp of Normalized LogL: 0.275668, Best Rate: 0.3
Fault: [0,1,2,4,5,5], logL: -4.142662, Exp of LogL: 0.015881, Normalized LogL: -1.380887, Exp of Normalized LogL: 0.251355, Best Rate: 0.3
Fault: [0,1,2,4,0,5], logL: -4.142662, Exp of LogL: 0.015881, Normalized LogL: -1.380887, Exp of Normalized LogL: 0.251355, Best Rate: 0.3
Fault: [0,1,2,4,2,5], logL: -4.142662, Exp of LogL: 0.015881, Normalized LogL: -1.380887, Exp of Normalized LogL: 0.251355, Best Rate: 0.3

========= ADAPTIVE MC DEBUG =========
Total calls: 30
Avg tries: 481.67
Confidence stops: 30
Max stops: 0
Max stop rate: 0.000
Real Fault Rank 4
===== SEED 4 | FR=0.3 | VR=40 =====
executing with fault mode: [0,1,2,4,4,5]

executing with fault mode: [0,1,2,4,4,5]

executing with fault mode: [0,1,2,4,4,5]

Fault scores (higher is better):
Fault: [0,1,2,1,4,5], logL: -3.683519, Exp of LogL: 0.025134, Normalized LogL: -0.736704, Exp of Normalized LogL: 0.478689, Best Rate: 0.3
Fault: [0,1,2,3,4,5], logL: -3.683519, Exp of LogL: 0.025134, Normalized LogL: -0.736704, Exp of Normalized LogL: 0.478689, Best Rate: 0.3
Fault: [0,1,2,0,4,5], logL: -3.686847, Exp of LogL: 0.025051, Normalized LogL: -0.737369, Exp of Normalized LogL: 0.478371, Best Rate: 0.3
Fault: [0,1,2,4,4,5], logL: -3.748722, Exp of LogL: 0.023548, Normalized LogL: -0.749744, Exp of Normalized LogL: 0.472487, Best Rate: 0.3
Fault: [0,1,2,5,4,5], logL: -3.748722, Exp of LogL: 0.023548, Normalized LogL: -0.749744, Exp of Normalized LogL: 0.472487, Best Rate: 0.3
Fault: [0,1,2,2,4,5], logL: -3.755840, Exp of LogL: 0.023381, Normalized LogL: -0.751168, Exp of Normalized LogL: 0.471815, Best Rate: 0.3
Fault: [0,1,2,4,1,5], logL: -3.878382, Exp of LogL: 0.020684, Normalized LogL: -0.775676, Exp of Normalized LogL: 0.460392, Best Rate: 0.3
Fault: [0,1,2,4,5,5], logL: -4.155369, Exp of LogL: 0.015680, Normalized LogL: -0.831074, Exp of Normalized LogL: 0.435581, Best Rate: 0.3
Fault: [0,1,2,4,0,5], logL: -4.155369, Exp of LogL: 0.015680, Normalized LogL: -0.831074, Exp of Normalized LogL: 0.435581, Best Rate: 0.3
Fault: [0,1,2,4,2,5], logL: -4.155369, Exp of LogL: 0.015680, Normalized LogL: -0.831074, Exp of Normalized LogL: 0.435581, Best Rate: 0.3

========= ADAPTIVE MC DEBUG =========
Total calls: 50
Avg tries: 503.00
Confidence stops: 50
Max stops: 0
Max stop rate: 0.000
Real Fault Rank 4
===== SEED 4 | FR=0.3 | VR=60 =====
executing with fault mode: [0,1,2,4,4,5]

executing with fault mode: [0,1,2,4,4,5]

executing with fault mode: [0,1,2,4,4,5]

Fault scores (higher is better):
Fault: [0,1,2,4,4,5], logL: -7.327696, Exp of LogL: 0.000657, Normalized LogL: -1.046814, Exp of Normalized LogL: 0.351055, Best Rate: 0.3
Fault: [0,1,2,5,4,5], logL: -7.327696, Exp of LogL: 0.000657, Normalized LogL: -1.046814, Exp of Normalized LogL: 0.351055, Best Rate: 0.3
Fault: [0,1,2,3,4,5], logL: -7.490010, Exp of LogL: 0.000559, Normalized LogL: -1.070001, Exp of Normalized LogL: 0.343008, Best Rate: 0.3
Fault: [0,1,2,4,5,5], logL: -7.734343, Exp of LogL: 0.000438, Normalized LogL: -1.104906, Exp of Normalized LogL: 0.331242, Best Rate: 0.3
Fault: [0,1,2,4,0,5], logL: -7.734343, Exp of LogL: 0.000438, Normalized LogL: -1.104906, Exp of Normalized LogL: 0.331242, Best Rate: 0.3
Fault: [0,1,2,4,1,5], logL: -7.734343, Exp of LogL: 0.000438, Normalized LogL: -1.104906, Exp of Normalized LogL: 0.331242, Best Rate: 0.3
Fault: [0,1,2,4,2,5], logL: -7.734343, Exp of LogL: 0.000438, Normalized LogL: -1.104906, Exp of Normalized LogL: 0.331242, Best Rate: 0.3
Fault: [0,1,2,0,4,5], logL: -7.984911, Exp of LogL: 0.000341, Normalized LogL: -1.140702, Exp of Normalized LogL: 0.319595, Best Rate: 0.3
Fault: [0,1,2,1,4,5], logL: -8.293997, Exp of LogL: 0.000250, Normalized LogL: -1.184857, Exp of Normalized LogL: 0.305790, Best Rate: 0.3
Fault: [0,1,2,2,4,5], logL: -8.495737, Exp of LogL: 0.000204, Normalized LogL: -1.213677, Exp of Normalized LogL: 0.297103, Best Rate: 0.3

========= ADAPTIVE MC DEBUG =========
Total calls: 70
Avg tries: 460.00
Confidence stops: 70
Max stops: 0
Max stop rate: 0.000
Real Fault Rank 1
===== SEED 4 | FR=0.3 | VR=80 =====
executing with fault mode: [0,1,2,4,4,5]

executing with fault mode: [0,1,2,4,4,5]

executing with fault mode: [0,1,2,4,4,5]

Fault scores (higher is better):
Fault: [0,1,2,4,4,5], logL: -8.051710, Exp of LogL: 0.000319, Normalized LogL: -0.894634, Exp of Normalized LogL: 0.408757, Best Rate: 0.3
Fault: [0,1,2,5,4,5], logL: -8.051710, Exp of LogL: 0.000319, Normalized LogL: -0.894634, Exp of Normalized LogL: 0.408757, Best Rate: 0.3
Fault: [0,1,2,4,5,5], logL: -8.458357, Exp of LogL: 0.000212, Normalized LogL: -0.939817, Exp of Normalized LogL: 0.390699, Best Rate: 0.3
Fault: [0,1,2,4,0,5], logL: -8.458357, Exp of LogL: 0.000212, Normalized LogL: -0.939817, Exp of Normalized LogL: 0.390699, Best Rate: 0.3
Fault: [0,1,2,4,1,5], logL: -8.458357, Exp of LogL: 0.000212, Normalized LogL: -0.939817, Exp of Normalized LogL: 0.390699, Best Rate: 0.3
Fault: [0,1,2,4,2,5], logL: -8.458357, Exp of LogL: 0.000212, Normalized LogL: -0.939817, Exp of Normalized LogL: 0.390699, Best Rate: 0.3
Fault: [0,1,2,3,4,5], logL: -34.095172, Exp of LogL: 0.000000, Normalized LogL: -3.788352, Exp of Normalized LogL: 0.022633, Best Rate: 0.3
Fault: [0,1,2,0,4,5], logL: -34.152446, Exp of LogL: 0.000000, Normalized LogL: -3.794716, Exp of Normalized LogL: 0.022489, Best Rate: 0.3
Fault: [0,1,2,1,4,5], logL: -34.635012, Exp of LogL: 0.000000, Normalized LogL: -3.848335, Exp of Normalized LogL: 0.021315, Best Rate: 0.3
Fault: [0,1,2,2,4,5], logL: -34.746238, Exp of LogL: 0.000000, Normalized LogL: -3.860693, Exp of Normalized LogL: 0.021053, Best Rate: 0.3

========= ADAPTIVE MC DEBUG =========
Total calls: 90
Avg tries: 487.22
Confidence stops: 90
Max stops: 0
Max stop rate: 0.000
Real Fault Rank 1
===== SEED 4 | FR=0.3 | VR=100 =====
executing with fault mode: [0,1,2,4,4,5]

executing with fault mode: [0,1,2,4,4,5]

executing with fault mode: [0,1,2,4,4,5]

Fault scores (higher is better):
Fault: [0,1,2,4,4,5], logL: -8.613394, Exp of LogL: 0.000182, Normalized LogL: -0.717783, Exp of Normalized LogL: 0.487833, Best Rate: 0.3
Fault: [0,1,2,5,4,5], logL: -8.613394, Exp of LogL: 0.000182, Normalized LogL: -0.717783, Exp of Normalized LogL: 0.487833, Best Rate: 0.3
Fault: [0,1,2,4,5,5], logL: -8.988418, Exp of LogL: 0.000125, Normalized LogL: -0.749035, Exp of Normalized LogL: 0.472823, Best Rate: 0.3
Fault: [0,1,2,4,0,5], logL: -8.988418, Exp of LogL: 0.000125, Normalized LogL: -0.749035, Exp of Normalized LogL: 0.472823, Best Rate: 0.3
Fault: [0,1,2,4,1,5], logL: -8.988418, Exp of LogL: 0.000125, Normalized LogL: -0.749035, Exp of Normalized LogL: 0.472823, Best Rate: 0.3
Fault: [0,1,2,4,2,5], logL: -8.988418, Exp of LogL: 0.000125, Normalized LogL: -0.749035, Exp of Normalized LogL: 0.472823, Best Rate: 0.3
Fault: [0,1,2,0,4,5], logL: -33.830899, Exp of LogL: 0.000000, Normalized LogL: -2.819242, Exp of Normalized LogL: 0.059651, Best Rate: 0.3
Fault: [0,1,2,3,4,5], logL: -34.305911, Exp of LogL: 0.000000, Normalized LogL: -2.858826, Exp of Normalized LogL: 0.057336, Best Rate: 0.3
Fault: [0,1,2,2,4,5], logL: -34.814388, Exp of LogL: 0.000000, Normalized LogL: -2.901199, Exp of Normalized LogL: 0.054957, Best Rate: 0.3
Fault: [0,1,2,1,4,5], logL: -34.909014, Exp of LogL: 0.000000, Normalized LogL: -2.909085, Exp of Normalized LogL: 0.054526, Best Rate: 0.3

========= ADAPTIVE MC DEBUG =========
Total calls: 120
Avg tries: 470.42
Confidence stops: 120
Max stops: 0
Max stop rate: 0.000
Real Fault Rank 1
================= 22/08/2026 04:32:48: SEED 4 END =================
================= 22/08/2026 04:32:48: SEED 5 (5/100), a*=2 fault=[0,1,3,3,4,5] START =================
===== SEED 5 | FR=0.3 | VR=20 =====
executing with fault mode: [0,1,3,3,4,5]

Fault scores (higher is better):
Fault: [0,1,0,3,4,5], logL: -15.343686, Exp of LogL: 0.000000, Normalized LogL: -2.191955, Exp of Normalized LogL: 0.111698, Best Rate: 0.3
Fault: [0,1,3,2,4,5], logL: -15.826200, Exp of LogL: 0.000000, Normalized LogL: -2.260886, Exp of Normalized LogL: 0.104258, Best Rate: 0.3
Fault: [0,1,3,0,4,5], logL: -15.826200, Exp of LogL: 0.000000, Normalized LogL: -2.260886, Exp of Normalized LogL: 0.104258, Best Rate: 0.3
Fault: [0,1,3,4,4,5], logL: -15.826200, Exp of LogL: 0.000000, Normalized LogL: -2.260886, Exp of Normalized LogL: 0.104258, Best Rate: 0.3
Fault: [0,1,3,3,4,5], logL: -15.826200, Exp of LogL: 0.000000, Normalized LogL: -2.260886, Exp of Normalized LogL: 0.104258, Best Rate: 0.3
Fault: [0,1,3,1,4,5], logL: -15.826200, Exp of LogL: 0.000000, Normalized LogL: -2.260886, Exp of Normalized LogL: 0.104258, Best Rate: 0.3
Fault: [0,1,5,3,4,5], logL: -15.861291, Exp of LogL: 0.000000, Normalized LogL: -2.265899, Exp of Normalized LogL: 0.103737, Best Rate: 0.3
Fault: [0,1,4,3,4,5], logL: -15.861291, Exp of LogL: 0.000000, Normalized LogL: -2.265899, Exp of Normalized LogL: 0.103737, Best Rate: 0.3
Fault: [0,1,2,3,4,5], logL: -16.343946, Exp of LogL: 0.000000, Normalized LogL: -2.334849, Exp of Normalized LogL: 0.096825, Best Rate: 0.3
Fault: [0,1,1,3,4,5], logL: -16.689409, Exp of LogL: 0.000000, Normalized LogL: -2.384201, Exp of Normalized LogL: 0.092163, Best Rate: 0.3

========= ADAPTIVE MC DEBUG =========
Total calls: 70
Avg tries: 317.86
Confidence stops: 70
Max stops: 0
Max stop rate: 0.000
Real Fault Rank 5
===== SEED 5 | FR=0.3 | VR=40 =====
executing with fault mode: [0,1,3,3,4,5]

Fault scores (higher is better):
Fault: [0,1,0,3,4,5], logL: -19.972188, Exp of LogL: 0.000000, Normalized LogL: -1.536322, Exp of Normalized LogL: 0.215171, Best Rate: 0.3
Fault: [0,1,2,3,4,5], logL: -21.611051, Exp of LogL: 0.000000, Normalized LogL: -1.662389, Exp of Normalized LogL: 0.189685, Best Rate: 0.3
Fault: [0,1,3,1,4,5], logL: -21.676285, Exp of LogL: 0.000000, Normalized LogL: -1.667407, Exp of Normalized LogL: 0.188736, Best Rate: 0.3
Fault: [0,1,5,3,4,5], logL: -21.920916, Exp of LogL: 0.000000, Normalized LogL: -1.686224, Exp of Normalized LogL: 0.185218, Best Rate: 0.3
Fault: [0,1,4,3,4,5], logL: -21.920916, Exp of LogL: 0.000000, Normalized LogL: -1.686224, Exp of Normalized LogL: 0.185218, Best Rate: 0.3
Fault: [0,1,3,2,4,5], logL: -22.081750, Exp of LogL: 0.000000, Normalized LogL: -1.698596, Exp of Normalized LogL: 0.182940, Best Rate: 0.3
Fault: [0,1,3,0,4,5], logL: -22.081750, Exp of LogL: 0.000000, Normalized LogL: -1.698596, Exp of Normalized LogL: 0.182940, Best Rate: 0.3
Fault: [0,1,3,4,4,5], logL: -22.081750, Exp of LogL: 0.000000, Normalized LogL: -1.698596, Exp of Normalized LogL: 0.182940, Best Rate: 0.3
Fault: [0,1,3,3,4,5], logL: -22.081750, Exp of LogL: 0.000000, Normalized LogL: -1.698596, Exp of Normalized LogL: 0.182940, Best Rate: 0.3
Fault: [0,1,1,3,4,5], logL: -22.164820, Exp of LogL: 0.000000, Normalized LogL: -1.704986, Exp of Normalized LogL: 0.181775, Best Rate: 0.3

========= ADAPTIVE MC DEBUG =========
Total calls: 130
Avg tries: 418.46
Confidence stops: 130
Max stops: 0
Max stop rate: 0.000
Real Fault Rank 9
===== SEED 5 | FR=0.3 | VR=60 =====
executing with fault mode: [0,1,3,3,4,5]

Fault scores (higher is better):
Fault: [0,1,0,3,4,5], logL: -25.850143, Exp of LogL: 0.000000, Normalized LogL: -1.292507, Exp of Normalized LogL: 0.274582, Best Rate: 0.3
Fault: [0,1,3,2,4,5], logL: -26.021879, Exp of LogL: 0.000000, Normalized LogL: -1.301094, Exp of Normalized LogL: 0.272234, Best Rate: 0.3
Fault: [0,1,3,0,4,5], logL: -26.021879, Exp of LogL: 0.000000, Normalized LogL: -1.301094, Exp of Normalized LogL: 0.272234, Best Rate: 0.3
Fault: [0,1,3,4,4,5], logL: -26.021879, Exp of LogL: 0.000000, Normalized LogL: -1.301094, Exp of Normalized LogL: 0.272234, Best Rate: 0.3
Fault: [0,1,3,3,4,5], logL: -26.021879, Exp of LogL: 0.000000, Normalized LogL: -1.301094, Exp of Normalized LogL: 0.272234, Best Rate: 0.3
Fault: [0,1,3,1,4,5], logL: -26.021879, Exp of LogL: 0.000000, Normalized LogL: -1.301094, Exp of Normalized LogL: 0.272234, Best Rate: 0.3
Fault: [0,1,1,3,4,5], logL: -29.248523, Exp of LogL: 0.000000, Normalized LogL: -1.462426, Exp of Normalized LogL: 0.231674, Best Rate: 0.3
Fault: [0,1,5,3,4,5], logL: -50.978317, Exp of LogL: 0.000000, Normalized LogL: -2.548916, Exp of Normalized LogL: 0.078166, Best Rate: 0.3
Fault: [0,1,4,3,4,5], logL: -50.978317, Exp of LogL: 0.000000, Normalized LogL: -2.548916, Exp of Normalized LogL: 0.078166, Best Rate: 0.3
Fault: [0,1,2,3,4,5], logL: -75.203313, Exp of LogL: 0.000000, Normalized LogL: -3.760166, Exp of Normalized LogL: 0.023280, Best Rate: 0.3

========= ADAPTIVE MC DEBUG =========
Total calls: 200
Avg tries: 439.25
Confidence stops: 200
Max stops: 0
Max stop rate: 0.000
Real Fault Rank 5
===== SEED 5 | FR=0.3 | VR=80 =====
executing with fault mode: [0,1,3,3,4,5]

Fault scores (higher is better):
Fault: [0,1,3,2,4,5], logL: -29.787002, Exp of LogL: 0.000000, Normalized LogL: -1.145654, Exp of Normalized LogL: 0.318016, Best Rate: 0.3
Fault: [0,1,3,0,4,5], logL: -29.787002, Exp of LogL: 0.000000, Normalized LogL: -1.145654, Exp of Normalized LogL: 0.318016, Best Rate: 0.3
Fault: [0,1,3,4,4,5], logL: -29.787002, Exp of LogL: 0.000000, Normalized LogL: -1.145654, Exp of Normalized LogL: 0.318016, Best Rate: 0.3
Fault: [0,1,3,3,4,5], logL: -29.787002, Exp of LogL: 0.000000, Normalized LogL: -1.145654, Exp of Normalized LogL: 0.318016, Best Rate: 0.3
Fault: [0,1,3,1,4,5], logL: -29.787002, Exp of LogL: 0.000000, Normalized LogL: -1.145654, Exp of Normalized LogL: 0.318016, Best Rate: 0.3
Fault: [0,1,0,3,4,5], logL: -32.425843, Exp of LogL: 0.000000, Normalized LogL: -1.247148, Exp of Normalized LogL: 0.287323, Best Rate: 0.3
Fault: [0,1,1,3,4,5], logL: -35.732688, Exp of LogL: 0.000000, Normalized LogL: -1.374334, Exp of Normalized LogL: 0.253008, Best Rate: 0.3
Fault: [0,1,5,3,4,5], logL: -56.617606, Exp of LogL: 0.000000, Normalized LogL: -2.177600, Exp of Normalized LogL: 0.113313, Best Rate: 0.3
Fault: [0,1,4,3,4,5], logL: -56.617606, Exp of LogL: 0.000000, Normalized LogL: -2.177600, Exp of Normalized LogL: 0.113313, Best Rate: 0.3
Fault: [0,1,2,3,4,5], logL: -105.529955, Exp of LogL: 0.000000, Normalized LogL: -4.058844, Exp of Normalized LogL: 0.017269, Best Rate: 0.3

========= ADAPTIVE MC DEBUG =========
Total calls: 260
Avg tries: 461.73
Confidence stops: 260
Max stops: 0
Max stop rate: 0.000
Real Fault Rank 4
===== SEED 5 | FR=0.3 | VR=100 =====
executing with fault mode: [0,1,3,3,4,5]

Fault scores (higher is better):
Fault: [0,1,3,2,4,5], logL: -32.322388, Exp of LogL: 0.000000, Normalized LogL: -0.979466, Exp of Normalized LogL: 0.375511, Best Rate: 0.3
Fault: [0,1,3,0,4,5], logL: -32.322388, Exp of LogL: 0.000000, Normalized LogL: -0.979466, Exp of Normalized LogL: 0.375511, Best Rate: 0.3
Fault: [0,1,3,4,4,5], logL: -32.322388, Exp of LogL: 0.000000, Normalized LogL: -0.979466, Exp of Normalized LogL: 0.375511, Best Rate: 0.3
Fault: [0,1,3,3,4,5], logL: -32.322388, Exp of LogL: 0.000000, Normalized LogL: -0.979466, Exp of Normalized LogL: 0.375511, Best Rate: 0.3
Fault: [0,1,3,1,4,5], logL: -32.322388, Exp of LogL: 0.000000, Normalized LogL: -0.979466, Exp of Normalized LogL: 0.375511, Best Rate: 0.3
Fault: [0,1,0,3,4,5], logL: -34.339759, Exp of LogL: 0.000000, Normalized LogL: -1.040599, Exp of Normalized LogL: 0.353243, Best Rate: 0.3
Fault: [0,1,1,3,4,5], logL: -38.682904, Exp of LogL: 0.000000, Normalized LogL: -1.172209, Exp of Normalized LogL: 0.309682, Best Rate: 0.3
Fault: [0,1,5,3,4,5], logL: -60.029664, Exp of LogL: 0.000000, Normalized LogL: -1.819081, Exp of Normalized LogL: 0.162175, Best Rate: 0.3
Fault: [0,1,4,3,4,5], logL: -60.029664, Exp of LogL: 0.000000, Normalized LogL: -1.819081, Exp of Normalized LogL: 0.162175, Best Rate: 0.3
Fault: [0,1,2,3,4,5], logL: -108.911578, Exp of LogL: 0.000000, Normalized LogL: -3.300351, Exp of Normalized LogL: 0.036870, Best Rate: 0.3

========= ADAPTIVE MC DEBUG =========
Total calls: 330
Avg tries: 470.76
Confidence stops: 330
Max stops: 0
Max stop rate: 0.000
Real Fault Rank 4
================= 22/08/2026 04:33:38: SEED 5 END =================
================= 22/08/2026 04:33:38: SEED 6 (6/100), a*=3 fault=[0,1,2,4,4,5] START =================
===== SEED 6 | FR=0.3 | VR=20 =====
executing with fault mode: [0,1,2,4,4,5]

Fault scores (higher is better):
Fault: [0,1,2,4,2,5], logL: -10.279584, Exp of LogL: 0.000034, Normalized LogL: -1.713264, Exp of Normalized LogL: 0.180276, Best Rate: 0.3
Fault: [0,1,2,4,3,5], logL: -10.279584, Exp of LogL: 0.000034, Normalized LogL: -1.713264, Exp of Normalized LogL: 0.180276, Best Rate: 0.3
Fault: [0,1,2,4,5,5], logL: -10.279584, Exp of LogL: 0.000034, Normalized LogL: -1.713264, Exp of Normalized LogL: 0.180276, Best Rate: 0.3
Fault: [0,1,2,4,1,5], logL: -10.348290, Exp of LogL: 0.000032, Normalized LogL: -1.724715, Exp of Normalized LogL: 0.178224, Best Rate: 0.3
Fault: [0,1,2,5,4,5], logL: -10.348290, Exp of LogL: 0.000032, Normalized LogL: -1.724715, Exp of Normalized LogL: 0.178224, Best Rate: 0.3
Fault: [0,1,2,4,4,5], logL: -10.348290, Exp of LogL: 0.000032, Normalized LogL: -1.724715, Exp of Normalized LogL: 0.178224, Best Rate: 0.3
Fault: [0,1,2,2,4,5], logL: -11.196510, Exp of LogL: 0.000014, Normalized LogL: -1.866085, Exp of Normalized LogL: 0.154728, Best Rate: 0.3
Fault: [0,1,2,1,4,5], logL: -11.231075, Exp of LogL: 0.000013, Normalized LogL: -1.871846, Exp of Normalized LogL: 0.153839, Best Rate: 0.3
Fault: [0,1,2,0,4,5], logL: -11.844382, Exp of LogL: 0.000007, Normalized LogL: -1.974064, Exp of Normalized LogL: 0.138891, Best Rate: 0.3
Fault: [0,1,2,3,4,5], logL: -12.023243, Exp of LogL: 0.000006, Normalized LogL: -2.003874, Exp of Normalized LogL: 0.134812, Best Rate: 0.3

========= ADAPTIVE MC DEBUG =========
Total calls: 60
Avg tries: 382.50
Confidence stops: 60
Max stops: 0
Max stop rate: 0.000
Real Fault Rank 6
===== SEED 6 | FR=0.3 | VR=40 =====
executing with fault mode: [0,1,2,4,4,5]

Fault scores (higher is better):
Fault: [0,1,2,4,2,5], logL: -12.394205, Exp of LogL: 0.000004, Normalized LogL: -1.126746, Exp of Normalized LogL: 0.324086, Best Rate: 0.3
Fault: [0,1,2,4,3,5], logL: -12.394205, Exp of LogL: 0.000004, Normalized LogL: -1.126746, Exp of Normalized LogL: 0.324086, Best Rate: 0.3
Fault: [0,1,2,4,5,5], logL: -12.394205, Exp of LogL: 0.000004, Normalized LogL: -1.126746, Exp of Normalized LogL: 0.324086, Best Rate: 0.3
Fault: [0,1,2,4,1,5], logL: -12.429009, Exp of LogL: 0.000004, Normalized LogL: -1.129910, Exp of Normalized LogL: 0.323062, Best Rate: 0.3
Fault: [0,1,2,5,4,5], logL: -12.608002, Exp of LogL: 0.000003, Normalized LogL: -1.146182, Exp of Normalized LogL: 0.317848, Best Rate: 0.3
Fault: [0,1,2,4,4,5], logL: -12.608002, Exp of LogL: 0.000003, Normalized LogL: -1.146182, Exp of Normalized LogL: 0.317848, Best Rate: 0.3
Fault: [0,1,2,2,4,5], logL: -13.511152, Exp of LogL: 0.000001, Normalized LogL: -1.228287, Exp of Normalized LogL: 0.292794, Best Rate: 0.3
Fault: [0,1,2,1,4,5], logL: -13.545717, Exp of LogL: 0.000001, Normalized LogL: -1.231429, Exp of Normalized LogL: 0.291875, Best Rate: 0.3
Fault: [0,1,2,0,4,5], logL: -14.134331, Exp of LogL: 0.000001, Normalized LogL: -1.284939, Exp of Normalized LogL: 0.276667, Best Rate: 0.3
Fault: [0,1,2,3,4,5], logL: -14.323581, Exp of LogL: 0.000001, Normalized LogL: -1.302144, Exp of Normalized LogL: 0.271948, Best Rate: 0.3

========= ADAPTIVE MC DEBUG =========
Total calls: 110
Avg tries: 447.27
Confidence stops: 110
Max stops: 0
Max stop rate: 0.000
Real Fault Rank 6
===== SEED 6 | FR=0.3 | VR=60 =====
executing with fault mode: [0,1,2,4,4,5]

Fault scores (higher is better):
Fault: [0,1,2,4,2,5], logL: -15.959289, Exp of LogL: 0.000000, Normalized LogL: -0.938782, Exp of Normalized LogL: 0.391104, Best Rate: 0.3
Fault: [0,1,2,4,3,5], logL: -15.959289, Exp of LogL: 0.000000, Normalized LogL: -0.938782, Exp of Normalized LogL: 0.391104, Best Rate: 0.3
Fault: [0,1,2,4,5,5], logL: -15.959289, Exp of LogL: 0.000000, Normalized LogL: -0.938782, Exp of Normalized LogL: 0.391104, Best Rate: 0.3
Fault: [0,1,2,4,1,5], logL: -15.994093, Exp of LogL: 0.000000, Normalized LogL: -0.940829, Exp of Normalized LogL: 0.390304, Best Rate: 0.3
Fault: [0,1,2,5,4,5], logL: -16.173086, Exp of LogL: 0.000000, Normalized LogL: -0.951358, Exp of Normalized LogL: 0.386216, Best Rate: 0.3
Fault: [0,1,2,4,4,5], logL: -16.173086, Exp of LogL: 0.000000, Normalized LogL: -0.951358, Exp of Normalized LogL: 0.386216, Best Rate: 0.3
Fault: [0,1,2,1,4,5], logL: -41.399378, Exp of LogL: 0.000000, Normalized LogL: -2.435258, Exp of Normalized LogL: 0.087575, Best Rate: 0.3
Fault: [0,1,2,2,4,5], logL: -41.487615, Exp of LogL: 0.000000, Normalized LogL: -2.440448, Exp of Normalized LogL: 0.087122, Best Rate: 0.3
Fault: [0,1,2,3,4,5], logL: -41.987176, Exp of LogL: 0.000000, Normalized LogL: -2.469834, Exp of Normalized LogL: 0.084599, Best Rate: 0.3
Fault: [0,1,2,0,4,5], logL: -42.541540, Exp of LogL: 0.000000, Normalized LogL: -2.502444, Exp of Normalized LogL: 0.081885, Best Rate: 0.3

========= ADAPTIVE MC DEBUG =========
Total calls: 170
Avg tries: 474.12
Confidence stops: 170
Max stops: 0
Max stop rate: 0.000
Real Fault Rank 6
===== SEED 6 | FR=0.3 | VR=80 =====
executing with fault mode: [0,1,2,4,4,5]

Fault scores (higher is better):
Fault: [0,1,2,5,4,5], logL: -20.245843, Exp of LogL: 0.000000, Normalized LogL: -0.920266, Exp of Normalized LogL: 0.398413, Best Rate: 0.3
Fault: [0,1,2,4,4,5], logL: -20.245843, Exp of LogL: 0.000000, Normalized LogL: -0.920266, Exp of Normalized LogL: 0.398413, Best Rate: 0.3
Fault: [0,1,2,4,2,5], logL: -20.606684, Exp of LogL: 0.000000, Normalized LogL: -0.936667, Exp of Normalized LogL: 0.391932, Best Rate: 0.3
Fault: [0,1,2,4,1,5], logL: -20.606684, Exp of LogL: 0.000000, Normalized LogL: -0.936667, Exp of Normalized LogL: 0.391932, Best Rate: 0.3
Fault: [0,1,2,4,3,5], logL: -20.606684, Exp of LogL: 0.000000, Normalized LogL: -0.936667, Exp of Normalized LogL: 0.391932, Best Rate: 0.3
Fault: [0,1,2,4,5,5], logL: -20.606684, Exp of LogL: 0.000000, Normalized LogL: -0.936667, Exp of Normalized LogL: 0.391932, Best Rate: 0.3
Fault: [0,1,2,3,4,5], logL: -126.047710, Exp of LogL: 0.000000, Normalized LogL: -5.729441, Exp of Normalized LogL: 0.003249, Best Rate: 0.3
Fault: [0,1,2,1,4,5], logL: -126.506694, Exp of LogL: 0.000000, Normalized LogL: -5.750304, Exp of Normalized LogL: 0.003182, Best Rate: 0.3
Fault: [0,1,2,0,4,5], logL: -126.578579, Exp of LogL: 0.000000, Normalized LogL: -5.753572, Exp of Normalized LogL: 0.003171, Best Rate: 0.3
Fault: [0,1,2,2,4,5], logL: -126.791296, Exp of LogL: 0.000000, Normalized LogL: -5.763241, Exp of Normalized LogL: 0.003141, Best Rate: 0.3

========= ADAPTIVE MC DEBUG =========
Total calls: 220
Avg tries: 467.50
Confidence stops: 220
Max stops: 0
Max stop rate: 0.000
Real Fault Rank 2
===== SEED 6 | FR=0.3 | VR=100 =====
executing with fault mode: [0,1,2,4,4,5]

Fault scores (higher is better):
Fault: [0,1,2,5,4,5], logL: -22.811292, Exp of LogL: 0.000000, Normalized LogL: -0.814689, Exp of Normalized LogL: 0.442777, Best Rate: 0.3
Fault: [0,1,2,4,4,5], logL: -22.811292, Exp of LogL: 0.000000, Normalized LogL: -0.814689, Exp of Normalized LogL: 0.442777, Best Rate: 0.3
Fault: [0,1,2,4,2,5], logL: -23.165373, Exp of LogL: 0.000000, Normalized LogL: -0.827335, Exp of Normalized LogL: 0.437213, Best Rate: 0.3
Fault: [0,1,2,4,1,5], logL: -23.165373, Exp of LogL: 0.000000, Normalized LogL: -0.827335, Exp of Normalized LogL: 0.437213, Best Rate: 0.3
Fault: [0,1,2,4,3,5], logL: -23.165373, Exp of LogL: 0.000000, Normalized LogL: -0.827335, Exp of Normalized LogL: 0.437213, Best Rate: 0.3
Fault: [0,1,2,4,5,5], logL: -23.165373, Exp of LogL: 0.000000, Normalized LogL: -0.827335, Exp of Normalized LogL: 0.437213, Best Rate: 0.3
Fault: [0,1,2,3,4,5], logL: -153.297349, Exp of LogL: 0.000000, Normalized LogL: -5.474905, Exp of Normalized LogL: 0.004191, Best Rate: 0.3
Fault: [0,1,2,1,4,5], logL: -153.525124, Exp of LogL: 0.000000, Normalized LogL: -5.483040, Exp of Normalized LogL: 0.004157, Best Rate: 0.3
Fault: [0,1,2,2,4,5], logL: -154.362817, Exp of LogL: 0.000000, Normalized LogL: -5.512958, Exp of Normalized LogL: 0.004034, Best Rate: 0.3
Fault: [0,1,2,0,4,5], logL: -154.534513, Exp of LogL: 0.000000, Normalized LogL: -5.519090, Exp of Normalized LogL: 0.004009, Best Rate: 0.3

========= ADAPTIVE MC DEBUG =========
Total calls: 280
Avg tries: 481.79
Confidence stops: 280
Max stops: 0
Max stop rate: 0.000
Real Fault Rank 2
================= 22/08/2026 04:34:23: SEED 6 END =================
================= 22/08/2026 04:34:23: SEED 7 (7/100), a*=1 fault=[0,2,2,3,4,5] START =================
===== SEED 7 | FR=0.3 | VR=20 =====
executing with fault mode: [0,2,2,3,4,5]

Fault scores (higher is better):
Fault: [0,2,2,3,3,5], logL: -6.567736, Exp of LogL: 0.001405, Normalized LogL: -1.641934, Exp of Normalized LogL: 0.193605, Best Rate: 0.3
Fault: [0,2,2,3,0,5], logL: -6.567736, Exp of LogL: 0.001405, Normalized LogL: -1.641934, Exp of Normalized LogL: 0.193605, Best Rate: 0.3
Fault: [0,2,2,3,5,5], logL: -6.567736, Exp of LogL: 0.001405, Normalized LogL: -1.641934, Exp of Normalized LogL: 0.193605, Best Rate: 0.3
Fault: [0,1,2,3,4,5], logL: -6.869615, Exp of LogL: 0.001039, Normalized LogL: -1.717404, Exp of Normalized LogL: 0.179532, Best Rate: 0.3
Fault: [0,2,2,3,4,5], logL: -6.956157, Exp of LogL: 0.000953, Normalized LogL: -1.739039, Exp of Normalized LogL: 0.175689, Best Rate: 0.3
Fault: [0,2,2,3,1,5], logL: -7.083016, Exp of LogL: 0.000839, Normalized LogL: -1.770754, Exp of Normalized LogL: 0.170205, Best Rate: 0.3
Fault: [0,3,2,3,4,5], logL: -7.696951, Exp of LogL: 0.000454, Normalized LogL: -1.924238, Exp of Normalized LogL: 0.145987, Best Rate: 0.3
Fault: [0,0,2,3,4,5], logL: -7.837369, Exp of LogL: 0.000395, Normalized LogL: -1.959342, Exp of Normalized LogL: 0.140951, Best Rate: 0.3
Fault: [0,5,2,3,4,5], logL: -7.894596, Exp of LogL: 0.000373, Normalized LogL: -1.973649, Exp of Normalized LogL: 0.138949, Best Rate: 0.3
Fault: [0,4,2,3,4,5], logL: -8.096335, Exp of LogL: 0.000305, Normalized LogL: -2.024084, Exp of Normalized LogL: 0.132115, Best Rate: 0.3

========= ADAPTIVE MC DEBUG =========
Total calls: 40
Avg tries: 368.75
Confidence stops: 40
Max stops: 0
Max stop rate: 0.000
Real Fault Rank 5
===== SEED 7 | FR=0.3 | VR=40 =====
executing with fault mode: [0,2,2,3,4,5]

Fault scores (higher is better):
Fault: [0,1,2,3,4,5], logL: -10.696376, Exp of LogL: 0.000023, Normalized LogL: -1.528054, Exp of Normalized LogL: 0.216958, Best Rate: 0.3
Fault: [0,2,2,3,4,5], logL: -10.740340, Exp of LogL: 0.000022, Normalized LogL: -1.534334, Exp of Normalized LogL: 0.215599, Best Rate: 0.3
Fault: [0,2,2,3,3,5], logL: -11.143046, Exp of LogL: 0.000014, Normalized LogL: -1.591864, Exp of Normalized LogL: 0.203546, Best Rate: 0.3
Fault: [0,2,2,3,0,5], logL: -11.143046, Exp of LogL: 0.000014, Normalized LogL: -1.591864, Exp of Normalized LogL: 0.203546, Best Rate: 0.3
Fault: [0,2,2,3,5,5], logL: -11.143046, Exp of LogL: 0.000014, Normalized LogL: -1.591864, Exp of Normalized LogL: 0.203546, Best Rate: 0.3
Fault: [0,2,2,3,1,5], logL: -11.143046, Exp of LogL: 0.000014, Normalized LogL: -1.591864, Exp of Normalized LogL: 0.203546, Best Rate: 0.3
Fault: [0,3,2,3,4,5], logL: -11.493625, Exp of LogL: 0.000010, Normalized LogL: -1.641946, Exp of Normalized LogL: 0.193603, Best Rate: 0.3
Fault: [0,0,2,3,4,5], logL: -11.634043, Exp of LogL: 0.000009, Normalized LogL: -1.662006, Exp of Normalized LogL: 0.189758, Best Rate: 0.3
Fault: [0,4,2,3,4,5], logL: -11.893009, Exp of LogL: 0.000007, Normalized LogL: -1.699001, Exp of Normalized LogL: 0.182866, Best Rate: 0.3
Fault: [0,5,2,3,4,5], logL: -11.893009, Exp of LogL: 0.000007, Normalized LogL: -1.699001, Exp of Normalized LogL: 0.182866, Best Rate: 0.3

========= ADAPTIVE MC DEBUG =========
Total calls: 70
Avg tries: 422.14
Confidence stops: 70
Max stops: 0
Max stop rate: 0.000
Real Fault Rank 2
===== SEED 7 | FR=0.3 | VR=60 =====
executing with fault mode: [0,2,2,3,4,5]

Fault scores (higher is better):
Fault: [0,1,2,3,4,5], logL: -11.229983, Exp of LogL: 0.000013, Normalized LogL: -1.020908, Exp of Normalized LogL: 0.360268, Best Rate: 0.3
Fault: [0,2,2,3,4,5], logL: -11.313067, Exp of LogL: 0.000012, Normalized LogL: -1.028461, Exp of Normalized LogL: 0.357557, Best Rate: 0.3
Fault: [0,2,2,3,3,5], logL: -11.715773, Exp of LogL: 0.000008, Normalized LogL: -1.065070, Exp of Normalized LogL: 0.344704, Best Rate: 0.3
Fault: [0,2,2,3,0,5], logL: -11.715773, Exp of LogL: 0.000008, Normalized LogL: -1.065070, Exp of Normalized LogL: 0.344704, Best Rate: 0.3
Fault: [0,2,2,3,5,5], logL: -11.715773, Exp of LogL: 0.000008, Normalized LogL: -1.065070, Exp of Normalized LogL: 0.344704, Best Rate: 0.3
Fault: [0,2,2,3,1,5], logL: -11.715773, Exp of LogL: 0.000008, Normalized LogL: -1.065070, Exp of Normalized LogL: 0.344704, Best Rate: 0.3
Fault: [0,3,2,3,4,5], logL: -12.049705, Exp of LogL: 0.000006, Normalized LogL: -1.095428, Exp of Normalized LogL: 0.334397, Best Rate: 0.3
Fault: [0,0,2,3,4,5], logL: -12.190123, Exp of LogL: 0.000005, Normalized LogL: -1.108193, Exp of Normalized LogL: 0.330155, Best Rate: 0.3
Fault: [0,4,2,3,4,5], logL: -12.449088, Exp of LogL: 0.000004, Normalized LogL: -1.131735, Exp of Normalized LogL: 0.322473, Best Rate: 0.3
Fault: [0,5,2,3,4,5], logL: -12.449088, Exp of LogL: 0.000004, Normalized LogL: -1.131735, Exp of Normalized LogL: 0.322473, Best Rate: 0.3

========= ADAPTIVE MC DEBUG =========
Total calls: 110
Avg tries: 473.64
Confidence stops: 110
Max stops: 0
Max stop rate: 0.000
Real Fault Rank 2
===== SEED 7 | FR=0.3 | VR=80 =====
executing with fault mode: [0,2,2,3,4,5]

Fault scores (higher is better):
Fault: [0,2,2,3,4,5], logL: -11.221980, Exp of LogL: 0.000013, Normalized LogL: -0.801570, Exp of Normalized LogL: 0.448624, Best Rate: 0.3
Fault: [0,1,2,3,4,5], logL: -11.282765, Exp of LogL: 0.000013, Normalized LogL: -0.805912, Exp of Normalized LogL: 0.446680, Best Rate: 0.3
Fault: [0,2,2,3,3,5], logL: -11.624687, Exp of LogL: 0.000009, Normalized LogL: -0.830335, Exp of Normalized LogL: 0.435903, Best Rate: 0.3
Fault: [0,2,2,3,0,5], logL: -11.624687, Exp of LogL: 0.000009, Normalized LogL: -0.830335, Exp of Normalized LogL: 0.435903, Best Rate: 0.3
Fault: [0,2,2,3,5,5], logL: -11.624687, Exp of LogL: 0.000009, Normalized LogL: -0.830335, Exp of Normalized LogL: 0.435903, Best Rate: 0.3
Fault: [0,2,2,3,1,5], logL: -11.624687, Exp of LogL: 0.000009, Normalized LogL: -0.830335, Exp of Normalized LogL: 0.435903, Best Rate: 0.3
Fault: [0,0,2,3,4,5], logL: -12.172599, Exp of LogL: 0.000005, Normalized LogL: -0.869471, Exp of Normalized LogL: 0.419173, Best Rate: 0.3
Fault: [0,3,2,3,4,5], logL: -12.244636, Exp of LogL: 0.000005, Normalized LogL: -0.874617, Exp of Normalized LogL: 0.417022, Best Rate: 0.3
Fault: [0,4,2,3,4,5], logL: -12.358002, Exp of LogL: 0.000004, Normalized LogL: -0.882714, Exp of Normalized LogL: 0.413659, Best Rate: 0.3
Fault: [0,5,2,3,4,5], logL: -12.358002, Exp of LogL: 0.000004, Normalized LogL: -0.882714, Exp of Normalized LogL: 0.413659, Best Rate: 0.3

========= ADAPTIVE MC DEBUG =========
Total calls: 140
Avg tries: 480.36
Confidence stops: 140
Max stops: 0
Max stop rate: 0.000
Real Fault Rank 1
===== SEED 7 | FR=0.3 | VR=100 =====
executing with fault mode: [0,2,2,3,4,5]

Fault scores (higher is better):
Fault: [0,2,2,3,4,5], logL: -13.589851, Exp of LogL: 0.000001, Normalized LogL: -0.754992, Exp of Normalized LogL: 0.470015, Best Rate: 0.3
Fault: [0,1,2,3,4,5], logL: -13.699541, Exp of LogL: 0.000001, Normalized LogL: -0.761086, Exp of Normalized LogL: 0.467159, Best Rate: 0.3
Fault: [0,2,2,3,3,5], logL: -13.949127, Exp of LogL: 0.000001, Normalized LogL: -0.774951, Exp of Normalized LogL: 0.460726, Best Rate: 0.3
Fault: [0,2,2,3,0,5], logL: -13.949127, Exp of LogL: 0.000001, Normalized LogL: -0.774951, Exp of Normalized LogL: 0.460726, Best Rate: 0.3
Fault: [0,2,2,3,5,5], logL: -13.949127, Exp of LogL: 0.000001, Normalized LogL: -0.774951, Exp of Normalized LogL: 0.460726, Best Rate: 0.3
Fault: [0,2,2,3,1,5], logL: -13.949127, Exp of LogL: 0.000001, Normalized LogL: -0.774951, Exp of Normalized LogL: 0.460726, Best Rate: 0.3
Fault: [0,3,2,3,4,5], logL: -15.155777, Exp of LogL: 0.000000, Normalized LogL: -0.841988, Exp of Normalized LogL: 0.430853, Best Rate: 0.3
Fault: [0,4,2,3,4,5], logL: -15.286300, Exp of LogL: 0.000000, Normalized LogL: -0.849239, Exp of Normalized LogL: 0.427740, Best Rate: 0.3
Fault: [0,5,2,3,4,5], logL: -15.286300, Exp of LogL: 0.000000, Normalized LogL: -0.849239, Exp of Normalized LogL: 0.427740, Best Rate: 0.3
Fault: [0,0,2,3,4,5], logL: -15.286300, Exp of LogL: 0.000000, Normalized LogL: -0.849239, Exp of Normalized LogL: 0.427740, Best Rate: 0.3

========= ADAPTIVE MC DEBUG =========
Total calls: 180
Avg tries: 461.11
Confidence stops: 180
Max stops: 0
Max stop rate: 0.000
Real Fault Rank 1
================= 22/08/2026 04:34:51: SEED 7 END =================
================= 22/08/2026 04:34:51: SEED 8 (8/100), a*=1 fault=[0,3,2,3,4,5] START =================
===== SEED 8 | FR=0.3 | VR=20 =====
executing with fault mode: [0,3,2,3,4,5]

Fault scores (higher is better):
Fault: [0,3,2,3,4,5], logL: -16.294857, Exp of LogL: 0.000000, Normalized LogL: -2.036857, Exp of Normalized LogL: 0.130438, Best Rate: 0.3
Fault: [0,2,2,3,4,5], logL: -16.305328, Exp of LogL: 0.000000, Normalized LogL: -2.038166, Exp of Normalized LogL: 0.130267, Best Rate: 0.3
Fault: [0,4,2,3,4,5], logL: -16.331225, Exp of LogL: 0.000000, Normalized LogL: -2.041403, Exp of Normalized LogL: 0.129846, Best Rate: 0.3
Fault: [0,3,2,3,3,5], logL: -16.350921, Exp of LogL: 0.000000, Normalized LogL: -2.043865, Exp of Normalized LogL: 0.129527, Best Rate: 0.3
Fault: [0,3,2,3,2,5], logL: -16.350921, Exp of LogL: 0.000000, Normalized LogL: -2.043865, Exp of Normalized LogL: 0.129527, Best Rate: 0.3
Fault: [0,3,2,3,0,5], logL: -16.350921, Exp of LogL: 0.000000, Normalized LogL: -2.043865, Exp of Normalized LogL: 0.129527, Best Rate: 0.3
Fault: [0,3,2,3,1,5], logL: -16.376563, Exp of LogL: 0.000000, Normalized LogL: -2.047070, Exp of Normalized LogL: 0.129113, Best Rate: 0.3
Fault: [0,1,2,3,4,5], logL: -16.421883, Exp of LogL: 0.000000, Normalized LogL: -2.052735, Exp of Normalized LogL: 0.128383, Best Rate: 0.3
Fault: [0,5,2,3,4,5], logL: -16.466277, Exp of LogL: 0.000000, Normalized LogL: -2.058285, Exp of Normalized LogL: 0.127673, Best Rate: 0.3
Fault: [0,0,2,3,4,5], logL: -17.409410, Exp of LogL: 0.000000, Normalized LogL: -2.176176, Exp of Normalized LogL: 0.113475, Best Rate: 0.3

========= ADAPTIVE MC DEBUG =========
Total calls: 80
Avg tries: 376.25
Confidence stops: 80
Max stops: 0
Max stop rate: 0.000
Real Fault Rank 1
===== SEED 8 | FR=0.3 | VR=40 =====
executing with fault mode: [0,3,2,3,4,5]

Fault scores (higher is better):
Fault: [0,1,2,3,4,5], logL: -21.437649, Exp of LogL: 0.000000, Normalized LogL: -1.339853, Exp of Normalized LogL: 0.261884, Best Rate: 0.3
Fault: [0,2,2,3,4,5], logL: -21.700738, Exp of LogL: 0.000000, Normalized LogL: -1.356296, Exp of Normalized LogL: 0.257613, Best Rate: 0.3
Fault: [0,3,2,3,4,5], logL: -21.797407, Exp of LogL: 0.000000, Normalized LogL: -1.362338, Exp of Normalized LogL: 0.256061, Best Rate: 0.3
Fault: [0,3,2,3,3,5], logL: -21.850050, Exp of LogL: 0.000000, Normalized LogL: -1.365628, Exp of Normalized LogL: 0.255220, Best Rate: 0.3
Fault: [0,3,2,3,2,5], logL: -21.850050, Exp of LogL: 0.000000, Normalized LogL: -1.365628, Exp of Normalized LogL: 0.255220, Best Rate: 0.3
Fault: [0,3,2,3,0,5], logL: -21.850050, Exp of LogL: 0.000000, Normalized LogL: -1.365628, Exp of Normalized LogL: 0.255220, Best Rate: 0.3
Fault: [0,4,2,3,4,5], logL: -22.002630, Exp of LogL: 0.000000, Normalized LogL: -1.375164, Exp of Normalized LogL: 0.252798, Best Rate: 0.3
Fault: [0,3,2,3,1,5], logL: -22.031600, Exp of LogL: 0.000000, Normalized LogL: -1.376975, Exp of Normalized LogL: 0.252341, Best Rate: 0.3
Fault: [0,5,2,3,4,5], logL: -22.055274, Exp of LogL: 0.000000, Normalized LogL: -1.378455, Exp of Normalized LogL: 0.251968, Best Rate: 0.3
Fault: [0,0,2,3,4,5], logL: -22.294125, Exp of LogL: 0.000000, Normalized LogL: -1.393383, Exp of Normalized LogL: 0.248234, Best Rate: 0.3

========= ADAPTIVE MC DEBUG =========
Total calls: 160
Avg tries: 455.31
Confidence stops: 160
Max stops: 0
Max stop rate: 0.000
Real Fault Rank 3
===== SEED 8 | FR=0.3 | VR=60 =====
executing with fault mode: [0,3,2,3,4,5]

Fault scores (higher is better):
Fault: [0,1,2,3,4,5], logL: -26.150660, Exp of LogL: 0.000000, Normalized LogL: -1.089611, Exp of Normalized LogL: 0.336347, Best Rate: 0.3
Fault: [0,2,2,3,4,5], logL: -27.159034, Exp of LogL: 0.000000, Normalized LogL: -1.131626, Exp of Normalized LogL: 0.322508, Best Rate: 0.3
Fault: [0,3,2,3,4,5], logL: -27.487119, Exp of LogL: 0.000000, Normalized LogL: -1.145297, Exp of Normalized LogL: 0.318130, Best Rate: 0.3
Fault: [0,3,2,3,1,5], logL: -27.693982, Exp of LogL: 0.000000, Normalized LogL: -1.153916, Exp of Normalized LogL: 0.315399, Best Rate: 0.3
Fault: [0,3,2,3,3,5], logL: -27.693982, Exp of LogL: 0.000000, Normalized LogL: -1.153916, Exp of Normalized LogL: 0.315399, Best Rate: 0.3
Fault: [0,3,2,3,2,5], logL: -27.693982, Exp of LogL: 0.000000, Normalized LogL: -1.153916, Exp of Normalized LogL: 0.315399, Best Rate: 0.3
Fault: [0,3,2,3,0,5], logL: -27.693982, Exp of LogL: 0.000000, Normalized LogL: -1.153916, Exp of Normalized LogL: 0.315399, Best Rate: 0.3
Fault: [0,5,2,3,4,5], logL: -27.760027, Exp of LogL: 0.000000, Normalized LogL: -1.156668, Exp of Normalized LogL: 0.314533, Best Rate: 0.3
Fault: [0,4,2,3,4,5], logL: -27.760027, Exp of LogL: 0.000000, Normalized LogL: -1.156668, Exp of Normalized LogL: 0.314533, Best Rate: 0.3
Fault: [0,0,2,3,4,5], logL: -28.251820, Exp of LogL: 0.000000, Normalized LogL: -1.177159, Exp of Normalized LogL: 0.308153, Best Rate: 0.3

========= ADAPTIVE MC DEBUG =========
Total calls: 240
Avg tries: 486.04
Confidence stops: 240
Max stops: 0
Max stop rate: 0.000
Real Fault Rank 3
===== SEED 8 | FR=0.3 | VR=80 =====
executing with fault mode: [0,3,2,3,4,5]

Fault scores (higher is better):
Fault: [0,1,2,3,4,5], logL: -32.489906, Exp of LogL: 0.000000, Normalized LogL: -1.015310, Exp of Normalized LogL: 0.362290, Best Rate: 0.3
Fault: [0,2,2,3,4,5], logL: -33.689513, Exp of LogL: 0.000000, Normalized LogL: -1.052797, Exp of Normalized LogL: 0.348960, Best Rate: 0.3
Fault: [0,3,2,3,4,5], logL: -34.206657, Exp of LogL: 0.000000, Normalized LogL: -1.068958, Exp of Normalized LogL: 0.343366, Best Rate: 0.3
Fault: [0,5,2,3,4,5], logL: -34.473073, Exp of LogL: 0.000000, Normalized LogL: -1.077284, Exp of Normalized LogL: 0.340519, Best Rate: 0.3
Fault: [0,4,2,3,4,5], logL: -34.473073, Exp of LogL: 0.000000, Normalized LogL: -1.077284, Exp of Normalized LogL: 0.340519, Best Rate: 0.3
Fault: [0,3,2,3,1,5], logL: -34.548835, Exp of LogL: 0.000000, Normalized LogL: -1.079651, Exp of Normalized LogL: 0.339714, Best Rate: 0.3
Fault: [0,3,2,3,3,5], logL: -34.548835, Exp of LogL: 0.000000, Normalized LogL: -1.079651, Exp of Normalized LogL: 0.339714, Best Rate: 0.3
Fault: [0,3,2,3,2,5], logL: -34.548835, Exp of LogL: 0.000000, Normalized LogL: -1.079651, Exp of Normalized LogL: 0.339714, Best Rate: 0.3
Fault: [0,3,2,3,0,5], logL: -34.548835, Exp of LogL: 0.000000, Normalized LogL: -1.079651, Exp of Normalized LogL: 0.339714, Best Rate: 0.3
Fault: [0,0,2,3,4,5], logL: -34.883094, Exp of LogL: 0.000000, Normalized LogL: -1.090097, Exp of Normalized LogL: 0.336184, Best Rate: 0.3

========= ADAPTIVE MC DEBUG =========
Total calls: 320
Avg tries: 475.00
Confidence stops: 320
Max stops: 0
Max stop rate: 0.000
Real Fault Rank 3
===== SEED 8 | FR=0.3 | VR=100 =====
executing with fault mode: [0,3,2,3,4,5]

Fault scores (higher is better):
Fault: [0,1,2,3,4,5], logL: -33.672116, Exp of LogL: 0.000000, Normalized LogL: -0.841803, Exp of Normalized LogL: 0.430933, Best Rate: 0.3
Fault: [0,3,2,3,4,5], logL: -35.516460, Exp of LogL: 0.000000, Normalized LogL: -0.887912, Exp of Normalized LogL: 0.411514, Best Rate: 0.3
Fault: [0,2,2,3,4,5], logL: -35.736037, Exp of LogL: 0.000000, Normalized LogL: -0.893401, Exp of Normalized LogL: 0.409262, Best Rate: 0.3
Fault: [0,5,2,3,4,5], logL: -35.804047, Exp of LogL: 0.000000, Normalized LogL: -0.895101, Exp of Normalized LogL: 0.408566, Best Rate: 0.3
Fault: [0,4,2,3,4,5], logL: -35.804047, Exp of LogL: 0.000000, Normalized LogL: -0.895101, Exp of Normalized LogL: 0.408566, Best Rate: 0.3
Fault: [0,3,2,3,1,5], logL: -35.806813, Exp of LogL: 0.000000, Normalized LogL: -0.895170, Exp of Normalized LogL: 0.408538, Best Rate: 0.3
Fault: [0,3,2,3,3,5], logL: -35.806813, Exp of LogL: 0.000000, Normalized LogL: -0.895170, Exp of Normalized LogL: 0.408538, Best Rate: 0.3
Fault: [0,3,2,3,2,5], logL: -35.806813, Exp of LogL: 0.000000, Normalized LogL: -0.895170, Exp of Normalized LogL: 0.408538, Best Rate: 0.3
Fault: [0,3,2,3,0,5], logL: -35.806813, Exp of LogL: 0.000000, Normalized LogL: -0.895170, Exp of Normalized LogL: 0.408538, Best Rate: 0.3
Fault: [0,0,2,3,4,5], logL: -36.260122, Exp of LogL: 0.000000, Normalized LogL: -0.906503, Exp of Normalized LogL: 0.403934, Best Rate: 0.3

========= ADAPTIVE MC DEBUG =========
Total calls: 400
Avg tries: 486.25
Confidence stops: 400
Max stops: 0
Max stop rate: 0.000
Real Fault Rank 2
================= 22/08/2026 04:35:56: SEED 8 END =================
================= 22/08/2026 04:35:56: SEED 9 (9/100), a*=1 fault=[0,4,2,3,4,5] START =================
===== SEED 9 | FR=0.3 | VR=20 =====
executing with fault mode: [0,4,2,3,4,5]

executing with fault mode: [0,4,2,3,4,5]

Fault scores (higher is better):
Fault: [0,4,2,3,0,5], logL: -4.541484, Exp of LogL: 0.010658, Normalized LogL: -1.135371, Exp of Normalized LogL: 0.321303, Best Rate: 0.3
Fault: [0,4,2,3,2,5], logL: -4.541484, Exp of LogL: 0.010658, Normalized LogL: -1.135371, Exp of Normalized LogL: 0.321303, Best Rate: 0.3
Fault: [0,4,2,3,5,5], logL: -4.541484, Exp of LogL: 0.010658, Normalized LogL: -1.135371, Exp of Normalized LogL: 0.321303, Best Rate: 0.3
Fault: [0,4,2,3,1,5], logL: -4.956324, Exp of LogL: 0.007039, Normalized LogL: -1.239081, Exp of Normalized LogL: 0.289650, Best Rate: 0.3
Fault: [0,3,2,3,4,5], logL: -5.059063, Exp of LogL: 0.006352, Normalized LogL: -1.264766, Exp of Normalized LogL: 0.282305, Best Rate: 0.3
Fault: [0,5,2,3,4,5], logL: -5.097777, Exp of LogL: 0.006110, Normalized LogL: -1.274444, Exp of Normalized LogL: 0.279586, Best Rate: 0.3
Fault: [0,4,2,3,4,5], logL: -5.124446, Exp of LogL: 0.005950, Normalized LogL: -1.281111, Exp of Normalized LogL: 0.277728, Best Rate: 0.3
Fault: [0,2,2,3,4,5], logL: -6.556245, Exp of LogL: 0.001421, Normalized LogL: -1.639061, Exp of Normalized LogL: 0.194162, Best Rate: 0.3
Fault: [0,0,2,3,4,5], logL: -6.654089, Exp of LogL: 0.001289, Normalized LogL: -1.663522, Exp of Normalized LogL: 0.189470, Best Rate: 0.3
Fault: [0,1,2,3,4,5], logL: -8.563564, Exp of LogL: 0.000191, Normalized LogL: -2.140891, Exp of Normalized LogL: 0.117550, Best Rate: 0.3

========= ADAPTIVE MC DEBUG =========
Total calls: 40
Avg tries: 473.75
Confidence stops: 40
Max stops: 0
Max stop rate: 0.000
Real Fault Rank 7
===== SEED 9 | FR=0.3 | VR=40 =====
executing with fault mode: [0,4,2,3,4,5]

executing with fault mode: [0,4,2,3,4,5]

Fault scores (higher is better):
Fault: [0,4,2,3,0,5], logL: -6.273386, Exp of LogL: 0.001886, Normalized LogL: -0.896198, Exp of Normalized LogL: 0.408118, Best Rate: 0.3
Fault: [0,4,2,3,2,5], logL: -6.273386, Exp of LogL: 0.001886, Normalized LogL: -0.896198, Exp of Normalized LogL: 0.408118, Best Rate: 0.3
Fault: [0,4,2,3,5,5], logL: -6.273386, Exp of LogL: 0.001886, Normalized LogL: -0.896198, Exp of Normalized LogL: 0.408118, Best Rate: 0.3
Fault: [0,3,2,3,4,5], logL: -6.526114, Exp of LogL: 0.001465, Normalized LogL: -0.932302, Exp of Normalized LogL: 0.393647, Best Rate: 0.3
Fault: [0,4,2,3,4,5], logL: -6.554285, Exp of LogL: 0.001424, Normalized LogL: -0.936326, Exp of Normalized LogL: 0.392065, Best Rate: 0.3
Fault: [0,5,2,3,4,5], logL: -6.623278, Exp of LogL: 0.001329, Normalized LogL: -0.946183, Exp of Normalized LogL: 0.388220, Best Rate: 0.3
Fault: [0,4,2,3,1,5], logL: -6.641648, Exp of LogL: 0.001305, Normalized LogL: -0.948807, Exp of Normalized LogL: 0.387203, Best Rate: 0.3
Fault: [0,0,2,3,4,5], logL: -8.794874, Exp of LogL: 0.000152, Normalized LogL: -1.256411, Exp of Normalized LogL: 0.284674, Best Rate: 0.3
Fault: [0,2,2,3,4,5], logL: -9.252471, Exp of LogL: 0.000096, Normalized LogL: -1.321782, Exp of Normalized LogL: 0.266660, Best Rate: 0.3
Fault: [0,1,2,3,4,5], logL: -9.643033, Exp of LogL: 0.000065, Normalized LogL: -1.377576, Exp of Normalized LogL: 0.252189, Best Rate: 0.3

========= ADAPTIVE MC DEBUG =========
Total calls: 70
Avg tries: 491.43
Confidence stops: 70
Max stops: 0
Max stop rate: 0.000
Real Fault Rank 5
===== SEED 9 | FR=0.3 | VR=60 =====
executing with fault mode: [0,4,2,3,4,5]

executing with fault mode: [0,4,2,3,4,5]

Fault scores (higher is better):
Fault: [0,4,2,3,0,5], logL: -7.887164, Exp of LogL: 0.000376, Normalized LogL: -0.788716, Exp of Normalized LogL: 0.454428, Best Rate: 0.3
Fault: [0,4,2,3,2,5], logL: -7.887164, Exp of LogL: 0.000376, Normalized LogL: -0.788716, Exp of Normalized LogL: 0.454428, Best Rate: 0.3
Fault: [0,4,2,3,5,5], logL: -7.887164, Exp of LogL: 0.000376, Normalized LogL: -0.788716, Exp of Normalized LogL: 0.454428, Best Rate: 0.3
Fault: [0,3,2,3,4,5], logL: -8.103288, Exp of LogL: 0.000303, Normalized LogL: -0.810329, Exp of Normalized LogL: 0.444712, Best Rate: 0.3
Fault: [0,4,2,3,4,5], logL: -8.168063, Exp of LogL: 0.000284, Normalized LogL: -0.816806, Exp of Normalized LogL: 0.441840, Best Rate: 0.3
Fault: [0,4,2,3,1,5], logL: -8.255427, Exp of LogL: 0.000260, Normalized LogL: -0.825543, Exp of Normalized LogL: 0.437997, Best Rate: 0.3
Fault: [0,5,2,3,4,5], logL: -8.255839, Exp of LogL: 0.000260, Normalized LogL: -0.825584, Exp of Normalized LogL: 0.437979, Best Rate: 0.3
Fault: [0,0,2,3,4,5], logL: -10.448230, Exp of LogL: 0.000029, Normalized LogL: -1.044823, Exp of Normalized LogL: 0.351754, Best Rate: 0.3
Fault: [0,1,2,3,4,5], logL: -10.820968, Exp of LogL: 0.000020, Normalized LogL: -1.082097, Exp of Normalized LogL: 0.338884, Best Rate: 0.3
Fault: [0,2,2,3,4,5], logL: -11.102857, Exp of LogL: 0.000015, Normalized LogL: -1.110286, Exp of Normalized LogL: 0.329465, Best Rate: 0.3

========= ADAPTIVE MC DEBUG =========
Total calls: 100
Avg tries: 518.50
Confidence stops: 100
Max stops: 0
Max stop rate: 0.000
Real Fault Rank 5
===== SEED 9 | FR=0.3 | VR=80 =====
executing with fault mode: [0,4,2,3,4,5]

executing with fault mode: [0,4,2,3,4,5]

Fault scores (higher is better):
Fault: [0,3,2,3,4,5], logL: -9.455922, Exp of LogL: 0.000078, Normalized LogL: -0.727379, Exp of Normalized LogL: 0.483174, Best Rate: 0.3
Fault: [0,4,2,3,4,5], logL: -9.520697, Exp of LogL: 0.000073, Normalized LogL: -0.732361, Exp of Normalized LogL: 0.480772, Best Rate: 0.3
Fault: [0,5,2,3,4,5], logL: -9.520697, Exp of LogL: 0.000073, Normalized LogL: -0.732361, Exp of Normalized LogL: 0.480772, Best Rate: 0.3
Fault: [0,4,2,3,1,5], logL: -9.860374, Exp of LogL: 0.000052, Normalized LogL: -0.758490, Exp of Normalized LogL: 0.468373, Best Rate: 0.3
Fault: [0,4,2,3,0,5], logL: -9.860374, Exp of LogL: 0.000052, Normalized LogL: -0.758490, Exp of Normalized LogL: 0.468373, Best Rate: 0.3
Fault: [0,4,2,3,2,5], logL: -9.860374, Exp of LogL: 0.000052, Normalized LogL: -0.758490, Exp of Normalized LogL: 0.468373, Best Rate: 0.3
Fault: [0,4,2,3,5,5], logL: -9.860374, Exp of LogL: 0.000052, Normalized LogL: -0.758490, Exp of Normalized LogL: 0.468373, Best Rate: 0.3
Fault: [0,0,2,3,4,5], logL: -11.587640, Exp of LogL: 0.000009, Normalized LogL: -0.891357, Exp of Normalized LogL: 0.410099, Best Rate: 0.3
Fault: [0,2,2,3,4,5], logL: -12.344787, Exp of LogL: 0.000004, Normalized LogL: -0.949599, Exp of Normalized LogL: 0.386896, Best Rate: 0.3
Fault: [0,1,2,3,4,5], logL: -12.619425, Exp of LogL: 0.000003, Normalized LogL: -0.970725, Exp of Normalized LogL: 0.378808, Best Rate: 0.3

========= ADAPTIVE MC DEBUG =========
Total calls: 130
Avg tries: 521.54
Confidence stops: 130
Max stops: 0
Max stop rate: 0.000
Real Fault Rank 2
===== SEED 9 | FR=0.3 | VR=100 =====
executing with fault mode: [0,4,2,3,4,5]

executing with fault mode: [0,4,2,3,4,5]

Fault scores (higher is better):
Fault: [0,4,2,3,4,5], logL: -10.986770, Exp of LogL: 0.000017, Normalized LogL: -0.686673, Exp of Normalized LogL: 0.503248, Best Rate: 0.3
Fault: [0,5,2,3,4,5], logL: -10.986770, Exp of LogL: 0.000017, Normalized LogL: -0.686673, Exp of Normalized LogL: 0.503248, Best Rate: 0.3
Fault: [0,3,2,3,4,5], logL: -10.986770, Exp of LogL: 0.000017, Normalized LogL: -0.686673, Exp of Normalized LogL: 0.503248, Best Rate: 0.3
Fault: [0,4,2,3,1,5], logL: -11.326448, Exp of LogL: 0.000012, Normalized LogL: -0.707903, Exp of Normalized LogL: 0.492676, Best Rate: 0.3
Fault: [0,4,2,3,0,5], logL: -11.326448, Exp of LogL: 0.000012, Normalized LogL: -0.707903, Exp of Normalized LogL: 0.492676, Best Rate: 0.3
Fault: [0,4,2,3,2,5], logL: -11.326448, Exp of LogL: 0.000012, Normalized LogL: -0.707903, Exp of Normalized LogL: 0.492676, Best Rate: 0.3
Fault: [0,4,2,3,5,5], logL: -11.326448, Exp of LogL: 0.000012, Normalized LogL: -0.707903, Exp of Normalized LogL: 0.492676, Best Rate: 0.3
Fault: [0,1,2,3,4,5], logL: -14.244019, Exp of LogL: 0.000001, Normalized LogL: -0.890251, Exp of Normalized LogL: 0.410553, Best Rate: 0.3
Fault: [0,0,2,3,4,5], logL: -15.762217, Exp of LogL: 0.000000, Normalized LogL: -0.985139, Exp of Normalized LogL: 0.373387, Best Rate: 0.3
Fault: [0,2,2,3,4,5], logL: -16.076613, Exp of LogL: 0.000000, Normalized LogL: -1.004788, Exp of Normalized LogL: 0.366122, Best Rate: 0.3

========= ADAPTIVE MC DEBUG =========
Total calls: 160
Avg tries: 541.88
Confidence stops: 160
Max stops: 0
Max stop rate: 0.000
Real Fault Rank 1
================= 22/08/2026 04:36:26: SEED 9 END =================
================= 22/08/2026 04:36:26: SEED 10 (10/100), a*=1 fault=[0,5,2,3,4,5] START =================
===== SEED 10 | FR=0.3 | VR=20 =====
executing with fault mode: [0,5,2,3,4,5]

executing with fault mode: [0,5,2,3,4,5]

Fault scores (higher is better):
Fault: [0,1,2,3,4,5], logL: -7.642467, Exp of LogL: 0.000480, Normalized LogL: -1.528493, Exp of Normalized LogL: 0.216862, Best Rate: 0.3
Fault: [0,3,2,3,4,5], logL: -7.859366, Exp of LogL: 0.000386, Normalized LogL: -1.571873, Exp of Normalized LogL: 0.207656, Best Rate: 0.3
Fault: [0,5,2,3,4,5], logL: -7.907452, Exp of LogL: 0.000368, Normalized LogL: -1.581490, Exp of Normalized LogL: 0.205668, Best Rate: 0.3
Fault: [0,4,2,3,4,5], logL: -7.907452, Exp of LogL: 0.000368, Normalized LogL: -1.581490, Exp of Normalized LogL: 0.205668, Best Rate: 0.3
Fault: [0,2,2,3,4,5], logL: -7.961973, Exp of LogL: 0.000348, Normalized LogL: -1.592395, Exp of Normalized LogL: 0.203438, Best Rate: 0.3
Fault: [0,5,2,3,1,5], logL: -7.997064, Exp of LogL: 0.000336, Normalized LogL: -1.599413, Exp of Normalized LogL: 0.202015, Best Rate: 0.3
Fault: [0,5,2,3,3,5], logL: -7.997064, Exp of LogL: 0.000336, Normalized LogL: -1.599413, Exp of Normalized LogL: 0.202015, Best Rate: 0.3
Fault: [0,5,2,3,0,5], logL: -8.015083, Exp of LogL: 0.000330, Normalized LogL: -1.603017, Exp of Normalized LogL: 0.201288, Best Rate: 0.3
Fault: [0,5,2,3,2,5], logL: -8.071172, Exp of LogL: 0.000312, Normalized LogL: -1.614234, Exp of Normalized LogL: 0.199043, Best Rate: 0.3
Fault: [0,0,2,3,4,5], logL: -8.265770, Exp of LogL: 0.000257, Normalized LogL: -1.653154, Exp of Normalized LogL: 0.191445, Best Rate: 0.3

========= ADAPTIVE MC DEBUG =========
Total calls: 50
Avg tries: 376.00
Confidence stops: 50
Max stops: 0
Max stop rate: 0.000
Real Fault Rank 3
===== SEED 10 | FR=0.3 | VR=40 =====
executing with fault mode: [0,5,2,3,4,5]

executing with fault mode: [0,5,2,3,4,5]

Fault scores (higher is better):
Fault: [0,3,2,3,4,5], logL: -11.889650, Exp of LogL: 0.000007, Normalized LogL: -1.188965, Exp of Normalized LogL: 0.304536, Best Rate: 0.3
Fault: [0,1,2,3,4,5], logL: -12.154156, Exp of LogL: 0.000005, Normalized LogL: -1.215416, Exp of Normalized LogL: 0.296587, Best Rate: 0.3
Fault: [0,0,2,3,4,5], logL: -12.171633, Exp of LogL: 0.000005, Normalized LogL: -1.217163, Exp of Normalized LogL: 0.296069, Best Rate: 0.3
Fault: [0,2,2,3,4,5], logL: -12.251676, Exp of LogL: 0.000005, Normalized LogL: -1.225168, Exp of Normalized LogL: 0.293708, Best Rate: 0.3
Fault: [0,5,2,3,2,5], logL: -12.260115, Exp of LogL: 0.000005, Normalized LogL: -1.226011, Exp of Normalized LogL: 0.293461, Best Rate: 0.3
Fault: [0,5,2,3,1,5], logL: -12.348668, Exp of LogL: 0.000004, Normalized LogL: -1.234867, Exp of Normalized LogL: 0.290874, Best Rate: 0.3
Fault: [0,5,2,3,3,5], logL: -12.348668, Exp of LogL: 0.000004, Normalized LogL: -1.234867, Exp of Normalized LogL: 0.290874, Best Rate: 0.3
Fault: [0,5,2,3,0,5], logL: -12.367360, Exp of LogL: 0.000004, Normalized LogL: -1.236736, Exp of Normalized LogL: 0.290330, Best Rate: 0.3
Fault: [0,5,2,3,4,5], logL: -12.367360, Exp of LogL: 0.000004, Normalized LogL: -1.236736, Exp of Normalized LogL: 0.290330, Best Rate: 0.3
Fault: [0,4,2,3,4,5], logL: -12.367360, Exp of LogL: 0.000004, Normalized LogL: -1.236736, Exp of Normalized LogL: 0.290330, Best Rate: 0.3

========= ADAPTIVE MC DEBUG =========
Total calls: 100
Avg tries: 450.00
Confidence stops: 100
Max stops: 0
Max stop rate: 0.000
Real Fault Rank 9
===== SEED 10 | FR=0.3 | VR=60 =====
executing with fault mode: [0,5,2,3,4,5]

executing with fault mode: [0,5,2,3,4,5]

Fault scores (higher is better):
Fault: [0,1,2,3,4,5], logL: -15.663621, Exp of LogL: 0.000000, Normalized LogL: -1.044241, Exp of Normalized LogL: 0.351959, Best Rate: 0.3
Fault: [0,3,2,3,4,5], logL: -15.765388, Exp of LogL: 0.000000, Normalized LogL: -1.051026, Exp of Normalized LogL: 0.349579, Best Rate: 0.3
Fault: [0,5,2,3,4,5], logL: -15.993919, Exp of LogL: 0.000000, Normalized LogL: -1.066261, Exp of Normalized LogL: 0.344293, Best Rate: 0.3
Fault: [0,4,2,3,4,5], logL: -15.993919, Exp of LogL: 0.000000, Normalized LogL: -1.066261, Exp of Normalized LogL: 0.344293, Best Rate: 0.3
Fault: [0,5,2,3,1,5], logL: -15.993919, Exp of LogL: 0.000000, Normalized LogL: -1.066261, Exp of Normalized LogL: 0.344293, Best Rate: 0.3
Fault: [0,5,2,3,3,5], logL: -15.993919, Exp of LogL: 0.000000, Normalized LogL: -1.066261, Exp of Normalized LogL: 0.344293, Best Rate: 0.3
Fault: [0,5,2,3,0,5], logL: -16.389676, Exp of LogL: 0.000000, Normalized LogL: -1.092645, Exp of Normalized LogL: 0.335328, Best Rate: 0.3
Fault: [0,5,2,3,2,5], logL: -16.434127, Exp of LogL: 0.000000, Normalized LogL: -1.095608, Exp of Normalized LogL: 0.334336, Best Rate: 0.3
Fault: [0,2,2,3,4,5], logL: -16.468813, Exp of LogL: 0.000000, Normalized LogL: -1.097921, Exp of Normalized LogL: 0.333564, Best Rate: 0.3
Fault: [0,0,2,3,4,5], logL: -16.523467, Exp of LogL: 0.000000, Normalized LogL: -1.101564, Exp of Normalized LogL: 0.332351, Best Rate: 0.3

========= ADAPTIVE MC DEBUG =========
Total calls: 150
Avg tries: 477.33
Confidence stops: 150
Max stops: 0
Max stop rate: 0.000
Real Fault Rank 3
===== SEED 10 | FR=0.3 | VR=80 =====
executing with fault mode: [0,5,2,3,4,5]

executing with fault mode: [0,5,2,3,4,5]

Fault scores (higher is better):
Fault: [0,3,2,3,4,5], logL: -18.542002, Exp of LogL: 0.000000, Normalized LogL: -0.927100, Exp of Normalized LogL: 0.395700, Best Rate: 0.3
Fault: [0,1,2,3,4,5], logL: -18.728194, Exp of LogL: 0.000000, Normalized LogL: -0.936410, Exp of Normalized LogL: 0.392033, Best Rate: 0.3
Fault: [0,5,2,3,4,5], logL: -18.770533, Exp of LogL: 0.000000, Normalized LogL: -0.938527, Exp of Normalized LogL: 0.391204, Best Rate: 0.3
Fault: [0,4,2,3,4,5], logL: -18.770533, Exp of LogL: 0.000000, Normalized LogL: -0.938527, Exp of Normalized LogL: 0.391204, Best Rate: 0.3
Fault: [0,5,2,3,0,5], logL: -19.237299, Exp of LogL: 0.000000, Normalized LogL: -0.961865, Exp of Normalized LogL: 0.382179, Best Rate: 0.3
Fault: [0,5,2,3,1,5], logL: -19.237299, Exp of LogL: 0.000000, Normalized LogL: -0.961865, Exp of Normalized LogL: 0.382179, Best Rate: 0.3
Fault: [0,5,2,3,3,5], logL: -19.237299, Exp of LogL: 0.000000, Normalized LogL: -0.961865, Exp of Normalized LogL: 0.382179, Best Rate: 0.3
Fault: [0,5,2,3,2,5], logL: -19.237299, Exp of LogL: 0.000000, Normalized LogL: -0.961865, Exp of Normalized LogL: 0.382179, Best Rate: 0.3
Fault: [0,2,2,3,4,5], logL: -19.731344, Exp of LogL: 0.000000, Normalized LogL: -0.986567, Exp of Normalized LogL: 0.372854, Best Rate: 0.3
Fault: [0,0,2,3,4,5], logL: -19.735914, Exp of LogL: 0.000000, Normalized LogL: -0.986796, Exp of Normalized LogL: 0.372769, Best Rate: 0.3

========= ADAPTIVE MC DEBUG =========
Total calls: 200
Avg tries: 473.75
Confidence stops: 200
Max stops: 0
Max stop rate: 0.000
Real Fault Rank 3
===== SEED 10 | FR=0.3 | VR=100 =====
executing with fault mode: [0,5,2,3,4,5]

executing with fault mode: [0,5,2,3,4,5]

Fault scores (higher is better):
Fault: [0,5,2,3,4,5], logL: -20.032165, Exp of LogL: 0.000000, Normalized LogL: -0.801287, Exp of Normalized LogL: 0.448751, Best Rate: 0.3
Fault: [0,4,2,3,4,5], logL: -20.032165, Exp of LogL: 0.000000, Normalized LogL: -0.801287, Exp of Normalized LogL: 0.448751, Best Rate: 0.3
Fault: [0,5,2,3,0,5], logL: -20.363451, Exp of LogL: 0.000000, Normalized LogL: -0.814538, Exp of Normalized LogL: 0.442844, Best Rate: 0.3
Fault: [0,5,2,3,1,5], logL: -20.363451, Exp of LogL: 0.000000, Normalized LogL: -0.814538, Exp of Normalized LogL: 0.442844, Best Rate: 0.3
Fault: [0,5,2,3,3,5], logL: -20.363451, Exp of LogL: 0.000000, Normalized LogL: -0.814538, Exp of Normalized LogL: 0.442844, Best Rate: 0.3
Fault: [0,5,2,3,2,5], logL: -20.363451, Exp of LogL: 0.000000, Normalized LogL: -0.814538, Exp of Normalized LogL: 0.442844, Best Rate: 0.3
Fault: [0,2,2,3,4,5], logL: -20.986471, Exp of LogL: 0.000000, Normalized LogL: -0.839459, Exp of Normalized LogL: 0.431944, Best Rate: 0.3
Fault: [0,1,2,3,4,5], logL: -22.022841, Exp of LogL: 0.000000, Normalized LogL: -0.880914, Exp of Normalized LogL: 0.414404, Best Rate: 0.3
Fault: [0,3,2,3,4,5], logL: -22.792169, Exp of LogL: 0.000000, Normalized LogL: -0.911687, Exp of Normalized LogL: 0.401846, Best Rate: 0.3
Fault: [0,0,2,3,4,5], logL: -23.279002, Exp of LogL: 0.000000, Normalized LogL: -0.931160, Exp of Normalized LogL: 0.394096, Best Rate: 0.3

========= ADAPTIVE MC DEBUG =========
Total calls: 250
Avg tries: 479.80
Confidence stops: 250
Max stops: 0
Max stop rate: 0.000
Real Fault Rank 1
================= 22/08/2026 04:37:07: SEED 10 END =================
================= 22/08/2026 04:37:07: SEED 11 (11/100), a*=2 fault=[0,1,1,3,4,5] START =================
===== SEED 11 | FR=0.3 | VR=20 =====
executing with fault mode: [0,1,1,3,4,5]

executing with fault mode: [0,1,1,3,4,5]

Fault scores (higher is better):
Fault: [0,1,2,3,4,5], logL: -10.515340, Exp of LogL: 0.000027, Normalized LogL: -1.752557, Exp of Normalized LogL: 0.173330, Best Rate: 0.3
Fault: [0,1,4,3,4,5], logL: -10.644552, Exp of LogL: 0.000024, Normalized LogL: -1.774092, Exp of Normalized LogL: 0.169637, Best Rate: 0.3
Fault: [0,1,5,3,4,5], logL: -10.644552, Exp of LogL: 0.000024, Normalized LogL: -1.774092, Exp of Normalized LogL: 0.169637, Best Rate: 0.3
Fault: [0,1,0,3,4,5], logL: -11.121476, Exp of LogL: 0.000015, Normalized LogL: -1.853579, Exp of Normalized LogL: 0.156675, Best Rate: 0.3
Fault: [0,1,3,3,4,5], logL: -11.239259, Exp of LogL: 0.000013, Normalized LogL: -1.873210, Exp of Normalized LogL: 0.153630, Best Rate: 0.3
Fault: [0,1,1,3,5,5], logL: -11.303797, Exp of LogL: 0.000012, Normalized LogL: -1.883966, Exp of Normalized LogL: 0.151986, Best Rate: 0.3
Fault: [0,1,1,3,1,5], logL: -11.303797, Exp of LogL: 0.000012, Normalized LogL: -1.883966, Exp of Normalized LogL: 0.151986, Best Rate: 0.3
Fault: [0,1,1,3,3,5], logL: -11.303797, Exp of LogL: 0.000012, Normalized LogL: -1.883966, Exp of Normalized LogL: 0.151986, Best Rate: 0.3
Fault: [0,1,1,3,4,5], logL: -11.372790, Exp of LogL: 0.000012, Normalized LogL: -1.895465, Exp of Normalized LogL: 0.150248, Best Rate: 0.3
Fault: [0,1,1,3,2,5], logL: -11.613952, Exp of LogL: 0.000009, Normalized LogL: -1.935659, Exp of Normalized LogL: 0.144329, Best Rate: 0.3

========= ADAPTIVE MC DEBUG =========
Total calls: 60
Avg tries: 333.33
Confidence stops: 60
Max stops: 0
Max stop rate: 0.000
Real Fault Rank 9
===== SEED 11 | FR=0.3 | VR=40 =====
executing with fault mode: [0,1,1,3,4,5]

executing with fault mode: [0,1,1,3,4,5]

Fault scores (higher is better):
Fault: [0,1,1,3,5,5], logL: -17.034277, Exp of LogL: 0.000000, Normalized LogL: -1.419523, Exp of Normalized LogL: 0.241829, Best Rate: 0.3
Fault: [0,1,1,3,1,5], logL: -17.034277, Exp of LogL: 0.000000, Normalized LogL: -1.419523, Exp of Normalized LogL: 0.241829, Best Rate: 0.3
Fault: [0,1,1,3,3,5], logL: -17.034277, Exp of LogL: 0.000000, Normalized LogL: -1.419523, Exp of Normalized LogL: 0.241829, Best Rate: 0.3
Fault: [0,1,1,3,4,5], logL: -17.334382, Exp of LogL: 0.000000, Normalized LogL: -1.444532, Exp of Normalized LogL: 0.235856, Best Rate: 0.3
Fault: [0,1,2,3,4,5], logL: -17.376461, Exp of LogL: 0.000000, Normalized LogL: -1.448038, Exp of Normalized LogL: 0.235031, Best Rate: 0.3
Fault: [0,1,1,3,2,5], logL: -17.691057, Exp of LogL: 0.000000, Normalized LogL: -1.474255, Exp of Normalized LogL: 0.228949, Best Rate: 0.3
Fault: [0,1,3,3,4,5], logL: -18.457903, Exp of LogL: 0.000000, Normalized LogL: -1.538159, Exp of Normalized LogL: 0.214776, Best Rate: 0.3
Fault: [0,1,0,3,4,5], logL: -18.529749, Exp of LogL: 0.000000, Normalized LogL: -1.544146, Exp of Normalized LogL: 0.213494, Best Rate: 0.3
Fault: [0,1,4,3,4,5], logL: -18.989931, Exp of LogL: 0.000000, Normalized LogL: -1.582494, Exp of Normalized LogL: 0.205462, Best Rate: 0.3
Fault: [0,1,5,3,4,5], logL: -18.989931, Exp of LogL: 0.000000, Normalized LogL: -1.582494, Exp of Normalized LogL: 0.205462, Best Rate: 0.3

========= ADAPTIVE MC DEBUG =========
Total calls: 120
Avg tries: 405.00
Confidence stops: 120
Max stops: 0
Max stop rate: 0.000
Real Fault Rank 4
===== SEED 11 | FR=0.3 | VR=60 =====
executing with fault mode: [0,1,1,3,4,5]

executing with fault mode: [0,1,1,3,4,5]

Fault scores (higher is better):
Fault: [0,1,2,3,4,5], logL: -18.252234, Exp of LogL: 0.000000, Normalized LogL: -1.014013, Exp of Normalized LogL: 0.362760, Best Rate: 0.3
Fault: [0,1,1,3,4,5], logL: -18.327622, Exp of LogL: 0.000000, Normalized LogL: -1.018201, Exp of Normalized LogL: 0.361244, Best Rate: 0.3
Fault: [0,1,1,3,5,5], logL: -18.705295, Exp of LogL: 0.000000, Normalized LogL: -1.039183, Exp of Normalized LogL: 0.353744, Best Rate: 0.3
Fault: [0,1,1,3,1,5], logL: -18.705295, Exp of LogL: 0.000000, Normalized LogL: -1.039183, Exp of Normalized LogL: 0.353744, Best Rate: 0.3
Fault: [0,1,1,3,3,5], logL: -18.705295, Exp of LogL: 0.000000, Normalized LogL: -1.039183, Exp of Normalized LogL: 0.353744, Best Rate: 0.3
Fault: [0,1,1,3,2,5], logL: -18.705295, Exp of LogL: 0.000000, Normalized LogL: -1.039183, Exp of Normalized LogL: 0.353744, Best Rate: 0.3
Fault: [0,1,3,3,4,5], logL: -19.331371, Exp of LogL: 0.000000, Normalized LogL: -1.073965, Exp of Normalized LogL: 0.341651, Best Rate: 0.3
Fault: [0,1,0,3,4,5], logL: -19.348273, Exp of LogL: 0.000000, Normalized LogL: -1.074904, Exp of Normalized LogL: 0.341331, Best Rate: 0.3
Fault: [0,1,4,3,4,5], logL: -19.816879, Exp of LogL: 0.000000, Normalized LogL: -1.100938, Exp of Normalized LogL: 0.332559, Best Rate: 0.3
Fault: [0,1,5,3,4,5], logL: -19.816879, Exp of LogL: 0.000000, Normalized LogL: -1.100938, Exp of Normalized LogL: 0.332559, Best Rate: 0.3

========= ADAPTIVE MC DEBUG =========
Total calls: 180
Avg tries: 434.17
Confidence stops: 180
Max stops: 0
Max stop rate: 0.000
Real Fault Rank 2
===== SEED 11 | FR=0.3 | VR=80 =====
executing with fault mode: [0,1,1,3,4,5]

executing with fault mode: [0,1,1,3,4,5]

Fault scores (higher is better):
Fault: [0,1,1,3,4,5], logL: -22.196758, Exp of LogL: 0.000000, Normalized LogL: -0.924865, Exp of Normalized LogL: 0.396585, Best Rate: 0.3
Fault: [0,1,1,3,5,5], logL: -22.574432, Exp of LogL: 0.000000, Normalized LogL: -0.940601, Exp of Normalized LogL: 0.390393, Best Rate: 0.3
Fault: [0,1,1,3,1,5], logL: -22.574432, Exp of LogL: 0.000000, Normalized LogL: -0.940601, Exp of Normalized LogL: 0.390393, Best Rate: 0.3
Fault: [0,1,1,3,3,5], logL: -22.574432, Exp of LogL: 0.000000, Normalized LogL: -0.940601, Exp of Normalized LogL: 0.390393, Best Rate: 0.3
Fault: [0,1,1,3,2,5], logL: -22.574432, Exp of LogL: 0.000000, Normalized LogL: -0.940601, Exp of Normalized LogL: 0.390393, Best Rate: 0.3
Fault: [0,1,2,3,4,5], logL: -22.798148, Exp of LogL: 0.000000, Normalized LogL: -0.949923, Exp of Normalized LogL: 0.386771, Best Rate: 0.3
Fault: [0,1,3,3,4,5], logL: -23.675081, Exp of LogL: 0.000000, Normalized LogL: -0.986462, Exp of Normalized LogL: 0.372894, Best Rate: 0.3
Fault: [0,1,0,3,4,5], logL: -24.106375, Exp of LogL: 0.000000, Normalized LogL: -1.004432, Exp of Normalized LogL: 0.366252, Best Rate: 0.3
Fault: [0,1,4,3,4,5], logL: -24.369359, Exp of LogL: 0.000000, Normalized LogL: -1.015390, Exp of Normalized LogL: 0.362261, Best Rate: 0.3
Fault: [0,1,5,3,4,5], logL: -24.369359, Exp of LogL: 0.000000, Normalized LogL: -1.015390, Exp of Normalized LogL: 0.362261, Best Rate: 0.3

========= ADAPTIVE MC DEBUG =========
Total calls: 240
Avg tries: 461.25
Confidence stops: 240
Max stops: 0
Max stop rate: 0.000
Real Fault Rank 1
===== SEED 11 | FR=0.3 | VR=100 =====
executing with fault mode: [0,1,1,3,4,5]

executing with fault mode: [0,1,1,3,4,5]

Fault scores (higher is better):
Fault: [0,1,1,3,4,5], logL: -28.047150, Exp of LogL: 0.000000, Normalized LogL: -0.934905, Exp of Normalized LogL: 0.392623, Best Rate: 0.3
Fault: [0,1,1,3,5,5], logL: -28.424823, Exp of LogL: 0.000000, Normalized LogL: -0.947494, Exp of Normalized LogL: 0.387711, Best Rate: 0.3
Fault: [0,1,1,3,1,5], logL: -28.424823, Exp of LogL: 0.000000, Normalized LogL: -0.947494, Exp of Normalized LogL: 0.387711, Best Rate: 0.3
Fault: [0,1,1,3,3,5], logL: -28.424823, Exp of LogL: 0.000000, Normalized LogL: -0.947494, Exp of Normalized LogL: 0.387711, Best Rate: 0.3
Fault: [0,1,1,3,2,5], logL: -28.424823, Exp of LogL: 0.000000, Normalized LogL: -0.947494, Exp of Normalized LogL: 0.387711, Best Rate: 0.3
Fault: [0,1,2,3,4,5], logL: -28.870998, Exp of LogL: 0.000000, Normalized LogL: -0.962367, Exp of Normalized LogL: 0.381988, Best Rate: 0.3
Fault: [0,1,3,3,4,5], logL: -29.755170, Exp of LogL: 0.000000, Normalized LogL: -0.991839, Exp of Normalized LogL: 0.370894, Best Rate: 0.3
Fault: [0,1,0,3,4,5], logL: -30.200184, Exp of LogL: 0.000000, Normalized LogL: -1.006673, Exp of Normalized LogL: 0.365433, Best Rate: 0.3
Fault: [0,1,4,3,4,5], logL: -30.488668, Exp of LogL: 0.000000, Normalized LogL: -1.016289, Exp of Normalized LogL: 0.361936, Best Rate: 0.3
Fault: [0,1,5,3,4,5], logL: -30.488668, Exp of LogL: 0.000000, Normalized LogL: -1.016289, Exp of Normalized LogL: 0.361936, Best Rate: 0.3

========= ADAPTIVE MC DEBUG =========
Total calls: 300
Avg tries: 458.17
Confidence stops: 300
Max stops: 0
Max stop rate: 0.000
Real Fault Rank 1
================= 22/08/2026 04:37:52: SEED 11 END =================
================= 22/08/2026 04:37:52: SEED 12 (12/100), a*=3 fault=[0,1,2,5,4,5] START =================
===== SEED 12 | FR=0.3 | VR=20 =====
executing with fault mode: [0,1,2,5,4,5]

executing with fault mode: [0,1,2,5,4,5]

executing with fault mode: [0,1,2,5,4,5]

executing with fault mode: [0,1,2,5,4,5]

Fault scores (higher is better):
Fault: [0,1,2,4,4,5], logL: -4.415941, Exp of LogL: 0.012083, Normalized LogL: -1.103985, Exp of Normalized LogL: 0.331547, Best Rate: 0.3
Fault: [0,1,2,5,4,5], logL: -4.415941, Exp of LogL: 0.012083, Normalized LogL: -1.103985, Exp of Normalized LogL: 0.331547, Best Rate: 0.3
Fault: [0,1,2,5,3,5], logL: -4.451033, Exp of LogL: 0.011667, Normalized LogL: -1.112758, Exp of Normalized LogL: 0.328651, Best Rate: 0.3
Fault: [0,1,2,5,5,5], logL: -4.451033, Exp of LogL: 0.011667, Normalized LogL: -1.112758, Exp of Normalized LogL: 0.328651, Best Rate: 0.3
Fault: [0,1,2,5,2,5], logL: -4.451033, Exp of LogL: 0.011667, Normalized LogL: -1.112758, Exp of Normalized LogL: 0.328651, Best Rate: 0.3
Fault: [0,1,2,5,1,5], logL: -4.487400, Exp of LogL: 0.011250, Normalized LogL: -1.121850, Exp of Normalized LogL: 0.325677, Best Rate: 0.3
Fault: [0,1,2,0,4,5], logL: -30.653895, Exp of LogL: 0.000000, Normalized LogL: -7.663474, Exp of Normalized LogL: 0.000470, Best Rate: 0.3
Fault: [0,1,2,1,4,5], logL: -30.787427, Exp of LogL: 0.000000, Normalized LogL: -7.696857, Exp of Normalized LogL: 0.000454, Best Rate: 0.3
Fault: [0,1,2,3,4,5], logL: -30.823794, Exp of LogL: 0.000000, Normalized LogL: -7.705949, Exp of Normalized LogL: 0.000450, Best Rate: 0.3
Fault: [0,1,2,2,4,5], logL: -30.941577, Exp of LogL: 0.000000, Normalized LogL: -7.735394, Exp of Normalized LogL: 0.000437, Best Rate: 0.3

========= ADAPTIVE MC DEBUG =========
Total calls: 40
Avg tries: 440.00
Confidence stops: 40
Max stops: 0
Max stop rate: 0.000
Real Fault Rank 2
===== SEED 12 | FR=0.3 | VR=40 =====
executing with fault mode: [0,1,2,5,4,5]

executing with fault mode: [0,1,2,5,4,5]

executing with fault mode: [0,1,2,5,4,5]

executing with fault mode: [0,1,2,5,4,5]

Fault scores (higher is better):
Fault: [0,1,2,4,4,5], logL: -11.763613, Exp of LogL: 0.000008, Normalized LogL: -1.470452, Exp of Normalized LogL: 0.229822, Best Rate: 0.3
Fault: [0,1,2,5,4,5], logL: -11.763613, Exp of LogL: 0.000008, Normalized LogL: -1.470452, Exp of Normalized LogL: 0.229822, Best Rate: 0.3
Fault: [0,1,2,5,1,5], logL: -12.168405, Exp of LogL: 0.000005, Normalized LogL: -1.521051, Exp of Normalized LogL: 0.218482, Best Rate: 0.3
Fault: [0,1,2,5,3,5], logL: -12.168405, Exp of LogL: 0.000005, Normalized LogL: -1.521051, Exp of Normalized LogL: 0.218482, Best Rate: 0.3
Fault: [0,1,2,5,5,5], logL: -12.168405, Exp of LogL: 0.000005, Normalized LogL: -1.521051, Exp of Normalized LogL: 0.218482, Best Rate: 0.3
Fault: [0,1,2,5,2,5], logL: -12.168405, Exp of LogL: 0.000005, Normalized LogL: -1.521051, Exp of Normalized LogL: 0.218482, Best Rate: 0.3
Fault: [0,1,2,3,4,5], logL: -37.810825, Exp of LogL: 0.000000, Normalized LogL: -4.726353, Exp of Normalized LogL: 0.008859, Best Rate: 0.3
Fault: [0,1,2,1,4,5], logL: -37.993610, Exp of LogL: 0.000000, Normalized LogL: -4.749201, Exp of Normalized LogL: 0.008659, Best Rate: 0.3
Fault: [0,1,2,0,4,5], logL: -38.001272, Exp of LogL: 0.000000, Normalized LogL: -4.750159, Exp of Normalized LogL: 0.008650, Best Rate: 0.3
Fault: [0,1,2,2,4,5], logL: -38.100007, Exp of LogL: 0.000000, Normalized LogL: -4.762501, Exp of Normalized LogL: 0.008544, Best Rate: 0.3

========= ADAPTIVE MC DEBUG =========
Total calls: 80
Avg tries: 386.25
Confidence stops: 80
Max stops: 0
Max stop rate: 0.000
Real Fault Rank 2
===== SEED 12 | FR=0.3 | VR=60 =====
executing with fault mode: [0,1,2,5,4,5]

executing with fault mode: [0,1,2,5,4,5]

executing with fault mode: [0,1,2,5,4,5]

executing with fault mode: [0,1,2,5,4,5]

Fault scores (higher is better):
Fault: [0,1,2,4,4,5], logL: -12.879515, Exp of LogL: 0.000003, Normalized LogL: -1.073293, Exp of Normalized LogL: 0.341881, Best Rate: 0.3
Fault: [0,1,2,5,4,5], logL: -12.879515, Exp of LogL: 0.000003, Normalized LogL: -1.073293, Exp of Normalized LogL: 0.341881, Best Rate: 0.3
Fault: [0,1,2,5,1,5], logL: -13.284307, Exp of LogL: 0.000002, Normalized LogL: -1.107026, Exp of Normalized LogL: 0.330541, Best Rate: 0.3
Fault: [0,1,2,5,3,5], logL: -13.284307, Exp of LogL: 0.000002, Normalized LogL: -1.107026, Exp of Normalized LogL: 0.330541, Best Rate: 0.3
Fault: [0,1,2,5,5,5], logL: -13.284307, Exp of LogL: 0.000002, Normalized LogL: -1.107026, Exp of Normalized LogL: 0.330541, Best Rate: 0.3
Fault: [0,1,2,5,2,5], logL: -13.284307, Exp of LogL: 0.000002, Normalized LogL: -1.107026, Exp of Normalized LogL: 0.330541, Best Rate: 0.3
Fault: [0,1,2,3,4,5], logL: -38.781974, Exp of LogL: 0.000000, Normalized LogL: -3.231831, Exp of Normalized LogL: 0.039485, Best Rate: 0.3
Fault: [0,1,2,1,4,5], logL: -39.245737, Exp of LogL: 0.000000, Normalized LogL: -3.270478, Exp of Normalized LogL: 0.037988, Best Rate: 0.3
Fault: [0,1,2,0,4,5], logL: -39.247031, Exp of LogL: 0.000000, Normalized LogL: -3.270586, Exp of Normalized LogL: 0.037984, Best Rate: 0.3
Fault: [0,1,2,2,4,5], logL: -39.452891, Exp of LogL: 0.000000, Normalized LogL: -3.287741, Exp of Normalized LogL: 0.037338, Best Rate: 0.3

========= ADAPTIVE MC DEBUG =========
Total calls: 120
Avg tries: 451.25
Confidence stops: 120
Max stops: 0
Max stop rate: 0.000
Real Fault Rank 2
===== SEED 12 | FR=0.3 | VR=80 =====
executing with fault mode: [0,1,2,5,4,5]

executing with fault mode: [0,1,2,5,4,5]

executing with fault mode: [0,1,2,5,4,5]

executing with fault mode: [0,1,2,5,4,5]

Fault scores (higher is better):
Fault: [0,1,2,4,4,5], logL: -15.093131, Exp of LogL: 0.000000, Normalized LogL: -0.943321, Exp of Normalized LogL: 0.389333, Best Rate: 0.3
Fault: [0,1,2,5,4,5], logL: -15.093131, Exp of LogL: 0.000000, Normalized LogL: -0.943321, Exp of Normalized LogL: 0.389333, Best Rate: 0.3
Fault: [0,1,2,5,1,5], logL: -15.462878, Exp of LogL: 0.000000, Normalized LogL: -0.966430, Exp of Normalized LogL: 0.380439, Best Rate: 0.3
Fault: [0,1,2,5,3,5], logL: -15.462878, Exp of LogL: 0.000000, Normalized LogL: -0.966430, Exp of Normalized LogL: 0.380439, Best Rate: 0.3
Fault: [0,1,2,5,5,5], logL: -15.462878, Exp of LogL: 0.000000, Normalized LogL: -0.966430, Exp of Normalized LogL: 0.380439, Best Rate: 0.3
Fault: [0,1,2,5,2,5], logL: -15.462878, Exp of LogL: 0.000000, Normalized LogL: -0.966430, Exp of Normalized LogL: 0.380439, Best Rate: 0.3
Fault: [0,1,2,3,4,5], logL: -40.995589, Exp of LogL: 0.000000, Normalized LogL: -2.562224, Exp of Normalized LogL: 0.077133, Best Rate: 0.3
Fault: [0,1,2,1,4,5], logL: -41.459353, Exp of LogL: 0.000000, Normalized LogL: -2.591210, Exp of Normalized LogL: 0.074929, Best Rate: 0.3
Fault: [0,1,2,0,4,5], logL: -41.460646, Exp of LogL: 0.000000, Normalized LogL: -2.591290, Exp of Normalized LogL: 0.074923, Best Rate: 0.3
Fault: [0,1,2,2,4,5], logL: -41.666507, Exp of LogL: 0.000000, Normalized LogL: -2.604157, Exp of Normalized LogL: 0.073965, Best Rate: 0.3

========= ADAPTIVE MC DEBUG =========
Total calls: 160
Avg tries: 450.94
Confidence stops: 160
Max stops: 0
Max stop rate: 0.000
Real Fault Rank 2
===== SEED 12 | FR=0.3 | VR=100 =====
executing with fault mode: [0,1,2,5,4,5]

executing with fault mode: [0,1,2,5,4,5]

executing with fault mode: [0,1,2,5,4,5]

executing with fault mode: [0,1,2,5,4,5]

Fault scores (higher is better):
Fault: [0,1,2,4,4,5], logL: -14.656032, Exp of LogL: 0.000000, Normalized LogL: -0.732802, Exp of Normalized LogL: 0.480561, Best Rate: 0.3
Fault: [0,1,2,5,4,5], logL: -14.656032, Exp of LogL: 0.000000, Normalized LogL: -0.732802, Exp of Normalized LogL: 0.480561, Best Rate: 0.3
Fault: [0,1,2,5,1,5], logL: -15.025779, Exp of LogL: 0.000000, Normalized LogL: -0.751289, Exp of Normalized LogL: 0.471758, Best Rate: 0.3
Fault: [0,1,2,5,3,5], logL: -15.025779, Exp of LogL: 0.000000, Normalized LogL: -0.751289, Exp of Normalized LogL: 0.471758, Best Rate: 0.3
Fault: [0,1,2,5,5,5], logL: -15.025779, Exp of LogL: 0.000000, Normalized LogL: -0.751289, Exp of Normalized LogL: 0.471758, Best Rate: 0.3
Fault: [0,1,2,5,2,5], logL: -15.025779, Exp of LogL: 0.000000, Normalized LogL: -0.751289, Exp of Normalized LogL: 0.471758, Best Rate: 0.3
Fault: [0,1,2,3,4,5], logL: -40.463206, Exp of LogL: 0.000000, Normalized LogL: -2.023160, Exp of Normalized LogL: 0.132237, Best Rate: 0.3
Fault: [0,1,2,1,4,5], logL: -41.017238, Exp of LogL: 0.000000, Normalized LogL: -2.050862, Exp of Normalized LogL: 0.128624, Best Rate: 0.3
Fault: [0,1,2,0,4,5], logL: -41.020500, Exp of LogL: 0.000000, Normalized LogL: -2.051025, Exp of Normalized LogL: 0.128603, Best Rate: 0.3
Fault: [0,1,2,2,4,5], logL: -41.229408, Exp of LogL: 0.000000, Normalized LogL: -2.061470, Exp of Normalized LogL: 0.127267, Best Rate: 0.3

========= ADAPTIVE MC DEBUG =========
Total calls: 200
Avg tries: 484.50
Confidence stops: 200
Max stops: 0
Max stop rate: 0.000
Real Fault Rank 2
================= 22/08/2026 04:38:24: SEED 12 END =================
================= 22/08/2026 04:38:24: SEED 13 (13/100), a*=1 fault=[0,5,2,3,4,5] START =================
===== SEED 13 | FR=0.3 | VR=20 =====
executing with fault mode: [0,5,2,3,4,5]

Fault scores (higher is better):
Fault: [0,5,2,3,4,5], logL: -7.348856, Exp of LogL: 0.000643, Normalized LogL: -1.837214, Exp of Normalized LogL: 0.159261, Best Rate: 0.3
Fault: [3,5,2,3,4,5], logL: -8.042003, Exp of LogL: 0.000322, Normalized LogL: -2.010501, Exp of Normalized LogL: 0.133922, Best Rate: 0.3
Fault: [5,5,2,3,4,5], logL: -8.042003, Exp of LogL: 0.000322, Normalized LogL: -2.010501, Exp of Normalized LogL: 0.133922, Best Rate: 0.3
Fault: [4,5,2,3,4,5], logL: -8.042003, Exp of LogL: 0.000322, Normalized LogL: -2.010501, Exp of Normalized LogL: 0.133922, Best Rate: 0.3
Fault: [1,5,2,3,4,5], logL: -8.042003, Exp of LogL: 0.000322, Normalized LogL: -2.010501, Exp of Normalized LogL: 0.133922, Best Rate: 0.3
Fault: [0,3,2,3,4,5], logL: -31.537858, Exp of LogL: 0.000000, Normalized LogL: -7.884464, Exp of Normalized LogL: 0.000377, Best Rate: 0.3
Fault: [0,1,2,3,4,5], logL: -31.874330, Exp of LogL: 0.000000, Normalized LogL: -7.968582, Exp of Normalized LogL: 0.000346, Best Rate: 0.3
Fault: [0,4,2,3,4,5], logL: -32.385155, Exp of LogL: 0.000000, Normalized LogL: -8.096289, Exp of Normalized LogL: 0.000305, Best Rate: 0.3
Fault: [0,2,2,3,4,5], logL: -32.790621, Exp of LogL: 0.000000, Normalized LogL: -8.197655, Exp of Normalized LogL: 0.000275, Best Rate: 0.3
Fault: [0,0,2,3,4,5], logL: -33.483768, Exp of LogL: 0.000000, Normalized LogL: -8.370942, Exp of Normalized LogL: 0.000231, Best Rate: 0.3

========= ADAPTIVE MC DEBUG =========
Total calls: 40
Avg tries: 275.00
Confidence stops: 40
Max stops: 0
Max stop rate: 0.000
Real Fault Rank 1
===== SEED 13 | FR=0.3 | VR=40 =====
executing with fault mode: [0,5,2,3,4,5]

Fault scores (higher is better):
Fault: [0,5,2,3,4,5], logL: -33.057127, Exp of LogL: 0.000000, Normalized LogL: -4.722447, Exp of Normalized LogL: 0.008893, Best Rate: 0.3
Fault: [3,5,2,3,4,5], logL: -33.144607, Exp of LogL: 0.000000, Normalized LogL: -4.734944, Exp of Normalized LogL: 0.008783, Best Rate: 0.3
Fault: [5,5,2,3,4,5], logL: -33.144607, Exp of LogL: 0.000000, Normalized LogL: -4.734944, Exp of Normalized LogL: 0.008783, Best Rate: 0.3
Fault: [4,5,2,3,4,5], logL: -33.144607, Exp of LogL: 0.000000, Normalized LogL: -4.734944, Exp of Normalized LogL: 0.008783, Best Rate: 0.3
Fault: [1,5,2,3,4,5], logL: -33.144607, Exp of LogL: 0.000000, Normalized LogL: -4.734944, Exp of Normalized LogL: 0.008783, Best Rate: 0.3
Fault: [0,3,2,3,4,5], logL: -35.721796, Exp of LogL: 0.000000, Normalized LogL: -5.103114, Exp of Normalized LogL: 0.006078, Best Rate: 0.3
Fault: [0,1,2,3,4,5], logL: -58.021916, Exp of LogL: 0.000000, Normalized LogL: -8.288845, Exp of Normalized LogL: 0.000251, Best Rate: 0.3
Fault: [0,2,2,3,4,5], logL: -58.375367, Exp of LogL: 0.000000, Normalized LogL: -8.339338, Exp of Normalized LogL: 0.000239, Best Rate: 0.3
Fault: [0,4,2,3,4,5], logL: -58.458482, Exp of LogL: 0.000000, Normalized LogL: -8.351212, Exp of Normalized LogL: 0.000236, Best Rate: 0.3
Fault: [0,0,2,3,4,5], logL: -58.625086, Exp of LogL: 0.000000, Normalized LogL: -8.375012, Exp of Normalized LogL: 0.000231, Best Rate: 0.3

========= ADAPTIVE MC DEBUG =========
Total calls: 70
Avg tries: 387.14
Confidence stops: 70
Max stops: 0
Max stop rate: 0.000
Real Fault Rank 1
===== SEED 13 | FR=0.3 | VR=60 =====
executing with fault mode: [0,5,2,3,4,5]

Fault scores (higher is better):
Fault: [3,5,2,3,4,5], logL: -13.430465, Exp of LogL: 0.000001, Normalized LogL: -1.220951, Exp of Normalized LogL: 0.294949, Best Rate: 0.3
Fault: [0,5,2,3,4,5], logL: -13.430465, Exp of LogL: 0.000001, Normalized LogL: -1.220951, Exp of Normalized LogL: 0.294949, Best Rate: 0.3
Fault: [5,5,2,3,4,5], logL: -13.430465, Exp of LogL: 0.000001, Normalized LogL: -1.220951, Exp of Normalized LogL: 0.294949, Best Rate: 0.3
Fault: [4,5,2,3,4,5], logL: -13.430465, Exp of LogL: 0.000001, Normalized LogL: -1.220951, Exp of Normalized LogL: 0.294949, Best Rate: 0.3
Fault: [1,5,2,3,4,5], logL: -13.430465, Exp of LogL: 0.000001, Normalized LogL: -1.220951, Exp of Normalized LogL: 0.294949, Best Rate: 0.3
Fault: [0,1,2,3,4,5], logL: -92.433294, Exp of LogL: 0.000000, Normalized LogL: -8.403027, Exp of Normalized LogL: 0.000224, Best Rate: 0.3
Fault: [0,3,2,3,4,5], logL: -92.475453, Exp of LogL: 0.000000, Normalized LogL: -8.406859, Exp of Normalized LogL: 0.000223, Best Rate: 0.3
Fault: [0,2,2,3,4,5], logL: -92.711979, Exp of LogL: 0.000000, Normalized LogL: -8.428362, Exp of Normalized LogL: 0.000219, Best Rate: 0.3
Fault: [0,4,2,3,4,5], logL: -92.795094, Exp of LogL: 0.000000, Normalized LogL: -8.435918, Exp of Normalized LogL: 0.000217, Best Rate: 0.3
Fault: [0,0,2,3,4,5], logL: -93.508044, Exp of LogL: 0.000000, Normalized LogL: -8.500731, Exp of Normalized LogL: 0.000203, Best Rate: 0.3

========= ADAPTIVE MC DEBUG =========
Total calls: 110
Avg tries: 426.82
Confidence stops: 110
Max stops: 0
Max stop rate: 0.000
Real Fault Rank 2
===== SEED 13 | FR=0.3 | VR=80 =====
executing with fault mode: [0,5,2,3,4,5]

Fault scores (higher is better):
Fault: [3,5,2,3,4,5], logL: -12.709548, Exp of LogL: 0.000003, Normalized LogL: -0.907825, Exp of Normalized LogL: 0.403401, Best Rate: 0.3
Fault: [0,5,2,3,4,5], logL: -12.709548, Exp of LogL: 0.000003, Normalized LogL: -0.907825, Exp of Normalized LogL: 0.403401, Best Rate: 0.3
Fault: [5,5,2,3,4,5], logL: -12.709548, Exp of LogL: 0.000003, Normalized LogL: -0.907825, Exp of Normalized LogL: 0.403401, Best Rate: 0.3
Fault: [4,5,2,3,4,5], logL: -12.709548, Exp of LogL: 0.000003, Normalized LogL: -0.907825, Exp of Normalized LogL: 0.403401, Best Rate: 0.3
Fault: [1,5,2,3,4,5], logL: -12.709548, Exp of LogL: 0.000003, Normalized LogL: -0.907825, Exp of Normalized LogL: 0.403401, Best Rate: 0.3
Fault: [0,1,2,3,4,5], logL: -91.137060, Exp of LogL: 0.000000, Normalized LogL: -6.509790, Exp of Normalized LogL: 0.001489, Best Rate: 0.3
Fault: [0,2,2,3,4,5], logL: -91.914523, Exp of LogL: 0.000000, Normalized LogL: -6.565323, Exp of Normalized LogL: 0.001408, Best Rate: 0.3
Fault: [0,4,2,3,4,5], logL: -91.997637, Exp of LogL: 0.000000, Normalized LogL: -6.571260, Exp of Normalized LogL: 0.001400, Best Rate: 0.3
Fault: [0,3,2,3,4,5], logL: -92.188822, Exp of LogL: 0.000000, Normalized LogL: -6.584916, Exp of Normalized LogL: 0.001381, Best Rate: 0.3
Fault: [0,0,2,3,4,5], logL: -93.057989, Exp of LogL: 0.000000, Normalized LogL: -6.646999, Exp of Normalized LogL: 0.001298, Best Rate: 0.3

========= ADAPTIVE MC DEBUG =========
Total calls: 140
Avg tries: 421.07
Confidence stops: 140
Max stops: 0
Max stop rate: 0.000
Real Fault Rank 2
===== SEED 13 | FR=0.3 | VR=100 =====
executing with fault mode: [0,5,2,3,4,5]

Fault scores (higher is better):
Fault: [3,5,2,3,4,5], logL: -12.767701, Exp of LogL: 0.000003, Normalized LogL: -0.709317, Exp of Normalized LogL: 0.491980, Best Rate: 0.3
Fault: [0,5,2,3,4,5], logL: -12.767701, Exp of LogL: 0.000003, Normalized LogL: -0.709317, Exp of Normalized LogL: 0.491980, Best Rate: 0.3
Fault: [5,5,2,3,4,5], logL: -12.767701, Exp of LogL: 0.000003, Normalized LogL: -0.709317, Exp of Normalized LogL: 0.491980, Best Rate: 0.3
Fault: [4,5,2,3,4,5], logL: -12.767701, Exp of LogL: 0.000003, Normalized LogL: -0.709317, Exp of Normalized LogL: 0.491980, Best Rate: 0.3
Fault: [1,5,2,3,4,5], logL: -12.767701, Exp of LogL: 0.000003, Normalized LogL: -0.709317, Exp of Normalized LogL: 0.491980, Best Rate: 0.3
Fault: [0,1,2,3,4,5], logL: -91.290871, Exp of LogL: 0.000000, Normalized LogL: -5.071715, Exp of Normalized LogL: 0.006272, Best Rate: 0.3
Fault: [0,3,2,3,4,5], logL: -91.846702, Exp of LogL: 0.000000, Normalized LogL: -5.102595, Exp of Normalized LogL: 0.006081, Best Rate: 0.3
Fault: [0,2,2,3,4,5], logL: -91.995798, Exp of LogL: 0.000000, Normalized LogL: -5.110878, Exp of Normalized LogL: 0.006031, Best Rate: 0.3
Fault: [0,4,2,3,4,5], logL: -92.078913, Exp of LogL: 0.000000, Normalized LogL: -5.115495, Exp of Normalized LogL: 0.006003, Best Rate: 0.3
Fault: [0,0,2,3,4,5], logL: -92.512928, Exp of LogL: 0.000000, Normalized LogL: -5.139607, Exp of Normalized LogL: 0.005860, Best Rate: 0.3

========= ADAPTIVE MC DEBUG =========
Total calls: 180
Avg tries: 403.61
Confidence stops: 180
Max stops: 0
Max stop rate: 0.000
Real Fault Rank 2
================= 22/08/2026 04:38:49: SEED 13 END =================
================= 22/08/2026 04:38:49: SEED 14 (14/100), a*=3 fault=[0,1,2,1,4,5] START =================
===== SEED 14 | FR=0.3 | VR=20 =====
executing with fault mode: [0,1,2,1,4,5]

executing with fault mode: [0,1,2,1,4,5]

Fault scores (higher is better):
Fault: [0,1,2,3,4,5], logL: -4.974008, Exp of LogL: 0.006915, Normalized LogL: -1.243502, Exp of Normalized LogL: 0.288373, Best Rate: 0.3
Fault: [0,1,2,5,4,5], logL: -5.012475, Exp of LogL: 0.006654, Normalized LogL: -1.253119, Exp of Normalized LogL: 0.285613, Best Rate: 0.3
Fault: [0,1,2,4,4,5], logL: -5.012475, Exp of LogL: 0.006654, Normalized LogL: -1.253119, Exp of Normalized LogL: 0.285613, Best Rate: 0.3
Fault: [0,1,2,0,4,5], logL: -5.052480, Exp of LogL: 0.006393, Normalized LogL: -1.263120, Exp of Normalized LogL: 0.282770, Best Rate: 0.3
Fault: [0,1,2,1,4,5], logL: -5.206631, Exp of LogL: 0.005480, Normalized LogL: -1.301658, Exp of Normalized LogL: 0.272080, Best Rate: 0.3
Fault: [0,1,2,1,2,5], logL: -5.263789, Exp of LogL: 0.005176, Normalized LogL: -1.315947, Exp of Normalized LogL: 0.268220, Best Rate: 0.3
Fault: [0,1,2,1,0,5], logL: -5.263789, Exp of LogL: 0.005176, Normalized LogL: -1.315947, Exp of Normalized LogL: 0.268220, Best Rate: 0.3
Fault: [0,1,2,1,5,5], logL: -5.263789, Exp of LogL: 0.005176, Normalized LogL: -1.315947, Exp of Normalized LogL: 0.268220, Best Rate: 0.3
Fault: [0,1,2,1,1,5], logL: -5.275624, Exp of LogL: 0.005115, Normalized LogL: -1.318906, Exp of Normalized LogL: 0.267428, Best Rate: 0.3
Fault: [0,1,2,2,4,5], logL: -5.275624, Exp of LogL: 0.005115, Normalized LogL: -1.318906, Exp of Normalized LogL: 0.267428, Best Rate: 0.3

========= ADAPTIVE MC DEBUG =========
Total calls: 40
Avg tries: 451.25
Confidence stops: 40
Max stops: 0
Max stop rate: 0.000
Real Fault Rank 5
===== SEED 14 | FR=0.3 | VR=40 =====
executing with fault mode: [0,1,2,1,4,5]

executing with fault mode: [0,1,2,1,4,5]

Fault scores (higher is better):
Fault: [0,1,2,0,4,5], logL: -7.169354, Exp of LogL: 0.000770, Normalized LogL: -1.024193, Exp of Normalized LogL: 0.359086, Best Rate: 0.3
Fault: [0,1,2,3,4,5], logL: -7.632266, Exp of LogL: 0.000485, Normalized LogL: -1.090324, Exp of Normalized LogL: 0.336108, Best Rate: 0.3
Fault: [0,1,2,2,4,5], logL: -7.773511, Exp of LogL: 0.000421, Normalized LogL: -1.110502, Exp of Normalized LogL: 0.329394, Best Rate: 0.3
Fault: [0,1,2,1,4,5], logL: -8.118944, Exp of LogL: 0.000298, Normalized LogL: -1.159849, Exp of Normalized LogL: 0.313533, Best Rate: 0.3
Fault: [0,1,2,5,4,5], logL: -8.397665, Exp of LogL: 0.000225, Normalized LogL: -1.199666, Exp of Normalized LogL: 0.301295, Best Rate: 0.3
Fault: [0,1,2,4,4,5], logL: -8.397665, Exp of LogL: 0.000225, Normalized LogL: -1.199666, Exp of Normalized LogL: 0.301295, Best Rate: 0.3
Fault: [0,1,2,1,2,5], logL: -8.440264, Exp of LogL: 0.000216, Normalized LogL: -1.205752, Exp of Normalized LogL: 0.299467, Best Rate: 0.3
Fault: [0,1,2,1,1,5], logL: -8.440264, Exp of LogL: 0.000216, Normalized LogL: -1.205752, Exp of Normalized LogL: 0.299467, Best Rate: 0.3
Fault: [0,1,2,1,0,5], logL: -8.440264, Exp of LogL: 0.000216, Normalized LogL: -1.205752, Exp of Normalized LogL: 0.299467, Best Rate: 0.3
Fault: [0,1,2,1,5,5], logL: -8.440264, Exp of LogL: 0.000216, Normalized LogL: -1.205752, Exp of Normalized LogL: 0.299467, Best Rate: 0.3

========= ADAPTIVE MC DEBUG =========
Total calls: 70
Avg tries: 504.29
Confidence stops: 70
Max stops: 0
Max stop rate: 0.000
Real Fault Rank 4
===== SEED 14 | FR=0.3 | VR=60 =====
executing with fault mode: [0,1,2,1,4,5]

executing with fault mode: [0,1,2,1,4,5]

Fault scores (higher is better):
Fault: [0,1,2,0,4,5], logL: -8.677249, Exp of LogL: 0.000170, Normalized LogL: -0.867725, Exp of Normalized LogL: 0.419906, Best Rate: 0.3
Fault: [0,1,2,3,4,5], logL: -8.684739, Exp of LogL: 0.000169, Normalized LogL: -0.868474, Exp of Normalized LogL: 0.419591, Best Rate: 0.3
Fault: [0,1,2,1,4,5], logL: -9.600559, Exp of LogL: 0.000068, Normalized LogL: -0.960056, Exp of Normalized LogL: 0.382871, Best Rate: 0.3
Fault: [0,1,2,2,4,5], logL: -9.738679, Exp of LogL: 0.000059, Normalized LogL: -0.973868, Exp of Normalized LogL: 0.377620, Best Rate: 0.3
Fault: [0,1,2,1,2,5], logL: -9.918783, Exp of LogL: 0.000049, Normalized LogL: -0.991878, Exp of Normalized LogL: 0.370879, Best Rate: 0.3
Fault: [0,1,2,1,1,5], logL: -9.918783, Exp of LogL: 0.000049, Normalized LogL: -0.991878, Exp of Normalized LogL: 0.370879, Best Rate: 0.3
Fault: [0,1,2,1,0,5], logL: -9.918783, Exp of LogL: 0.000049, Normalized LogL: -0.991878, Exp of Normalized LogL: 0.370879, Best Rate: 0.3
Fault: [0,1,2,1,5,5], logL: -9.918783, Exp of LogL: 0.000049, Normalized LogL: -0.991878, Exp of Normalized LogL: 0.370879, Best Rate: 0.3
Fault: [0,1,2,5,4,5], logL: -10.026361, Exp of LogL: 0.000044, Normalized LogL: -1.002636, Exp of Normalized LogL: 0.366911, Best Rate: 0.3
Fault: [0,1,2,4,4,5], logL: -10.026361, Exp of LogL: 0.000044, Normalized LogL: -1.002636, Exp of Normalized LogL: 0.366911, Best Rate: 0.3

========= ADAPTIVE MC DEBUG =========
Total calls: 100
Avg tries: 502.00
Confidence stops: 100
Max stops: 0
Max stop rate: 0.000
Real Fault Rank 3
===== SEED 14 | FR=0.3 | VR=80 =====
executing with fault mode: [0,1,2,1,4,5]

executing with fault mode: [0,1,2,1,4,5]

Fault scores (higher is better):
Fault: [0,1,2,3,4,5], logL: -10.343940, Exp of LogL: 0.000032, Normalized LogL: -0.795688, Exp of Normalized LogL: 0.451271, Best Rate: 0.3
Fault: [0,1,2,0,4,5], logL: -10.591313, Exp of LogL: 0.000025, Normalized LogL: -0.814716, Exp of Normalized LogL: 0.442765, Best Rate: 0.3
Fault: [0,1,2,1,4,5], logL: -10.962567, Exp of LogL: 0.000017, Normalized LogL: -0.843274, Exp of Normalized LogL: 0.430299, Best Rate: 0.3
Fault: [0,1,2,1,2,5], logL: -11.311480, Exp of LogL: 0.000012, Normalized LogL: -0.870114, Exp of Normalized LogL: 0.418904, Best Rate: 0.3
Fault: [0,1,2,1,1,5], logL: -11.311480, Exp of LogL: 0.000012, Normalized LogL: -0.870114, Exp of Normalized LogL: 0.418904, Best Rate: 0.3
Fault: [0,1,2,1,0,5], logL: -11.311480, Exp of LogL: 0.000012, Normalized LogL: -0.870114, Exp of Normalized LogL: 0.418904, Best Rate: 0.3
Fault: [0,1,2,1,5,5], logL: -11.311480, Exp of LogL: 0.000012, Normalized LogL: -0.870114, Exp of Normalized LogL: 0.418904, Best Rate: 0.3
Fault: [0,1,2,2,4,5], logL: -11.746983, Exp of LogL: 0.000008, Normalized LogL: -0.903614, Exp of Normalized LogL: 0.405103, Best Rate: 0.3
Fault: [0,1,2,5,4,5], logL: -12.347040, Exp of LogL: 0.000004, Normalized LogL: -0.949772, Exp of Normalized LogL: 0.386829, Best Rate: 0.3
Fault: [0,1,2,4,4,5], logL: -12.347040, Exp of LogL: 0.000004, Normalized LogL: -0.949772, Exp of Normalized LogL: 0.386829, Best Rate: 0.3

========= ADAPTIVE MC DEBUG =========
Total calls: 130
Avg tries: 483.85
Confidence stops: 130
Max stops: 0
Max stop rate: 0.000
Real Fault Rank 3
===== SEED 14 | FR=0.3 | VR=100 =====
executing with fault mode: [0,1,2,1,4,5]

executing with fault mode: [0,1,2,1,4,5]

Fault scores (higher is better):
Fault: [0,1,2,0,4,5], logL: -13.053755, Exp of LogL: 0.000002, Normalized LogL: -0.767868, Exp of Normalized LogL: 0.464001, Best Rate: 0.3
Fault: [0,1,2,3,4,5], logL: -13.439811, Exp of LogL: 0.000001, Normalized LogL: -0.790577, Exp of Normalized LogL: 0.453583, Best Rate: 0.3
Fault: [0,1,2,1,4,5], logL: -14.293391, Exp of LogL: 0.000001, Normalized LogL: -0.840788, Exp of Normalized LogL: 0.431371, Best Rate: 0.3
Fault: [0,1,2,2,4,5], logL: -14.612100, Exp of LogL: 0.000000, Normalized LogL: -0.859535, Exp of Normalized LogL: 0.423359, Best Rate: 0.3
Fault: [0,1,2,1,2,5], logL: -14.642304, Exp of LogL: 0.000000, Normalized LogL: -0.861312, Exp of Normalized LogL: 0.422607, Best Rate: 0.3
Fault: [0,1,2,1,1,5], logL: -14.642304, Exp of LogL: 0.000000, Normalized LogL: -0.861312, Exp of Normalized LogL: 0.422607, Best Rate: 0.3
Fault: [0,1,2,1,0,5], logL: -14.642304, Exp of LogL: 0.000000, Normalized LogL: -0.861312, Exp of Normalized LogL: 0.422607, Best Rate: 0.3
Fault: [0,1,2,1,5,5], logL: -14.642304, Exp of LogL: 0.000000, Normalized LogL: -0.861312, Exp of Normalized LogL: 0.422607, Best Rate: 0.3
Fault: [0,1,2,5,4,5], logL: -15.605351, Exp of LogL: 0.000000, Normalized LogL: -0.917962, Exp of Normalized LogL: 0.399332, Best Rate: 0.3
Fault: [0,1,2,4,4,5], logL: -15.605351, Exp of LogL: 0.000000, Normalized LogL: -0.917962, Exp of Normalized LogL: 0.399332, Best Rate: 0.3

========= ADAPTIVE MC DEBUG =========
Total calls: 170
Avg tries: 477.94
Confidence stops: 170
Max stops: 0
Max stop rate: 0.000
Real Fault Rank 3
================= 22/08/2026 04:39:18: SEED 14 END =================
================= 22/08/2026 04:39:18: SEED 15 (15/100), a*=0 fault=[3,1,2,3,4,5] START =================
===== SEED 15 | FR=0.3 | VR=20 =====
executing with fault mode: [3,1,2,3,4,5]

executing with fault mode: [3,1,2,3,4,5]

Fault scores (higher is better):
Fault: [3,1,2,3,4,5], logL: -14.269518, Exp of LogL: 0.000001, Normalized LogL: -1.585502, Exp of Normalized LogL: 0.204845, Best Rate: 0.3
Fault: [3,1,2,3,5,5], logL: -14.283963, Exp of LogL: 0.000001, Normalized LogL: -1.587107, Exp of Normalized LogL: 0.204516, Best Rate: 0.3
Fault: [3,1,2,3,3,5], logL: -14.283963, Exp of LogL: 0.000001, Normalized LogL: -1.587107, Exp of Normalized LogL: 0.204516, Best Rate: 0.3
Fault: [3,1,2,3,2,5], logL: -14.565814, Exp of LogL: 0.000000, Normalized LogL: -1.618424, Exp of Normalized LogL: 0.198211, Best Rate: 0.3
Fault: [3,1,2,3,1,5], logL: -14.638135, Exp of LogL: 0.000000, Normalized LogL: -1.626459, Exp of Normalized LogL: 0.196625, Best Rate: 0.3
Fault: [4,1,2,3,4,5], logL: -15.098797, Exp of LogL: 0.000000, Normalized LogL: -1.677644, Exp of Normalized LogL: 0.186814, Best Rate: 0.3
Fault: [5,1,2,3,4,5], logL: -15.098797, Exp of LogL: 0.000000, Normalized LogL: -1.677644, Exp of Normalized LogL: 0.186814, Best Rate: 0.3
Fault: [1,1,2,3,4,5], logL: -15.451894, Exp of LogL: 0.000000, Normalized LogL: -1.716877, Exp of Normalized LogL: 0.179626, Best Rate: 0.3
Fault: [0,1,2,3,4,5], logL: -17.342784, Exp of LogL: 0.000000, Normalized LogL: -1.926976, Exp of Normalized LogL: 0.145588, Best Rate: 0.3
Fault: [2,1,2,3,4,5], logL: -18.472944, Exp of LogL: 0.000000, Normalized LogL: -2.052549, Exp of Normalized LogL: 0.128407, Best Rate: 0.3

========= ADAPTIVE MC DEBUG =========
Total calls: 90
Avg tries: 388.89
Confidence stops: 90
Max stops: 0
Max stop rate: 0.000
Real Fault Rank 1
===== SEED 15 | FR=0.3 | VR=40 =====
executing with fault mode: [3,1,2,3,4,5]

executing with fault mode: [3,1,2,3,4,5]

Fault scores (higher is better):
Fault: [3,1,2,3,4,5], logL: -46.957235, Exp of LogL: 0.000000, Normalized LogL: -2.762190, Exp of Normalized LogL: 0.063153, Best Rate: 0.3
Fault: [3,1,2,3,5,5], logL: -46.971680, Exp of LogL: 0.000000, Normalized LogL: -2.763040, Exp of Normalized LogL: 0.063100, Best Rate: 0.3
Fault: [3,1,2,3,3,5], logL: -46.971680, Exp of LogL: 0.000000, Normalized LogL: -2.763040, Exp of Normalized LogL: 0.063100, Best Rate: 0.3
Fault: [3,1,2,3,2,5], logL: -47.253531, Exp of LogL: 0.000000, Normalized LogL: -2.779619, Exp of Normalized LogL: 0.062062, Best Rate: 0.3
Fault: [3,1,2,3,1,5], logL: -47.325852, Exp of LogL: 0.000000, Normalized LogL: -2.783874, Exp of Normalized LogL: 0.061799, Best Rate: 0.3
Fault: [4,1,2,3,4,5], logL: -48.077061, Exp of LogL: 0.000000, Normalized LogL: -2.828062, Exp of Normalized LogL: 0.059127, Best Rate: 0.3
Fault: [5,1,2,3,4,5], logL: -48.077061, Exp of LogL: 0.000000, Normalized LogL: -2.828062, Exp of Normalized LogL: 0.059127, Best Rate: 0.3
Fault: [1,1,2,3,4,5], logL: -49.149515, Exp of LogL: 0.000000, Normalized LogL: -2.891148, Exp of Normalized LogL: 0.055512, Best Rate: 0.3
Fault: [0,1,2,3,4,5], logL: -49.631114, Exp of LogL: 0.000000, Normalized LogL: -2.919477, Exp of Normalized LogL: 0.053962, Best Rate: 0.3
Fault: [2,1,2,3,4,5], logL: -51.418344, Exp of LogL: 0.000000, Normalized LogL: -3.024608, Exp of Normalized LogL: 0.048577, Best Rate: 0.3

========= ADAPTIVE MC DEBUG =========
Total calls: 170
Avg tries: 418.82
Confidence stops: 170
Max stops: 0
Max stop rate: 0.000
Real Fault Rank 1
===== SEED 15 | FR=0.3 | VR=60 =====
executing with fault mode: [3,1,2,3,4,5]

executing with fault mode: [3,1,2,3,4,5]

Fault scores (higher is better):
Fault: [3,1,2,3,5,5], logL: -32.263199, Exp of LogL: 0.000000, Normalized LogL: -1.290528, Exp of Normalized LogL: 0.275125, Best Rate: 0.3
Fault: [3,1,2,3,3,5], logL: -32.263199, Exp of LogL: 0.000000, Normalized LogL: -1.290528, Exp of Normalized LogL: 0.275125, Best Rate: 0.3
Fault: [3,1,2,3,4,5], logL: -32.397585, Exp of LogL: 0.000000, Normalized LogL: -1.295903, Exp of Normalized LogL: 0.273651, Best Rate: 0.3
Fault: [3,1,2,3,2,5], logL: -32.680073, Exp of LogL: 0.000000, Normalized LogL: -1.307203, Exp of Normalized LogL: 0.270576, Best Rate: 0.3
Fault: [3,1,2,3,1,5], logL: -32.709632, Exp of LogL: 0.000000, Normalized LogL: -1.308385, Exp of Normalized LogL: 0.270256, Best Rate: 0.3
Fault: [4,1,2,3,4,5], logL: -33.820994, Exp of LogL: 0.000000, Normalized LogL: -1.352840, Exp of Normalized LogL: 0.258505, Best Rate: 0.3
Fault: [5,1,2,3,4,5], logL: -33.820994, Exp of LogL: 0.000000, Normalized LogL: -1.352840, Exp of Normalized LogL: 0.258505, Best Rate: 0.3
Fault: [1,1,2,3,4,5], logL: -35.706598, Exp of LogL: 0.000000, Normalized LogL: -1.428264, Exp of Normalized LogL: 0.239725, Best Rate: 0.3
Fault: [0,1,2,3,4,5], logL: -35.881476, Exp of LogL: 0.000000, Normalized LogL: -1.435259, Exp of Normalized LogL: 0.238054, Best Rate: 0.3
Fault: [2,1,2,3,4,5], logL: -38.336950, Exp of LogL: 0.000000, Normalized LogL: -1.533478, Exp of Normalized LogL: 0.215784, Best Rate: 0.3

========= ADAPTIVE MC DEBUG =========
Total calls: 250
Avg tries: 441.00
Confidence stops: 250
Max stops: 0
Max stop rate: 0.000
Real Fault Rank 3
===== SEED 15 | FR=0.3 | VR=80 =====
executing with fault mode: [3,1,2,3,4,5]

executing with fault mode: [3,1,2,3,4,5]

Fault scores (higher is better):
Fault: [3,1,2,3,4,5], logL: -37.840772, Exp of LogL: 0.000000, Normalized LogL: -1.146690, Exp of Normalized LogL: 0.317687, Best Rate: 0.3
Fault: [3,1,2,3,2,5], logL: -38.209389, Exp of LogL: 0.000000, Normalized LogL: -1.157860, Exp of Normalized LogL: 0.314158, Best Rate: 0.3
Fault: [3,1,2,3,1,5], logL: -38.209389, Exp of LogL: 0.000000, Normalized LogL: -1.157860, Exp of Normalized LogL: 0.314158, Best Rate: 0.3
Fault: [3,1,2,3,5,5], logL: -38.209389, Exp of LogL: 0.000000, Normalized LogL: -1.157860, Exp of Normalized LogL: 0.314158, Best Rate: 0.3
Fault: [3,1,2,3,3,5], logL: -38.209389, Exp of LogL: 0.000000, Normalized LogL: -1.157860, Exp of Normalized LogL: 0.314158, Best Rate: 0.3
Fault: [1,1,2,3,4,5], logL: -40.160267, Exp of LogL: 0.000000, Normalized LogL: -1.216978, Exp of Normalized LogL: 0.296124, Best Rate: 0.3
Fault: [4,1,2,3,4,5], logL: -40.814665, Exp of LogL: 0.000000, Normalized LogL: -1.236808, Exp of Normalized LogL: 0.290309, Best Rate: 0.3
Fault: [5,1,2,3,4,5], logL: -40.814665, Exp of LogL: 0.000000, Normalized LogL: -1.236808, Exp of Normalized LogL: 0.290309, Best Rate: 0.3
Fault: [0,1,2,3,4,5], logL: -42.439564, Exp of LogL: 0.000000, Normalized LogL: -1.286047, Exp of Normalized LogL: 0.276361, Best Rate: 0.3
Fault: [2,1,2,3,4,5], logL: -44.480253, Exp of LogL: 0.000000, Normalized LogL: -1.347886, Exp of Normalized LogL: 0.259789, Best Rate: 0.3

========= ADAPTIVE MC DEBUG =========
Total calls: 330
Avg tries: 445.91
Confidence stops: 330
Max stops: 0
Max stop rate: 0.000
Real Fault Rank 1
===== SEED 15 | FR=0.3 | VR=100 =====
executing with fault mode: [3,1,2,3,4,5]

executing with fault mode: [3,1,2,3,4,5]

Fault scores (higher is better):
Fault: [3,1,2,3,4,5], logL: -42.321945, Exp of LogL: 0.000000, Normalized LogL: -1.007665, Exp of Normalized LogL: 0.365070, Best Rate: 0.3
Fault: [3,1,2,3,2,5], logL: -42.661623, Exp of LogL: 0.000000, Normalized LogL: -1.015753, Exp of Normalized LogL: 0.362130, Best Rate: 0.3
Fault: [3,1,2,3,1,5], logL: -42.661623, Exp of LogL: 0.000000, Normalized LogL: -1.015753, Exp of Normalized LogL: 0.362130, Best Rate: 0.3
Fault: [3,1,2,3,5,5], logL: -42.661623, Exp of LogL: 0.000000, Normalized LogL: -1.015753, Exp of Normalized LogL: 0.362130, Best Rate: 0.3
Fault: [3,1,2,3,3,5], logL: -42.661623, Exp of LogL: 0.000000, Normalized LogL: -1.015753, Exp of Normalized LogL: 0.362130, Best Rate: 0.3
Fault: [4,1,2,3,4,5], logL: -44.466503, Exp of LogL: 0.000000, Normalized LogL: -1.058726, Exp of Normalized LogL: 0.346897, Best Rate: 0.3
Fault: [5,1,2,3,4,5], logL: -44.466503, Exp of LogL: 0.000000, Normalized LogL: -1.058726, Exp of Normalized LogL: 0.346897, Best Rate: 0.3
Fault: [1,1,2,3,4,5], logL: -45.604789, Exp of LogL: 0.000000, Normalized LogL: -1.085828, Exp of Normalized LogL: 0.337622, Best Rate: 0.3
Fault: [0,1,2,3,4,5], logL: -45.684698, Exp of LogL: 0.000000, Normalized LogL: -1.087731, Exp of Normalized LogL: 0.336980, Best Rate: 0.3
Fault: [2,1,2,3,4,5], logL: -47.870509, Exp of LogL: 0.000000, Normalized LogL: -1.139774, Exp of Normalized LogL: 0.319891, Best Rate: 0.3

========= ADAPTIVE MC DEBUG =========
Total calls: 420
Avg tries: 456.55
Confidence stops: 420
Max stops: 0
Max stop rate: 0.000
Real Fault Rank 1
================= 22/08/2026 04:40:20: SEED 15 END =================
================= 22/08/2026 04:40:20: SEED 17 (16/100), a*=1 fault=[0,2,2,3,4,5] START =================
===== SEED 17 | FR=0.3 | VR=20 =====
executing with fault mode: [0,2,2,3,4,5]

Fault scores (higher is better):
Fault: [0,1,2,3,4,5], logL: -3.540493, Exp of LogL: 0.028999, Normalized LogL: -1.180164, Exp of Normalized LogL: 0.307228, Best Rate: 0.3
Fault: [0,2,2,3,4,5], logL: -3.875080, Exp of LogL: 0.020753, Normalized LogL: -1.291693, Exp of Normalized LogL: 0.274805, Best Rate: 0.3
Fault: [0,3,2,3,4,5], logL: -3.909566, Exp of LogL: 0.020049, Normalized LogL: -1.303189, Exp of Normalized LogL: 0.271664, Best Rate: 0.3
Fault: [0,5,2,3,4,5], logL: -3.909566, Exp of LogL: 0.020049, Normalized LogL: -1.303189, Exp of Normalized LogL: 0.271664, Best Rate: 0.3
Fault: [0,4,2,3,4,5], logL: -3.945284, Exp of LogL: 0.019346, Normalized LogL: -1.315095, Exp of Normalized LogL: 0.268449, Best Rate: 0.3
Fault: [0,2,2,3,5,5], logL: -3.982326, Exp of LogL: 0.018642, Normalized LogL: -1.327442, Exp of Normalized LogL: 0.265155, Best Rate: 0.3
Fault: [0,2,2,3,3,5], logL: -3.982326, Exp of LogL: 0.018642, Normalized LogL: -1.327442, Exp of Normalized LogL: 0.265155, Best Rate: 0.3
Fault: [0,2,2,3,2,5], logL: -4.020792, Exp of LogL: 0.017939, Normalized LogL: -1.340264, Exp of Normalized LogL: 0.261777, Best Rate: 0.3
Fault: [0,2,2,3,1,5], logL: -4.037267, Exp of LogL: 0.017646, Normalized LogL: -1.345756, Exp of Normalized LogL: 0.260343, Best Rate: 0.3
Fault: [0,0,2,3,4,5], logL: -4.037267, Exp of LogL: 0.017646, Normalized LogL: -1.345756, Exp of Normalized LogL: 0.260343, Best Rate: 0.3

========= ADAPTIVE MC DEBUG =========
Total calls: 30
Avg tries: 433.33
Confidence stops: 30
Max stops: 0
Max stop rate: 0.000
Real Fault Rank 2
===== SEED 17 | FR=0.3 | VR=40 =====
executing with fault mode: [0,2,2,3,4,5]

Fault scores (higher is better):
Fault: [0,1,2,3,4,5], logL: -4.212524, Exp of LogL: 0.014809, Normalized LogL: -0.842505, Exp of Normalized LogL: 0.430630, Best Rate: 0.3
Fault: [0,2,2,3,4,5], logL: -4.501594, Exp of LogL: 0.011091, Normalized LogL: -0.900319, Exp of Normalized LogL: 0.406440, Best Rate: 0.3
Fault: [0,5,2,3,4,5], logL: -4.552888, Exp of LogL: 0.010537, Normalized LogL: -0.910578, Exp of Normalized LogL: 0.402292, Best Rate: 0.3
Fault: [0,3,2,3,4,5], logL: -4.606955, Exp of LogL: 0.009982, Normalized LogL: -0.921391, Exp of Normalized LogL: 0.397965, Best Rate: 0.3
Fault: [0,4,2,3,4,5], logL: -4.625647, Exp of LogL: 0.009797, Normalized LogL: -0.925129, Exp of Normalized LogL: 0.396480, Best Rate: 0.3
Fault: [0,2,2,3,2,5], logL: -4.680588, Exp of LogL: 0.009274, Normalized LogL: -0.936118, Exp of Normalized LogL: 0.392147, Best Rate: 0.3
Fault: [0,2,2,3,5,5], logL: -4.680588, Exp of LogL: 0.009274, Normalized LogL: -0.936118, Exp of Normalized LogL: 0.392147, Best Rate: 0.3
Fault: [0,2,2,3,3,5], logL: -4.680588, Exp of LogL: 0.009274, Normalized LogL: -0.936118, Exp of Normalized LogL: 0.392147, Best Rate: 0.3
Fault: [0,2,2,3,1,5], logL: -4.704119, Exp of LogL: 0.009058, Normalized LogL: -0.940824, Exp of Normalized LogL: 0.390306, Best Rate: 0.3
Fault: [0,0,2,3,4,5], logL: -4.804202, Exp of LogL: 0.008195, Normalized LogL: -0.960840, Exp of Normalized LogL: 0.382571, Best Rate: 0.3

========= ADAPTIVE MC DEBUG =========
Total calls: 50
Avg tries: 458.00
Confidence stops: 50
Max stops: 0
Max stop rate: 0.000
Real Fault Rank 2
===== SEED 17 | FR=0.3 | VR=60 =====
executing with fault mode: [0,2,2,3,4,5]

Fault scores (higher is better):
Fault: [0,2,2,3,4,5], logL: -4.834310, Exp of LogL: 0.007952, Normalized LogL: -0.604289, Exp of Normalized LogL: 0.546463, Best Rate: 0.3
Fault: [0,2,2,3,1,5], logL: -5.406096, Exp of LogL: 0.004489, Normalized LogL: -0.675762, Exp of Normalized LogL: 0.508769, Best Rate: 0.3
Fault: [0,2,2,3,2,5], logL: -5.406096, Exp of LogL: 0.004489, Normalized LogL: -0.675762, Exp of Normalized LogL: 0.508769, Best Rate: 0.3
Fault: [0,2,2,3,5,5], logL: -5.406096, Exp of LogL: 0.004489, Normalized LogL: -0.675762, Exp of Normalized LogL: 0.508769, Best Rate: 0.3
Fault: [0,2,2,3,3,5], logL: -5.406096, Exp of LogL: 0.004489, Normalized LogL: -0.675762, Exp of Normalized LogL: 0.508769, Best Rate: 0.3
Fault: [0,1,2,3,4,5], logL: -5.423206, Exp of LogL: 0.004413, Normalized LogL: -0.677901, Exp of Normalized LogL: 0.507682, Best Rate: 0.3
Fault: [0,0,2,3,4,5], logL: -6.253394, Exp of LogL: 0.001924, Normalized LogL: -0.781674, Exp of Normalized LogL: 0.457639, Best Rate: 0.3
Fault: [0,3,2,3,4,5], logL: -6.322387, Exp of LogL: 0.001796, Normalized LogL: -0.790298, Exp of Normalized LogL: 0.453709, Best Rate: 0.3
Fault: [0,4,2,3,4,5], logL: -6.371177, Exp of LogL: 0.001710, Normalized LogL: -0.796397, Exp of Normalized LogL: 0.450951, Best Rate: 0.3
Fault: [0,5,2,3,4,5], logL: -6.371177, Exp of LogL: 0.001710, Normalized LogL: -0.796397, Exp of Normalized LogL: 0.450951, Best Rate: 0.3

========= ADAPTIVE MC DEBUG =========
Total calls: 80
Avg tries: 493.12
Confidence stops: 80
Max stops: 0
Max stop rate: 0.000
Real Fault Rank 1
===== SEED 17 | FR=0.3 | VR=80 =====
executing with fault mode: [0,2,2,3,4,5]

Fault scores (higher is better):
Fault: [0,2,2,3,4,5], logL: -4.859428, Exp of LogL: 0.007755, Normalized LogL: -0.485943, Exp of Normalized LogL: 0.615117, Best Rate: 0.3
Fault: [0,1,2,3,4,5], logL: -5.052289, Exp of LogL: 0.006395, Normalized LogL: -0.505229, Exp of Normalized LogL: 0.603367, Best Rate: 0.3
Fault: [0,2,2,3,1,5], logL: -5.201753, Exp of LogL: 0.005507, Normalized LogL: -0.520175, Exp of Normalized LogL: 0.594416, Best Rate: 0.3
Fault: [0,2,2,3,2,5], logL: -5.201753, Exp of LogL: 0.005507, Normalized LogL: -0.520175, Exp of Normalized LogL: 0.594416, Best Rate: 0.3
Fault: [0,2,2,3,5,5], logL: -5.201753, Exp of LogL: 0.005507, Normalized LogL: -0.520175, Exp of Normalized LogL: 0.594416, Best Rate: 0.3
Fault: [0,2,2,3,3,5], logL: -5.201753, Exp of LogL: 0.005507, Normalized LogL: -0.520175, Exp of Normalized LogL: 0.594416, Best Rate: 0.3
Fault: [0,0,2,3,4,5], logL: -5.829761, Exp of LogL: 0.002939, Normalized LogL: -0.582976, Exp of Normalized LogL: 0.558235, Best Rate: 0.3
Fault: [0,3,2,3,4,5], logL: -6.396156, Exp of LogL: 0.001668, Normalized LogL: -0.639616, Exp of Normalized LogL: 0.527495, Best Rate: 0.3
Fault: [0,4,2,3,4,5], logL: -6.444946, Exp of LogL: 0.001589, Normalized LogL: -0.644495, Exp of Normalized LogL: 0.524928, Best Rate: 0.3
Fault: [0,5,2,3,4,5], logL: -6.444946, Exp of LogL: 0.001589, Normalized LogL: -0.644495, Exp of Normalized LogL: 0.524928, Best Rate: 0.3

========= ADAPTIVE MC DEBUG =========
Total calls: 100
Avg tries: 519.00
Confidence stops: 100
Max stops: 0
Max stop rate: 0.000
Real Fault Rank 1
===== SEED 17 | FR=0.3 | VR=100 =====
executing with fault mode: [0,2,2,3,4,5]

Fault scores (higher is better):
Fault: [0,2,2,3,4,5], logL: -5.471838, Exp of LogL: 0.004203, Normalized LogL: -0.420911, Exp of Normalized LogL: 0.656449, Best Rate: 0.3
Fault: [0,1,2,3,4,5], logL: -5.532388, Exp of LogL: 0.003957, Normalized LogL: -0.425568, Exp of Normalized LogL: 0.653398, Best Rate: 0.3
Fault: [0,2,2,3,1,5], logL: -5.825919, Exp of LogL: 0.002950, Normalized LogL: -0.448148, Exp of Normalized LogL: 0.638810, Best Rate: 0.3
Fault: [0,2,2,3,2,5], logL: -5.825919, Exp of LogL: 0.002950, Normalized LogL: -0.448148, Exp of Normalized LogL: 0.638810, Best Rate: 0.3
Fault: [0,2,2,3,5,5], logL: -5.825919, Exp of LogL: 0.002950, Normalized LogL: -0.448148, Exp of Normalized LogL: 0.638810, Best Rate: 0.3
Fault: [0,2,2,3,3,5], logL: -5.825919, Exp of LogL: 0.002950, Normalized LogL: -0.448148, Exp of Normalized LogL: 0.638810, Best Rate: 0.3
Fault: [0,3,2,3,4,5], logL: -6.240516, Exp of LogL: 0.001949, Normalized LogL: -0.480040, Exp of Normalized LogL: 0.618759, Best Rate: 0.3
Fault: [0,0,2,3,4,5], logL: -6.369349, Exp of LogL: 0.001713, Normalized LogL: -0.489950, Exp of Normalized LogL: 0.612657, Best Rate: 0.3
Fault: [0,4,2,3,4,5], logL: -6.369349, Exp of LogL: 0.001713, Normalized LogL: -0.489950, Exp of Normalized LogL: 0.612657, Best Rate: 0.3
Fault: [0,5,2,3,4,5], logL: -6.369349, Exp of LogL: 0.001713, Normalized LogL: -0.489950, Exp of Normalized LogL: 0.612657, Best Rate: 0.3

========= ADAPTIVE MC DEBUG =========
Total calls: 130
Avg tries: 510.77
Confidence stops: 130
Max stops: 0
Max stop rate: 0.000
Real Fault Rank 1
================= 22/08/2026 04:40:43: SEED 17 END =================
================= 22/08/2026 04:40:43: SEED 18 (17/100), a*=2 fault=[0,1,4,3,4,5] START =================
===== SEED 18 | FR=0.3 | VR=20 =====
executing with fault mode: [0,1,4,3,4,5]

Fault scores (higher is better):
Fault: [0,1,1,3,4,5], logL: -12.153687, Exp of LogL: 0.000005, Normalized LogL: -1.736241, Exp of Normalized LogL: 0.176181, Best Rate: 0.3
Fault: [0,1,4,3,5,5], logL: -12.494160, Exp of LogL: 0.000004, Normalized LogL: -1.784880, Exp of Normalized LogL: 0.167817, Best Rate: 0.3
Fault: [0,1,4,3,0,5], logL: -12.494160, Exp of LogL: 0.000004, Normalized LogL: -1.784880, Exp of Normalized LogL: 0.167817, Best Rate: 0.3
Fault: [0,1,4,3,2,5], logL: -12.494160, Exp of LogL: 0.000004, Normalized LogL: -1.784880, Exp of Normalized LogL: 0.167817, Best Rate: 0.3
Fault: [0,1,4,3,3,5], logL: -12.494160, Exp of LogL: 0.000004, Normalized LogL: -1.784880, Exp of Normalized LogL: 0.167817, Best Rate: 0.3
Fault: [0,1,2,3,4,5], logL: -12.692863, Exp of LogL: 0.000003, Normalized LogL: -1.813266, Exp of Normalized LogL: 0.163120, Best Rate: 0.3
Fault: [0,1,3,3,4,5], logL: -13.063509, Exp of LogL: 0.000002, Normalized LogL: -1.866216, Exp of Normalized LogL: 0.154708, Best Rate: 0.3
Fault: [0,1,5,3,4,5], logL: -13.286652, Exp of LogL: 0.000002, Normalized LogL: -1.898093, Exp of Normalized LogL: 0.149854, Best Rate: 0.3
Fault: [0,1,4,3,4,5], logL: -13.286652, Exp of LogL: 0.000002, Normalized LogL: -1.898093, Exp of Normalized LogL: 0.149854, Best Rate: 0.3
Fault: [0,1,0,3,4,5], logL: -14.008810, Exp of LogL: 0.000001, Normalized LogL: -2.001259, Exp of Normalized LogL: 0.135165, Best Rate: 0.3

========= ADAPTIVE MC DEBUG =========
Total calls: 70
Avg tries: 367.86
Confidence stops: 70
Max stops: 0
Max stop rate: 0.000
Real Fault Rank 9
===== SEED 18 | FR=0.3 | VR=40 =====
executing with fault mode: [0,1,4,3,4,5]

Fault scores (higher is better):
Fault: [0,1,1,3,4,5], logL: -14.377924, Exp of LogL: 0.000001, Normalized LogL: -1.105994, Exp of Normalized LogL: 0.330882, Best Rate: 0.3
Fault: [0,1,2,3,4,5], logL: -14.935449, Exp of LogL: 0.000000, Normalized LogL: -1.148881, Exp of Normalized LogL: 0.316991, Best Rate: 0.3
Fault: [0,1,4,3,5,5], logL: -15.110662, Exp of LogL: 0.000000, Normalized LogL: -1.162359, Exp of Normalized LogL: 0.312748, Best Rate: 0.3
Fault: [0,1,4,3,0,5], logL: -15.110662, Exp of LogL: 0.000000, Normalized LogL: -1.162359, Exp of Normalized LogL: 0.312748, Best Rate: 0.3
Fault: [0,1,4,3,2,5], logL: -15.110662, Exp of LogL: 0.000000, Normalized LogL: -1.162359, Exp of Normalized LogL: 0.312748, Best Rate: 0.3
Fault: [0,1,4,3,3,5], logL: -15.110662, Exp of LogL: 0.000000, Normalized LogL: -1.162359, Exp of Normalized LogL: 0.312748, Best Rate: 0.3
Fault: [0,1,3,3,4,5], logL: -15.306094, Exp of LogL: 0.000000, Normalized LogL: -1.177392, Exp of Normalized LogL: 0.308081, Best Rate: 0.3
Fault: [0,1,5,3,4,5], logL: -15.423877, Exp of LogL: 0.000000, Normalized LogL: -1.186452, Exp of Normalized LogL: 0.305303, Best Rate: 0.3
Fault: [0,1,4,3,4,5], logL: -15.423877, Exp of LogL: 0.000000, Normalized LogL: -1.186452, Exp of Normalized LogL: 0.305303, Best Rate: 0.3
Fault: [0,1,0,3,4,5], logL: -16.433717, Exp of LogL: 0.000000, Normalized LogL: -1.264132, Exp of Normalized LogL: 0.282484, Best Rate: 0.3

========= ADAPTIVE MC DEBUG =========
Total calls: 130
Avg tries: 452.69
Confidence stops: 130
Max stops: 0
Max stop rate: 0.000
Real Fault Rank 9
===== SEED 18 | FR=0.3 | VR=60 =====
executing with fault mode: [0,1,4,3,4,5]

Fault scores (higher is better):
Fault: [0,1,5,3,4,5], logL: -19.936321, Exp of LogL: 0.000000, Normalized LogL: -1.049280, Exp of Normalized LogL: 0.350190, Best Rate: 0.3
Fault: [0,1,4,3,4,5], logL: -19.936321, Exp of LogL: 0.000000, Normalized LogL: -1.049280, Exp of Normalized LogL: 0.350190, Best Rate: 0.3
Fault: [0,1,2,3,4,5], logL: -20.108945, Exp of LogL: 0.000000, Normalized LogL: -1.058366, Exp of Normalized LogL: 0.347023, Best Rate: 0.3
Fault: [0,1,4,3,5,5], logL: -20.306068, Exp of LogL: 0.000000, Normalized LogL: -1.068740, Exp of Normalized LogL: 0.343441, Best Rate: 0.3
Fault: [0,1,4,3,0,5], logL: -20.306068, Exp of LogL: 0.000000, Normalized LogL: -1.068740, Exp of Normalized LogL: 0.343441, Best Rate: 0.3
Fault: [0,1,4,3,2,5], logL: -20.306068, Exp of LogL: 0.000000, Normalized LogL: -1.068740, Exp of Normalized LogL: 0.343441, Best Rate: 0.3
Fault: [0,1,4,3,3,5], logL: -20.306068, Exp of LogL: 0.000000, Normalized LogL: -1.068740, Exp of Normalized LogL: 0.343441, Best Rate: 0.3
Fault: [0,1,1,3,4,5], logL: -43.113271, Exp of LogL: 0.000000, Normalized LogL: -2.269120, Exp of Normalized LogL: 0.103403, Best Rate: 0.3
Fault: [0,1,3,3,4,5], logL: -43.944739, Exp of LogL: 0.000000, Normalized LogL: -2.312881, Exp of Normalized LogL: 0.098976, Best Rate: 0.3
Fault: [0,1,0,3,4,5], logL: -44.983357, Exp of LogL: 0.000000, Normalized LogL: -2.367545, Exp of Normalized LogL: 0.093710, Best Rate: 0.3

========= ADAPTIVE MC DEBUG =========
Total calls: 190
Avg tries: 462.37
Confidence stops: 190
Max stops: 0
Max stop rate: 0.000
Real Fault Rank 2
===== SEED 18 | FR=0.3 | VR=80 =====
executing with fault mode: [0,1,4,3,4,5]

Fault scores (higher is better):
Fault: [0,1,5,3,4,5], logL: -26.306524, Exp of LogL: 0.000000, Normalized LogL: -1.052261, Exp of Normalized LogL: 0.349147, Best Rate: 0.3
Fault: [0,1,4,3,4,5], logL: -26.306524, Exp of LogL: 0.000000, Normalized LogL: -1.052261, Exp of Normalized LogL: 0.349147, Best Rate: 0.3
Fault: [0,1,4,3,5,5], logL: -26.676271, Exp of LogL: 0.000000, Normalized LogL: -1.067051, Exp of Normalized LogL: 0.344022, Best Rate: 0.3
Fault: [0,1,4,3,0,5], logL: -26.676271, Exp of LogL: 0.000000, Normalized LogL: -1.067051, Exp of Normalized LogL: 0.344022, Best Rate: 0.3
Fault: [0,1,4,3,2,5], logL: -26.676271, Exp of LogL: 0.000000, Normalized LogL: -1.067051, Exp of Normalized LogL: 0.344022, Best Rate: 0.3
Fault: [0,1,4,3,3,5], logL: -26.676271, Exp of LogL: 0.000000, Normalized LogL: -1.067051, Exp of Normalized LogL: 0.344022, Best Rate: 0.3
Fault: [0,1,3,3,4,5], logL: -50.695412, Exp of LogL: 0.000000, Normalized LogL: -2.027816, Exp of Normalized LogL: 0.131623, Best Rate: 0.3
Fault: [0,1,1,3,4,5], logL: -52.203907, Exp of LogL: 0.000000, Normalized LogL: -2.088156, Exp of Normalized LogL: 0.123915, Best Rate: 0.3
Fault: [0,1,0,3,4,5], logL: -55.142061, Exp of LogL: 0.000000, Normalized LogL: -2.205682, Exp of Normalized LogL: 0.110175, Best Rate: 0.3
Fault: [0,1,2,3,4,5], logL: -76.565172, Exp of LogL: 0.000000, Normalized LogL: -3.062607, Exp of Normalized LogL: 0.046766, Best Rate: 0.3

========= ADAPTIVE MC DEBUG =========
Total calls: 250
Avg tries: 450.80
Confidence stops: 250
Max stops: 0
Max stop rate: 0.000
Real Fault Rank 2
===== SEED 18 | FR=0.3 | VR=100 =====
executing with fault mode: [0,1,4,3,4,5]

Fault scores (higher is better):
Fault: [0,1,5,3,4,5], logL: -28.220331, Exp of LogL: 0.000000, Normalized LogL: -0.910333, Exp of Normalized LogL: 0.402390, Best Rate: 0.3
Fault: [0,1,4,3,4,5], logL: -28.220331, Exp of LogL: 0.000000, Normalized LogL: -0.910333, Exp of Normalized LogL: 0.402390, Best Rate: 0.3
Fault: [0,1,4,3,5,5], logL: -28.590078, Exp of LogL: 0.000000, Normalized LogL: -0.922261, Exp of Normalized LogL: 0.397619, Best Rate: 0.3
Fault: [0,1,4,3,0,5], logL: -28.590078, Exp of LogL: 0.000000, Normalized LogL: -0.922261, Exp of Normalized LogL: 0.397619, Best Rate: 0.3
Fault: [0,1,4,3,2,5], logL: -28.590078, Exp of LogL: 0.000000, Normalized LogL: -0.922261, Exp of Normalized LogL: 0.397619, Best Rate: 0.3
Fault: [0,1,4,3,3,5], logL: -28.590078, Exp of LogL: 0.000000, Normalized LogL: -0.922261, Exp of Normalized LogL: 0.397619, Best Rate: 0.3
Fault: [0,1,3,3,4,5], logL: -54.360394, Exp of LogL: 0.000000, Normalized LogL: -1.753561, Exp of Normalized LogL: 0.173156, Best Rate: 0.3
Fault: [0,1,1,3,4,5], logL: -56.353224, Exp of LogL: 0.000000, Normalized LogL: -1.817846, Exp of Normalized LogL: 0.162375, Best Rate: 0.3
Fault: [0,1,0,3,4,5], logL: -59.151722, Exp of LogL: 0.000000, Normalized LogL: -1.908120, Exp of Normalized LogL: 0.148359, Best Rate: 0.3
Fault: [0,1,2,3,4,5], logL: -105.696063, Exp of LogL: 0.000000, Normalized LogL: -3.409550, Exp of Normalized LogL: 0.033056, Best Rate: 0.3

========= ADAPTIVE MC DEBUG =========
Total calls: 310
Avg tries: 473.71
Confidence stops: 310
Max stops: 0
Max stop rate: 0.000
Real Fault Rank 2
================= 22/08/2026 04:41:32: SEED 18 END =================
================= 22/08/2026 04:41:32: SEED 19 (18/100), a*=0 fault=[5,1,2,3,4,5] START =================
===== SEED 19 | FR=0.3 | VR=20 =====
executing with fault mode: [5,1,2,3,4,5]

executing with fault mode: [5,1,2,3,4,5]

Fault scores (higher is better):
Fault: [0,1,2,3,4,5], logL: -8.188544, Exp of LogL: 0.000278, Normalized LogL: -2.047136, Exp of Normalized LogL: 0.129104, Best Rate: 0.3
Fault: [3,1,2,3,4,5], logL: -8.216268, Exp of LogL: 0.000270, Normalized LogL: -2.054067, Exp of Normalized LogL: 0.128212, Best Rate: 0.3
Fault: [5,1,2,4,4,5], logL: -8.251602, Exp of LogL: 0.000261, Normalized LogL: -2.062900, Exp of Normalized LogL: 0.127085, Best Rate: 0.3
Fault: [4,1,2,3,4,5], logL: -8.285261, Exp of LogL: 0.000252, Normalized LogL: -2.071315, Exp of Normalized LogL: 0.126020, Best Rate: 0.3
Fault: [5,1,2,3,4,5], logL: -8.285261, Exp of LogL: 0.000252, Normalized LogL: -2.071315, Exp of Normalized LogL: 0.126020, Best Rate: 0.3
Fault: [5,1,2,1,4,5], logL: -8.567141, Exp of LogL: 0.000190, Normalized LogL: -2.141785, Exp of Normalized LogL: 0.117445, Best Rate: 0.3
Fault: [5,1,2,0,4,5], logL: -8.567141, Exp of LogL: 0.000190, Normalized LogL: -2.141785, Exp of Normalized LogL: 0.117445, Best Rate: 0.3
Fault: [5,1,2,2,4,5], logL: -8.619327, Exp of LogL: 0.000181, Normalized LogL: -2.154832, Exp of Normalized LogL: 0.115923, Best Rate: 0.3
Fault: [1,1,2,3,4,5], logL: -9.446005, Exp of LogL: 0.000079, Normalized LogL: -2.361501, Exp of Normalized LogL: 0.094279, Best Rate: 0.3
Fault: [2,1,2,3,4,5], logL: -9.526048, Exp of LogL: 0.000073, Normalized LogL: -2.381512, Exp of Normalized LogL: 0.092411, Best Rate: 0.3

========= ADAPTIVE MC DEBUG =========
Total calls: 40
Avg tries: 327.50
Confidence stops: 40
Max stops: 0
Max stop rate: 0.000
Real Fault Rank 5
===== SEED 19 | FR=0.3 | VR=40 =====
executing with fault mode: [5,1,2,3,4,5]

executing with fault mode: [5,1,2,3,4,5]

Fault scores (higher is better):
Fault: [3,1,2,3,4,5], logL: -9.799864, Exp of LogL: 0.000055, Normalized LogL: -1.224983, Exp of Normalized LogL: 0.293763, Best Rate: 0.3
Fault: [4,1,2,3,4,5], logL: -9.868857, Exp of LogL: 0.000052, Normalized LogL: -1.233607, Exp of Normalized LogL: 0.291240, Best Rate: 0.3
Fault: [5,1,2,3,4,5], logL: -9.868857, Exp of LogL: 0.000052, Normalized LogL: -1.233607, Exp of Normalized LogL: 0.291240, Best Rate: 0.3
Fault: [5,1,2,0,4,5], logL: -10.128416, Exp of LogL: 0.000040, Normalized LogL: -1.266052, Exp of Normalized LogL: 0.281943, Best Rate: 0.3
Fault: [5,1,2,1,4,5], logL: -10.149323, Exp of LogL: 0.000039, Normalized LogL: -1.268665, Exp of Normalized LogL: 0.281207, Best Rate: 0.3
Fault: [5,1,2,4,4,5], logL: -10.237616, Exp of LogL: 0.000036, Normalized LogL: -1.279702, Exp of Normalized LogL: 0.278120, Best Rate: 0.3
Fault: [5,1,2,2,4,5], logL: -10.237616, Exp of LogL: 0.000036, Normalized LogL: -1.279702, Exp of Normalized LogL: 0.278120, Best Rate: 0.3
Fault: [0,1,2,3,4,5], logL: -10.641748, Exp of LogL: 0.000024, Normalized LogL: -1.330219, Exp of Normalized LogL: 0.264419, Best Rate: 0.3
Fault: [1,1,2,3,4,5], logL: -11.573605, Exp of LogL: 0.000009, Normalized LogL: -1.446701, Exp of Normalized LogL: 0.235345, Best Rate: 0.3
Fault: [2,1,2,3,4,5], logL: -11.836227, Exp of LogL: 0.000007, Normalized LogL: -1.479528, Exp of Normalized LogL: 0.227745, Best Rate: 0.3

========= ADAPTIVE MC DEBUG =========
Total calls: 80
Avg tries: 458.75
Confidence stops: 80
Max stops: 0
Max stop rate: 0.000
Real Fault Rank 3
===== SEED 19 | FR=0.3 | VR=60 =====
executing with fault mode: [5,1,2,3,4,5]

executing with fault mode: [5,1,2,3,4,5]

Fault scores (higher is better):
Fault: [4,1,2,3,4,5], logL: -9.558570, Exp of LogL: 0.000071, Normalized LogL: -0.868961, Exp of Normalized LogL: 0.419387, Best Rate: 0.3
Fault: [5,1,2,3,4,5], logL: -9.558570, Exp of LogL: 0.000071, Normalized LogL: -0.868961, Exp of Normalized LogL: 0.419387, Best Rate: 0.3
Fault: [5,1,2,0,4,5], logL: -9.744021, Exp of LogL: 0.000059, Normalized LogL: -0.885820, Exp of Normalized LogL: 0.412376, Best Rate: 0.3
Fault: [5,1,2,1,4,5], logL: -9.764928, Exp of LogL: 0.000057, Normalized LogL: -0.887721, Exp of Normalized LogL: 0.411593, Best Rate: 0.3
Fault: [3,1,2,3,4,5], logL: -9.785192, Exp of LogL: 0.000056, Normalized LogL: -0.889563, Exp of Normalized LogL: 0.410835, Best Rate: 0.3
Fault: [5,1,2,4,4,5], logL: -9.853220, Exp of LogL: 0.000053, Normalized LogL: -0.895747, Exp of Normalized LogL: 0.408302, Best Rate: 0.3
Fault: [5,1,2,2,4,5], logL: -9.853220, Exp of LogL: 0.000053, Normalized LogL: -0.895747, Exp of Normalized LogL: 0.408302, Best Rate: 0.3
Fault: [0,1,2,3,4,5], logL: -10.822215, Exp of LogL: 0.000020, Normalized LogL: -0.983838, Exp of Normalized LogL: 0.373874, Best Rate: 0.3
Fault: [1,1,2,3,4,5], logL: -11.737776, Exp of LogL: 0.000008, Normalized LogL: -1.067071, Exp of Normalized LogL: 0.344015, Best Rate: 0.3
Fault: [2,1,2,3,4,5], logL: -12.386171, Exp of LogL: 0.000004, Normalized LogL: -1.126016, Exp of Normalized LogL: 0.324323, Best Rate: 0.3

========= ADAPTIVE MC DEBUG =========
Total calls: 110
Avg tries: 475.45
Confidence stops: 110
Max stops: 0
Max stop rate: 0.000
Real Fault Rank 2
===== SEED 19 | FR=0.3 | VR=80 =====
executing with fault mode: [5,1,2,3,4,5]

executing with fault mode: [5,1,2,3,4,5]

Fault scores (higher is better):
Fault: [4,1,2,3,4,5], logL: -11.346842, Exp of LogL: 0.000012, Normalized LogL: -0.756456, Exp of Normalized LogL: 0.469327, Best Rate: 0.3
Fault: [5,1,2,3,4,5], logL: -11.346842, Exp of LogL: 0.000012, Normalized LogL: -0.756456, Exp of Normalized LogL: 0.469327, Best Rate: 0.3
Fault: [5,1,2,0,4,5], logL: -11.554957, Exp of LogL: 0.000010, Normalized LogL: -0.770330, Exp of Normalized LogL: 0.462860, Best Rate: 0.3
Fault: [5,1,2,1,4,5], logL: -11.576138, Exp of LogL: 0.000009, Normalized LogL: -0.771743, Exp of Normalized LogL: 0.462207, Best Rate: 0.3
Fault: [5,1,2,4,4,5], logL: -11.656181, Exp of LogL: 0.000009, Normalized LogL: -0.777079, Exp of Normalized LogL: 0.459747, Best Rate: 0.3
Fault: [5,1,2,2,4,5], logL: -11.656181, Exp of LogL: 0.000009, Normalized LogL: -0.777079, Exp of Normalized LogL: 0.459747, Best Rate: 0.3
Fault: [3,1,2,3,4,5], logL: -12.106129, Exp of LogL: 0.000006, Normalized LogL: -0.807075, Exp of Normalized LogL: 0.446161, Best Rate: 0.3
Fault: [0,1,2,3,4,5], logL: -13.275463, Exp of LogL: 0.000002, Normalized LogL: -0.885031, Exp of Normalized LogL: 0.412701, Best Rate: 0.3
Fault: [1,1,2,3,4,5], logL: -14.766388, Exp of LogL: 0.000000, Normalized LogL: -0.984426, Exp of Normalized LogL: 0.373654, Best Rate: 0.3
Fault: [2,1,2,3,4,5], logL: -14.944780, Exp of LogL: 0.000000, Normalized LogL: -0.996319, Exp of Normalized LogL: 0.369236, Best Rate: 0.3

========= ADAPTIVE MC DEBUG =========
Total calls: 150
Avg tries: 492.33
Confidence stops: 150
Max stops: 0
Max stop rate: 0.000
Real Fault Rank 2
===== SEED 19 | FR=0.3 | VR=100 =====
executing with fault mode: [5,1,2,3,4,5]

executing with fault mode: [5,1,2,3,4,5]

Fault scores (higher is better):
Fault: [3,1,2,3,4,5], logL: -11.842988, Exp of LogL: 0.000007, Normalized LogL: -0.623315, Exp of Normalized LogL: 0.536164, Best Rate: 0.3
Fault: [4,1,2,3,4,5], logL: -11.917007, Exp of LogL: 0.000007, Normalized LogL: -0.627211, Exp of Normalized LogL: 0.534079, Best Rate: 0.3
Fault: [5,1,2,3,4,5], logL: -11.917007, Exp of LogL: 0.000007, Normalized LogL: -0.627211, Exp of Normalized LogL: 0.534079, Best Rate: 0.3
Fault: [5,1,2,0,4,5], logL: -12.125123, Exp of LogL: 0.000005, Normalized LogL: -0.638164, Exp of Normalized LogL: 0.528261, Best Rate: 0.3
Fault: [5,1,2,1,4,5], logL: -12.146303, Exp of LogL: 0.000005, Normalized LogL: -0.639279, Exp of Normalized LogL: 0.527673, Best Rate: 0.3
Fault: [5,1,2,4,4,5], logL: -12.226346, Exp of LogL: 0.000005, Normalized LogL: -0.643492, Exp of Normalized LogL: 0.525454, Best Rate: 0.3
Fault: [5,1,2,2,4,5], logL: -12.226346, Exp of LogL: 0.000005, Normalized LogL: -0.643492, Exp of Normalized LogL: 0.525454, Best Rate: 0.3
Fault: [0,1,2,3,4,5], logL: -12.760506, Exp of LogL: 0.000003, Normalized LogL: -0.671606, Exp of Normalized LogL: 0.510888, Best Rate: 0.3
Fault: [1,1,2,3,4,5], logL: -14.055970, Exp of LogL: 0.000001, Normalized LogL: -0.739788, Exp of Normalized LogL: 0.477215, Best Rate: 0.3
Fault: [2,1,2,3,4,5], logL: -14.574760, Exp of LogL: 0.000000, Normalized LogL: -0.767093, Exp of Normalized LogL: 0.464361, Best Rate: 0.3

========= ADAPTIVE MC DEBUG =========
Total calls: 190
Avg tries: 509.21
Confidence stops: 190
Max stops: 0
Max stop rate: 0.000
Real Fault Rank 3
================= 22/08/2026 04:42:03: SEED 19 END =================
================= 22/08/2026 04:42:03: SEED 20 (19/100), a*=2 fault=[0,1,3,3,4,5] START =================
===== SEED 20 | FR=0.3 | VR=20 =====
executing with fault mode: [0,1,3,3,4,5]

Fault scores (higher is better):
Fault: [0,1,0,3,4,5], logL: -7.483390, Exp of LogL: 0.000562, Normalized LogL: -1.870847, Exp of Normalized LogL: 0.153993, Best Rate: 0.3
Fault: [0,1,5,3,4,5], logL: -7.639394, Exp of LogL: 0.000481, Normalized LogL: -1.909848, Exp of Normalized LogL: 0.148103, Best Rate: 0.3
Fault: [0,1,4,3,4,5], logL: -7.639394, Exp of LogL: 0.000481, Normalized LogL: -1.909848, Exp of Normalized LogL: 0.148103, Best Rate: 0.3
Fault: [0,1,3,3,4,5], logL: -7.734704, Exp of LogL: 0.000437, Normalized LogL: -1.933676, Exp of Normalized LogL: 0.144616, Best Rate: 0.3
Fault: [0,1,2,3,4,5], logL: -7.914173, Exp of LogL: 0.000366, Normalized LogL: -1.978543, Exp of Normalized LogL: 0.138271, Best Rate: 0.3
Fault: [0,1,3,0,4,5], logL: -7.930013, Exp of LogL: 0.000360, Normalized LogL: -1.982503, Exp of Normalized LogL: 0.137724, Best Rate: 0.3
Fault: [0,1,1,3,4,5], logL: -7.934317, Exp of LogL: 0.000358, Normalized LogL: -1.983579, Exp of Normalized LogL: 0.137576, Best Rate: 0.3
Fault: [0,1,3,2,4,5], logL: -7.990637, Exp of LogL: 0.000339, Normalized LogL: -1.997659, Exp of Normalized LogL: 0.135652, Best Rate: 0.3
Fault: [0,1,3,5,4,5], logL: -7.990637, Exp of LogL: 0.000339, Normalized LogL: -1.997659, Exp of Normalized LogL: 0.135652, Best Rate: 0.3
Fault: [0,1,3,4,4,5], logL: -7.990637, Exp of LogL: 0.000339, Normalized LogL: -1.997659, Exp of Normalized LogL: 0.135652, Best Rate: 0.3

========= ADAPTIVE MC DEBUG =========
Total calls: 40
Avg tries: 332.50
Confidence stops: 40
Max stops: 0
Max stop rate: 0.000
Real Fault Rank 4
===== SEED 20 | FR=0.3 | VR=40 =====
executing with fault mode: [0,1,3,3,4,5]

Fault scores (higher is better):
Fault: [0,1,1,3,4,5], logL: -12.151183, Exp of LogL: 0.000005, Normalized LogL: -1.518898, Exp of Normalized LogL: 0.218953, Best Rate: 0.3
Fault: [0,1,2,3,4,5], logL: -12.943501, Exp of LogL: 0.000002, Normalized LogL: -1.617938, Exp of Normalized LogL: 0.198307, Best Rate: 0.3
Fault: [0,1,0,3,4,5], logL: -13.692075, Exp of LogL: 0.000001, Normalized LogL: -1.711509, Exp of Normalized LogL: 0.180593, Best Rate: 0.3
Fault: [0,1,5,3,4,5], logL: -13.740346, Exp of LogL: 0.000001, Normalized LogL: -1.717543, Exp of Normalized LogL: 0.179507, Best Rate: 0.3
Fault: [0,1,4,3,4,5], logL: -13.740346, Exp of LogL: 0.000001, Normalized LogL: -1.717543, Exp of Normalized LogL: 0.179507, Best Rate: 0.3
Fault: [0,1,3,2,4,5], logL: -13.835656, Exp of LogL: 0.000001, Normalized LogL: -1.729457, Exp of Normalized LogL: 0.177381, Best Rate: 0.3
Fault: [0,1,3,3,4,5], logL: -13.835656, Exp of LogL: 0.000001, Normalized LogL: -1.729457, Exp of Normalized LogL: 0.177381, Best Rate: 0.3
Fault: [0,1,3,5,4,5], logL: -13.835656, Exp of LogL: 0.000001, Normalized LogL: -1.729457, Exp of Normalized LogL: 0.177381, Best Rate: 0.3
Fault: [0,1,3,0,4,5], logL: -13.835656, Exp of LogL: 0.000001, Normalized LogL: -1.729457, Exp of Normalized LogL: 0.177381, Best Rate: 0.3
Fault: [0,1,3,4,4,5], logL: -13.835656, Exp of LogL: 0.000001, Normalized LogL: -1.729457, Exp of Normalized LogL: 0.177381, Best Rate: 0.3

========= ADAPTIVE MC DEBUG =========
Total calls: 80
Avg tries: 403.12
Confidence stops: 80
Max stops: 0
Max stop rate: 0.000
Real Fault Rank 7
===== SEED 20 | FR=0.3 | VR=60 =====
executing with fault mode: [0,1,3,3,4,5]

Fault scores (higher is better):
Fault: [0,1,2,3,4,5], logL: -17.185050, Exp of LogL: 0.000000, Normalized LogL: -1.562277, Exp of Normalized LogL: 0.209658, Best Rate: 0.3
Fault: [0,1,0,3,4,5], logL: -18.029647, Exp of LogL: 0.000000, Normalized LogL: -1.639059, Exp of Normalized LogL: 0.194163, Best Rate: 0.3
Fault: [0,1,3,2,4,5], logL: -18.273985, Exp of LogL: 0.000000, Normalized LogL: -1.661271, Exp of Normalized LogL: 0.189897, Best Rate: 0.3
Fault: [0,1,3,3,4,5], logL: -18.273985, Exp of LogL: 0.000000, Normalized LogL: -1.661271, Exp of Normalized LogL: 0.189897, Best Rate: 0.3
Fault: [0,1,3,5,4,5], logL: -18.273985, Exp of LogL: 0.000000, Normalized LogL: -1.661271, Exp of Normalized LogL: 0.189897, Best Rate: 0.3
Fault: [0,1,3,0,4,5], logL: -18.273985, Exp of LogL: 0.000000, Normalized LogL: -1.661271, Exp of Normalized LogL: 0.189897, Best Rate: 0.3
Fault: [0,1,3,4,4,5], logL: -18.273985, Exp of LogL: 0.000000, Normalized LogL: -1.661271, Exp of Normalized LogL: 0.189897, Best Rate: 0.3
Fault: [0,1,1,3,4,5], logL: -18.766622, Exp of LogL: 0.000000, Normalized LogL: -1.706057, Exp of Normalized LogL: 0.181580, Best Rate: 0.3
Fault: [0,1,5,3,4,5], logL: -19.842601, Exp of LogL: 0.000000, Normalized LogL: -1.803873, Exp of Normalized LogL: 0.164660, Best Rate: 0.3
Fault: [0,1,4,3,4,5], logL: -19.842601, Exp of LogL: 0.000000, Normalized LogL: -1.803873, Exp of Normalized LogL: 0.164660, Best Rate: 0.3

========= ADAPTIVE MC DEBUG =========
Total calls: 110
Avg tries: 415.45
Confidence stops: 110
Max stops: 0
Max stop rate: 0.000
Real Fault Rank 4
===== SEED 20 | FR=0.3 | VR=80 =====
executing with fault mode: [0,1,3,3,4,5]

Fault scores (higher is better):
Fault: [0,1,3,2,4,5], logL: -18.430739, Exp of LogL: 0.000000, Normalized LogL: -1.228716, Exp of Normalized LogL: 0.292668, Best Rate: 0.3
Fault: [0,1,3,3,4,5], logL: -18.430739, Exp of LogL: 0.000000, Normalized LogL: -1.228716, Exp of Normalized LogL: 0.292668, Best Rate: 0.3
Fault: [0,1,3,5,4,5], logL: -18.430739, Exp of LogL: 0.000000, Normalized LogL: -1.228716, Exp of Normalized LogL: 0.292668, Best Rate: 0.3
Fault: [0,1,3,0,4,5], logL: -18.430739, Exp of LogL: 0.000000, Normalized LogL: -1.228716, Exp of Normalized LogL: 0.292668, Best Rate: 0.3
Fault: [0,1,3,4,4,5], logL: -18.430739, Exp of LogL: 0.000000, Normalized LogL: -1.228716, Exp of Normalized LogL: 0.292668, Best Rate: 0.3
Fault: [0,1,1,3,4,5], logL: -19.331670, Exp of LogL: 0.000000, Normalized LogL: -1.288778, Exp of Normalized LogL: 0.275607, Best Rate: 0.3
Fault: [0,1,0,3,4,5], logL: -19.347753, Exp of LogL: 0.000000, Normalized LogL: -1.289850, Exp of Normalized LogL: 0.275312, Best Rate: 0.3
Fault: [0,1,2,3,4,5], logL: -42.682522, Exp of LogL: 0.000000, Normalized LogL: -2.845501, Exp of Normalized LogL: 0.058105, Best Rate: 0.3
Fault: [0,1,5,3,4,5], logL: -44.857787, Exp of LogL: 0.000000, Normalized LogL: -2.990519, Exp of Normalized LogL: 0.050261, Best Rate: 0.3
Fault: [0,1,4,3,4,5], logL: -44.857787, Exp of LogL: 0.000000, Normalized LogL: -2.990519, Exp of Normalized LogL: 0.050261, Best Rate: 0.3

========= ADAPTIVE MC DEBUG =========
Total calls: 150
Avg tries: 439.00
Confidence stops: 150
Max stops: 0
Max stop rate: 0.000
Real Fault Rank 2
===== SEED 20 | FR=0.3 | VR=100 =====
executing with fault mode: [0,1,3,3,4,5]

Fault scores (higher is better):
Fault: [0,1,3,2,4,5], logL: -19.754928, Exp of LogL: 0.000000, Normalized LogL: -1.039733, Exp of Normalized LogL: 0.353549, Best Rate: 0.3
Fault: [0,1,3,3,4,5], logL: -19.754928, Exp of LogL: 0.000000, Normalized LogL: -1.039733, Exp of Normalized LogL: 0.353549, Best Rate: 0.3
Fault: [0,1,3,5,4,5], logL: -19.754928, Exp of LogL: 0.000000, Normalized LogL: -1.039733, Exp of Normalized LogL: 0.353549, Best Rate: 0.3
Fault: [0,1,3,0,4,5], logL: -19.754928, Exp of LogL: 0.000000, Normalized LogL: -1.039733, Exp of Normalized LogL: 0.353549, Best Rate: 0.3
Fault: [0,1,3,4,4,5], logL: -19.754928, Exp of LogL: 0.000000, Normalized LogL: -1.039733, Exp of Normalized LogL: 0.353549, Best Rate: 0.3
Fault: [0,1,1,3,4,5], logL: -20.333434, Exp of LogL: 0.000000, Normalized LogL: -1.070181, Exp of Normalized LogL: 0.342947, Best Rate: 0.3
Fault: [0,1,0,3,4,5], logL: -20.746177, Exp of LogL: 0.000000, Normalized LogL: -1.091904, Exp of Normalized LogL: 0.335577, Best Rate: 0.3
Fault: [0,1,5,3,4,5], logL: -46.049526, Exp of LogL: 0.000000, Normalized LogL: -2.423659, Exp of Normalized LogL: 0.088597, Best Rate: 0.3
Fault: [0,1,4,3,4,5], logL: -46.049526, Exp of LogL: 0.000000, Normalized LogL: -2.423659, Exp of Normalized LogL: 0.088597, Best Rate: 0.3
Fault: [0,1,2,3,4,5], logL: -69.153547, Exp of LogL: 0.000000, Normalized LogL: -3.639660, Exp of Normalized LogL: 0.026261, Best Rate: 0.3

========= ADAPTIVE MC DEBUG =========
Total calls: 190
Avg tries: 442.37
Confidence stops: 190
Max stops: 0
Max stop rate: 0.000
Real Fault Rank 2
================= 22/08/2026 04:42:30: SEED 20 END =================
================= 22/08/2026 04:42:30: SEED 21 (20/100), a*=1 fault=[0,4,2,3,4,5] START =================
===== SEED 21 | FR=0.3 | VR=20 =====
executing with fault mode: [0,4,2,3,4,5]

executing with fault mode: [0,4,2,3,4,5]

Fault scores (higher is better):
Fault: [0,4,2,3,3,5], logL: -4.300590, Exp of LogL: 0.013561, Normalized LogL: -1.433530, Exp of Normalized LogL: 0.238466, Best Rate: 0.3
Fault: [0,4,2,3,1,5], logL: -4.300590, Exp of LogL: 0.013561, Normalized LogL: -1.433530, Exp of Normalized LogL: 0.238466, Best Rate: 0.3
Fault: [0,4,2,3,4,5], logL: -4.371208, Exp of LogL: 0.012636, Normalized LogL: -1.457069, Exp of Normalized LogL: 0.232918, Best Rate: 0.3
Fault: [0,5,2,3,4,5], logL: -4.371208, Exp of LogL: 0.012636, Normalized LogL: -1.457069, Exp of Normalized LogL: 0.232918, Best Rate: 0.3
Fault: [0,2,2,3,4,5], logL: -4.448397, Exp of LogL: 0.011697, Normalized LogL: -1.482799, Exp of Normalized LogL: 0.227001, Best Rate: 0.3
Fault: [0,4,2,3,0,5], logL: -4.674104, Exp of LogL: 0.009334, Normalized LogL: -1.558035, Exp of Normalized LogL: 0.210549, Best Rate: 0.3
Fault: [0,1,2,3,4,5], logL: -4.748502, Exp of LogL: 0.008665, Normalized LogL: -1.582834, Exp of Normalized LogL: 0.205392, Best Rate: 0.3
Fault: [0,4,2,3,2,5], logL: -4.752575, Exp of LogL: 0.008629, Normalized LogL: -1.584192, Exp of Normalized LogL: 0.205114, Best Rate: 0.3
Fault: [0,3,2,3,4,5], logL: -5.623971, Exp of LogL: 0.003610, Normalized LogL: -1.874657, Exp of Normalized LogL: 0.153408, Best Rate: 0.3
Fault: [0,0,2,3,4,5], logL: -5.623971, Exp of LogL: 0.003610, Normalized LogL: -1.874657, Exp of Normalized LogL: 0.153408, Best Rate: 0.3

========= ADAPTIVE MC DEBUG =========
Total calls: 30
Avg tries: 416.67
Confidence stops: 30
Max stops: 0
Max stop rate: 0.000
Real Fault Rank 3
===== SEED 21 | FR=0.3 | VR=40 =====
executing with fault mode: [0,4,2,3,4,5]

executing with fault mode: [0,4,2,3,4,5]

Fault scores (higher is better):
Fault: [0,4,2,3,4,5], logL: -5.312736, Exp of LogL: 0.004928, Normalized LogL: -1.062547, Exp of Normalized LogL: 0.345574, Best Rate: 0.3
Fault: [0,5,2,3,4,5], logL: -5.312736, Exp of LogL: 0.004928, Normalized LogL: -1.062547, Exp of Normalized LogL: 0.345574, Best Rate: 0.3
Fault: [0,2,2,3,4,5], logL: -5.389926, Exp of LogL: 0.004562, Normalized LogL: -1.077985, Exp of Normalized LogL: 0.340280, Best Rate: 0.3
Fault: [0,1,2,3,4,5], logL: -5.690030, Exp of LogL: 0.003379, Normalized LogL: -1.138006, Exp of Normalized LogL: 0.320457, Best Rate: 0.3
Fault: [0,4,2,3,2,5], logL: -5.734138, Exp of LogL: 0.003234, Normalized LogL: -1.146828, Exp of Normalized LogL: 0.317643, Best Rate: 0.3
Fault: [0,4,2,3,3,5], logL: -5.734138, Exp of LogL: 0.003234, Normalized LogL: -1.146828, Exp of Normalized LogL: 0.317643, Best Rate: 0.3
Fault: [0,4,2,3,1,5], logL: -5.734138, Exp of LogL: 0.003234, Normalized LogL: -1.146828, Exp of Normalized LogL: 0.317643, Best Rate: 0.3
Fault: [0,4,2,3,0,5], logL: -5.734138, Exp of LogL: 0.003234, Normalized LogL: -1.146828, Exp of Normalized LogL: 0.317643, Best Rate: 0.3
Fault: [0,3,2,3,4,5], logL: -6.565499, Exp of LogL: 0.001408, Normalized LogL: -1.313100, Exp of Normalized LogL: 0.268985, Best Rate: 0.3
Fault: [0,0,2,3,4,5], logL: -6.565499, Exp of LogL: 0.001408, Normalized LogL: -1.313100, Exp of Normalized LogL: 0.268985, Best Rate: 0.3

========= ADAPTIVE MC DEBUG =========
Total calls: 50
Avg tries: 457.00
Confidence stops: 50
Max stops: 0
Max stop rate: 0.000
Real Fault Rank 1
===== SEED 21 | FR=0.3 | VR=60 =====
executing with fault mode: [0,4,2,3,4,5]

executing with fault mode: [0,4,2,3,4,5]

Fault scores (higher is better):
Fault: [0,4,2,3,4,5], logL: -5.664038, Exp of LogL: 0.003468, Normalized LogL: -0.809148, Exp of Normalized LogL: 0.445237, Best Rate: 0.3
Fault: [0,5,2,3,4,5], logL: -5.664038, Exp of LogL: 0.003468, Normalized LogL: -0.809148, Exp of Normalized LogL: 0.445237, Best Rate: 0.3
Fault: [0,4,2,3,2,5], logL: -6.085440, Exp of LogL: 0.002276, Normalized LogL: -0.869349, Exp of Normalized LogL: 0.419225, Best Rate: 0.3
Fault: [0,4,2,3,3,5], logL: -6.085440, Exp of LogL: 0.002276, Normalized LogL: -0.869349, Exp of Normalized LogL: 0.419225, Best Rate: 0.3
Fault: [0,4,2,3,1,5], logL: -6.085440, Exp of LogL: 0.002276, Normalized LogL: -0.869349, Exp of Normalized LogL: 0.419225, Best Rate: 0.3
Fault: [0,4,2,3,0,5], logL: -6.085440, Exp of LogL: 0.002276, Normalized LogL: -0.869349, Exp of Normalized LogL: 0.419225, Best Rate: 0.3
Fault: [0,2,2,3,4,5], logL: -6.127611, Exp of LogL: 0.002182, Normalized LogL: -0.875373, Exp of Normalized LogL: 0.416707, Best Rate: 0.3
Fault: [0,1,2,3,4,5], logL: -6.496368, Exp of LogL: 0.001509, Normalized LogL: -0.928053, Exp of Normalized LogL: 0.395323, Best Rate: 0.3
Fault: [0,3,2,3,4,5], logL: -7.083329, Exp of LogL: 0.000839, Normalized LogL: -1.011904, Exp of Normalized LogL: 0.363526, Best Rate: 0.3
Fault: [0,0,2,3,4,5], logL: -7.488588, Exp of LogL: 0.000559, Normalized LogL: -1.069798, Exp of Normalized LogL: 0.343078, Best Rate: 0.3

========= ADAPTIVE MC DEBUG =========
Total calls: 70
Avg tries: 495.00
Confidence stops: 70
Max stops: 0
Max stop rate: 0.000
Real Fault Rank 1
===== SEED 21 | FR=0.3 | VR=80 =====
executing with fault mode: [0,4,2,3,4,5]

executing with fault mode: [0,4,2,3,4,5]

Fault scores (higher is better):
Fault: [0,2,2,3,4,5], logL: -6.383573, Exp of LogL: 0.001689, Normalized LogL: -0.709286, Exp of Normalized LogL: 0.491995, Best Rate: 0.3
Fault: [0,4,2,3,4,5], logL: -6.465980, Exp of LogL: 0.001555, Normalized LogL: -0.718442, Exp of Normalized LogL: 0.487511, Best Rate: 0.3
Fault: [0,5,2,3,4,5], logL: -6.465980, Exp of LogL: 0.001555, Normalized LogL: -0.718442, Exp of Normalized LogL: 0.487511, Best Rate: 0.3
Fault: [0,1,2,3,4,5], logL: -6.781457, Exp of LogL: 0.001135, Normalized LogL: -0.753495, Exp of Normalized LogL: 0.470718, Best Rate: 0.3
Fault: [0,4,2,3,2,5], logL: -6.887381, Exp of LogL: 0.001021, Normalized LogL: -0.765265, Exp of Normalized LogL: 0.465211, Best Rate: 0.3
Fault: [0,4,2,3,3,5], logL: -6.887381, Exp of LogL: 0.001021, Normalized LogL: -0.765265, Exp of Normalized LogL: 0.465211, Best Rate: 0.3
Fault: [0,4,2,3,1,5], logL: -6.887381, Exp of LogL: 0.001021, Normalized LogL: -0.765265, Exp of Normalized LogL: 0.465211, Best Rate: 0.3
Fault: [0,4,2,3,0,5], logL: -6.887381, Exp of LogL: 0.001021, Normalized LogL: -0.765265, Exp of Normalized LogL: 0.465211, Best Rate: 0.3
Fault: [0,0,2,3,4,5], logL: -7.313277, Exp of LogL: 0.000667, Normalized LogL: -0.812586, Exp of Normalized LogL: 0.443709, Best Rate: 0.3
Fault: [0,3,2,3,4,5], logL: -7.447175, Exp of LogL: 0.000583, Normalized LogL: -0.827464, Exp of Normalized LogL: 0.437157, Best Rate: 0.3

========= ADAPTIVE MC DEBUG =========
Total calls: 90
Avg tries: 522.78
Confidence stops: 90
Max stops: 0
Max stop rate: 0.000
Real Fault Rank 2
===== SEED 21 | FR=0.3 | VR=100 =====
executing with fault mode: [0,4,2,3,4,5]

executing with fault mode: [0,4,2,3,4,5]

Fault scores (higher is better):
Fault: [0,2,2,3,4,5], logL: -6.358873, Exp of LogL: 0.001731, Normalized LogL: -0.529906, Exp of Normalized LogL: 0.588660, Best Rate: 0.3
Fault: [0,4,2,3,4,5], logL: -6.451695, Exp of LogL: 0.001578, Normalized LogL: -0.537641, Exp of Normalized LogL: 0.584124, Best Rate: 0.3
Fault: [0,5,2,3,4,5], logL: -6.451695, Exp of LogL: 0.001578, Normalized LogL: -0.537641, Exp of Normalized LogL: 0.584124, Best Rate: 0.3
Fault: [0,1,2,3,4,5], logL: -6.813345, Exp of LogL: 0.001099, Normalized LogL: -0.567779, Exp of Normalized LogL: 0.566783, Best Rate: 0.3
Fault: [0,4,2,3,2,5], logL: -6.850817, Exp of LogL: 0.001059, Normalized LogL: -0.570901, Exp of Normalized LogL: 0.565016, Best Rate: 0.3
Fault: [0,4,2,3,3,5], logL: -6.850817, Exp of LogL: 0.001059, Normalized LogL: -0.570901, Exp of Normalized LogL: 0.565016, Best Rate: 0.3
Fault: [0,4,2,3,1,5], logL: -6.850817, Exp of LogL: 0.001059, Normalized LogL: -0.570901, Exp of Normalized LogL: 0.565016, Best Rate: 0.3
Fault: [0,4,2,3,0,5], logL: -6.850817, Exp of LogL: 0.001059, Normalized LogL: -0.570901, Exp of Normalized LogL: 0.565016, Best Rate: 0.3
Fault: [0,0,2,3,4,5], logL: -7.298993, Exp of LogL: 0.000676, Normalized LogL: -0.608249, Exp of Normalized LogL: 0.544303, Best Rate: 0.3
Fault: [0,3,2,3,4,5], logL: -7.422197, Exp of LogL: 0.000598, Normalized LogL: -0.618516, Exp of Normalized LogL: 0.538743, Best Rate: 0.3

========= ADAPTIVE MC DEBUG =========
Total calls: 120
Avg tries: 508.33
Confidence stops: 120
Max stops: 0
Max stop rate: 0.000
Real Fault Rank 2
================= 22/08/2026 04:42:51: SEED 21 END =================
================= 22/08/2026 04:42:51: SEED 22 (21/100), a*=1 fault=[0,0,2,3,4,5] START =================
===== SEED 22 | FR=0.3 | VR=20 =====
executing with fault mode: [0,0,2,3,4,5]

Fault scores (higher is better):
Fault: [0,0,2,3,4,5], logL: -14.081980, Exp of LogL: 0.000001, Normalized LogL: -1.760247, Exp of Normalized LogL: 0.172002, Best Rate: 0.3
Fault: [0,0,2,3,2,5], logL: -14.130770, Exp of LogL: 0.000001, Normalized LogL: -1.766346, Exp of Normalized LogL: 0.170956, Best Rate: 0.3
Fault: [0,0,2,3,0,5], logL: -14.130770, Exp of LogL: 0.000001, Normalized LogL: -1.766346, Exp of Normalized LogL: 0.170956, Best Rate: 0.3
Fault: [0,0,2,3,3,5], logL: -14.182063, Exp of LogL: 0.000001, Normalized LogL: -1.772758, Exp of Normalized LogL: 0.169864, Best Rate: 0.3
Fault: [0,0,2,3,5,5], logL: -14.182063, Exp of LogL: 0.000001, Normalized LogL: -1.772758, Exp of Normalized LogL: 0.169864, Best Rate: 0.3
Fault: [0,2,2,3,4,5], logL: -16.182041, Exp of LogL: 0.000000, Normalized LogL: -2.022755, Exp of Normalized LogL: 0.132290, Best Rate: 0.3
Fault: [0,4,2,3,4,5], logL: -16.245682, Exp of LogL: 0.000000, Normalized LogL: -2.030710, Exp of Normalized LogL: 0.131242, Best Rate: 0.3
Fault: [0,5,2,3,4,5], logL: -16.245682, Exp of LogL: 0.000000, Normalized LogL: -2.030710, Exp of Normalized LogL: 0.131242, Best Rate: 0.3
Fault: [0,3,2,3,4,5], logL: -16.966628, Exp of LogL: 0.000000, Normalized LogL: -2.120829, Exp of Normalized LogL: 0.119932, Best Rate: 0.3
Fault: [0,1,2,3,4,5], logL: -19.077053, Exp of LogL: 0.000000, Normalized LogL: -2.384632, Exp of Normalized LogL: 0.092123, Best Rate: 0.3

========= ADAPTIVE MC DEBUG =========
Total calls: 80
Avg tries: 346.88
Confidence stops: 80
Max stops: 0
Max stop rate: 0.000
Real Fault Rank 1
===== SEED 22 | FR=0.3 | VR=40 =====
executing with fault mode: [0,0,2,3,4,5]

Fault scores (higher is better):
Fault: [0,0,2,3,4,5], logL: -21.836634, Exp of LogL: 0.000000, Normalized LogL: -1.455776, Exp of Normalized LogL: 0.233219, Best Rate: 0.3
Fault: [0,0,2,3,3,5], logL: -21.954417, Exp of LogL: 0.000000, Normalized LogL: -1.463628, Exp of Normalized LogL: 0.231395, Best Rate: 0.3
Fault: [0,0,2,3,5,5], logL: -21.954417, Exp of LogL: 0.000000, Normalized LogL: -1.463628, Exp of Normalized LogL: 0.231395, Best Rate: 0.3
Fault: [0,0,2,3,2,5], logL: -22.087949, Exp of LogL: 0.000000, Normalized LogL: -1.472530, Exp of Normalized LogL: 0.229345, Best Rate: 0.3
Fault: [0,0,2,3,0,5], logL: -22.162057, Exp of LogL: 0.000000, Normalized LogL: -1.477470, Exp of Normalized LogL: 0.228214, Best Rate: 0.3
Fault: [0,2,2,3,4,5], logL: -25.759905, Exp of LogL: 0.000000, Normalized LogL: -1.717327, Exp of Normalized LogL: 0.179545, Best Rate: 0.3
Fault: [0,3,2,3,4,5], logL: -27.066484, Exp of LogL: 0.000000, Normalized LogL: -1.804432, Exp of Normalized LogL: 0.164568, Best Rate: 0.3
Fault: [0,4,2,3,4,5], logL: -74.509653, Exp of LogL: 0.000000, Normalized LogL: -4.967310, Exp of Normalized LogL: 0.006962, Best Rate: 0.3
Fault: [0,5,2,3,4,5], logL: -74.509653, Exp of LogL: 0.000000, Normalized LogL: -4.967310, Exp of Normalized LogL: 0.006962, Best Rate: 0.3
Fault: [0,1,2,3,4,5], logL: -74.655848, Exp of LogL: 0.000000, Normalized LogL: -4.977057, Exp of Normalized LogL: 0.006894, Best Rate: 0.3

========= ADAPTIVE MC DEBUG =========
Total calls: 150
Avg tries: 396.00
Confidence stops: 150
Max stops: 0
Max stop rate: 0.000
Real Fault Rank 1
===== SEED 22 | FR=0.3 | VR=60 =====
executing with fault mode: [0,0,2,3,4,5]

Fault scores (higher is better):
Fault: [0,0,2,3,4,5], logL: -26.463963, Exp of LogL: 0.000000, Normalized LogL: -1.202907, Exp of Normalized LogL: 0.300320, Best Rate: 0.3
Fault: [0,0,2,3,3,5], logL: -26.690585, Exp of LogL: 0.000000, Normalized LogL: -1.213208, Exp of Normalized LogL: 0.297242, Best Rate: 0.3
Fault: [0,0,2,3,5,5], logL: -26.690585, Exp of LogL: 0.000000, Normalized LogL: -1.213208, Exp of Normalized LogL: 0.297242, Best Rate: 0.3
Fault: [0,0,2,3,0,5], logL: -26.854540, Exp of LogL: 0.000000, Normalized LogL: -1.220661, Exp of Normalized LogL: 0.295035, Best Rate: 0.3
Fault: [0,0,2,3,2,5], logL: -26.889631, Exp of LogL: 0.000000, Normalized LogL: -1.222256, Exp of Normalized LogL: 0.294565, Best Rate: 0.3
Fault: [0,2,2,3,4,5], logL: -30.199352, Exp of LogL: 0.000000, Normalized LogL: -1.372698, Exp of Normalized LogL: 0.253422, Best Rate: 0.3
Fault: [0,3,2,3,4,5], logL: -57.163211, Exp of LogL: 0.000000, Normalized LogL: -2.598328, Exp of Normalized LogL: 0.074398, Best Rate: 0.3
Fault: [0,1,2,3,4,5], logL: -105.384386, Exp of LogL: 0.000000, Normalized LogL: -4.790199, Exp of Normalized LogL: 0.008311, Best Rate: 0.3
Fault: [0,4,2,3,4,5], logL: -106.937155, Exp of LogL: 0.000000, Normalized LogL: -4.860780, Exp of Normalized LogL: 0.007744, Best Rate: 0.3
Fault: [0,5,2,3,4,5], logL: -106.937155, Exp of LogL: 0.000000, Normalized LogL: -4.860780, Exp of Normalized LogL: 0.007744, Best Rate: 0.3

========= ADAPTIVE MC DEBUG =========
Total calls: 220
Avg tries: 450.91
Confidence stops: 220
Max stops: 0
Max stop rate: 0.000
Real Fault Rank 1
===== SEED 22 | FR=0.3 | VR=80 =====
executing with fault mode: [0,0,2,3,4,5]

Fault scores (higher is better):
Fault: [0,0,2,3,4,5], logL: -29.644185, Exp of LogL: 0.000000, Normalized LogL: -1.022213, Exp of Normalized LogL: 0.359798, Best Rate: 0.3
Fault: [0,0,2,3,2,5], logL: -29.945291, Exp of LogL: 0.000000, Normalized LogL: -1.032596, Exp of Normalized LogL: 0.356081, Best Rate: 0.3
Fault: [0,0,2,3,0,5], logL: -29.945291, Exp of LogL: 0.000000, Normalized LogL: -1.032596, Exp of Normalized LogL: 0.356081, Best Rate: 0.3
Fault: [0,0,2,3,3,5], logL: -29.945291, Exp of LogL: 0.000000, Normalized LogL: -1.032596, Exp of Normalized LogL: 0.356081, Best Rate: 0.3
Fault: [0,0,2,3,5,5], logL: -29.945291, Exp of LogL: 0.000000, Normalized LogL: -1.032596, Exp of Normalized LogL: 0.356081, Best Rate: 0.3
Fault: [0,2,2,3,4,5], logL: -33.314786, Exp of LogL: 0.000000, Normalized LogL: -1.148786, Exp of Normalized LogL: 0.317021, Best Rate: 0.3
Fault: [0,3,2,3,4,5], logL: -60.274327, Exp of LogL: 0.000000, Normalized LogL: -2.078425, Exp of Normalized LogL: 0.125127, Best Rate: 0.3
Fault: [0,1,2,3,4,5], logL: -107.734279, Exp of LogL: 0.000000, Normalized LogL: -3.714975, Exp of Normalized LogL: 0.024356, Best Rate: 0.3
Fault: [0,4,2,3,4,5], logL: -109.915387, Exp of LogL: 0.000000, Normalized LogL: -3.790186, Exp of Normalized LogL: 0.022591, Best Rate: 0.3
Fault: [0,5,2,3,4,5], logL: -109.915387, Exp of LogL: 0.000000, Normalized LogL: -3.790186, Exp of Normalized LogL: 0.022591, Best Rate: 0.3

========= ADAPTIVE MC DEBUG =========
Total calls: 290
Avg tries: 466.90
Confidence stops: 290
Max stops: 0
Max stop rate: 0.000
Real Fault Rank 1
===== SEED 22 | FR=0.3 | VR=100 =====
executing with fault mode: [0,0,2,3,4,5]

Fault scores (higher is better):
Fault: [0,0,2,3,4,5], logL: -34.084207, Exp of LogL: 0.000000, Normalized LogL: -0.946784, Exp of Normalized LogL: 0.387987, Best Rate: 0.3
Fault: [0,0,2,3,2,5], logL: -34.385312, Exp of LogL: 0.000000, Normalized LogL: -0.955148, Exp of Normalized LogL: 0.384755, Best Rate: 0.3
Fault: [0,0,2,3,0,5], logL: -34.385312, Exp of LogL: 0.000000, Normalized LogL: -0.955148, Exp of Normalized LogL: 0.384755, Best Rate: 0.3
Fault: [0,0,2,3,3,5], logL: -34.385312, Exp of LogL: 0.000000, Normalized LogL: -0.955148, Exp of Normalized LogL: 0.384755, Best Rate: 0.3
Fault: [0,0,2,3,5,5], logL: -34.385312, Exp of LogL: 0.000000, Normalized LogL: -0.955148, Exp of Normalized LogL: 0.384755, Best Rate: 0.3
Fault: [0,2,2,3,4,5], logL: -37.800435, Exp of LogL: 0.000000, Normalized LogL: -1.050012, Exp of Normalized LogL: 0.349934, Best Rate: 0.3
Fault: [0,3,2,3,4,5], logL: -88.697267, Exp of LogL: 0.000000, Normalized LogL: -2.463813, Exp of Normalized LogL: 0.085110, Best Rate: 0.3
Fault: [0,1,2,3,4,5], logL: -135.526520, Exp of LogL: 0.000000, Normalized LogL: -3.764626, Exp of Normalized LogL: 0.023176, Best Rate: 0.3
Fault: [0,4,2,3,4,5], logL: -137.763510, Exp of LogL: 0.000000, Normalized LogL: -3.826764, Exp of Normalized LogL: 0.021780, Best Rate: 0.3
Fault: [0,5,2,3,4,5], logL: -137.763510, Exp of LogL: 0.000000, Normalized LogL: -3.826764, Exp of Normalized LogL: 0.021780, Best Rate: 0.3

========= ADAPTIVE MC DEBUG =========
Total calls: 360
Avg tries: 476.67
Confidence stops: 360
Max stops: 0
Max stop rate: 0.000
Real Fault Rank 1
================= 22/08/2026 04:43:46: SEED 22 END =================
================= 22/08/2026 04:43:46: SEED 24 (22/100), a*=3 fault=[0,1,2,4,4,5] START =================
===== SEED 24 | FR=0.3 | VR=20 =====
executing with fault mode: [0,1,2,4,4,5]

executing with fault mode: [0,1,2,4,4,5]

Fault scores (higher is better):
Fault: [0,1,2,3,4,5], logL: -11.382465, Exp of LogL: 0.000011, Normalized LogL: -2.276493, Exp of Normalized LogL: 0.102644, Best Rate: 0.3
Fault: [0,1,2,5,4,5], logL: -11.432896, Exp of LogL: 0.000011, Normalized LogL: -2.286579, Exp of Normalized LogL: 0.101613, Best Rate: 0.3
Fault: [0,1,2,4,4,5], logL: -11.432896, Exp of LogL: 0.000011, Normalized LogL: -2.286579, Exp of Normalized LogL: 0.101613, Best Rate: 0.3
Fault: [0,1,2,4,0,5], logL: -11.627052, Exp of LogL: 0.000009, Normalized LogL: -2.325410, Exp of Normalized LogL: 0.097743, Best Rate: 0.3
Fault: [0,1,2,4,1,5], logL: -11.627052, Exp of LogL: 0.000009, Normalized LogL: -2.325410, Exp of Normalized LogL: 0.097743, Best Rate: 0.3
Fault: [0,1,2,4,3,5], logL: -11.627052, Exp of LogL: 0.000009, Normalized LogL: -2.325410, Exp of Normalized LogL: 0.097743, Best Rate: 0.3
Fault: [0,1,2,4,2,5], logL: -11.627052, Exp of LogL: 0.000009, Normalized LogL: -2.325410, Exp of Normalized LogL: 0.097743, Best Rate: 0.3
Fault: [0,1,2,1,4,5], logL: -11.789570, Exp of LogL: 0.000008, Normalized LogL: -2.357914, Exp of Normalized LogL: 0.094617, Best Rate: 0.3
Fault: [0,1,2,0,4,5], logL: -12.021372, Exp of LogL: 0.000006, Normalized LogL: -2.404274, Exp of Normalized LogL: 0.090331, Best Rate: 0.3
Fault: [0,1,2,2,4,5], logL: -12.043351, Exp of LogL: 0.000006, Normalized LogL: -2.408670, Exp of Normalized LogL: 0.089935, Best Rate: 0.3

========= ADAPTIVE MC DEBUG =========
Total calls: 50
Avg tries: 293.00
Confidence stops: 50
Max stops: 0
Max stop rate: 0.000
Real Fault Rank 3
===== SEED 24 | FR=0.3 | VR=40 =====
executing with fault mode: [0,1,2,4,4,5]

executing with fault mode: [0,1,2,4,4,5]

Fault scores (higher is better):
Fault: [0,1,2,5,4,5], logL: -14.088508, Exp of LogL: 0.000001, Normalized LogL: -1.565390, Exp of Normalized LogL: 0.209007, Best Rate: 0.3
Fault: [0,1,2,4,4,5], logL: -14.088508, Exp of LogL: 0.000001, Normalized LogL: -1.565390, Exp of Normalized LogL: 0.209007, Best Rate: 0.3
Fault: [0,1,2,4,0,5], logL: -14.282664, Exp of LogL: 0.000001, Normalized LogL: -1.586963, Exp of Normalized LogL: 0.204546, Best Rate: 0.3
Fault: [0,1,2,4,1,5], logL: -14.282664, Exp of LogL: 0.000001, Normalized LogL: -1.586963, Exp of Normalized LogL: 0.204546, Best Rate: 0.3
Fault: [0,1,2,4,3,5], logL: -14.282664, Exp of LogL: 0.000001, Normalized LogL: -1.586963, Exp of Normalized LogL: 0.204546, Best Rate: 0.3
Fault: [0,1,2,4,2,5], logL: -14.282664, Exp of LogL: 0.000001, Normalized LogL: -1.586963, Exp of Normalized LogL: 0.204546, Best Rate: 0.3
Fault: [0,1,2,3,4,5], logL: -40.100400, Exp of LogL: 0.000000, Normalized LogL: -4.455600, Exp of Normalized LogL: 0.011613, Best Rate: 0.3
Fault: [0,1,2,1,4,5], logL: -40.172504, Exp of LogL: 0.000000, Normalized LogL: -4.463612, Exp of Normalized LogL: 0.011521, Best Rate: 0.3
Fault: [0,1,2,0,4,5], logL: -40.402681, Exp of LogL: 0.000000, Normalized LogL: -4.489187, Exp of Normalized LogL: 0.011230, Best Rate: 0.3
Fault: [0,1,2,2,4,5], logL: -40.430516, Exp of LogL: 0.000000, Normalized LogL: -4.492280, Exp of Normalized LogL: 0.011195, Best Rate: 0.3

========= ADAPTIVE MC DEBUG =========
Total calls: 90
Avg tries: 371.11
Confidence stops: 90
Max stops: 0
Max stop rate: 0.000
Real Fault Rank 2
===== SEED 24 | FR=0.3 | VR=60 =====
executing with fault mode: [0,1,2,4,4,5]

executing with fault mode: [0,1,2,4,4,5]

Fault scores (higher is better):
Fault: [0,1,2,5,4,5], logL: -14.216549, Exp of LogL: 0.000001, Normalized LogL: -1.093581, Exp of Normalized LogL: 0.335015, Best Rate: 0.3
Fault: [0,1,2,4,4,5], logL: -14.216549, Exp of LogL: 0.000001, Normalized LogL: -1.093581, Exp of Normalized LogL: 0.335015, Best Rate: 0.3
Fault: [0,1,2,4,0,5], logL: -14.410705, Exp of LogL: 0.000001, Normalized LogL: -1.108516, Exp of Normalized LogL: 0.330048, Best Rate: 0.3
Fault: [0,1,2,4,1,5], logL: -14.410705, Exp of LogL: 0.000001, Normalized LogL: -1.108516, Exp of Normalized LogL: 0.330048, Best Rate: 0.3
Fault: [0,1,2,4,3,5], logL: -14.410705, Exp of LogL: 0.000001, Normalized LogL: -1.108516, Exp of Normalized LogL: 0.330048, Best Rate: 0.3
Fault: [0,1,2,4,2,5], logL: -14.410705, Exp of LogL: 0.000001, Normalized LogL: -1.108516, Exp of Normalized LogL: 0.330048, Best Rate: 0.3
Fault: [0,1,2,3,4,5], logL: -40.228442, Exp of LogL: 0.000000, Normalized LogL: -3.094496, Exp of Normalized LogL: 0.045298, Best Rate: 0.3
Fault: [0,1,2,1,4,5], logL: -40.300545, Exp of LogL: 0.000000, Normalized LogL: -3.100042, Exp of Normalized LogL: 0.045047, Best Rate: 0.3
Fault: [0,1,2,0,4,5], logL: -40.530722, Exp of LogL: 0.000000, Normalized LogL: -3.117748, Exp of Normalized LogL: 0.044257, Best Rate: 0.3
Fault: [0,1,2,2,4,5], logL: -40.558557, Exp of LogL: 0.000000, Normalized LogL: -3.119889, Exp of Normalized LogL: 0.044162, Best Rate: 0.3

========= ADAPTIVE MC DEBUG =========
Total calls: 130
Avg tries: 445.38
Confidence stops: 130
Max stops: 0
Max stop rate: 0.000
Real Fault Rank 2
===== SEED 24 | FR=0.3 | VR=80 =====
executing with fault mode: [0,1,2,4,4,5]

executing with fault mode: [0,1,2,4,4,5]

Fault scores (higher is better):
Fault: [0,1,2,5,4,5], logL: -17.424045, Exp of LogL: 0.000000, Normalized LogL: -1.024944, Exp of Normalized LogL: 0.358817, Best Rate: 0.3
Fault: [0,1,2,4,4,5], logL: -17.424045, Exp of LogL: 0.000000, Normalized LogL: -1.024944, Exp of Normalized LogL: 0.358817, Best Rate: 0.3
Fault: [0,1,2,4,0,5], logL: -17.784332, Exp of LogL: 0.000000, Normalized LogL: -1.046137, Exp of Normalized LogL: 0.351292, Best Rate: 0.3
Fault: [0,1,2,4,1,5], logL: -17.784332, Exp of LogL: 0.000000, Normalized LogL: -1.046137, Exp of Normalized LogL: 0.351292, Best Rate: 0.3
Fault: [0,1,2,4,3,5], logL: -17.784332, Exp of LogL: 0.000000, Normalized LogL: -1.046137, Exp of Normalized LogL: 0.351292, Best Rate: 0.3
Fault: [0,1,2,4,2,5], logL: -17.784332, Exp of LogL: 0.000000, Normalized LogL: -1.046137, Exp of Normalized LogL: 0.351292, Best Rate: 0.3
Fault: [0,1,2,3,4,5], logL: -43.114361, Exp of LogL: 0.000000, Normalized LogL: -2.536139, Exp of Normalized LogL: 0.079172, Best Rate: 0.3
Fault: [0,1,2,1,4,5], logL: -43.596451, Exp of LogL: 0.000000, Normalized LogL: -2.564497, Exp of Normalized LogL: 0.076958, Best Rate: 0.3
Fault: [0,1,2,0,4,5], logL: -43.636593, Exp of LogL: 0.000000, Normalized LogL: -2.566858, Exp of Normalized LogL: 0.076776, Best Rate: 0.3
Fault: [0,1,2,2,4,5], logL: -43.796285, Exp of LogL: 0.000000, Normalized LogL: -2.576252, Exp of Normalized LogL: 0.076059, Best Rate: 0.3

========= ADAPTIVE MC DEBUG =========
Total calls: 170
Avg tries: 477.65
Confidence stops: 170
Max stops: 0
Max stop rate: 0.000
Real Fault Rank 2
===== SEED 24 | FR=0.3 | VR=100 =====
executing with fault mode: [0,1,2,4,4,5]

executing with fault mode: [0,1,2,4,4,5]

Fault scores (higher is better):
Fault: [0,1,2,5,4,5], logL: -17.892267, Exp of LogL: 0.000000, Normalized LogL: -0.852013, Exp of Normalized LogL: 0.426556, Best Rate: 0.3
Fault: [0,1,2,4,4,5], logL: -17.892267, Exp of LogL: 0.000000, Normalized LogL: -0.852013, Exp of Normalized LogL: 0.426556, Best Rate: 0.3
Fault: [0,1,2,4,0,5], logL: -18.259386, Exp of LogL: 0.000000, Normalized LogL: -0.869495, Exp of Normalized LogL: 0.419163, Best Rate: 0.3
Fault: [0,1,2,4,1,5], logL: -18.259386, Exp of LogL: 0.000000, Normalized LogL: -0.869495, Exp of Normalized LogL: 0.419163, Best Rate: 0.3
Fault: [0,1,2,4,3,5], logL: -18.259386, Exp of LogL: 0.000000, Normalized LogL: -0.869495, Exp of Normalized LogL: 0.419163, Best Rate: 0.3
Fault: [0,1,2,4,2,5], logL: -18.259386, Exp of LogL: 0.000000, Normalized LogL: -0.869495, Exp of Normalized LogL: 0.419163, Best Rate: 0.3
Fault: [0,1,2,3,4,5], logL: -43.582584, Exp of LogL: 0.000000, Normalized LogL: -2.075361, Exp of Normalized LogL: 0.125511, Best Rate: 0.3
Fault: [0,1,2,1,4,5], logL: -44.064674, Exp of LogL: 0.000000, Normalized LogL: -2.098318, Exp of Normalized LogL: 0.122663, Best Rate: 0.3
Fault: [0,1,2,0,4,5], logL: -44.104816, Exp of LogL: 0.000000, Normalized LogL: -2.100229, Exp of Normalized LogL: 0.122428, Best Rate: 0.3
Fault: [0,1,2,2,4,5], logL: -44.264507, Exp of LogL: 0.000000, Normalized LogL: -2.107834, Exp of Normalized LogL: 0.121501, Best Rate: 0.3

========= ADAPTIVE MC DEBUG =========
Total calls: 210
Avg tries: 468.57
Confidence stops: 210
Max stops: 0
Max stop rate: 0.000
Real Fault Rank 2
================= 22/08/2026 04:44:18: SEED 24 END =================
================= 22/08/2026 04:44:18: SEED 25 (23/100), a*=2 fault=[0,1,1,3,4,5] START =================
===== SEED 25 | FR=0.3 | VR=20 =====
executing with fault mode: [0,1,1,3,4,5]

Fault scores (higher is better):
Fault: [0,1,1,3,4,5], logL: -8.677677, Exp of LogL: 0.000170, Normalized LogL: -1.735535, Exp of Normalized LogL: 0.176306, Best Rate: 0.3
Fault: [0,1,1,3,2,5], logL: -9.185999, Exp of LogL: 0.000102, Normalized LogL: -1.837200, Exp of Normalized LogL: 0.159263, Best Rate: 0.3
Fault: [0,1,1,3,0,5], logL: -9.185999, Exp of LogL: 0.000102, Normalized LogL: -1.837200, Exp of Normalized LogL: 0.159263, Best Rate: 0.3
Fault: [0,1,1,3,5,5], logL: -9.185999, Exp of LogL: 0.000102, Normalized LogL: -1.837200, Exp of Normalized LogL: 0.159263, Best Rate: 0.3
Fault: [0,1,1,3,1,5], logL: -9.185999, Exp of LogL: 0.000102, Normalized LogL: -1.837200, Exp of Normalized LogL: 0.159263, Best Rate: 0.3
Fault: [0,1,0,3,4,5], logL: -10.248269, Exp of LogL: 0.000035, Normalized LogL: -2.049654, Exp of Normalized LogL: 0.128779, Best Rate: 0.3
Fault: [0,1,2,3,4,5], logL: -31.530040, Exp of LogL: 0.000000, Normalized LogL: -6.306008, Exp of Normalized LogL: 0.001825, Best Rate: 0.3
Fault: [0,1,3,3,4,5], logL: -32.422368, Exp of LogL: 0.000000, Normalized LogL: -6.484474, Exp of Normalized LogL: 0.001527, Best Rate: 0.3
Fault: [0,1,4,3,4,5], logL: -32.449396, Exp of LogL: 0.000000, Normalized LogL: -6.489879, Exp of Normalized LogL: 0.001519, Best Rate: 0.3
Fault: [0,1,5,3,4,5], logL: -32.449396, Exp of LogL: 0.000000, Normalized LogL: -6.489879, Exp of Normalized LogL: 0.001519, Best Rate: 0.3

========= ADAPTIVE MC DEBUG =========
Total calls: 50
Avg tries: 418.00
Confidence stops: 50
Max stops: 0
Max stop rate: 0.000
Real Fault Rank 1
===== SEED 25 | FR=0.3 | VR=40 =====
executing with fault mode: [0,1,1,3,4,5]

Fault scores (higher is better):
Fault: [0,1,1,3,4,5], logL: -13.338545, Exp of LogL: 0.000002, Normalized LogL: -1.482061, Exp of Normalized LogL: 0.227169, Best Rate: 0.3
Fault: [0,1,1,3,2,5], logL: -13.846867, Exp of LogL: 0.000001, Normalized LogL: -1.538541, Exp of Normalized LogL: 0.214694, Best Rate: 0.3
Fault: [0,1,1,3,0,5], logL: -13.846867, Exp of LogL: 0.000001, Normalized LogL: -1.538541, Exp of Normalized LogL: 0.214694, Best Rate: 0.3
Fault: [0,1,1,3,5,5], logL: -13.846867, Exp of LogL: 0.000001, Normalized LogL: -1.538541, Exp of Normalized LogL: 0.214694, Best Rate: 0.3
Fault: [0,1,1,3,1,5], logL: -13.846867, Exp of LogL: 0.000001, Normalized LogL: -1.538541, Exp of Normalized LogL: 0.214694, Best Rate: 0.3
Fault: [0,1,2,3,4,5], logL: -13.985769, Exp of LogL: 0.000001, Normalized LogL: -1.553974, Exp of Normalized LogL: 0.211406, Best Rate: 0.3
Fault: [0,1,4,3,4,5], logL: -15.337619, Exp of LogL: 0.000000, Normalized LogL: -1.704180, Exp of Normalized LogL: 0.181922, Best Rate: 0.3
Fault: [0,1,5,3,4,5], logL: -15.337619, Exp of LogL: 0.000000, Normalized LogL: -1.704180, Exp of Normalized LogL: 0.181922, Best Rate: 0.3
Fault: [0,1,0,3,4,5], logL: -15.340698, Exp of LogL: 0.000000, Normalized LogL: -1.704522, Exp of Normalized LogL: 0.181859, Best Rate: 0.3
Fault: [0,1,3,3,4,5], logL: -15.610695, Exp of LogL: 0.000000, Normalized LogL: -1.734522, Exp of Normalized LogL: 0.176485, Best Rate: 0.3

========= ADAPTIVE MC DEBUG =========
Total calls: 90
Avg tries: 403.33
Confidence stops: 90
Max stops: 0
Max stop rate: 0.000
Real Fault Rank 1
===== SEED 25 | FR=0.3 | VR=60 =====
executing with fault mode: [0,1,1,3,4,5]

Fault scores (higher is better):
Fault: [0,1,1,3,4,5], logL: -15.561830, Exp of LogL: 0.000000, Normalized LogL: -1.111559, Exp of Normalized LogL: 0.329045, Best Rate: 0.3
Fault: [0,1,2,3,4,5], logL: -15.717445, Exp of LogL: 0.000000, Normalized LogL: -1.122675, Exp of Normalized LogL: 0.325408, Best Rate: 0.3
Fault: [0,1,1,3,2,5], logL: -15.939503, Exp of LogL: 0.000000, Normalized LogL: -1.138536, Exp of Normalized LogL: 0.320288, Best Rate: 0.3
Fault: [0,1,1,3,0,5], logL: -15.939503, Exp of LogL: 0.000000, Normalized LogL: -1.138536, Exp of Normalized LogL: 0.320288, Best Rate: 0.3
Fault: [0,1,1,3,5,5], logL: -15.939503, Exp of LogL: 0.000000, Normalized LogL: -1.138536, Exp of Normalized LogL: 0.320288, Best Rate: 0.3
Fault: [0,1,1,3,1,5], logL: -15.939503, Exp of LogL: 0.000000, Normalized LogL: -1.138536, Exp of Normalized LogL: 0.320288, Best Rate: 0.3
Fault: [0,1,0,3,4,5], logL: -17.119903, Exp of LogL: 0.000000, Normalized LogL: -1.222850, Exp of Normalized LogL: 0.294390, Best Rate: 0.3
Fault: [0,1,3,3,4,5], logL: -17.268193, Exp of LogL: 0.000000, Normalized LogL: -1.233442, Exp of Normalized LogL: 0.291288, Best Rate: 0.3
Fault: [0,1,4,3,4,5], logL: -17.526162, Exp of LogL: 0.000000, Normalized LogL: -1.251869, Exp of Normalized LogL: 0.285970, Best Rate: 0.3
Fault: [0,1,5,3,4,5], logL: -17.526162, Exp of LogL: 0.000000, Normalized LogL: -1.251869, Exp of Normalized LogL: 0.285970, Best Rate: 0.3

========= ADAPTIVE MC DEBUG =========
Total calls: 140
Avg tries: 440.00
Confidence stops: 140
Max stops: 0
Max stop rate: 0.000
Real Fault Rank 1
===== SEED 25 | FR=0.3 | VR=80 =====
executing with fault mode: [0,1,1,3,4,5]

Fault scores (higher is better):
Fault: [0,1,1,3,4,5], logL: -17.517281, Exp of LogL: 0.000000, Normalized LogL: -0.973182, Exp of Normalized LogL: 0.377879, Best Rate: 0.3
Fault: [0,1,2,3,4,5], logL: -17.636030, Exp of LogL: 0.000000, Normalized LogL: -0.979779, Exp of Normalized LogL: 0.375394, Best Rate: 0.3
Fault: [0,1,0,3,4,5], logL: -17.856828, Exp of LogL: 0.000000, Normalized LogL: -0.992046, Exp of Normalized LogL: 0.370817, Best Rate: 0.3
Fault: [0,1,1,3,2,5], logL: -17.894955, Exp of LogL: 0.000000, Normalized LogL: -0.994164, Exp of Normalized LogL: 0.370033, Best Rate: 0.3
Fault: [0,1,1,3,0,5], logL: -17.894955, Exp of LogL: 0.000000, Normalized LogL: -0.994164, Exp of Normalized LogL: 0.370033, Best Rate: 0.3
Fault: [0,1,1,3,5,5], logL: -17.894955, Exp of LogL: 0.000000, Normalized LogL: -0.994164, Exp of Normalized LogL: 0.370033, Best Rate: 0.3
Fault: [0,1,1,3,1,5], logL: -17.894955, Exp of LogL: 0.000000, Normalized LogL: -0.994164, Exp of Normalized LogL: 0.370033, Best Rate: 0.3
Fault: [0,1,3,3,4,5], logL: -19.077115, Exp of LogL: 0.000000, Normalized LogL: -1.059840, Exp of Normalized LogL: 0.346511, Best Rate: 0.3
Fault: [0,1,4,3,4,5], logL: -19.744420, Exp of LogL: 0.000000, Normalized LogL: -1.096912, Exp of Normalized LogL: 0.333900, Best Rate: 0.3
Fault: [0,1,5,3,4,5], logL: -19.744420, Exp of LogL: 0.000000, Normalized LogL: -1.096912, Exp of Normalized LogL: 0.333900, Best Rate: 0.3

========= ADAPTIVE MC DEBUG =========
Total calls: 180
Avg tries: 472.22
Confidence stops: 180
Max stops: 0
Max stop rate: 0.000
Real Fault Rank 1
===== SEED 25 | FR=0.3 | VR=100 =====
executing with fault mode: [0,1,1,3,4,5]

Fault scores (higher is better):
Fault: [0,1,3,3,4,5], logL: -22.220012, Exp of LogL: 0.000000, Normalized LogL: -0.966087, Exp of Normalized LogL: 0.380569, Best Rate: 0.3
Fault: [0,1,1,3,4,5], logL: -22.415307, Exp of LogL: 0.000000, Normalized LogL: -0.974579, Exp of Normalized LogL: 0.377351, Best Rate: 0.3
Fault: [0,1,0,3,4,5], logL: -22.465489, Exp of LogL: 0.000000, Normalized LogL: -0.976760, Exp of Normalized LogL: 0.376529, Best Rate: 0.3
Fault: [0,1,1,3,2,5], logL: -22.792980, Exp of LogL: 0.000000, Normalized LogL: -0.990999, Exp of Normalized LogL: 0.371206, Best Rate: 0.3
Fault: [0,1,1,3,0,5], logL: -22.792980, Exp of LogL: 0.000000, Normalized LogL: -0.990999, Exp of Normalized LogL: 0.371206, Best Rate: 0.3
Fault: [0,1,1,3,5,5], logL: -22.792980, Exp of LogL: 0.000000, Normalized LogL: -0.990999, Exp of Normalized LogL: 0.371206, Best Rate: 0.3
Fault: [0,1,1,3,1,5], logL: -22.792980, Exp of LogL: 0.000000, Normalized LogL: -0.990999, Exp of Normalized LogL: 0.371206, Best Rate: 0.3
Fault: [0,1,2,3,4,5], logL: -46.099966, Exp of LogL: 0.000000, Normalized LogL: -2.004346, Exp of Normalized LogL: 0.134748, Best Rate: 0.3
Fault: [0,1,4,3,4,5], logL: -48.713037, Exp of LogL: 0.000000, Normalized LogL: -2.117958, Exp of Normalized LogL: 0.120277, Best Rate: 0.3
Fault: [0,1,5,3,4,5], logL: -48.713037, Exp of LogL: 0.000000, Normalized LogL: -2.117958, Exp of Normalized LogL: 0.120277, Best Rate: 0.3

========= ADAPTIVE MC DEBUG =========
Total calls: 230
Avg tries: 466.96
Confidence stops: 230
Max stops: 0
Max stop rate: 0.000
Real Fault Rank 2
================= 22/08/2026 04:44:53: SEED 25 END =================
================= 22/08/2026 04:44:53: SEED 26 (24/100), a*=1 fault=[0,2,2,3,4,5] START =================
===== SEED 26 | FR=0.3 | VR=20 =====
executing with fault mode: [0,2,2,3,4,5]

Fault scores (higher is better):
Fault: [0,1,2,3,4,5], logL: -9.610605, Exp of LogL: 0.000067, Normalized LogL: -1.601768, Exp of Normalized LogL: 0.201540, Best Rate: 0.3
Fault: [0,2,2,3,0,5], logL: -10.275355, Exp of LogL: 0.000034, Normalized LogL: -1.712559, Exp of Normalized LogL: 0.180404, Best Rate: 0.3
Fault: [0,2,2,3,2,5], logL: -10.275355, Exp of LogL: 0.000034, Normalized LogL: -1.712559, Exp of Normalized LogL: 0.180404, Best Rate: 0.3
Fault: [0,2,2,3,3,5], logL: -10.275355, Exp of LogL: 0.000034, Normalized LogL: -1.712559, Exp of Normalized LogL: 0.180404, Best Rate: 0.3
Fault: [0,2,2,3,4,5], logL: -10.313095, Exp of LogL: 0.000033, Normalized LogL: -1.718849, Exp of Normalized LogL: 0.179272, Best Rate: 0.3
Fault: [0,2,2,3,1,5], logL: -10.393138, Exp of LogL: 0.000031, Normalized LogL: -1.732190, Exp of Normalized LogL: 0.176897, Best Rate: 0.3
Fault: [0,3,2,3,4,5], logL: -10.419063, Exp of LogL: 0.000030, Normalized LogL: -1.736511, Exp of Normalized LogL: 0.176134, Best Rate: 0.3
Fault: [0,4,2,3,4,5], logL: -10.495049, Exp of LogL: 0.000028, Normalized LogL: -1.749175, Exp of Normalized LogL: 0.173917, Best Rate: 0.3
Fault: [0,5,2,3,4,5], logL: -10.521717, Exp of LogL: 0.000027, Normalized LogL: -1.753620, Exp of Normalized LogL: 0.173146, Best Rate: 0.3
Fault: [0,0,2,3,4,5], logL: -11.039323, Exp of LogL: 0.000016, Normalized LogL: -1.839887, Exp of Normalized LogL: 0.158835, Best Rate: 0.3

========= ADAPTIVE MC DEBUG =========
Total calls: 60
Avg tries: 391.67
Confidence stops: 60
Max stops: 0
Max stop rate: 0.000
Real Fault Rank 5
===== SEED 26 | FR=0.3 | VR=40 =====
executing with fault mode: [0,2,2,3,4,5]

Fault scores (higher is better):
Fault: [0,1,2,3,4,5], logL: -15.952643, Exp of LogL: 0.000000, Normalized LogL: -1.450240, Exp of Normalized LogL: 0.234514, Best Rate: 0.3
Fault: [0,4,2,3,4,5], logL: -16.382470, Exp of LogL: 0.000000, Normalized LogL: -1.489315, Exp of Normalized LogL: 0.225527, Best Rate: 0.3
Fault: [0,3,2,3,4,5], logL: -16.382470, Exp of LogL: 0.000000, Normalized LogL: -1.489315, Exp of Normalized LogL: 0.225527, Best Rate: 0.3
Fault: [0,5,2,3,4,5], logL: -16.594905, Exp of LogL: 0.000000, Normalized LogL: -1.508628, Exp of Normalized LogL: 0.221213, Best Rate: 0.3
Fault: [0,2,2,3,4,5], logL: -16.666983, Exp of LogL: 0.000000, Normalized LogL: -1.515180, Exp of Normalized LogL: 0.219769, Best Rate: 0.3
Fault: [0,2,2,3,0,5], logL: -16.833556, Exp of LogL: 0.000000, Normalized LogL: -1.530323, Exp of Normalized LogL: 0.216466, Best Rate: 0.3
Fault: [0,2,2,3,2,5], logL: -16.833556, Exp of LogL: 0.000000, Normalized LogL: -1.530323, Exp of Normalized LogL: 0.216466, Best Rate: 0.3
Fault: [0,2,2,3,3,5], logL: -16.833556, Exp of LogL: 0.000000, Normalized LogL: -1.530323, Exp of Normalized LogL: 0.216466, Best Rate: 0.3
Fault: [0,2,2,3,1,5], logL: -16.946885, Exp of LogL: 0.000000, Normalized LogL: -1.540626, Exp of Normalized LogL: 0.214247, Best Rate: 0.3
Fault: [0,0,2,3,4,5], logL: -17.292216, Exp of LogL: 0.000000, Normalized LogL: -1.572020, Exp of Normalized LogL: 0.207625, Best Rate: 0.3

========= ADAPTIVE MC DEBUG =========
Total calls: 110
Avg tries: 419.55
Confidence stops: 110
Max stops: 0
Max stop rate: 0.000
Real Fault Rank 5
===== SEED 26 | FR=0.3 | VR=60 =====
executing with fault mode: [0,2,2,3,4,5]

Fault scores (higher is better):
Fault: [0,1,2,3,4,5], logL: -18.604888, Exp of LogL: 0.000000, Normalized LogL: -1.162805, Exp of Normalized LogL: 0.312608, Best Rate: 0.3
Fault: [0,5,2,3,4,5], logL: -19.254264, Exp of LogL: 0.000000, Normalized LogL: -1.203392, Exp of Normalized LogL: 0.300174, Best Rate: 0.3
Fault: [0,4,2,3,4,5], logL: -19.254264, Exp of LogL: 0.000000, Normalized LogL: -1.203392, Exp of Normalized LogL: 0.300174, Best Rate: 0.3
Fault: [0,3,2,3,4,5], logL: -19.254264, Exp of LogL: 0.000000, Normalized LogL: -1.203392, Exp of Normalized LogL: 0.300174, Best Rate: 0.3
Fault: [0,0,2,3,4,5], logL: -20.311826, Exp of LogL: 0.000000, Normalized LogL: -1.269489, Exp of Normalized LogL: 0.280975, Best Rate: 0.3
Fault: [0,2,2,3,4,5], logL: -20.472161, Exp of LogL: 0.000000, Normalized LogL: -1.279510, Exp of Normalized LogL: 0.278174, Best Rate: 0.3
Fault: [0,2,2,3,0,5], logL: -20.803447, Exp of LogL: 0.000000, Normalized LogL: -1.300215, Exp of Normalized LogL: 0.272473, Best Rate: 0.3
Fault: [0,2,2,3,1,5], logL: -20.803447, Exp of LogL: 0.000000, Normalized LogL: -1.300215, Exp of Normalized LogL: 0.272473, Best Rate: 0.3
Fault: [0,2,2,3,2,5], logL: -20.803447, Exp of LogL: 0.000000, Normalized LogL: -1.300215, Exp of Normalized LogL: 0.272473, Best Rate: 0.3
Fault: [0,2,2,3,3,5], logL: -20.803447, Exp of LogL: 0.000000, Normalized LogL: -1.300215, Exp of Normalized LogL: 0.272473, Best Rate: 0.3

========= ADAPTIVE MC DEBUG =========
Total calls: 160
Avg tries: 440.00
Confidence stops: 160
Max stops: 0
Max stop rate: 0.000
Real Fault Rank 6
===== SEED 26 | FR=0.3 | VR=80 =====
executing with fault mode: [0,2,2,3,4,5]

Fault scores (higher is better):
Fault: [0,1,2,3,4,5], logL: -23.450745, Exp of LogL: 0.000000, Normalized LogL: -1.116702, Exp of Normalized LogL: 0.327358, Best Rate: 0.3
Fault: [0,5,2,3,4,5], logL: -24.401403, Exp of LogL: 0.000000, Normalized LogL: -1.161972, Exp of Normalized LogL: 0.312869, Best Rate: 0.3
Fault: [0,4,2,3,4,5], logL: -24.401403, Exp of LogL: 0.000000, Normalized LogL: -1.161972, Exp of Normalized LogL: 0.312869, Best Rate: 0.3
Fault: [0,3,2,3,4,5], logL: -24.401403, Exp of LogL: 0.000000, Normalized LogL: -1.161972, Exp of Normalized LogL: 0.312869, Best Rate: 0.3
Fault: [0,2,2,3,4,5], logL: -24.852312, Exp of LogL: 0.000000, Normalized LogL: -1.183443, Exp of Normalized LogL: 0.306222, Best Rate: 0.3
Fault: [0,2,2,3,0,5], logL: -25.183598, Exp of LogL: 0.000000, Normalized LogL: -1.199219, Exp of Normalized LogL: 0.301430, Best Rate: 0.3
Fault: [0,2,2,3,1,5], logL: -25.183598, Exp of LogL: 0.000000, Normalized LogL: -1.199219, Exp of Normalized LogL: 0.301430, Best Rate: 0.3
Fault: [0,2,2,3,2,5], logL: -25.183598, Exp of LogL: 0.000000, Normalized LogL: -1.199219, Exp of Normalized LogL: 0.301430, Best Rate: 0.3
Fault: [0,2,2,3,3,5], logL: -25.183598, Exp of LogL: 0.000000, Normalized LogL: -1.199219, Exp of Normalized LogL: 0.301430, Best Rate: 0.3
Fault: [0,0,2,3,4,5], logL: -25.269411, Exp of LogL: 0.000000, Normalized LogL: -1.203305, Exp of Normalized LogL: 0.300200, Best Rate: 0.3

========= ADAPTIVE MC DEBUG =========
Total calls: 210
Avg tries: 447.86
Confidence stops: 210
Max stops: 0
Max stop rate: 0.000
Real Fault Rank 5
===== SEED 26 | FR=0.3 | VR=100 =====
executing with fault mode: [0,2,2,3,4,5]

Fault scores (higher is better):
Fault: [0,1,2,3,4,5], logL: -24.183706, Exp of LogL: 0.000000, Normalized LogL: -0.895693, Exp of Normalized LogL: 0.408325, Best Rate: 0.3
Fault: [0,5,2,3,4,5], logL: -25.134364, Exp of LogL: 0.000000, Normalized LogL: -0.930902, Exp of Normalized LogL: 0.394198, Best Rate: 0.3
Fault: [0,4,2,3,4,5], logL: -25.134364, Exp of LogL: 0.000000, Normalized LogL: -0.930902, Exp of Normalized LogL: 0.394198, Best Rate: 0.3
Fault: [0,3,2,3,4,5], logL: -25.134364, Exp of LogL: 0.000000, Normalized LogL: -0.930902, Exp of Normalized LogL: 0.394198, Best Rate: 0.3
Fault: [0,2,2,3,4,5], logL: -25.585273, Exp of LogL: 0.000000, Normalized LogL: -0.947603, Exp of Normalized LogL: 0.387669, Best Rate: 0.3
Fault: [0,2,2,3,0,5], logL: -25.916559, Exp of LogL: 0.000000, Normalized LogL: -0.959873, Exp of Normalized LogL: 0.382942, Best Rate: 0.3
Fault: [0,2,2,3,1,5], logL: -25.916559, Exp of LogL: 0.000000, Normalized LogL: -0.959873, Exp of Normalized LogL: 0.382942, Best Rate: 0.3
Fault: [0,2,2,3,2,5], logL: -25.916559, Exp of LogL: 0.000000, Normalized LogL: -0.959873, Exp of Normalized LogL: 0.382942, Best Rate: 0.3
Fault: [0,2,2,3,3,5], logL: -25.916559, Exp of LogL: 0.000000, Normalized LogL: -0.959873, Exp of Normalized LogL: 0.382942, Best Rate: 0.3
Fault: [0,0,2,3,4,5], logL: -26.002371, Exp of LogL: 0.000000, Normalized LogL: -0.963051, Exp of Normalized LogL: 0.381727, Best Rate: 0.3

========= ADAPTIVE MC DEBUG =========
Total calls: 270
Avg tries: 477.96
Confidence stops: 270
Max stops: 0
Max stop rate: 0.000
Real Fault Rank 5
================= 22/08/2026 04:45:34: SEED 26 END =================
================= 22/08/2026 04:45:34: SEED 27 (25/100), a*=1 fault=[0,0,2,3,4,5] START =================
===== SEED 27 | FR=0.3 | VR=20 =====
executing with fault mode: [0,0,2,3,4,5]

executing with fault mode: [0,0,2,3,4,5]

Fault scores (higher is better):
Fault: [0,0,2,3,4,5], logL: -7.939390, Exp of LogL: 0.000356, Normalized LogL: -1.587878, Exp of Normalized LogL: 0.204359, Best Rate: 0.3
Fault: [0,0,2,3,1,5], logL: -8.034700, Exp of LogL: 0.000324, Normalized LogL: -1.606940, Exp of Normalized LogL: 0.200500, Best Rate: 0.3
Fault: [0,0,2,3,5,5], logL: -8.034700, Exp of LogL: 0.000324, Normalized LogL: -1.606940, Exp of Normalized LogL: 0.200500, Best Rate: 0.3
Fault: [0,0,2,3,2,5], logL: -8.034700, Exp of LogL: 0.000324, Normalized LogL: -1.606940, Exp of Normalized LogL: 0.200500, Best Rate: 0.3
Fault: [0,3,2,3,4,5], logL: -8.157749, Exp of LogL: 0.000287, Normalized LogL: -1.631550, Exp of Normalized LogL: 0.195626, Best Rate: 0.3
Fault: [0,0,2,3,3,5], logL: -8.257844, Exp of LogL: 0.000259, Normalized LogL: -1.651569, Exp of Normalized LogL: 0.191749, Best Rate: 0.3
Fault: [0,2,2,3,4,5], logL: -8.833208, Exp of LogL: 0.000146, Normalized LogL: -1.766642, Exp of Normalized LogL: 0.170906, Best Rate: 0.3
Fault: [0,1,2,3,4,5], logL: -9.090701, Exp of LogL: 0.000113, Normalized LogL: -1.818140, Exp of Normalized LogL: 0.162327, Best Rate: 0.3
Fault: [0,4,2,3,4,5], logL: -10.194704, Exp of LogL: 0.000037, Normalized LogL: -2.038941, Exp of Normalized LogL: 0.130167, Best Rate: 0.3
Fault: [0,5,2,3,4,5], logL: -10.194704, Exp of LogL: 0.000037, Normalized LogL: -2.038941, Exp of Normalized LogL: 0.130167, Best Rate: 0.3

========= ADAPTIVE MC DEBUG =========
Total calls: 50
Avg tries: 411.00
Confidence stops: 50
Max stops: 0
Max stop rate: 0.000
Real Fault Rank 1
===== SEED 27 | FR=0.3 | VR=40 =====
executing with fault mode: [0,0,2,3,4,5]

executing with fault mode: [0,0,2,3,4,5]

Fault scores (higher is better):
Fault: [0,0,2,3,4,5], logL: -10.593748, Exp of LogL: 0.000025, Normalized LogL: -1.177083, Exp of Normalized LogL: 0.308176, Best Rate: 0.3
Fault: [0,0,2,3,3,5], logL: -10.860909, Exp of LogL: 0.000019, Normalized LogL: -1.206768, Exp of Normalized LogL: 0.299163, Best Rate: 0.3
Fault: [0,0,2,3,1,5], logL: -10.912202, Exp of LogL: 0.000018, Normalized LogL: -1.212467, Exp of Normalized LogL: 0.297463, Best Rate: 0.3
Fault: [0,0,2,3,5,5], logL: -10.912202, Exp of LogL: 0.000018, Normalized LogL: -1.212467, Exp of Normalized LogL: 0.297463, Best Rate: 0.3
Fault: [0,0,2,3,2,5], logL: -10.912202, Exp of LogL: 0.000018, Normalized LogL: -1.212467, Exp of Normalized LogL: 0.297463, Best Rate: 0.3
Fault: [0,3,2,3,4,5], logL: -11.088391, Exp of LogL: 0.000015, Normalized LogL: -1.232043, Exp of Normalized LogL: 0.291696, Best Rate: 0.3
Fault: [0,1,2,3,4,5], logL: -36.243051, Exp of LogL: 0.000000, Normalized LogL: -4.027006, Exp of Normalized LogL: 0.017828, Best Rate: 0.3
Fault: [0,4,2,3,4,5], logL: -36.245950, Exp of LogL: 0.000000, Normalized LogL: -4.027328, Exp of Normalized LogL: 0.017822, Best Rate: 0.3
Fault: [0,2,2,3,4,5], logL: -36.245950, Exp of LogL: 0.000000, Normalized LogL: -4.027328, Exp of Normalized LogL: 0.017822, Best Rate: 0.3
Fault: [0,5,2,3,4,5], logL: -36.245950, Exp of LogL: 0.000000, Normalized LogL: -4.027328, Exp of Normalized LogL: 0.017822, Best Rate: 0.3

========= ADAPTIVE MC DEBUG =========
Total calls: 90
Avg tries: 447.22
Confidence stops: 90
Max stops: 0
Max stop rate: 0.000
Real Fault Rank 1
===== SEED 27 | FR=0.3 | VR=60 =====
executing with fault mode: [0,0,2,3,4,5]

executing with fault mode: [0,0,2,3,4,5]

Fault scores (higher is better):
Fault: [0,3,2,3,4,5], logL: -16.222123, Exp of LogL: 0.000000, Normalized LogL: -1.158723, Exp of Normalized LogL: 0.313887, Best Rate: 0.3
Fault: [0,0,2,3,4,5], logL: -16.234608, Exp of LogL: 0.000000, Normalized LogL: -1.159615, Exp of Normalized LogL: 0.313607, Best Rate: 0.3
Fault: [0,0,2,3,1,5], logL: -16.502451, Exp of LogL: 0.000000, Normalized LogL: -1.178747, Exp of Normalized LogL: 0.307664, Best Rate: 0.3
Fault: [0,0,2,3,3,5], logL: -16.502451, Exp of LogL: 0.000000, Normalized LogL: -1.178747, Exp of Normalized LogL: 0.307664, Best Rate: 0.3
Fault: [0,0,2,3,5,5], logL: -16.502451, Exp of LogL: 0.000000, Normalized LogL: -1.178747, Exp of Normalized LogL: 0.307664, Best Rate: 0.3
Fault: [0,0,2,3,2,5], logL: -16.502451, Exp of LogL: 0.000000, Normalized LogL: -1.178747, Exp of Normalized LogL: 0.307664, Best Rate: 0.3
Fault: [0,1,2,3,4,5], logL: -40.965138, Exp of LogL: 0.000000, Normalized LogL: -2.926081, Exp of Normalized LogL: 0.053607, Best Rate: 0.3
Fault: [0,4,2,3,4,5], logL: -41.125172, Exp of LogL: 0.000000, Normalized LogL: -2.937512, Exp of Normalized LogL: 0.052997, Best Rate: 0.3
Fault: [0,2,2,3,4,5], logL: -41.125172, Exp of LogL: 0.000000, Normalized LogL: -2.937512, Exp of Normalized LogL: 0.052997, Best Rate: 0.3
Fault: [0,5,2,3,4,5], logL: -41.125172, Exp of LogL: 0.000000, Normalized LogL: -2.937512, Exp of Normalized LogL: 0.052997, Best Rate: 0.3

========= ADAPTIVE MC DEBUG =========
Total calls: 140
Avg tries: 462.50
Confidence stops: 140
Max stops: 0
Max stop rate: 0.000
Real Fault Rank 2
===== SEED 27 | FR=0.3 | VR=80 =====
executing with fault mode: [0,0,2,3,4,5]

executing with fault mode: [0,0,2,3,4,5]

Fault scores (higher is better):
Fault: [0,0,2,3,4,5], logL: -16.412668, Exp of LogL: 0.000000, Normalized LogL: -0.911815, Exp of Normalized LogL: 0.401794, Best Rate: 0.3
Fault: [0,3,2,3,4,5], logL: -16.651498, Exp of LogL: 0.000000, Normalized LogL: -0.925083, Exp of Normalized LogL: 0.396498, Best Rate: 0.3
Fault: [0,0,2,3,1,5], logL: -16.795661, Exp of LogL: 0.000000, Normalized LogL: -0.933092, Exp of Normalized LogL: 0.393336, Best Rate: 0.3
Fault: [0,0,2,3,3,5], logL: -16.795661, Exp of LogL: 0.000000, Normalized LogL: -0.933092, Exp of Normalized LogL: 0.393336, Best Rate: 0.3
Fault: [0,0,2,3,5,5], logL: -16.795661, Exp of LogL: 0.000000, Normalized LogL: -0.933092, Exp of Normalized LogL: 0.393336, Best Rate: 0.3
Fault: [0,0,2,3,2,5], logL: -16.795661, Exp of LogL: 0.000000, Normalized LogL: -0.933092, Exp of Normalized LogL: 0.393336, Best Rate: 0.3
Fault: [0,1,2,3,4,5], logL: -41.143199, Exp of LogL: 0.000000, Normalized LogL: -2.285733, Exp of Normalized LogL: 0.101699, Best Rate: 0.3
Fault: [0,4,2,3,4,5], logL: -41.589448, Exp of LogL: 0.000000, Normalized LogL: -2.310525, Exp of Normalized LogL: 0.099209, Best Rate: 0.3
Fault: [0,2,2,3,4,5], logL: -41.589448, Exp of LogL: 0.000000, Normalized LogL: -2.310525, Exp of Normalized LogL: 0.099209, Best Rate: 0.3
Fault: [0,5,2,3,4,5], logL: -41.589448, Exp of LogL: 0.000000, Normalized LogL: -2.310525, Exp of Normalized LogL: 0.099209, Best Rate: 0.3

========= ADAPTIVE MC DEBUG =========
Total calls: 180
Avg tries: 460.83
Confidence stops: 180
Max stops: 0
Max stop rate: 0.000
Real Fault Rank 1
===== SEED 27 | FR=0.3 | VR=100 =====
executing with fault mode: [0,0,2,3,4,5]

executing with fault mode: [0,0,2,3,4,5]

Fault scores (higher is better):
Fault: [0,0,2,3,4,5], logL: -18.016807, Exp of LogL: 0.000000, Normalized LogL: -0.783339, Exp of Normalized LogL: 0.456878, Best Rate: 0.3
Fault: [0,0,2,3,1,5], logL: -18.399799, Exp of LogL: 0.000000, Normalized LogL: -0.799991, Exp of Normalized LogL: 0.449333, Best Rate: 0.3
Fault: [0,0,2,3,3,5], logL: -18.399799, Exp of LogL: 0.000000, Normalized LogL: -0.799991, Exp of Normalized LogL: 0.449333, Best Rate: 0.3
Fault: [0,0,2,3,5,5], logL: -18.399799, Exp of LogL: 0.000000, Normalized LogL: -0.799991, Exp of Normalized LogL: 0.449333, Best Rate: 0.3
Fault: [0,0,2,3,2,5], logL: -18.399799, Exp of LogL: 0.000000, Normalized LogL: -0.799991, Exp of Normalized LogL: 0.449333, Best Rate: 0.3
Fault: [0,3,2,3,4,5], logL: -18.623852, Exp of LogL: 0.000000, Normalized LogL: -0.809733, Exp of Normalized LogL: 0.444977, Best Rate: 0.3
Fault: [0,1,2,3,4,5], logL: -43.404117, Exp of LogL: 0.000000, Normalized LogL: -1.887136, Exp of Normalized LogL: 0.151505, Best Rate: 0.3
Fault: [0,4,2,3,4,5], logL: -43.656211, Exp of LogL: 0.000000, Normalized LogL: -1.898096, Exp of Normalized LogL: 0.149854, Best Rate: 0.3
Fault: [0,2,2,3,4,5], logL: -43.656211, Exp of LogL: 0.000000, Normalized LogL: -1.898096, Exp of Normalized LogL: 0.149854, Best Rate: 0.3
Fault: [0,5,2,3,4,5], logL: -43.656211, Exp of LogL: 0.000000, Normalized LogL: -1.898096, Exp of Normalized LogL: 0.149854, Best Rate: 0.3

========= ADAPTIVE MC DEBUG =========
Total calls: 230
Avg tries: 473.04
Confidence stops: 230
Max stops: 0
Max stop rate: 0.000
Real Fault Rank 1
================= 22/08/2026 04:46:10: SEED 27 END =================
================= 22/08/2026 04:46:10: SEED 28 (26/100), a*=3 fault=[0,1,2,4,4,5] START =================
===== SEED 28 | FR=0.3 | VR=20 =====
executing with fault mode: [0,1,2,4,4,5]

executing with fault mode: [0,1,2,4,4,5]

Fault scores (higher is better):
Fault: [0,1,2,5,4,5], logL: -7.676785, Exp of LogL: 0.000463, Normalized LogL: -1.535357, Exp of Normalized LogL: 0.215379, Best Rate: 0.3
Fault: [0,1,2,4,4,5], logL: -7.676785, Exp of LogL: 0.000463, Normalized LogL: -1.535357, Exp of Normalized LogL: 0.215379, Best Rate: 0.3
Fault: [0,1,2,4,0,5], logL: -7.782146, Exp of LogL: 0.000417, Normalized LogL: -1.556429, Exp of Normalized LogL: 0.210888, Best Rate: 0.3
Fault: [0,1,2,4,5,5], logL: -7.794568, Exp of LogL: 0.000412, Normalized LogL: -1.558914, Exp of Normalized LogL: 0.210364, Best Rate: 0.3
Fault: [0,1,2,4,1,5], logL: -7.794568, Exp of LogL: 0.000412, Normalized LogL: -1.558914, Exp of Normalized LogL: 0.210364, Best Rate: 0.3
Fault: [0,1,2,4,2,5], logL: -7.819886, Exp of LogL: 0.000402, Normalized LogL: -1.563977, Exp of Normalized LogL: 0.209302, Best Rate: 0.3
Fault: [0,1,2,0,4,5], logL: -9.577786, Exp of LogL: 0.000069, Normalized LogL: -1.915557, Exp of Normalized LogL: 0.147260, Best Rate: 0.3
Fault: [0,1,2,2,4,5], logL: -9.676184, Exp of LogL: 0.000063, Normalized LogL: -1.935237, Exp of Normalized LogL: 0.144390, Best Rate: 0.3
Fault: [0,1,2,1,4,5], logL: -10.223409, Exp of LogL: 0.000036, Normalized LogL: -2.044682, Exp of Normalized LogL: 0.129421, Best Rate: 0.3
Fault: [0,1,2,3,4,5], logL: -10.250145, Exp of LogL: 0.000035, Normalized LogL: -2.050029, Exp of Normalized LogL: 0.128731, Best Rate: 0.3

========= ADAPTIVE MC DEBUG =========
Total calls: 50
Avg tries: 405.00
Confidence stops: 50
Max stops: 0
Max stop rate: 0.000
Real Fault Rank 2
===== SEED 28 | FR=0.3 | VR=40 =====
executing with fault mode: [0,1,2,4,4,5]

executing with fault mode: [0,1,2,4,4,5]

Fault scores (higher is better):
Fault: [0,1,2,5,4,5], logL: -13.885914, Exp of LogL: 0.000001, Normalized LogL: -1.542879, Exp of Normalized LogL: 0.213765, Best Rate: 0.3
Fault: [0,1,2,4,4,5], logL: -13.885914, Exp of LogL: 0.000001, Normalized LogL: -1.542879, Exp of Normalized LogL: 0.213765, Best Rate: 0.3
Fault: [0,1,2,4,5,5], logL: -14.579061, Exp of LogL: 0.000000, Normalized LogL: -1.619896, Exp of Normalized LogL: 0.197919, Best Rate: 0.3
Fault: [0,1,2,4,1,5], logL: -14.579061, Exp of LogL: 0.000000, Normalized LogL: -1.619896, Exp of Normalized LogL: 0.197919, Best Rate: 0.3
Fault: [0,1,2,4,2,5], logL: -14.579061, Exp of LogL: 0.000000, Normalized LogL: -1.619896, Exp of Normalized LogL: 0.197919, Best Rate: 0.3
Fault: [0,1,2,4,0,5], logL: -14.802204, Exp of LogL: 0.000000, Normalized LogL: -1.644689, Exp of Normalized LogL: 0.193073, Best Rate: 0.3
Fault: [0,1,2,1,4,5], logL: -16.251426, Exp of LogL: 0.000000, Normalized LogL: -1.805714, Exp of Normalized LogL: 0.164357, Best Rate: 0.3
Fault: [0,1,2,3,4,5], logL: -16.526174, Exp of LogL: 0.000000, Normalized LogL: -1.836242, Exp of Normalized LogL: 0.159415, Best Rate: 0.3
Fault: [0,1,2,0,4,5], logL: -17.001066, Exp of LogL: 0.000000, Normalized LogL: -1.889007, Exp of Normalized LogL: 0.151222, Best Rate: 0.3
Fault: [0,1,2,2,4,5], logL: -17.176977, Exp of LogL: 0.000000, Normalized LogL: -1.908553, Exp of Normalized LogL: 0.148295, Best Rate: 0.3

========= ADAPTIVE MC DEBUG =========
Total calls: 90
Avg tries: 393.89
Confidence stops: 90
Max stops: 0
Max stop rate: 0.000
Real Fault Rank 2
===== SEED 28 | FR=0.3 | VR=60 =====
executing with fault mode: [0,1,2,4,4,5]

executing with fault mode: [0,1,2,4,4,5]

Fault scores (higher is better):
Fault: [0,1,2,5,4,5], logL: -17.818931, Exp of LogL: 0.000000, Normalized LogL: -1.272781, Exp of Normalized LogL: 0.280052, Best Rate: 0.3
Fault: [0,1,2,4,4,5], logL: -17.818931, Exp of LogL: 0.000000, Normalized LogL: -1.272781, Exp of Normalized LogL: 0.280052, Best Rate: 0.3
Fault: [0,1,2,4,5,5], logL: -18.512078, Exp of LogL: 0.000000, Normalized LogL: -1.322291, Exp of Normalized LogL: 0.266524, Best Rate: 0.3
Fault: [0,1,2,4,1,5], logL: -18.512078, Exp of LogL: 0.000000, Normalized LogL: -1.322291, Exp of Normalized LogL: 0.266524, Best Rate: 0.3
Fault: [0,1,2,4,2,5], logL: -18.512078, Exp of LogL: 0.000000, Normalized LogL: -1.322291, Exp of Normalized LogL: 0.266524, Best Rate: 0.3
Fault: [0,1,2,4,0,5], logL: -18.735222, Exp of LogL: 0.000000, Normalized LogL: -1.338230, Exp of Normalized LogL: 0.262310, Best Rate: 0.3
Fault: [0,1,2,3,4,5], logL: -174.953742, Exp of LogL: 0.000000, Normalized LogL: -12.496696, Exp of Normalized LogL: 0.000004, Best Rate: 0.3
Fault: [0,1,2,1,4,5], logL: -175.775793, Exp of LogL: 0.000000, Normalized LogL: -12.555414, Exp of Normalized LogL: 0.000004, Best Rate: 0.3
Fault: [0,1,2,0,4,5], logL: -176.005546, Exp of LogL: 0.000000, Normalized LogL: -12.571825, Exp of Normalized LogL: 0.000003, Best Rate: 0.3
Fault: [0,1,2,2,4,5], logL: -176.053949, Exp of LogL: 0.000000, Normalized LogL: -12.575282, Exp of Normalized LogL: 0.000003, Best Rate: 0.3

========= ADAPTIVE MC DEBUG =========
Total calls: 140
Avg tries: 427.86
Confidence stops: 140
Max stops: 0
Max stop rate: 0.000
Real Fault Rank 2
===== SEED 28 | FR=0.3 | VR=80 =====
executing with fault mode: [0,1,2,4,4,5]

executing with fault mode: [0,1,2,4,4,5]

Fault scores (higher is better):
Fault: [0,1,2,4,5,5], logL: -19.382961, Exp of LogL: 0.000000, Normalized LogL: -1.076831, Exp of Normalized LogL: 0.340673, Best Rate: 0.3
Fault: [0,1,2,4,1,5], logL: -19.382961, Exp of LogL: 0.000000, Normalized LogL: -1.076831, Exp of Normalized LogL: 0.340673, Best Rate: 0.3
Fault: [0,1,2,5,4,5], logL: -20.299252, Exp of LogL: 0.000000, Normalized LogL: -1.127736, Exp of Normalized LogL: 0.323765, Best Rate: 0.3
Fault: [0,1,2,4,4,5], logL: -20.299252, Exp of LogL: 0.000000, Normalized LogL: -1.127736, Exp of Normalized LogL: 0.323765, Best Rate: 0.3
Fault: [0,1,2,4,0,5], logL: -20.299252, Exp of LogL: 0.000000, Normalized LogL: -1.127736, Exp of Normalized LogL: 0.323765, Best Rate: 0.3
Fault: [0,1,2,4,2,5], logL: -20.299252, Exp of LogL: 0.000000, Normalized LogL: -1.127736, Exp of Normalized LogL: 0.323765, Best Rate: 0.3
Fault: [0,1,2,3,4,5], logL: -177.198915, Exp of LogL: 0.000000, Normalized LogL: -9.844384, Exp of Normalized LogL: 0.000053, Best Rate: 0.3
Fault: [0,1,2,1,4,5], logL: -178.393371, Exp of LogL: 0.000000, Normalized LogL: -9.910743, Exp of Normalized LogL: 0.000050, Best Rate: 0.3
Fault: [0,1,2,2,4,5], logL: -178.742465, Exp of LogL: 0.000000, Normalized LogL: -9.930137, Exp of Normalized LogL: 0.000049, Best Rate: 0.3
Fault: [0,1,2,0,4,5], logL: -179.077998, Exp of LogL: 0.000000, Normalized LogL: -9.948778, Exp of Normalized LogL: 0.000048, Best Rate: 0.3

========= ADAPTIVE MC DEBUG =========
Total calls: 180
Avg tries: 458.06
Confidence stops: 180
Max stops: 0
Max stop rate: 0.000
Real Fault Rank 4
===== SEED 28 | FR=0.3 | VR=100 =====
executing with fault mode: [0,1,2,4,4,5]

executing with fault mode: [0,1,2,4,4,5]

Fault scores (higher is better):
Fault: [0,1,2,5,4,5], logL: -19.982128, Exp of LogL: 0.000000, Normalized LogL: -0.868788, Exp of Normalized LogL: 0.419460, Best Rate: 0.3
Fault: [0,1,2,4,4,5], logL: -19.982128, Exp of LogL: 0.000000, Normalized LogL: -0.868788, Exp of Normalized LogL: 0.419460, Best Rate: 0.3
Fault: [0,1,2,4,5,5], logL: -20.313414, Exp of LogL: 0.000000, Normalized LogL: -0.883192, Exp of Normalized LogL: 0.413461, Best Rate: 0.3
Fault: [0,1,2,4,1,5], logL: -20.313414, Exp of LogL: 0.000000, Normalized LogL: -0.883192, Exp of Normalized LogL: 0.413461, Best Rate: 0.3
Fault: [0,1,2,4,0,5], logL: -20.313414, Exp of LogL: 0.000000, Normalized LogL: -0.883192, Exp of Normalized LogL: 0.413461, Best Rate: 0.3
Fault: [0,1,2,4,2,5], logL: -20.313414, Exp of LogL: 0.000000, Normalized LogL: -0.883192, Exp of Normalized LogL: 0.413461, Best Rate: 0.3
Fault: [0,1,2,3,4,5], logL: -177.895541, Exp of LogL: 0.000000, Normalized LogL: -7.734589, Exp of Normalized LogL: 0.000437, Best Rate: 0.3
Fault: [0,1,2,1,4,5], logL: -178.082395, Exp of LogL: 0.000000, Normalized LogL: -7.742713, Exp of Normalized LogL: 0.000434, Best Rate: 0.3
Fault: [0,1,2,2,4,5], logL: -178.425341, Exp of LogL: 0.000000, Normalized LogL: -7.757624, Exp of Normalized LogL: 0.000427, Best Rate: 0.3
Fault: [0,1,2,0,4,5], logL: -179.081597, Exp of LogL: 0.000000, Normalized LogL: -7.786156, Exp of Normalized LogL: 0.000415, Best Rate: 0.3

========= ADAPTIVE MC DEBUG =========
Total calls: 230
Avg tries: 474.13
Confidence stops: 230
Max stops: 0
Max stop rate: 0.000
Real Fault Rank 2
================= 22/08/2026 04:46:44: SEED 28 END =================
================= 22/08/2026 04:46:44: SEED 29 (27/100), a*=1 fault=[0,0,2,3,4,5] START =================
===== SEED 29 | FR=0.3 | VR=20 =====
executing with fault mode: [0,0,2,3,4,5]

Fault scores (higher is better):
Fault: [0,3,2,3,4,5], logL: -16.289608, Exp of LogL: 0.000000, Normalized LogL: -2.036201, Exp of Normalized LogL: 0.130524, Best Rate: 0.3
Fault: [0,0,2,3,0,5], logL: -16.922573, Exp of LogL: 0.000000, Normalized LogL: -2.115322, Exp of Normalized LogL: 0.120594, Best Rate: 0.3
Fault: [0,0,2,3,3,5], logL: -16.972584, Exp of LogL: 0.000000, Normalized LogL: -2.121573, Exp of Normalized LogL: 0.119843, Best Rate: 0.3
Fault: [0,0,2,3,4,5], logL: -16.998559, Exp of LogL: 0.000000, Normalized LogL: -2.124820, Exp of Normalized LogL: 0.119454, Best Rate: 0.3
Fault: [0,0,2,3,2,5], logL: -16.998559, Exp of LogL: 0.000000, Normalized LogL: -2.124820, Exp of Normalized LogL: 0.119454, Best Rate: 0.3
Fault: [0,0,2,3,5,5], logL: -16.998559, Exp of LogL: 0.000000, Normalized LogL: -2.124820, Exp of Normalized LogL: 0.119454, Best Rate: 0.3
Fault: [0,4,2,3,4,5], logL: -17.412259, Exp of LogL: 0.000000, Normalized LogL: -2.176532, Exp of Normalized LogL: 0.113434, Best Rate: 0.3
Fault: [0,5,2,3,4,5], logL: -17.412259, Exp of LogL: 0.000000, Normalized LogL: -2.176532, Exp of Normalized LogL: 0.113434, Best Rate: 0.3
Fault: [0,2,2,3,4,5], logL: -17.837926, Exp of LogL: 0.000000, Normalized LogL: -2.229741, Exp of Normalized LogL: 0.107556, Best Rate: 0.3
Fault: [0,1,2,3,4,5], logL: -41.388130, Exp of LogL: 0.000000, Normalized LogL: -5.173516, Exp of Normalized LogL: 0.005665, Best Rate: 0.3

========= ADAPTIVE MC DEBUG =========
Total calls: 80
Avg tries: 317.50
Confidence stops: 80
Max stops: 0
Max stop rate: 0.000
Real Fault Rank 4
===== SEED 29 | FR=0.3 | VR=40 =====
executing with fault mode: [0,0,2,3,4,5]

Fault scores (higher is better):
Fault: [0,0,2,3,4,5], logL: -26.138050, Exp of LogL: 0.000000, Normalized LogL: -1.742537, Exp of Normalized LogL: 0.175076, Best Rate: 0.3
Fault: [0,0,2,3,0,5], logL: -26.474522, Exp of LogL: 0.000000, Normalized LogL: -1.764968, Exp of Normalized LogL: 0.171192, Best Rate: 0.3
Fault: [0,0,2,3,2,5], logL: -26.474522, Exp of LogL: 0.000000, Normalized LogL: -1.764968, Exp of Normalized LogL: 0.171192, Best Rate: 0.3
Fault: [0,0,2,3,5,5], logL: -26.474522, Exp of LogL: 0.000000, Normalized LogL: -1.764968, Exp of Normalized LogL: 0.171192, Best Rate: 0.3
Fault: [0,0,2,3,3,5], logL: -26.474522, Exp of LogL: 0.000000, Normalized LogL: -1.764968, Exp of Normalized LogL: 0.171192, Best Rate: 0.3
Fault: [0,2,2,3,4,5], logL: -28.565671, Exp of LogL: 0.000000, Normalized LogL: -1.904378, Exp of Normalized LogL: 0.148915, Best Rate: 0.3
Fault: [0,3,2,3,4,5], logL: -51.084794, Exp of LogL: 0.000000, Normalized LogL: -3.405653, Exp of Normalized LogL: 0.033185, Best Rate: 0.3
Fault: [0,4,2,3,4,5], logL: -52.325342, Exp of LogL: 0.000000, Normalized LogL: -3.488356, Exp of Normalized LogL: 0.030551, Best Rate: 0.3
Fault: [0,5,2,3,4,5], logL: -52.325342, Exp of LogL: 0.000000, Normalized LogL: -3.488356, Exp of Normalized LogL: 0.030551, Best Rate: 0.3
Fault: [0,1,2,3,4,5], logL: -74.620201, Exp of LogL: 0.000000, Normalized LogL: -4.974680, Exp of Normalized LogL: 0.006911, Best Rate: 0.3

========= ADAPTIVE MC DEBUG =========
Total calls: 150
Avg tries: 381.00
Confidence stops: 150
Max stops: 0
Max stop rate: 0.000
Real Fault Rank 1
===== SEED 29 | FR=0.3 | VR=60 =====
executing with fault mode: [0,0,2,3,4,5]

Fault scores (higher is better):
Fault: [0,0,2,3,4,5], logL: -30.861245, Exp of LogL: 0.000000, Normalized LogL: -1.402784, Exp of Normalized LogL: 0.245911, Best Rate: 0.3
Fault: [0,0,2,3,0,5], logL: -31.043567, Exp of LogL: 0.000000, Normalized LogL: -1.411071, Exp of Normalized LogL: 0.243882, Best Rate: 0.3
Fault: [0,0,2,3,2,5], logL: -31.043567, Exp of LogL: 0.000000, Normalized LogL: -1.411071, Exp of Normalized LogL: 0.243882, Best Rate: 0.3
Fault: [0,0,2,3,5,5], logL: -31.043567, Exp of LogL: 0.000000, Normalized LogL: -1.411071, Exp of Normalized LogL: 0.243882, Best Rate: 0.3
Fault: [0,0,2,3,3,5], logL: -31.043567, Exp of LogL: 0.000000, Normalized LogL: -1.411071, Exp of Normalized LogL: 0.243882, Best Rate: 0.3
Fault: [0,2,2,3,4,5], logL: -32.924494, Exp of LogL: 0.000000, Normalized LogL: -1.496568, Exp of Normalized LogL: 0.223897, Best Rate: 0.3
Fault: [0,3,2,3,4,5], logL: -56.512474, Exp of LogL: 0.000000, Normalized LogL: -2.568749, Exp of Normalized LogL: 0.076631, Best Rate: 0.3
Fault: [0,1,2,3,4,5], logL: -81.210970, Exp of LogL: 0.000000, Normalized LogL: -3.691408, Exp of Normalized LogL: 0.024937, Best Rate: 0.3
Fault: [0,4,2,3,4,5], logL: -82.088100, Exp of LogL: 0.000000, Normalized LogL: -3.731277, Exp of Normalized LogL: 0.023962, Best Rate: 0.3
Fault: [0,5,2,3,4,5], logL: -82.088100, Exp of LogL: 0.000000, Normalized LogL: -3.731277, Exp of Normalized LogL: 0.023962, Best Rate: 0.3

========= ADAPTIVE MC DEBUG =========
Total calls: 220
Avg tries: 419.77
Confidence stops: 220
Max stops: 0
Max stop rate: 0.000
Real Fault Rank 1
===== SEED 29 | FR=0.3 | VR=80 =====
executing with fault mode: [0,0,2,3,4,5]

Fault scores (higher is better):
Fault: [0,0,2,3,4,5], logL: -35.615937, Exp of LogL: 0.000000, Normalized LogL: -1.228136, Exp of Normalized LogL: 0.292838, Best Rate: 0.3
Fault: [0,0,2,3,0,5], logL: -35.959708, Exp of LogL: 0.000000, Normalized LogL: -1.239990, Exp of Normalized LogL: 0.289387, Best Rate: 0.3
Fault: [0,0,2,3,2,5], logL: -35.959708, Exp of LogL: 0.000000, Normalized LogL: -1.239990, Exp of Normalized LogL: 0.289387, Best Rate: 0.3
Fault: [0,0,2,3,5,5], logL: -35.959708, Exp of LogL: 0.000000, Normalized LogL: -1.239990, Exp of Normalized LogL: 0.289387, Best Rate: 0.3
Fault: [0,0,2,3,3,5], logL: -35.959708, Exp of LogL: 0.000000, Normalized LogL: -1.239990, Exp of Normalized LogL: 0.289387, Best Rate: 0.3
Fault: [0,2,2,3,4,5], logL: -36.600473, Exp of LogL: 0.000000, Normalized LogL: -1.262085, Exp of Normalized LogL: 0.283063, Best Rate: 0.3
Fault: [0,3,2,3,4,5], logL: -60.834692, Exp of LogL: 0.000000, Normalized LogL: -2.097748, Exp of Normalized LogL: 0.122733, Best Rate: 0.3
Fault: [0,1,2,3,4,5], logL: -85.758053, Exp of LogL: 0.000000, Normalized LogL: -2.957174, Exp of Normalized LogL: 0.051966, Best Rate: 0.3
Fault: [0,4,2,3,4,5], logL: -86.172627, Exp of LogL: 0.000000, Normalized LogL: -2.971470, Exp of Normalized LogL: 0.051228, Best Rate: 0.3
Fault: [0,5,2,3,4,5], logL: -86.172627, Exp of LogL: 0.000000, Normalized LogL: -2.971470, Exp of Normalized LogL: 0.051228, Best Rate: 0.3

========= ADAPTIVE MC DEBUG =========
Total calls: 290
Avg tries: 450.52
Confidence stops: 290
Max stops: 0
Max stop rate: 0.000
Real Fault Rank 1
===== SEED 29 | FR=0.3 | VR=100 =====
executing with fault mode: [0,0,2,3,4,5]

Fault scores (higher is better):
Fault: [0,0,2,3,4,5], logL: -39.273151, Exp of LogL: 0.000000, Normalized LogL: -1.061437, Exp of Normalized LogL: 0.345958, Best Rate: 0.3
Fault: [0,0,2,3,0,5], logL: -39.616922, Exp of LogL: 0.000000, Normalized LogL: -1.070728, Exp of Normalized LogL: 0.342759, Best Rate: 0.3
Fault: [0,0,2,3,2,5], logL: -39.616922, Exp of LogL: 0.000000, Normalized LogL: -1.070728, Exp of Normalized LogL: 0.342759, Best Rate: 0.3
Fault: [0,0,2,3,5,5], logL: -39.616922, Exp of LogL: 0.000000, Normalized LogL: -1.070728, Exp of Normalized LogL: 0.342759, Best Rate: 0.3
Fault: [0,0,2,3,3,5], logL: -39.616922, Exp of LogL: 0.000000, Normalized LogL: -1.070728, Exp of Normalized LogL: 0.342759, Best Rate: 0.3
Fault: [0,2,2,3,4,5], logL: -65.592112, Exp of LogL: 0.000000, Normalized LogL: -1.772760, Exp of Normalized LogL: 0.169864, Best Rate: 0.3
Fault: [0,3,2,3,4,5], logL: -66.447851, Exp of LogL: 0.000000, Normalized LogL: -1.795888, Exp of Normalized LogL: 0.165980, Best Rate: 0.3
Fault: [0,1,2,3,4,5], logL: -114.026245, Exp of LogL: 0.000000, Normalized LogL: -3.081790, Exp of Normalized LogL: 0.045877, Best Rate: 0.3
Fault: [0,4,2,3,4,5], logL: -115.346586, Exp of LogL: 0.000000, Normalized LogL: -3.117475, Exp of Normalized LogL: 0.044269, Best Rate: 0.3
Fault: [0,5,2,3,4,5], logL: -115.346586, Exp of LogL: 0.000000, Normalized LogL: -3.117475, Exp of Normalized LogL: 0.044269, Best Rate: 0.3

========= ADAPTIVE MC DEBUG =========
Total calls: 370
Avg tries: 464.32
Confidence stops: 370
Max stops: 0
Max stop rate: 0.000
Real Fault Rank 1
================= 22/08/2026 04:47:37: SEED 29 END =================
================= 22/08/2026 04:47:37: SEED 30 (28/100), a*=3 fault=[0,1,2,0,4,5] START =================
===== SEED 30 | FR=0.3 | VR=20 =====
executing with fault mode: [0,1,2,0,4,5]

Fault scores (higher is better):
Fault: [0,1,2,1,4,5], logL: -12.525915, Exp of LogL: 0.000004, Normalized LogL: -1.789416, Exp of Normalized LogL: 0.167058, Best Rate: 0.3
Fault: [0,1,2,2,4,5], logL: -12.640997, Exp of LogL: 0.000003, Normalized LogL: -1.805857, Exp of Normalized LogL: 0.164334, Best Rate: 0.3
Fault: [0,1,2,0,0,5], logL: -13.004914, Exp of LogL: 0.000002, Normalized LogL: -1.857845, Exp of Normalized LogL: 0.156008, Best Rate: 0.3
Fault: [0,1,2,0,3,5], logL: -13.004914, Exp of LogL: 0.000002, Normalized LogL: -1.857845, Exp of Normalized LogL: 0.156008, Best Rate: 0.3
Fault: [0,1,2,0,4,5], logL: -13.223967, Exp of LogL: 0.000002, Normalized LogL: -1.889138, Exp of Normalized LogL: 0.151202, Best Rate: 0.3
Fault: [0,1,2,0,1,5], logL: -13.324051, Exp of LogL: 0.000002, Normalized LogL: -1.903436, Exp of Normalized LogL: 0.149056, Best Rate: 0.3
Fault: [0,1,2,0,2,5], logL: -13.378118, Exp of LogL: 0.000002, Normalized LogL: -1.911160, Exp of Normalized LogL: 0.147909, Best Rate: 0.3
Fault: [0,1,2,3,4,5], logL: -13.758831, Exp of LogL: 0.000001, Normalized LogL: -1.965547, Exp of Normalized LogL: 0.140079, Best Rate: 0.3
Fault: [0,1,2,4,4,5], logL: -13.979538, Exp of LogL: 0.000001, Normalized LogL: -1.997077, Exp of Normalized LogL: 0.135731, Best Rate: 0.3
Fault: [0,1,2,5,4,5], logL: -13.979538, Exp of LogL: 0.000001, Normalized LogL: -1.997077, Exp of Normalized LogL: 0.135731, Best Rate: 0.3

========= ADAPTIVE MC DEBUG =========
Total calls: 70
Avg tries: 350.00
Confidence stops: 70
Max stops: 0
Max stop rate: 0.000
Real Fault Rank 5
===== SEED 30 | FR=0.3 | VR=40 =====
executing with fault mode: [0,1,2,0,4,5]

Fault scores (higher is better):
Fault: [0,1,2,2,4,5], logL: -18.985723, Exp of LogL: 0.000000, Normalized LogL: -1.356123, Exp of Normalized LogL: 0.257658, Best Rate: 0.3
Fault: [0,1,2,1,4,5], logL: -19.140958, Exp of LogL: 0.000000, Normalized LogL: -1.367211, Exp of Normalized LogL: 0.254817, Best Rate: 0.3
Fault: [0,1,2,4,4,5], logL: -21.678668, Exp of LogL: 0.000000, Normalized LogL: -1.548476, Exp of Normalized LogL: 0.212572, Best Rate: 0.3
Fault: [0,1,2,5,4,5], logL: -21.678668, Exp of LogL: 0.000000, Normalized LogL: -1.548476, Exp of Normalized LogL: 0.212572, Best Rate: 0.3
Fault: [0,1,2,0,4,5], logL: -21.887165, Exp of LogL: 0.000000, Normalized LogL: -1.563369, Exp of Normalized LogL: 0.209429, Best Rate: 0.3
Fault: [0,1,2,0,0,5], logL: -22.231456, Exp of LogL: 0.000000, Normalized LogL: -1.587961, Exp of Normalized LogL: 0.204342, Best Rate: 0.3
Fault: [0,1,2,0,2,5], logL: -22.231456, Exp of LogL: 0.000000, Normalized LogL: -1.587961, Exp of Normalized LogL: 0.204342, Best Rate: 0.3
Fault: [0,1,2,0,3,5], logL: -22.231456, Exp of LogL: 0.000000, Normalized LogL: -1.587961, Exp of Normalized LogL: 0.204342, Best Rate: 0.3
Fault: [0,1,2,0,1,5], logL: -22.231456, Exp of LogL: 0.000000, Normalized LogL: -1.587961, Exp of Normalized LogL: 0.204342, Best Rate: 0.3
Fault: [0,1,2,3,4,5], logL: -22.831738, Exp of LogL: 0.000000, Normalized LogL: -1.630838, Exp of Normalized LogL: 0.195765, Best Rate: 0.3

========= ADAPTIVE MC DEBUG =========
Total calls: 140
Avg tries: 423.21
Confidence stops: 140
Max stops: 0
Max stop rate: 0.000
Real Fault Rank 5
===== SEED 30 | FR=0.3 | VR=60 =====
executing with fault mode: [0,1,2,0,4,5]

Fault scores (higher is better):
Fault: [0,1,2,1,4,5], logL: -25.500400, Exp of LogL: 0.000000, Normalized LogL: -1.214305, Exp of Normalized LogL: 0.296916, Best Rate: 0.3
Fault: [0,1,2,2,4,5], logL: -26.101701, Exp of LogL: 0.000000, Normalized LogL: -1.242938, Exp of Normalized LogL: 0.288535, Best Rate: 0.3
Fault: [0,1,2,0,4,5], logL: -27.485883, Exp of LogL: 0.000000, Normalized LogL: -1.308852, Exp of Normalized LogL: 0.270130, Best Rate: 0.3
Fault: [0,1,2,0,0,5], logL: -27.825560, Exp of LogL: 0.000000, Normalized LogL: -1.325027, Exp of Normalized LogL: 0.265796, Best Rate: 0.3
Fault: [0,1,2,0,2,5], logL: -27.825560, Exp of LogL: 0.000000, Normalized LogL: -1.325027, Exp of Normalized LogL: 0.265796, Best Rate: 0.3
Fault: [0,1,2,0,3,5], logL: -27.825560, Exp of LogL: 0.000000, Normalized LogL: -1.325027, Exp of Normalized LogL: 0.265796, Best Rate: 0.3
Fault: [0,1,2,0,1,5], logL: -27.825560, Exp of LogL: 0.000000, Normalized LogL: -1.325027, Exp of Normalized LogL: 0.265796, Best Rate: 0.3
Fault: [0,1,2,3,4,5], logL: -28.060816, Exp of LogL: 0.000000, Normalized LogL: -1.336229, Exp of Normalized LogL: 0.262835, Best Rate: 0.3
Fault: [0,1,2,4,4,5], logL: -52.065945, Exp of LogL: 0.000000, Normalized LogL: -2.479331, Exp of Normalized LogL: 0.083799, Best Rate: 0.3
Fault: [0,1,2,5,4,5], logL: -52.065945, Exp of LogL: 0.000000, Normalized LogL: -2.479331, Exp of Normalized LogL: 0.083799, Best Rate: 0.3

========= ADAPTIVE MC DEBUG =========
Total calls: 210
Avg tries: 444.29
Confidence stops: 210
Max stops: 0
Max stop rate: 0.000
Real Fault Rank 3
===== SEED 30 | FR=0.3 | VR=80 =====
executing with fault mode: [0,1,2,0,4,5]

Fault scores (higher is better):
Fault: [0,1,2,1,4,5], logL: -31.340418, Exp of LogL: 0.000000, Normalized LogL: -1.119301, Exp of Normalized LogL: 0.326508, Best Rate: 0.3
Fault: [0,1,2,0,4,5], logL: -31.409994, Exp of LogL: 0.000000, Normalized LogL: -1.121786, Exp of Normalized LogL: 0.325698, Best Rate: 0.3
Fault: [0,1,2,0,0,5], logL: -31.749671, Exp of LogL: 0.000000, Normalized LogL: -1.133917, Exp of Normalized LogL: 0.321770, Best Rate: 0.3
Fault: [0,1,2,0,2,5], logL: -31.749671, Exp of LogL: 0.000000, Normalized LogL: -1.133917, Exp of Normalized LogL: 0.321770, Best Rate: 0.3
Fault: [0,1,2,0,3,5], logL: -31.749671, Exp of LogL: 0.000000, Normalized LogL: -1.133917, Exp of Normalized LogL: 0.321770, Best Rate: 0.3
Fault: [0,1,2,0,1,5], logL: -31.749671, Exp of LogL: 0.000000, Normalized LogL: -1.133917, Exp of Normalized LogL: 0.321770, Best Rate: 0.3
Fault: [0,1,2,2,4,5], logL: -31.965395, Exp of LogL: 0.000000, Normalized LogL: -1.141621, Exp of Normalized LogL: 0.319301, Best Rate: 0.3
Fault: [0,1,2,3,4,5], logL: -33.774137, Exp of LogL: 0.000000, Normalized LogL: -1.206219, Exp of Normalized LogL: 0.299327, Best Rate: 0.3
Fault: [0,1,2,4,4,5], logL: -35.278899, Exp of LogL: 0.000000, Normalized LogL: -1.259961, Exp of Normalized LogL: 0.283665, Best Rate: 0.3
Fault: [0,1,2,5,4,5], logL: -35.278899, Exp of LogL: 0.000000, Normalized LogL: -1.259961, Exp of Normalized LogL: 0.283665, Best Rate: 0.3

========= ADAPTIVE MC DEBUG =========
Total calls: 280
Avg tries: 449.46
Confidence stops: 280
Max stops: 0
Max stop rate: 0.000
Real Fault Rank 2
===== SEED 30 | FR=0.3 | VR=100 =====
executing with fault mode: [0,1,2,0,4,5]

Fault scores (higher is better):
Fault: [0,1,2,0,4,5], logL: -35.853548, Exp of LogL: 0.000000, Normalized LogL: -1.024387, Exp of Normalized LogL: 0.359016, Best Rate: 0.3
Fault: [0,1,2,0,0,5], logL: -36.193226, Exp of LogL: 0.000000, Normalized LogL: -1.034092, Exp of Normalized LogL: 0.355549, Best Rate: 0.3
Fault: [0,1,2,0,2,5], logL: -36.193226, Exp of LogL: 0.000000, Normalized LogL: -1.034092, Exp of Normalized LogL: 0.355549, Best Rate: 0.3
Fault: [0,1,2,0,3,5], logL: -36.193226, Exp of LogL: 0.000000, Normalized LogL: -1.034092, Exp of Normalized LogL: 0.355549, Best Rate: 0.3
Fault: [0,1,2,0,1,5], logL: -36.193226, Exp of LogL: 0.000000, Normalized LogL: -1.034092, Exp of Normalized LogL: 0.355549, Best Rate: 0.3
Fault: [0,1,2,1,4,5], logL: -36.402164, Exp of LogL: 0.000000, Normalized LogL: -1.040062, Exp of Normalized LogL: 0.353433, Best Rate: 0.3
Fault: [0,1,2,2,4,5], logL: -37.035525, Exp of LogL: 0.000000, Normalized LogL: -1.058158, Exp of Normalized LogL: 0.347095, Best Rate: 0.3
Fault: [0,1,2,3,4,5], logL: -62.436777, Exp of LogL: 0.000000, Normalized LogL: -1.783908, Exp of Normalized LogL: 0.167980, Best Rate: 0.3
Fault: [0,1,2,4,4,5], logL: -65.870473, Exp of LogL: 0.000000, Normalized LogL: -1.882014, Exp of Normalized LogL: 0.152283, Best Rate: 0.3
Fault: [0,1,2,5,4,5], logL: -65.870473, Exp of LogL: 0.000000, Normalized LogL: -1.882014, Exp of Normalized LogL: 0.152283, Best Rate: 0.3

========= ADAPTIVE MC DEBUG =========
Total calls: 350
Avg tries: 459.86
Confidence stops: 350
Max stops: 0
Max stop rate: 0.000
Real Fault Rank 1
================= 22/08/2026 04:48:30: SEED 30 END =================
================= 22/08/2026 04:48:30: SEED 31 (29/100), a*=0 fault=[4,1,2,3,4,5] START =================
===== SEED 31 | FR=0.3 | VR=20 =====
executing with fault mode: [4,1,2,3,4,5]

Fault scores (higher is better):
Fault: [4,1,2,3,4,5], logL: -13.346098, Exp of LogL: 0.000002, Normalized LogL: -1.906585, Exp of Normalized LogL: 0.148587, Best Rate: 0.3
Fault: [4,1,2,1,4,5], logL: -13.520533, Exp of LogL: 0.000001, Normalized LogL: -1.931505, Exp of Normalized LogL: 0.144930, Best Rate: 0.3
Fault: [4,1,2,5,4,5], logL: -13.553869, Exp of LogL: 0.000001, Normalized LogL: -1.936267, Exp of Normalized LogL: 0.144241, Best Rate: 0.3
Fault: [4,1,2,2,4,5], logL: -13.553869, Exp of LogL: 0.000001, Normalized LogL: -1.936267, Exp of Normalized LogL: 0.144241, Best Rate: 0.3
Fault: [4,1,2,0,4,5], logL: -13.553869, Exp of LogL: 0.000001, Normalized LogL: -1.936267, Exp of Normalized LogL: 0.144241, Best Rate: 0.3
Fault: [5,1,2,3,4,5], logL: -13.948411, Exp of LogL: 0.000001, Normalized LogL: -1.992630, Exp of Normalized LogL: 0.136336, Best Rate: 0.3
Fault: [1,1,2,3,4,5], logL: -14.656694, Exp of LogL: 0.000000, Normalized LogL: -2.093813, Exp of Normalized LogL: 0.123216, Best Rate: 0.3
Fault: [2,1,2,3,4,5], logL: -15.246130, Exp of LogL: 0.000000, Normalized LogL: -2.178019, Exp of Normalized LogL: 0.113266, Best Rate: 0.3
Fault: [3,1,2,3,4,5], logL: -15.787712, Exp of LogL: 0.000000, Normalized LogL: -2.255387, Exp of Normalized LogL: 0.104833, Best Rate: 0.3
Fault: [0,1,2,3,4,5], logL: -16.503912, Exp of LogL: 0.000000, Normalized LogL: -2.357702, Exp of Normalized LogL: 0.094637, Best Rate: 0.3

========= ADAPTIVE MC DEBUG =========
Total calls: 70
Avg tries: 358.57
Confidence stops: 70
Max stops: 0
Max stop rate: 0.000
Real Fault Rank 1
===== SEED 31 | FR=0.3 | VR=40 =====
executing with fault mode: [4,1,2,3,4,5]

Fault scores (higher is better):
Fault: [4,1,2,3,4,5], logL: -20.549314, Exp of LogL: 0.000000, Normalized LogL: -1.580716, Exp of Normalized LogL: 0.205828, Best Rate: 0.3
Fault: [4,1,2,1,4,5], logL: -20.723749, Exp of LogL: 0.000000, Normalized LogL: -1.594135, Exp of Normalized LogL: 0.203084, Best Rate: 0.3
Fault: [4,1,2,5,4,5], logL: -20.757086, Exp of LogL: 0.000000, Normalized LogL: -1.596699, Exp of Normalized LogL: 0.202564, Best Rate: 0.3
Fault: [4,1,2,2,4,5], logL: -20.757086, Exp of LogL: 0.000000, Normalized LogL: -1.596699, Exp of Normalized LogL: 0.202564, Best Rate: 0.3
Fault: [4,1,2,0,4,5], logL: -20.757086, Exp of LogL: 0.000000, Normalized LogL: -1.596699, Exp of Normalized LogL: 0.202564, Best Rate: 0.3
Fault: [1,1,2,3,4,5], logL: -20.877768, Exp of LogL: 0.000000, Normalized LogL: -1.605982, Exp of Normalized LogL: 0.200692, Best Rate: 0.3
Fault: [5,1,2,3,4,5], logL: -21.065888, Exp of LogL: 0.000000, Normalized LogL: -1.620453, Exp of Normalized LogL: 0.197809, Best Rate: 0.3
Fault: [2,1,2,3,4,5], logL: -21.095079, Exp of LogL: 0.000000, Normalized LogL: -1.622698, Exp of Normalized LogL: 0.197365, Best Rate: 0.3
Fault: [0,1,2,3,4,5], logL: -45.340957, Exp of LogL: 0.000000, Normalized LogL: -3.487766, Exp of Normalized LogL: 0.030569, Best Rate: 0.3
Fault: [3,1,2,3,4,5], logL: -45.470774, Exp of LogL: 0.000000, Normalized LogL: -3.497752, Exp of Normalized LogL: 0.030265, Best Rate: 0.3

========= ADAPTIVE MC DEBUG =========
Total calls: 130
Avg tries: 428.08
Confidence stops: 130
Max stops: 0
Max stop rate: 0.000
Real Fault Rank 1
===== SEED 31 | FR=0.3 | VR=60 =====
executing with fault mode: [4,1,2,3,4,5]

Fault scores (higher is better):
Fault: [3,1,2,3,4,5], logL: -26.975983, Exp of LogL: 0.000000, Normalized LogL: -1.348799, Exp of Normalized LogL: 0.259552, Best Rate: 0.3
Fault: [2,1,2,3,4,5], logL: -27.054453, Exp of LogL: 0.000000, Normalized LogL: -1.352723, Exp of Normalized LogL: 0.258535, Best Rate: 0.3
Fault: [0,1,2,3,4,5], logL: -27.165486, Exp of LogL: 0.000000, Normalized LogL: -1.358274, Exp of Normalized LogL: 0.257104, Best Rate: 0.3
Fault: [1,1,2,3,4,5], logL: -27.353697, Exp of LogL: 0.000000, Normalized LogL: -1.367685, Exp of Normalized LogL: 0.254696, Best Rate: 0.3
Fault: [4,1,2,3,4,5], logL: -27.357288, Exp of LogL: 0.000000, Normalized LogL: -1.367864, Exp of Normalized LogL: 0.254650, Best Rate: 0.3
Fault: [5,1,2,3,4,5], logL: -27.357288, Exp of LogL: 0.000000, Normalized LogL: -1.367864, Exp of Normalized LogL: 0.254650, Best Rate: 0.3
Fault: [4,1,2,1,4,5], logL: -27.531723, Exp of LogL: 0.000000, Normalized LogL: -1.376586, Exp of Normalized LogL: 0.252439, Best Rate: 0.3
Fault: [4,1,2,5,4,5], logL: -27.565060, Exp of LogL: 0.000000, Normalized LogL: -1.378253, Exp of Normalized LogL: 0.252018, Best Rate: 0.3
Fault: [4,1,2,2,4,5], logL: -27.565060, Exp of LogL: 0.000000, Normalized LogL: -1.378253, Exp of Normalized LogL: 0.252018, Best Rate: 0.3
Fault: [4,1,2,0,4,5], logL: -27.565060, Exp of LogL: 0.000000, Normalized LogL: -1.378253, Exp of Normalized LogL: 0.252018, Best Rate: 0.3

========= ADAPTIVE MC DEBUG =========
Total calls: 200
Avg tries: 397.25
Confidence stops: 200
Max stops: 0
Max stop rate: 0.000
Real Fault Rank 5
===== SEED 31 | FR=0.3 | VR=80 =====
executing with fault mode: [4,1,2,3,4,5]

Fault scores (higher is better):
Fault: [2,1,2,3,4,5], logL: -31.050557, Exp of LogL: 0.000000, Normalized LogL: -1.194252, Exp of Normalized LogL: 0.302930, Best Rate: 0.3
Fault: [0,1,2,3,4,5], logL: -31.235657, Exp of LogL: 0.000000, Normalized LogL: -1.201371, Exp of Normalized LogL: 0.300781, Best Rate: 0.3
Fault: [4,1,2,3,4,5], logL: -31.289715, Exp of LogL: 0.000000, Normalized LogL: -1.203451, Exp of Normalized LogL: 0.300157, Best Rate: 0.3
Fault: [5,1,2,3,4,5], logL: -31.289715, Exp of LogL: 0.000000, Normalized LogL: -1.203451, Exp of Normalized LogL: 0.300157, Best Rate: 0.3
Fault: [3,1,2,3,4,5], logL: -31.311868, Exp of LogL: 0.000000, Normalized LogL: -1.204303, Exp of Normalized LogL: 0.299901, Best Rate: 0.3
Fault: [4,1,2,1,4,5], logL: -31.464150, Exp of LogL: 0.000000, Normalized LogL: -1.210160, Exp of Normalized LogL: 0.298150, Best Rate: 0.3
Fault: [4,1,2,5,4,5], logL: -31.497486, Exp of LogL: 0.000000, Normalized LogL: -1.211442, Exp of Normalized LogL: 0.297768, Best Rate: 0.3
Fault: [4,1,2,2,4,5], logL: -31.497486, Exp of LogL: 0.000000, Normalized LogL: -1.211442, Exp of Normalized LogL: 0.297768, Best Rate: 0.3
Fault: [4,1,2,0,4,5], logL: -31.497486, Exp of LogL: 0.000000, Normalized LogL: -1.211442, Exp of Normalized LogL: 0.297768, Best Rate: 0.3
Fault: [1,1,2,3,4,5], logL: -31.873960, Exp of LogL: 0.000000, Normalized LogL: -1.225922, Exp of Normalized LogL: 0.293487, Best Rate: 0.3

========= ADAPTIVE MC DEBUG =========
Total calls: 260
Avg tries: 426.54
Confidence stops: 260
Max stops: 0
Max stop rate: 0.000
Real Fault Rank 3
===== SEED 31 | FR=0.3 | VR=100 =====
executing with fault mode: [4,1,2,3,4,5]

Fault scores (higher is better):
Fault: [2,1,2,3,4,5], logL: -33.538299, Exp of LogL: 0.000000, Normalized LogL: -1.016312, Exp of Normalized LogL: 0.361927, Best Rate: 0.3
Fault: [4,1,2,3,4,5], logL: -33.686983, Exp of LogL: 0.000000, Normalized LogL: -1.020818, Exp of Normalized LogL: 0.360300, Best Rate: 0.3
Fault: [5,1,2,3,4,5], logL: -33.686983, Exp of LogL: 0.000000, Normalized LogL: -1.020818, Exp of Normalized LogL: 0.360300, Best Rate: 0.3
Fault: [4,1,2,1,4,5], logL: -33.954525, Exp of LogL: 0.000000, Normalized LogL: -1.028925, Exp of Normalized LogL: 0.357391, Best Rate: 0.3
Fault: [4,1,2,5,4,5], logL: -34.061250, Exp of LogL: 0.000000, Normalized LogL: -1.032159, Exp of Normalized LogL: 0.356237, Best Rate: 0.3
Fault: [4,1,2,2,4,5], logL: -34.061250, Exp of LogL: 0.000000, Normalized LogL: -1.032159, Exp of Normalized LogL: 0.356237, Best Rate: 0.3
Fault: [4,1,2,0,4,5], logL: -34.061250, Exp of LogL: 0.000000, Normalized LogL: -1.032159, Exp of Normalized LogL: 0.356237, Best Rate: 0.3
Fault: [0,1,2,3,4,5], logL: -34.374916, Exp of LogL: 0.000000, Normalized LogL: -1.041664, Exp of Normalized LogL: 0.352867, Best Rate: 0.3
Fault: [3,1,2,3,4,5], logL: -35.649975, Exp of LogL: 0.000000, Normalized LogL: -1.080302, Exp of Normalized LogL: 0.339493, Best Rate: 0.3
Fault: [1,1,2,3,4,5], logL: -36.534013, Exp of LogL: 0.000000, Normalized LogL: -1.107091, Exp of Normalized LogL: 0.330519, Best Rate: 0.3

========= ADAPTIVE MC DEBUG =========
Total calls: 330
Avg tries: 457.58
Confidence stops: 330
Max stops: 0
Max stop rate: 0.000
Real Fault Rank 2
================= 22/08/2026 04:49:18: SEED 31 END =================
================= 22/08/2026 04:49:18: SEED 32 (30/100), a*=2 fault=[0,1,0,3,4,5] START =================
===== SEED 32 | FR=0.3 | VR=20 =====
executing with fault mode: [0,1,0,3,4,5]

Fault scores (higher is better):
Fault: [0,1,4,3,4,5], logL: -10.407973, Exp of LogL: 0.000030, Normalized LogL: -1.734662, Exp of Normalized LogL: 0.176460, Best Rate: 0.3
Fault: [0,1,5,3,4,5], logL: -10.407973, Exp of LogL: 0.000030, Normalized LogL: -1.734662, Exp of Normalized LogL: 0.176460, Best Rate: 0.3
Fault: [0,1,2,3,4,5], logL: -11.620202, Exp of LogL: 0.000009, Normalized LogL: -1.936700, Exp of Normalized LogL: 0.144179, Best Rate: 0.3
Fault: [0,1,0,3,0,5], logL: -11.990576, Exp of LogL: 0.000006, Normalized LogL: -1.998429, Exp of Normalized LogL: 0.135548, Best Rate: 0.3
Fault: [0,1,0,3,3,5], logL: -11.990576, Exp of LogL: 0.000006, Normalized LogL: -1.998429, Exp of Normalized LogL: 0.135548, Best Rate: 0.3
Fault: [0,1,0,3,5,5], logL: -11.990576, Exp of LogL: 0.000006, Normalized LogL: -1.998429, Exp of Normalized LogL: 0.135548, Best Rate: 0.3
Fault: [0,1,0,3,2,5], logL: -11.990576, Exp of LogL: 0.000006, Normalized LogL: -1.998429, Exp of Normalized LogL: 0.135548, Best Rate: 0.3
Fault: [0,1,0,3,4,5], logL: -12.244357, Exp of LogL: 0.000005, Normalized LogL: -2.040726, Exp of Normalized LogL: 0.129934, Best Rate: 0.3
Fault: [0,1,3,3,4,5], logL: -12.417200, Exp of LogL: 0.000004, Normalized LogL: -2.069533, Exp of Normalized LogL: 0.126245, Best Rate: 0.3
Fault: [0,1,1,3,4,5], logL: -12.595755, Exp of LogL: 0.000003, Normalized LogL: -2.099292, Exp of Normalized LogL: 0.122543, Best Rate: 0.3

========= ADAPTIVE MC DEBUG =========
Total calls: 60
Avg tries: 348.33
Confidence stops: 60
Max stops: 0
Max stop rate: 0.000
Real Fault Rank 8
===== SEED 32 | FR=0.3 | VR=40 =====
executing with fault mode: [0,1,0,3,4,5]

Fault scores (higher is better):
Fault: [0,1,4,3,4,5], logL: -14.020882, Exp of LogL: 0.000001, Normalized LogL: -1.274626, Exp of Normalized LogL: 0.279536, Best Rate: 0.3
Fault: [0,1,5,3,4,5], logL: -14.020882, Exp of LogL: 0.000001, Normalized LogL: -1.274626, Exp of Normalized LogL: 0.279536, Best Rate: 0.3
Fault: [0,1,2,3,4,5], logL: -14.030718, Exp of LogL: 0.000001, Normalized LogL: -1.275520, Exp of Normalized LogL: 0.279286, Best Rate: 0.3
Fault: [0,1,1,3,4,5], logL: -14.242541, Exp of LogL: 0.000001, Normalized LogL: -1.294776, Exp of Normalized LogL: 0.273959, Best Rate: 0.3
Fault: [0,1,3,3,4,5], logL: -14.358918, Exp of LogL: 0.000001, Normalized LogL: -1.305356, Exp of Normalized LogL: 0.271076, Best Rate: 0.3
Fault: [0,1,0,3,4,5], logL: -14.634712, Exp of LogL: 0.000000, Normalized LogL: -1.330428, Exp of Normalized LogL: 0.264364, Best Rate: 0.3
Fault: [0,1,0,3,0,5], logL: -14.942280, Exp of LogL: 0.000000, Normalized LogL: -1.358389, Exp of Normalized LogL: 0.257075, Best Rate: 0.3
Fault: [0,1,0,3,3,5], logL: -14.942280, Exp of LogL: 0.000000, Normalized LogL: -1.358389, Exp of Normalized LogL: 0.257075, Best Rate: 0.3
Fault: [0,1,0,3,5,5], logL: -14.942280, Exp of LogL: 0.000000, Normalized LogL: -1.358389, Exp of Normalized LogL: 0.257075, Best Rate: 0.3
Fault: [0,1,0,3,2,5], logL: -14.942280, Exp of LogL: 0.000000, Normalized LogL: -1.358389, Exp of Normalized LogL: 0.257075, Best Rate: 0.3

========= ADAPTIVE MC DEBUG =========
Total calls: 110
Avg tries: 428.64
Confidence stops: 110
Max stops: 0
Max stop rate: 0.000
Real Fault Rank 6
===== SEED 32 | FR=0.3 | VR=60 =====
executing with fault mode: [0,1,0,3,4,5]

Fault scores (higher is better):
Fault: [0,1,4,3,4,5], logL: -14.835694, Exp of LogL: 0.000000, Normalized LogL: -0.927231, Exp of Normalized LogL: 0.395648, Best Rate: 0.3
Fault: [0,1,5,3,4,5], logL: -14.835694, Exp of LogL: 0.000000, Normalized LogL: -0.927231, Exp of Normalized LogL: 0.395648, Best Rate: 0.3
Fault: [0,1,2,3,4,5], logL: -14.845530, Exp of LogL: 0.000000, Normalized LogL: -0.927846, Exp of Normalized LogL: 0.395405, Best Rate: 0.3
Fault: [0,1,1,3,4,5], logL: -15.057353, Exp of LogL: 0.000000, Normalized LogL: -0.941085, Exp of Normalized LogL: 0.390204, Best Rate: 0.3
Fault: [0,1,3,3,4,5], logL: -15.173730, Exp of LogL: 0.000000, Normalized LogL: -0.948358, Exp of Normalized LogL: 0.387377, Best Rate: 0.3
Fault: [0,1,0,3,4,5], logL: -15.449524, Exp of LogL: 0.000000, Normalized LogL: -0.965595, Exp of Normalized LogL: 0.380756, Best Rate: 0.3
Fault: [0,1,0,3,0,5], logL: -15.827198, Exp of LogL: 0.000000, Normalized LogL: -0.989200, Exp of Normalized LogL: 0.371874, Best Rate: 0.3
Fault: [0,1,0,3,3,5], logL: -15.827198, Exp of LogL: 0.000000, Normalized LogL: -0.989200, Exp of Normalized LogL: 0.371874, Best Rate: 0.3
Fault: [0,1,0,3,5,5], logL: -15.827198, Exp of LogL: 0.000000, Normalized LogL: -0.989200, Exp of Normalized LogL: 0.371874, Best Rate: 0.3
Fault: [0,1,0,3,2,5], logL: -15.827198, Exp of LogL: 0.000000, Normalized LogL: -0.989200, Exp of Normalized LogL: 0.371874, Best Rate: 0.3

========= ADAPTIVE MC DEBUG =========
Total calls: 160
Avg tries: 449.69
Confidence stops: 160
Max stops: 0
Max stop rate: 0.000
Real Fault Rank 6
===== SEED 32 | FR=0.3 | VR=80 =====
executing with fault mode: [0,1,0,3,4,5]

Fault scores (higher is better):
Fault: [0,1,2,3,4,5], logL: -17.403429, Exp of LogL: 0.000000, Normalized LogL: -0.828735, Exp of Normalized LogL: 0.436601, Best Rate: 0.3
Fault: [0,1,3,3,4,5], logL: -17.590947, Exp of LogL: 0.000000, Normalized LogL: -0.837664, Exp of Normalized LogL: 0.432720, Best Rate: 0.3
Fault: [0,1,4,3,4,5], logL: -17.699514, Exp of LogL: 0.000000, Normalized LogL: -0.842834, Exp of Normalized LogL: 0.430489, Best Rate: 0.3
Fault: [0,1,5,3,4,5], logL: -17.699514, Exp of LogL: 0.000000, Normalized LogL: -0.842834, Exp of Normalized LogL: 0.430489, Best Rate: 0.3
Fault: [0,1,1,3,4,5], logL: -17.717299, Exp of LogL: 0.000000, Normalized LogL: -0.843681, Exp of Normalized LogL: 0.430124, Best Rate: 0.3
Fault: [0,1,0,3,4,5], logL: -17.895337, Exp of LogL: 0.000000, Normalized LogL: -0.852159, Exp of Normalized LogL: 0.426493, Best Rate: 0.3
Fault: [0,1,0,3,0,5], logL: -18.273010, Exp of LogL: 0.000000, Normalized LogL: -0.870143, Exp of Normalized LogL: 0.418891, Best Rate: 0.3
Fault: [0,1,0,3,3,5], logL: -18.273010, Exp of LogL: 0.000000, Normalized LogL: -0.870143, Exp of Normalized LogL: 0.418891, Best Rate: 0.3
Fault: [0,1,0,3,5,5], logL: -18.273010, Exp of LogL: 0.000000, Normalized LogL: -0.870143, Exp of Normalized LogL: 0.418891, Best Rate: 0.3
Fault: [0,1,0,3,2,5], logL: -18.273010, Exp of LogL: 0.000000, Normalized LogL: -0.870143, Exp of Normalized LogL: 0.418891, Best Rate: 0.3

========= ADAPTIVE MC DEBUG =========
Total calls: 210
Avg tries: 475.71
Confidence stops: 210
Max stops: 0
Max stop rate: 0.000
Real Fault Rank 6
===== SEED 32 | FR=0.3 | VR=100 =====
executing with fault mode: [0,1,0,3,4,5]

Fault scores (higher is better):
Fault: [0,1,3,3,4,5], logL: -19.873269, Exp of LogL: 0.000000, Normalized LogL: -0.764357, Exp of Normalized LogL: 0.465633, Best Rate: 0.3
Fault: [0,1,0,3,4,5], logL: -20.773625, Exp of LogL: 0.000000, Normalized LogL: -0.798986, Exp of Normalized LogL: 0.449785, Best Rate: 0.3
Fault: [0,1,0,3,0,5], logL: -21.151298, Exp of LogL: 0.000000, Normalized LogL: -0.813511, Exp of Normalized LogL: 0.443299, Best Rate: 0.3
Fault: [0,1,0,3,3,5], logL: -21.151298, Exp of LogL: 0.000000, Normalized LogL: -0.813511, Exp of Normalized LogL: 0.443299, Best Rate: 0.3
Fault: [0,1,0,3,5,5], logL: -21.151298, Exp of LogL: 0.000000, Normalized LogL: -0.813511, Exp of Normalized LogL: 0.443299, Best Rate: 0.3
Fault: [0,1,0,3,2,5], logL: -21.151298, Exp of LogL: 0.000000, Normalized LogL: -0.813511, Exp of Normalized LogL: 0.443299, Best Rate: 0.3
Fault: [0,1,1,3,4,5], logL: -21.475390, Exp of LogL: 0.000000, Normalized LogL: -0.825977, Exp of Normalized LogL: 0.437807, Best Rate: 0.3
Fault: [0,1,2,3,4,5], logL: -44.443293, Exp of LogL: 0.000000, Normalized LogL: -1.709357, Exp of Normalized LogL: 0.180982, Best Rate: 0.3
Fault: [0,1,4,3,4,5], logL: -45.869535, Exp of LogL: 0.000000, Normalized LogL: -1.764213, Exp of Normalized LogL: 0.171322, Best Rate: 0.3
Fault: [0,1,5,3,4,5], logL: -45.869535, Exp of LogL: 0.000000, Normalized LogL: -1.764213, Exp of Normalized LogL: 0.171322, Best Rate: 0.3

========= ADAPTIVE MC DEBUG =========
Total calls: 260
Avg tries: 481.15
Confidence stops: 260
Max stops: 0
Max stop rate: 0.000
Real Fault Rank 2
================= 22/08/2026 04:50:00: SEED 32 END =================
================= 22/08/2026 04:50:00: SEED 33 (31/100), a*=3 fault=[0,1,2,1,4,5] START =================
===== SEED 33 | FR=0.3 | VR=20 =====
executing with fault mode: [0,1,2,1,4,5]

executing with fault mode: [0,1,2,1,4,5]

Fault scores (higher is better):
Fault: [0,1,2,1,3,5], logL: -16.618081, Exp of LogL: 0.000000, Normalized LogL: -2.374012, Exp of Normalized LogL: 0.093106, Best Rate: 0.3
Fault: [0,1,2,1,0,5], logL: -16.837778, Exp of LogL: 0.000000, Normalized LogL: -2.405397, Exp of Normalized LogL: 0.090230, Best Rate: 0.3
Fault: [0,1,2,1,4,5], logL: -17.774996, Exp of LogL: 0.000000, Normalized LogL: -2.539285, Exp of Normalized LogL: 0.078923, Best Rate: 0.3
Fault: [0,1,2,1,1,5], logL: -18.034407, Exp of LogL: 0.000000, Normalized LogL: -2.576344, Exp of Normalized LogL: 0.076052, Best Rate: 0.3
Fault: [0,1,2,1,2,5], logL: -18.034407, Exp of LogL: 0.000000, Normalized LogL: -2.576344, Exp of Normalized LogL: 0.076052, Best Rate: 0.3
Fault: [0,1,2,3,4,5], logL: -18.223506, Exp of LogL: 0.000000, Normalized LogL: -2.603358, Exp of Normalized LogL: 0.074025, Best Rate: 0.3
Fault: [0,1,2,5,4,5], logL: -18.545942, Exp of LogL: 0.000000, Normalized LogL: -2.649420, Exp of Normalized LogL: 0.070692, Best Rate: 0.3
Fault: [0,1,2,4,4,5], logL: -18.545942, Exp of LogL: 0.000000, Normalized LogL: -2.649420, Exp of Normalized LogL: 0.070692, Best Rate: 0.3
Fault: [0,1,2,0,4,5], logL: -18.819804, Exp of LogL: 0.000000, Normalized LogL: -2.688543, Exp of Normalized LogL: 0.067980, Best Rate: 0.3
Fault: [0,1,2,2,4,5], logL: -19.505292, Exp of LogL: 0.000000, Normalized LogL: -2.786470, Exp of Normalized LogL: 0.061638, Best Rate: 0.3

========= ADAPTIVE MC DEBUG =========
Total calls: 70
Avg tries: 332.86
Confidence stops: 70
Max stops: 0
Max stop rate: 0.000
Real Fault Rank 3
===== SEED 33 | FR=0.3 | VR=40 =====
executing with fault mode: [0,1,2,1,4,5]

executing with fault mode: [0,1,2,1,4,5]

Fault scores (higher is better):
Fault: [0,1,2,1,1,5], logL: -23.774515, Exp of LogL: 0.000000, Normalized LogL: -1.828809, Exp of Normalized LogL: 0.160605, Best Rate: 0.3
Fault: [0,1,2,1,2,5], logL: -23.774515, Exp of LogL: 0.000000, Normalized LogL: -1.828809, Exp of Normalized LogL: 0.160605, Best Rate: 0.3
Fault: [0,1,2,1,3,5], logL: -25.712126, Exp of LogL: 0.000000, Normalized LogL: -1.977856, Exp of Normalized LogL: 0.138366, Best Rate: 0.3
Fault: [0,1,2,1,4,5], logL: -25.885968, Exp of LogL: 0.000000, Normalized LogL: -1.991228, Exp of Normalized LogL: 0.136528, Best Rate: 0.3
Fault: [0,1,2,1,0,5], logL: -25.917193, Exp of LogL: 0.000000, Normalized LogL: -1.993630, Exp of Normalized LogL: 0.136200, Best Rate: 0.3
Fault: [0,1,2,5,4,5], logL: -25.940036, Exp of LogL: 0.000000, Normalized LogL: -1.995387, Exp of Normalized LogL: 0.135961, Best Rate: 0.3
Fault: [0,1,2,4,4,5], logL: -25.940036, Exp of LogL: 0.000000, Normalized LogL: -1.995387, Exp of Normalized LogL: 0.135961, Best Rate: 0.3
Fault: [0,1,2,3,4,5], logL: -26.282962, Exp of LogL: 0.000000, Normalized LogL: -2.021766, Exp of Normalized LogL: 0.132421, Best Rate: 0.3
Fault: [0,1,2,2,4,5], logL: -26.815504, Exp of LogL: 0.000000, Normalized LogL: -2.062731, Exp of Normalized LogL: 0.127106, Best Rate: 0.3
Fault: [0,1,2,0,4,5], logL: -26.892744, Exp of LogL: 0.000000, Normalized LogL: -2.068673, Exp of Normalized LogL: 0.126353, Best Rate: 0.3

========= ADAPTIVE MC DEBUG =========
Total calls: 130
Avg tries: 372.69
Confidence stops: 130
Max stops: 0
Max stop rate: 0.000
Real Fault Rank 4
===== SEED 33 | FR=0.3 | VR=60 =====
executing with fault mode: [0,1,2,1,4,5]

executing with fault mode: [0,1,2,1,4,5]

Fault scores (higher is better):
Fault: [0,1,2,1,1,5], logL: -29.707937, Exp of LogL: 0.000000, Normalized LogL: -1.563576, Exp of Normalized LogL: 0.209386, Best Rate: 0.3
Fault: [0,1,2,1,2,5], logL: -29.707937, Exp of LogL: 0.000000, Normalized LogL: -1.563576, Exp of Normalized LogL: 0.209386, Best Rate: 0.3
Fault: [0,1,2,1,3,5], logL: -31.645548, Exp of LogL: 0.000000, Normalized LogL: -1.665555, Exp of Normalized LogL: 0.189086, Best Rate: 0.3
Fault: [0,1,2,5,4,5], logL: -31.819391, Exp of LogL: 0.000000, Normalized LogL: -1.674705, Exp of Normalized LogL: 0.187363, Best Rate: 0.3
Fault: [0,1,2,4,4,5], logL: -31.819391, Exp of LogL: 0.000000, Normalized LogL: -1.674705, Exp of Normalized LogL: 0.187363, Best Rate: 0.3
Fault: [0,1,2,1,4,5], logL: -31.819391, Exp of LogL: 0.000000, Normalized LogL: -1.674705, Exp of Normalized LogL: 0.187363, Best Rate: 0.3
Fault: [0,1,2,1,0,5], logL: -31.850616, Exp of LogL: 0.000000, Normalized LogL: -1.676348, Exp of Normalized LogL: 0.187056, Best Rate: 0.3
Fault: [0,1,2,3,4,5], logL: -32.095731, Exp of LogL: 0.000000, Normalized LogL: -1.689249, Exp of Normalized LogL: 0.184658, Best Rate: 0.3
Fault: [0,1,2,2,4,5], logL: -32.718332, Exp of LogL: 0.000000, Normalized LogL: -1.722017, Exp of Normalized LogL: 0.178705, Best Rate: 0.3
Fault: [0,1,2,0,4,5], logL: -33.330342, Exp of LogL: 0.000000, Normalized LogL: -1.754229, Exp of Normalized LogL: 0.173041, Best Rate: 0.3

========= ADAPTIVE MC DEBUG =========
Total calls: 190
Avg tries: 381.58
Confidence stops: 190
Max stops: 0
Max stop rate: 0.000
Real Fault Rank 6
===== SEED 33 | FR=0.3 | VR=80 =====
executing with fault mode: [0,1,2,1,4,5]

executing with fault mode: [0,1,2,1,4,5]

Fault scores (higher is better):
Fault: [0,1,2,5,4,5], logL: -33.057373, Exp of LogL: 0.000000, Normalized LogL: -1.322295, Exp of Normalized LogL: 0.266523, Best Rate: 0.3
Fault: [0,1,2,4,4,5], logL: -33.057373, Exp of LogL: 0.000000, Normalized LogL: -1.322295, Exp of Normalized LogL: 0.266523, Best Rate: 0.3
Fault: [0,1,2,1,1,5], logL: -33.203473, Exp of LogL: 0.000000, Normalized LogL: -1.328139, Exp of Normalized LogL: 0.264970, Best Rate: 0.3
Fault: [0,1,2,1,2,5], logL: -33.203473, Exp of LogL: 0.000000, Normalized LogL: -1.328139, Exp of Normalized LogL: 0.264970, Best Rate: 0.3
Fault: [0,1,2,1,4,5], logL: -34.195214, Exp of LogL: 0.000000, Normalized LogL: -1.367809, Exp of Normalized LogL: 0.254664, Best Rate: 0.3
Fault: [0,1,2,1,3,5], logL: -34.304413, Exp of LogL: 0.000000, Normalized LogL: -1.372177, Exp of Normalized LogL: 0.253554, Best Rate: 0.3
Fault: [0,1,2,1,0,5], logL: -34.506153, Exp of LogL: 0.000000, Normalized LogL: -1.380246, Exp of Normalized LogL: 0.251517, Best Rate: 0.3
Fault: [0,1,2,2,4,5], logL: -35.113604, Exp of LogL: 0.000000, Normalized LogL: -1.404544, Exp of Normalized LogL: 0.245479, Best Rate: 0.3
Fault: [0,1,2,3,4,5], logL: -35.321440, Exp of LogL: 0.000000, Normalized LogL: -1.412858, Exp of Normalized LogL: 0.243447, Best Rate: 0.3
Fault: [0,1,2,0,4,5], logL: -36.118204, Exp of LogL: 0.000000, Normalized LogL: -1.444728, Exp of Normalized LogL: 0.235810, Best Rate: 0.3

========= ADAPTIVE MC DEBUG =========
Total calls: 250
Avg tries: 442.80
Confidence stops: 250
Max stops: 0
Max stop rate: 0.000
Real Fault Rank 5
===== SEED 33 | FR=0.3 | VR=100 =====
executing with fault mode: [0,1,2,1,4,5]

executing with fault mode: [0,1,2,1,4,5]

Fault scores (higher is better):
Fault: [0,1,2,1,4,5], logL: -34.299090, Exp of LogL: 0.000000, Normalized LogL: -1.106422, Exp of Normalized LogL: 0.330740, Best Rate: 0.3
Fault: [0,1,2,5,4,5], logL: -34.533844, Exp of LogL: 0.000000, Normalized LogL: -1.113995, Exp of Normalized LogL: 0.328245, Best Rate: 0.3
Fault: [0,1,2,4,4,5], logL: -34.533844, Exp of LogL: 0.000000, Normalized LogL: -1.113995, Exp of Normalized LogL: 0.328245, Best Rate: 0.3
Fault: [0,1,2,1,3,5], logL: -34.674114, Exp of LogL: 0.000000, Normalized LogL: -1.118520, Exp of Normalized LogL: 0.326763, Best Rate: 0.3
Fault: [0,1,2,1,0,5], logL: -34.674114, Exp of LogL: 0.000000, Normalized LogL: -1.118520, Exp of Normalized LogL: 0.326763, Best Rate: 0.3
Fault: [0,1,2,1,1,5], logL: -34.674114, Exp of LogL: 0.000000, Normalized LogL: -1.118520, Exp of Normalized LogL: 0.326763, Best Rate: 0.3
Fault: [0,1,2,1,2,5], logL: -34.674114, Exp of LogL: 0.000000, Normalized LogL: -1.118520, Exp of Normalized LogL: 0.326763, Best Rate: 0.3
Fault: [0,1,2,2,4,5], logL: -35.268319, Exp of LogL: 0.000000, Normalized LogL: -1.137688, Exp of Normalized LogL: 0.320559, Best Rate: 0.3
Fault: [0,1,2,3,4,5], logL: -36.469802, Exp of LogL: 0.000000, Normalized LogL: -1.176445, Exp of Normalized LogL: 0.308373, Best Rate: 0.3
Fault: [0,1,2,0,4,5], logL: -38.168570, Exp of LogL: 0.000000, Normalized LogL: -1.231244, Exp of Normalized LogL: 0.291929, Best Rate: 0.3

========= ADAPTIVE MC DEBUG =========
Total calls: 310
Avg tries: 460.81
Confidence stops: 310
Max stops: 0
Max stop rate: 0.000
Real Fault Rank 1
================= 22/08/2026 04:50:44: SEED 33 END =================
================= 22/08/2026 04:50:44: SEED 34 (32/100), a*=2 fault=[0,1,0,3,4,5] START =================
===== SEED 34 | FR=0.3 | VR=20 =====
executing with fault mode: [0,1,0,3,4,5]

Fault scores (higher is better):
Fault: [0,1,0,1,4,5], logL: -5.600835, Exp of LogL: 0.003695, Normalized LogL: -1.400209, Exp of Normalized LogL: 0.246546, Best Rate: 0.3
Fault: [0,1,3,3,4,5], logL: -5.615345, Exp of LogL: 0.003642, Normalized LogL: -1.403836, Exp of Normalized LogL: 0.245653, Best Rate: 0.3
Fault: [0,1,0,3,4,5], logL: -5.652563, Exp of LogL: 0.003509, Normalized LogL: -1.413141, Exp of Normalized LogL: 0.243378, Best Rate: 0.3
Fault: [0,1,0,0,4,5], logL: -5.838950, Exp of LogL: 0.002912, Normalized LogL: -1.459737, Exp of Normalized LogL: 0.232297, Best Rate: 0.3
Fault: [0,1,0,2,4,5], logL: -5.838950, Exp of LogL: 0.002912, Normalized LogL: -1.459737, Exp of Normalized LogL: 0.232297, Best Rate: 0.3
Fault: [0,1,0,4,4,5], logL: -5.838950, Exp of LogL: 0.002912, Normalized LogL: -1.459737, Exp of Normalized LogL: 0.232297, Best Rate: 0.3
Fault: [0,1,1,3,4,5], logL: -6.219148, Exp of LogL: 0.001991, Normalized LogL: -1.554787, Exp of Normalized LogL: 0.211234, Best Rate: 0.3
Fault: [0,1,2,3,4,5], logL: -6.633392, Exp of LogL: 0.001316, Normalized LogL: -1.658348, Exp of Normalized LogL: 0.190453, Best Rate: 0.3
Fault: [0,1,5,3,4,5], logL: -7.001640, Exp of LogL: 0.000910, Normalized LogL: -1.750410, Exp of Normalized LogL: 0.173703, Best Rate: 0.3
Fault: [0,1,4,3,4,5], logL: -7.001640, Exp of LogL: 0.000910, Normalized LogL: -1.750410, Exp of Normalized LogL: 0.173703, Best Rate: 0.3

========= ADAPTIVE MC DEBUG =========
Total calls: 40
Avg tries: 475.00
Confidence stops: 40
Max stops: 0
Max stop rate: 0.000
Real Fault Rank 3
===== SEED 34 | FR=0.3 | VR=40 =====
executing with fault mode: [0,1,0,3,4,5]

Fault scores (higher is better):
Fault: [0,1,3,3,4,5], logL: -9.236327, Exp of LogL: 0.000097, Normalized LogL: -1.154541, Exp of Normalized LogL: 0.315202, Best Rate: 0.3
Fault: [0,1,1,3,4,5], logL: -10.473914, Exp of LogL: 0.000028, Normalized LogL: -1.309239, Exp of Normalized LogL: 0.270025, Best Rate: 0.3
Fault: [0,1,0,3,4,5], logL: -10.617847, Exp of LogL: 0.000024, Normalized LogL: -1.327231, Exp of Normalized LogL: 0.265211, Best Rate: 0.3
Fault: [0,1,0,1,4,5], logL: -10.853801, Exp of LogL: 0.000019, Normalized LogL: -1.356725, Exp of Normalized LogL: 0.257503, Best Rate: 0.3
Fault: [0,1,0,0,4,5], logL: -10.958385, Exp of LogL: 0.000017, Normalized LogL: -1.369798, Exp of Normalized LogL: 0.254158, Best Rate: 0.3
Fault: [0,1,0,2,4,5], logL: -10.958385, Exp of LogL: 0.000017, Normalized LogL: -1.369798, Exp of Normalized LogL: 0.254158, Best Rate: 0.3
Fault: [0,1,0,4,4,5], logL: -10.958385, Exp of LogL: 0.000017, Normalized LogL: -1.369798, Exp of Normalized LogL: 0.254158, Best Rate: 0.3
Fault: [0,1,2,3,4,5], logL: -35.077592, Exp of LogL: 0.000000, Normalized LogL: -4.384699, Exp of Normalized LogL: 0.012467, Best Rate: 0.3
Fault: [0,1,5,3,4,5], logL: -35.380312, Exp of LogL: 0.000000, Normalized LogL: -4.422539, Exp of Normalized LogL: 0.012004, Best Rate: 0.3
Fault: [0,1,4,3,4,5], logL: -35.380312, Exp of LogL: 0.000000, Normalized LogL: -4.422539, Exp of Normalized LogL: 0.012004, Best Rate: 0.3

========= ADAPTIVE MC DEBUG =========
Total calls: 80
Avg tries: 436.25
Confidence stops: 80
Max stops: 0
Max stop rate: 0.000
Real Fault Rank 3
===== SEED 34 | FR=0.3 | VR=60 =====
executing with fault mode: [0,1,0,3,4,5]

Fault scores (higher is better):
Fault: [0,1,3,3,4,5], logL: -13.266069, Exp of LogL: 0.000002, Normalized LogL: -1.206006, Exp of Normalized LogL: 0.299391, Best Rate: 0.3
Fault: [0,1,1,3,4,5], logL: -15.465807, Exp of LogL: 0.000000, Normalized LogL: -1.405982, Exp of Normalized LogL: 0.245126, Best Rate: 0.3
Fault: [0,1,0,3,4,5], logL: -18.107560, Exp of LogL: 0.000000, Normalized LogL: -1.646142, Exp of Normalized LogL: 0.192792, Best Rate: 0.3
Fault: [0,1,0,1,4,5], logL: -18.343513, Exp of LogL: 0.000000, Normalized LogL: -1.667592, Exp of Normalized LogL: 0.188701, Best Rate: 0.3
Fault: [0,1,0,0,4,5], logL: -18.448097, Exp of LogL: 0.000000, Normalized LogL: -1.677100, Exp of Normalized LogL: 0.186915, Best Rate: 0.3
Fault: [0,1,0,2,4,5], logL: -18.448097, Exp of LogL: 0.000000, Normalized LogL: -1.677100, Exp of Normalized LogL: 0.186915, Best Rate: 0.3
Fault: [0,1,0,4,4,5], logL: -18.448097, Exp of LogL: 0.000000, Normalized LogL: -1.677100, Exp of Normalized LogL: 0.186915, Best Rate: 0.3
Fault: [0,1,5,3,4,5], logL: -39.336442, Exp of LogL: 0.000000, Normalized LogL: -3.576040, Exp of Normalized LogL: 0.027986, Best Rate: 0.3
Fault: [0,1,4,3,4,5], logL: -39.336442, Exp of LogL: 0.000000, Normalized LogL: -3.576040, Exp of Normalized LogL: 0.027986, Best Rate: 0.3
Fault: [0,1,2,3,4,5], logL: -64.876735, Exp of LogL: 0.000000, Normalized LogL: -5.897885, Exp of Normalized LogL: 0.002745, Best Rate: 0.3

========= ADAPTIVE MC DEBUG =========
Total calls: 110
Avg tries: 431.82
Confidence stops: 110
Max stops: 0
Max stop rate: 0.000
Real Fault Rank 3
===== SEED 34 | FR=0.3 | VR=80 =====
executing with fault mode: [0,1,0,3,4,5]

Fault scores (higher is better):
Fault: [0,1,3,3,4,5], logL: -15.929291, Exp of LogL: 0.000000, Normalized LogL: -1.061953, Exp of Normalized LogL: 0.345780, Best Rate: 0.3
Fault: [0,1,1,3,4,5], logL: -18.740049, Exp of LogL: 0.000000, Normalized LogL: -1.249337, Exp of Normalized LogL: 0.286695, Best Rate: 0.3
Fault: [0,1,0,3,4,5], logL: -19.285912, Exp of LogL: 0.000000, Normalized LogL: -1.285727, Exp of Normalized LogL: 0.276449, Best Rate: 0.3
Fault: [0,1,0,1,4,5], logL: -19.521865, Exp of LogL: 0.000000, Normalized LogL: -1.301458, Exp of Normalized LogL: 0.272135, Best Rate: 0.3
Fault: [0,1,0,0,4,5], logL: -19.626449, Exp of LogL: 0.000000, Normalized LogL: -1.308430, Exp of Normalized LogL: 0.270244, Best Rate: 0.3
Fault: [0,1,0,2,4,5], logL: -19.626449, Exp of LogL: 0.000000, Normalized LogL: -1.308430, Exp of Normalized LogL: 0.270244, Best Rate: 0.3
Fault: [0,1,0,4,4,5], logL: -19.626449, Exp of LogL: 0.000000, Normalized LogL: -1.308430, Exp of Normalized LogL: 0.270244, Best Rate: 0.3
Fault: [0,1,5,3,4,5], logL: -42.412429, Exp of LogL: 0.000000, Normalized LogL: -2.827495, Exp of Normalized LogL: 0.059161, Best Rate: 0.3
Fault: [0,1,4,3,4,5], logL: -42.412429, Exp of LogL: 0.000000, Normalized LogL: -2.827495, Exp of Normalized LogL: 0.059161, Best Rate: 0.3
Fault: [0,1,2,3,4,5], logL: -66.747260, Exp of LogL: 0.000000, Normalized LogL: -4.449817, Exp of Normalized LogL: 0.011681, Best Rate: 0.3

========= ADAPTIVE MC DEBUG =========
Total calls: 150
Avg tries: 448.67
Confidence stops: 150
Max stops: 0
Max stop rate: 0.000
Real Fault Rank 3
===== SEED 34 | FR=0.3 | VR=100 =====
executing with fault mode: [0,1,0,3,4,5]

Fault scores (higher is better):
Fault: [0,1,3,3,4,5], logL: -18.344032, Exp of LogL: 0.000000, Normalized LogL: -0.965475, Exp of Normalized LogL: 0.380802, Best Rate: 0.3
Fault: [0,1,0,3,4,5], logL: -23.357964, Exp of LogL: 0.000000, Normalized LogL: -1.229367, Exp of Normalized LogL: 0.292478, Best Rate: 0.3
Fault: [0,1,1,3,4,5], logL: -23.530852, Exp of LogL: 0.000000, Normalized LogL: -1.238466, Exp of Normalized LogL: 0.289829, Best Rate: 0.3
Fault: [0,1,0,1,4,5], logL: -23.593918, Exp of LogL: 0.000000, Normalized LogL: -1.241785, Exp of Normalized LogL: 0.288868, Best Rate: 0.3
Fault: [0,1,0,0,4,5], logL: -23.698502, Exp of LogL: 0.000000, Normalized LogL: -1.247290, Exp of Normalized LogL: 0.287282, Best Rate: 0.3
Fault: [0,1,0,2,4,5], logL: -23.698502, Exp of LogL: 0.000000, Normalized LogL: -1.247290, Exp of Normalized LogL: 0.287282, Best Rate: 0.3
Fault: [0,1,0,4,4,5], logL: -23.698502, Exp of LogL: 0.000000, Normalized LogL: -1.247290, Exp of Normalized LogL: 0.287282, Best Rate: 0.3
Fault: [0,1,5,3,4,5], logL: -70.460681, Exp of LogL: 0.000000, Normalized LogL: -3.708457, Exp of Normalized LogL: 0.024515, Best Rate: 0.3
Fault: [0,1,4,3,4,5], logL: -70.460681, Exp of LogL: 0.000000, Normalized LogL: -3.708457, Exp of Normalized LogL: 0.024515, Best Rate: 0.3
Fault: [0,1,2,3,4,5], logL: -120.477770, Exp of LogL: 0.000000, Normalized LogL: -6.340935, Exp of Normalized LogL: 0.001763, Best Rate: 0.3

========= ADAPTIVE MC DEBUG =========
Total calls: 190
Avg tries: 432.37
Confidence stops: 190
Max stops: 0
Max stop rate: 0.000
Real Fault Rank 2
================= 22/08/2026 04:51:12: SEED 34 END =================
================= 22/08/2026 04:51:12: SEED 35 (33/100), a*=0 fault=[1,1,2,3,4,5] START =================
===== SEED 35 | FR=0.3 | VR=20 =====
executing with fault mode: [1,1,2,3,4,5]

Fault scores (higher is better):
Fault: [0,1,2,3,4,5], logL: -4.599311, Exp of LogL: 0.010059, Normalized LogL: -1.149828, Exp of Normalized LogL: 0.316691, Best Rate: 0.3
Fault: [3,1,2,3,4,5], logL: -5.162729, Exp of LogL: 0.005726, Normalized LogL: -1.290682, Exp of Normalized LogL: 0.275083, Best Rate: 0.3
Fault: [4,1,2,3,4,5], logL: -5.284897, Exp of LogL: 0.005068, Normalized LogL: -1.321224, Exp of Normalized LogL: 0.266808, Best Rate: 0.3
Fault: [5,1,2,3,4,5], logL: -5.342055, Exp of LogL: 0.004786, Normalized LogL: -1.335514, Exp of Normalized LogL: 0.263023, Best Rate: 0.3
Fault: [2,1,2,3,4,5], logL: -5.369344, Exp of LogL: 0.004657, Normalized LogL: -1.342336, Exp of Normalized LogL: 0.261235, Best Rate: 0.3
Fault: [1,1,2,3,4,5], logL: -5.402680, Exp of LogL: 0.004504, Normalized LogL: -1.350670, Exp of Normalized LogL: 0.259067, Best Rate: 0.3
Fault: [1,1,2,5,4,5], logL: -5.777373, Exp of LogL: 0.003097, Normalized LogL: -1.444343, Exp of Normalized LogL: 0.235901, Best Rate: 0.3
Fault: [1,1,2,4,4,5], logL: -5.777373, Exp of LogL: 0.003097, Normalized LogL: -1.444343, Exp of Normalized LogL: 0.235901, Best Rate: 0.3
Fault: [1,1,2,2,4,5], logL: -5.872684, Exp of LogL: 0.002815, Normalized LogL: -1.468171, Exp of Normalized LogL: 0.230346, Best Rate: 0.3
Fault: [1,1,2,1,4,5], logL: -5.872684, Exp of LogL: 0.002815, Normalized LogL: -1.468171, Exp of Normalized LogL: 0.230346, Best Rate: 0.3

========= ADAPTIVE MC DEBUG =========
Total calls: 40
Avg tries: 443.75
Confidence stops: 40
Max stops: 0
Max stop rate: 0.000
Real Fault Rank 6
===== SEED 35 | FR=0.3 | VR=40 =====
executing with fault mode: [1,1,2,3,4,5]

Fault scores (higher is better):
Fault: [0,1,2,3,4,5], logL: -8.448350, Exp of LogL: 0.000214, Normalized LogL: -1.056044, Exp of Normalized LogL: 0.347829, Best Rate: 0.3
Fault: [2,1,2,3,4,5], logL: -8.922890, Exp of LogL: 0.000133, Normalized LogL: -1.115361, Exp of Normalized LogL: 0.327797, Best Rate: 0.3
Fault: [3,1,2,3,4,5], logL: -8.940497, Exp of LogL: 0.000131, Normalized LogL: -1.117562, Exp of Normalized LogL: 0.327076, Best Rate: 0.3
Fault: [1,1,2,3,4,5], logL: -9.121482, Exp of LogL: 0.000109, Normalized LogL: -1.140185, Exp of Normalized LogL: 0.319760, Best Rate: 0.3
Fault: [4,1,2,3,4,5], logL: -9.133217, Exp of LogL: 0.000108, Normalized LogL: -1.141652, Exp of Normalized LogL: 0.319291, Best Rate: 0.3
Fault: [5,1,2,3,4,5], logL: -9.133217, Exp of LogL: 0.000108, Normalized LogL: -1.141652, Exp of Normalized LogL: 0.319291, Best Rate: 0.3
Fault: [1,1,2,1,4,5], logL: -9.204864, Exp of LogL: 0.000101, Normalized LogL: -1.150608, Exp of Normalized LogL: 0.316444, Best Rate: 0.3
Fault: [1,1,2,2,4,5], logL: -9.344625, Exp of LogL: 0.000087, Normalized LogL: -1.168078, Exp of Normalized LogL: 0.310964, Best Rate: 0.3
Fault: [1,1,2,5,4,5], logL: -9.344625, Exp of LogL: 0.000087, Normalized LogL: -1.168078, Exp of Normalized LogL: 0.310964, Best Rate: 0.3
Fault: [1,1,2,4,4,5], logL: -9.344625, Exp of LogL: 0.000087, Normalized LogL: -1.168078, Exp of Normalized LogL: 0.310964, Best Rate: 0.3

========= ADAPTIVE MC DEBUG =========
Total calls: 80
Avg tries: 495.62
Confidence stops: 80
Max stops: 0
Max stop rate: 0.000
Real Fault Rank 4
===== SEED 35 | FR=0.3 | VR=60 =====
executing with fault mode: [1,1,2,3,4,5]

Fault scores (higher is better):
Fault: [1,1,2,3,4,5], logL: -12.431606, Exp of LogL: 0.000004, Normalized LogL: -1.035967, Exp of Normalized LogL: 0.354883, Best Rate: 0.3
Fault: [1,1,2,1,4,5], logL: -12.514987, Exp of LogL: 0.000004, Normalized LogL: -1.042916, Exp of Normalized LogL: 0.352426, Best Rate: 0.3
Fault: [1,1,2,2,4,5], logL: -12.654749, Exp of LogL: 0.000003, Normalized LogL: -1.054562, Exp of Normalized LogL: 0.348345, Best Rate: 0.3
Fault: [1,1,2,5,4,5], logL: -12.654749, Exp of LogL: 0.000003, Normalized LogL: -1.054562, Exp of Normalized LogL: 0.348345, Best Rate: 0.3
Fault: [1,1,2,4,4,5], logL: -12.654749, Exp of LogL: 0.000003, Normalized LogL: -1.054562, Exp of Normalized LogL: 0.348345, Best Rate: 0.3
Fault: [2,1,2,3,4,5], logL: -13.685775, Exp of LogL: 0.000001, Normalized LogL: -1.140481, Exp of Normalized LogL: 0.319665, Best Rate: 0.3
Fault: [0,1,2,3,4,5], logL: -37.378193, Exp of LogL: 0.000000, Normalized LogL: -3.114849, Exp of Normalized LogL: 0.044385, Best Rate: 0.3
Fault: [3,1,2,3,4,5], logL: -38.453189, Exp of LogL: 0.000000, Normalized LogL: -3.204432, Exp of Normalized LogL: 0.040582, Best Rate: 0.3
Fault: [4,1,2,3,4,5], logL: -38.453189, Exp of LogL: 0.000000, Normalized LogL: -3.204432, Exp of Normalized LogL: 0.040582, Best Rate: 0.3
Fault: [5,1,2,3,4,5], logL: -38.453189, Exp of LogL: 0.000000, Normalized LogL: -3.204432, Exp of Normalized LogL: 0.040582, Best Rate: 0.3

========= ADAPTIVE MC DEBUG =========
Total calls: 120
Avg tries: 505.42
Confidence stops: 120
Max stops: 0
Max stop rate: 0.000
Real Fault Rank 1
===== SEED 35 | FR=0.3 | VR=80 =====
executing with fault mode: [1,1,2,3,4,5]

Fault scores (higher is better):
Fault: [1,1,2,3,4,5], logL: -12.853304, Exp of LogL: 0.000003, Normalized LogL: -0.803331, Exp of Normalized LogL: 0.447835, Best Rate: 0.3
Fault: [1,1,2,1,4,5], logL: -13.093605, Exp of LogL: 0.000002, Normalized LogL: -0.818350, Exp of Normalized LogL: 0.441159, Best Rate: 0.3
Fault: [1,1,2,2,4,5], logL: -13.188823, Exp of LogL: 0.000002, Normalized LogL: -0.824301, Exp of Normalized LogL: 0.438541, Best Rate: 0.3
Fault: [1,1,2,5,4,5], logL: -13.188823, Exp of LogL: 0.000002, Normalized LogL: -0.824301, Exp of Normalized LogL: 0.438541, Best Rate: 0.3
Fault: [1,1,2,4,4,5], logL: -13.188823, Exp of LogL: 0.000002, Normalized LogL: -0.824301, Exp of Normalized LogL: 0.438541, Best Rate: 0.3
Fault: [2,1,2,3,4,5], logL: -14.107473, Exp of LogL: 0.000001, Normalized LogL: -0.881717, Exp of Normalized LogL: 0.414071, Best Rate: 0.3
Fault: [0,1,2,3,4,5], logL: -37.799891, Exp of LogL: 0.000000, Normalized LogL: -2.362493, Exp of Normalized LogL: 0.094185, Best Rate: 0.3
Fault: [3,1,2,3,4,5], logL: -38.874887, Exp of LogL: 0.000000, Normalized LogL: -2.429680, Exp of Normalized LogL: 0.088065, Best Rate: 0.3
Fault: [4,1,2,3,4,5], logL: -38.874887, Exp of LogL: 0.000000, Normalized LogL: -2.429680, Exp of Normalized LogL: 0.088065, Best Rate: 0.3
Fault: [5,1,2,3,4,5], logL: -38.874887, Exp of LogL: 0.000000, Normalized LogL: -2.429680, Exp of Normalized LogL: 0.088065, Best Rate: 0.3

========= ADAPTIVE MC DEBUG =========
Total calls: 160
Avg tries: 497.81
Confidence stops: 160
Max stops: 0
Max stop rate: 0.000
Real Fault Rank 1
===== SEED 35 | FR=0.3 | VR=100 =====
executing with fault mode: [1,1,2,3,4,5]

Fault scores (higher is better):
Fault: [1,1,2,3,4,5], logL: -13.941063, Exp of LogL: 0.000001, Normalized LogL: -0.697053, Exp of Normalized LogL: 0.498051, Best Rate: 0.3
Fault: [1,1,2,1,4,5], logL: -14.181364, Exp of LogL: 0.000001, Normalized LogL: -0.709068, Exp of Normalized LogL: 0.492103, Best Rate: 0.3
Fault: [1,1,2,2,4,5], logL: -14.276582, Exp of LogL: 0.000001, Normalized LogL: -0.713829, Exp of Normalized LogL: 0.489765, Best Rate: 0.3
Fault: [1,1,2,5,4,5], logL: -14.276582, Exp of LogL: 0.000001, Normalized LogL: -0.713829, Exp of Normalized LogL: 0.489765, Best Rate: 0.3
Fault: [1,1,2,4,4,5], logL: -14.276582, Exp of LogL: 0.000001, Normalized LogL: -0.713829, Exp of Normalized LogL: 0.489765, Best Rate: 0.3
Fault: [2,1,2,3,4,5], logL: -15.258661, Exp of LogL: 0.000000, Normalized LogL: -0.762933, Exp of Normalized LogL: 0.466297, Best Rate: 0.3
Fault: [0,1,2,3,4,5], logL: -38.957496, Exp of LogL: 0.000000, Normalized LogL: -1.947875, Exp of Normalized LogL: 0.142577, Best Rate: 0.3
Fault: [3,1,2,3,4,5], logL: -39.962646, Exp of LogL: 0.000000, Normalized LogL: -1.998132, Exp of Normalized LogL: 0.135588, Best Rate: 0.3
Fault: [4,1,2,3,4,5], logL: -39.962646, Exp of LogL: 0.000000, Normalized LogL: -1.998132, Exp of Normalized LogL: 0.135588, Best Rate: 0.3
Fault: [5,1,2,3,4,5], logL: -39.962646, Exp of LogL: 0.000000, Normalized LogL: -1.998132, Exp of Normalized LogL: 0.135588, Best Rate: 0.3

========= ADAPTIVE MC DEBUG =========
Total calls: 200
Avg tries: 492.75
Confidence stops: 200
Max stops: 0
Max stop rate: 0.000
Real Fault Rank 1
================= 22/08/2026 04:51:46: SEED 35 END =================
================= 22/08/2026 04:51:46: SEED 36 (34/100), a*=0 fault=[3,1,2,3,4,5] START =================
===== SEED 36 | FR=0.3 | VR=20 =====
executing with fault mode: [3,1,2,3,4,5]

executing with fault mode: [3,1,2,3,4,5]

Fault scores (higher is better):
Fault: [2,1,2,3,4,5], logL: -15.550893, Exp of LogL: 0.000000, Normalized LogL: -2.591815, Exp of Normalized LogL: 0.074884, Best Rate: 0.3
Fault: [1,1,2,3,4,5], logL: -15.741411, Exp of LogL: 0.000000, Normalized LogL: -2.623569, Exp of Normalized LogL: 0.072544, Best Rate: 0.3
Fault: [0,1,2,3,4,5], logL: -16.236135, Exp of LogL: 0.000000, Normalized LogL: -2.706022, Exp of Normalized LogL: 0.066802, Best Rate: 0.3
Fault: [4,1,2,3,4,5], logL: -16.268137, Exp of LogL: 0.000000, Normalized LogL: -2.711356, Exp of Normalized LogL: 0.066447, Best Rate: 0.3
Fault: [5,1,2,3,4,5], logL: -16.268137, Exp of LogL: 0.000000, Normalized LogL: -2.711356, Exp of Normalized LogL: 0.066447, Best Rate: 0.3
Fault: [3,1,2,3,0,5], logL: -16.787126, Exp of LogL: 0.000000, Normalized LogL: -2.797854, Exp of Normalized LogL: 0.060941, Best Rate: 0.3
Fault: [3,1,2,3,4,5], logL: -16.787126, Exp of LogL: 0.000000, Normalized LogL: -2.797854, Exp of Normalized LogL: 0.060941, Best Rate: 0.3
Fault: [3,1,2,3,1,5], logL: -16.787126, Exp of LogL: 0.000000, Normalized LogL: -2.797854, Exp of Normalized LogL: 0.060941, Best Rate: 0.3
Fault: [3,1,2,3,5,5], logL: -16.787126, Exp of LogL: 0.000000, Normalized LogL: -2.797854, Exp of Normalized LogL: 0.060941, Best Rate: 0.3
Fault: [3,1,2,3,3,5], logL: -16.787126, Exp of LogL: 0.000000, Normalized LogL: -2.797854, Exp of Normalized LogL: 0.060941, Best Rate: 0.3

========= ADAPTIVE MC DEBUG =========
Total calls: 60
Avg tries: 292.50
Confidence stops: 60
Max stops: 0
Max stop rate: 0.000
Real Fault Rank 7
===== SEED 36 | FR=0.3 | VR=40 =====
executing with fault mode: [3,1,2,3,4,5]

executing with fault mode: [3,1,2,3,4,5]

Fault scores (higher is better):
Fault: [2,1,2,3,4,5], logL: -18.785616, Exp of LogL: 0.000000, Normalized LogL: -1.707783, Exp of Normalized LogL: 0.181267, Best Rate: 0.3
Fault: [1,1,2,3,4,5], logL: -19.077322, Exp of LogL: 0.000000, Normalized LogL: -1.734302, Exp of Normalized LogL: 0.176523, Best Rate: 0.3
Fault: [3,1,2,3,4,5], logL: -19.539946, Exp of LogL: 0.000000, Normalized LogL: -1.776359, Exp of Normalized LogL: 0.169253, Best Rate: 0.3
Fault: [4,1,2,3,4,5], logL: -19.665109, Exp of LogL: 0.000000, Normalized LogL: -1.787737, Exp of Normalized LogL: 0.167338, Best Rate: 0.3
Fault: [5,1,2,3,4,5], logL: -19.665109, Exp of LogL: 0.000000, Normalized LogL: -1.787737, Exp of Normalized LogL: 0.167338, Best Rate: 0.3
Fault: [3,1,2,3,0,5], logL: -19.912004, Exp of LogL: 0.000000, Normalized LogL: -1.810182, Exp of Normalized LogL: 0.163624, Best Rate: 0.3
Fault: [3,1,2,3,1,5], logL: -19.912004, Exp of LogL: 0.000000, Normalized LogL: -1.810182, Exp of Normalized LogL: 0.163624, Best Rate: 0.3
Fault: [3,1,2,3,5,5], logL: -19.912004, Exp of LogL: 0.000000, Normalized LogL: -1.810182, Exp of Normalized LogL: 0.163624, Best Rate: 0.3
Fault: [3,1,2,3,3,5], logL: -19.912004, Exp of LogL: 0.000000, Normalized LogL: -1.810182, Exp of Normalized LogL: 0.163624, Best Rate: 0.3
Fault: [0,1,2,3,4,5], logL: -19.913157, Exp of LogL: 0.000000, Normalized LogL: -1.810287, Exp of Normalized LogL: 0.163607, Best Rate: 0.3

========= ADAPTIVE MC DEBUG =========
Total calls: 110
Avg tries: 395.91
Confidence stops: 110
Max stops: 0
Max stop rate: 0.000
Real Fault Rank 3
===== SEED 36 | FR=0.3 | VR=60 =====
executing with fault mode: [3,1,2,3,4,5]

executing with fault mode: [3,1,2,3,4,5]

Fault scores (higher is better):
Fault: [3,1,2,3,4,5], logL: -23.320481, Exp of LogL: 0.000000, Normalized LogL: -1.457530, Exp of Normalized LogL: 0.232811, Best Rate: 0.3
Fault: [1,1,2,3,4,5], logL: -23.482387, Exp of LogL: 0.000000, Normalized LogL: -1.467649, Exp of Normalized LogL: 0.230467, Best Rate: 0.3
Fault: [3,1,2,3,0,5], logL: -23.692539, Exp of LogL: 0.000000, Normalized LogL: -1.480784, Exp of Normalized LogL: 0.227459, Best Rate: 0.3
Fault: [3,1,2,3,1,5], logL: -23.692539, Exp of LogL: 0.000000, Normalized LogL: -1.480784, Exp of Normalized LogL: 0.227459, Best Rate: 0.3
Fault: [3,1,2,3,5,5], logL: -23.692539, Exp of LogL: 0.000000, Normalized LogL: -1.480784, Exp of Normalized LogL: 0.227459, Best Rate: 0.3
Fault: [3,1,2,3,3,5], logL: -23.692539, Exp of LogL: 0.000000, Normalized LogL: -1.480784, Exp of Normalized LogL: 0.227459, Best Rate: 0.3
Fault: [2,1,2,3,4,5], logL: -23.715409, Exp of LogL: 0.000000, Normalized LogL: -1.482213, Exp of Normalized LogL: 0.227134, Best Rate: 0.3
Fault: [0,1,2,3,4,5], logL: -24.476212, Exp of LogL: 0.000000, Normalized LogL: -1.529763, Exp of Normalized LogL: 0.216587, Best Rate: 0.3
Fault: [4,1,2,3,4,5], logL: -24.953030, Exp of LogL: 0.000000, Normalized LogL: -1.559564, Exp of Normalized LogL: 0.210228, Best Rate: 0.3
Fault: [5,1,2,3,4,5], logL: -24.953030, Exp of LogL: 0.000000, Normalized LogL: -1.559564, Exp of Normalized LogL: 0.210228, Best Rate: 0.3

========= ADAPTIVE MC DEBUG =========
Total calls: 160
Avg tries: 424.06
Confidence stops: 160
Max stops: 0
Max stop rate: 0.000
Real Fault Rank 1
===== SEED 36 | FR=0.3 | VR=80 =====
executing with fault mode: [3,1,2,3,4,5]

executing with fault mode: [3,1,2,3,4,5]

Fault scores (higher is better):
Fault: [3,1,2,3,4,5], logL: -25.298924, Exp of LogL: 0.000000, Normalized LogL: -1.204711, Exp of Normalized LogL: 0.299779, Best Rate: 0.3
Fault: [1,1,2,3,4,5], logL: -25.511441, Exp of LogL: 0.000000, Normalized LogL: -1.214831, Exp of Normalized LogL: 0.296760, Best Rate: 0.3
Fault: [3,1,2,3,0,5], logL: -25.670982, Exp of LogL: 0.000000, Normalized LogL: -1.222428, Exp of Normalized LogL: 0.294514, Best Rate: 0.3
Fault: [3,1,2,3,1,5], logL: -25.670982, Exp of LogL: 0.000000, Normalized LogL: -1.222428, Exp of Normalized LogL: 0.294514, Best Rate: 0.3
Fault: [3,1,2,3,5,5], logL: -25.670982, Exp of LogL: 0.000000, Normalized LogL: -1.222428, Exp of Normalized LogL: 0.294514, Best Rate: 0.3
Fault: [3,1,2,3,3,5], logL: -25.670982, Exp of LogL: 0.000000, Normalized LogL: -1.222428, Exp of Normalized LogL: 0.294514, Best Rate: 0.3
Fault: [2,1,2,3,4,5], logL: -25.711709, Exp of LogL: 0.000000, Normalized LogL: -1.224367, Exp of Normalized LogL: 0.293944, Best Rate: 0.3
Fault: [0,1,2,3,4,5], logL: -26.410793, Exp of LogL: 0.000000, Normalized LogL: -1.257657, Exp of Normalized LogL: 0.284319, Best Rate: 0.3
Fault: [4,1,2,3,4,5], logL: -26.982084, Exp of LogL: 0.000000, Normalized LogL: -1.284861, Exp of Normalized LogL: 0.276689, Best Rate: 0.3
Fault: [5,1,2,3,4,5], logL: -26.982084, Exp of LogL: 0.000000, Normalized LogL: -1.284861, Exp of Normalized LogL: 0.276689, Best Rate: 0.3

========= ADAPTIVE MC DEBUG =========
Total calls: 210
Avg tries: 437.62
Confidence stops: 210
Max stops: 0
Max stop rate: 0.000
Real Fault Rank 1
===== SEED 36 | FR=0.3 | VR=100 =====
executing with fault mode: [3,1,2,3,4,5]

executing with fault mode: [3,1,2,3,4,5]

Fault scores (higher is better):
Fault: [3,1,2,3,4,5], logL: -28.680358, Exp of LogL: 0.000000, Normalized LogL: -1.062235, Exp of Normalized LogL: 0.345682, Best Rate: 0.3
Fault: [3,1,2,3,0,5], logL: -29.031851, Exp of LogL: 0.000000, Normalized LogL: -1.075254, Exp of Normalized LogL: 0.341211, Best Rate: 0.3
Fault: [3,1,2,3,1,5], logL: -29.031851, Exp of LogL: 0.000000, Normalized LogL: -1.075254, Exp of Normalized LogL: 0.341211, Best Rate: 0.3
Fault: [3,1,2,3,5,5], logL: -29.031851, Exp of LogL: 0.000000, Normalized LogL: -1.075254, Exp of Normalized LogL: 0.341211, Best Rate: 0.3
Fault: [3,1,2,3,3,5], logL: -29.031851, Exp of LogL: 0.000000, Normalized LogL: -1.075254, Exp of Normalized LogL: 0.341211, Best Rate: 0.3
Fault: [0,1,2,3,4,5], logL: -29.317408, Exp of LogL: 0.000000, Normalized LogL: -1.085830, Exp of Normalized LogL: 0.337621, Best Rate: 0.3
Fault: [2,1,2,3,4,5], logL: -29.752311, Exp of LogL: 0.000000, Normalized LogL: -1.101937, Exp of Normalized LogL: 0.332227, Best Rate: 0.3
Fault: [1,1,2,3,4,5], logL: -30.235294, Exp of LogL: 0.000000, Normalized LogL: -1.119826, Exp of Normalized LogL: 0.326337, Best Rate: 0.3
Fault: [4,1,2,3,4,5], logL: -31.750427, Exp of LogL: 0.000000, Normalized LogL: -1.175942, Exp of Normalized LogL: 0.308528, Best Rate: 0.3
Fault: [5,1,2,3,4,5], logL: -31.750427, Exp of LogL: 0.000000, Normalized LogL: -1.175942, Exp of Normalized LogL: 0.308528, Best Rate: 0.3

========= ADAPTIVE MC DEBUG =========
Total calls: 270
Avg tries: 439.63
Confidence stops: 270
Max stops: 0
Max stop rate: 0.000
Real Fault Rank 1
================= 22/08/2026 04:52:24: SEED 36 END =================
================= 22/08/2026 04:52:24: SEED 37 (35/100), a*=2 fault=[0,1,3,3,4,5] START =================
===== SEED 37 | FR=0.3 | VR=20 =====
executing with fault mode: [0,1,3,3,4,5]

Fault scores (higher is better):
Fault: [0,1,1,3,4,5], logL: -6.502290, Exp of LogL: 0.001500, Normalized LogL: -2.167430, Exp of Normalized LogL: 0.114471, Best Rate: 0.3
Fault: [0,1,2,3,4,5], logL: -6.794427, Exp of LogL: 0.001120, Normalized LogL: -2.264809, Exp of Normalized LogL: 0.103850, Best Rate: 0.3
Fault: [0,1,4,3,4,5], logL: -7.027102, Exp of LogL: 0.000887, Normalized LogL: -2.342367, Exp of Normalized LogL: 0.096100, Best Rate: 0.3
Fault: [0,1,5,3,4,5], logL: -7.027102, Exp of LogL: 0.000887, Normalized LogL: -2.342367, Exp of Normalized LogL: 0.096100, Best Rate: 0.3
Fault: [0,1,0,3,4,5], logL: -7.300798, Exp of LogL: 0.000675, Normalized LogL: -2.433599, Exp of Normalized LogL: 0.087721, Best Rate: 0.3
Fault: [0,1,3,3,4,5], logL: -7.300798, Exp of LogL: 0.000675, Normalized LogL: -2.433599, Exp of Normalized LogL: 0.087721, Best Rate: 0.3
Fault: [0,1,3,3,1,5], logL: -7.300798, Exp of LogL: 0.000675, Normalized LogL: -2.433599, Exp of Normalized LogL: 0.087721, Best Rate: 0.3
Fault: [0,1,3,3,2,5], logL: -7.300798, Exp of LogL: 0.000675, Normalized LogL: -2.433599, Exp of Normalized LogL: 0.087721, Best Rate: 0.3
Fault: [0,1,3,3,3,5], logL: -7.300798, Exp of LogL: 0.000675, Normalized LogL: -2.433599, Exp of Normalized LogL: 0.087721, Best Rate: 0.3
Fault: [0,1,3,3,5,5], logL: -7.300798, Exp of LogL: 0.000675, Normalized LogL: -2.433599, Exp of Normalized LogL: 0.087721, Best Rate: 0.3

========= ADAPTIVE MC DEBUG =========
Total calls: 30
Avg tries: 366.67
Confidence stops: 30
Max stops: 0
Max stop rate: 0.000
Real Fault Rank 6
===== SEED 37 | FR=0.3 | VR=40 =====
executing with fault mode: [0,1,3,3,4,5]

Fault scores (higher is better):
Fault: [0,1,1,3,4,5], logL: -11.445786, Exp of LogL: 0.000011, Normalized LogL: -1.907631, Exp of Normalized LogL: 0.148432, Best Rate: 0.3
Fault: [0,1,4,3,4,5], logL: -11.688843, Exp of LogL: 0.000008, Normalized LogL: -1.948140, Exp of Normalized LogL: 0.142539, Best Rate: 0.3
Fault: [0,1,5,3,4,5], logL: -11.688843, Exp of LogL: 0.000008, Normalized LogL: -1.948140, Exp of Normalized LogL: 0.142539, Best Rate: 0.3
Fault: [0,1,2,3,4,5], logL: -11.721180, Exp of LogL: 0.000008, Normalized LogL: -1.953530, Exp of Normalized LogL: 0.141773, Best Rate: 0.3
Fault: [0,1,3,3,1,5], logL: -12.031531, Exp of LogL: 0.000006, Normalized LogL: -2.005255, Exp of Normalized LogL: 0.134626, Best Rate: 0.3
Fault: [0,1,3,3,2,5], logL: -12.031531, Exp of LogL: 0.000006, Normalized LogL: -2.005255, Exp of Normalized LogL: 0.134626, Best Rate: 0.3
Fault: [0,1,3,3,5,5], logL: -12.031531, Exp of LogL: 0.000006, Normalized LogL: -2.005255, Exp of Normalized LogL: 0.134626, Best Rate: 0.3
Fault: [0,1,3,3,4,5], logL: -12.108492, Exp of LogL: 0.000006, Normalized LogL: -2.018082, Exp of Normalized LogL: 0.132910, Best Rate: 0.3
Fault: [0,1,0,3,4,5], logL: -12.368004, Exp of LogL: 0.000004, Normalized LogL: -2.061334, Exp of Normalized LogL: 0.127284, Best Rate: 0.3
Fault: [0,1,3,3,3,5], logL: -12.380426, Exp of LogL: 0.000004, Normalized LogL: -2.063404, Exp of Normalized LogL: 0.127021, Best Rate: 0.3

========= ADAPTIVE MC DEBUG =========
Total calls: 60
Avg tries: 341.67
Confidence stops: 60
Max stops: 0
Max stop rate: 0.000
Real Fault Rank 8
===== SEED 37 | FR=0.3 | VR=60 =====
executing with fault mode: [0,1,3,3,4,5]

Fault scores (higher is better):
Fault: [0,1,1,3,4,5], logL: -12.423104, Exp of LogL: 0.000004, Normalized LogL: -1.380345, Exp of Normalized LogL: 0.251492, Best Rate: 0.3
Fault: [0,1,4,3,4,5], logL: -12.852606, Exp of LogL: 0.000003, Normalized LogL: -1.428067, Exp of Normalized LogL: 0.239772, Best Rate: 0.3
Fault: [0,1,5,3,4,5], logL: -12.852606, Exp of LogL: 0.000003, Normalized LogL: -1.428067, Exp of Normalized LogL: 0.239772, Best Rate: 0.3
Fault: [0,1,3,3,1,5], logL: -12.922440, Exp of LogL: 0.000002, Normalized LogL: -1.435827, Exp of Normalized LogL: 0.237919, Best Rate: 0.3
Fault: [0,1,3,3,2,5], logL: -12.922440, Exp of LogL: 0.000002, Normalized LogL: -1.435827, Exp of Normalized LogL: 0.237919, Best Rate: 0.3
Fault: [0,1,3,3,5,5], logL: -12.922440, Exp of LogL: 0.000002, Normalized LogL: -1.435827, Exp of Normalized LogL: 0.237919, Best Rate: 0.3
Fault: [0,1,2,3,4,5], logL: -13.089934, Exp of LogL: 0.000002, Normalized LogL: -1.454437, Exp of Normalized LogL: 0.233532, Best Rate: 0.3
Fault: [0,1,3,3,4,5], logL: -13.193110, Exp of LogL: 0.000002, Normalized LogL: -1.465901, Exp of Normalized LogL: 0.230870, Best Rate: 0.3
Fault: [0,1,3,3,3,5], logL: -13.384075, Exp of LogL: 0.000002, Normalized LogL: -1.487119, Exp of Normalized LogL: 0.226023, Best Rate: 0.3
Fault: [0,1,0,3,4,5], logL: -13.531767, Exp of LogL: 0.000001, Normalized LogL: -1.503530, Exp of Normalized LogL: 0.222344, Best Rate: 0.3

========= ADAPTIVE MC DEBUG =========
Total calls: 90
Avg tries: 428.89
Confidence stops: 90
Max stops: 0
Max stop rate: 0.000
Real Fault Rank 8
===== SEED 37 | FR=0.3 | VR=80 =====
executing with fault mode: [0,1,3,3,4,5]

Fault scores (higher is better):
Fault: [0,1,1,3,4,5], logL: -13.005643, Exp of LogL: 0.000002, Normalized LogL: -1.083804, Exp of Normalized LogL: 0.338306, Best Rate: 0.3
Fault: [0,1,4,3,4,5], logL: -13.435145, Exp of LogL: 0.000001, Normalized LogL: -1.119595, Exp of Normalized LogL: 0.326412, Best Rate: 0.3
Fault: [0,1,5,3,4,5], logL: -13.435145, Exp of LogL: 0.000001, Normalized LogL: -1.119595, Exp of Normalized LogL: 0.326412, Best Rate: 0.3
Fault: [0,1,2,3,4,5], logL: -13.672473, Exp of LogL: 0.000001, Normalized LogL: -1.139373, Exp of Normalized LogL: 0.320020, Best Rate: 0.3
Fault: [0,1,3,3,4,5], logL: -13.775649, Exp of LogL: 0.000001, Normalized LogL: -1.147971, Exp of Normalized LogL: 0.317280, Best Rate: 0.3
Fault: [0,1,0,3,4,5], logL: -14.114306, Exp of LogL: 0.000001, Normalized LogL: -1.176192, Exp of Normalized LogL: 0.308451, Best Rate: 0.3
Fault: [0,1,3,3,1,5], logL: -14.148031, Exp of LogL: 0.000001, Normalized LogL: -1.179003, Exp of Normalized LogL: 0.307585, Best Rate: 0.3
Fault: [0,1,3,3,2,5], logL: -14.148031, Exp of LogL: 0.000001, Normalized LogL: -1.179003, Exp of Normalized LogL: 0.307585, Best Rate: 0.3
Fault: [0,1,3,3,3,5], logL: -14.148031, Exp of LogL: 0.000001, Normalized LogL: -1.179003, Exp of Normalized LogL: 0.307585, Best Rate: 0.3
Fault: [0,1,3,3,5,5], logL: -14.148031, Exp of LogL: 0.000001, Normalized LogL: -1.179003, Exp of Normalized LogL: 0.307585, Best Rate: 0.3

========= ADAPTIVE MC DEBUG =========
Total calls: 120
Avg tries: 420.42
Confidence stops: 120
Max stops: 0
Max stop rate: 0.000
Real Fault Rank 5
===== SEED 37 | FR=0.3 | VR=100 =====
executing with fault mode: [0,1,3,3,4,5]

Fault scores (higher is better):
Fault: [0,1,1,3,4,5], logL: -13.515019, Exp of LogL: 0.000001, Normalized LogL: -0.901001, Exp of Normalized LogL: 0.406163, Best Rate: 0.3
Fault: [0,1,2,3,4,5], logL: -14.133235, Exp of LogL: 0.000001, Normalized LogL: -0.942216, Exp of Normalized LogL: 0.389763, Best Rate: 0.3
Fault: [0,1,3,3,4,5], logL: -14.298890, Exp of LogL: 0.000001, Normalized LogL: -0.953259, Exp of Normalized LogL: 0.385483, Best Rate: 0.3
Fault: [0,1,0,3,4,5], logL: -14.550535, Exp of LogL: 0.000000, Normalized LogL: -0.970036, Exp of Normalized LogL: 0.379070, Best Rate: 0.3
Fault: [0,1,4,3,4,5], logL: -14.637546, Exp of LogL: 0.000000, Normalized LogL: -0.975836, Exp of Normalized LogL: 0.376877, Best Rate: 0.3
Fault: [0,1,5,3,4,5], logL: -14.637546, Exp of LogL: 0.000000, Normalized LogL: -0.975836, Exp of Normalized LogL: 0.376877, Best Rate: 0.3
Fault: [0,1,3,3,1,5], logL: -14.671272, Exp of LogL: 0.000000, Normalized LogL: -0.978085, Exp of Normalized LogL: 0.376031, Best Rate: 0.3
Fault: [0,1,3,3,2,5], logL: -14.671272, Exp of LogL: 0.000000, Normalized LogL: -0.978085, Exp of Normalized LogL: 0.376031, Best Rate: 0.3
Fault: [0,1,3,3,3,5], logL: -14.671272, Exp of LogL: 0.000000, Normalized LogL: -0.978085, Exp of Normalized LogL: 0.376031, Best Rate: 0.3
Fault: [0,1,3,3,5,5], logL: -14.671272, Exp of LogL: 0.000000, Normalized LogL: -0.978085, Exp of Normalized LogL: 0.376031, Best Rate: 0.3

========= ADAPTIVE MC DEBUG =========
Total calls: 150
Avg tries: 449.33
Confidence stops: 150
Max stops: 0
Max stop rate: 0.000
Real Fault Rank 3
================= 22/08/2026 04:52:46: SEED 37 END =================
================= 22/08/2026 04:52:46: SEED 38 (36/100), a*=2 fault=[0,1,1,3,4,5] START =================
===== SEED 38 | FR=0.3 | VR=20 =====
executing with fault mode: [0,1,1,3,4,5]

executing with fault mode: [0,1,1,3,4,5]

executing with fault mode: [0,1,1,3,4,5]

Fault scores (higher is better):
Fault: [0,1,1,3,1,5], logL: -10.757691, Exp of LogL: 0.000021, Normalized LogL: -1.792948, Exp of Normalized LogL: 0.166469, Best Rate: 0.3
Fault: [0,1,1,3,5,5], logL: -10.857774, Exp of LogL: 0.000019, Normalized LogL: -1.809629, Exp of Normalized LogL: 0.163715, Best Rate: 0.3
Fault: [0,1,1,3,3,5], logL: -10.857774, Exp of LogL: 0.000019, Normalized LogL: -1.809629, Exp of Normalized LogL: 0.163715, Best Rate: 0.3
Fault: [0,1,1,3,0,5], logL: -10.857774, Exp of LogL: 0.000019, Normalized LogL: -1.809629, Exp of Normalized LogL: 0.163715, Best Rate: 0.3
Fault: [0,1,1,3,4,5], logL: -10.911842, Exp of LogL: 0.000018, Normalized LogL: -1.818640, Exp of Normalized LogL: 0.162246, Best Rate: 0.3
Fault: [0,1,4,3,4,5], logL: -11.317307, Exp of LogL: 0.000012, Normalized LogL: -1.886218, Exp of Normalized LogL: 0.151644, Best Rate: 0.3
Fault: [0,1,5,3,4,5], logL: -11.317307, Exp of LogL: 0.000012, Normalized LogL: -1.886218, Exp of Normalized LogL: 0.151644, Best Rate: 0.3
Fault: [0,1,3,3,4,5], logL: -11.604989, Exp of LogL: 0.000009, Normalized LogL: -1.934165, Exp of Normalized LogL: 0.144545, Best Rate: 0.3
Fault: [0,1,2,3,4,5], logL: -12.192775, Exp of LogL: 0.000005, Normalized LogL: -2.032129, Exp of Normalized LogL: 0.131056, Best Rate: 0.3
Fault: [0,1,0,3,4,5], logL: -12.192775, Exp of LogL: 0.000005, Normalized LogL: -2.032129, Exp of Normalized LogL: 0.131056, Best Rate: 0.3

========= ADAPTIVE MC DEBUG =========
Total calls: 60
Avg tries: 375.00
Confidence stops: 60
Max stops: 0
Max stop rate: 0.000
Real Fault Rank 5
===== SEED 38 | FR=0.3 | VR=40 =====
executing with fault mode: [0,1,1,3,4,5]

executing with fault mode: [0,1,1,3,4,5]

executing with fault mode: [0,1,1,3,4,5]

Fault scores (higher is better):
Fault: [0,1,0,3,4,5], logL: -16.417005, Exp of LogL: 0.000000, Normalized LogL: -1.492455, Exp of Normalized LogL: 0.224820, Best Rate: 0.3
Fault: [0,1,2,3,4,5], logL: -16.526775, Exp of LogL: 0.000000, Normalized LogL: -1.502434, Exp of Normalized LogL: 0.222588, Best Rate: 0.3
Fault: [0,1,1,3,4,5], logL: -17.101658, Exp of LogL: 0.000000, Normalized LogL: -1.554696, Exp of Normalized LogL: 0.211254, Best Rate: 0.3
Fault: [0,1,1,3,5,5], logL: -17.161081, Exp of LogL: 0.000000, Normalized LogL: -1.560098, Exp of Normalized LogL: 0.210115, Best Rate: 0.3
Fault: [0,1,1,3,3,5], logL: -17.161081, Exp of LogL: 0.000000, Normalized LogL: -1.560098, Exp of Normalized LogL: 0.210115, Best Rate: 0.3
Fault: [0,1,1,3,0,5], logL: -17.161081, Exp of LogL: 0.000000, Normalized LogL: -1.560098, Exp of Normalized LogL: 0.210115, Best Rate: 0.3
Fault: [0,1,3,3,4,5], logL: -17.337299, Exp of LogL: 0.000000, Normalized LogL: -1.576118, Exp of Normalized LogL: 0.206776, Best Rate: 0.3
Fault: [0,1,1,3,1,5], logL: -17.349134, Exp of LogL: 0.000000, Normalized LogL: -1.577194, Exp of Normalized LogL: 0.206554, Best Rate: 0.3
Fault: [0,1,4,3,4,5], logL: -17.724175, Exp of LogL: 0.000000, Normalized LogL: -1.611289, Exp of Normalized LogL: 0.199630, Best Rate: 0.3
Fault: [0,1,5,3,4,5], logL: -17.724175, Exp of LogL: 0.000000, Normalized LogL: -1.611289, Exp of Normalized LogL: 0.199630, Best Rate: 0.3

========= ADAPTIVE MC DEBUG =========
Total calls: 110
Avg tries: 402.73
Confidence stops: 110
Max stops: 0
Max stop rate: 0.000
Real Fault Rank 3
===== SEED 38 | FR=0.3 | VR=60 =====
executing with fault mode: [0,1,1,3,4,5]

executing with fault mode: [0,1,1,3,4,5]

executing with fault mode: [0,1,1,3,4,5]

Fault scores (higher is better):
Fault: [0,1,1,3,4,5], logL: -19.858627, Exp of LogL: 0.000000, Normalized LogL: -1.168155, Exp of Normalized LogL: 0.310940, Best Rate: 0.3
Fault: [0,1,1,3,5,5], logL: -20.025200, Exp of LogL: 0.000000, Normalized LogL: -1.177953, Exp of Normalized LogL: 0.307908, Best Rate: 0.3
Fault: [0,1,1,3,3,5], logL: -20.025200, Exp of LogL: 0.000000, Normalized LogL: -1.177953, Exp of Normalized LogL: 0.307908, Best Rate: 0.3
Fault: [0,1,1,3,0,5], logL: -20.025200, Exp of LogL: 0.000000, Normalized LogL: -1.177953, Exp of Normalized LogL: 0.307908, Best Rate: 0.3
Fault: [0,1,1,3,1,5], logL: -20.168301, Exp of LogL: 0.000000, Normalized LogL: -1.186371, Exp of Normalized LogL: 0.305327, Best Rate: 0.3
Fault: [0,1,2,3,4,5], logL: -20.698913, Exp of LogL: 0.000000, Normalized LogL: -1.217583, Exp of Normalized LogL: 0.295945, Best Rate: 0.3
Fault: [0,1,0,3,4,5], logL: -20.792670, Exp of LogL: 0.000000, Normalized LogL: -1.223098, Exp of Normalized LogL: 0.294317, Best Rate: 0.3
Fault: [0,1,3,3,4,5], logL: -20.935723, Exp of LogL: 0.000000, Normalized LogL: -1.231513, Exp of Normalized LogL: 0.291851, Best Rate: 0.3
Fault: [0,1,4,3,4,5], logL: -21.469704, Exp of LogL: 0.000000, Normalized LogL: -1.262924, Exp of Normalized LogL: 0.282826, Best Rate: 0.3
Fault: [0,1,5,3,4,5], logL: -21.469704, Exp of LogL: 0.000000, Normalized LogL: -1.262924, Exp of Normalized LogL: 0.282826, Best Rate: 0.3

========= ADAPTIVE MC DEBUG =========
Total calls: 170
Avg tries: 429.12
Confidence stops: 170
Max stops: 0
Max stop rate: 0.000
Real Fault Rank 1
===== SEED 38 | FR=0.3 | VR=80 =====
executing with fault mode: [0,1,1,3,4,5]

executing with fault mode: [0,1,1,3,4,5]

executing with fault mode: [0,1,1,3,4,5]

Fault scores (higher is better):
Fault: [0,1,1,3,4,5], logL: -22.549875, Exp of LogL: 0.000000, Normalized LogL: -1.024994, Exp of Normalized LogL: 0.358798, Best Rate: 0.3
Fault: [0,1,1,3,1,5], logL: -22.914390, Exp of LogL: 0.000000, Normalized LogL: -1.041563, Exp of Normalized LogL: 0.352903, Best Rate: 0.3
Fault: [0,1,1,3,5,5], logL: -22.914390, Exp of LogL: 0.000000, Normalized LogL: -1.041563, Exp of Normalized LogL: 0.352903, Best Rate: 0.3
Fault: [0,1,1,3,3,5], logL: -22.914390, Exp of LogL: 0.000000, Normalized LogL: -1.041563, Exp of Normalized LogL: 0.352903, Best Rate: 0.3
Fault: [0,1,1,3,0,5], logL: -22.914390, Exp of LogL: 0.000000, Normalized LogL: -1.041563, Exp of Normalized LogL: 0.352903, Best Rate: 0.3
Fault: [0,1,2,3,4,5], logL: -23.443812, Exp of LogL: 0.000000, Normalized LogL: -1.065628, Exp of Normalized LogL: 0.344511, Best Rate: 0.3
Fault: [0,1,0,3,4,5], logL: -23.730239, Exp of LogL: 0.000000, Normalized LogL: -1.078647, Exp of Normalized LogL: 0.340055, Best Rate: 0.3
Fault: [0,1,3,3,4,5], logL: -23.918830, Exp of LogL: 0.000000, Normalized LogL: -1.087220, Exp of Normalized LogL: 0.337153, Best Rate: 0.3
Fault: [0,1,4,3,4,5], logL: -24.953763, Exp of LogL: 0.000000, Normalized LogL: -1.134262, Exp of Normalized LogL: 0.321659, Best Rate: 0.3
Fault: [0,1,5,3,4,5], logL: -24.953763, Exp of LogL: 0.000000, Normalized LogL: -1.134262, Exp of Normalized LogL: 0.321659, Best Rate: 0.3

========= ADAPTIVE MC DEBUG =========
Total calls: 220
Avg tries: 466.36
Confidence stops: 220
Max stops: 0
Max stop rate: 0.000
Real Fault Rank 1
===== SEED 38 | FR=0.3 | VR=100 =====
executing with fault mode: [0,1,1,3,4,5]

executing with fault mode: [0,1,1,3,4,5]

executing with fault mode: [0,1,1,3,4,5]

Fault scores (higher is better):
Fault: [0,1,1,3,4,5], logL: -24.190587, Exp of LogL: 0.000000, Normalized LogL: -0.863950, Exp of Normalized LogL: 0.421494, Best Rate: 0.3
Fault: [0,1,1,3,1,5], logL: -24.573580, Exp of LogL: 0.000000, Normalized LogL: -0.877628, Exp of Normalized LogL: 0.415768, Best Rate: 0.3
Fault: [0,1,1,3,5,5], logL: -24.573580, Exp of LogL: 0.000000, Normalized LogL: -0.877628, Exp of Normalized LogL: 0.415768, Best Rate: 0.3
Fault: [0,1,1,3,3,5], logL: -24.573580, Exp of LogL: 0.000000, Normalized LogL: -0.877628, Exp of Normalized LogL: 0.415768, Best Rate: 0.3
Fault: [0,1,1,3,0,5], logL: -24.573580, Exp of LogL: 0.000000, Normalized LogL: -0.877628, Exp of Normalized LogL: 0.415768, Best Rate: 0.3
Fault: [0,1,2,3,4,5], logL: -25.103824, Exp of LogL: 0.000000, Normalized LogL: -0.896565, Exp of Normalized LogL: 0.407969, Best Rate: 0.3
Fault: [0,1,0,3,4,5], logL: -25.316552, Exp of LogL: 0.000000, Normalized LogL: -0.904163, Exp of Normalized LogL: 0.404881, Best Rate: 0.3
Fault: [0,1,3,3,4,5], logL: -25.534404, Exp of LogL: 0.000000, Normalized LogL: -0.911943, Exp of Normalized LogL: 0.401743, Best Rate: 0.3
Fault: [0,1,4,3,4,5], logL: -26.569337, Exp of LogL: 0.000000, Normalized LogL: -0.948905, Exp of Normalized LogL: 0.387165, Best Rate: 0.3
Fault: [0,1,5,3,4,5], logL: -26.569337, Exp of LogL: 0.000000, Normalized LogL: -0.948905, Exp of Normalized LogL: 0.387165, Best Rate: 0.3

========= ADAPTIVE MC DEBUG =========
Total calls: 280
Avg tries: 468.39
Confidence stops: 280
Max stops: 0
Max stop rate: 0.000
Real Fault Rank 1
================= 22/08/2026 04:53:28: SEED 38 END =================
================= 22/08/2026 04:53:28: SEED 39 (37/100), a*=0 fault=[2,1,2,3,4,5] START =================
===== SEED 39 | FR=0.3 | VR=20 =====
executing with fault mode: [2,1,2,3,4,5]

Fault scores (higher is better):
Fault: [0,1,2,3,4,5], logL: -6.896726, Exp of LogL: 0.001011, Normalized LogL: -1.379345, Exp of Normalized LogL: 0.251743, Best Rate: 0.3
Fault: [2,1,2,3,4,5], logL: -7.174811, Exp of LogL: 0.000766, Normalized LogL: -1.434962, Exp of Normalized LogL: 0.238124, Best Rate: 0.3
Fault: [2,1,2,3,3,5], logL: -7.521866, Exp of LogL: 0.000541, Normalized LogL: -1.504373, Exp of Normalized LogL: 0.222157, Best Rate: 0.3
Fault: [2,1,2,3,2,5], logL: -7.521866, Exp of LogL: 0.000541, Normalized LogL: -1.504373, Exp of Normalized LogL: 0.222157, Best Rate: 0.3
Fault: [2,1,2,3,0,5], logL: -7.521866, Exp of LogL: 0.000541, Normalized LogL: -1.504373, Exp of Normalized LogL: 0.222157, Best Rate: 0.3
Fault: [2,1,2,3,1,5], logL: -7.521866, Exp of LogL: 0.000541, Normalized LogL: -1.504373, Exp of Normalized LogL: 0.222157, Best Rate: 0.3
Fault: [1,1,2,3,4,5], logL: -7.707657, Exp of LogL: 0.000449, Normalized LogL: -1.541531, Exp of Normalized LogL: 0.214053, Best Rate: 0.3
Fault: [3,1,2,3,4,5], logL: -7.707657, Exp of LogL: 0.000449, Normalized LogL: -1.541531, Exp of Normalized LogL: 0.214053, Best Rate: 0.3
Fault: [5,1,2,3,4,5], logL: -7.762598, Exp of LogL: 0.000425, Normalized LogL: -1.552520, Exp of Normalized LogL: 0.211714, Best Rate: 0.3
Fault: [4,1,2,3,4,5], logL: -7.762598, Exp of LogL: 0.000425, Normalized LogL: -1.552520, Exp of Normalized LogL: 0.211714, Best Rate: 0.3

========= ADAPTIVE MC DEBUG =========
Total calls: 50
Avg tries: 390.00
Confidence stops: 50
Max stops: 0
Max stop rate: 0.000
Real Fault Rank 2
===== SEED 39 | FR=0.3 | VR=40 =====
executing with fault mode: [2,1,2,3,4,5]

Fault scores (higher is better):
Fault: [0,1,2,3,4,5], logL: -10.605844, Exp of LogL: 0.000025, Normalized LogL: -1.178427, Exp of Normalized LogL: 0.307762, Best Rate: 0.3
Fault: [2,1,2,3,4,5], logL: -10.875306, Exp of LogL: 0.000019, Normalized LogL: -1.208367, Exp of Normalized LogL: 0.298685, Best Rate: 0.3
Fault: [2,1,2,3,3,5], logL: -11.226251, Exp of LogL: 0.000013, Normalized LogL: -1.247361, Exp of Normalized LogL: 0.287262, Best Rate: 0.3
Fault: [2,1,2,3,2,5], logL: -11.226251, Exp of LogL: 0.000013, Normalized LogL: -1.247361, Exp of Normalized LogL: 0.287262, Best Rate: 0.3
Fault: [2,1,2,3,0,5], logL: -11.226251, Exp of LogL: 0.000013, Normalized LogL: -1.247361, Exp of Normalized LogL: 0.287262, Best Rate: 0.3
Fault: [2,1,2,3,1,5], logL: -11.226251, Exp of LogL: 0.000013, Normalized LogL: -1.247361, Exp of Normalized LogL: 0.287262, Best Rate: 0.3
Fault: [5,1,2,3,4,5], logL: -11.531004, Exp of LogL: 0.000010, Normalized LogL: -1.281223, Exp of Normalized LogL: 0.277698, Best Rate: 0.3
Fault: [4,1,2,3,4,5], logL: -11.531004, Exp of LogL: 0.000010, Normalized LogL: -1.281223, Exp of Normalized LogL: 0.277698, Best Rate: 0.3
Fault: [1,1,2,3,4,5], logL: -11.549187, Exp of LogL: 0.000010, Normalized LogL: -1.283243, Exp of Normalized LogL: 0.277137, Best Rate: 0.3
Fault: [3,1,2,3,4,5], logL: -11.602934, Exp of LogL: 0.000009, Normalized LogL: -1.289215, Exp of Normalized LogL: 0.275487, Best Rate: 0.3

========= ADAPTIVE MC DEBUG =========
Total calls: 90
Avg tries: 442.78
Confidence stops: 90
Max stops: 0
Max stop rate: 0.000
Real Fault Rank 2
===== SEED 39 | FR=0.3 | VR=60 =====
executing with fault mode: [2,1,2,3,4,5]

Fault scores (higher is better):
Fault: [0,1,2,3,4,5], logL: -10.706295, Exp of LogL: 0.000022, Normalized LogL: -0.823561, Exp of Normalized LogL: 0.438866, Best Rate: 0.3
Fault: [2,1,2,3,4,5], logL: -11.223650, Exp of LogL: 0.000013, Normalized LogL: -0.863358, Exp of Normalized LogL: 0.421744, Best Rate: 0.3
Fault: [2,1,2,3,3,5], logL: -11.574595, Exp of LogL: 0.000009, Normalized LogL: -0.890353, Exp of Normalized LogL: 0.410511, Best Rate: 0.3
Fault: [2,1,2,3,2,5], logL: -11.574595, Exp of LogL: 0.000009, Normalized LogL: -0.890353, Exp of Normalized LogL: 0.410511, Best Rate: 0.3
Fault: [2,1,2,3,0,5], logL: -11.574595, Exp of LogL: 0.000009, Normalized LogL: -0.890353, Exp of Normalized LogL: 0.410511, Best Rate: 0.3
Fault: [2,1,2,3,1,5], logL: -11.574595, Exp of LogL: 0.000009, Normalized LogL: -0.890353, Exp of Normalized LogL: 0.410511, Best Rate: 0.3
Fault: [1,1,2,3,4,5], logL: -11.597113, Exp of LogL: 0.000009, Normalized LogL: -0.892086, Exp of Normalized LogL: 0.409800, Best Rate: 0.3
Fault: [5,1,2,3,4,5], logL: -11.625451, Exp of LogL: 0.000009, Normalized LogL: -0.894265, Exp of Normalized LogL: 0.408908, Best Rate: 0.3
Fault: [4,1,2,3,4,5], logL: -11.625451, Exp of LogL: 0.000009, Normalized LogL: -0.894265, Exp of Normalized LogL: 0.408908, Best Rate: 0.3
Fault: [3,1,2,3,4,5], logL: -11.839436, Exp of LogL: 0.000007, Normalized LogL: -0.910726, Exp of Normalized LogL: 0.402232, Best Rate: 0.3

========= ADAPTIVE MC DEBUG =========
Total calls: 130
Avg tries: 520.00
Confidence stops: 130
Max stops: 0
Max stop rate: 0.000
Real Fault Rank 2
===== SEED 39 | FR=0.3 | VR=80 =====
executing with fault mode: [2,1,2,3,4,5]

Fault scores (higher is better):
Fault: [0,1,2,3,4,5], logL: -10.900336, Exp of LogL: 0.000018, Normalized LogL: -0.641196, Exp of Normalized LogL: 0.526662, Best Rate: 0.3
Fault: [2,1,2,3,4,5], logL: -11.472272, Exp of LogL: 0.000010, Normalized LogL: -0.674840, Exp of Normalized LogL: 0.509238, Best Rate: 0.3
Fault: [5,1,2,3,4,5], logL: -11.723618, Exp of LogL: 0.000008, Normalized LogL: -0.689625, Exp of Normalized LogL: 0.501764, Best Rate: 0.3
Fault: [4,1,2,3,4,5], logL: -11.723618, Exp of LogL: 0.000008, Normalized LogL: -0.689625, Exp of Normalized LogL: 0.501764, Best Rate: 0.3
Fault: [1,1,2,3,4,5], logL: -11.741801, Exp of LogL: 0.000008, Normalized LogL: -0.690694, Exp of Normalized LogL: 0.501228, Best Rate: 0.3
Fault: [2,1,2,3,3,5], logL: -11.855264, Exp of LogL: 0.000007, Normalized LogL: -0.697368, Exp of Normalized LogL: 0.497894, Best Rate: 0.3
Fault: [2,1,2,3,2,5], logL: -11.855264, Exp of LogL: 0.000007, Normalized LogL: -0.697368, Exp of Normalized LogL: 0.497894, Best Rate: 0.3
Fault: [2,1,2,3,0,5], logL: -11.855264, Exp of LogL: 0.000007, Normalized LogL: -0.697368, Exp of Normalized LogL: 0.497894, Best Rate: 0.3
Fault: [2,1,2,3,1,5], logL: -11.855264, Exp of LogL: 0.000007, Normalized LogL: -0.697368, Exp of Normalized LogL: 0.497894, Best Rate: 0.3
Fault: [3,1,2,3,4,5], logL: -11.953681, Exp of LogL: 0.000006, Normalized LogL: -0.703158, Exp of Normalized LogL: 0.495020, Best Rate: 0.3

========= ADAPTIVE MC DEBUG =========
Total calls: 170
Avg tries: 523.24
Confidence stops: 170
Max stops: 0
Max stop rate: 0.000
Real Fault Rank 2
===== SEED 39 | FR=0.3 | VR=100 =====
executing with fault mode: [2,1,2,3,4,5]

Fault scores (higher is better):
Fault: [2,1,2,3,4,5], logL: -12.189236, Exp of LogL: 0.000005, Normalized LogL: -0.554056, Exp of Normalized LogL: 0.574614, Best Rate: 0.3
Fault: [5,1,2,3,4,5], logL: -12.372671, Exp of LogL: 0.000004, Normalized LogL: -0.562394, Exp of Normalized LogL: 0.569843, Best Rate: 0.3
Fault: [4,1,2,3,4,5], logL: -12.372671, Exp of LogL: 0.000004, Normalized LogL: -0.562394, Exp of Normalized LogL: 0.569843, Best Rate: 0.3
Fault: [2,1,2,3,3,5], logL: -12.572229, Exp of LogL: 0.000003, Normalized LogL: -0.571465, Exp of Normalized LogL: 0.564698, Best Rate: 0.3
Fault: [2,1,2,3,2,5], logL: -12.572229, Exp of LogL: 0.000003, Normalized LogL: -0.571465, Exp of Normalized LogL: 0.564698, Best Rate: 0.3
Fault: [2,1,2,3,0,5], logL: -12.572229, Exp of LogL: 0.000003, Normalized LogL: -0.571465, Exp of Normalized LogL: 0.564698, Best Rate: 0.3
Fault: [2,1,2,3,1,5], logL: -12.572229, Exp of LogL: 0.000003, Normalized LogL: -0.571465, Exp of Normalized LogL: 0.564698, Best Rate: 0.3
Fault: [0,1,2,3,4,5], logL: -13.329505, Exp of LogL: 0.000002, Normalized LogL: -0.605887, Exp of Normalized LogL: 0.545590, Best Rate: 0.3
Fault: [1,1,2,3,4,5], logL: -14.192709, Exp of LogL: 0.000001, Normalized LogL: -0.645123, Exp of Normalized LogL: 0.524598, Best Rate: 0.3
Fault: [3,1,2,3,4,5], logL: -14.745127, Exp of LogL: 0.000000, Normalized LogL: -0.670233, Exp of Normalized LogL: 0.511589, Best Rate: 0.3

========= ADAPTIVE MC DEBUG =========
Total calls: 220
Avg tries: 512.05
Confidence stops: 220
Max stops: 0
Max stop rate: 0.000
Real Fault Rank 1
================= 22/08/2026 04:54:07: SEED 39 END =================
================= 22/08/2026 04:54:07: SEED 40 (38/100), a*=1 fault=[0,4,2,3,4,5] START =================
===== SEED 40 | FR=0.3 | VR=20 =====
executing with fault mode: [0,4,2,3,4,5]

Fault scores (higher is better):
Fault: [0,4,2,3,3,5], logL: -4.552696, Exp of LogL: 0.010539, Normalized LogL: -1.138174, Exp of Normalized LogL: 0.320404, Best Rate: 0.3
Fault: [0,4,2,3,0,5], logL: -4.552696, Exp of LogL: 0.010539, Normalized LogL: -1.138174, Exp of Normalized LogL: 0.320404, Best Rate: 0.3
Fault: [0,4,2,3,5,5], logL: -4.552696, Exp of LogL: 0.010539, Normalized LogL: -1.138174, Exp of Normalized LogL: 0.320404, Best Rate: 0.3
Fault: [0,2,2,3,4,5], logL: -4.871110, Exp of LogL: 0.007665, Normalized LogL: -1.217777, Exp of Normalized LogL: 0.295887, Best Rate: 0.3
Fault: [0,4,2,3,1,5], logL: -5.159750, Exp of LogL: 0.005743, Normalized LogL: -1.289938, Exp of Normalized LogL: 0.275288, Best Rate: 0.3
Fault: [0,4,2,3,4,5], logL: -5.174296, Exp of LogL: 0.005660, Normalized LogL: -1.293574, Exp of Normalized LogL: 0.274289, Best Rate: 0.3
Fault: [0,3,2,3,4,5], logL: -5.261307, Exp of LogL: 0.005189, Normalized LogL: -1.315327, Exp of Normalized LogL: 0.268387, Best Rate: 0.3
Fault: [0,0,2,3,4,5], logL: -5.295993, Exp of LogL: 0.005012, Normalized LogL: -1.323998, Exp of Normalized LogL: 0.266069, Best Rate: 0.3
Fault: [0,5,2,3,4,5], logL: -6.121839, Exp of LogL: 0.002194, Normalized LogL: -1.530460, Exp of Normalized LogL: 0.216436, Best Rate: 0.3
Fault: [0,1,2,3,4,5], logL: -6.330478, Exp of LogL: 0.001781, Normalized LogL: -1.582620, Exp of Normalized LogL: 0.205436, Best Rate: 0.3

========= ADAPTIVE MC DEBUG =========
Total calls: 40
Avg tries: 473.75
Confidence stops: 40
Max stops: 0
Max stop rate: 0.000
Real Fault Rank 6
===== SEED 40 | FR=0.3 | VR=40 =====
executing with fault mode: [0,4,2,3,4,5]

Fault scores (higher is better):
Fault: [0,2,2,3,4,5], logL: -8.536521, Exp of LogL: 0.000196, Normalized LogL: -1.219503, Exp of Normalized LogL: 0.295377, Best Rate: 0.3
Fault: [0,4,2,3,3,5], logL: -9.438517, Exp of LogL: 0.000080, Normalized LogL: -1.348360, Exp of Normalized LogL: 0.259666, Best Rate: 0.3
Fault: [0,4,2,3,0,5], logL: -9.438517, Exp of LogL: 0.000080, Normalized LogL: -1.348360, Exp of Normalized LogL: 0.259666, Best Rate: 0.3
Fault: [0,4,2,3,5,5], logL: -9.438517, Exp of LogL: 0.000080, Normalized LogL: -1.348360, Exp of Normalized LogL: 0.259666, Best Rate: 0.3
Fault: [0,4,2,3,4,5], logL: -9.498236, Exp of LogL: 0.000075, Normalized LogL: -1.356891, Exp of Normalized LogL: 0.257460, Best Rate: 0.3
Fault: [0,4,2,3,1,5], logL: -9.658044, Exp of LogL: 0.000064, Normalized LogL: -1.379721, Exp of Normalized LogL: 0.251649, Best Rate: 0.3
Fault: [0,0,2,3,4,5], logL: -10.018477, Exp of LogL: 0.000045, Normalized LogL: -1.431211, Exp of Normalized LogL: 0.239019, Best Rate: 0.3
Fault: [0,1,2,3,4,5], logL: -10.048477, Exp of LogL: 0.000043, Normalized LogL: -1.435497, Exp of Normalized LogL: 0.237997, Best Rate: 0.3
Fault: [0,3,2,3,4,5], logL: -10.218719, Exp of LogL: 0.000036, Normalized LogL: -1.459817, Exp of Normalized LogL: 0.232279, Best Rate: 0.3
Fault: [0,5,2,3,4,5], logL: -10.312248, Exp of LogL: 0.000033, Normalized LogL: -1.473178, Exp of Normalized LogL: 0.229196, Best Rate: 0.3

========= ADAPTIVE MC DEBUG =========
Total calls: 70
Avg tries: 443.57
Confidence stops: 70
Max stops: 0
Max stop rate: 0.000
Real Fault Rank 5
===== SEED 40 | FR=0.3 | VR=60 =====
executing with fault mode: [0,4,2,3,4,5]

Fault scores (higher is better):
Fault: [0,2,2,3,4,5], logL: -9.254267, Exp of LogL: 0.000096, Normalized LogL: -0.925427, Exp of Normalized LogL: 0.396362, Best Rate: 0.3
Fault: [0,4,2,3,4,5], logL: -10.053053, Exp of LogL: 0.000043, Normalized LogL: -1.005305, Exp of Normalized LogL: 0.365933, Best Rate: 0.3
Fault: [0,4,2,3,3,5], logL: -10.389925, Exp of LogL: 0.000031, Normalized LogL: -1.038993, Exp of Normalized LogL: 0.353811, Best Rate: 0.3
Fault: [0,4,2,3,1,5], logL: -10.389925, Exp of LogL: 0.000031, Normalized LogL: -1.038993, Exp of Normalized LogL: 0.353811, Best Rate: 0.3
Fault: [0,4,2,3,0,5], logL: -10.389925, Exp of LogL: 0.000031, Normalized LogL: -1.038993, Exp of Normalized LogL: 0.353811, Best Rate: 0.3
Fault: [0,4,2,3,5,5], logL: -10.389925, Exp of LogL: 0.000031, Normalized LogL: -1.038993, Exp of Normalized LogL: 0.353811, Best Rate: 0.3
Fault: [0,1,2,3,4,5], logL: -10.798410, Exp of LogL: 0.000020, Normalized LogL: -1.079841, Exp of Normalized LogL: 0.339650, Best Rate: 0.3
Fault: [0,5,2,3,4,5], logL: -10.951463, Exp of LogL: 0.000018, Normalized LogL: -1.095146, Exp of Normalized LogL: 0.334491, Best Rate: 0.3
Fault: [0,3,2,3,4,5], logL: -11.338984, Exp of LogL: 0.000012, Normalized LogL: -1.133898, Exp of Normalized LogL: 0.321776, Best Rate: 0.3
Fault: [0,0,2,3,4,5], logL: -12.312162, Exp of LogL: 0.000004, Normalized LogL: -1.231216, Exp of Normalized LogL: 0.291937, Best Rate: 0.3

========= ADAPTIVE MC DEBUG =========
Total calls: 100
Avg tries: 471.50
Confidence stops: 100
Max stops: 0
Max stop rate: 0.000
Real Fault Rank 2
===== SEED 40 | FR=0.3 | VR=80 =====
executing with fault mode: [0,4,2,3,4,5]

Fault scores (higher is better):
Fault: [0,4,2,3,4,5], logL: -11.332473, Exp of LogL: 0.000012, Normalized LogL: -0.871729, Exp of Normalized LogL: 0.418228, Best Rate: 0.3
Fault: [0,4,2,3,3,5], logL: -11.669345, Exp of LogL: 0.000009, Normalized LogL: -0.897642, Exp of Normalized LogL: 0.407530, Best Rate: 0.3
Fault: [0,4,2,3,1,5], logL: -11.669345, Exp of LogL: 0.000009, Normalized LogL: -0.897642, Exp of Normalized LogL: 0.407530, Best Rate: 0.3
Fault: [0,4,2,3,0,5], logL: -11.669345, Exp of LogL: 0.000009, Normalized LogL: -0.897642, Exp of Normalized LogL: 0.407530, Best Rate: 0.3
Fault: [0,4,2,3,5,5], logL: -11.669345, Exp of LogL: 0.000009, Normalized LogL: -0.897642, Exp of Normalized LogL: 0.407530, Best Rate: 0.3
Fault: [0,5,2,3,4,5], logL: -12.230883, Exp of LogL: 0.000005, Normalized LogL: -0.940837, Exp of Normalized LogL: 0.390301, Best Rate: 0.3
Fault: [0,2,2,3,4,5], logL: -37.513534, Exp of LogL: 0.000000, Normalized LogL: -2.885656, Exp of Normalized LogL: 0.055818, Best Rate: 0.3
Fault: [0,1,2,3,4,5], logL: -39.377703, Exp of LogL: 0.000000, Normalized LogL: -3.029054, Exp of Normalized LogL: 0.048361, Best Rate: 0.3
Fault: [0,3,2,3,4,5], logL: -40.203956, Exp of LogL: 0.000000, Normalized LogL: -3.092612, Exp of Normalized LogL: 0.045383, Best Rate: 0.3
Fault: [0,0,2,3,4,5], logL: -41.409428, Exp of LogL: 0.000000, Normalized LogL: -3.185341, Exp of Normalized LogL: 0.041364, Best Rate: 0.3

========= ADAPTIVE MC DEBUG =========
Total calls: 130
Avg tries: 463.85
Confidence stops: 130
Max stops: 0
Max stop rate: 0.000
Real Fault Rank 1
===== SEED 40 | FR=0.3 | VR=100 =====
executing with fault mode: [0,4,2,3,4,5]

Fault scores (higher is better):
Fault: [0,4,2,3,4,5], logL: -12.431582, Exp of LogL: 0.000004, Normalized LogL: -0.776974, Exp of Normalized LogL: 0.459795, Best Rate: 0.3
Fault: [0,4,2,3,3,5], logL: -12.768454, Exp of LogL: 0.000003, Normalized LogL: -0.798028, Exp of Normalized LogL: 0.450216, Best Rate: 0.3
Fault: [0,4,2,3,1,5], logL: -12.768454, Exp of LogL: 0.000003, Normalized LogL: -0.798028, Exp of Normalized LogL: 0.450216, Best Rate: 0.3
Fault: [0,4,2,3,0,5], logL: -12.768454, Exp of LogL: 0.000003, Normalized LogL: -0.798028, Exp of Normalized LogL: 0.450216, Best Rate: 0.3
Fault: [0,4,2,3,5,5], logL: -12.768454, Exp of LogL: 0.000003, Normalized LogL: -0.798028, Exp of Normalized LogL: 0.450216, Best Rate: 0.3
Fault: [0,5,2,3,4,5], logL: -13.329992, Exp of LogL: 0.000002, Normalized LogL: -0.833125, Exp of Normalized LogL: 0.434689, Best Rate: 0.3
Fault: [0,2,2,3,4,5], logL: -37.633101, Exp of LogL: 0.000000, Normalized LogL: -2.352069, Exp of Normalized LogL: 0.095172, Best Rate: 0.3
Fault: [0,1,2,3,4,5], logL: -39.129954, Exp of LogL: 0.000000, Normalized LogL: -2.445622, Exp of Normalized LogL: 0.086672, Best Rate: 0.3
Fault: [0,0,2,3,4,5], logL: -39.918308, Exp of LogL: 0.000000, Normalized LogL: -2.494894, Exp of Normalized LogL: 0.082505, Best Rate: 0.3
Fault: [0,3,2,3,4,5], logL: -39.936118, Exp of LogL: 0.000000, Normalized LogL: -2.496007, Exp of Normalized LogL: 0.082413, Best Rate: 0.3

========= ADAPTIVE MC DEBUG =========
Total calls: 160
Avg tries: 505.94
Confidence stops: 160
Max stops: 0
Max stop rate: 0.000
Real Fault Rank 1
================= 22/08/2026 04:54:34: SEED 40 END =================
================= 22/08/2026 04:54:34: SEED 41 (39/100), a*=0 fault=[3,1,2,3,4,5] START =================
===== SEED 41 | FR=0.3 | VR=20 =====
executing with fault mode: [3,1,2,3,4,5]

Fault scores (higher is better):
Fault: [4,1,2,3,4,5], logL: -6.972040, Exp of LogL: 0.000938, Normalized LogL: -1.394408, Exp of Normalized LogL: 0.247980, Best Rate: 0.3
Fault: [3,1,2,3,4,5], logL: -6.972040, Exp of LogL: 0.000938, Normalized LogL: -1.394408, Exp of Normalized LogL: 0.247980, Best Rate: 0.3
Fault: [5,1,2,3,4,5], logL: -6.972040, Exp of LogL: 0.000938, Normalized LogL: -1.394408, Exp of Normalized LogL: 0.247980, Best Rate: 0.3
Fault: [3,1,2,4,4,5], logL: -7.402514, Exp of LogL: 0.000610, Normalized LogL: -1.480503, Exp of Normalized LogL: 0.227523, Best Rate: 0.3
Fault: [3,1,2,0,4,5], logL: -7.443622, Exp of LogL: 0.000585, Normalized LogL: -1.488724, Exp of Normalized LogL: 0.225660, Best Rate: 0.3
Fault: [3,1,2,1,4,5], logL: -7.564216, Exp of LogL: 0.000519, Normalized LogL: -1.512843, Exp of Normalized LogL: 0.220283, Best Rate: 0.3
Fault: [3,1,2,2,4,5], logL: -7.649374, Exp of LogL: 0.000476, Normalized LogL: -1.529875, Exp of Normalized LogL: 0.216563, Best Rate: 0.3
Fault: [0,1,2,3,4,5], logL: -9.099348, Exp of LogL: 0.000112, Normalized LogL: -1.819870, Exp of Normalized LogL: 0.162047, Best Rate: 0.3
Fault: [2,1,2,3,4,5], logL: -9.375317, Exp of LogL: 0.000085, Normalized LogL: -1.875063, Exp of Normalized LogL: 0.153345, Best Rate: 0.3
Fault: [1,1,2,3,4,5], logL: -9.486078, Exp of LogL: 0.000076, Normalized LogL: -1.897216, Exp of Normalized LogL: 0.149986, Best Rate: 0.3

========= ADAPTIVE MC DEBUG =========
Total calls: 50
Avg tries: 470.00
Confidence stops: 50
Max stops: 0
Max stop rate: 0.000
Real Fault Rank 2
===== SEED 41 | FR=0.3 | VR=40 =====
executing with fault mode: [3,1,2,3,4,5]

Fault scores (higher is better):
Fault: [4,1,2,3,4,5], logL: -10.032020, Exp of LogL: 0.000044, Normalized LogL: -1.114669, Exp of Normalized LogL: 0.328024, Best Rate: 0.3
Fault: [3,1,2,3,4,5], logL: -10.032020, Exp of LogL: 0.000044, Normalized LogL: -1.114669, Exp of Normalized LogL: 0.328024, Best Rate: 0.3
Fault: [5,1,2,3,4,5], logL: -10.032020, Exp of LogL: 0.000044, Normalized LogL: -1.114669, Exp of Normalized LogL: 0.328024, Best Rate: 0.3
Fault: [3,1,2,0,4,5], logL: -10.270212, Exp of LogL: 0.000035, Normalized LogL: -1.141135, Exp of Normalized LogL: 0.319456, Best Rate: 0.3
Fault: [3,1,2,4,4,5], logL: -10.800985, Exp of LogL: 0.000020, Normalized LogL: -1.200109, Exp of Normalized LogL: 0.301161, Best Rate: 0.3
Fault: [3,1,2,1,4,5], logL: -10.962687, Exp of LogL: 0.000017, Normalized LogL: -1.218076, Exp of Normalized LogL: 0.295799, Best Rate: 0.3
Fault: [3,1,2,2,4,5], logL: -11.047845, Exp of LogL: 0.000016, Normalized LogL: -1.227538, Exp of Normalized LogL: 0.293013, Best Rate: 0.3
Fault: [2,1,2,3,4,5], logL: -12.435296, Exp of LogL: 0.000004, Normalized LogL: -1.381700, Exp of Normalized LogL: 0.251151, Best Rate: 0.3
Fault: [0,1,2,3,4,5], logL: -12.729001, Exp of LogL: 0.000003, Normalized LogL: -1.414333, Exp of Normalized LogL: 0.243088, Best Rate: 0.3
Fault: [1,1,2,3,4,5], logL: -13.002031, Exp of LogL: 0.000002, Normalized LogL: -1.444670, Exp of Normalized LogL: 0.235824, Best Rate: 0.3

========= ADAPTIVE MC DEBUG =========
Total calls: 90
Avg tries: 480.00
Confidence stops: 90
Max stops: 0
Max stop rate: 0.000
Real Fault Rank 2
===== SEED 41 | FR=0.3 | VR=60 =====
executing with fault mode: [3,1,2,3,4,5]

Fault scores (higher is better):
Fault: [3,1,2,0,4,5], logL: -12.538798, Exp of LogL: 0.000004, Normalized LogL: -0.964523, Exp of Normalized LogL: 0.381165, Best Rate: 0.3
Fault: [4,1,2,3,4,5], logL: -12.595563, Exp of LogL: 0.000003, Normalized LogL: -0.968889, Exp of Normalized LogL: 0.379504, Best Rate: 0.3
Fault: [3,1,2,3,4,5], logL: -12.595563, Exp of LogL: 0.000003, Normalized LogL: -0.968889, Exp of Normalized LogL: 0.379504, Best Rate: 0.3
Fault: [5,1,2,3,4,5], logL: -12.595563, Exp of LogL: 0.000003, Normalized LogL: -0.968889, Exp of Normalized LogL: 0.379504, Best Rate: 0.3
Fault: [3,1,2,4,4,5], logL: -13.038521, Exp of LogL: 0.000002, Normalized LogL: -1.002963, Exp of Normalized LogL: 0.366791, Best Rate: 0.3
Fault: [3,1,2,1,4,5], logL: -13.448305, Exp of LogL: 0.000001, Normalized LogL: -1.034485, Exp of Normalized LogL: 0.355409, Best Rate: 0.3
Fault: [3,1,2,2,4,5], logL: -13.575057, Exp of LogL: 0.000001, Normalized LogL: -1.044235, Exp of Normalized LogL: 0.351961, Best Rate: 0.3
Fault: [2,1,2,3,4,5], logL: -15.576057, Exp of LogL: 0.000000, Normalized LogL: -1.198158, Exp of Normalized LogL: 0.301749, Best Rate: 0.3
Fault: [0,1,2,3,4,5], logL: -15.637424, Exp of LogL: 0.000000, Normalized LogL: -1.202879, Exp of Normalized LogL: 0.300328, Best Rate: 0.3
Fault: [1,1,2,3,4,5], logL: -16.291094, Exp of LogL: 0.000000, Normalized LogL: -1.253161, Exp of Normalized LogL: 0.285601, Best Rate: 0.3

========= ADAPTIVE MC DEBUG =========
Total calls: 130
Avg tries: 516.92
Confidence stops: 130
Max stops: 0
Max stop rate: 0.000
Real Fault Rank 3
===== SEED 41 | FR=0.3 | VR=80 =====
executing with fault mode: [3,1,2,3,4,5]

Fault scores (higher is better):
Fault: [3,1,2,4,4,5], logL: -14.728515, Exp of LogL: 0.000000, Normalized LogL: -0.866383, Exp of Normalized LogL: 0.420470, Best Rate: 0.3
Fault: [3,1,2,0,4,5], logL: -14.795453, Exp of LogL: 0.000000, Normalized LogL: -0.870321, Exp of Normalized LogL: 0.418817, Best Rate: 0.3
Fault: [4,1,2,3,4,5], logL: -14.959307, Exp of LogL: 0.000000, Normalized LogL: -0.879959, Exp of Normalized LogL: 0.414800, Best Rate: 0.3
Fault: [3,1,2,3,4,5], logL: -14.959307, Exp of LogL: 0.000000, Normalized LogL: -0.879959, Exp of Normalized LogL: 0.414800, Best Rate: 0.3
Fault: [5,1,2,3,4,5], logL: -14.959307, Exp of LogL: 0.000000, Normalized LogL: -0.879959, Exp of Normalized LogL: 0.414800, Best Rate: 0.3
Fault: [3,1,2,1,4,5], logL: -15.988441, Exp of LogL: 0.000000, Normalized LogL: -0.940497, Exp of Normalized LogL: 0.390434, Best Rate: 0.3
Fault: [3,1,2,2,4,5], logL: -16.057651, Exp of LogL: 0.000000, Normalized LogL: -0.944568, Exp of Normalized LogL: 0.388848, Best Rate: 0.3
Fault: [2,1,2,3,4,5], logL: -16.443357, Exp of LogL: 0.000000, Normalized LogL: -0.967256, Exp of Normalized LogL: 0.380125, Best Rate: 0.3
Fault: [0,1,2,3,4,5], logL: -17.035529, Exp of LogL: 0.000000, Normalized LogL: -1.002090, Exp of Normalized LogL: 0.367111, Best Rate: 0.3
Fault: [1,1,2,3,4,5], logL: -18.022754, Exp of LogL: 0.000000, Normalized LogL: -1.060162, Exp of Normalized LogL: 0.346400, Best Rate: 0.3

========= ADAPTIVE MC DEBUG =========
Total calls: 170
Avg tries: 531.76
Confidence stops: 170
Max stops: 0
Max stop rate: 0.000
Real Fault Rank 4
===== SEED 41 | FR=0.3 | VR=100 =====
executing with fault mode: [3,1,2,3,4,5]

Fault scores (higher is better):
Fault: [3,1,2,0,4,5], logL: -15.498995, Exp of LogL: 0.000000, Normalized LogL: -0.738047, Exp of Normalized LogL: 0.478046, Best Rate: 0.3
Fault: [4,1,2,3,4,5], logL: -15.662849, Exp of LogL: 0.000000, Normalized LogL: -0.745850, Exp of Normalized LogL: 0.474331, Best Rate: 0.3
Fault: [3,1,2,3,4,5], logL: -15.662849, Exp of LogL: 0.000000, Normalized LogL: -0.745850, Exp of Normalized LogL: 0.474331, Best Rate: 0.3
Fault: [5,1,2,3,4,5], logL: -15.662849, Exp of LogL: 0.000000, Normalized LogL: -0.745850, Exp of Normalized LogL: 0.474331, Best Rate: 0.3
Fault: [3,1,2,1,4,5], logL: -16.691983, Exp of LogL: 0.000000, Normalized LogL: -0.794856, Exp of Normalized LogL: 0.451646, Best Rate: 0.3
Fault: [3,1,2,4,4,5], logL: -16.761193, Exp of LogL: 0.000000, Normalized LogL: -0.798152, Exp of Normalized LogL: 0.450160, Best Rate: 0.3
Fault: [3,1,2,2,4,5], logL: -16.761193, Exp of LogL: 0.000000, Normalized LogL: -0.798152, Exp of Normalized LogL: 0.450160, Best Rate: 0.3
Fault: [2,1,2,3,4,5], logL: -17.146898, Exp of LogL: 0.000000, Normalized LogL: -0.816519, Exp of Normalized LogL: 0.441967, Best Rate: 0.3
Fault: [0,1,2,3,4,5], logL: -17.739071, Exp of LogL: 0.000000, Normalized LogL: -0.844718, Exp of Normalized LogL: 0.429679, Best Rate: 0.3
Fault: [1,1,2,3,4,5], logL: -18.726296, Exp of LogL: 0.000000, Normalized LogL: -0.891728, Exp of Normalized LogL: 0.409947, Best Rate: 0.3

========= ADAPTIVE MC DEBUG =========
Total calls: 210
Avg tries: 509.76
Confidence stops: 210
Max stops: 0
Max stop rate: 0.000
Real Fault Rank 3
================= 22/08/2026 04:55:12: SEED 41 END =================
================= 22/08/2026 04:55:12: SEED 42 (40/100), a*=1 fault=[0,0,2,3,4,5] START =================
===== SEED 42 | FR=0.3 | VR=20 =====
executing with fault mode: [0,0,2,3,4,5]

Fault scores (higher is better):
Fault: [0,2,2,3,4,5], logL: -10.924107, Exp of LogL: 0.000018, Normalized LogL: -2.184821, Exp of Normalized LogL: 0.112498, Best Rate: 0.3
Fault: [0,1,2,3,4,5], logL: -11.565826, Exp of LogL: 0.000009, Normalized LogL: -2.313165, Exp of Normalized LogL: 0.098948, Best Rate: 0.3
Fault: [0,3,2,3,4,5], logL: -11.817141, Exp of LogL: 0.000007, Normalized LogL: -2.363428, Exp of Normalized LogL: 0.094097, Best Rate: 0.3
Fault: [0,4,2,3,4,5], logL: -11.876765, Exp of LogL: 0.000007, Normalized LogL: -2.375353, Exp of Normalized LogL: 0.092982, Best Rate: 0.3
Fault: [0,0,2,3,4,5], logL: -12.001928, Exp of LogL: 0.000006, Normalized LogL: -2.400386, Exp of Normalized LogL: 0.090683, Best Rate: 0.3
Fault: [0,5,2,3,4,5], logL: -12.059087, Exp of LogL: 0.000006, Normalized LogL: -2.411817, Exp of Normalized LogL: 0.089652, Best Rate: 0.3
Fault: [0,0,0,3,4,5], logL: -12.081066, Exp of LogL: 0.000006, Normalized LogL: -2.416213, Exp of Normalized LogL: 0.089259, Best Rate: 0.3
Fault: [0,0,3,3,4,5], logL: -12.324012, Exp of LogL: 0.000004, Normalized LogL: -2.464802, Exp of Normalized LogL: 0.085026, Best Rate: 0.3
Fault: [0,0,4,3,4,5], logL: -12.324012, Exp of LogL: 0.000004, Normalized LogL: -2.464802, Exp of Normalized LogL: 0.085026, Best Rate: 0.3
Fault: [0,0,1,3,4,5], logL: -12.324012, Exp of LogL: 0.000004, Normalized LogL: -2.464802, Exp of Normalized LogL: 0.085026, Best Rate: 0.3

========= ADAPTIVE MC DEBUG =========
Total calls: 50
Avg tries: 250.00
Confidence stops: 50
Max stops: 0
Max stop rate: 0.000
Real Fault Rank 5
===== SEED 42 | FR=0.3 | VR=40 =====
executing with fault mode: [0,0,2,3,4,5]

Fault scores (higher is better):
Fault: [0,2,2,3,4,5], logL: -14.971954, Exp of LogL: 0.000000, Normalized LogL: -1.663550, Exp of Normalized LogL: 0.189465, Best Rate: 0.3
Fault: [0,1,2,3,4,5], logL: -15.618057, Exp of LogL: 0.000000, Normalized LogL: -1.735340, Exp of Normalized LogL: 0.176340, Best Rate: 0.3
Fault: [0,4,2,3,4,5], logL: -15.924613, Exp of LogL: 0.000000, Normalized LogL: -1.769401, Exp of Normalized LogL: 0.170435, Best Rate: 0.3
Fault: [0,3,2,3,4,5], logL: -16.086942, Exp of LogL: 0.000000, Normalized LogL: -1.787438, Exp of Normalized LogL: 0.167388, Best Rate: 0.3
Fault: [0,5,2,3,4,5], logL: -16.106934, Exp of LogL: 0.000000, Normalized LogL: -1.789659, Exp of Normalized LogL: 0.167017, Best Rate: 0.3
Fault: [0,0,2,3,4,5], logL: -16.106934, Exp of LogL: 0.000000, Normalized LogL: -1.789659, Exp of Normalized LogL: 0.167017, Best Rate: 0.3
Fault: [0,0,0,3,4,5], logL: -16.186072, Exp of LogL: 0.000000, Normalized LogL: -1.798452, Exp of Normalized LogL: 0.165555, Best Rate: 0.3
Fault: [0,0,3,3,4,5], logL: -16.429018, Exp of LogL: 0.000000, Normalized LogL: -1.825446, Exp of Normalized LogL: 0.161146, Best Rate: 0.3
Fault: [0,0,4,3,4,5], logL: -16.429018, Exp of LogL: 0.000000, Normalized LogL: -1.825446, Exp of Normalized LogL: 0.161146, Best Rate: 0.3
Fault: [0,0,1,3,4,5], logL: -16.429018, Exp of LogL: 0.000000, Normalized LogL: -1.825446, Exp of Normalized LogL: 0.161146, Best Rate: 0.3

========= ADAPTIVE MC DEBUG =========
Total calls: 90
Avg tries: 375.00
Confidence stops: 90
Max stops: 0
Max stop rate: 0.000
Real Fault Rank 6
===== SEED 42 | FR=0.3 | VR=60 =====
executing with fault mode: [0,0,2,3,4,5]

Fault scores (higher is better):
Fault: [0,2,2,3,4,5], logL: -16.337336, Exp of LogL: 0.000000, Normalized LogL: -1.256718, Exp of Normalized LogL: 0.284586, Best Rate: 0.3
Fault: [0,1,2,3,4,5], logL: -17.195916, Exp of LogL: 0.000000, Normalized LogL: -1.322763, Exp of Normalized LogL: 0.266398, Best Rate: 0.3
Fault: [0,4,2,3,4,5], logL: -17.224639, Exp of LogL: 0.000000, Normalized LogL: -1.324972, Exp of Normalized LogL: 0.265810, Best Rate: 0.3
Fault: [0,0,2,3,4,5], logL: -17.224639, Exp of LogL: 0.000000, Normalized LogL: -1.324972, Exp of Normalized LogL: 0.265810, Best Rate: 0.3
Fault: [0,0,0,3,4,5], logL: -17.481845, Exp of LogL: 0.000000, Normalized LogL: -1.344757, Exp of Normalized LogL: 0.260603, Best Rate: 0.3
Fault: [0,0,1,3,4,5], logL: -17.481845, Exp of LogL: 0.000000, Normalized LogL: -1.344757, Exp of Normalized LogL: 0.260603, Best Rate: 0.3
Fault: [0,3,2,3,4,5], logL: -17.482387, Exp of LogL: 0.000000, Normalized LogL: -1.344799, Exp of Normalized LogL: 0.260592, Best Rate: 0.3
Fault: [0,0,3,3,4,5], logL: -17.591407, Exp of LogL: 0.000000, Normalized LogL: -1.353185, Exp of Normalized LogL: 0.258416, Best Rate: 0.3
Fault: [0,0,4,3,4,5], logL: -17.591407, Exp of LogL: 0.000000, Normalized LogL: -1.353185, Exp of Normalized LogL: 0.258416, Best Rate: 0.3
Fault: [0,5,2,3,4,5], logL: -18.035570, Exp of LogL: 0.000000, Normalized LogL: -1.387352, Exp of Normalized LogL: 0.249736, Best Rate: 0.3

========= ADAPTIVE MC DEBUG =========
Total calls: 130
Avg tries: 454.62
Confidence stops: 130
Max stops: 0
Max stop rate: 0.000
Real Fault Rank 4
===== SEED 42 | FR=0.3 | VR=80 =====
executing with fault mode: [0,0,2,3,4,5]

Fault scores (higher is better):
Fault: [0,3,2,3,4,5], logL: -17.765514, Exp of LogL: 0.000000, Normalized LogL: -1.045030, Exp of Normalized LogL: 0.351681, Best Rate: 0.3
Fault: [0,2,2,3,4,5], logL: -17.788480, Exp of LogL: 0.000000, Normalized LogL: -1.046381, Exp of Normalized LogL: 0.351206, Best Rate: 0.3
Fault: [0,1,2,3,4,5], logL: -17.821408, Exp of LogL: 0.000000, Normalized LogL: -1.048318, Exp of Normalized LogL: 0.350527, Best Rate: 0.3
Fault: [0,4,2,3,4,5], logL: -17.913232, Exp of LogL: 0.000000, Normalized LogL: -1.053720, Exp of Normalized LogL: 0.348639, Best Rate: 0.3
Fault: [0,0,2,3,4,5], logL: -17.913232, Exp of LogL: 0.000000, Normalized LogL: -1.053720, Exp of Normalized LogL: 0.348639, Best Rate: 0.3
Fault: [0,0,0,3,4,5], logL: -18.170437, Exp of LogL: 0.000000, Normalized LogL: -1.068849, Exp of Normalized LogL: 0.343403, Best Rate: 0.3
Fault: [0,0,1,3,4,5], logL: -18.170437, Exp of LogL: 0.000000, Normalized LogL: -1.068849, Exp of Normalized LogL: 0.343403, Best Rate: 0.3
Fault: [0,0,3,3,4,5], logL: -18.279999, Exp of LogL: 0.000000, Normalized LogL: -1.075294, Exp of Normalized LogL: 0.341197, Best Rate: 0.3
Fault: [0,0,4,3,4,5], logL: -18.279999, Exp of LogL: 0.000000, Normalized LogL: -1.075294, Exp of Normalized LogL: 0.341197, Best Rate: 0.3
Fault: [0,5,2,3,4,5], logL: -20.090416, Exp of LogL: 0.000000, Normalized LogL: -1.181789, Exp of Normalized LogL: 0.306729, Best Rate: 0.3

========= ADAPTIVE MC DEBUG =========
Total calls: 170
Avg tries: 466.47
Confidence stops: 170
Max stops: 0
Max stop rate: 0.000
Real Fault Rank 5
===== SEED 42 | FR=0.3 | VR=100 =====
executing with fault mode: [0,0,2,3,4,5]

Fault scores (higher is better):
Fault: [0,2,2,3,4,5], logL: -18.054032, Exp of LogL: 0.000000, Normalized LogL: -0.820638, Exp of Normalized LogL: 0.440151, Best Rate: 0.3
Fault: [0,1,2,3,4,5], logL: -18.507516, Exp of LogL: 0.000000, Normalized LogL: -0.841251, Exp of Normalized LogL: 0.431171, Best Rate: 0.3
Fault: [0,3,2,3,4,5], logL: -18.570977, Exp of LogL: 0.000000, Normalized LogL: -0.844135, Exp of Normalized LogL: 0.429929, Best Rate: 0.3
Fault: [0,4,2,3,4,5], logL: -18.718695, Exp of LogL: 0.000000, Normalized LogL: -0.850850, Exp of Normalized LogL: 0.427052, Best Rate: 0.3
Fault: [0,0,2,3,4,5], logL: -18.718695, Exp of LogL: 0.000000, Normalized LogL: -0.850850, Exp of Normalized LogL: 0.427052, Best Rate: 0.3
Fault: [0,0,0,3,4,5], logL: -18.975900, Exp of LogL: 0.000000, Normalized LogL: -0.862541, Exp of Normalized LogL: 0.422088, Best Rate: 0.3
Fault: [0,0,1,3,4,5], logL: -18.975900, Exp of LogL: 0.000000, Normalized LogL: -0.862541, Exp of Normalized LogL: 0.422088, Best Rate: 0.3
Fault: [0,0,3,3,4,5], logL: -19.085462, Exp of LogL: 0.000000, Normalized LogL: -0.867521, Exp of Normalized LogL: 0.419991, Best Rate: 0.3
Fault: [0,0,4,3,4,5], logL: -19.085462, Exp of LogL: 0.000000, Normalized LogL: -0.867521, Exp of Normalized LogL: 0.419991, Best Rate: 0.3
Fault: [0,5,2,3,4,5], logL: -19.903249, Exp of LogL: 0.000000, Normalized LogL: -0.904693, Exp of Normalized LogL: 0.404666, Best Rate: 0.3

========= ADAPTIVE MC DEBUG =========
Total calls: 220
Avg tries: 461.82
Confidence stops: 220
Max stops: 0
Max stop rate: 0.000
Real Fault Rank 5
================= 22/08/2026 04:55:45: SEED 42 END =================
================= 22/08/2026 04:55:45: SEED 43 (41/100), a*=0 fault=[3,1,2,3,4,5] START =================
===== SEED 43 | FR=0.3 | VR=20 =====
executing with fault mode: [3,1,2,3,4,5]

Fault scores (higher is better):
Fault: [3,1,2,3,4,5], logL: -8.315810, Exp of LogL: 0.000245, Normalized LogL: -2.078953, Exp of Normalized LogL: 0.125061, Best Rate: 0.3
Fault: [3,1,2,3,3,5], logL: -8.369877, Exp of LogL: 0.000232, Normalized LogL: -2.092469, Exp of Normalized LogL: 0.123382, Best Rate: 0.3
Fault: [3,1,2,3,5,5], logL: -8.369877, Exp of LogL: 0.000232, Normalized LogL: -2.092469, Exp of Normalized LogL: 0.123382, Best Rate: 0.3
Fault: [3,1,2,3,2,5], logL: -8.369877, Exp of LogL: 0.000232, Normalized LogL: -2.092469, Exp of Normalized LogL: 0.123382, Best Rate: 0.3
Fault: [3,1,2,3,1,5], logL: -8.621192, Exp of LogL: 0.000180, Normalized LogL: -2.155298, Exp of Normalized LogL: 0.115869, Best Rate: 0.3
Fault: [0,1,2,3,4,5], logL: -30.745141, Exp of LogL: 0.000000, Normalized LogL: -7.686285, Exp of Normalized LogL: 0.000459, Best Rate: 0.3
Fault: [5,1,2,3,4,5], logL: -31.047421, Exp of LogL: 0.000000, Normalized LogL: -7.761855, Exp of Normalized LogL: 0.000426, Best Rate: 0.3
Fault: [4,1,2,3,4,5], logL: -31.047421, Exp of LogL: 0.000000, Normalized LogL: -7.761855, Exp of Normalized LogL: 0.000426, Best Rate: 0.3
Fault: [2,1,2,3,4,5], logL: -31.108046, Exp of LogL: 0.000000, Normalized LogL: -7.777012, Exp of Normalized LogL: 0.000419, Best Rate: 0.3
Fault: [1,1,2,3,4,5], logL: -31.241577, Exp of LogL: 0.000000, Normalized LogL: -7.810394, Exp of Normalized LogL: 0.000405, Best Rate: 0.3

========= ADAPTIVE MC DEBUG =========
Total calls: 40
Avg tries: 362.50
Confidence stops: 40
Max stops: 0
Max stop rate: 0.000
Real Fault Rank 1
===== SEED 43 | FR=0.3 | VR=40 =====
executing with fault mode: [3,1,2,3,4,5]

Fault scores (higher is better):
Fault: [0,1,2,3,4,5], logL: -11.445960, Exp of LogL: 0.000011, Normalized LogL: -1.430745, Exp of Normalized LogL: 0.239131, Best Rate: 0.3
Fault: [2,1,2,3,4,5], logL: -12.299030, Exp of LogL: 0.000005, Normalized LogL: -1.537379, Exp of Normalized LogL: 0.214944, Best Rate: 0.3
Fault: [3,1,2,3,3,5], logL: -34.853962, Exp of LogL: 0.000000, Normalized LogL: -4.356745, Exp of Normalized LogL: 0.012820, Best Rate: 0.3
Fault: [3,1,2,3,5,5], logL: -34.853962, Exp of LogL: 0.000000, Normalized LogL: -4.356745, Exp of Normalized LogL: 0.012820, Best Rate: 0.3
Fault: [3,1,2,3,2,5], logL: -34.853962, Exp of LogL: 0.000000, Normalized LogL: -4.356745, Exp of Normalized LogL: 0.012820, Best Rate: 0.3
Fault: [3,1,2,3,4,5], logL: -34.861206, Exp of LogL: 0.000000, Normalized LogL: -4.357651, Exp of Normalized LogL: 0.012808, Best Rate: 0.3
Fault: [5,1,2,3,4,5], logL: -34.958686, Exp of LogL: 0.000000, Normalized LogL: -4.369836, Exp of Normalized LogL: 0.012653, Best Rate: 0.3
Fault: [4,1,2,3,4,5], logL: -34.958686, Exp of LogL: 0.000000, Normalized LogL: -4.369836, Exp of Normalized LogL: 0.012653, Best Rate: 0.3
Fault: [3,1,2,3,1,5], logL: -35.077877, Exp of LogL: 0.000000, Normalized LogL: -4.384735, Exp of Normalized LogL: 0.012466, Best Rate: 0.3
Fault: [1,1,2,3,4,5], logL: -35.797015, Exp of LogL: 0.000000, Normalized LogL: -4.474627, Exp of Normalized LogL: 0.011394, Best Rate: 0.3

========= ADAPTIVE MC DEBUG =========
Total calls: 80
Avg tries: 443.75
Confidence stops: 80
Max stops: 0
Max stop rate: 0.000
Real Fault Rank 6
===== SEED 43 | FR=0.3 | VR=60 =====
executing with fault mode: [3,1,2,3,4,5]

Fault scores (higher is better):
Fault: [0,1,2,3,4,5], logL: -11.247054, Exp of LogL: 0.000013, Normalized LogL: -0.937254, Exp of Normalized LogL: 0.391702, Best Rate: 0.3
Fault: [2,1,2,3,4,5], logL: -12.584601, Exp of LogL: 0.000003, Normalized LogL: -1.048717, Exp of Normalized LogL: 0.350387, Best Rate: 0.3
Fault: [3,1,2,3,4,5], logL: -34.845173, Exp of LogL: 0.000000, Normalized LogL: -2.903764, Exp of Normalized LogL: 0.054816, Best Rate: 0.3
Fault: [5,1,2,3,4,5], logL: -34.942652, Exp of LogL: 0.000000, Normalized LogL: -2.911888, Exp of Normalized LogL: 0.054373, Best Rate: 0.3
Fault: [4,1,2,3,4,5], logL: -34.942652, Exp of LogL: 0.000000, Normalized LogL: -2.911888, Exp of Normalized LogL: 0.054373, Best Rate: 0.3
Fault: [3,1,2,3,3,5], logL: -35.202104, Exp of LogL: 0.000000, Normalized LogL: -2.933509, Exp of Normalized LogL: 0.053210, Best Rate: 0.3
Fault: [3,1,2,3,5,5], logL: -35.202104, Exp of LogL: 0.000000, Normalized LogL: -2.933509, Exp of Normalized LogL: 0.053210, Best Rate: 0.3
Fault: [3,1,2,3,1,5], logL: -35.202104, Exp of LogL: 0.000000, Normalized LogL: -2.933509, Exp of Normalized LogL: 0.053210, Best Rate: 0.3
Fault: [3,1,2,3,2,5], logL: -35.202104, Exp of LogL: 0.000000, Normalized LogL: -2.933509, Exp of Normalized LogL: 0.053210, Best Rate: 0.3
Fault: [1,1,2,3,4,5], logL: -35.556872, Exp of LogL: 0.000000, Normalized LogL: -2.963073, Exp of Normalized LogL: 0.051660, Best Rate: 0.3

========= ADAPTIVE MC DEBUG =========
Total calls: 120
Avg tries: 523.75
Confidence stops: 120
Max stops: 0
Max stop rate: 0.000
Real Fault Rank 3
===== SEED 43 | FR=0.3 | VR=80 =====
executing with fault mode: [3,1,2,3,4,5]

Fault scores (higher is better):
Fault: [0,1,2,3,4,5], logL: -11.701926, Exp of LogL: 0.000008, Normalized LogL: -0.731370, Exp of Normalized LogL: 0.481249, Best Rate: 0.3
Fault: [3,1,2,3,4,5], logL: -12.456515, Exp of LogL: 0.000004, Normalized LogL: -0.778532, Exp of Normalized LogL: 0.459079, Best Rate: 0.3
Fault: [5,1,2,3,4,5], logL: -12.671778, Exp of LogL: 0.000003, Normalized LogL: -0.791986, Exp of Normalized LogL: 0.452944, Best Rate: 0.3
Fault: [4,1,2,3,4,5], logL: -12.671778, Exp of LogL: 0.000003, Normalized LogL: -0.791986, Exp of Normalized LogL: 0.452944, Best Rate: 0.3
Fault: [3,1,2,3,3,5], logL: -12.813446, Exp of LogL: 0.000003, Normalized LogL: -0.800840, Exp of Normalized LogL: 0.448952, Best Rate: 0.3
Fault: [3,1,2,3,5,5], logL: -12.813446, Exp of LogL: 0.000003, Normalized LogL: -0.800840, Exp of Normalized LogL: 0.448952, Best Rate: 0.3
Fault: [3,1,2,3,1,5], logL: -12.813446, Exp of LogL: 0.000003, Normalized LogL: -0.800840, Exp of Normalized LogL: 0.448952, Best Rate: 0.3
Fault: [3,1,2,3,2,5], logL: -12.813446, Exp of LogL: 0.000003, Normalized LogL: -0.800840, Exp of Normalized LogL: 0.448952, Best Rate: 0.3
Fault: [2,1,2,3,4,5], logL: -12.816329, Exp of LogL: 0.000003, Normalized LogL: -0.801021, Exp of Normalized LogL: 0.448871, Best Rate: 0.3
Fault: [1,1,2,3,4,5], logL: -13.285998, Exp of LogL: 0.000002, Normalized LogL: -0.830375, Exp of Normalized LogL: 0.435886, Best Rate: 0.3

========= ADAPTIVE MC DEBUG =========
Total calls: 160
Avg tries: 499.69
Confidence stops: 160
Max stops: 0
Max stop rate: 0.000
Real Fault Rank 2
===== SEED 43 | FR=0.3 | VR=100 =====
executing with fault mode: [3,1,2,3,4,5]

Fault scores (higher is better):
Fault: [0,1,2,3,4,5], logL: -12.938064, Exp of LogL: 0.000002, Normalized LogL: -0.646903, Exp of Normalized LogL: 0.523665, Best Rate: 0.3
Fault: [3,1,2,3,4,5], logL: -12.963007, Exp of LogL: 0.000002, Normalized LogL: -0.648150, Exp of Normalized LogL: 0.523012, Best Rate: 0.3
Fault: [5,1,2,3,4,5], logL: -13.152800, Exp of LogL: 0.000002, Normalized LogL: -0.657640, Exp of Normalized LogL: 0.518073, Best Rate: 0.3
Fault: [4,1,2,3,4,5], logL: -13.152800, Exp of LogL: 0.000002, Normalized LogL: -0.657640, Exp of Normalized LogL: 0.518073, Best Rate: 0.3
Fault: [3,1,2,3,3,5], logL: -13.338031, Exp of LogL: 0.000002, Normalized LogL: -0.666902, Exp of Normalized LogL: 0.513297, Best Rate: 0.3
Fault: [3,1,2,3,5,5], logL: -13.338031, Exp of LogL: 0.000002, Normalized LogL: -0.666902, Exp of Normalized LogL: 0.513297, Best Rate: 0.3
Fault: [3,1,2,3,1,5], logL: -13.338031, Exp of LogL: 0.000002, Normalized LogL: -0.666902, Exp of Normalized LogL: 0.513297, Best Rate: 0.3
Fault: [3,1,2,3,2,5], logL: -13.338031, Exp of LogL: 0.000002, Normalized LogL: -0.666902, Exp of Normalized LogL: 0.513297, Best Rate: 0.3
Fault: [1,1,2,3,4,5], logL: -14.254740, Exp of LogL: 0.000001, Normalized LogL: -0.712737, Exp of Normalized LogL: 0.490300, Best Rate: 0.3
Fault: [2,1,2,3,4,5], logL: -14.352202, Exp of LogL: 0.000001, Normalized LogL: -0.717610, Exp of Normalized LogL: 0.487917, Best Rate: 0.3

========= ADAPTIVE MC DEBUG =========
Total calls: 200
Avg tries: 498.25
Confidence stops: 200
Max stops: 0
Max stop rate: 0.000
Real Fault Rank 2
================= 22/08/2026 04:56:18: SEED 43 END =================
================= 22/08/2026 04:56:18: SEED 44 (42/100), a*=1 fault=[0,2,2,3,4,5] START =================
===== SEED 44 | FR=0.3 | VR=20 =====
executing with fault mode: [0,2,2,3,4,5]

Fault scores (higher is better):
Fault: [0,2,2,3,1,5], logL: -6.581031, Exp of LogL: 0.001386, Normalized LogL: -1.316206, Exp of Normalized LogL: 0.268151, Best Rate: 0.3
Fault: [0,2,2,3,5,5], logL: -6.590420, Exp of LogL: 0.001373, Normalized LogL: -1.318084, Exp of Normalized LogL: 0.267648, Best Rate: 0.3
Fault: [0,2,2,3,3,5], logL: -6.590420, Exp of LogL: 0.001373, Normalized LogL: -1.318084, Exp of Normalized LogL: 0.267648, Best Rate: 0.3
Fault: [0,2,2,3,2,5], logL: -6.628887, Exp of LogL: 0.001322, Normalized LogL: -1.325777, Exp of Normalized LogL: 0.265596, Best Rate: 0.3
Fault: [0,2,2,3,4,5], logL: -6.721260, Exp of LogL: 0.001205, Normalized LogL: -1.344252, Exp of Normalized LogL: 0.260735, Best Rate: 0.3
Fault: [0,5,2,3,4,5], logL: -7.009601, Exp of LogL: 0.000903, Normalized LogL: -1.401920, Exp of Normalized LogL: 0.246124, Best Rate: 0.3
Fault: [0,0,2,3,4,5], logL: -7.338984, Exp of LogL: 0.000650, Normalized LogL: -1.467797, Exp of Normalized LogL: 0.230433, Best Rate: 0.3
Fault: [0,3,2,3,4,5], logL: -7.862713, Exp of LogL: 0.000385, Normalized LogL: -1.572543, Exp of Normalized LogL: 0.207517, Best Rate: 0.3
Fault: [0,4,2,3,4,5], logL: -7.869538, Exp of LogL: 0.000382, Normalized LogL: -1.573908, Exp of Normalized LogL: 0.207234, Best Rate: 0.3
Fault: [0,1,2,3,4,5], logL: -7.956512, Exp of LogL: 0.000350, Normalized LogL: -1.591302, Exp of Normalized LogL: 0.203660, Best Rate: 0.3

========= ADAPTIVE MC DEBUG =========
Total calls: 50
Avg tries: 447.00
Confidence stops: 50
Max stops: 0
Max stop rate: 0.000
Real Fault Rank 5
===== SEED 44 | FR=0.3 | VR=40 =====
executing with fault mode: [0,2,2,3,4,5]

Fault scores (higher is better):
Fault: [0,2,2,3,5,5], logL: -9.424685, Exp of LogL: 0.000081, Normalized LogL: -1.047187, Exp of Normalized LogL: 0.350923, Best Rate: 0.3
Fault: [0,2,2,3,3,5], logL: -9.424685, Exp of LogL: 0.000081, Normalized LogL: -1.047187, Exp of Normalized LogL: 0.350923, Best Rate: 0.3
Fault: [0,2,2,3,4,5], logL: -9.569381, Exp of LogL: 0.000070, Normalized LogL: -1.063265, Exp of Normalized LogL: 0.345327, Best Rate: 0.3
Fault: [0,2,2,3,2,5], logL: -9.842313, Exp of LogL: 0.000053, Normalized LogL: -1.093590, Exp of Normalized LogL: 0.335012, Best Rate: 0.3
Fault: [0,2,2,3,1,5], logL: -9.871584, Exp of LogL: 0.000052, Normalized LogL: -1.096843, Exp of Normalized LogL: 0.333924, Best Rate: 0.3
Fault: [0,1,2,3,4,5], logL: -10.490531, Exp of LogL: 0.000028, Normalized LogL: -1.165615, Exp of Normalized LogL: 0.311731, Best Rate: 0.3
Fault: [0,0,2,3,4,5], logL: -11.372304, Exp of LogL: 0.000012, Normalized LogL: -1.263589, Exp of Normalized LogL: 0.282638, Best Rate: 0.3
Fault: [0,3,2,3,4,5], logL: -11.539688, Exp of LogL: 0.000010, Normalized LogL: -1.282188, Exp of Normalized LogL: 0.277430, Best Rate: 0.3
Fault: [0,4,2,3,4,5], logL: -11.539688, Exp of LogL: 0.000010, Normalized LogL: -1.282188, Exp of Normalized LogL: 0.277430, Best Rate: 0.3
Fault: [0,5,2,3,4,5], logL: -12.061248, Exp of LogL: 0.000006, Normalized LogL: -1.340139, Exp of Normalized LogL: 0.261809, Best Rate: 0.3

========= ADAPTIVE MC DEBUG =========
Total calls: 90
Avg tries: 456.67
Confidence stops: 90
Max stops: 0
Max stop rate: 0.000
Real Fault Rank 3
===== SEED 44 | FR=0.3 | VR=60 =====
executing with fault mode: [0,2,2,3,4,5]

Fault scores (higher is better):
Fault: [0,2,2,3,4,5], logL: -14.232983, Exp of LogL: 0.000001, Normalized LogL: -1.016642, Exp of Normalized LogL: 0.361808, Best Rate: 0.3
Fault: [0,2,2,3,5,5], logL: -14.611362, Exp of LogL: 0.000000, Normalized LogL: -1.043669, Exp of Normalized LogL: 0.352160, Best Rate: 0.3
Fault: [0,2,2,3,3,5], logL: -14.611362, Exp of LogL: 0.000000, Normalized LogL: -1.043669, Exp of Normalized LogL: 0.352160, Best Rate: 0.3
Fault: [0,2,2,3,2,5], logL: -14.611362, Exp of LogL: 0.000000, Normalized LogL: -1.043669, Exp of Normalized LogL: 0.352160, Best Rate: 0.3
Fault: [0,2,2,3,1,5], logL: -14.611362, Exp of LogL: 0.000000, Normalized LogL: -1.043669, Exp of Normalized LogL: 0.352160, Best Rate: 0.3
Fault: [0,0,2,3,4,5], logL: -14.669268, Exp of LogL: 0.000000, Normalized LogL: -1.047805, Exp of Normalized LogL: 0.350707, Best Rate: 0.3
Fault: [0,1,2,3,4,5], logL: -15.041503, Exp of LogL: 0.000000, Normalized LogL: -1.074393, Exp of Normalized LogL: 0.341505, Best Rate: 0.3
Fault: [0,3,2,3,4,5], logL: -15.141178, Exp of LogL: 0.000000, Normalized LogL: -1.081513, Exp of Normalized LogL: 0.339082, Best Rate: 0.3
Fault: [0,4,2,3,4,5], logL: -15.442164, Exp of LogL: 0.000000, Normalized LogL: -1.103012, Exp of Normalized LogL: 0.331870, Best Rate: 0.3
Fault: [0,5,2,3,4,5], logL: -17.326706, Exp of LogL: 0.000000, Normalized LogL: -1.237622, Exp of Normalized LogL: 0.290073, Best Rate: 0.3

========= ADAPTIVE MC DEBUG =========
Total calls: 140
Avg tries: 482.14
Confidence stops: 140
Max stops: 0
Max stop rate: 0.000
Real Fault Rank 1
===== SEED 44 | FR=0.3 | VR=80 =====
executing with fault mode: [0,2,2,3,4,5]

Fault scores (higher is better):
Fault: [0,2,2,3,4,5], logL: -15.335076, Exp of LogL: 0.000000, Normalized LogL: -0.851949, Exp of Normalized LogL: 0.426583, Best Rate: 0.3
Fault: [0,2,2,3,5,5], logL: -15.732288, Exp of LogL: 0.000000, Normalized LogL: -0.874016, Exp of Normalized LogL: 0.417272, Best Rate: 0.3
Fault: [0,2,2,3,3,5], logL: -15.732288, Exp of LogL: 0.000000, Normalized LogL: -0.874016, Exp of Normalized LogL: 0.417272, Best Rate: 0.3
Fault: [0,2,2,3,2,5], logL: -15.732288, Exp of LogL: 0.000000, Normalized LogL: -0.874016, Exp of Normalized LogL: 0.417272, Best Rate: 0.3
Fault: [0,2,2,3,1,5], logL: -15.732288, Exp of LogL: 0.000000, Normalized LogL: -0.874016, Exp of Normalized LogL: 0.417272, Best Rate: 0.3
Fault: [0,0,2,3,4,5], logL: -16.399567, Exp of LogL: 0.000000, Normalized LogL: -0.911087, Exp of Normalized LogL: 0.402087, Best Rate: 0.3
Fault: [0,1,2,3,4,5], logL: -16.690859, Exp of LogL: 0.000000, Normalized LogL: -0.927270, Exp of Normalized LogL: 0.395632, Best Rate: 0.3
Fault: [0,3,2,3,4,5], logL: -17.535168, Exp of LogL: 0.000000, Normalized LogL: -0.974176, Exp of Normalized LogL: 0.377503, Best Rate: 0.3
Fault: [0,4,2,3,4,5], logL: -17.846181, Exp of LogL: 0.000000, Normalized LogL: -0.991455, Exp of Normalized LogL: 0.371037, Best Rate: 0.3
Fault: [0,5,2,3,4,5], logL: -19.730722, Exp of LogL: 0.000000, Normalized LogL: -1.096151, Exp of Normalized LogL: 0.334155, Best Rate: 0.3

========= ADAPTIVE MC DEBUG =========
Total calls: 180
Avg tries: 482.78
Confidence stops: 180
Max stops: 0
Max stop rate: 0.000
Real Fault Rank 1
===== SEED 44 | FR=0.3 | VR=100 =====
executing with fault mode: [0,2,2,3,4,5]

Fault scores (higher is better):
Fault: [0,2,2,3,4,5], logL: -16.011003, Exp of LogL: 0.000000, Normalized LogL: -0.696131, Exp of Normalized LogL: 0.498511, Best Rate: 0.3
Fault: [0,2,2,3,5,5], logL: -16.353494, Exp of LogL: 0.000000, Normalized LogL: -0.711021, Exp of Normalized LogL: 0.491142, Best Rate: 0.3
Fault: [0,2,2,3,3,5], logL: -16.353494, Exp of LogL: 0.000000, Normalized LogL: -0.711021, Exp of Normalized LogL: 0.491142, Best Rate: 0.3
Fault: [0,2,2,3,2,5], logL: -16.353494, Exp of LogL: 0.000000, Normalized LogL: -0.711021, Exp of Normalized LogL: 0.491142, Best Rate: 0.3
Fault: [0,2,2,3,1,5], logL: -16.353494, Exp of LogL: 0.000000, Normalized LogL: -0.711021, Exp of Normalized LogL: 0.491142, Best Rate: 0.3
Fault: [0,0,2,3,4,5], logL: -17.197089, Exp of LogL: 0.000000, Normalized LogL: -0.747700, Exp of Normalized LogL: 0.473454, Best Rate: 0.3
Fault: [0,1,2,3,4,5], logL: -17.699687, Exp of LogL: 0.000000, Normalized LogL: -0.769552, Exp of Normalized LogL: 0.463221, Best Rate: 0.3
Fault: [0,3,2,3,4,5], logL: -18.401880, Exp of LogL: 0.000000, Normalized LogL: -0.800082, Exp of Normalized LogL: 0.449292, Best Rate: 0.3
Fault: [0,4,2,3,4,5], logL: -18.503977, Exp of LogL: 0.000000, Normalized LogL: -0.804521, Exp of Normalized LogL: 0.447302, Best Rate: 0.3
Fault: [0,5,2,3,4,5], logL: -20.388519, Exp of LogL: 0.000000, Normalized LogL: -0.886457, Exp of Normalized LogL: 0.412113, Best Rate: 0.3

========= ADAPTIVE MC DEBUG =========
Total calls: 230
Avg tries: 478.91
Confidence stops: 230
Max stops: 0
Max stop rate: 0.000
Real Fault Rank 1
================= 22/08/2026 04:56:56: SEED 44 END =================
================= 22/08/2026 04:56:56: SEED 45 (43/100), a*=0 fault=[1,1,2,3,4,5] START =================
===== SEED 45 | FR=0.3 | VR=20 =====
executing with fault mode: [1,1,2,3,4,5]

executing with fault mode: [1,1,2,3,4,5]

executing with fault mode: [1,1,2,3,4,5]

executing with fault mode: [1,1,2,3,4,5]

Fault scores (higher is better):
Fault: [1,1,2,3,1,5], logL: -7.608359, Exp of LogL: 0.000496, Normalized LogL: -1.268060, Exp of Normalized LogL: 0.281377, Best Rate: 0.3
Fault: [1,1,2,3,5,5], logL: -7.608359, Exp of LogL: 0.000496, Normalized LogL: -1.268060, Exp of Normalized LogL: 0.281377, Best Rate: 0.3
Fault: [1,1,2,3,3,5], logL: -7.608359, Exp of LogL: 0.000496, Normalized LogL: -1.268060, Exp of Normalized LogL: 0.281377, Best Rate: 0.3
Fault: [1,1,2,3,4,5], logL: -7.773286, Exp of LogL: 0.000421, Normalized LogL: -1.295548, Exp of Normalized LogL: 0.273748, Best Rate: 0.3
Fault: [1,1,2,3,0,5], logL: -7.773286, Exp of LogL: 0.000421, Normalized LogL: -1.295548, Exp of Normalized LogL: 0.273748, Best Rate: 0.3
Fault: [5,1,2,3,4,5], logL: -7.983070, Exp of LogL: 0.000341, Normalized LogL: -1.330512, Exp of Normalized LogL: 0.264342, Best Rate: 0.3
Fault: [4,1,2,3,4,5], logL: -8.310010, Exp of LogL: 0.000246, Normalized LogL: -1.385002, Exp of Normalized LogL: 0.250323, Best Rate: 0.3
Fault: [3,1,2,3,4,5], logL: -8.324825, Exp of LogL: 0.000242, Normalized LogL: -1.387471, Exp of Normalized LogL: 0.249706, Best Rate: 0.3
Fault: [0,1,2,3,4,5], logL: -8.435173, Exp of LogL: 0.000217, Normalized LogL: -1.405862, Exp of Normalized LogL: 0.245156, Best Rate: 0.3
Fault: [2,1,2,3,4,5], logL: -8.583266, Exp of LogL: 0.000187, Normalized LogL: -1.430544, Exp of Normalized LogL: 0.239179, Best Rate: 0.3

========= ADAPTIVE MC DEBUG =========
Total calls: 60
Avg tries: 453.33
Confidence stops: 60
Max stops: 0
Max stop rate: 0.000
Real Fault Rank 4
===== SEED 45 | FR=0.3 | VR=40 =====
executing with fault mode: [1,1,2,3,4,5]

executing with fault mode: [1,1,2,3,4,5]

executing with fault mode: [1,1,2,3,4,5]

executing with fault mode: [1,1,2,3,4,5]

Fault scores (higher is better):
Fault: [1,1,2,3,1,5], logL: -10.594225, Exp of LogL: 0.000025, Normalized LogL: -0.963111, Exp of Normalized LogL: 0.381703, Best Rate: 0.3
Fault: [1,1,2,3,5,5], logL: -10.594225, Exp of LogL: 0.000025, Normalized LogL: -0.963111, Exp of Normalized LogL: 0.381703, Best Rate: 0.3
Fault: [1,1,2,3,3,5], logL: -10.594225, Exp of LogL: 0.000025, Normalized LogL: -0.963111, Exp of Normalized LogL: 0.381703, Best Rate: 0.3
Fault: [1,1,2,3,4,5], logL: -10.759152, Exp of LogL: 0.000021, Normalized LogL: -0.978105, Exp of Normalized LogL: 0.376023, Best Rate: 0.3
Fault: [1,1,2,3,0,5], logL: -10.759152, Exp of LogL: 0.000021, Normalized LogL: -0.978105, Exp of Normalized LogL: 0.376023, Best Rate: 0.3
Fault: [5,1,2,3,4,5], logL: -11.191180, Exp of LogL: 0.000014, Normalized LogL: -1.017380, Exp of Normalized LogL: 0.361541, Best Rate: 0.3
Fault: [3,1,2,3,4,5], logL: -12.959293, Exp of LogL: 0.000002, Normalized LogL: -1.178118, Exp of Normalized LogL: 0.307858, Best Rate: 0.3
Fault: [4,1,2,3,4,5], logL: -13.022197, Exp of LogL: 0.000002, Normalized LogL: -1.183836, Exp of Normalized LogL: 0.306102, Best Rate: 0.3
Fault: [2,1,2,3,4,5], logL: -13.791096, Exp of LogL: 0.000001, Normalized LogL: -1.253736, Exp of Normalized LogL: 0.285436, Best Rate: 0.3
Fault: [0,1,2,3,4,5], logL: -36.183211, Exp of LogL: 0.000000, Normalized LogL: -3.289383, Exp of Normalized LogL: 0.037277, Best Rate: 0.3

========= ADAPTIVE MC DEBUG =========
Total calls: 110
Avg tries: 485.91
Confidence stops: 110
Max stops: 0
Max stop rate: 0.000
Real Fault Rank 4
===== SEED 45 | FR=0.3 | VR=60 =====
executing with fault mode: [1,1,2,3,4,5]

executing with fault mode: [1,1,2,3,4,5]

executing with fault mode: [1,1,2,3,4,5]

executing with fault mode: [1,1,2,3,4,5]

Fault scores (higher is better):
Fault: [1,1,2,3,4,5], logL: -15.843006, Exp of LogL: 0.000000, Normalized LogL: -0.931942, Exp of Normalized LogL: 0.393788, Best Rate: 0.3
Fault: [1,1,2,3,1,5], logL: -16.150573, Exp of LogL: 0.000000, Normalized LogL: -0.950034, Exp of Normalized LogL: 0.386728, Best Rate: 0.3
Fault: [1,1,2,3,5,5], logL: -16.150573, Exp of LogL: 0.000000, Normalized LogL: -0.950034, Exp of Normalized LogL: 0.386728, Best Rate: 0.3
Fault: [1,1,2,3,3,5], logL: -16.150573, Exp of LogL: 0.000000, Normalized LogL: -0.950034, Exp of Normalized LogL: 0.386728, Best Rate: 0.3
Fault: [1,1,2,3,0,5], logL: -16.150573, Exp of LogL: 0.000000, Normalized LogL: -0.950034, Exp of Normalized LogL: 0.386728, Best Rate: 0.3
Fault: [2,1,2,3,4,5], logL: -19.104874, Exp of LogL: 0.000000, Normalized LogL: -1.123816, Exp of Normalized LogL: 0.325037, Best Rate: 0.3
Fault: [0,1,2,3,4,5], logL: -67.601391, Exp of LogL: 0.000000, Normalized LogL: -3.976552, Exp of Normalized LogL: 0.018750, Best Rate: 0.3
Fault: [3,1,2,3,4,5], logL: -67.737608, Exp of LogL: 0.000000, Normalized LogL: -3.984565, Exp of Normalized LogL: 0.018601, Best Rate: 0.3
Fault: [4,1,2,3,4,5], logL: -67.932508, Exp of LogL: 0.000000, Normalized LogL: -3.996030, Exp of Normalized LogL: 0.018388, Best Rate: 0.3
Fault: [5,1,2,3,4,5], logL: -68.011497, Exp of LogL: 0.000000, Normalized LogL: -4.000676, Exp of Normalized LogL: 0.018303, Best Rate: 0.3

========= ADAPTIVE MC DEBUG =========
Total calls: 170
Avg tries: 472.06
Confidence stops: 170
Max stops: 0
Max stop rate: 0.000
Real Fault Rank 1
===== SEED 45 | FR=0.3 | VR=80 =====
executing with fault mode: [1,1,2,3,4,5]

executing with fault mode: [1,1,2,3,4,5]

executing with fault mode: [1,1,2,3,4,5]

executing with fault mode: [1,1,2,3,4,5]

Fault scores (higher is better):
Fault: [1,1,2,3,4,5], logL: -16.985662, Exp of LogL: 0.000000, Normalized LogL: -0.772076, Exp of Normalized LogL: 0.462053, Best Rate: 0.3
Fault: [1,1,2,3,1,5], logL: -17.300373, Exp of LogL: 0.000000, Normalized LogL: -0.786381, Exp of Normalized LogL: 0.455490, Best Rate: 0.3
Fault: [1,1,2,3,5,5], logL: -17.300373, Exp of LogL: 0.000000, Normalized LogL: -0.786381, Exp of Normalized LogL: 0.455490, Best Rate: 0.3
Fault: [1,1,2,3,3,5], logL: -17.300373, Exp of LogL: 0.000000, Normalized LogL: -0.786381, Exp of Normalized LogL: 0.455490, Best Rate: 0.3
Fault: [1,1,2,3,0,5], logL: -17.300373, Exp of LogL: 0.000000, Normalized LogL: -0.786381, Exp of Normalized LogL: 0.455490, Best Rate: 0.3
Fault: [2,1,2,3,4,5], logL: -21.695849, Exp of LogL: 0.000000, Normalized LogL: -0.986175, Exp of Normalized LogL: 0.373001, Best Rate: 0.3
Fault: [3,1,2,3,4,5], logL: -69.692862, Exp of LogL: 0.000000, Normalized LogL: -3.167857, Exp of Normalized LogL: 0.042094, Best Rate: 0.3
Fault: [4,1,2,3,4,5], logL: -69.722655, Exp of LogL: 0.000000, Normalized LogL: -3.169212, Exp of Normalized LogL: 0.042037, Best Rate: 0.3
Fault: [5,1,2,3,4,5], logL: -70.312023, Exp of LogL: 0.000000, Normalized LogL: -3.196001, Exp of Normalized LogL: 0.040926, Best Rate: 0.3
Fault: [0,1,2,3,4,5], logL: -70.448993, Exp of LogL: 0.000000, Normalized LogL: -3.202227, Exp of Normalized LogL: 0.040672, Best Rate: 0.3

========= ADAPTIVE MC DEBUG =========
Total calls: 220
Avg tries: 493.18
Confidence stops: 220
Max stops: 0
Max stop rate: 0.000
Real Fault Rank 1
===== SEED 45 | FR=0.3 | VR=100 =====
executing with fault mode: [1,1,2,3,4,5]

executing with fault mode: [1,1,2,3,4,5]

executing with fault mode: [1,1,2,3,4,5]

executing with fault mode: [1,1,2,3,4,5]

Fault scores (higher is better):
Fault: [1,1,2,3,4,5], logL: -18.163659, Exp of LogL: 0.000000, Normalized LogL: -0.648702, Exp of Normalized LogL: 0.522724, Best Rate: 0.3
Fault: [1,1,2,3,1,5], logL: -18.478370, Exp of LogL: 0.000000, Normalized LogL: -0.659942, Exp of Normalized LogL: 0.516881, Best Rate: 0.3
Fault: [1,1,2,3,5,5], logL: -18.478370, Exp of LogL: 0.000000, Normalized LogL: -0.659942, Exp of Normalized LogL: 0.516881, Best Rate: 0.3
Fault: [1,1,2,3,3,5], logL: -18.478370, Exp of LogL: 0.000000, Normalized LogL: -0.659942, Exp of Normalized LogL: 0.516881, Best Rate: 0.3
Fault: [1,1,2,3,0,5], logL: -18.478370, Exp of LogL: 0.000000, Normalized LogL: -0.659942, Exp of Normalized LogL: 0.516881, Best Rate: 0.3
Fault: [2,1,2,3,4,5], logL: -23.440192, Exp of LogL: 0.000000, Normalized LogL: -0.837150, Exp of Normalized LogL: 0.432943, Best Rate: 0.3
Fault: [3,1,2,3,4,5], logL: -70.428635, Exp of LogL: 0.000000, Normalized LogL: -2.515308, Exp of Normalized LogL: 0.080838, Best Rate: 0.3
Fault: [4,1,2,3,4,5], logL: -70.428635, Exp of LogL: 0.000000, Normalized LogL: -2.515308, Exp of Normalized LogL: 0.080838, Best Rate: 0.3
Fault: [0,1,2,3,4,5], logL: -71.730589, Exp of LogL: 0.000000, Normalized LogL: -2.561807, Exp of Normalized LogL: 0.077165, Best Rate: 0.3
Fault: [5,1,2,3,4,5], logL: -74.074108, Exp of LogL: 0.000000, Normalized LogL: -2.645504, Exp of Normalized LogL: 0.070970, Best Rate: 0.3

========= ADAPTIVE MC DEBUG =========
Total calls: 280
Avg tries: 498.93
Confidence stops: 280
Max stops: 0
Max stop rate: 0.000
Real Fault Rank 1
================= 22/08/2026 04:57:44: SEED 45 END =================
================= 22/08/2026 04:57:44: SEED 46 (44/100), a*=1 fault=[0,3,2,3,4,5] START =================
===== SEED 46 | FR=0.3 | VR=20 =====
executing with fault mode: [0,3,2,3,4,5]

Fault scores (higher is better):
Fault: [0,3,2,3,0,5], logL: -5.930300, Exp of LogL: 0.002658, Normalized LogL: -1.482575, Exp of Normalized LogL: 0.227052, Best Rate: 0.3
Fault: [0,3,2,3,4,5], logL: -6.301558, Exp of LogL: 0.001833, Normalized LogL: -1.575390, Exp of Normalized LogL: 0.206927, Best Rate: 0.3
Fault: [0,3,2,3,3,5], logL: -6.326195, Exp of LogL: 0.001789, Normalized LogL: -1.581549, Exp of Normalized LogL: 0.205656, Best Rate: 0.3
Fault: [0,1,2,3,4,5], logL: -6.568079, Exp of LogL: 0.001404, Normalized LogL: -1.642020, Exp of Normalized LogL: 0.193589, Best Rate: 0.3
Fault: [0,3,2,3,1,5], logL: -6.598129, Exp of LogL: 0.001363, Normalized LogL: -1.649532, Exp of Normalized LogL: 0.192140, Best Rate: 0.3
Fault: [0,3,2,3,5,5], logL: -6.598129, Exp of LogL: 0.001363, Normalized LogL: -1.649532, Exp of Normalized LogL: 0.192140, Best Rate: 0.3
Fault: [0,5,2,3,4,5], logL: -6.852670, Exp of LogL: 0.001057, Normalized LogL: -1.713168, Exp of Normalized LogL: 0.180294, Best Rate: 0.3
Fault: [0,4,2,3,4,5], logL: -6.852670, Exp of LogL: 0.001057, Normalized LogL: -1.713168, Exp of Normalized LogL: 0.180294, Best Rate: 0.3
Fault: [0,2,2,3,4,5], logL: -6.963896, Exp of LogL: 0.000945, Normalized LogL: -1.740974, Exp of Normalized LogL: 0.175350, Best Rate: 0.3
Fault: [0,0,2,3,4,5], logL: -7.172441, Exp of LogL: 0.000767, Normalized LogL: -1.793110, Exp of Normalized LogL: 0.166442, Best Rate: 0.3

========= ADAPTIVE MC DEBUG =========
Total calls: 40
Avg tries: 375.00
Confidence stops: 40
Max stops: 0
Max stop rate: 0.000
Real Fault Rank 2
===== SEED 46 | FR=0.3 | VR=40 =====
executing with fault mode: [0,3,2,3,4,5]

Fault scores (higher is better):
Fault: [0,3,2,3,0,5], logL: -11.328600, Exp of LogL: 0.000012, Normalized LogL: -1.618371, Exp of Normalized LogL: 0.198221, Best Rate: 0.3
Fault: [0,3,2,3,4,5], logL: -11.699859, Exp of LogL: 0.000008, Normalized LogL: -1.671408, Exp of Normalized LogL: 0.187982, Best Rate: 0.3
Fault: [0,3,2,3,3,5], logL: -11.724496, Exp of LogL: 0.000008, Normalized LogL: -1.674928, Exp of Normalized LogL: 0.187322, Best Rate: 0.3
Fault: [0,3,2,3,1,5], logL: -11.996430, Exp of LogL: 0.000006, Normalized LogL: -1.713776, Exp of Normalized LogL: 0.180184, Best Rate: 0.3
Fault: [0,3,2,3,5,5], logL: -11.996430, Exp of LogL: 0.000006, Normalized LogL: -1.713776, Exp of Normalized LogL: 0.180184, Best Rate: 0.3
Fault: [0,1,2,3,4,5], logL: -12.459686, Exp of LogL: 0.000004, Normalized LogL: -1.779955, Exp of Normalized LogL: 0.168646, Best Rate: 0.3
Fault: [0,5,2,3,4,5], logL: -13.104318, Exp of LogL: 0.000002, Normalized LogL: -1.872045, Exp of Normalized LogL: 0.153809, Best Rate: 0.3
Fault: [0,4,2,3,4,5], logL: -13.104318, Exp of LogL: 0.000002, Normalized LogL: -1.872045, Exp of Normalized LogL: 0.153809, Best Rate: 0.3
Fault: [0,0,2,3,4,5], logL: -13.440790, Exp of LogL: 0.000001, Normalized LogL: -1.920113, Exp of Normalized LogL: 0.146590, Best Rate: 0.3
Fault: [0,2,2,3,4,5], logL: -13.824693, Exp of LogL: 0.000001, Normalized LogL: -1.974956, Exp of Normalized LogL: 0.138767, Best Rate: 0.3

========= ADAPTIVE MC DEBUG =========
Total calls: 70
Avg tries: 397.14
Confidence stops: 70
Max stops: 0
Max stop rate: 0.000
Real Fault Rank 2
===== SEED 46 | FR=0.3 | VR=60 =====
executing with fault mode: [0,3,2,3,4,5]

Fault scores (higher is better):
Fault: [0,3,2,3,3,5], logL: -16.357257, Exp of LogL: 0.000000, Normalized LogL: -1.487023, Exp of Normalized LogL: 0.226045, Best Rate: 0.3
Fault: [0,1,2,3,4,5], logL: -16.866065, Exp of LogL: 0.000000, Normalized LogL: -1.533279, Exp of Normalized LogL: 0.215827, Best Rate: 0.3
Fault: [0,3,2,3,4,5], logL: -17.081337, Exp of LogL: 0.000000, Normalized LogL: -1.552849, Exp of Normalized LogL: 0.211644, Best Rate: 0.3
Fault: [0,3,2,3,0,5], logL: -17.329118, Exp of LogL: 0.000000, Normalized LogL: -1.575374, Exp of Normalized LogL: 0.206930, Best Rate: 0.3
Fault: [0,3,2,3,1,5], logL: -17.377908, Exp of LogL: 0.000000, Normalized LogL: -1.579810, Exp of Normalized LogL: 0.206014, Best Rate: 0.3
Fault: [0,3,2,3,5,5], logL: -17.377908, Exp of LogL: 0.000000, Normalized LogL: -1.579810, Exp of Normalized LogL: 0.206014, Best Rate: 0.3
Fault: [0,0,2,3,4,5], logL: -17.830075, Exp of LogL: 0.000000, Normalized LogL: -1.620916, Exp of Normalized LogL: 0.197718, Best Rate: 0.3
Fault: [0,2,2,3,4,5], logL: -18.112013, Exp of LogL: 0.000000, Normalized LogL: -1.646547, Exp of Normalized LogL: 0.192714, Best Rate: 0.3
Fault: [0,5,2,3,4,5], logL: -18.238936, Exp of LogL: 0.000000, Normalized LogL: -1.658085, Exp of Normalized LogL: 0.190503, Best Rate: 0.3
Fault: [0,4,2,3,4,5], logL: -18.238936, Exp of LogL: 0.000000, Normalized LogL: -1.658085, Exp of Normalized LogL: 0.190503, Best Rate: 0.3

========= ADAPTIVE MC DEBUG =========
Total calls: 110
Avg tries: 387.73
Confidence stops: 110
Max stops: 0
Max stop rate: 0.000
Real Fault Rank 3
===== SEED 46 | FR=0.3 | VR=80 =====
executing with fault mode: [0,3,2,3,4,5]

Fault scores (higher is better):
Fault: [0,1,2,3,4,5], logL: -18.616819, Exp of LogL: 0.000000, Normalized LogL: -1.329773, Exp of Normalized LogL: 0.264537, Best Rate: 0.3
Fault: [0,3,2,3,4,5], logL: -18.832091, Exp of LogL: 0.000000, Normalized LogL: -1.345149, Exp of Normalized LogL: 0.260501, Best Rate: 0.3
Fault: [0,3,2,3,1,5], logL: -19.128662, Exp of LogL: 0.000000, Normalized LogL: -1.366333, Exp of Normalized LogL: 0.255040, Best Rate: 0.3
Fault: [0,3,2,3,3,5], logL: -19.128662, Exp of LogL: 0.000000, Normalized LogL: -1.366333, Exp of Normalized LogL: 0.255040, Best Rate: 0.3
Fault: [0,3,2,3,5,5], logL: -19.128662, Exp of LogL: 0.000000, Normalized LogL: -1.366333, Exp of Normalized LogL: 0.255040, Best Rate: 0.3
Fault: [0,3,2,3,0,5], logL: -19.128662, Exp of LogL: 0.000000, Normalized LogL: -1.366333, Exp of Normalized LogL: 0.255040, Best Rate: 0.3
Fault: [0,0,2,3,4,5], logL: -19.580829, Exp of LogL: 0.000000, Normalized LogL: -1.398631, Exp of Normalized LogL: 0.246935, Best Rate: 0.3
Fault: [0,2,2,3,4,5], logL: -19.862767, Exp of LogL: 0.000000, Normalized LogL: -1.418769, Exp of Normalized LogL: 0.242012, Best Rate: 0.3
Fault: [0,5,2,3,4,5], logL: -19.989690, Exp of LogL: 0.000000, Normalized LogL: -1.427835, Exp of Normalized LogL: 0.239828, Best Rate: 0.3
Fault: [0,4,2,3,4,5], logL: -19.989690, Exp of LogL: 0.000000, Normalized LogL: -1.427835, Exp of Normalized LogL: 0.239828, Best Rate: 0.3

========= ADAPTIVE MC DEBUG =========
Total calls: 140
Avg tries: 420.36
Confidence stops: 140
Max stops: 0
Max stop rate: 0.000
Real Fault Rank 2
===== SEED 46 | FR=0.3 | VR=100 =====
executing with fault mode: [0,3,2,3,4,5]

Fault scores (higher is better):
Fault: [0,1,2,3,4,5], logL: -18.416040, Exp of LogL: 0.000000, Normalized LogL: -1.023113, Exp of Normalized LogL: 0.359474, Best Rate: 0.3
Fault: [0,3,2,3,4,5], logL: -18.629251, Exp of LogL: 0.000000, Normalized LogL: -1.034958, Exp of Normalized LogL: 0.355241, Best Rate: 0.3
Fault: [0,3,2,3,1,5], logL: -18.988527, Exp of LogL: 0.000000, Normalized LogL: -1.054918, Exp of Normalized LogL: 0.348221, Best Rate: 0.3
Fault: [0,3,2,3,3,5], logL: -18.988527, Exp of LogL: 0.000000, Normalized LogL: -1.054918, Exp of Normalized LogL: 0.348221, Best Rate: 0.3
Fault: [0,3,2,3,5,5], logL: -18.988527, Exp of LogL: 0.000000, Normalized LogL: -1.054918, Exp of Normalized LogL: 0.348221, Best Rate: 0.3
Fault: [0,3,2,3,0,5], logL: -18.988527, Exp of LogL: 0.000000, Normalized LogL: -1.054918, Exp of Normalized LogL: 0.348221, Best Rate: 0.3
Fault: [0,0,2,3,4,5], logL: -19.396775, Exp of LogL: 0.000000, Normalized LogL: -1.077599, Exp of Normalized LogL: 0.340412, Best Rate: 0.3
Fault: [0,2,2,3,4,5], logL: -19.678713, Exp of LogL: 0.000000, Normalized LogL: -1.093262, Exp of Normalized LogL: 0.335122, Best Rate: 0.3
Fault: [0,5,2,3,4,5], logL: -19.805636, Exp of LogL: 0.000000, Normalized LogL: -1.100313, Exp of Normalized LogL: 0.332767, Best Rate: 0.3
Fault: [0,4,2,3,4,5], logL: -19.805636, Exp of LogL: 0.000000, Normalized LogL: -1.100313, Exp of Normalized LogL: 0.332767, Best Rate: 0.3

========= ADAPTIVE MC DEBUG =========
Total calls: 180
Avg tries: 445.56
Confidence stops: 180
Max stops: 0
Max stop rate: 0.000
Real Fault Rank 2
================= 22/08/2026 04:58:09: SEED 46 END =================
================= 22/08/2026 04:58:09: SEED 47 (45/100), a*=0 fault=[5,1,2,3,4,5] START =================
===== SEED 47 | FR=0.3 | VR=20 =====
executing with fault mode: [5,1,2,3,4,5]

Fault scores (higher is better):
Fault: [5,1,2,3,3,5], logL: -6.526947, Exp of LogL: 0.001463, Normalized LogL: -1.631737, Exp of Normalized LogL: 0.195590, Best Rate: 0.3
Fault: [5,1,2,3,0,5], logL: -6.526947, Exp of LogL: 0.001463, Normalized LogL: -1.631737, Exp of Normalized LogL: 0.195590, Best Rate: 0.3
Fault: [5,1,2,3,2,5], logL: -6.526947, Exp of LogL: 0.001463, Normalized LogL: -1.631737, Exp of Normalized LogL: 0.195590, Best Rate: 0.3
Fault: [5,1,2,3,5,5], logL: -6.526947, Exp of LogL: 0.001463, Normalized LogL: -1.631737, Exp of Normalized LogL: 0.195590, Best Rate: 0.3
Fault: [5,1,2,3,4,5], logL: -7.579040, Exp of LogL: 0.000511, Normalized LogL: -1.894760, Exp of Normalized LogL: 0.150354, Best Rate: 0.3
Fault: [3,1,2,3,4,5], logL: -7.579040, Exp of LogL: 0.000511, Normalized LogL: -1.894760, Exp of Normalized LogL: 0.150354, Best Rate: 0.3
Fault: [4,1,2,3,4,5], logL: -7.579040, Exp of LogL: 0.000511, Normalized LogL: -1.894760, Exp of Normalized LogL: 0.150354, Best Rate: 0.3
Fault: [2,1,2,3,4,5], logL: -7.735145, Exp of LogL: 0.000437, Normalized LogL: -1.933786, Exp of Normalized LogL: 0.144600, Best Rate: 0.3
Fault: [1,1,2,3,4,5], logL: -8.336725, Exp of LogL: 0.000240, Normalized LogL: -2.084181, Exp of Normalized LogL: 0.124409, Best Rate: 0.3
Fault: [0,1,2,3,4,5], logL: -9.897373, Exp of LogL: 0.000050, Normalized LogL: -2.474343, Exp of Normalized LogL: 0.084218, Best Rate: 0.3

========= ADAPTIVE MC DEBUG =========
Total calls: 40
Avg tries: 368.75
Confidence stops: 40
Max stops: 0
Max stop rate: 0.000
Real Fault Rank 5
===== SEED 47 | FR=0.3 | VR=40 =====
executing with fault mode: [5,1,2,3,4,5]

Fault scores (higher is better):
Fault: [5,1,2,3,3,5], logL: -7.471712, Exp of LogL: 0.000569, Normalized LogL: -1.067387, Exp of Normalized LogL: 0.343906, Best Rate: 0.3
Fault: [5,1,2,3,0,5], logL: -7.471712, Exp of LogL: 0.000569, Normalized LogL: -1.067387, Exp of Normalized LogL: 0.343906, Best Rate: 0.3
Fault: [5,1,2,3,2,5], logL: -7.471712, Exp of LogL: 0.000569, Normalized LogL: -1.067387, Exp of Normalized LogL: 0.343906, Best Rate: 0.3
Fault: [5,1,2,3,5,5], logL: -7.471712, Exp of LogL: 0.000569, Normalized LogL: -1.067387, Exp of Normalized LogL: 0.343906, Best Rate: 0.3
Fault: [5,1,2,3,4,5], logL: -8.037671, Exp of LogL: 0.000323, Normalized LogL: -1.148239, Exp of Normalized LogL: 0.317195, Best Rate: 0.3
Fault: [3,1,2,3,4,5], logL: -8.037671, Exp of LogL: 0.000323, Normalized LogL: -1.148239, Exp of Normalized LogL: 0.317195, Best Rate: 0.3
Fault: [4,1,2,3,4,5], logL: -8.037671, Exp of LogL: 0.000323, Normalized LogL: -1.148239, Exp of Normalized LogL: 0.317195, Best Rate: 0.3
Fault: [2,1,2,3,4,5], logL: -8.372746, Exp of LogL: 0.000231, Normalized LogL: -1.196107, Exp of Normalized LogL: 0.302369, Best Rate: 0.3
Fault: [1,1,2,3,4,5], logL: -9.540163, Exp of LogL: 0.000072, Normalized LogL: -1.362880, Exp of Normalized LogL: 0.255923, Best Rate: 0.3
Fault: [0,1,2,3,4,5], logL: -11.286703, Exp of LogL: 0.000013, Normalized LogL: -1.612386, Exp of Normalized LogL: 0.199411, Best Rate: 0.3

========= ADAPTIVE MC DEBUG =========
Total calls: 70
Avg tries: 457.86
Confidence stops: 70
Max stops: 0
Max stop rate: 0.000
Real Fault Rank 5
===== SEED 47 | FR=0.3 | VR=60 =====
executing with fault mode: [5,1,2,3,4,5]

Fault scores (higher is better):
Fault: [5,1,2,3,3,5], logL: -8.396784, Exp of LogL: 0.000226, Normalized LogL: -0.763344, Exp of Normalized LogL: 0.466105, Best Rate: 0.3
Fault: [5,1,2,3,0,5], logL: -8.396784, Exp of LogL: 0.000226, Normalized LogL: -0.763344, Exp of Normalized LogL: 0.466105, Best Rate: 0.3
Fault: [5,1,2,3,2,5], logL: -8.396784, Exp of LogL: 0.000226, Normalized LogL: -0.763344, Exp of Normalized LogL: 0.466105, Best Rate: 0.3
Fault: [5,1,2,3,5,5], logL: -8.396784, Exp of LogL: 0.000226, Normalized LogL: -0.763344, Exp of Normalized LogL: 0.466105, Best Rate: 0.3
Fault: [2,1,2,3,4,5], logL: -8.476623, Exp of LogL: 0.000208, Normalized LogL: -0.770602, Exp of Normalized LogL: 0.462734, Best Rate: 0.3
Fault: [5,1,2,3,4,5], logL: -8.525017, Exp of LogL: 0.000198, Normalized LogL: -0.775002, Exp of Normalized LogL: 0.460703, Best Rate: 0.3
Fault: [3,1,2,3,4,5], logL: -8.525017, Exp of LogL: 0.000198, Normalized LogL: -0.775002, Exp of Normalized LogL: 0.460703, Best Rate: 0.3
Fault: [4,1,2,3,4,5], logL: -8.525017, Exp of LogL: 0.000198, Normalized LogL: -0.775002, Exp of Normalized LogL: 0.460703, Best Rate: 0.3
Fault: [1,1,2,3,4,5], logL: -11.116590, Exp of LogL: 0.000015, Normalized LogL: -1.010599, Exp of Normalized LogL: 0.364001, Best Rate: 0.3
Fault: [0,1,2,3,4,5], logL: -11.479769, Exp of LogL: 0.000010, Normalized LogL: -1.043615, Exp of Normalized LogL: 0.352179, Best Rate: 0.3

========= ADAPTIVE MC DEBUG =========
Total calls: 110
Avg tries: 550.91
Confidence stops: 110
Max stops: 0
Max stop rate: 0.000
Real Fault Rank 6
===== SEED 47 | FR=0.3 | VR=80 =====
executing with fault mode: [5,1,2,3,4,5]

Fault scores (higher is better):
Fault: [2,1,2,3,4,5], logL: -8.936470, Exp of LogL: 0.000132, Normalized LogL: -0.638319, Exp of Normalized LogL: 0.528179, Best Rate: 0.3
Fault: [5,1,2,3,4,5], logL: -8.984864, Exp of LogL: 0.000125, Normalized LogL: -0.641776, Exp of Normalized LogL: 0.526357, Best Rate: 0.3
Fault: [3,1,2,3,4,5], logL: -8.984864, Exp of LogL: 0.000125, Normalized LogL: -0.641776, Exp of Normalized LogL: 0.526357, Best Rate: 0.3
Fault: [4,1,2,3,4,5], logL: -8.984864, Exp of LogL: 0.000125, Normalized LogL: -0.641776, Exp of Normalized LogL: 0.526357, Best Rate: 0.3
Fault: [5,1,2,3,3,5], logL: -9.383986, Exp of LogL: 0.000084, Normalized LogL: -0.670285, Exp of Normalized LogL: 0.511563, Best Rate: 0.3
Fault: [5,1,2,3,0,5], logL: -9.383986, Exp of LogL: 0.000084, Normalized LogL: -0.670285, Exp of Normalized LogL: 0.511563, Best Rate: 0.3
Fault: [5,1,2,3,2,5], logL: -9.383986, Exp of LogL: 0.000084, Normalized LogL: -0.670285, Exp of Normalized LogL: 0.511563, Best Rate: 0.3
Fault: [5,1,2,3,5,5], logL: -9.383986, Exp of LogL: 0.000084, Normalized LogL: -0.670285, Exp of Normalized LogL: 0.511563, Best Rate: 0.3
Fault: [0,1,2,3,4,5], logL: -11.705046, Exp of LogL: 0.000008, Normalized LogL: -0.836075, Exp of Normalized LogL: 0.433408, Best Rate: 0.3
Fault: [1,1,2,3,4,5], logL: -12.395670, Exp of LogL: 0.000004, Normalized LogL: -0.885405, Exp of Normalized LogL: 0.412547, Best Rate: 0.3

========= ADAPTIVE MC DEBUG =========
Total calls: 140
Avg tries: 570.71
Confidence stops: 140
Max stops: 0
Max stop rate: 0.000
Real Fault Rank 2
===== SEED 47 | FR=0.3 | VR=100 =====
executing with fault mode: [5,1,2,3,4,5]

Fault scores (higher is better):
Fault: [2,1,2,3,4,5], logL: -9.544015, Exp of LogL: 0.000072, Normalized LogL: -0.530223, Exp of Normalized LogL: 0.588474, Best Rate: 0.3
Fault: [5,1,2,3,4,5], logL: -9.592410, Exp of LogL: 0.000068, Normalized LogL: -0.532912, Exp of Normalized LogL: 0.586894, Best Rate: 0.3
Fault: [3,1,2,3,4,5], logL: -9.592410, Exp of LogL: 0.000068, Normalized LogL: -0.532912, Exp of Normalized LogL: 0.586894, Best Rate: 0.3
Fault: [4,1,2,3,4,5], logL: -9.592410, Exp of LogL: 0.000068, Normalized LogL: -0.532912, Exp of Normalized LogL: 0.586894, Best Rate: 0.3
Fault: [5,1,2,3,3,5], logL: -9.991531, Exp of LogL: 0.000046, Normalized LogL: -0.555085, Exp of Normalized LogL: 0.574023, Best Rate: 0.3
Fault: [5,1,2,3,0,5], logL: -9.991531, Exp of LogL: 0.000046, Normalized LogL: -0.555085, Exp of Normalized LogL: 0.574023, Best Rate: 0.3
Fault: [5,1,2,3,2,5], logL: -9.991531, Exp of LogL: 0.000046, Normalized LogL: -0.555085, Exp of Normalized LogL: 0.574023, Best Rate: 0.3
Fault: [5,1,2,3,5,5], logL: -9.991531, Exp of LogL: 0.000046, Normalized LogL: -0.555085, Exp of Normalized LogL: 0.574023, Best Rate: 0.3
Fault: [0,1,2,3,4,5], logL: -12.312591, Exp of LogL: 0.000004, Normalized LogL: -0.684033, Exp of Normalized LogL: 0.504578, Best Rate: 0.3
Fault: [1,1,2,3,4,5], logL: -13.003215, Exp of LogL: 0.000002, Normalized LogL: -0.722401, Exp of Normalized LogL: 0.485585, Best Rate: 0.3

========= ADAPTIVE MC DEBUG =========
Total calls: 180
Avg tries: 557.78
Confidence stops: 180
Max stops: 0
Max stop rate: 0.000
Real Fault Rank 2
================= 22/08/2026 04:58:43: SEED 47 END =================
================= 22/08/2026 04:58:43: SEED 48 (46/100), a*=1 fault=[0,2,2,3,4,5] START =================
===== SEED 48 | FR=0.3 | VR=20 =====
executing with fault mode: [0,2,2,3,4,5]

Fault scores (higher is better):
Fault: [0,4,2,3,4,5], logL: -8.976427, Exp of LogL: 0.000126, Normalized LogL: -1.795285, Exp of Normalized LogL: 0.166080, Best Rate: 0.3
Fault: [0,5,2,3,4,5], logL: -8.976427, Exp of LogL: 0.000126, Normalized LogL: -1.795285, Exp of Normalized LogL: 0.166080, Best Rate: 0.3
Fault: [0,2,2,3,4,5], logL: -9.217589, Exp of LogL: 0.000099, Normalized LogL: -1.843518, Exp of Normalized LogL: 0.158260, Best Rate: 0.3
Fault: [0,2,2,3,1,5], logL: -9.442928, Exp of LogL: 0.000079, Normalized LogL: -1.888586, Exp of Normalized LogL: 0.151286, Best Rate: 0.3
Fault: [0,2,2,3,2,5], logL: -9.442928, Exp of LogL: 0.000079, Normalized LogL: -1.888586, Exp of Normalized LogL: 0.151286, Best Rate: 0.3
Fault: [0,2,2,3,5,5], logL: -9.442928, Exp of LogL: 0.000079, Normalized LogL: -1.888586, Exp of Normalized LogL: 0.151286, Best Rate: 0.3
Fault: [0,2,2,3,0,5], logL: -9.522971, Exp of LogL: 0.000073, Normalized LogL: -1.904594, Exp of Normalized LogL: 0.148883, Best Rate: 0.3
Fault: [0,3,2,3,4,5], logL: -9.728096, Exp of LogL: 0.000060, Normalized LogL: -1.945619, Exp of Normalized LogL: 0.142899, Best Rate: 0.3
Fault: [0,0,2,3,4,5], logL: -9.963122, Exp of LogL: 0.000047, Normalized LogL: -1.992624, Exp of Normalized LogL: 0.136337, Best Rate: 0.3
Fault: [0,1,2,3,4,5], logL: -9.974510, Exp of LogL: 0.000047, Normalized LogL: -1.994902, Exp of Normalized LogL: 0.136027, Best Rate: 0.3

========= ADAPTIVE MC DEBUG =========
Total calls: 50
Avg tries: 337.00
Confidence stops: 50
Max stops: 0
Max stop rate: 0.000
Real Fault Rank 3
===== SEED 48 | FR=0.3 | VR=40 =====
executing with fault mode: [0,2,2,3,4,5]

Fault scores (higher is better):
Fault: [0,4,2,3,4,5], logL: -12.949337, Exp of LogL: 0.000002, Normalized LogL: -1.438815, Exp of Normalized LogL: 0.237209, Best Rate: 0.3
Fault: [0,5,2,3,4,5], logL: -12.949337, Exp of LogL: 0.000002, Normalized LogL: -1.438815, Exp of Normalized LogL: 0.237209, Best Rate: 0.3
Fault: [0,2,2,3,4,5], logL: -13.285809, Exp of LogL: 0.000002, Normalized LogL: -1.476201, Exp of Normalized LogL: 0.228504, Best Rate: 0.3
Fault: [0,2,2,3,1,5], logL: -13.341258, Exp of LogL: 0.000002, Normalized LogL: -1.482362, Exp of Normalized LogL: 0.227101, Best Rate: 0.3
Fault: [0,2,2,3,2,5], logL: -13.341258, Exp of LogL: 0.000002, Normalized LogL: -1.482362, Exp of Normalized LogL: 0.227101, Best Rate: 0.3
Fault: [0,2,2,3,5,5], logL: -13.341258, Exp of LogL: 0.000002, Normalized LogL: -1.482362, Exp of Normalized LogL: 0.227101, Best Rate: 0.3
Fault: [0,2,2,3,0,5], logL: -13.535303, Exp of LogL: 0.000001, Normalized LogL: -1.503923, Exp of Normalized LogL: 0.222257, Best Rate: 0.3
Fault: [0,1,2,3,4,5], logL: -14.348351, Exp of LogL: 0.000001, Normalized LogL: -1.594261, Exp of Normalized LogL: 0.203058, Best Rate: 0.3
Fault: [0,0,2,3,4,5], logL: -15.361021, Exp of LogL: 0.000000, Normalized LogL: -1.706780, Exp of Normalized LogL: 0.181449, Best Rate: 0.3
Fault: [0,3,2,3,4,5], logL: -15.470019, Exp of LogL: 0.000000, Normalized LogL: -1.718891, Exp of Normalized LogL: 0.179265, Best Rate: 0.3

========= ADAPTIVE MC DEBUG =========
Total calls: 90
Avg tries: 391.67
Confidence stops: 90
Max stops: 0
Max stop rate: 0.000
Real Fault Rank 3
===== SEED 48 | FR=0.3 | VR=60 =====
executing with fault mode: [0,2,2,3,4,5]

Fault scores (higher is better):
Fault: [0,4,2,3,4,5], logL: -15.830952, Exp of LogL: 0.000000, Normalized LogL: -1.217766, Exp of Normalized LogL: 0.295891, Best Rate: 0.3
Fault: [0,5,2,3,4,5], logL: -15.830952, Exp of LogL: 0.000000, Normalized LogL: -1.217766, Exp of Normalized LogL: 0.295891, Best Rate: 0.3
Fault: [0,2,2,3,4,5], logL: -15.830952, Exp of LogL: 0.000000, Normalized LogL: -1.217766, Exp of Normalized LogL: 0.295891, Best Rate: 0.3
Fault: [0,2,2,3,1,5], logL: -15.914722, Exp of LogL: 0.000000, Normalized LogL: -1.224209, Exp of Normalized LogL: 0.293990, Best Rate: 0.3
Fault: [0,2,2,3,2,5], logL: -15.914722, Exp of LogL: 0.000000, Normalized LogL: -1.224209, Exp of Normalized LogL: 0.293990, Best Rate: 0.3
Fault: [0,2,2,3,5,5], logL: -15.914722, Exp of LogL: 0.000000, Normalized LogL: -1.224209, Exp of Normalized LogL: 0.293990, Best Rate: 0.3
Fault: [0,2,2,3,0,5], logL: -16.108767, Exp of LogL: 0.000000, Normalized LogL: -1.239136, Exp of Normalized LogL: 0.289634, Best Rate: 0.3
Fault: [0,1,2,3,4,5], logL: -17.193598, Exp of LogL: 0.000000, Normalized LogL: -1.322584, Exp of Normalized LogL: 0.266446, Best Rate: 0.3
Fault: [0,0,2,3,4,5], logL: -17.966788, Exp of LogL: 0.000000, Normalized LogL: -1.382061, Exp of Normalized LogL: 0.251061, Best Rate: 0.3
Fault: [0,3,2,3,4,5], logL: -18.351634, Exp of LogL: 0.000000, Normalized LogL: -1.411664, Exp of Normalized LogL: 0.243737, Best Rate: 0.3

========= ADAPTIVE MC DEBUG =========
Total calls: 130
Avg tries: 405.77
Confidence stops: 130
Max stops: 0
Max stop rate: 0.000
Real Fault Rank 3
===== SEED 48 | FR=0.3 | VR=80 =====
executing with fault mode: [0,2,2,3,4,5]

Fault scores (higher is better):
Fault: [0,4,2,3,4,5], logL: -16.555065, Exp of LogL: 0.000000, Normalized LogL: -0.973827, Exp of Normalized LogL: 0.377635, Best Rate: 0.3
Fault: [0,5,2,3,4,5], logL: -16.555065, Exp of LogL: 0.000000, Normalized LogL: -0.973827, Exp of Normalized LogL: 0.377635, Best Rate: 0.3
Fault: [0,2,2,3,4,5], logL: -16.555065, Exp of LogL: 0.000000, Normalized LogL: -0.973827, Exp of Normalized LogL: 0.377635, Best Rate: 0.3
Fault: [0,2,2,3,1,5], logL: -16.861590, Exp of LogL: 0.000000, Normalized LogL: -0.991858, Exp of Normalized LogL: 0.370887, Best Rate: 0.3
Fault: [0,2,2,3,0,5], logL: -16.861590, Exp of LogL: 0.000000, Normalized LogL: -0.991858, Exp of Normalized LogL: 0.370887, Best Rate: 0.3
Fault: [0,2,2,3,2,5], logL: -16.861590, Exp of LogL: 0.000000, Normalized LogL: -0.991858, Exp of Normalized LogL: 0.370887, Best Rate: 0.3
Fault: [0,2,2,3,5,5], logL: -16.861590, Exp of LogL: 0.000000, Normalized LogL: -0.991858, Exp of Normalized LogL: 0.370887, Best Rate: 0.3
Fault: [0,1,2,3,4,5], logL: -17.749293, Exp of LogL: 0.000000, Normalized LogL: -1.044076, Exp of Normalized LogL: 0.352017, Best Rate: 0.3
Fault: [0,0,2,3,4,5], logL: -18.365215, Exp of LogL: 0.000000, Normalized LogL: -1.080307, Exp of Normalized LogL: 0.339491, Best Rate: 0.3
Fault: [0,3,2,3,4,5], logL: -18.804523, Exp of LogL: 0.000000, Normalized LogL: -1.106148, Exp of Normalized LogL: 0.330831, Best Rate: 0.3

========= ADAPTIVE MC DEBUG =========
Total calls: 170
Avg tries: 454.41
Confidence stops: 170
Max stops: 0
Max stop rate: 0.000
Real Fault Rank 3
===== SEED 48 | FR=0.3 | VR=100 =====
executing with fault mode: [0,2,2,3,4,5]

Fault scores (higher is better):
Fault: [0,4,2,3,4,5], logL: -18.718762, Exp of LogL: 0.000000, Normalized LogL: -0.850853, Exp of Normalized LogL: 0.427051, Best Rate: 0.3
Fault: [0,5,2,3,4,5], logL: -18.718762, Exp of LogL: 0.000000, Normalized LogL: -0.850853, Exp of Normalized LogL: 0.427051, Best Rate: 0.3
Fault: [0,2,2,3,4,5], logL: -18.718762, Exp of LogL: 0.000000, Normalized LogL: -0.850853, Exp of Normalized LogL: 0.427051, Best Rate: 0.3
Fault: [0,2,2,3,1,5], logL: -19.025287, Exp of LogL: 0.000000, Normalized LogL: -0.864786, Exp of Normalized LogL: 0.421142, Best Rate: 0.3
Fault: [0,2,2,3,0,5], logL: -19.025287, Exp of LogL: 0.000000, Normalized LogL: -0.864786, Exp of Normalized LogL: 0.421142, Best Rate: 0.3
Fault: [0,2,2,3,2,5], logL: -19.025287, Exp of LogL: 0.000000, Normalized LogL: -0.864786, Exp of Normalized LogL: 0.421142, Best Rate: 0.3
Fault: [0,2,2,3,5,5], logL: -19.025287, Exp of LogL: 0.000000, Normalized LogL: -0.864786, Exp of Normalized LogL: 0.421142, Best Rate: 0.3
Fault: [0,1,2,3,4,5], logL: -19.854969, Exp of LogL: 0.000000, Normalized LogL: -0.902499, Exp of Normalized LogL: 0.405555, Best Rate: 0.3
Fault: [0,0,2,3,4,5], logL: -20.632854, Exp of LogL: 0.000000, Normalized LogL: -0.937857, Exp of Normalized LogL: 0.391466, Best Rate: 0.3
Fault: [0,3,2,3,4,5], logL: -21.028043, Exp of LogL: 0.000000, Normalized LogL: -0.955820, Exp of Normalized LogL: 0.384497, Best Rate: 0.3

========= ADAPTIVE MC DEBUG =========
Total calls: 220
Avg tries: 470.91
Confidence stops: 220
Max stops: 0
Max stop rate: 0.000
Real Fault Rank 3
================= 22/08/2026 04:59:15: SEED 48 END =================
================= 22/08/2026 04:59:15: SEED 49 (47/100), a*=3 fault=[0,1,2,0,4,5] START =================
===== SEED 49 | FR=0.3 | VR=20 =====
executing with fault mode: [0,1,2,0,4,5]

Fault scores (higher is better):
Fault: [0,1,2,0,5,5], logL: -12.443102, Exp of LogL: 0.000004, Normalized LogL: -2.073850, Exp of Normalized LogL: 0.125701, Best Rate: 0.3
Fault: [0,1,2,0,3,5], logL: -12.443102, Exp of LogL: 0.000004, Normalized LogL: -2.073850, Exp of Normalized LogL: 0.125701, Best Rate: 0.3
Fault: [0,1,2,0,2,5], logL: -12.465122, Exp of LogL: 0.000004, Normalized LogL: -2.077520, Exp of Normalized LogL: 0.125240, Best Rate: 0.3
Fault: [0,1,2,0,0,5], logL: -12.467221, Exp of LogL: 0.000004, Normalized LogL: -2.077870, Exp of Normalized LogL: 0.125197, Best Rate: 0.3
Fault: [0,1,2,0,4,5], logL: -12.795200, Exp of LogL: 0.000003, Normalized LogL: -2.132533, Exp of Normalized LogL: 0.118537, Best Rate: 0.3
Fault: [0,1,2,3,4,5], logL: -12.853572, Exp of LogL: 0.000003, Normalized LogL: -2.142262, Exp of Normalized LogL: 0.117389, Best Rate: 0.3
Fault: [0,1,2,5,4,5], logL: -12.927260, Exp of LogL: 0.000002, Normalized LogL: -2.154543, Exp of Normalized LogL: 0.115956, Best Rate: 0.3
Fault: [0,1,2,4,4,5], logL: -12.927260, Exp of LogL: 0.000002, Normalized LogL: -2.154543, Exp of Normalized LogL: 0.115956, Best Rate: 0.3
Fault: [0,1,2,2,4,5], logL: -12.947062, Exp of LogL: 0.000002, Normalized LogL: -2.157844, Exp of Normalized LogL: 0.115574, Best Rate: 0.3
Fault: [0,1,2,1,4,5], logL: -13.005539, Exp of LogL: 0.000002, Normalized LogL: -2.167590, Exp of Normalized LogL: 0.114453, Best Rate: 0.3

========= ADAPTIVE MC DEBUG =========
Total calls: 60
Avg tries: 343.33
Confidence stops: 60
Max stops: 0
Max stop rate: 0.000
Real Fault Rank 5
===== SEED 49 | FR=0.3 | VR=40 =====
executing with fault mode: [0,1,2,0,4,5]

Fault scores (higher is better):
Fault: [0,1,2,0,5,5], logL: -14.058524, Exp of LogL: 0.000001, Normalized LogL: -1.278048, Exp of Normalized LogL: 0.278581, Best Rate: 0.3
Fault: [0,1,2,0,3,5], logL: -14.058524, Exp of LogL: 0.000001, Normalized LogL: -1.278048, Exp of Normalized LogL: 0.278581, Best Rate: 0.3
Fault: [0,1,2,0,4,5], logL: -14.314248, Exp of LogL: 0.000001, Normalized LogL: -1.301295, Exp of Normalized LogL: 0.272179, Best Rate: 0.3
Fault: [0,1,2,0,0,5], logL: -14.455502, Exp of LogL: 0.000001, Normalized LogL: -1.314137, Exp of Normalized LogL: 0.268706, Best Rate: 0.3
Fault: [0,1,2,0,2,5], logL: -14.559299, Exp of LogL: 0.000000, Normalized LogL: -1.323573, Exp of Normalized LogL: 0.266183, Best Rate: 0.3
Fault: [0,1,2,3,4,5], logL: -15.193249, Exp of LogL: 0.000000, Normalized LogL: -1.381204, Exp of Normalized LogL: 0.251276, Best Rate: 0.3
Fault: [0,1,2,1,4,5], logL: -15.319687, Exp of LogL: 0.000000, Normalized LogL: -1.392699, Exp of Normalized LogL: 0.248404, Best Rate: 0.3
Fault: [0,1,2,2,4,5], logL: -15.762458, Exp of LogL: 0.000000, Normalized LogL: -1.432951, Exp of Normalized LogL: 0.238604, Best Rate: 0.3
Fault: [0,1,2,5,4,5], logL: -15.989890, Exp of LogL: 0.000000, Normalized LogL: -1.453626, Exp of Normalized LogL: 0.233721, Best Rate: 0.3
Fault: [0,1,2,4,4,5], logL: -15.989890, Exp of LogL: 0.000000, Normalized LogL: -1.453626, Exp of Normalized LogL: 0.233721, Best Rate: 0.3

========= ADAPTIVE MC DEBUG =========
Total calls: 110
Avg tries: 475.00
Confidence stops: 110
Max stops: 0
Max stop rate: 0.000
Real Fault Rank 3
===== SEED 49 | FR=0.3 | VR=60 =====
executing with fault mode: [0,1,2,0,4,5]

Fault scores (higher is better):
Fault: [0,1,2,0,5,5], logL: -42.613257, Exp of LogL: 0.000000, Normalized LogL: -2.663329, Exp of Normalized LogL: 0.069716, Best Rate: 0.3
Fault: [0,1,2,0,3,5], logL: -42.613257, Exp of LogL: 0.000000, Normalized LogL: -2.663329, Exp of Normalized LogL: 0.069716, Best Rate: 0.3
Fault: [0,1,2,0,4,5], logL: -42.876273, Exp of LogL: 0.000000, Normalized LogL: -2.679767, Exp of Normalized LogL: 0.068579, Best Rate: 0.3
Fault: [0,1,2,0,0,5], logL: -43.010236, Exp of LogL: 0.000000, Normalized LogL: -2.688140, Exp of Normalized LogL: 0.068007, Best Rate: 0.3
Fault: [0,1,2,0,2,5], logL: -43.114033, Exp of LogL: 0.000000, Normalized LogL: -2.694627, Exp of Normalized LogL: 0.067568, Best Rate: 0.3
Fault: [0,1,2,3,4,5], logL: -44.387695, Exp of LogL: 0.000000, Normalized LogL: -2.774231, Exp of Normalized LogL: 0.062397, Best Rate: 0.3
Fault: [0,1,2,2,4,5], logL: -45.145984, Exp of LogL: 0.000000, Normalized LogL: -2.821624, Exp of Normalized LogL: 0.059509, Best Rate: 0.3
Fault: [0,1,2,1,4,5], logL: -45.725664, Exp of LogL: 0.000000, Normalized LogL: -2.857854, Exp of Normalized LogL: 0.057392, Best Rate: 0.3
Fault: [0,1,2,5,4,5], logL: -46.239547, Exp of LogL: 0.000000, Normalized LogL: -2.889972, Exp of Normalized LogL: 0.055578, Best Rate: 0.3
Fault: [0,1,2,4,4,5], logL: -46.239547, Exp of LogL: 0.000000, Normalized LogL: -2.889972, Exp of Normalized LogL: 0.055578, Best Rate: 0.3

========= ADAPTIVE MC DEBUG =========
Total calls: 160
Avg tries: 459.38
Confidence stops: 160
Max stops: 0
Max stop rate: 0.000
Real Fault Rank 3
===== SEED 49 | FR=0.3 | VR=80 =====
executing with fault mode: [0,1,2,0,4,5]

Fault scores (higher is better):
Fault: [0,1,2,0,5,5], logL: -46.343789, Exp of LogL: 0.000000, Normalized LogL: -2.206847, Exp of Normalized LogL: 0.110047, Best Rate: 0.3
Fault: [0,1,2,0,3,5], logL: -46.343789, Exp of LogL: 0.000000, Normalized LogL: -2.206847, Exp of Normalized LogL: 0.110047, Best Rate: 0.3
Fault: [0,1,2,0,4,5], logL: -47.175654, Exp of LogL: 0.000000, Normalized LogL: -2.246460, Exp of Normalized LogL: 0.105773, Best Rate: 0.3
Fault: [0,1,2,0,0,5], logL: -47.180037, Exp of LogL: 0.000000, Normalized LogL: -2.246668, Exp of Normalized LogL: 0.105751, Best Rate: 0.3
Fault: [0,1,2,0,2,5], logL: -47.442401, Exp of LogL: 0.000000, Normalized LogL: -2.259162, Exp of Normalized LogL: 0.104438, Best Rate: 0.3
Fault: [0,1,2,3,4,5], logL: -47.890615, Exp of LogL: 0.000000, Normalized LogL: -2.280505, Exp of Normalized LogL: 0.102233, Best Rate: 0.3
Fault: [0,1,2,1,4,5], logL: -48.632847, Exp of LogL: 0.000000, Normalized LogL: -2.315850, Exp of Normalized LogL: 0.098682, Best Rate: 0.3
Fault: [0,1,2,2,4,5], logL: -48.935123, Exp of LogL: 0.000000, Normalized LogL: -2.330244, Exp of Normalized LogL: 0.097272, Best Rate: 0.3
Fault: [0,1,2,5,4,5], logL: -50.028685, Exp of LogL: 0.000000, Normalized LogL: -2.382318, Exp of Normalized LogL: 0.092336, Best Rate: 0.3
Fault: [0,1,2,4,4,5], logL: -50.028685, Exp of LogL: 0.000000, Normalized LogL: -2.382318, Exp of Normalized LogL: 0.092336, Best Rate: 0.3

========= ADAPTIVE MC DEBUG =========
Total calls: 210
Avg tries: 446.43
Confidence stops: 210
Max stops: 0
Max stop rate: 0.000
Real Fault Rank 3
===== SEED 49 | FR=0.3 | VR=100 =====
executing with fault mode: [0,1,2,0,4,5]

Fault scores (higher is better):
Fault: [0,1,2,0,4,5], logL: -24.091445, Exp of LogL: 0.000000, Normalized LogL: -0.892276, Exp of Normalized LogL: 0.409722, Best Rate: 0.3
Fault: [0,1,2,0,0,5], logL: -24.422731, Exp of LogL: 0.000000, Normalized LogL: -0.904546, Exp of Normalized LogL: 0.404726, Best Rate: 0.3
Fault: [0,1,2,0,5,5], logL: -24.422731, Exp of LogL: 0.000000, Normalized LogL: -0.904546, Exp of Normalized LogL: 0.404726, Best Rate: 0.3
Fault: [0,1,2,0,3,5], logL: -24.422731, Exp of LogL: 0.000000, Normalized LogL: -0.904546, Exp of Normalized LogL: 0.404726, Best Rate: 0.3
Fault: [0,1,2,0,2,5], logL: -24.422731, Exp of LogL: 0.000000, Normalized LogL: -0.904546, Exp of Normalized LogL: 0.404726, Best Rate: 0.3
Fault: [0,1,2,3,4,5], logL: -24.769478, Exp of LogL: 0.000000, Normalized LogL: -0.917388, Exp of Normalized LogL: 0.399561, Best Rate: 0.3
Fault: [0,1,2,1,4,5], logL: -25.615657, Exp of LogL: 0.000000, Normalized LogL: -0.948728, Exp of Normalized LogL: 0.387233, Best Rate: 0.3
Fault: [0,1,2,2,4,5], logL: -25.917932, Exp of LogL: 0.000000, Normalized LogL: -0.959923, Exp of Normalized LogL: 0.382922, Best Rate: 0.3
Fault: [0,1,2,5,4,5], logL: -27.011495, Exp of LogL: 0.000000, Normalized LogL: -1.000426, Exp of Normalized LogL: 0.367723, Best Rate: 0.3
Fault: [0,1,2,4,4,5], logL: -27.011495, Exp of LogL: 0.000000, Normalized LogL: -1.000426, Exp of Normalized LogL: 0.367723, Best Rate: 0.3

========= ADAPTIVE MC DEBUG =========
Total calls: 270
Avg tries: 459.44
Confidence stops: 270
Max stops: 0
Max stop rate: 0.000
Real Fault Rank 1
================= 22/08/2026 04:59:58: SEED 49 END =================
================= 22/08/2026 04:59:58: SEED 50 (48/100), a*=0 fault=[2,1,2,3,4,5] START =================
===== SEED 50 | FR=0.3 | VR=20 =====
executing with fault mode: [2,1,2,3,4,5]

executing with fault mode: [2,1,2,3,4,5]

Fault scores (higher is better):
Fault: [2,1,2,3,4,5], logL: -41.686165, Exp of LogL: 0.000000, Normalized LogL: -4.631796, Exp of Normalized LogL: 0.009737, Best Rate: 0.3
Fault: [2,1,1,3,4,5], logL: -41.783125, Exp of LogL: 0.000000, Normalized LogL: -4.642569, Exp of Normalized LogL: 0.009633, Best Rate: 0.3
Fault: [2,1,0,3,4,5], logL: -41.997136, Exp of LogL: 0.000000, Normalized LogL: -4.666348, Exp of Normalized LogL: 0.009407, Best Rate: 0.3
Fault: [2,1,3,3,4,5], logL: -42.046110, Exp of LogL: 0.000000, Normalized LogL: -4.671790, Exp of Normalized LogL: 0.009356, Best Rate: 0.3
Fault: [2,1,4,3,4,5], logL: -42.097607, Exp of LogL: 0.000000, Normalized LogL: -4.677512, Exp of Normalized LogL: 0.009302, Best Rate: 0.3
Fault: [4,1,2,3,4,5], logL: -42.366105, Exp of LogL: 0.000000, Normalized LogL: -4.707345, Exp of Normalized LogL: 0.009029, Best Rate: 0.3
Fault: [5,1,2,3,4,5], logL: -42.366105, Exp of LogL: 0.000000, Normalized LogL: -4.707345, Exp of Normalized LogL: 0.009029, Best Rate: 0.3
Fault: [1,1,2,3,4,5], logL: -43.043700, Exp of LogL: 0.000000, Normalized LogL: -4.782633, Exp of Normalized LogL: 0.008374, Best Rate: 0.3
Fault: [3,1,2,3,4,5], logL: -43.115342, Exp of LogL: 0.000000, Normalized LogL: -4.790594, Exp of Normalized LogL: 0.008308, Best Rate: 0.3
Fault: [0,1,2,3,4,5], logL: -43.996624, Exp of LogL: 0.000000, Normalized LogL: -4.888514, Exp of Normalized LogL: 0.007533, Best Rate: 0.3

========= ADAPTIVE MC DEBUG =========
Total calls: 90
Avg tries: 332.78
Confidence stops: 90
Max stops: 0
Max stop rate: 0.000
Real Fault Rank 1
===== SEED 50 | FR=0.3 | VR=40 =====
executing with fault mode: [2,1,2,3,4,5]

executing with fault mode: [2,1,2,3,4,5]

Fault scores (higher is better):
Fault: [2,1,2,3,4,5], logL: -26.534258, Exp of LogL: 0.000000, Normalized LogL: -1.560839, Exp of Normalized LogL: 0.209960, Best Rate: 0.3
Fault: [2,1,1,3,4,5], logL: -26.602231, Exp of LogL: 0.000000, Normalized LogL: -1.564837, Exp of Normalized LogL: 0.209122, Best Rate: 0.3
Fault: [2,1,0,3,4,5], logL: -26.816242, Exp of LogL: 0.000000, Normalized LogL: -1.577426, Exp of Normalized LogL: 0.206506, Best Rate: 0.3
Fault: [2,1,3,3,4,5], logL: -26.835363, Exp of LogL: 0.000000, Normalized LogL: -1.578551, Exp of Normalized LogL: 0.206274, Best Rate: 0.3
Fault: [2,1,4,3,4,5], logL: -26.886860, Exp of LogL: 0.000000, Normalized LogL: -1.581580, Exp of Normalized LogL: 0.205650, Best Rate: 0.3
Fault: [4,1,2,3,4,5], logL: -27.924111, Exp of LogL: 0.000000, Normalized LogL: -1.642595, Exp of Normalized LogL: 0.193477, Best Rate: 0.3
Fault: [5,1,2,3,4,5], logL: -27.924111, Exp of LogL: 0.000000, Normalized LogL: -1.642595, Exp of Normalized LogL: 0.193477, Best Rate: 0.3
Fault: [3,1,2,3,4,5], logL: -29.683081, Exp of LogL: 0.000000, Normalized LogL: -1.746064, Exp of Normalized LogL: 0.174459, Best Rate: 0.3
Fault: [1,1,2,3,4,5], logL: -30.239203, Exp of LogL: 0.000000, Normalized LogL: -1.778777, Exp of Normalized LogL: 0.168845, Best Rate: 0.3
Fault: [0,1,2,3,4,5], logL: -30.287332, Exp of LogL: 0.000000, Normalized LogL: -1.781608, Exp of Normalized LogL: 0.168367, Best Rate: 0.3

========= ADAPTIVE MC DEBUG =========
Total calls: 170
Avg tries: 424.12
Confidence stops: 170
Max stops: 0
Max stop rate: 0.000
Real Fault Rank 1
===== SEED 50 | FR=0.3 | VR=60 =====
executing with fault mode: [2,1,2,3,4,5]

executing with fault mode: [2,1,2,3,4,5]

Fault scores (higher is better):
Fault: [2,1,2,3,4,5], logL: -30.692206, Exp of LogL: 0.000000, Normalized LogL: -1.227688, Exp of Normalized LogL: 0.292969, Best Rate: 0.3
Fault: [2,1,0,3,4,5], logL: -30.935860, Exp of LogL: 0.000000, Normalized LogL: -1.237434, Exp of Normalized LogL: 0.290128, Best Rate: 0.3
Fault: [2,1,1,3,4,5], logL: -30.938877, Exp of LogL: 0.000000, Normalized LogL: -1.237555, Exp of Normalized LogL: 0.290093, Best Rate: 0.3
Fault: [2,1,4,3,4,5], logL: -31.015903, Exp of LogL: 0.000000, Normalized LogL: -1.240636, Exp of Normalized LogL: 0.289200, Best Rate: 0.3
Fault: [2,1,3,3,4,5], logL: -31.015903, Exp of LogL: 0.000000, Normalized LogL: -1.240636, Exp of Normalized LogL: 0.289200, Best Rate: 0.3
Fault: [4,1,2,3,4,5], logL: -32.382114, Exp of LogL: 0.000000, Normalized LogL: -1.295285, Exp of Normalized LogL: 0.273820, Best Rate: 0.3
Fault: [5,1,2,3,4,5], logL: -32.382114, Exp of LogL: 0.000000, Normalized LogL: -1.295285, Exp of Normalized LogL: 0.273820, Best Rate: 0.3
Fault: [0,1,2,3,4,5], logL: -34.421636, Exp of LogL: 0.000000, Normalized LogL: -1.376865, Exp of Normalized LogL: 0.252368, Best Rate: 0.3
Fault: [3,1,2,3,4,5], logL: -35.312845, Exp of LogL: 0.000000, Normalized LogL: -1.412514, Exp of Normalized LogL: 0.243530, Best Rate: 0.3
Fault: [1,1,2,3,4,5], logL: -35.655254, Exp of LogL: 0.000000, Normalized LogL: -1.426210, Exp of Normalized LogL: 0.240218, Best Rate: 0.3

========= ADAPTIVE MC DEBUG =========
Total calls: 250
Avg tries: 458.80
Confidence stops: 250
Max stops: 0
Max stop rate: 0.000
Real Fault Rank 1
===== SEED 50 | FR=0.3 | VR=80 =====
executing with fault mode: [2,1,2,3,4,5]

executing with fault mode: [2,1,2,3,4,5]

Fault scores (higher is better):
Fault: [2,1,2,3,4,5], logL: -35.203724, Exp of LogL: 0.000000, Normalized LogL: -1.066780, Exp of Normalized LogL: 0.344115, Best Rate: 0.3
Fault: [2,1,0,3,4,5], logL: -35.447379, Exp of LogL: 0.000000, Normalized LogL: -1.074163, Exp of Normalized LogL: 0.341584, Best Rate: 0.3
Fault: [2,1,1,3,4,5], logL: -35.450396, Exp of LogL: 0.000000, Normalized LogL: -1.074254, Exp of Normalized LogL: 0.341552, Best Rate: 0.3
Fault: [2,1,4,3,4,5], logL: -35.527422, Exp of LogL: 0.000000, Normalized LogL: -1.076589, Exp of Normalized LogL: 0.340756, Best Rate: 0.3
Fault: [2,1,3,3,4,5], logL: -35.527422, Exp of LogL: 0.000000, Normalized LogL: -1.076589, Exp of Normalized LogL: 0.340756, Best Rate: 0.3
Fault: [4,1,2,3,4,5], logL: -38.582473, Exp of LogL: 0.000000, Normalized LogL: -1.169166, Exp of Normalized LogL: 0.310626, Best Rate: 0.3
Fault: [5,1,2,3,4,5], logL: -38.582473, Exp of LogL: 0.000000, Normalized LogL: -1.169166, Exp of Normalized LogL: 0.310626, Best Rate: 0.3
Fault: [0,1,2,3,4,5], logL: -39.156209, Exp of LogL: 0.000000, Normalized LogL: -1.186552, Exp of Normalized LogL: 0.305272, Best Rate: 0.3
Fault: [1,1,2,3,4,5], logL: -40.547199, Exp of LogL: 0.000000, Normalized LogL: -1.228703, Exp of Normalized LogL: 0.292672, Best Rate: 0.3
Fault: [3,1,2,3,4,5], logL: -42.160538, Exp of LogL: 0.000000, Normalized LogL: -1.277592, Exp of Normalized LogL: 0.278708, Best Rate: 0.3

========= ADAPTIVE MC DEBUG =========
Total calls: 330
Avg tries: 478.03
Confidence stops: 330
Max stops: 0
Max stop rate: 0.000
Real Fault Rank 1
===== SEED 50 | FR=0.3 | VR=100 =====
executing with fault mode: [2,1,2,3,4,5]

executing with fault mode: [2,1,2,3,4,5]

Fault scores (higher is better):
Fault: [2,1,2,3,4,5], logL: -39.807010, Exp of LogL: 0.000000, Normalized LogL: -0.947786, Exp of Normalized LogL: 0.387598, Best Rate: 0.3
Fault: [2,1,0,3,4,5], logL: -40.050664, Exp of LogL: 0.000000, Normalized LogL: -0.953587, Exp of Normalized LogL: 0.385356, Best Rate: 0.3
Fault: [2,1,1,3,4,5], logL: -40.053681, Exp of LogL: 0.000000, Normalized LogL: -0.953659, Exp of Normalized LogL: 0.385328, Best Rate: 0.3
Fault: [2,1,4,3,4,5], logL: -40.130707, Exp of LogL: 0.000000, Normalized LogL: -0.955493, Exp of Normalized LogL: 0.384622, Best Rate: 0.3
Fault: [2,1,3,3,4,5], logL: -40.130707, Exp of LogL: 0.000000, Normalized LogL: -0.955493, Exp of Normalized LogL: 0.384622, Best Rate: 0.3
Fault: [4,1,2,3,4,5], logL: -42.747185, Exp of LogL: 0.000000, Normalized LogL: -1.017790, Exp of Normalized LogL: 0.361393, Best Rate: 0.3
Fault: [5,1,2,3,4,5], logL: -42.747185, Exp of LogL: 0.000000, Normalized LogL: -1.017790, Exp of Normalized LogL: 0.361393, Best Rate: 0.3
Fault: [0,1,2,3,4,5], logL: -44.406975, Exp of LogL: 0.000000, Normalized LogL: -1.057309, Exp of Normalized LogL: 0.347389, Best Rate: 0.3
Fault: [1,1,2,3,4,5], logL: -47.160744, Exp of LogL: 0.000000, Normalized LogL: -1.122875, Exp of Normalized LogL: 0.325343, Best Rate: 0.3
Fault: [3,1,2,3,4,5], logL: -49.067356, Exp of LogL: 0.000000, Normalized LogL: -1.168270, Exp of Normalized LogL: 0.310904, Best Rate: 0.3

========= ADAPTIVE MC DEBUG =========
Total calls: 420
Avg tries: 476.07
Confidence stops: 420
Max stops: 0
Max stop rate: 0.000
Real Fault Rank 1
================= 22/08/2026 05:01:04: SEED 50 END =================
================= 22/08/2026 05:01:04: SEED 51 (49/100), a*=2 fault=[0,1,5,3,4,5] START =================
===== SEED 51 | FR=0.3 | VR=20 =====
executing with fault mode: [0,1,5,3,4,5]

executing with fault mode: [0,1,5,3,4,5]

executing with fault mode: [0,1,5,3,4,5]

Fault scores (higher is better):
Fault: [0,1,5,3,5,5], logL: -5.494768, Exp of LogL: 0.004108, Normalized LogL: -1.373692, Exp of Normalized LogL: 0.253171, Best Rate: 0.3
Fault: [0,1,5,3,1,5], logL: -5.494768, Exp of LogL: 0.004108, Normalized LogL: -1.373692, Exp of Normalized LogL: 0.253171, Best Rate: 0.3
Fault: [0,1,5,3,2,5], logL: -5.494768, Exp of LogL: 0.004108, Normalized LogL: -1.373692, Exp of Normalized LogL: 0.253171, Best Rate: 0.3
Fault: [0,1,2,3,4,5], logL: -5.647347, Exp of LogL: 0.003527, Normalized LogL: -1.411837, Exp of Normalized LogL: 0.243695, Best Rate: 0.3
Fault: [0,1,4,3,4,5], logL: -5.647347, Exp of LogL: 0.003527, Normalized LogL: -1.411837, Exp of Normalized LogL: 0.243695, Best Rate: 0.3
Fault: [0,1,5,3,4,5], logL: -5.647347, Exp of LogL: 0.003527, Normalized LogL: -1.411837, Exp of Normalized LogL: 0.243695, Best Rate: 0.3
Fault: [0,1,1,3,4,5], logL: -5.673323, Exp of LogL: 0.003436, Normalized LogL: -1.418331, Exp of Normalized LogL: 0.242118, Best Rate: 0.3
Fault: [0,1,5,3,0,5], logL: -5.673323, Exp of LogL: 0.003436, Normalized LogL: -1.418331, Exp of Normalized LogL: 0.242118, Best Rate: 0.3
Fault: [0,1,3,3,4,5], logL: -5.761291, Exp of LogL: 0.003147, Normalized LogL: -1.440323, Exp of Normalized LogL: 0.236851, Best Rate: 0.3
Fault: [0,1,0,3,4,5], logL: -5.761291, Exp of LogL: 0.003147, Normalized LogL: -1.440323, Exp of Normalized LogL: 0.236851, Best Rate: 0.3

========= ADAPTIVE MC DEBUG =========
Total calls: 40
Avg tries: 413.75
Confidence stops: 40
Max stops: 0
Max stop rate: 0.000
Real Fault Rank 6
===== SEED 51 | FR=0.3 | VR=40 =====
executing with fault mode: [0,1,5,3,4,5]

executing with fault mode: [0,1,5,3,4,5]

executing with fault mode: [0,1,5,3,4,5]

Fault scores (higher is better):
Fault: [0,1,1,3,4,5], logL: -9.051080, Exp of LogL: 0.000117, Normalized LogL: -1.293011, Exp of Normalized LogL: 0.274443, Best Rate: 0.3
Fault: [0,1,2,3,4,5], logL: -9.980854, Exp of LogL: 0.000046, Normalized LogL: -1.425836, Exp of Normalized LogL: 0.240307, Best Rate: 0.3
Fault: [0,1,5,3,5,5], logL: -10.144415, Exp of LogL: 0.000039, Normalized LogL: -1.449202, Exp of Normalized LogL: 0.234758, Best Rate: 0.3
Fault: [0,1,5,3,1,5], logL: -10.144415, Exp of LogL: 0.000039, Normalized LogL: -1.449202, Exp of Normalized LogL: 0.234758, Best Rate: 0.3
Fault: [0,1,5,3,2,5], logL: -10.144415, Exp of LogL: 0.000039, Normalized LogL: -1.449202, Exp of Normalized LogL: 0.234758, Best Rate: 0.3
Fault: [0,1,4,3,4,5], logL: -10.187433, Exp of LogL: 0.000038, Normalized LogL: -1.455348, Exp of Normalized LogL: 0.233319, Best Rate: 0.3
Fault: [0,1,5,3,4,5], logL: -10.187433, Exp of LogL: 0.000038, Normalized LogL: -1.455348, Exp of Normalized LogL: 0.233319, Best Rate: 0.3
Fault: [0,1,3,3,4,5], logL: -10.255053, Exp of LogL: 0.000035, Normalized LogL: -1.465008, Exp of Normalized LogL: 0.231076, Best Rate: 0.3
Fault: [0,1,5,3,0,5], logL: -10.336104, Exp of LogL: 0.000032, Normalized LogL: -1.476586, Exp of Normalized LogL: 0.228416, Best Rate: 0.3
Fault: [0,1,0,3,4,5], logL: -10.555157, Exp of LogL: 0.000026, Normalized LogL: -1.507880, Exp of Normalized LogL: 0.221379, Best Rate: 0.3

========= ADAPTIVE MC DEBUG =========
Total calls: 70
Avg tries: 390.71
Confidence stops: 70
Max stops: 0
Max stop rate: 0.000
Real Fault Rank 7
===== SEED 51 | FR=0.3 | VR=60 =====
executing with fault mode: [0,1,5,3,4,5]

executing with fault mode: [0,1,5,3,4,5]

executing with fault mode: [0,1,5,3,4,5]

Fault scores (higher is better):
Fault: [0,1,1,3,4,5], logL: -11.903326, Exp of LogL: 0.000007, Normalized LogL: -1.082121, Exp of Normalized LogL: 0.338876, Best Rate: 0.3
Fault: [0,1,2,3,4,5], logL: -12.757592, Exp of LogL: 0.000003, Normalized LogL: -1.159781, Exp of Normalized LogL: 0.313555, Best Rate: 0.3
Fault: [0,1,5,3,5,5], logL: -12.998989, Exp of LogL: 0.000002, Normalized LogL: -1.181726, Exp of Normalized LogL: 0.306749, Best Rate: 0.3
Fault: [0,1,5,3,1,5], logL: -12.998989, Exp of LogL: 0.000002, Normalized LogL: -1.181726, Exp of Normalized LogL: 0.306749, Best Rate: 0.3
Fault: [0,1,5,3,2,5], logL: -12.998989, Exp of LogL: 0.000002, Normalized LogL: -1.181726, Exp of Normalized LogL: 0.306749, Best Rate: 0.3
Fault: [0,1,4,3,4,5], logL: -13.042007, Exp of LogL: 0.000002, Normalized LogL: -1.185637, Exp of Normalized LogL: 0.305551, Best Rate: 0.3
Fault: [0,1,5,3,4,5], logL: -13.042007, Exp of LogL: 0.000002, Normalized LogL: -1.185637, Exp of Normalized LogL: 0.305551, Best Rate: 0.3
Fault: [0,1,5,3,0,5], logL: -13.190678, Exp of LogL: 0.000002, Normalized LogL: -1.199153, Exp of Normalized LogL: 0.301450, Best Rate: 0.3
Fault: [0,1,3,3,4,5], logL: -13.212563, Exp of LogL: 0.000002, Normalized LogL: -1.201142, Exp of Normalized LogL: 0.300850, Best Rate: 0.3
Fault: [0,1,0,3,4,5], logL: -13.409731, Exp of LogL: 0.000002, Normalized LogL: -1.219066, Exp of Normalized LogL: 0.295506, Best Rate: 0.3

========= ADAPTIVE MC DEBUG =========
Total calls: 110
Avg tries: 435.45
Confidence stops: 110
Max stops: 0
Max stop rate: 0.000
Real Fault Rank 7
===== SEED 51 | FR=0.3 | VR=80 =====
executing with fault mode: [0,1,5,3,4,5]

executing with fault mode: [0,1,5,3,4,5]

executing with fault mode: [0,1,5,3,4,5]

Fault scores (higher is better):
Fault: [0,1,1,3,4,5], logL: -13.429050, Exp of LogL: 0.000001, Normalized LogL: -0.959218, Exp of Normalized LogL: 0.383192, Best Rate: 0.3
Fault: [0,1,4,3,4,5], logL: -13.568964, Exp of LogL: 0.000001, Normalized LogL: -0.969212, Exp of Normalized LogL: 0.379382, Best Rate: 0.3
Fault: [0,1,5,3,4,5], logL: -13.568964, Exp of LogL: 0.000001, Normalized LogL: -0.969212, Exp of Normalized LogL: 0.379382, Best Rate: 0.3
Fault: [0,1,2,3,4,5], logL: -13.864368, Exp of LogL: 0.000001, Normalized LogL: -0.990312, Exp of Normalized LogL: 0.371461, Best Rate: 0.3
Fault: [0,1,5,3,5,5], logL: -13.958495, Exp of LogL: 0.000001, Normalized LogL: -0.997035, Exp of Normalized LogL: 0.368972, Best Rate: 0.3
Fault: [0,1,5,3,1,5], logL: -13.958495, Exp of LogL: 0.000001, Normalized LogL: -0.997035, Exp of Normalized LogL: 0.368972, Best Rate: 0.3
Fault: [0,1,5,3,2,5], logL: -13.958495, Exp of LogL: 0.000001, Normalized LogL: -0.997035, Exp of Normalized LogL: 0.368972, Best Rate: 0.3
Fault: [0,1,5,3,0,5], logL: -13.958495, Exp of LogL: 0.000001, Normalized LogL: -0.997035, Exp of Normalized LogL: 0.368972, Best Rate: 0.3
Fault: [0,1,3,3,4,5], logL: -14.332822, Exp of LogL: 0.000001, Normalized LogL: -1.023773, Exp of Normalized LogL: 0.359237, Best Rate: 0.3
Fault: [0,1,0,3,4,5], logL: -14.529990, Exp of LogL: 0.000000, Normalized LogL: -1.037856, Exp of Normalized LogL: 0.354213, Best Rate: 0.3

========= ADAPTIVE MC DEBUG =========
Total calls: 140
Avg tries: 463.57
Confidence stops: 140
Max stops: 0
Max stop rate: 0.000
Real Fault Rank 3
===== SEED 51 | FR=0.3 | VR=100 =====
executing with fault mode: [0,1,5,3,4,5]

executing with fault mode: [0,1,5,3,4,5]

executing with fault mode: [0,1,5,3,4,5]

Fault scores (higher is better):
Fault: [0,1,4,3,4,5], logL: -14.106241, Exp of LogL: 0.000001, Normalized LogL: -0.783680, Exp of Normalized LogL: 0.456722, Best Rate: 0.3
Fault: [0,1,5,3,4,5], logL: -14.106241, Exp of LogL: 0.000001, Normalized LogL: -0.783680, Exp of Normalized LogL: 0.456722, Best Rate: 0.3
Fault: [0,1,5,3,5,5], logL: -14.388604, Exp of LogL: 0.000001, Normalized LogL: -0.799367, Exp of Normalized LogL: 0.449614, Best Rate: 0.3
Fault: [0,1,5,3,1,5], logL: -14.388604, Exp of LogL: 0.000001, Normalized LogL: -0.799367, Exp of Normalized LogL: 0.449614, Best Rate: 0.3
Fault: [0,1,5,3,2,5], logL: -14.388604, Exp of LogL: 0.000001, Normalized LogL: -0.799367, Exp of Normalized LogL: 0.449614, Best Rate: 0.3
Fault: [0,1,5,3,0,5], logL: -14.388604, Exp of LogL: 0.000001, Normalized LogL: -0.799367, Exp of Normalized LogL: 0.449614, Best Rate: 0.3
Fault: [0,1,1,3,4,5], logL: -39.259928, Exp of LogL: 0.000000, Normalized LogL: -2.181107, Exp of Normalized LogL: 0.112916, Best Rate: 0.3
Fault: [0,1,2,3,4,5], logL: -39.763396, Exp of LogL: 0.000000, Normalized LogL: -2.209078, Exp of Normalized LogL: 0.109802, Best Rate: 0.3
Fault: [0,1,3,3,4,5], logL: -40.259960, Exp of LogL: 0.000000, Normalized LogL: -2.236664, Exp of Normalized LogL: 0.106814, Best Rate: 0.3
Fault: [0,1,0,3,4,5], logL: -40.386511, Exp of LogL: 0.000000, Normalized LogL: -2.243695, Exp of Normalized LogL: 0.106066, Best Rate: 0.3

========= ADAPTIVE MC DEBUG =========
Total calls: 180
Avg tries: 463.06
Confidence stops: 180
Max stops: 0
Max stop rate: 0.000
Real Fault Rank 2
================= 22/08/2026 05:01:32: SEED 51 END =================
================= 22/08/2026 05:01:32: SEED 52 (50/100), a*=0 fault=[1,1,2,3,4,5] START =================
===== SEED 52 | FR=0.3 | VR=20 =====
executing with fault mode: [1,1,2,3,4,5]

Fault scores (higher is better):
Fault: [3,1,2,3,4,5], logL: -6.791633, Exp of LogL: 0.001123, Normalized LogL: -1.697908, Exp of Normalized LogL: 0.183066, Best Rate: 0.3
Fault: [4,1,2,3,4,5], logL: -6.822643, Exp of LogL: 0.001089, Normalized LogL: -1.705661, Exp of Normalized LogL: 0.181652, Best Rate: 0.3
Fault: [5,1,2,3,4,5], logL: -6.842971, Exp of LogL: 0.001067, Normalized LogL: -1.710743, Exp of Normalized LogL: 0.180732, Best Rate: 0.3
Fault: [0,1,2,3,4,5], logL: -6.952633, Exp of LogL: 0.000956, Normalized LogL: -1.738158, Exp of Normalized LogL: 0.175844, Best Rate: 0.3
Fault: [1,1,1,3,4,5], logL: -7.023211, Exp of LogL: 0.000891, Normalized LogL: -1.755803, Exp of Normalized LogL: 0.172768, Best Rate: 0.3
Fault: [2,1,2,3,4,5], logL: -7.126198, Exp of LogL: 0.000804, Normalized LogL: -1.781550, Exp of Normalized LogL: 0.168377, Best Rate: 0.3
Fault: [1,1,2,3,4,5], logL: -7.284803, Exp of LogL: 0.000686, Normalized LogL: -1.821201, Exp of Normalized LogL: 0.161831, Best Rate: 0.3
Fault: [1,1,3,3,4,5], logL: -8.371284, Exp of LogL: 0.000231, Normalized LogL: -2.092821, Exp of Normalized LogL: 0.123339, Best Rate: 0.3
Fault: [1,1,0,3,4,5], logL: -8.371284, Exp of LogL: 0.000231, Normalized LogL: -2.092821, Exp of Normalized LogL: 0.123339, Best Rate: 0.3
Fault: [1,1,5,3,4,5], logL: -8.371284, Exp of LogL: 0.000231, Normalized LogL: -2.092821, Exp of Normalized LogL: 0.123339, Best Rate: 0.3

========= ADAPTIVE MC DEBUG =========
Total calls: 40
Avg tries: 451.25
Confidence stops: 40
Max stops: 0
Max stop rate: 0.000
Real Fault Rank 7
===== SEED 52 | FR=0.3 | VR=40 =====
executing with fault mode: [1,1,2,3,4,5]

Fault scores (higher is better):
Fault: [4,1,2,3,4,5], logL: -9.620975, Exp of LogL: 0.000066, Normalized LogL: -1.202622, Exp of Normalized LogL: 0.300406, Best Rate: 0.3
Fault: [3,1,2,3,4,5], logL: -9.620975, Exp of LogL: 0.000066, Normalized LogL: -1.202622, Exp of Normalized LogL: 0.300406, Best Rate: 0.3
Fault: [5,1,2,3,4,5], logL: -9.873289, Exp of LogL: 0.000052, Normalized LogL: -1.234161, Exp of Normalized LogL: 0.291079, Best Rate: 0.3
Fault: [0,1,2,3,4,5], logL: -10.248823, Exp of LogL: 0.000035, Normalized LogL: -1.281103, Exp of Normalized LogL: 0.277731, Best Rate: 0.3
Fault: [1,1,2,3,4,5], logL: -10.493992, Exp of LogL: 0.000028, Normalized LogL: -1.311749, Exp of Normalized LogL: 0.269349, Best Rate: 0.3
Fault: [2,1,2,3,4,5], logL: -10.612425, Exp of LogL: 0.000025, Normalized LogL: -1.326553, Exp of Normalized LogL: 0.265390, Best Rate: 0.3
Fault: [1,1,1,3,4,5], logL: -10.797499, Exp of LogL: 0.000020, Normalized LogL: -1.349687, Exp of Normalized LogL: 0.259321, Best Rate: 0.3
Fault: [1,1,3,3,4,5], logL: -10.899248, Exp of LogL: 0.000018, Normalized LogL: -1.362406, Exp of Normalized LogL: 0.256044, Best Rate: 0.3
Fault: [1,1,0,3,4,5], logL: -10.899248, Exp of LogL: 0.000018, Normalized LogL: -1.362406, Exp of Normalized LogL: 0.256044, Best Rate: 0.3
Fault: [1,1,5,3,4,5], logL: -10.899248, Exp of LogL: 0.000018, Normalized LogL: -1.362406, Exp of Normalized LogL: 0.256044, Best Rate: 0.3

========= ADAPTIVE MC DEBUG =========
Total calls: 80
Avg tries: 462.50
Confidence stops: 80
Max stops: 0
Max stop rate: 0.000
Real Fault Rank 5
===== SEED 52 | FR=0.3 | VR=60 =====
executing with fault mode: [1,1,2,3,4,5]

Fault scores (higher is better):
Fault: [4,1,2,3,4,5], logL: -10.679374, Exp of LogL: 0.000023, Normalized LogL: -0.970852, Exp of Normalized LogL: 0.378760, Best Rate: 0.3
Fault: [3,1,2,3,4,5], logL: -10.679374, Exp of LogL: 0.000023, Normalized LogL: -0.970852, Exp of Normalized LogL: 0.378760, Best Rate: 0.3
Fault: [1,1,2,3,4,5], logL: -11.130178, Exp of LogL: 0.000015, Normalized LogL: -1.011834, Exp of Normalized LogL: 0.363551, Best Rate: 0.3
Fault: [0,1,2,3,4,5], logL: -11.298552, Exp of LogL: 0.000012, Normalized LogL: -1.027141, Exp of Normalized LogL: 0.358029, Best Rate: 0.3
Fault: [1,1,1,3,4,5], logL: -11.433685, Exp of LogL: 0.000011, Normalized LogL: -1.039426, Exp of Normalized LogL: 0.353658, Best Rate: 0.3
Fault: [1,1,3,3,4,5], logL: -11.535434, Exp of LogL: 0.000010, Normalized LogL: -1.048676, Exp of Normalized LogL: 0.350401, Best Rate: 0.3
Fault: [1,1,0,3,4,5], logL: -11.535434, Exp of LogL: 0.000010, Normalized LogL: -1.048676, Exp of Normalized LogL: 0.350401, Best Rate: 0.3
Fault: [1,1,5,3,4,5], logL: -11.535434, Exp of LogL: 0.000010, Normalized LogL: -1.048676, Exp of Normalized LogL: 0.350401, Best Rate: 0.3
Fault: [2,1,2,3,4,5], logL: -11.561813, Exp of LogL: 0.000010, Normalized LogL: -1.051074, Exp of Normalized LogL: 0.349562, Best Rate: 0.3
Fault: [5,1,2,3,4,5], logL: -12.058064, Exp of LogL: 0.000006, Normalized LogL: -1.096188, Exp of Normalized LogL: 0.334143, Best Rate: 0.3

========= ADAPTIVE MC DEBUG =========
Total calls: 110
Avg tries: 505.91
Confidence stops: 110
Max stops: 0
Max stop rate: 0.000
Real Fault Rank 3
===== SEED 52 | FR=0.3 | VR=80 =====
executing with fault mode: [1,1,2,3,4,5]

Fault scores (higher is better):
Fault: [1,1,2,3,4,5], logL: -12.991210, Exp of LogL: 0.000002, Normalized LogL: -0.866081, Exp of Normalized LogL: 0.420597, Best Rate: 0.3
Fault: [1,1,1,3,4,5], logL: -13.294718, Exp of LogL: 0.000002, Normalized LogL: -0.886315, Exp of Normalized LogL: 0.412172, Best Rate: 0.3
Fault: [1,1,3,3,4,5], logL: -13.396467, Exp of LogL: 0.000002, Normalized LogL: -0.893098, Exp of Normalized LogL: 0.409386, Best Rate: 0.3
Fault: [1,1,0,3,4,5], logL: -13.396467, Exp of LogL: 0.000002, Normalized LogL: -0.893098, Exp of Normalized LogL: 0.409386, Best Rate: 0.3
Fault: [1,1,5,3,4,5], logL: -13.396467, Exp of LogL: 0.000002, Normalized LogL: -0.893098, Exp of Normalized LogL: 0.409386, Best Rate: 0.3
Fault: [4,1,2,3,4,5], logL: -13.450897, Exp of LogL: 0.000001, Normalized LogL: -0.896726, Exp of Normalized LogL: 0.407903, Best Rate: 0.3
Fault: [3,1,2,3,4,5], logL: -13.450897, Exp of LogL: 0.000001, Normalized LogL: -0.896726, Exp of Normalized LogL: 0.407903, Best Rate: 0.3
Fault: [0,1,2,3,4,5], logL: -13.473870, Exp of LogL: 0.000001, Normalized LogL: -0.898258, Exp of Normalized LogL: 0.407279, Best Rate: 0.3
Fault: [2,1,2,3,4,5], logL: -14.011249, Exp of LogL: 0.000001, Normalized LogL: -0.934083, Exp of Normalized LogL: 0.392946, Best Rate: 0.3
Fault: [5,1,2,3,4,5], logL: -14.829587, Exp of LogL: 0.000000, Normalized LogL: -0.988639, Exp of Normalized LogL: 0.372083, Best Rate: 0.3

========= ADAPTIVE MC DEBUG =========
Total calls: 150
Avg tries: 515.33
Confidence stops: 150
Max stops: 0
Max stop rate: 0.000
Real Fault Rank 1
===== SEED 52 | FR=0.3 | VR=100 =====
executing with fault mode: [1,1,2,3,4,5]

Fault scores (higher is better):
Fault: [1,1,2,3,4,5], logL: -15.197964, Exp of LogL: 0.000000, Normalized LogL: -0.799893, Exp of Normalized LogL: 0.449377, Best Rate: 0.3
Fault: [1,1,1,3,4,5], logL: -15.501471, Exp of LogL: 0.000000, Normalized LogL: -0.815867, Exp of Normalized LogL: 0.442256, Best Rate: 0.3
Fault: [1,1,3,3,4,5], logL: -15.603220, Exp of LogL: 0.000000, Normalized LogL: -0.821222, Exp of Normalized LogL: 0.439894, Best Rate: 0.3
Fault: [1,1,0,3,4,5], logL: -15.603220, Exp of LogL: 0.000000, Normalized LogL: -0.821222, Exp of Normalized LogL: 0.439894, Best Rate: 0.3
Fault: [1,1,5,3,4,5], logL: -15.603220, Exp of LogL: 0.000000, Normalized LogL: -0.821222, Exp of Normalized LogL: 0.439894, Best Rate: 0.3
Fault: [2,1,2,3,4,5], logL: -17.762977, Exp of LogL: 0.000000, Normalized LogL: -0.934894, Exp of Normalized LogL: 0.392628, Best Rate: 0.3
Fault: [0,1,2,3,4,5], logL: -40.397000, Exp of LogL: 0.000000, Normalized LogL: -2.126158, Exp of Normalized LogL: 0.119295, Best Rate: 0.3
Fault: [4,1,2,3,4,5], logL: -41.256361, Exp of LogL: 0.000000, Normalized LogL: -2.171387, Exp of Normalized LogL: 0.114019, Best Rate: 0.3
Fault: [3,1,2,3,4,5], logL: -41.256361, Exp of LogL: 0.000000, Normalized LogL: -2.171387, Exp of Normalized LogL: 0.114019, Best Rate: 0.3
Fault: [5,1,2,3,4,5], logL: -43.224347, Exp of LogL: 0.000000, Normalized LogL: -2.274966, Exp of Normalized LogL: 0.102800, Best Rate: 0.3

========= ADAPTIVE MC DEBUG =========
Total calls: 190
Avg tries: 482.63
Confidence stops: 190
Max stops: 0
Max stop rate: 0.000
Real Fault Rank 1
================= 22/08/2026 05:02:04: SEED 52 END =================
================= 22/08/2026 05:02:04: SEED 53 (51/100), a*=3 fault=[0,1,2,5,4,5] START =================
===== SEED 53 | FR=0.3 | VR=20 =====
executing with fault mode: [0,1,2,5,4,5]

executing with fault mode: [0,1,2,5,4,5]

Fault scores (higher is better):
Fault: [0,1,2,5,3,5], logL: -7.618056, Exp of LogL: 0.000491, Normalized LogL: -1.904514, Exp of Normalized LogL: 0.148895, Best Rate: 0.3
Fault: [0,1,2,5,1,5], logL: -7.618056, Exp of LogL: 0.000491, Normalized LogL: -1.904514, Exp of Normalized LogL: 0.148895, Best Rate: 0.3
Fault: [0,1,2,5,5,5], logL: -7.618056, Exp of LogL: 0.000491, Normalized LogL: -1.904514, Exp of Normalized LogL: 0.148895, Best Rate: 0.3
Fault: [0,1,2,5,4,5], logL: -7.785110, Exp of LogL: 0.000416, Normalized LogL: -1.946278, Exp of Normalized LogL: 0.142805, Best Rate: 0.3
Fault: [0,1,2,4,4,5], logL: -7.785110, Exp of LogL: 0.000416, Normalized LogL: -1.946278, Exp of Normalized LogL: 0.142805, Best Rate: 0.3
Fault: [0,1,2,5,0,5], logL: -7.880420, Exp of LogL: 0.000378, Normalized LogL: -1.970105, Exp of Normalized LogL: 0.139442, Best Rate: 0.3
Fault: [0,1,2,0,4,5], logL: -32.598020, Exp of LogL: 0.000000, Normalized LogL: -8.149505, Exp of Normalized LogL: 0.000289, Best Rate: 0.3
Fault: [0,1,2,3,4,5], logL: -32.632120, Exp of LogL: 0.000000, Normalized LogL: -8.158030, Exp of Normalized LogL: 0.000286, Best Rate: 0.3
Fault: [0,1,2,2,4,5], logL: -32.828171, Exp of LogL: 0.000000, Normalized LogL: -8.207043, Exp of Normalized LogL: 0.000273, Best Rate: 0.3
Fault: [0,1,2,1,4,5], logL: -33.085594, Exp of LogL: 0.000000, Normalized LogL: -8.271398, Exp of Normalized LogL: 0.000256, Best Rate: 0.3

========= ADAPTIVE MC DEBUG =========
Total calls: 40
Avg tries: 361.25
Confidence stops: 40
Max stops: 0
Max stop rate: 0.000
Real Fault Rank 4
===== SEED 53 | FR=0.3 | VR=40 =====
executing with fault mode: [0,1,2,5,4,5]

executing with fault mode: [0,1,2,5,4,5]

Fault scores (higher is better):
Fault: [0,1,2,5,4,5], logL: -9.762598, Exp of LogL: 0.000058, Normalized LogL: -1.394657, Exp of Normalized LogL: 0.247918, Best Rate: 0.3
Fault: [0,1,2,4,4,5], logL: -9.762598, Exp of LogL: 0.000058, Normalized LogL: -1.394657, Exp of Normalized LogL: 0.247918, Best Rate: 0.3
Fault: [0,1,2,5,3,5], logL: -10.018714, Exp of LogL: 0.000045, Normalized LogL: -1.431245, Exp of Normalized LogL: 0.239011, Best Rate: 0.3
Fault: [0,1,2,5,1,5], logL: -10.018714, Exp of LogL: 0.000045, Normalized LogL: -1.431245, Exp of Normalized LogL: 0.239011, Best Rate: 0.3
Fault: [0,1,2,5,5,5], logL: -10.018714, Exp of LogL: 0.000045, Normalized LogL: -1.431245, Exp of Normalized LogL: 0.239011, Best Rate: 0.3
Fault: [0,1,2,5,0,5], logL: -10.018714, Exp of LogL: 0.000045, Normalized LogL: -1.431245, Exp of Normalized LogL: 0.239011, Best Rate: 0.3
Fault: [0,1,2,3,4,5], logL: -60.193123, Exp of LogL: 0.000000, Normalized LogL: -8.599018, Exp of Normalized LogL: 0.000184, Best Rate: 0.3
Fault: [0,1,2,0,4,5], logL: -60.412367, Exp of LogL: 0.000000, Normalized LogL: -8.630338, Exp of Normalized LogL: 0.000179, Best Rate: 0.3
Fault: [0,1,2,2,4,5], logL: -60.887098, Exp of LogL: 0.000000, Normalized LogL: -8.698157, Exp of Normalized LogL: 0.000167, Best Rate: 0.3
Fault: [0,1,2,1,4,5], logL: -61.199527, Exp of LogL: 0.000000, Normalized LogL: -8.742790, Exp of Normalized LogL: 0.000160, Best Rate: 0.3

========= ADAPTIVE MC DEBUG =========
Total calls: 70
Avg tries: 430.00
Confidence stops: 70
Max stops: 0
Max stop rate: 0.000
Real Fault Rank 1
===== SEED 53 | FR=0.3 | VR=60 =====
executing with fault mode: [0,1,2,5,4,5]

executing with fault mode: [0,1,2,5,4,5]

Fault scores (higher is better):
Fault: [0,1,2,5,4,5], logL: -10.687536, Exp of LogL: 0.000023, Normalized LogL: -1.068754, Exp of Normalized LogL: 0.343436, Best Rate: 0.3
Fault: [0,1,2,4,4,5], logL: -10.687536, Exp of LogL: 0.000023, Normalized LogL: -1.068754, Exp of Normalized LogL: 0.343436, Best Rate: 0.3
Fault: [0,1,2,5,3,5], logL: -10.974491, Exp of LogL: 0.000017, Normalized LogL: -1.097449, Exp of Normalized LogL: 0.333721, Best Rate: 0.3
Fault: [0,1,2,5,1,5], logL: -10.974491, Exp of LogL: 0.000017, Normalized LogL: -1.097449, Exp of Normalized LogL: 0.333721, Best Rate: 0.3
Fault: [0,1,2,5,5,5], logL: -10.974491, Exp of LogL: 0.000017, Normalized LogL: -1.097449, Exp of Normalized LogL: 0.333721, Best Rate: 0.3
Fault: [0,1,2,5,0,5], logL: -10.974491, Exp of LogL: 0.000017, Normalized LogL: -1.097449, Exp of Normalized LogL: 0.333721, Best Rate: 0.3
Fault: [0,1,2,3,4,5], logL: -62.419246, Exp of LogL: 0.000000, Normalized LogL: -6.241925, Exp of Normalized LogL: 0.001946, Best Rate: 0.3
Fault: [0,1,2,1,4,5], logL: -62.420338, Exp of LogL: 0.000000, Normalized LogL: -6.242034, Exp of Normalized LogL: 0.001946, Best Rate: 0.3
Fault: [0,1,2,2,4,5], logL: -63.110182, Exp of LogL: 0.000000, Normalized LogL: -6.311018, Exp of Normalized LogL: 0.001816, Best Rate: 0.3
Fault: [0,1,2,0,4,5], logL: -63.293056, Exp of LogL: 0.000000, Normalized LogL: -6.329306, Exp of Normalized LogL: 0.001783, Best Rate: 0.3

========= ADAPTIVE MC DEBUG =========
Total calls: 100
Avg tries: 505.00
Confidence stops: 100
Max stops: 0
Max stop rate: 0.000
Real Fault Rank 1
===== SEED 53 | FR=0.3 | VR=80 =====
executing with fault mode: [0,1,2,5,4,5]

executing with fault mode: [0,1,2,5,4,5]

Fault scores (higher is better):
Fault: [0,1,2,5,4,5], logL: -11.594672, Exp of LogL: 0.000009, Normalized LogL: -0.891898, Exp of Normalized LogL: 0.409877, Best Rate: 0.3
Fault: [0,1,2,4,4,5], logL: -11.594672, Exp of LogL: 0.000009, Normalized LogL: -0.891898, Exp of Normalized LogL: 0.409877, Best Rate: 0.3
Fault: [0,1,2,5,3,5], logL: -11.951347, Exp of LogL: 0.000006, Normalized LogL: -0.919334, Exp of Normalized LogL: 0.398784, Best Rate: 0.3
Fault: [0,1,2,5,1,5], logL: -11.951347, Exp of LogL: 0.000006, Normalized LogL: -0.919334, Exp of Normalized LogL: 0.398784, Best Rate: 0.3
Fault: [0,1,2,5,5,5], logL: -11.951347, Exp of LogL: 0.000006, Normalized LogL: -0.919334, Exp of Normalized LogL: 0.398784, Best Rate: 0.3
Fault: [0,1,2,5,0,5], logL: -11.951347, Exp of LogL: 0.000006, Normalized LogL: -0.919334, Exp of Normalized LogL: 0.398784, Best Rate: 0.3
Fault: [0,1,2,3,4,5], logL: -62.999480, Exp of LogL: 0.000000, Normalized LogL: -4.846114, Exp of Normalized LogL: 0.007859, Best Rate: 0.3
Fault: [0,1,2,1,4,5], logL: -63.045272, Exp of LogL: 0.000000, Normalized LogL: -4.849636, Exp of Normalized LogL: 0.007831, Best Rate: 0.3
Fault: [0,1,2,0,4,5], logL: -63.657928, Exp of LogL: 0.000000, Normalized LogL: -4.896764, Exp of Normalized LogL: 0.007471, Best Rate: 0.3
Fault: [0,1,2,2,4,5], logL: -64.107468, Exp of LogL: 0.000000, Normalized LogL: -4.931344, Exp of Normalized LogL: 0.007217, Best Rate: 0.3

========= ADAPTIVE MC DEBUG =========
Total calls: 130
Avg tries: 478.08
Confidence stops: 130
Max stops: 0
Max stop rate: 0.000
Real Fault Rank 1
===== SEED 53 | FR=0.3 | VR=100 =====
executing with fault mode: [0,1,2,5,4,5]

executing with fault mode: [0,1,2,5,4,5]

Fault scores (higher is better):
Fault: [0,1,2,5,4,5], logL: -13.745069, Exp of LogL: 0.000001, Normalized LogL: -0.808533, Exp of Normalized LogL: 0.445511, Best Rate: 0.3
Fault: [0,1,2,4,4,5], logL: -13.745069, Exp of LogL: 0.000001, Normalized LogL: -0.808533, Exp of Normalized LogL: 0.445511, Best Rate: 0.3
Fault: [0,1,2,5,3,5], logL: -14.101744, Exp of LogL: 0.000001, Normalized LogL: -0.829514, Exp of Normalized LogL: 0.436261, Best Rate: 0.3
Fault: [0,1,2,5,1,5], logL: -14.101744, Exp of LogL: 0.000001, Normalized LogL: -0.829514, Exp of Normalized LogL: 0.436261, Best Rate: 0.3
Fault: [0,1,2,5,5,5], logL: -14.101744, Exp of LogL: 0.000001, Normalized LogL: -0.829514, Exp of Normalized LogL: 0.436261, Best Rate: 0.3
Fault: [0,1,2,5,0,5], logL: -14.101744, Exp of LogL: 0.000001, Normalized LogL: -0.829514, Exp of Normalized LogL: 0.436261, Best Rate: 0.3
Fault: [0,1,2,3,4,5], logL: -65.081142, Exp of LogL: 0.000000, Normalized LogL: -3.828302, Exp of Normalized LogL: 0.021746, Best Rate: 0.3
Fault: [0,1,2,1,4,5], logL: -65.179626, Exp of LogL: 0.000000, Normalized LogL: -3.834096, Exp of Normalized LogL: 0.021621, Best Rate: 0.3
Fault: [0,1,2,2,4,5], logL: -66.366078, Exp of LogL: 0.000000, Normalized LogL: -3.903887, Exp of Normalized LogL: 0.020163, Best Rate: 0.3
Fault: [0,1,2,0,4,5], logL: -66.428197, Exp of LogL: 0.000000, Normalized LogL: -3.907541, Exp of Normalized LogL: 0.020090, Best Rate: 0.3

========= ADAPTIVE MC DEBUG =========
Total calls: 170
Avg tries: 469.12
Confidence stops: 170
Max stops: 0
Max stop rate: 0.000
Real Fault Rank 1
================= 22/08/2026 05:02:32: SEED 53 END =================
================= 22/08/2026 05:02:32: SEED 54 (52/100), a*=0 fault=[2,1,2,3,4,5] START =================
===== SEED 54 | FR=0.3 | VR=20 =====
executing with fault mode: [2,1,2,3,4,5]

Fault scores (higher is better):
Fault: [2,1,2,1,4,5], logL: -8.915281, Exp of LogL: 0.000134, Normalized LogL: -1.485880, Exp of Normalized LogL: 0.226303, Best Rate: 0.3
Fault: [2,1,2,0,4,5], logL: -9.637722, Exp of LogL: 0.000065, Normalized LogL: -1.606287, Exp of Normalized LogL: 0.200631, Best Rate: 0.3
Fault: [2,1,2,2,4,5], logL: -9.637722, Exp of LogL: 0.000065, Normalized LogL: -1.606287, Exp of Normalized LogL: 0.200631, Best Rate: 0.3
Fault: [2,1,2,5,4,5], logL: -9.637722, Exp of LogL: 0.000065, Normalized LogL: -1.606287, Exp of Normalized LogL: 0.200631, Best Rate: 0.3
Fault: [2,1,2,3,4,5], logL: -11.069288, Exp of LogL: 0.000016, Normalized LogL: -1.844881, Exp of Normalized LogL: 0.158044, Best Rate: 0.3
Fault: [4,1,2,3,4,5], logL: -12.712861, Exp of LogL: 0.000003, Normalized LogL: -2.118810, Exp of Normalized LogL: 0.120175, Best Rate: 0.3
Fault: [5,1,2,3,4,5], logL: -12.712861, Exp of LogL: 0.000003, Normalized LogL: -2.118810, Exp of Normalized LogL: 0.120175, Best Rate: 0.3
Fault: [0,1,2,3,4,5], logL: -14.854221, Exp of LogL: 0.000000, Normalized LogL: -2.475703, Exp of Normalized LogL: 0.084104, Best Rate: 0.3
Fault: [1,1,2,3,4,5], logL: -38.213990, Exp of LogL: 0.000000, Normalized LogL: -6.368998, Exp of Normalized LogL: 0.001714, Best Rate: 0.3
Fault: [3,1,2,3,4,5], logL: -38.771139, Exp of LogL: 0.000000, Normalized LogL: -6.461857, Exp of Normalized LogL: 0.001562, Best Rate: 0.3

========= ADAPTIVE MC DEBUG =========
Total calls: 60
Avg tries: 400.00
Confidence stops: 60
Max stops: 0
Max stop rate: 0.000
Real Fault Rank 5
===== SEED 54 | FR=0.3 | VR=40 =====
executing with fault mode: [2,1,2,3,4,5]

Fault scores (higher is better):
Fault: [2,1,2,1,4,5], logL: -13.567620, Exp of LogL: 0.000001, Normalized LogL: -1.233420, Exp of Normalized LogL: 0.291295, Best Rate: 0.3
Fault: [2,1,2,3,4,5], logL: -14.351301, Exp of LogL: 0.000001, Normalized LogL: -1.304664, Exp of Normalized LogL: 0.271264, Best Rate: 0.3
Fault: [2,1,2,0,4,5], logL: -14.947924, Exp of LogL: 0.000000, Normalized LogL: -1.358902, Exp of Normalized LogL: 0.256943, Best Rate: 0.3
Fault: [2,1,2,2,4,5], logL: -14.947924, Exp of LogL: 0.000000, Normalized LogL: -1.358902, Exp of Normalized LogL: 0.256943, Best Rate: 0.3
Fault: [2,1,2,5,4,5], logL: -14.947924, Exp of LogL: 0.000000, Normalized LogL: -1.358902, Exp of Normalized LogL: 0.256943, Best Rate: 0.3
Fault: [4,1,2,3,4,5], logL: -15.892866, Exp of LogL: 0.000000, Normalized LogL: -1.444806, Exp of Normalized LogL: 0.235792, Best Rate: 0.3
Fault: [5,1,2,3,4,5], logL: -15.892866, Exp of LogL: 0.000000, Normalized LogL: -1.444806, Exp of Normalized LogL: 0.235792, Best Rate: 0.3
Fault: [0,1,2,3,4,5], logL: -20.732228, Exp of LogL: 0.000000, Normalized LogL: -1.884748, Exp of Normalized LogL: 0.151867, Best Rate: 0.3
Fault: [1,1,2,3,4,5], logL: -45.413692, Exp of LogL: 0.000000, Normalized LogL: -4.128517, Exp of Normalized LogL: 0.016107, Best Rate: 0.3
Fault: [3,1,2,3,4,5], logL: -46.751062, Exp of LogL: 0.000000, Normalized LogL: -4.250097, Exp of Normalized LogL: 0.014263, Best Rate: 0.3

========= ADAPTIVE MC DEBUG =========
Total calls: 110
Avg tries: 436.82
Confidence stops: 110
Max stops: 0
Max stop rate: 0.000
Real Fault Rank 2
===== SEED 54 | FR=0.3 | VR=60 =====
executing with fault mode: [2,1,2,3,4,5]

Fault scores (higher is better):
Fault: [2,1,2,1,4,5], logL: -18.706339, Exp of LogL: 0.000000, Normalized LogL: -1.169146, Exp of Normalized LogL: 0.310632, Best Rate: 0.3
Fault: [2,1,2,0,4,5], logL: -18.793591, Exp of LogL: 0.000000, Normalized LogL: -1.174599, Exp of Normalized LogL: 0.308943, Best Rate: 0.3
Fault: [2,1,2,2,4,5], logL: -18.793591, Exp of LogL: 0.000000, Normalized LogL: -1.174599, Exp of Normalized LogL: 0.308943, Best Rate: 0.3
Fault: [2,1,2,5,4,5], logL: -18.793591, Exp of LogL: 0.000000, Normalized LogL: -1.174599, Exp of Normalized LogL: 0.308943, Best Rate: 0.3
Fault: [2,1,2,3,4,5], logL: -19.174286, Exp of LogL: 0.000000, Normalized LogL: -1.198393, Exp of Normalized LogL: 0.301679, Best Rate: 0.3
Fault: [4,1,2,3,4,5], logL: -21.084943, Exp of LogL: 0.000000, Normalized LogL: -1.317809, Exp of Normalized LogL: 0.267721, Best Rate: 0.3
Fault: [5,1,2,3,4,5], logL: -21.084943, Exp of LogL: 0.000000, Normalized LogL: -1.317809, Exp of Normalized LogL: 0.267721, Best Rate: 0.3
Fault: [0,1,2,3,4,5], logL: -25.889270, Exp of LogL: 0.000000, Normalized LogL: -1.618079, Exp of Normalized LogL: 0.198279, Best Rate: 0.3
Fault: [1,1,2,3,4,5], logL: -27.193193, Exp of LogL: 0.000000, Normalized LogL: -1.699575, Exp of Normalized LogL: 0.182761, Best Rate: 0.3
Fault: [3,1,2,3,4,5], logL: -30.037808, Exp of LogL: 0.000000, Normalized LogL: -1.877363, Exp of Normalized LogL: 0.152993, Best Rate: 0.3

========= ADAPTIVE MC DEBUG =========
Total calls: 160
Avg tries: 465.62
Confidence stops: 160
Max stops: 0
Max stop rate: 0.000
Real Fault Rank 5
===== SEED 54 | FR=0.3 | VR=80 =====
executing with fault mode: [2,1,2,3,4,5]

Fault scores (higher is better):
Fault: [2,1,2,1,4,5], logL: -19.976920, Exp of LogL: 0.000000, Normalized LogL: -0.951282, Exp of Normalized LogL: 0.386246, Best Rate: 0.3
Fault: [2,1,2,0,4,5], logL: -20.087319, Exp of LogL: 0.000000, Normalized LogL: -0.956539, Exp of Normalized LogL: 0.384220, Best Rate: 0.3
Fault: [2,1,2,2,4,5], logL: -20.087319, Exp of LogL: 0.000000, Normalized LogL: -0.956539, Exp of Normalized LogL: 0.384220, Best Rate: 0.3
Fault: [2,1,2,5,4,5], logL: -20.087319, Exp of LogL: 0.000000, Normalized LogL: -0.956539, Exp of Normalized LogL: 0.384220, Best Rate: 0.3
Fault: [2,1,2,3,4,5], logL: -20.388950, Exp of LogL: 0.000000, Normalized LogL: -0.970902, Exp of Normalized LogL: 0.378741, Best Rate: 0.3
Fault: [4,1,2,3,4,5], logL: -22.279240, Exp of LogL: 0.000000, Normalized LogL: -1.060916, Exp of Normalized LogL: 0.346139, Best Rate: 0.3
Fault: [5,1,2,3,4,5], logL: -22.279240, Exp of LogL: 0.000000, Normalized LogL: -1.060916, Exp of Normalized LogL: 0.346139, Best Rate: 0.3
Fault: [0,1,2,3,4,5], logL: -27.156822, Exp of LogL: 0.000000, Normalized LogL: -1.293182, Exp of Normalized LogL: 0.274396, Best Rate: 0.3
Fault: [1,1,2,3,4,5], logL: -28.131951, Exp of LogL: 0.000000, Normalized LogL: -1.339617, Exp of Normalized LogL: 0.261946, Best Rate: 0.3
Fault: [3,1,2,3,4,5], logL: -31.370428, Exp of LogL: 0.000000, Normalized LogL: -1.493830, Exp of Normalized LogL: 0.224511, Best Rate: 0.3

========= ADAPTIVE MC DEBUG =========
Total calls: 210
Avg tries: 460.00
Confidence stops: 210
Max stops: 0
Max stop rate: 0.000
Real Fault Rank 5
===== SEED 54 | FR=0.3 | VR=100 =====
executing with fault mode: [2,1,2,3,4,5]

Fault scores (higher is better):
Fault: [2,1,2,0,4,5], logL: -21.972190, Exp of LogL: 0.000000, Normalized LogL: -0.845084, Exp of Normalized LogL: 0.429521, Best Rate: 0.3
Fault: [2,1,2,2,4,5], logL: -21.972190, Exp of LogL: 0.000000, Normalized LogL: -0.845084, Exp of Normalized LogL: 0.429521, Best Rate: 0.3
Fault: [2,1,2,5,4,5], logL: -21.972190, Exp of LogL: 0.000000, Normalized LogL: -0.845084, Exp of Normalized LogL: 0.429521, Best Rate: 0.3
Fault: [2,1,2,1,4,5], logL: -22.113444, Exp of LogL: 0.000000, Normalized LogL: -0.850517, Exp of Normalized LogL: 0.427194, Best Rate: 0.3
Fault: [2,1,2,3,4,5], logL: -22.263140, Exp of LogL: 0.000000, Normalized LogL: -0.856275, Exp of Normalized LogL: 0.424741, Best Rate: 0.3
Fault: [4,1,2,3,4,5], logL: -23.187094, Exp of LogL: 0.000000, Normalized LogL: -0.891811, Exp of Normalized LogL: 0.409913, Best Rate: 0.3
Fault: [5,1,2,3,4,5], logL: -23.187094, Exp of LogL: 0.000000, Normalized LogL: -0.891811, Exp of Normalized LogL: 0.409913, Best Rate: 0.3
Fault: [0,1,2,3,4,5], logL: -30.592589, Exp of LogL: 0.000000, Normalized LogL: -1.176638, Exp of Normalized LogL: 0.308314, Best Rate: 0.3
Fault: [1,1,2,3,4,5], logL: -31.773187, Exp of LogL: 0.000000, Normalized LogL: -1.222046, Exp of Normalized LogL: 0.294627, Best Rate: 0.3
Fault: [3,1,2,3,4,5], logL: -34.777830, Exp of LogL: 0.000000, Normalized LogL: -1.337609, Exp of Normalized LogL: 0.262473, Best Rate: 0.3

========= ADAPTIVE MC DEBUG =========
Total calls: 260
Avg tries: 487.31
Confidence stops: 260
Max stops: 0
Max stop rate: 0.000
Real Fault Rank 5
================= 22/08/2026 05:03:14: SEED 54 END =================
================= 22/08/2026 05:03:14: SEED 55 (53/100), a*=3 fault=[0,1,2,0,4,5] START =================
===== SEED 55 | FR=0.3 | VR=20 =====
executing with fault mode: [0,1,2,0,4,5]

Fault scores (higher is better):
Fault: [0,1,2,0,4,5], logL: -14.278571, Exp of LogL: 0.000001, Normalized LogL: -1.784821, Exp of Normalized LogL: 0.167827, Best Rate: 0.3
Fault: [0,1,2,0,0,5], logL: -14.561613, Exp of LogL: 0.000000, Normalized LogL: -1.820202, Exp of Normalized LogL: 0.161993, Best Rate: 0.3
Fault: [0,1,2,0,2,5], logL: -14.561613, Exp of LogL: 0.000000, Normalized LogL: -1.820202, Exp of Normalized LogL: 0.161993, Best Rate: 0.3
Fault: [0,1,2,0,5,5], logL: -14.561613, Exp of LogL: 0.000000, Normalized LogL: -1.820202, Exp of Normalized LogL: 0.161993, Best Rate: 0.3
Fault: [0,1,2,0,1,5], logL: -14.561613, Exp of LogL: 0.000000, Normalized LogL: -1.820202, Exp of Normalized LogL: 0.161993, Best Rate: 0.3
Fault: [0,1,2,1,4,5], logL: -14.932713, Exp of LogL: 0.000000, Normalized LogL: -1.866589, Exp of Normalized LogL: 0.154650, Best Rate: 0.3
Fault: [0,1,2,3,4,5], logL: -15.396800, Exp of LogL: 0.000000, Normalized LogL: -1.924600, Exp of Normalized LogL: 0.145934, Best Rate: 0.3
Fault: [0,1,2,2,4,5], logL: -16.123233, Exp of LogL: 0.000000, Normalized LogL: -2.015404, Exp of Normalized LogL: 0.133267, Best Rate: 0.3
Fault: [0,1,2,5,4,5], logL: -16.548116, Exp of LogL: 0.000000, Normalized LogL: -2.068515, Exp of Normalized LogL: 0.126373, Best Rate: 0.3
Fault: [0,1,2,4,4,5], logL: -16.548116, Exp of LogL: 0.000000, Normalized LogL: -2.068515, Exp of Normalized LogL: 0.126373, Best Rate: 0.3

========= ADAPTIVE MC DEBUG =========
Total calls: 80
Avg tries: 400.00
Confidence stops: 80
Max stops: 0
Max stop rate: 0.000
Real Fault Rank 1
===== SEED 55 | FR=0.3 | VR=40 =====
executing with fault mode: [0,1,2,0,4,5]

Fault scores (higher is better):
Fault: [0,1,2,2,4,5], logL: -21.458781, Exp of LogL: 0.000000, Normalized LogL: -1.430585, Exp of Normalized LogL: 0.239169, Best Rate: 0.3
Fault: [0,1,2,0,4,5], logL: -42.943070, Exp of LogL: 0.000000, Normalized LogL: -2.862871, Exp of Normalized LogL: 0.057105, Best Rate: 0.3
Fault: [0,1,2,0,0,5], logL: -43.226111, Exp of LogL: 0.000000, Normalized LogL: -2.881741, Exp of Normalized LogL: 0.056037, Best Rate: 0.3
Fault: [0,1,2,0,2,5], logL: -43.226111, Exp of LogL: 0.000000, Normalized LogL: -2.881741, Exp of Normalized LogL: 0.056037, Best Rate: 0.3
Fault: [0,1,2,0,5,5], logL: -43.226111, Exp of LogL: 0.000000, Normalized LogL: -2.881741, Exp of Normalized LogL: 0.056037, Best Rate: 0.3
Fault: [0,1,2,0,1,5], logL: -43.226111, Exp of LogL: 0.000000, Normalized LogL: -2.881741, Exp of Normalized LogL: 0.056037, Best Rate: 0.3
Fault: [0,1,2,3,4,5], logL: -43.791427, Exp of LogL: 0.000000, Normalized LogL: -2.919428, Exp of Normalized LogL: 0.053965, Best Rate: 0.3
Fault: [0,1,2,1,4,5], logL: -44.199535, Exp of LogL: 0.000000, Normalized LogL: -2.946636, Exp of Normalized LogL: 0.052516, Best Rate: 0.3
Fault: [0,1,2,5,4,5], logL: -44.424913, Exp of LogL: 0.000000, Normalized LogL: -2.961661, Exp of Normalized LogL: 0.051733, Best Rate: 0.3
Fault: [0,1,2,4,4,5], logL: -44.424913, Exp of LogL: 0.000000, Normalized LogL: -2.961661, Exp of Normalized LogL: 0.051733, Best Rate: 0.3

========= ADAPTIVE MC DEBUG =========
Total calls: 150
Avg tries: 465.00
Confidence stops: 150
Max stops: 0
Max stop rate: 0.000
Real Fault Rank 2
===== SEED 55 | FR=0.3 | VR=60 =====
executing with fault mode: [0,1,2,0,4,5]

Fault scores (higher is better):
Fault: [0,1,2,0,4,5], logL: -22.942649, Exp of LogL: 0.000000, Normalized LogL: -1.042848, Exp of Normalized LogL: 0.352450, Best Rate: 0.3
Fault: [0,1,2,0,0,5], logL: -23.225691, Exp of LogL: 0.000000, Normalized LogL: -1.055713, Exp of Normalized LogL: 0.347944, Best Rate: 0.3
Fault: [0,1,2,0,2,5], logL: -23.225691, Exp of LogL: 0.000000, Normalized LogL: -1.055713, Exp of Normalized LogL: 0.347944, Best Rate: 0.3
Fault: [0,1,2,0,5,5], logL: -23.225691, Exp of LogL: 0.000000, Normalized LogL: -1.055713, Exp of Normalized LogL: 0.347944, Best Rate: 0.3
Fault: [0,1,2,0,1,5], logL: -23.225691, Exp of LogL: 0.000000, Normalized LogL: -1.055713, Exp of Normalized LogL: 0.347944, Best Rate: 0.3
Fault: [0,1,2,2,4,5], logL: -47.643510, Exp of LogL: 0.000000, Normalized LogL: -2.165614, Exp of Normalized LogL: 0.114679, Best Rate: 0.3
Fault: [0,1,2,5,4,5], logL: -48.276938, Exp of LogL: 0.000000, Normalized LogL: -2.194406, Exp of Normalized LogL: 0.111425, Best Rate: 0.3
Fault: [0,1,2,4,4,5], logL: -48.276938, Exp of LogL: 0.000000, Normalized LogL: -2.194406, Exp of Normalized LogL: 0.111425, Best Rate: 0.3
Fault: [0,1,2,3,4,5], logL: -50.221279, Exp of LogL: 0.000000, Normalized LogL: -2.282785, Exp of Normalized LogL: 0.102000, Best Rate: 0.3
Fault: [0,1,2,1,4,5], logL: -50.565084, Exp of LogL: 0.000000, Normalized LogL: -2.298413, Exp of Normalized LogL: 0.100418, Best Rate: 0.3

========= ADAPTIVE MC DEBUG =========
Total calls: 220
Avg tries: 487.05
Confidence stops: 220
Max stops: 0
Max stop rate: 0.000
Real Fault Rank 1
===== SEED 55 | FR=0.3 | VR=80 =====
executing with fault mode: [0,1,2,0,4,5]

Fault scores (higher is better):
Fault: [0,1,2,0,4,5], logL: -25.264761, Exp of LogL: 0.000000, Normalized LogL: -0.871199, Exp of Normalized LogL: 0.418450, Best Rate: 0.3
Fault: [0,1,2,0,0,5], logL: -25.633116, Exp of LogL: 0.000000, Normalized LogL: -0.883901, Exp of Normalized LogL: 0.413168, Best Rate: 0.3
Fault: [0,1,2,0,2,5], logL: -25.633116, Exp of LogL: 0.000000, Normalized LogL: -0.883901, Exp of Normalized LogL: 0.413168, Best Rate: 0.3
Fault: [0,1,2,0,5,5], logL: -25.633116, Exp of LogL: 0.000000, Normalized LogL: -0.883901, Exp of Normalized LogL: 0.413168, Best Rate: 0.3
Fault: [0,1,2,0,1,5], logL: -25.633116, Exp of LogL: 0.000000, Normalized LogL: -0.883901, Exp of Normalized LogL: 0.413168, Best Rate: 0.3
Fault: [0,1,2,2,4,5], logL: -27.109869, Exp of LogL: 0.000000, Normalized LogL: -0.934823, Exp of Normalized LogL: 0.392655, Best Rate: 0.3
Fault: [0,1,2,5,4,5], logL: -29.689208, Exp of LogL: 0.000000, Normalized LogL: -1.023766, Exp of Normalized LogL: 0.359240, Best Rate: 0.3
Fault: [0,1,2,4,4,5], logL: -29.689208, Exp of LogL: 0.000000, Normalized LogL: -1.023766, Exp of Normalized LogL: 0.359240, Best Rate: 0.3
Fault: [0,1,2,1,4,5], logL: -35.204425, Exp of LogL: 0.000000, Normalized LogL: -1.213946, Exp of Normalized LogL: 0.297023, Best Rate: 0.3
Fault: [0,1,2,3,4,5], logL: -35.245735, Exp of LogL: 0.000000, Normalized LogL: -1.215370, Exp of Normalized LogL: 0.296600, Best Rate: 0.3

========= ADAPTIVE MC DEBUG =========
Total calls: 290
Avg tries: 503.97
Confidence stops: 290
Max stops: 0
Max stop rate: 0.000
Real Fault Rank 1
===== SEED 55 | FR=0.3 | VR=100 =====
executing with fault mode: [0,1,2,0,4,5]

Fault scores (higher is better):
Fault: [0,1,2,0,4,5], logL: -27.134041, Exp of LogL: 0.000000, Normalized LogL: -0.733352, Exp of Normalized LogL: 0.480296, Best Rate: 0.3
Fault: [0,1,2,0,0,5], logL: -27.517033, Exp of LogL: 0.000000, Normalized LogL: -0.743704, Exp of Normalized LogL: 0.475350, Best Rate: 0.3
Fault: [0,1,2,0,2,5], logL: -27.517033, Exp of LogL: 0.000000, Normalized LogL: -0.743704, Exp of Normalized LogL: 0.475350, Best Rate: 0.3
Fault: [0,1,2,0,5,5], logL: -27.517033, Exp of LogL: 0.000000, Normalized LogL: -0.743704, Exp of Normalized LogL: 0.475350, Best Rate: 0.3
Fault: [0,1,2,0,1,5], logL: -27.517033, Exp of LogL: 0.000000, Normalized LogL: -0.743704, Exp of Normalized LogL: 0.475350, Best Rate: 0.3
Fault: [0,1,2,2,4,5], logL: -29.741405, Exp of LogL: 0.000000, Normalized LogL: -0.803822, Exp of Normalized LogL: 0.447615, Best Rate: 0.3
Fault: [0,1,2,5,4,5], logL: -30.820061, Exp of LogL: 0.000000, Normalized LogL: -0.832975, Exp of Normalized LogL: 0.434754, Best Rate: 0.3
Fault: [0,1,2,4,4,5], logL: -30.820061, Exp of LogL: 0.000000, Normalized LogL: -0.832975, Exp of Normalized LogL: 0.434754, Best Rate: 0.3
Fault: [0,1,2,3,4,5], logL: -36.643420, Exp of LogL: 0.000000, Normalized LogL: -0.990363, Exp of Normalized LogL: 0.371442, Best Rate: 0.3
Fault: [0,1,2,1,4,5], logL: -37.893581, Exp of LogL: 0.000000, Normalized LogL: -1.024151, Exp of Normalized LogL: 0.359101, Best Rate: 0.3

========= ADAPTIVE MC DEBUG =========
Total calls: 370
Avg tries: 512.97
Confidence stops: 370
Max stops: 0
Max stop rate: 0.000
Real Fault Rank 1
================= 22/08/2026 05:04:16: SEED 55 END =================
================= 22/08/2026 05:04:16: SEED 56 (54/100), a*=2 fault=[0,1,0,3,4,5] START =================
===== SEED 56 | FR=0.3 | VR=20 =====
executing with fault mode: [0,1,0,3,4,5]

Fault scores (higher is better):
Fault: [0,1,3,3,4,5], logL: -8.043113, Exp of LogL: 0.000321, Normalized LogL: -2.010778, Exp of Normalized LogL: 0.133884, Best Rate: 0.3
Fault: [0,1,1,3,4,5], logL: -9.437070, Exp of LogL: 0.000080, Normalized LogL: -2.359267, Exp of Normalized LogL: 0.094489, Best Rate: 0.3
Fault: [0,1,0,3,4,5], logL: -10.328043, Exp of LogL: 0.000033, Normalized LogL: -2.582011, Exp of Normalized LogL: 0.075622, Best Rate: 0.3
Fault: [0,1,0,3,0,5], logL: -11.021190, Exp of LogL: 0.000016, Normalized LogL: -2.755297, Exp of Normalized LogL: 0.063590, Best Rate: 0.3
Fault: [0,1,0,3,5,5], logL: -11.021190, Exp of LogL: 0.000016, Normalized LogL: -2.755297, Exp of Normalized LogL: 0.063590, Best Rate: 0.3
Fault: [0,1,0,3,3,5], logL: -11.021190, Exp of LogL: 0.000016, Normalized LogL: -2.755297, Exp of Normalized LogL: 0.063590, Best Rate: 0.3
Fault: [0,1,0,3,2,5], logL: -11.021190, Exp of LogL: 0.000016, Normalized LogL: -2.755297, Exp of Normalized LogL: 0.063590, Best Rate: 0.3
Fault: [0,1,2,3,4,5], logL: -33.641576, Exp of LogL: 0.000000, Normalized LogL: -8.410394, Exp of Normalized LogL: 0.000223, Best Rate: 0.3
Fault: [0,1,5,3,4,5], logL: -33.929258, Exp of LogL: 0.000000, Normalized LogL: -8.482314, Exp of Normalized LogL: 0.000207, Best Rate: 0.3
Fault: [0,1,4,3,4,5], logL: -33.929258, Exp of LogL: 0.000000, Normalized LogL: -8.482314, Exp of Normalized LogL: 0.000207, Best Rate: 0.3

========= ADAPTIVE MC DEBUG =========
Total calls: 40
Avg tries: 335.00
Confidence stops: 40
Max stops: 0
Max stop rate: 0.000
Real Fault Rank 3
===== SEED 56 | FR=0.3 | VR=40 =====
executing with fault mode: [0,1,0,3,4,5]

Fault scores (higher is better):
Fault: [0,1,3,3,4,5], logL: -9.685144, Exp of LogL: 0.000062, Normalized LogL: -1.383592, Exp of Normalized LogL: 0.250677, Best Rate: 0.3
Fault: [0,1,1,3,4,5], logL: -10.850518, Exp of LogL: 0.000019, Normalized LogL: -1.550074, Exp of Normalized LogL: 0.212232, Best Rate: 0.3
Fault: [0,1,0,3,0,5], logL: -11.405018, Exp of LogL: 0.000011, Normalized LogL: -1.629288, Exp of Normalized LogL: 0.196069, Best Rate: 0.3
Fault: [0,1,0,3,5,5], logL: -11.405018, Exp of LogL: 0.000011, Normalized LogL: -1.629288, Exp of Normalized LogL: 0.196069, Best Rate: 0.3
Fault: [0,1,0,3,3,5], logL: -11.405018, Exp of LogL: 0.000011, Normalized LogL: -1.629288, Exp of Normalized LogL: 0.196069, Best Rate: 0.3
Fault: [0,1,0,3,2,5], logL: -11.741490, Exp of LogL: 0.000008, Normalized LogL: -1.677356, Exp of Normalized LogL: 0.186867, Best Rate: 0.3
Fault: [0,1,0,3,4,5], logL: -11.741490, Exp of LogL: 0.000008, Normalized LogL: -1.677356, Exp of Normalized LogL: 0.186867, Best Rate: 0.3
Fault: [0,1,2,3,4,5], logL: -35.134012, Exp of LogL: 0.000000, Normalized LogL: -5.019145, Exp of Normalized LogL: 0.006610, Best Rate: 0.3
Fault: [0,1,5,3,4,5], logL: -35.976754, Exp of LogL: 0.000000, Normalized LogL: -5.139536, Exp of Normalized LogL: 0.005860, Best Rate: 0.3
Fault: [0,1,4,3,4,5], logL: -35.976754, Exp of LogL: 0.000000, Normalized LogL: -5.139536, Exp of Normalized LogL: 0.005860, Best Rate: 0.3

========= ADAPTIVE MC DEBUG =========
Total calls: 70
Avg tries: 427.86
Confidence stops: 70
Max stops: 0
Max stop rate: 0.000
Real Fault Rank 7
===== SEED 56 | FR=0.3 | VR=60 =====
executing with fault mode: [0,1,0,3,4,5]

Fault scores (higher is better):
Fault: [0,1,3,3,4,5], logL: -11.109731, Exp of LogL: 0.000015, Normalized LogL: -1.009976, Exp of Normalized LogL: 0.364228, Best Rate: 0.3
Fault: [0,1,1,3,4,5], logL: -12.334104, Exp of LogL: 0.000004, Normalized LogL: -1.121282, Exp of Normalized LogL: 0.325862, Best Rate: 0.3
Fault: [0,1,0,3,0,5], logL: -13.025313, Exp of LogL: 0.000002, Normalized LogL: -1.184119, Exp of Normalized LogL: 0.306016, Best Rate: 0.3
Fault: [0,1,0,3,5,5], logL: -13.025313, Exp of LogL: 0.000002, Normalized LogL: -1.184119, Exp of Normalized LogL: 0.306016, Best Rate: 0.3
Fault: [0,1,0,3,3,5], logL: -13.025313, Exp of LogL: 0.000002, Normalized LogL: -1.184119, Exp of Normalized LogL: 0.306016, Best Rate: 0.3
Fault: [0,1,0,3,4,5], logL: -13.210235, Exp of LogL: 0.000002, Normalized LogL: -1.200930, Exp of Normalized LogL: 0.300914, Best Rate: 0.3
Fault: [0,1,0,3,2,5], logL: -13.265295, Exp of LogL: 0.000002, Normalized LogL: -1.205936, Exp of Normalized LogL: 0.299412, Best Rate: 0.3
Fault: [0,1,2,3,4,5], logL: -36.685573, Exp of LogL: 0.000000, Normalized LogL: -3.335052, Exp of Normalized LogL: 0.035613, Best Rate: 0.3
Fault: [0,1,5,3,4,5], logL: -37.401342, Exp of LogL: 0.000000, Normalized LogL: -3.400122, Exp of Normalized LogL: 0.033369, Best Rate: 0.3
Fault: [0,1,4,3,4,5], logL: -37.401342, Exp of LogL: 0.000000, Normalized LogL: -3.400122, Exp of Normalized LogL: 0.033369, Best Rate: 0.3

========= ADAPTIVE MC DEBUG =========
Total calls: 110
Avg tries: 477.27
Confidence stops: 110
Max stops: 0
Max stop rate: 0.000
Real Fault Rank 6
===== SEED 56 | FR=0.3 | VR=80 =====
executing with fault mode: [0,1,0,3,4,5]

Fault scores (higher is better):
Fault: [0,1,3,3,4,5], logL: -12.286369, Exp of LogL: 0.000005, Normalized LogL: -0.877598, Exp of Normalized LogL: 0.415780, Best Rate: 0.3
Fault: [0,1,1,3,4,5], logL: -13.509700, Exp of LogL: 0.000001, Normalized LogL: -0.964979, Exp of Normalized LogL: 0.380991, Best Rate: 0.3
Fault: [0,1,0,3,4,5], logL: -14.391669, Exp of LogL: 0.000001, Normalized LogL: -1.027976, Exp of Normalized LogL: 0.357730, Best Rate: 0.3
Fault: [0,1,0,3,0,5], logL: -14.813882, Exp of LogL: 0.000000, Normalized LogL: -1.058134, Exp of Normalized LogL: 0.347103, Best Rate: 0.3
Fault: [0,1,0,3,5,5], logL: -14.813882, Exp of LogL: 0.000000, Normalized LogL: -1.058134, Exp of Normalized LogL: 0.347103, Best Rate: 0.3
Fault: [0,1,0,3,3,5], logL: -14.813882, Exp of LogL: 0.000000, Normalized LogL: -1.058134, Exp of Normalized LogL: 0.347103, Best Rate: 0.3
Fault: [0,1,0,3,2,5], logL: -14.813882, Exp of LogL: 0.000000, Normalized LogL: -1.058134, Exp of Normalized LogL: 0.347103, Best Rate: 0.3
Fault: [0,1,2,3,4,5], logL: -37.846332, Exp of LogL: 0.000000, Normalized LogL: -2.703309, Exp of Normalized LogL: 0.066983, Best Rate: 0.3
Fault: [0,1,5,3,4,5], logL: -38.577980, Exp of LogL: 0.000000, Normalized LogL: -2.755570, Exp of Normalized LogL: 0.063573, Best Rate: 0.3
Fault: [0,1,4,3,4,5], logL: -38.577980, Exp of LogL: 0.000000, Normalized LogL: -2.755570, Exp of Normalized LogL: 0.063573, Best Rate: 0.3

========= ADAPTIVE MC DEBUG =========
Total calls: 140
Avg tries: 486.07
Confidence stops: 140
Max stops: 0
Max stop rate: 0.000
Real Fault Rank 3
===== SEED 56 | FR=0.3 | VR=100 =====
executing with fault mode: [0,1,0,3,4,5]

Fault scores (higher is better):
Fault: [0,1,3,3,4,5], logL: -12.280913, Exp of LogL: 0.000005, Normalized LogL: -0.682273, Exp of Normalized LogL: 0.505467, Best Rate: 0.3
Fault: [0,1,1,3,4,5], logL: -13.504244, Exp of LogL: 0.000001, Normalized LogL: -0.750236, Exp of Normalized LogL: 0.472255, Best Rate: 0.3
Fault: [0,1,0,3,4,5], logL: -14.386213, Exp of LogL: 0.000001, Normalized LogL: -0.799234, Exp of Normalized LogL: 0.449673, Best Rate: 0.3
Fault: [0,1,0,3,0,5], logL: -14.711943, Exp of LogL: 0.000000, Normalized LogL: -0.817330, Exp of Normalized LogL: 0.441609, Best Rate: 0.3
Fault: [0,1,0,3,5,5], logL: -14.711943, Exp of LogL: 0.000000, Normalized LogL: -0.817330, Exp of Normalized LogL: 0.441609, Best Rate: 0.3
Fault: [0,1,0,3,3,5], logL: -14.711943, Exp of LogL: 0.000000, Normalized LogL: -0.817330, Exp of Normalized LogL: 0.441609, Best Rate: 0.3
Fault: [0,1,0,3,2,5], logL: -14.711943, Exp of LogL: 0.000000, Normalized LogL: -0.817330, Exp of Normalized LogL: 0.441609, Best Rate: 0.3
Fault: [0,1,2,3,4,5], logL: -37.840876, Exp of LogL: 0.000000, Normalized LogL: -2.102271, Exp of Normalized LogL: 0.122179, Best Rate: 0.3
Fault: [0,1,5,3,4,5], logL: -38.572523, Exp of LogL: 0.000000, Normalized LogL: -2.142918, Exp of Normalized LogL: 0.117312, Best Rate: 0.3
Fault: [0,1,4,3,4,5], logL: -38.572523, Exp of LogL: 0.000000, Normalized LogL: -2.142918, Exp of Normalized LogL: 0.117312, Best Rate: 0.3

========= ADAPTIVE MC DEBUG =========
Total calls: 180
Avg tries: 488.06
Confidence stops: 180
Max stops: 0
Max stop rate: 0.000
Real Fault Rank 3
================= 22/08/2026 05:04:45: SEED 56 END =================
================= 22/08/2026 05:04:45: SEED 57 (55/100), a*=2 fault=[0,1,5,3,4,5] START =================
===== SEED 57 | FR=0.3 | VR=20 =====
executing with fault mode: [0,1,5,3,4,5]

Fault scores (higher is better):
Fault: [0,1,5,3,3,5], logL: -9.649080, Exp of LogL: 0.000064, Normalized LogL: -2.412270, Exp of Normalized LogL: 0.089612, Best Rate: 0.3
Fault: [0,1,5,3,0,5], logL: -9.649080, Exp of LogL: 0.000064, Normalized LogL: -2.412270, Exp of Normalized LogL: 0.089612, Best Rate: 0.3
Fault: [0,1,5,3,4,5], logL: -9.803231, Exp of LogL: 0.000055, Normalized LogL: -2.450808, Exp of Normalized LogL: 0.086224, Best Rate: 0.3
Fault: [0,1,4,3,4,5], logL: -9.803231, Exp of LogL: 0.000055, Normalized LogL: -2.450808, Exp of Normalized LogL: 0.086224, Best Rate: 0.3
Fault: [0,1,5,3,5,5], logL: -9.803231, Exp of LogL: 0.000055, Normalized LogL: -2.450808, Exp of Normalized LogL: 0.086224, Best Rate: 0.3
Fault: [0,1,5,3,2,5], logL: -9.803231, Exp of LogL: 0.000055, Normalized LogL: -2.450808, Exp of Normalized LogL: 0.086224, Best Rate: 0.3
Fault: [0,1,3,3,4,5], logL: -10.496378, Exp of LogL: 0.000028, Normalized LogL: -2.624095, Exp of Normalized LogL: 0.072505, Best Rate: 0.3
Fault: [0,1,1,3,4,5], logL: -10.719522, Exp of LogL: 0.000022, Normalized LogL: -2.679880, Exp of Normalized LogL: 0.068571, Best Rate: 0.3
Fault: [0,1,2,3,4,5], logL: -11.412669, Exp of LogL: 0.000011, Normalized LogL: -2.853167, Exp of Normalized LogL: 0.057661, Best Rate: 0.3
Fault: [0,1,0,3,4,5], logL: -34.320737, Exp of LogL: 0.000000, Normalized LogL: -8.580184, Exp of Normalized LogL: 0.000188, Best Rate: 0.3

========= ADAPTIVE MC DEBUG =========
Total calls: 40
Avg tries: 262.50
Confidence stops: 40
Max stops: 0
Max stop rate: 0.000
Real Fault Rank 3
===== SEED 57 | FR=0.3 | VR=40 =====
executing with fault mode: [0,1,5,3,4,5]

Fault scores (higher is better):
Fault: [0,1,5,3,4,5], logL: -14.053432, Exp of LogL: 0.000001, Normalized LogL: -1.756679, Exp of Normalized LogL: 0.172617, Best Rate: 0.3
Fault: [0,1,4,3,4,5], logL: -14.053432, Exp of LogL: 0.000001, Normalized LogL: -1.756679, Exp of Normalized LogL: 0.172617, Best Rate: 0.3
Fault: [0,1,5,3,3,5], logL: -14.458897, Exp of LogL: 0.000001, Normalized LogL: -1.807362, Exp of Normalized LogL: 0.164086, Best Rate: 0.3
Fault: [0,1,5,3,0,5], logL: -14.458897, Exp of LogL: 0.000001, Normalized LogL: -1.807362, Exp of Normalized LogL: 0.164086, Best Rate: 0.3
Fault: [0,1,5,3,5,5], logL: -14.458897, Exp of LogL: 0.000001, Normalized LogL: -1.807362, Exp of Normalized LogL: 0.164086, Best Rate: 0.3
Fault: [0,1,5,3,2,5], logL: -14.458897, Exp of LogL: 0.000001, Normalized LogL: -1.807362, Exp of Normalized LogL: 0.164086, Best Rate: 0.3
Fault: [0,1,3,3,4,5], logL: -15.334366, Exp of LogL: 0.000000, Normalized LogL: -1.916796, Exp of Normalized LogL: 0.147077, Best Rate: 0.3
Fault: [0,1,1,3,4,5], logL: -38.806649, Exp of LogL: 0.000000, Normalized LogL: -4.850831, Exp of Normalized LogL: 0.007822, Best Rate: 0.3
Fault: [0,1,2,3,4,5], logL: -39.215849, Exp of LogL: 0.000000, Normalized LogL: -4.901981, Exp of Normalized LogL: 0.007432, Best Rate: 0.3
Fault: [0,1,0,3,4,5], logL: -40.152753, Exp of LogL: 0.000000, Normalized LogL: -5.019094, Exp of Normalized LogL: 0.006611, Best Rate: 0.3

========= ADAPTIVE MC DEBUG =========
Total calls: 80
Avg tries: 380.00
Confidence stops: 80
Max stops: 0
Max stop rate: 0.000
Real Fault Rank 1
===== SEED 57 | FR=0.3 | VR=60 =====
executing with fault mode: [0,1,5,3,4,5]

Fault scores (higher is better):
Fault: [0,1,5,3,4,5], logL: -16.839909, Exp of LogL: 0.000000, Normalized LogL: -1.403326, Exp of Normalized LogL: 0.245778, Best Rate: 0.3
Fault: [0,1,4,3,4,5], logL: -16.839909, Exp of LogL: 0.000000, Normalized LogL: -1.403326, Exp of Normalized LogL: 0.245778, Best Rate: 0.3
Fault: [0,1,5,3,3,5], logL: -17.105017, Exp of LogL: 0.000000, Normalized LogL: -1.425418, Exp of Normalized LogL: 0.240408, Best Rate: 0.3
Fault: [0,1,5,3,0,5], logL: -17.105017, Exp of LogL: 0.000000, Normalized LogL: -1.425418, Exp of Normalized LogL: 0.240408, Best Rate: 0.3
Fault: [0,1,5,3,5,5], logL: -17.105017, Exp of LogL: 0.000000, Normalized LogL: -1.425418, Exp of Normalized LogL: 0.240408, Best Rate: 0.3
Fault: [0,1,5,3,2,5], logL: -17.105017, Exp of LogL: 0.000000, Normalized LogL: -1.425418, Exp of Normalized LogL: 0.240408, Best Rate: 0.3
Fault: [0,1,3,3,4,5], logL: -17.597595, Exp of LogL: 0.000000, Normalized LogL: -1.466466, Exp of Normalized LogL: 0.230739, Best Rate: 0.3
Fault: [0,1,0,3,4,5], logL: -20.068113, Exp of LogL: 0.000000, Normalized LogL: -1.672343, Exp of Normalized LogL: 0.187807, Best Rate: 0.3
Fault: [0,1,1,3,4,5], logL: -41.581704, Exp of LogL: 0.000000, Normalized LogL: -3.465142, Exp of Normalized LogL: 0.031269, Best Rate: 0.3
Fault: [0,1,2,3,4,5], logL: -66.695186, Exp of LogL: 0.000000, Normalized LogL: -5.557932, Exp of Normalized LogL: 0.003857, Best Rate: 0.3

========= ADAPTIVE MC DEBUG =========
Total calls: 120
Avg tries: 410.42
Confidence stops: 120
Max stops: 0
Max stop rate: 0.000
Real Fault Rank 1
===== SEED 57 | FR=0.3 | VR=80 =====
executing with fault mode: [0,1,5,3,4,5]

Fault scores (higher is better):
Fault: [0,1,5,3,4,5], logL: -18.310773, Exp of LogL: 0.000000, Normalized LogL: -1.144423, Exp of Normalized LogL: 0.318407, Best Rate: 0.3
Fault: [0,1,4,3,4,5], logL: -18.310773, Exp of LogL: 0.000000, Normalized LogL: -1.144423, Exp of Normalized LogL: 0.318407, Best Rate: 0.3
Fault: [0,1,5,3,3,5], logL: -18.575881, Exp of LogL: 0.000000, Normalized LogL: -1.160993, Exp of Normalized LogL: 0.313175, Best Rate: 0.3
Fault: [0,1,5,3,0,5], logL: -18.575881, Exp of LogL: 0.000000, Normalized LogL: -1.160993, Exp of Normalized LogL: 0.313175, Best Rate: 0.3
Fault: [0,1,5,3,5,5], logL: -18.575881, Exp of LogL: 0.000000, Normalized LogL: -1.160993, Exp of Normalized LogL: 0.313175, Best Rate: 0.3
Fault: [0,1,5,3,2,5], logL: -18.575881, Exp of LogL: 0.000000, Normalized LogL: -1.160993, Exp of Normalized LogL: 0.313175, Best Rate: 0.3
Fault: [0,1,3,3,4,5], logL: -44.321769, Exp of LogL: 0.000000, Normalized LogL: -2.770111, Exp of Normalized LogL: 0.062655, Best Rate: 0.3
Fault: [0,1,1,3,4,5], logL: -44.857207, Exp of LogL: 0.000000, Normalized LogL: -2.803575, Exp of Normalized LogL: 0.060593, Best Rate: 0.3
Fault: [0,1,0,3,4,5], logL: -45.448742, Exp of LogL: 0.000000, Normalized LogL: -2.840546, Exp of Normalized LogL: 0.058394, Best Rate: 0.3
Fault: [0,1,2,3,4,5], logL: -69.462977, Exp of LogL: 0.000000, Normalized LogL: -4.341436, Exp of Normalized LogL: 0.013018, Best Rate: 0.3

========= ADAPTIVE MC DEBUG =========
Total calls: 160
Avg tries: 455.62
Confidence stops: 160
Max stops: 0
Max stop rate: 0.000
Real Fault Rank 1
===== SEED 57 | FR=0.3 | VR=100 =====
executing with fault mode: [0,1,5,3,4,5]

Fault scores (higher is better):
Fault: [0,1,5,3,4,5], logL: -19.215936, Exp of LogL: 0.000000, Normalized LogL: -0.960797, Exp of Normalized LogL: 0.382588, Best Rate: 0.3
Fault: [0,1,4,3,4,5], logL: -19.215936, Exp of LogL: 0.000000, Normalized LogL: -0.960797, Exp of Normalized LogL: 0.382588, Best Rate: 0.3
Fault: [0,1,5,3,3,5], logL: -19.561247, Exp of LogL: 0.000000, Normalized LogL: -0.978062, Exp of Normalized LogL: 0.376039, Best Rate: 0.3
Fault: [0,1,5,3,0,5], logL: -19.561247, Exp of LogL: 0.000000, Normalized LogL: -0.978062, Exp of Normalized LogL: 0.376039, Best Rate: 0.3
Fault: [0,1,5,3,5,5], logL: -19.561247, Exp of LogL: 0.000000, Normalized LogL: -0.978062, Exp of Normalized LogL: 0.376039, Best Rate: 0.3
Fault: [0,1,5,3,2,5], logL: -19.561247, Exp of LogL: 0.000000, Normalized LogL: -0.978062, Exp of Normalized LogL: 0.376039, Best Rate: 0.3
Fault: [0,1,3,3,4,5], logL: -45.226931, Exp of LogL: 0.000000, Normalized LogL: -2.261347, Exp of Normalized LogL: 0.104210, Best Rate: 0.3
Fault: [0,1,1,3,4,5], logL: -45.725759, Exp of LogL: 0.000000, Normalized LogL: -2.286288, Exp of Normalized LogL: 0.101643, Best Rate: 0.3
Fault: [0,1,0,3,4,5], logL: -46.299745, Exp of LogL: 0.000000, Normalized LogL: -2.314987, Exp of Normalized LogL: 0.098767, Best Rate: 0.3
Fault: [0,1,2,3,4,5], logL: -70.352943, Exp of LogL: 0.000000, Normalized LogL: -3.517647, Exp of Normalized LogL: 0.029669, Best Rate: 0.3

========= ADAPTIVE MC DEBUG =========
Total calls: 200
Avg tries: 455.75
Confidence stops: 200
Max stops: 0
Max stop rate: 0.000
Real Fault Rank 1
================= 22/08/2026 05:05:13: SEED 57 END =================
================= 22/08/2026 05:05:13: SEED 58 (56/100), a*=0 fault=[4,1,2,3,4,5] START =================
===== SEED 58 | FR=0.3 | VR=20 =====
executing with fault mode: [4,1,2,3,4,5]

Fault scores (higher is better):
Fault: [3,1,2,3,4,5], logL: -11.088034, Exp of LogL: 0.000015, Normalized LogL: -2.217607, Exp of Normalized LogL: 0.108869, Best Rate: 0.3
Fault: [4,1,2,3,4,5], logL: -11.088034, Exp of LogL: 0.000015, Normalized LogL: -2.217607, Exp of Normalized LogL: 0.108869, Best Rate: 0.3
Fault: [5,1,2,3,4,5], logL: -11.088034, Exp of LogL: 0.000015, Normalized LogL: -2.217607, Exp of Normalized LogL: 0.108869, Best Rate: 0.3
Fault: [0,1,2,3,4,5], logL: -11.145193, Exp of LogL: 0.000014, Normalized LogL: -2.229039, Exp of Normalized LogL: 0.107632, Best Rate: 0.3
Fault: [4,1,2,3,0,5], logL: -11.413457, Exp of LogL: 0.000011, Normalized LogL: -2.282691, Exp of Normalized LogL: 0.102009, Best Rate: 0.3
Fault: [4,1,2,3,3,5], logL: -11.413457, Exp of LogL: 0.000011, Normalized LogL: -2.282691, Exp of Normalized LogL: 0.102009, Best Rate: 0.3
Fault: [4,1,2,3,5,5], logL: -11.413457, Exp of LogL: 0.000011, Normalized LogL: -2.282691, Exp of Normalized LogL: 0.102009, Best Rate: 0.3
Fault: [4,1,2,3,1,5], logL: -11.580511, Exp of LogL: 0.000009, Normalized LogL: -2.316102, Exp of Normalized LogL: 0.098657, Best Rate: 0.3
Fault: [2,1,2,3,4,5], logL: -11.580511, Exp of LogL: 0.000009, Normalized LogL: -2.316102, Exp of Normalized LogL: 0.098657, Best Rate: 0.3
Fault: [1,1,2,3,4,5], logL: -11.675821, Exp of LogL: 0.000008, Normalized LogL: -2.335164, Exp of Normalized LogL: 0.096795, Best Rate: 0.3

========= ADAPTIVE MC DEBUG =========
Total calls: 50
Avg tries: 260.00
Confidence stops: 50
Max stops: 0
Max stop rate: 0.000
Real Fault Rank 2
===== SEED 58 | FR=0.3 | VR=40 =====
executing with fault mode: [4,1,2,3,4,5]

Fault scores (higher is better):
Fault: [4,1,2,3,0,5], logL: -12.486574, Exp of LogL: 0.000004, Normalized LogL: -1.387397, Exp of Normalized LogL: 0.249724, Best Rate: 0.3
Fault: [4,1,2,3,3,5], logL: -12.486574, Exp of LogL: 0.000004, Normalized LogL: -1.387397, Exp of Normalized LogL: 0.249724, Best Rate: 0.3
Fault: [4,1,2,3,5,5], logL: -12.486574, Exp of LogL: 0.000004, Normalized LogL: -1.387397, Exp of Normalized LogL: 0.249724, Best Rate: 0.3
Fault: [4,1,2,3,4,5], logL: -12.535174, Exp of LogL: 0.000004, Normalized LogL: -1.392797, Exp of Normalized LogL: 0.248380, Best Rate: 0.3
Fault: [5,1,2,3,4,5], logL: -12.535174, Exp of LogL: 0.000004, Normalized LogL: -1.392797, Exp of Normalized LogL: 0.248380, Best Rate: 0.3
Fault: [3,1,2,3,4,5], logL: -12.822856, Exp of LogL: 0.000003, Normalized LogL: -1.424762, Exp of Normalized LogL: 0.240566, Best Rate: 0.3
Fault: [4,1,2,3,1,5], logL: -12.858138, Exp of LogL: 0.000003, Normalized LogL: -1.428682, Exp of Normalized LogL: 0.239625, Best Rate: 0.3
Fault: [0,1,2,3,4,5], logL: -13.228321, Exp of LogL: 0.000002, Normalized LogL: -1.469813, Exp of Normalized LogL: 0.229968, Best Rate: 0.3
Fault: [1,1,2,3,4,5], logL: -13.410643, Exp of LogL: 0.000001, Normalized LogL: -1.490071, Exp of Normalized LogL: 0.225357, Best Rate: 0.3
Fault: [2,1,2,3,4,5], logL: -13.633786, Exp of LogL: 0.000001, Normalized LogL: -1.514865, Exp of Normalized LogL: 0.219838, Best Rate: 0.3

========= ADAPTIVE MC DEBUG =========
Total calls: 90
Avg tries: 359.44
Confidence stops: 90
Max stops: 0
Max stop rate: 0.000
Real Fault Rank 4
===== SEED 58 | FR=0.3 | VR=60 =====
executing with fault mode: [4,1,2,3,4,5]

Fault scores (higher is better):
Fault: [4,1,2,3,0,5], logL: -13.386335, Exp of LogL: 0.000002, Normalized LogL: -1.029718, Exp of Normalized LogL: 0.357108, Best Rate: 0.3
Fault: [4,1,2,3,3,5], logL: -13.386335, Exp of LogL: 0.000002, Normalized LogL: -1.029718, Exp of Normalized LogL: 0.357108, Best Rate: 0.3
Fault: [4,1,2,3,5,5], logL: -13.386335, Exp of LogL: 0.000002, Normalized LogL: -1.029718, Exp of Normalized LogL: 0.357108, Best Rate: 0.3
Fault: [4,1,2,3,4,5], logL: -13.434935, Exp of LogL: 0.000001, Normalized LogL: -1.033457, Exp of Normalized LogL: 0.355775, Best Rate: 0.3
Fault: [5,1,2,3,4,5], logL: -13.434935, Exp of LogL: 0.000001, Normalized LogL: -1.033457, Exp of Normalized LogL: 0.355775, Best Rate: 0.3
Fault: [3,1,2,3,4,5], logL: -13.722617, Exp of LogL: 0.000001, Normalized LogL: -1.055586, Exp of Normalized LogL: 0.347988, Best Rate: 0.3
Fault: [4,1,2,3,1,5], logL: -13.757899, Exp of LogL: 0.000001, Normalized LogL: -1.058300, Exp of Normalized LogL: 0.347045, Best Rate: 0.3
Fault: [0,1,2,3,4,5], logL: -14.128082, Exp of LogL: 0.000001, Normalized LogL: -1.086776, Exp of Normalized LogL: 0.337302, Best Rate: 0.3
Fault: [1,1,2,3,4,5], logL: -14.310404, Exp of LogL: 0.000001, Normalized LogL: -1.100800, Exp of Normalized LogL: 0.332605, Best Rate: 0.3
Fault: [2,1,2,3,4,5], logL: -14.533547, Exp of LogL: 0.000000, Normalized LogL: -1.117965, Exp of Normalized LogL: 0.326944, Best Rate: 0.3

========= ADAPTIVE MC DEBUG =========
Total calls: 130
Avg tries: 421.92
Confidence stops: 130
Max stops: 0
Max stop rate: 0.000
Real Fault Rank 4
===== SEED 58 | FR=0.3 | VR=80 =====
executing with fault mode: [4,1,2,3,4,5]

Fault scores (higher is better):
Fault: [4,1,2,3,4,5], logL: -13.410577, Exp of LogL: 0.000001, Normalized LogL: -0.788857, Exp of Normalized LogL: 0.454364, Best Rate: 0.3
Fault: [5,1,2,3,4,5], logL: -13.410577, Exp of LogL: 0.000001, Normalized LogL: -0.788857, Exp of Normalized LogL: 0.454364, Best Rate: 0.3
Fault: [4,1,2,3,0,5], logL: -13.733541, Exp of LogL: 0.000001, Normalized LogL: -0.807855, Exp of Normalized LogL: 0.445813, Best Rate: 0.3
Fault: [4,1,2,3,3,5], logL: -13.733541, Exp of LogL: 0.000001, Normalized LogL: -0.807855, Exp of Normalized LogL: 0.445813, Best Rate: 0.3
Fault: [4,1,2,3,1,5], logL: -13.733541, Exp of LogL: 0.000001, Normalized LogL: -0.807855, Exp of Normalized LogL: 0.445813, Best Rate: 0.3
Fault: [4,1,2,3,5,5], logL: -13.733541, Exp of LogL: 0.000001, Normalized LogL: -0.807855, Exp of Normalized LogL: 0.445813, Best Rate: 0.3
Fault: [3,1,2,3,4,5], logL: -13.773950, Exp of LogL: 0.000001, Normalized LogL: -0.810232, Exp of Normalized LogL: 0.444755, Best Rate: 0.3
Fault: [0,1,2,3,4,5], logL: -14.332190, Exp of LogL: 0.000001, Normalized LogL: -0.843070, Exp of Normalized LogL: 0.430387, Best Rate: 0.3
Fault: [1,1,2,3,4,5], logL: -15.193034, Exp of LogL: 0.000000, Normalized LogL: -0.893708, Exp of Normalized LogL: 0.409136, Best Rate: 0.3
Fault: [2,1,2,3,4,5], logL: -15.375999, Exp of LogL: 0.000000, Normalized LogL: -0.904471, Exp of Normalized LogL: 0.404756, Best Rate: 0.3

========= ADAPTIVE MC DEBUG =========
Total calls: 170
Avg tries: 485.29
Confidence stops: 170
Max stops: 0
Max stop rate: 0.000
Real Fault Rank 1
===== SEED 58 | FR=0.3 | VR=100 =====
executing with fault mode: [4,1,2,3,4,5]

Fault scores (higher is better):
Fault: [3,1,2,3,4,5], logL: -15.963486, Exp of LogL: 0.000000, Normalized LogL: -0.725613, Exp of Normalized LogL: 0.484028, Best Rate: 0.3
Fault: [4,1,2,3,4,5], logL: -16.056721, Exp of LogL: 0.000000, Normalized LogL: -0.729851, Exp of Normalized LogL: 0.481981, Best Rate: 0.3
Fault: [5,1,2,3,4,5], logL: -16.056721, Exp of LogL: 0.000000, Normalized LogL: -0.729851, Exp of Normalized LogL: 0.481981, Best Rate: 0.3
Fault: [4,1,2,3,0,5], logL: -16.379685, Exp of LogL: 0.000000, Normalized LogL: -0.744531, Exp of Normalized LogL: 0.474957, Best Rate: 0.3
Fault: [4,1,2,3,3,5], logL: -16.379685, Exp of LogL: 0.000000, Normalized LogL: -0.744531, Exp of Normalized LogL: 0.474957, Best Rate: 0.3
Fault: [4,1,2,3,1,5], logL: -16.379685, Exp of LogL: 0.000000, Normalized LogL: -0.744531, Exp of Normalized LogL: 0.474957, Best Rate: 0.3
Fault: [4,1,2,3,5,5], logL: -16.379685, Exp of LogL: 0.000000, Normalized LogL: -0.744531, Exp of Normalized LogL: 0.474957, Best Rate: 0.3
Fault: [0,1,2,3,4,5], logL: -16.527432, Exp of LogL: 0.000000, Normalized LogL: -0.751247, Exp of Normalized LogL: 0.471778, Best Rate: 0.3
Fault: [1,1,2,3,4,5], logL: -17.203694, Exp of LogL: 0.000000, Normalized LogL: -0.781986, Exp of Normalized LogL: 0.457496, Best Rate: 0.3
Fault: [2,1,2,3,4,5], logL: -17.331991, Exp of LogL: 0.000000, Normalized LogL: -0.787818, Exp of Normalized LogL: 0.454836, Best Rate: 0.3

========= ADAPTIVE MC DEBUG =========
Total calls: 220
Avg tries: 476.36
Confidence stops: 220
Max stops: 0
Max stop rate: 0.000
Real Fault Rank 2
================= 22/08/2026 05:05:46: SEED 58 END =================
================= 22/08/2026 05:05:46: SEED 59 (57/100), a*=3 fault=[0,1,2,2,4,5] START =================
===== SEED 59 | FR=0.3 | VR=20 =====
executing with fault mode: [0,1,2,2,4,5]

executing with fault mode: [0,1,2,2,4,5]

Fault scores (higher is better):
Fault: [0,1,2,2,5,5], logL: -15.398994, Exp of LogL: 0.000000, Normalized LogL: -2.199856, Exp of Normalized LogL: 0.110819, Best Rate: 0.3
Fault: [0,1,2,2,3,5], logL: -15.398994, Exp of LogL: 0.000000, Normalized LogL: -2.199856, Exp of Normalized LogL: 0.110819, Best Rate: 0.3
Fault: [0,1,2,2,0,5], logL: -15.441554, Exp of LogL: 0.000000, Normalized LogL: -2.205936, Exp of Normalized LogL: 0.110147, Best Rate: 0.3
Fault: [0,1,2,2,2,5], logL: -15.504355, Exp of LogL: 0.000000, Normalized LogL: -2.214908, Exp of Normalized LogL: 0.109164, Best Rate: 0.3
Fault: [0,1,2,2,4,5], logL: -15.755669, Exp of LogL: 0.000000, Normalized LogL: -2.250810, Exp of Normalized LogL: 0.105314, Best Rate: 0.3
Fault: [0,1,2,0,4,5], logL: -15.895346, Exp of LogL: 0.000000, Normalized LogL: -2.270764, Exp of Normalized LogL: 0.103233, Best Rate: 0.3
Fault: [0,1,2,5,4,5], logL: -40.148472, Exp of LogL: 0.000000, Normalized LogL: -5.735496, Exp of Normalized LogL: 0.003229, Best Rate: 0.3
Fault: [0,1,2,4,4,5], logL: -40.148472, Exp of LogL: 0.000000, Normalized LogL: -5.735496, Exp of Normalized LogL: 0.003229, Best Rate: 0.3
Fault: [0,1,2,3,4,5], logL: -40.831815, Exp of LogL: 0.000000, Normalized LogL: -5.833116, Exp of Normalized LogL: 0.002929, Best Rate: 0.3
Fault: [0,1,2,1,4,5], logL: -64.616724, Exp of LogL: 0.000000, Normalized LogL: -9.230961, Exp of Normalized LogL: 0.000098, Best Rate: 0.3

========= ADAPTIVE MC DEBUG =========
Total calls: 70
Avg tries: 305.71
Confidence stops: 70
Max stops: 0
Max stop rate: 0.000
Real Fault Rank 5
===== SEED 59 | FR=0.3 | VR=40 =====
executing with fault mode: [0,1,2,2,4,5]

executing with fault mode: [0,1,2,2,4,5]

Fault scores (higher is better):
Fault: [0,1,2,2,4,5], logL: -20.103047, Exp of LogL: 0.000000, Normalized LogL: -1.435932, Exp of Normalized LogL: 0.237894, Best Rate: 0.3
Fault: [0,1,2,2,0,5], logL: -20.470992, Exp of LogL: 0.000000, Normalized LogL: -1.462214, Exp of Normalized LogL: 0.231723, Best Rate: 0.3
Fault: [0,1,2,2,5,5], logL: -20.470992, Exp of LogL: 0.000000, Normalized LogL: -1.462214, Exp of Normalized LogL: 0.231723, Best Rate: 0.3
Fault: [0,1,2,2,3,5], logL: -20.470992, Exp of LogL: 0.000000, Normalized LogL: -1.462214, Exp of Normalized LogL: 0.231723, Best Rate: 0.3
Fault: [0,1,2,2,2,5], logL: -20.470992, Exp of LogL: 0.000000, Normalized LogL: -1.462214, Exp of Normalized LogL: 0.231723, Best Rate: 0.3
Fault: [0,1,2,0,4,5], logL: -22.779076, Exp of LogL: 0.000000, Normalized LogL: -1.627077, Exp of Normalized LogL: 0.196503, Best Rate: 0.3
Fault: [0,1,2,5,4,5], logL: -22.936483, Exp of LogL: 0.000000, Normalized LogL: -1.638320, Exp of Normalized LogL: 0.194306, Best Rate: 0.3
Fault: [0,1,2,4,4,5], logL: -22.936483, Exp of LogL: 0.000000, Normalized LogL: -1.638320, Exp of Normalized LogL: 0.194306, Best Rate: 0.3
Fault: [0,1,2,1,4,5], logL: -46.558737, Exp of LogL: 0.000000, Normalized LogL: -3.325624, Exp of Normalized LogL: 0.035950, Best Rate: 0.3
Fault: [0,1,2,3,4,5], logL: -49.107816, Exp of LogL: 0.000000, Normalized LogL: -3.507701, Exp of Normalized LogL: 0.029966, Best Rate: 0.3

========= ADAPTIVE MC DEBUG =========
Total calls: 140
Avg tries: 435.71
Confidence stops: 140
Max stops: 0
Max stop rate: 0.000
Real Fault Rank 1
===== SEED 59 | FR=0.3 | VR=60 =====
executing with fault mode: [0,1,2,2,4,5]

executing with fault mode: [0,1,2,2,4,5]

Fault scores (higher is better):
Fault: [0,1,2,2,4,5], logL: -23.683709, Exp of LogL: 0.000000, Normalized LogL: -1.184185, Exp of Normalized LogL: 0.305995, Best Rate: 0.3
Fault: [0,1,2,2,0,5], logL: -24.051654, Exp of LogL: 0.000000, Normalized LogL: -1.202583, Exp of Normalized LogL: 0.300417, Best Rate: 0.3
Fault: [0,1,2,2,5,5], logL: -24.051654, Exp of LogL: 0.000000, Normalized LogL: -1.202583, Exp of Normalized LogL: 0.300417, Best Rate: 0.3
Fault: [0,1,2,2,3,5], logL: -24.051654, Exp of LogL: 0.000000, Normalized LogL: -1.202583, Exp of Normalized LogL: 0.300417, Best Rate: 0.3
Fault: [0,1,2,2,2,5], logL: -24.051654, Exp of LogL: 0.000000, Normalized LogL: -1.202583, Exp of Normalized LogL: 0.300417, Best Rate: 0.3
Fault: [0,1,2,0,4,5], logL: -26.706376, Exp of LogL: 0.000000, Normalized LogL: -1.335319, Exp of Normalized LogL: 0.263074, Best Rate: 0.3
Fault: [0,1,2,1,4,5], logL: -51.419203, Exp of LogL: 0.000000, Normalized LogL: -2.570960, Exp of Normalized LogL: 0.076462, Best Rate: 0.3
Fault: [0,1,2,5,4,5], logL: -52.005579, Exp of LogL: 0.000000, Normalized LogL: -2.600279, Exp of Normalized LogL: 0.074253, Best Rate: 0.3
Fault: [0,1,2,4,4,5], logL: -52.005579, Exp of LogL: 0.000000, Normalized LogL: -2.600279, Exp of Normalized LogL: 0.074253, Best Rate: 0.3
Fault: [0,1,2,3,4,5], logL: -77.895204, Exp of LogL: 0.000000, Normalized LogL: -3.894760, Exp of Normalized LogL: 0.020348, Best Rate: 0.3

========= ADAPTIVE MC DEBUG =========
Total calls: 200
Avg tries: 461.00
Confidence stops: 200
Max stops: 0
Max stop rate: 0.000
Real Fault Rank 1
===== SEED 59 | FR=0.3 | VR=80 =====
executing with fault mode: [0,1,2,2,4,5]

executing with fault mode: [0,1,2,2,4,5]

Fault scores (higher is better):
Fault: [0,1,2,2,4,5], logL: -28.930520, Exp of LogL: 0.000000, Normalized LogL: -1.071501, Exp of Normalized LogL: 0.342494, Best Rate: 0.3
Fault: [0,1,2,2,0,5], logL: -29.298465, Exp of LogL: 0.000000, Normalized LogL: -1.085128, Exp of Normalized LogL: 0.337858, Best Rate: 0.3
Fault: [0,1,2,2,5,5], logL: -29.298465, Exp of LogL: 0.000000, Normalized LogL: -1.085128, Exp of Normalized LogL: 0.337858, Best Rate: 0.3
Fault: [0,1,2,2,3,5], logL: -29.298465, Exp of LogL: 0.000000, Normalized LogL: -1.085128, Exp of Normalized LogL: 0.337858, Best Rate: 0.3
Fault: [0,1,2,2,2,5], logL: -29.298465, Exp of LogL: 0.000000, Normalized LogL: -1.085128, Exp of Normalized LogL: 0.337858, Best Rate: 0.3
Fault: [0,1,2,0,4,5], logL: -33.377400, Exp of LogL: 0.000000, Normalized LogL: -1.236200, Exp of Normalized LogL: 0.290486, Best Rate: 0.3
Fault: [0,1,2,1,4,5], logL: -34.460603, Exp of LogL: 0.000000, Normalized LogL: -1.276319, Exp of Normalized LogL: 0.279063, Best Rate: 0.3
Fault: [0,1,2,5,4,5], logL: -83.909962, Exp of LogL: 0.000000, Normalized LogL: -3.107776, Exp of Normalized LogL: 0.044700, Best Rate: 0.3
Fault: [0,1,2,4,4,5], logL: -83.909962, Exp of LogL: 0.000000, Normalized LogL: -3.107776, Exp of Normalized LogL: 0.044700, Best Rate: 0.3
Fault: [0,1,2,3,4,5], logL: -108.534922, Exp of LogL: 0.000000, Normalized LogL: -4.019812, Exp of Normalized LogL: 0.017956, Best Rate: 0.3

========= ADAPTIVE MC DEBUG =========
Total calls: 270
Avg tries: 461.67
Confidence stops: 270
Max stops: 0
Max stop rate: 0.000
Real Fault Rank 1
===== SEED 59 | FR=0.3 | VR=100 =====
executing with fault mode: [0,1,2,2,4,5]

executing with fault mode: [0,1,2,2,4,5]

Fault scores (higher is better):
Fault: [0,1,2,2,4,5], logL: -31.508491, Exp of LogL: 0.000000, Normalized LogL: -0.926720, Exp of Normalized LogL: 0.395850, Best Rate: 0.3
Fault: [0,1,2,2,0,5], logL: -31.859985, Exp of LogL: 0.000000, Normalized LogL: -0.937058, Exp of Normalized LogL: 0.391779, Best Rate: 0.3
Fault: [0,1,2,2,5,5], logL: -31.859985, Exp of LogL: 0.000000, Normalized LogL: -0.937058, Exp of Normalized LogL: 0.391779, Best Rate: 0.3
Fault: [0,1,2,2,3,5], logL: -31.859985, Exp of LogL: 0.000000, Normalized LogL: -0.937058, Exp of Normalized LogL: 0.391779, Best Rate: 0.3
Fault: [0,1,2,2,2,5], logL: -31.859985, Exp of LogL: 0.000000, Normalized LogL: -0.937058, Exp of Normalized LogL: 0.391779, Best Rate: 0.3
Fault: [0,1,2,0,4,5], logL: -36.552766, Exp of LogL: 0.000000, Normalized LogL: -1.075081, Exp of Normalized LogL: 0.341270, Best Rate: 0.3
Fault: [0,1,2,1,4,5], logL: -37.446219, Exp of LogL: 0.000000, Normalized LogL: -1.101359, Exp of Normalized LogL: 0.332419, Best Rate: 0.3
Fault: [0,1,2,5,4,5], logL: -110.481045, Exp of LogL: 0.000000, Normalized LogL: -3.249443, Exp of Normalized LogL: 0.038796, Best Rate: 0.3
Fault: [0,1,2,4,4,5], logL: -110.481045, Exp of LogL: 0.000000, Normalized LogL: -3.249443, Exp of Normalized LogL: 0.038796, Best Rate: 0.3
Fault: [0,1,2,3,4,5], logL: -135.362980, Exp of LogL: 0.000000, Normalized LogL: -3.981264, Exp of Normalized LogL: 0.018662, Best Rate: 0.3

========= ADAPTIVE MC DEBUG =========
Total calls: 340
Avg tries: 468.38
Confidence stops: 340
Max stops: 0
Max stop rate: 0.000
Real Fault Rank 1
================= 22/08/2026 05:06:38: SEED 59 END =================
================= 22/08/2026 05:06:38: SEED 60 (58/100), a*=0 fault=[1,1,2,3,4,5] START =================
===== SEED 60 | FR=0.3 | VR=20 =====
executing with fault mode: [1,1,2,3,4,5]

Fault scores (higher is better):
Fault: [1,1,2,3,4,5], logL: -9.989242, Exp of LogL: 0.000046, Normalized LogL: -1.997848, Exp of Normalized LogL: 0.135627, Best Rate: 0.3
Fault: [1,1,2,3,3,5], logL: -10.369921, Exp of LogL: 0.000031, Normalized LogL: -2.073984, Exp of Normalized LogL: 0.125684, Best Rate: 0.3
Fault: [1,1,2,3,5,5], logL: -10.369921, Exp of LogL: 0.000031, Normalized LogL: -2.073984, Exp of Normalized LogL: 0.125684, Best Rate: 0.3
Fault: [1,1,2,3,2,5], logL: -10.369921, Exp of LogL: 0.000031, Normalized LogL: -2.073984, Exp of Normalized LogL: 0.125684, Best Rate: 0.3
Fault: [1,1,2,3,0,5], logL: -10.369921, Exp of LogL: 0.000031, Normalized LogL: -2.073984, Exp of Normalized LogL: 0.125684, Best Rate: 0.3
Fault: [2,1,2,3,4,5], logL: -11.202939, Exp of LogL: 0.000014, Normalized LogL: -2.240588, Exp of Normalized LogL: 0.106396, Best Rate: 0.3
Fault: [3,1,2,3,4,5], logL: -11.683238, Exp of LogL: 0.000008, Normalized LogL: -2.336648, Exp of Normalized LogL: 0.096651, Best Rate: 0.3
Fault: [5,1,2,3,4,5], logL: -12.271024, Exp of LogL: 0.000005, Normalized LogL: -2.454205, Exp of Normalized LogL: 0.085931, Best Rate: 0.3
Fault: [4,1,2,3,4,5], logL: -12.271024, Exp of LogL: 0.000005, Normalized LogL: -2.454205, Exp of Normalized LogL: 0.085931, Best Rate: 0.3
Fault: [0,1,2,3,4,5], logL: -34.406808, Exp of LogL: 0.000000, Normalized LogL: -6.881362, Exp of Normalized LogL: 0.001027, Best Rate: 0.3

========= ADAPTIVE MC DEBUG =========
Total calls: 50
Avg tries: 367.00
Confidence stops: 50
Max stops: 0
Max stop rate: 0.000
Real Fault Rank 1
===== SEED 60 | FR=0.3 | VR=40 =====
executing with fault mode: [1,1,2,3,4,5]

Fault scores (higher is better):
Fault: [1,1,2,3,4,5], logL: -13.486962, Exp of LogL: 0.000001, Normalized LogL: -1.348696, Exp of Normalized LogL: 0.259578, Best Rate: 0.3
Fault: [1,1,2,3,3,5], logL: -13.835102, Exp of LogL: 0.000001, Normalized LogL: -1.383510, Exp of Normalized LogL: 0.250697, Best Rate: 0.3
Fault: [1,1,2,3,5,5], logL: -13.835102, Exp of LogL: 0.000001, Normalized LogL: -1.383510, Exp of Normalized LogL: 0.250697, Best Rate: 0.3
Fault: [1,1,2,3,2,5], logL: -13.835102, Exp of LogL: 0.000001, Normalized LogL: -1.383510, Exp of Normalized LogL: 0.250697, Best Rate: 0.3
Fault: [1,1,2,3,0,5], logL: -13.835102, Exp of LogL: 0.000001, Normalized LogL: -1.383510, Exp of Normalized LogL: 0.250697, Best Rate: 0.3
Fault: [2,1,2,3,4,5], logL: -15.491320, Exp of LogL: 0.000000, Normalized LogL: -1.549132, Exp of Normalized LogL: 0.212432, Best Rate: 0.3
Fault: [5,1,2,3,4,5], logL: -16.594380, Exp of LogL: 0.000000, Normalized LogL: -1.659438, Exp of Normalized LogL: 0.190246, Best Rate: 0.3
Fault: [4,1,2,3,4,5], logL: -16.594380, Exp of LogL: 0.000000, Normalized LogL: -1.659438, Exp of Normalized LogL: 0.190246, Best Rate: 0.3
Fault: [3,1,2,3,4,5], logL: -16.624664, Exp of LogL: 0.000000, Normalized LogL: -1.662466, Exp of Normalized LogL: 0.189671, Best Rate: 0.3
Fault: [0,1,2,3,4,5], logL: -39.991722, Exp of LogL: 0.000000, Normalized LogL: -3.999172, Exp of Normalized LogL: 0.018331, Best Rate: 0.3

========= ADAPTIVE MC DEBUG =========
Total calls: 100
Avg tries: 402.00
Confidence stops: 100
Max stops: 0
Max stop rate: 0.000
Real Fault Rank 1
===== SEED 60 | FR=0.3 | VR=60 =====
executing with fault mode: [1,1,2,3,4,5]

Fault scores (higher is better):
Fault: [2,1,2,3,4,5], logL: -16.209412, Exp of LogL: 0.000000, Normalized LogL: -1.157815, Exp of Normalized LogL: 0.314172, Best Rate: 0.3
Fault: [1,1,2,3,4,5], logL: -17.120322, Exp of LogL: 0.000000, Normalized LogL: -1.222880, Exp of Normalized LogL: 0.294381, Best Rate: 0.3
Fault: [1,1,2,3,3,5], logL: -17.468462, Exp of LogL: 0.000000, Normalized LogL: -1.247747, Exp of Normalized LogL: 0.287151, Best Rate: 0.3
Fault: [1,1,2,3,5,5], logL: -17.468462, Exp of LogL: 0.000000, Normalized LogL: -1.247747, Exp of Normalized LogL: 0.287151, Best Rate: 0.3
Fault: [1,1,2,3,2,5], logL: -17.468462, Exp of LogL: 0.000000, Normalized LogL: -1.247747, Exp of Normalized LogL: 0.287151, Best Rate: 0.3
Fault: [1,1,2,3,0,5], logL: -17.468462, Exp of LogL: 0.000000, Normalized LogL: -1.247747, Exp of Normalized LogL: 0.287151, Best Rate: 0.3
Fault: [5,1,2,3,4,5], logL: -18.030516, Exp of LogL: 0.000000, Normalized LogL: -1.287894, Exp of Normalized LogL: 0.275851, Best Rate: 0.3
Fault: [4,1,2,3,4,5], logL: -18.030516, Exp of LogL: 0.000000, Normalized LogL: -1.287894, Exp of Normalized LogL: 0.275851, Best Rate: 0.3
Fault: [3,1,2,3,4,5], logL: -18.423244, Exp of LogL: 0.000000, Normalized LogL: -1.315946, Exp of Normalized LogL: 0.268220, Best Rate: 0.3
Fault: [0,1,2,3,4,5], logL: -19.800464, Exp of LogL: 0.000000, Normalized LogL: -1.414319, Exp of Normalized LogL: 0.243091, Best Rate: 0.3

========= ADAPTIVE MC DEBUG =========
Total calls: 140
Avg tries: 434.29
Confidence stops: 140
Max stops: 0
Max stop rate: 0.000
Real Fault Rank 2
===== SEED 60 | FR=0.3 | VR=80 =====
executing with fault mode: [1,1,2,3,4,5]

Fault scores (higher is better):
Fault: [2,1,2,3,4,5], logL: -18.477899, Exp of LogL: 0.000000, Normalized LogL: -0.972521, Exp of Normalized LogL: 0.378129, Best Rate: 0.3
Fault: [1,1,2,3,4,5], logL: -19.585601, Exp of LogL: 0.000000, Normalized LogL: -1.030821, Exp of Normalized LogL: 0.356714, Best Rate: 0.3
Fault: [1,1,2,3,3,5], logL: -19.933741, Exp of LogL: 0.000000, Normalized LogL: -1.049144, Exp of Normalized LogL: 0.350237, Best Rate: 0.3
Fault: [1,1,2,3,5,5], logL: -19.933741, Exp of LogL: 0.000000, Normalized LogL: -1.049144, Exp of Normalized LogL: 0.350237, Best Rate: 0.3
Fault: [1,1,2,3,2,5], logL: -19.933741, Exp of LogL: 0.000000, Normalized LogL: -1.049144, Exp of Normalized LogL: 0.350237, Best Rate: 0.3
Fault: [1,1,2,3,0,5], logL: -19.933741, Exp of LogL: 0.000000, Normalized LogL: -1.049144, Exp of Normalized LogL: 0.350237, Best Rate: 0.3
Fault: [5,1,2,3,4,5], logL: -20.765581, Exp of LogL: 0.000000, Normalized LogL: -1.092925, Exp of Normalized LogL: 0.335234, Best Rate: 0.3
Fault: [4,1,2,3,4,5], logL: -20.765581, Exp of LogL: 0.000000, Normalized LogL: -1.092925, Exp of Normalized LogL: 0.335234, Best Rate: 0.3
Fault: [3,1,2,3,4,5], logL: -20.922008, Exp of LogL: 0.000000, Normalized LogL: -1.101158, Exp of Normalized LogL: 0.332486, Best Rate: 0.3
Fault: [0,1,2,3,4,5], logL: -21.729015, Exp of LogL: 0.000000, Normalized LogL: -1.143632, Exp of Normalized LogL: 0.318659, Best Rate: 0.3

========= ADAPTIVE MC DEBUG =========
Total calls: 190
Avg tries: 470.53
Confidence stops: 190
Max stops: 0
Max stop rate: 0.000
Real Fault Rank 2
===== SEED 60 | FR=0.3 | VR=100 =====
executing with fault mode: [1,1,2,3,4,5]

Fault scores (higher is better):
Fault: [1,1,2,3,4,5], logL: -21.248833, Exp of LogL: 0.000000, Normalized LogL: -0.885368, Exp of Normalized LogL: 0.412562, Best Rate: 0.3
Fault: [1,1,2,3,3,5], logL: -21.596973, Exp of LogL: 0.000000, Normalized LogL: -0.899874, Exp of Normalized LogL: 0.406621, Best Rate: 0.3
Fault: [1,1,2,3,5,5], logL: -21.596973, Exp of LogL: 0.000000, Normalized LogL: -0.899874, Exp of Normalized LogL: 0.406621, Best Rate: 0.3
Fault: [1,1,2,3,2,5], logL: -21.596973, Exp of LogL: 0.000000, Normalized LogL: -0.899874, Exp of Normalized LogL: 0.406621, Best Rate: 0.3
Fault: [1,1,2,3,0,5], logL: -21.596973, Exp of LogL: 0.000000, Normalized LogL: -0.899874, Exp of Normalized LogL: 0.406621, Best Rate: 0.3
Fault: [3,1,2,3,4,5], logL: -24.893193, Exp of LogL: 0.000000, Normalized LogL: -1.037216, Exp of Normalized LogL: 0.354440, Best Rate: 0.3
Fault: [2,1,2,3,4,5], logL: -72.020882, Exp of LogL: 0.000000, Normalized LogL: -3.000870, Exp of Normalized LogL: 0.049744, Best Rate: 0.3
Fault: [0,1,2,3,4,5], logL: -72.797538, Exp of LogL: 0.000000, Normalized LogL: -3.033231, Exp of Normalized LogL: 0.048160, Best Rate: 0.3
Fault: [5,1,2,3,4,5], logL: -74.206781, Exp of LogL: 0.000000, Normalized LogL: -3.091949, Exp of Normalized LogL: 0.045413, Best Rate: 0.3
Fault: [4,1,2,3,4,5], logL: -74.206781, Exp of LogL: 0.000000, Normalized LogL: -3.091949, Exp of Normalized LogL: 0.045413, Best Rate: 0.3

========= ADAPTIVE MC DEBUG =========
Total calls: 240
Avg tries: 471.25
Confidence stops: 240
Max stops: 0
Max stop rate: 0.000
Real Fault Rank 1
================= 22/08/2026 05:07:15: SEED 60 END =================
================= 22/08/2026 05:07:15: SEED 61 (59/100), a*=0 fault=[4,1,2,3,4,5] START =================
===== SEED 61 | FR=0.3 | VR=20 =====
executing with fault mode: [4,1,2,3,4,5]

executing with fault mode: [4,1,2,3,4,5]

executing with fault mode: [4,1,2,3,4,5]

Fault scores (higher is better):
Fault: [2,1,2,3,4,5], logL: -7.701582, Exp of LogL: 0.000452, Normalized LogL: -1.925395, Exp of Normalized LogL: 0.145818, Best Rate: 0.3
Fault: [4,1,2,3,4,5], logL: -8.280320, Exp of LogL: 0.000253, Normalized LogL: -2.070080, Exp of Normalized LogL: 0.126176, Best Rate: 0.3
Fault: [5,1,2,3,4,5], logL: -8.280320, Exp of LogL: 0.000253, Normalized LogL: -2.070080, Exp of Normalized LogL: 0.126176, Best Rate: 0.3
Fault: [4,1,5,3,4,5], logL: -8.426439, Exp of LogL: 0.000219, Normalized LogL: -2.106610, Exp of Normalized LogL: 0.121650, Best Rate: 0.3
Fault: [4,1,4,3,4,5], logL: -8.426439, Exp of LogL: 0.000219, Normalized LogL: -2.106610, Exp of Normalized LogL: 0.121650, Best Rate: 0.3
Fault: [4,1,1,3,4,5], logL: -8.444048, Exp of LogL: 0.000215, Normalized LogL: -2.111012, Exp of Normalized LogL: 0.121115, Best Rate: 0.3
Fault: [4,1,0,3,4,5], logL: -9.133610, Exp of LogL: 0.000108, Normalized LogL: -2.283402, Exp of Normalized LogL: 0.101937, Best Rate: 0.3
Fault: [1,1,2,3,4,5], logL: -10.342303, Exp of LogL: 0.000032, Normalized LogL: -2.585576, Exp of Normalized LogL: 0.075353, Best Rate: 0.3
Fault: [0,1,2,3,4,5], logL: -10.353352, Exp of LogL: 0.000032, Normalized LogL: -2.588338, Exp of Normalized LogL: 0.075145, Best Rate: 0.3
Fault: [3,1,2,3,4,5], logL: -10.593617, Exp of LogL: 0.000025, Normalized LogL: -2.648404, Exp of Normalized LogL: 0.070764, Best Rate: 0.3

========= ADAPTIVE MC DEBUG =========
Total calls: 40
Avg tries: 338.75
Confidence stops: 40
Max stops: 0
Max stop rate: 0.000
Real Fault Rank 2
===== SEED 61 | FR=0.3 | VR=40 =====
executing with fault mode: [4,1,2,3,4,5]

executing with fault mode: [4,1,2,3,4,5]

executing with fault mode: [4,1,2,3,4,5]

Fault scores (higher is better):
Fault: [2,1,2,3,4,5], logL: -10.429845, Exp of LogL: 0.000030, Normalized LogL: -1.303731, Exp of Normalized LogL: 0.271517, Best Rate: 0.3
Fault: [4,1,2,3,4,5], logL: -11.244689, Exp of LogL: 0.000013, Normalized LogL: -1.405586, Exp of Normalized LogL: 0.245223, Best Rate: 0.3
Fault: [5,1,2,3,4,5], logL: -11.244689, Exp of LogL: 0.000013, Normalized LogL: -1.405586, Exp of Normalized LogL: 0.245223, Best Rate: 0.3
Fault: [4,1,1,3,4,5], logL: -11.556246, Exp of LogL: 0.000010, Normalized LogL: -1.444531, Exp of Normalized LogL: 0.235857, Best Rate: 0.3
Fault: [4,1,5,3,4,5], logL: -11.612799, Exp of LogL: 0.000009, Normalized LogL: -1.451600, Exp of Normalized LogL: 0.234195, Best Rate: 0.3
Fault: [4,1,4,3,4,5], logL: -11.612799, Exp of LogL: 0.000009, Normalized LogL: -1.451600, Exp of Normalized LogL: 0.234195, Best Rate: 0.3
Fault: [4,1,0,3,4,5], logL: -11.920101, Exp of LogL: 0.000007, Normalized LogL: -1.490013, Exp of Normalized LogL: 0.225370, Best Rate: 0.3
Fault: [1,1,2,3,4,5], logL: -14.011514, Exp of LogL: 0.000001, Normalized LogL: -1.751439, Exp of Normalized LogL: 0.173524, Best Rate: 0.3
Fault: [0,1,2,3,4,5], logL: -14.540876, Exp of LogL: 0.000000, Normalized LogL: -1.817609, Exp of Normalized LogL: 0.162414, Best Rate: 0.3
Fault: [3,1,2,3,4,5], logL: -15.803940, Exp of LogL: 0.000000, Normalized LogL: -1.975492, Exp of Normalized LogL: 0.138693, Best Rate: 0.3

========= ADAPTIVE MC DEBUG =========
Total calls: 80
Avg tries: 412.50
Confidence stops: 80
Max stops: 0
Max stop rate: 0.000
Real Fault Rank 2
===== SEED 61 | FR=0.3 | VR=60 =====
executing with fault mode: [4,1,2,3,4,5]

executing with fault mode: [4,1,2,3,4,5]

executing with fault mode: [4,1,2,3,4,5]

Fault scores (higher is better):
Fault: [2,1,2,3,4,5], logL: -12.250400, Exp of LogL: 0.000005, Normalized LogL: -1.020867, Exp of Normalized LogL: 0.360283, Best Rate: 0.3
Fault: [4,1,2,3,4,5], logL: -13.206508, Exp of LogL: 0.000002, Normalized LogL: -1.100542, Exp of Normalized LogL: 0.332691, Best Rate: 0.3
Fault: [5,1,2,3,4,5], logL: -13.206508, Exp of LogL: 0.000002, Normalized LogL: -1.100542, Exp of Normalized LogL: 0.332691, Best Rate: 0.3
Fault: [4,1,0,3,4,5], logL: -13.956278, Exp of LogL: 0.000001, Normalized LogL: -1.163023, Exp of Normalized LogL: 0.312540, Best Rate: 0.3
Fault: [4,1,1,3,4,5], logL: -14.068583, Exp of LogL: 0.000001, Normalized LogL: -1.172382, Exp of Normalized LogL: 0.309629, Best Rate: 0.3
Fault: [4,1,5,3,4,5], logL: -14.229684, Exp of LogL: 0.000001, Normalized LogL: -1.185807, Exp of Normalized LogL: 0.305500, Best Rate: 0.3
Fault: [4,1,4,3,4,5], logL: -14.229684, Exp of LogL: 0.000001, Normalized LogL: -1.185807, Exp of Normalized LogL: 0.305500, Best Rate: 0.3
Fault: [0,1,2,3,4,5], logL: -15.463463, Exp of LogL: 0.000000, Normalized LogL: -1.288622, Exp of Normalized LogL: 0.275650, Best Rate: 0.3
Fault: [1,1,2,3,4,5], logL: -15.612980, Exp of LogL: 0.000000, Normalized LogL: -1.301082, Exp of Normalized LogL: 0.272237, Best Rate: 0.3
Fault: [3,1,2,3,4,5], logL: -16.877035, Exp of LogL: 0.000000, Normalized LogL: -1.406420, Exp of Normalized LogL: 0.245019, Best Rate: 0.3

========= ADAPTIVE MC DEBUG =========
Total calls: 120
Avg tries: 459.58
Confidence stops: 120
Max stops: 0
Max stop rate: 0.000
Real Fault Rank 2
===== SEED 61 | FR=0.3 | VR=80 =====
executing with fault mode: [4,1,2,3,4,5]

executing with fault mode: [4,1,2,3,4,5]

executing with fault mode: [4,1,2,3,4,5]

Fault scores (higher is better):
Fault: [2,1,2,3,4,5], logL: -14.651884, Exp of LogL: 0.000000, Normalized LogL: -0.915743, Exp of Normalized LogL: 0.400219, Best Rate: 0.3
Fault: [4,1,2,3,4,5], logL: -15.666934, Exp of LogL: 0.000000, Normalized LogL: -0.979183, Exp of Normalized LogL: 0.375618, Best Rate: 0.3
Fault: [5,1,2,3,4,5], logL: -15.666934, Exp of LogL: 0.000000, Normalized LogL: -0.979183, Exp of Normalized LogL: 0.375618, Best Rate: 0.3
Fault: [4,1,0,3,4,5], logL: -16.208200, Exp of LogL: 0.000000, Normalized LogL: -1.013013, Exp of Normalized LogL: 0.363123, Best Rate: 0.3
Fault: [4,1,1,3,4,5], logL: -16.313561, Exp of LogL: 0.000000, Normalized LogL: -1.019598, Exp of Normalized LogL: 0.360740, Best Rate: 0.3
Fault: [4,1,5,3,4,5], logL: -16.420981, Exp of LogL: 0.000000, Normalized LogL: -1.026311, Exp of Normalized LogL: 0.358326, Best Rate: 0.3
Fault: [4,1,4,3,4,5], logL: -16.420981, Exp of LogL: 0.000000, Normalized LogL: -1.026311, Exp of Normalized LogL: 0.358326, Best Rate: 0.3
Fault: [0,1,2,3,4,5], logL: -18.401406, Exp of LogL: 0.000000, Normalized LogL: -1.150088, Exp of Normalized LogL: 0.316609, Best Rate: 0.3
Fault: [1,1,2,3,4,5], logL: -18.466253, Exp of LogL: 0.000000, Normalized LogL: -1.154141, Exp of Normalized LogL: 0.315328, Best Rate: 0.3
Fault: [3,1,2,3,4,5], logL: -20.285661, Exp of LogL: 0.000000, Normalized LogL: -1.267854, Exp of Normalized LogL: 0.281435, Best Rate: 0.3

========= ADAPTIVE MC DEBUG =========
Total calls: 160
Avg tries: 463.12
Confidence stops: 160
Max stops: 0
Max stop rate: 0.000
Real Fault Rank 2
===== SEED 61 | FR=0.3 | VR=100 =====
executing with fault mode: [4,1,2,3,4,5]

executing with fault mode: [4,1,2,3,4,5]

executing with fault mode: [4,1,2,3,4,5]

Fault scores (higher is better):
Fault: [2,1,2,3,4,5], logL: -16.716294, Exp of LogL: 0.000000, Normalized LogL: -0.835815, Exp of Normalized LogL: 0.433521, Best Rate: 0.3
Fault: [4,1,2,3,4,5], logL: -17.753307, Exp of LogL: 0.000000, Normalized LogL: -0.887665, Exp of Normalized LogL: 0.411616, Best Rate: 0.3
Fault: [5,1,2,3,4,5], logL: -17.753307, Exp of LogL: 0.000000, Normalized LogL: -0.887665, Exp of Normalized LogL: 0.411616, Best Rate: 0.3
Fault: [4,1,1,3,4,5], logL: -18.254527, Exp of LogL: 0.000000, Normalized LogL: -0.912726, Exp of Normalized LogL: 0.401428, Best Rate: 0.3
Fault: [4,1,0,3,4,5], logL: -18.263550, Exp of LogL: 0.000000, Normalized LogL: -0.913178, Exp of Normalized LogL: 0.401247, Best Rate: 0.3
Fault: [4,1,5,3,4,5], logL: -18.439747, Exp of LogL: 0.000000, Normalized LogL: -0.921987, Exp of Normalized LogL: 0.397728, Best Rate: 0.3
Fault: [4,1,4,3,4,5], logL: -18.439747, Exp of LogL: 0.000000, Normalized LogL: -0.921987, Exp of Normalized LogL: 0.397728, Best Rate: 0.3
Fault: [0,1,2,3,4,5], logL: -19.274701, Exp of LogL: 0.000000, Normalized LogL: -0.963735, Exp of Normalized LogL: 0.381465, Best Rate: 0.3
Fault: [1,1,2,3,4,5], logL: -20.352092, Exp of LogL: 0.000000, Normalized LogL: -1.017605, Exp of Normalized LogL: 0.361460, Best Rate: 0.3
Fault: [3,1,2,3,4,5], logL: -21.434954, Exp of LogL: 0.000000, Normalized LogL: -1.071748, Exp of Normalized LogL: 0.342410, Best Rate: 0.3

========= ADAPTIVE MC DEBUG =========
Total calls: 200
Avg tries: 464.25
Confidence stops: 200
Max stops: 0
Max stop rate: 0.000
Real Fault Rank 2
================= 22/08/2026 05:07:46: SEED 61 END =================
================= 22/08/2026 05:07:46: SEED 62 (60/100), a*=3 fault=[0,1,2,4,4,5] START =================
===== SEED 62 | FR=0.3 | VR=20 =====
executing with fault mode: [0,1,2,4,4,5]

Fault scores (higher is better):
Fault: [0,1,1,4,4,5], logL: -6.355552, Exp of LogL: 0.001737, Normalized LogL: -1.588888, Exp of Normalized LogL: 0.204152, Best Rate: 0.3
Fault: [0,1,2,5,4,5], logL: -6.379944, Exp of LogL: 0.001695, Normalized LogL: -1.594986, Exp of Normalized LogL: 0.202911, Best Rate: 0.3
Fault: [0,1,2,4,4,5], logL: -6.379944, Exp of LogL: 0.001695, Normalized LogL: -1.594986, Exp of Normalized LogL: 0.202911, Best Rate: 0.3
Fault: [0,1,3,4,4,5], logL: -6.513727, Exp of LogL: 0.001483, Normalized LogL: -1.628432, Exp of Normalized LogL: 0.196237, Best Rate: 0.3
Fault: [0,1,2,1,4,5], logL: -6.616332, Exp of LogL: 0.001338, Normalized LogL: -1.654083, Exp of Normalized LogL: 0.191267, Best Rate: 0.3
Fault: [0,1,2,0,4,5], logL: -6.616332, Exp of LogL: 0.001338, Normalized LogL: -1.654083, Exp of Normalized LogL: 0.191267, Best Rate: 0.3
Fault: [0,1,2,3,4,5], logL: -6.616332, Exp of LogL: 0.001338, Normalized LogL: -1.654083, Exp of Normalized LogL: 0.191267, Best Rate: 0.3
Fault: [0,1,5,4,4,5], logL: -6.689618, Exp of LogL: 0.001244, Normalized LogL: -1.672404, Exp of Normalized LogL: 0.187795, Best Rate: 0.3
Fault: [0,1,4,4,4,5], logL: -6.689618, Exp of LogL: 0.001244, Normalized LogL: -1.672404, Exp of Normalized LogL: 0.187795, Best Rate: 0.3
Fault: [0,1,2,2,4,5], logL: -6.839476, Exp of LogL: 0.001071, Normalized LogL: -1.709869, Exp of Normalized LogL: 0.180889, Best Rate: 0.3

========= ADAPTIVE MC DEBUG =========
Total calls: 40
Avg tries: 383.75
Confidence stops: 40
Max stops: 0
Max stop rate: 0.000
Real Fault Rank 3
===== SEED 62 | FR=0.3 | VR=40 =====
executing with fault mode: [0,1,2,4,4,5]

Fault scores (higher is better):
Fault: [0,1,2,5,4,5], logL: -13.392511, Exp of LogL: 0.000002, Normalized LogL: -1.674064, Exp of Normalized LogL: 0.187484, Best Rate: 0.3
Fault: [0,1,2,4,4,5], logL: -13.392511, Exp of LogL: 0.000002, Normalized LogL: -1.674064, Exp of Normalized LogL: 0.187484, Best Rate: 0.3
Fault: [0,1,2,3,4,5], logL: -13.392511, Exp of LogL: 0.000002, Normalized LogL: -1.674064, Exp of Normalized LogL: 0.187484, Best Rate: 0.3
Fault: [0,1,2,1,4,5], logL: -13.559565, Exp of LogL: 0.000001, Normalized LogL: -1.694946, Exp of Normalized LogL: 0.183609, Best Rate: 0.3
Fault: [0,1,2,0,4,5], logL: -13.559565, Exp of LogL: 0.000001, Normalized LogL: -1.694946, Exp of Normalized LogL: 0.183609, Best Rate: 0.3
Fault: [0,1,1,4,4,5], logL: -13.615655, Exp of LogL: 0.000001, Normalized LogL: -1.701957, Exp of Normalized LogL: 0.182326, Best Rate: 0.3
Fault: [0,1,2,2,4,5], logL: -13.878019, Exp of LogL: 0.000001, Normalized LogL: -1.734752, Exp of Normalized LogL: 0.176444, Best Rate: 0.3
Fault: [0,1,3,4,4,5], logL: -13.903337, Exp of LogL: 0.000001, Normalized LogL: -1.737917, Exp of Normalized LogL: 0.175886, Best Rate: 0.3
Fault: [0,1,5,4,4,5], logL: -13.903337, Exp of LogL: 0.000001, Normalized LogL: -1.737917, Exp of Normalized LogL: 0.175886, Best Rate: 0.3
Fault: [0,1,4,4,4,5], logL: -13.903337, Exp of LogL: 0.000001, Normalized LogL: -1.737917, Exp of Normalized LogL: 0.175886, Best Rate: 0.3

========= ADAPTIVE MC DEBUG =========
Total calls: 80
Avg tries: 366.25
Confidence stops: 80
Max stops: 0
Max stop rate: 0.000
Real Fault Rank 2
===== SEED 62 | FR=0.3 | VR=60 =====
executing with fault mode: [0,1,2,4,4,5]

Fault scores (higher is better):
Fault: [0,1,2,3,4,5], logL: -16.626722, Exp of LogL: 0.000000, Normalized LogL: -1.385560, Exp of Normalized LogL: 0.250184, Best Rate: 0.3
Fault: [0,1,2,1,4,5], logL: -16.686251, Exp of LogL: 0.000000, Normalized LogL: -1.390521, Exp of Normalized LogL: 0.248946, Best Rate: 0.3
Fault: [0,1,2,5,4,5], logL: -16.896138, Exp of LogL: 0.000000, Normalized LogL: -1.408012, Exp of Normalized LogL: 0.244629, Best Rate: 0.3
Fault: [0,1,2,4,4,5], logL: -16.896138, Exp of LogL: 0.000000, Normalized LogL: -1.408012, Exp of Normalized LogL: 0.244629, Best Rate: 0.3
Fault: [0,1,1,4,4,5], logL: -17.119282, Exp of LogL: 0.000000, Normalized LogL: -1.426607, Exp of Normalized LogL: 0.240122, Best Rate: 0.3
Fault: [0,1,3,4,4,5], logL: -17.406964, Exp of LogL: 0.000000, Normalized LogL: -1.450580, Exp of Normalized LogL: 0.234434, Best Rate: 0.3
Fault: [0,1,5,4,4,5], logL: -17.406964, Exp of LogL: 0.000000, Normalized LogL: -1.450580, Exp of Normalized LogL: 0.234434, Best Rate: 0.3
Fault: [0,1,4,4,4,5], logL: -17.406964, Exp of LogL: 0.000000, Normalized LogL: -1.450580, Exp of Normalized LogL: 0.234434, Best Rate: 0.3
Fault: [0,1,2,2,4,5], logL: -17.707069, Exp of LogL: 0.000000, Normalized LogL: -1.475589, Exp of Normalized LogL: 0.228644, Best Rate: 0.3
Fault: [0,1,2,0,4,5], logL: -18.066901, Exp of LogL: 0.000000, Normalized LogL: -1.505575, Exp of Normalized LogL: 0.221890, Best Rate: 0.3

========= ADAPTIVE MC DEBUG =========
Total calls: 120
Avg tries: 415.00
Confidence stops: 120
Max stops: 0
Max stop rate: 0.000
Real Fault Rank 4
===== SEED 62 | FR=0.3 | VR=80 =====
executing with fault mode: [0,1,2,4,4,5]

Fault scores (higher is better):
Fault: [0,1,2,5,4,5], logL: -17.702229, Exp of LogL: 0.000000, Normalized LogL: -1.106389, Exp of Normalized LogL: 0.330751, Best Rate: 0.3
Fault: [0,1,2,4,4,5], logL: -17.702229, Exp of LogL: 0.000000, Normalized LogL: -1.106389, Exp of Normalized LogL: 0.330751, Best Rate: 0.3
Fault: [0,1,1,4,4,5], logL: -17.958005, Exp of LogL: 0.000000, Normalized LogL: -1.122375, Exp of Normalized LogL: 0.325506, Best Rate: 0.3
Fault: [0,1,3,4,4,5], logL: -18.053409, Exp of LogL: 0.000000, Normalized LogL: -1.128338, Exp of Normalized LogL: 0.323571, Best Rate: 0.3
Fault: [0,1,5,4,4,5], logL: -18.053409, Exp of LogL: 0.000000, Normalized LogL: -1.128338, Exp of Normalized LogL: 0.323571, Best Rate: 0.3
Fault: [0,1,4,4,4,5], logL: -18.053409, Exp of LogL: 0.000000, Normalized LogL: -1.128338, Exp of Normalized LogL: 0.323571, Best Rate: 0.3
Fault: [0,1,2,1,4,5], logL: -42.486567, Exp of LogL: 0.000000, Normalized LogL: -2.655410, Exp of Normalized LogL: 0.070270, Best Rate: 0.3
Fault: [0,1,2,3,4,5], logL: -42.735057, Exp of LogL: 0.000000, Normalized LogL: -2.670941, Exp of Normalized LogL: 0.069187, Best Rate: 0.3
Fault: [0,1,2,2,4,5], logL: -43.387465, Exp of LogL: 0.000000, Normalized LogL: -2.711717, Exp of Normalized LogL: 0.066423, Best Rate: 0.3
Fault: [0,1,2,0,4,5], logL: -43.776893, Exp of LogL: 0.000000, Normalized LogL: -2.736056, Exp of Normalized LogL: 0.064826, Best Rate: 0.3

========= ADAPTIVE MC DEBUG =========
Total calls: 160
Avg tries: 462.81
Confidence stops: 160
Max stops: 0
Max stop rate: 0.000
Real Fault Rank 2
===== SEED 62 | FR=0.3 | VR=100 =====
executing with fault mode: [0,1,2,4,4,5]

Fault scores (higher is better):
Fault: [0,1,2,5,4,5], logL: -18.649315, Exp of LogL: 0.000000, Normalized LogL: -0.932466, Exp of Normalized LogL: 0.393582, Best Rate: 0.3
Fault: [0,1,2,4,4,5], logL: -18.649315, Exp of LogL: 0.000000, Normalized LogL: -0.932466, Exp of Normalized LogL: 0.393582, Best Rate: 0.3
Fault: [0,1,1,4,4,5], logL: -18.905091, Exp of LogL: 0.000000, Normalized LogL: -0.945255, Exp of Normalized LogL: 0.388581, Best Rate: 0.3
Fault: [0,1,3,4,4,5], logL: -19.000495, Exp of LogL: 0.000000, Normalized LogL: -0.950025, Exp of Normalized LogL: 0.386731, Best Rate: 0.3
Fault: [0,1,5,4,4,5], logL: -19.000495, Exp of LogL: 0.000000, Normalized LogL: -0.950025, Exp of Normalized LogL: 0.386731, Best Rate: 0.3
Fault: [0,1,4,4,4,5], logL: -19.000495, Exp of LogL: 0.000000, Normalized LogL: -0.950025, Exp of Normalized LogL: 0.386731, Best Rate: 0.3
Fault: [0,1,2,1,4,5], logL: -43.466966, Exp of LogL: 0.000000, Normalized LogL: -2.173348, Exp of Normalized LogL: 0.113796, Best Rate: 0.3
Fault: [0,1,2,3,4,5], logL: -43.502565, Exp of LogL: 0.000000, Normalized LogL: -2.175128, Exp of Normalized LogL: 0.113594, Best Rate: 0.3
Fault: [0,1,2,2,4,5], logL: -44.460177, Exp of LogL: 0.000000, Normalized LogL: -2.223009, Exp of Normalized LogL: 0.108283, Best Rate: 0.3
Fault: [0,1,2,0,4,5], logL: -44.775755, Exp of LogL: 0.000000, Normalized LogL: -2.238788, Exp of Normalized LogL: 0.106588, Best Rate: 0.3

========= ADAPTIVE MC DEBUG =========
Total calls: 200
Avg tries: 461.75
Confidence stops: 200
Max stops: 0
Max stop rate: 0.000
Real Fault Rank 2
================= 22/08/2026 05:08:16: SEED 62 END =================
================= 22/08/2026 05:08:16: SEED 63 (61/100), a*=1 fault=[0,4,2,3,4,5] START =================
===== SEED 63 | FR=0.3 | VR=20 =====
executing with fault mode: [0,4,2,3,4,5]

Fault scores (higher is better):
Fault: [0,4,2,3,4,5], logL: -18.919129, Exp of LogL: 0.000000, Normalized LogL: -2.102125, Exp of Normalized LogL: 0.122196, Best Rate: 0.3
Fault: [0,5,2,3,4,5], logL: -18.919129, Exp of LogL: 0.000000, Normalized LogL: -2.102125, Exp of Normalized LogL: 0.122196, Best Rate: 0.3
Fault: [0,4,2,3,2,5], logL: -19.155518, Exp of LogL: 0.000000, Normalized LogL: -2.128391, Exp of Normalized LogL: 0.119029, Best Rate: 0.3
Fault: [0,4,2,3,1,5], logL: -19.155518, Exp of LogL: 0.000000, Normalized LogL: -2.128391, Exp of Normalized LogL: 0.119029, Best Rate: 0.3
Fault: [0,4,2,3,5,5], logL: -19.155518, Exp of LogL: 0.000000, Normalized LogL: -2.128391, Exp of Normalized LogL: 0.119029, Best Rate: 0.3
Fault: [0,4,2,3,3,5], logL: -19.155518, Exp of LogL: 0.000000, Normalized LogL: -2.128391, Exp of Normalized LogL: 0.119029, Best Rate: 0.3
Fault: [0,1,2,3,4,5], logL: -19.561993, Exp of LogL: 0.000000, Normalized LogL: -2.173555, Exp of Normalized LogL: 0.113772, Best Rate: 0.3
Fault: [0,3,2,3,4,5], logL: -19.586300, Exp of LogL: 0.000000, Normalized LogL: -2.176256, Exp of Normalized LogL: 0.113466, Best Rate: 0.3
Fault: [0,2,2,3,4,5], logL: -19.888131, Exp of LogL: 0.000000, Normalized LogL: -2.209792, Exp of Normalized LogL: 0.109723, Best Rate: 0.3
Fault: [0,0,2,3,4,5], logL: -21.154140, Exp of LogL: 0.000000, Normalized LogL: -2.350460, Exp of Normalized LogL: 0.095325, Best Rate: 0.3

========= ADAPTIVE MC DEBUG =========
Total calls: 90
Avg tries: 317.78
Confidence stops: 90
Max stops: 0
Max stop rate: 0.000
Real Fault Rank 1
===== SEED 63 | FR=0.3 | VR=40 =====
executing with fault mode: [0,4,2,3,4,5]

Fault scores (higher is better):
Fault: [0,4,2,3,4,5], logL: -25.625701, Exp of LogL: 0.000000, Normalized LogL: -1.507394, Exp of Normalized LogL: 0.221486, Best Rate: 0.3
Fault: [0,5,2,3,4,5], logL: -25.625701, Exp of LogL: 0.000000, Normalized LogL: -1.507394, Exp of Normalized LogL: 0.221486, Best Rate: 0.3
Fault: [0,4,2,3,2,5], logL: -25.992223, Exp of LogL: 0.000000, Normalized LogL: -1.528954, Exp of Normalized LogL: 0.216762, Best Rate: 0.3
Fault: [0,4,2,3,1,5], logL: -25.992223, Exp of LogL: 0.000000, Normalized LogL: -1.528954, Exp of Normalized LogL: 0.216762, Best Rate: 0.3
Fault: [0,4,2,3,5,5], logL: -25.992223, Exp of LogL: 0.000000, Normalized LogL: -1.528954, Exp of Normalized LogL: 0.216762, Best Rate: 0.3
Fault: [0,4,2,3,3,5], logL: -25.992223, Exp of LogL: 0.000000, Normalized LogL: -1.528954, Exp of Normalized LogL: 0.216762, Best Rate: 0.3
Fault: [0,2,2,3,4,5], logL: -26.519519, Exp of LogL: 0.000000, Normalized LogL: -1.559972, Exp of Normalized LogL: 0.210142, Best Rate: 0.3
Fault: [0,1,2,3,4,5], logL: -28.355904, Exp of LogL: 0.000000, Normalized LogL: -1.667994, Exp of Normalized LogL: 0.188625, Best Rate: 0.3
Fault: [0,0,2,3,4,5], logL: -28.778884, Exp of LogL: 0.000000, Normalized LogL: -1.692876, Exp of Normalized LogL: 0.183990, Best Rate: 0.3
Fault: [0,3,2,3,4,5], logL: -30.012200, Exp of LogL: 0.000000, Normalized LogL: -1.765424, Exp of Normalized LogL: 0.171114, Best Rate: 0.3

========= ADAPTIVE MC DEBUG =========
Total calls: 170
Avg tries: 426.18
Confidence stops: 170
Max stops: 0
Max stop rate: 0.000
Real Fault Rank 1
===== SEED 63 | FR=0.3 | VR=60 =====
executing with fault mode: [0,4,2,3,4,5]

Fault scores (higher is better):
Fault: [0,4,2,3,4,5], logL: -31.379978, Exp of LogL: 0.000000, Normalized LogL: -1.206922, Exp of Normalized LogL: 0.299116, Best Rate: 0.3
Fault: [0,5,2,3,4,5], logL: -31.379978, Exp of LogL: 0.000000, Normalized LogL: -1.206922, Exp of Normalized LogL: 0.299116, Best Rate: 0.3
Fault: [0,4,2,3,2,5], logL: -31.697432, Exp of LogL: 0.000000, Normalized LogL: -1.219132, Exp of Normalized LogL: 0.295487, Best Rate: 0.3
Fault: [0,4,2,3,1,5], logL: -31.697432, Exp of LogL: 0.000000, Normalized LogL: -1.219132, Exp of Normalized LogL: 0.295487, Best Rate: 0.3
Fault: [0,4,2,3,5,5], logL: -31.697432, Exp of LogL: 0.000000, Normalized LogL: -1.219132, Exp of Normalized LogL: 0.295487, Best Rate: 0.3
Fault: [0,4,2,3,3,5], logL: -31.697432, Exp of LogL: 0.000000, Normalized LogL: -1.219132, Exp of Normalized LogL: 0.295487, Best Rate: 0.3
Fault: [0,2,2,3,4,5], logL: -32.500272, Exp of LogL: 0.000000, Normalized LogL: -1.250010, Exp of Normalized LogL: 0.286502, Best Rate: 0.3
Fault: [0,1,2,3,4,5], logL: -34.721090, Exp of LogL: 0.000000, Normalized LogL: -1.335427, Exp of Normalized LogL: 0.263046, Best Rate: 0.3
Fault: [0,0,2,3,4,5], logL: -34.834947, Exp of LogL: 0.000000, Normalized LogL: -1.339806, Exp of Normalized LogL: 0.261897, Best Rate: 0.3
Fault: [0,3,2,3,4,5], logL: -35.766477, Exp of LogL: 0.000000, Normalized LogL: -1.375634, Exp of Normalized LogL: 0.252679, Best Rate: 0.3

========= ADAPTIVE MC DEBUG =========
Total calls: 260
Avg tries: 440.77
Confidence stops: 260
Max stops: 0
Max stop rate: 0.000
Real Fault Rank 1
===== SEED 63 | FR=0.3 | VR=80 =====
executing with fault mode: [0,4,2,3,4,5]

Fault scores (higher is better):
Fault: [0,4,2,3,4,5], logL: -65.374108, Exp of LogL: 0.000000, Normalized LogL: -1.922768, Exp of Normalized LogL: 0.146202, Best Rate: 0.3
Fault: [0,5,2,3,4,5], logL: -65.374108, Exp of LogL: 0.000000, Normalized LogL: -1.922768, Exp of Normalized LogL: 0.146202, Best Rate: 0.3
Fault: [0,2,2,3,4,5], logL: -65.645696, Exp of LogL: 0.000000, Normalized LogL: -1.930756, Exp of Normalized LogL: 0.145039, Best Rate: 0.3
Fault: [0,4,2,3,2,5], logL: -65.691562, Exp of LogL: 0.000000, Normalized LogL: -1.932105, Exp of Normalized LogL: 0.144843, Best Rate: 0.3
Fault: [0,4,2,3,1,5], logL: -65.691562, Exp of LogL: 0.000000, Normalized LogL: -1.932105, Exp of Normalized LogL: 0.144843, Best Rate: 0.3
Fault: [0,4,2,3,5,5], logL: -65.691562, Exp of LogL: 0.000000, Normalized LogL: -1.932105, Exp of Normalized LogL: 0.144843, Best Rate: 0.3
Fault: [0,4,2,3,3,5], logL: -65.691562, Exp of LogL: 0.000000, Normalized LogL: -1.932105, Exp of Normalized LogL: 0.144843, Best Rate: 0.3
Fault: [0,1,2,3,4,5], logL: -66.887600, Exp of LogL: 0.000000, Normalized LogL: -1.967282, Exp of Normalized LogL: 0.139836, Best Rate: 0.3
Fault: [0,0,2,3,4,5], logL: -69.124899, Exp of LogL: 0.000000, Normalized LogL: -2.033085, Exp of Normalized LogL: 0.130931, Best Rate: 0.3
Fault: [0,3,2,3,4,5], logL: -69.707482, Exp of LogL: 0.000000, Normalized LogL: -2.050220, Exp of Normalized LogL: 0.128707, Best Rate: 0.3

========= ADAPTIVE MC DEBUG =========
Total calls: 340
Avg tries: 441.62
Confidence stops: 340
Max stops: 0
Max stop rate: 0.000
Real Fault Rank 1
===== SEED 63 | FR=0.3 | VR=100 =====
executing with fault mode: [0,4,2,3,4,5]

Fault scores (higher is better):
Fault: [0,4,2,3,4,5], logL: -44.186672, Exp of LogL: 0.000000, Normalized LogL: -1.027597, Exp of Normalized LogL: 0.357866, Best Rate: 0.3
Fault: [0,5,2,3,4,5], logL: -44.186672, Exp of LogL: 0.000000, Normalized LogL: -1.027597, Exp of Normalized LogL: 0.357866, Best Rate: 0.3
Fault: [0,4,2,3,2,5], logL: -44.504126, Exp of LogL: 0.000000, Normalized LogL: -1.034980, Exp of Normalized LogL: 0.355234, Best Rate: 0.3
Fault: [0,4,2,3,1,5], logL: -44.504126, Exp of LogL: 0.000000, Normalized LogL: -1.034980, Exp of Normalized LogL: 0.355234, Best Rate: 0.3
Fault: [0,4,2,3,5,5], logL: -44.504126, Exp of LogL: 0.000000, Normalized LogL: -1.034980, Exp of Normalized LogL: 0.355234, Best Rate: 0.3
Fault: [0,4,2,3,3,5], logL: -44.504126, Exp of LogL: 0.000000, Normalized LogL: -1.034980, Exp of Normalized LogL: 0.355234, Best Rate: 0.3
Fault: [0,2,2,3,4,5], logL: -45.050103, Exp of LogL: 0.000000, Normalized LogL: -1.047677, Exp of Normalized LogL: 0.350752, Best Rate: 0.3
Fault: [0,1,2,3,4,5], logL: -46.099286, Exp of LogL: 0.000000, Normalized LogL: -1.072076, Exp of Normalized LogL: 0.342297, Best Rate: 0.3
Fault: [0,0,2,3,4,5], logL: -48.302684, Exp of LogL: 0.000000, Normalized LogL: -1.123318, Exp of Normalized LogL: 0.325199, Best Rate: 0.3
Fault: [0,3,2,3,4,5], logL: -48.520045, Exp of LogL: 0.000000, Normalized LogL: -1.128373, Exp of Normalized LogL: 0.323559, Best Rate: 0.3

========= ADAPTIVE MC DEBUG =========
Total calls: 430
Avg tries: 451.98
Confidence stops: 430
Max stops: 0
Max stop rate: 0.000
Real Fault Rank 1
================= 22/08/2026 05:09:20: SEED 63 END =================
================= 22/08/2026 05:09:20: SEED 64 (62/100), a*=1 fault=[0,4,2,3,4,5] START =================
===== SEED 64 | FR=0.3 | VR=20 =====
executing with fault mode: [0,4,2,3,4,5]

executing with fault mode: [0,4,2,3,4,5]

Fault scores (higher is better):
Fault: [0,4,2,3,1,5], logL: -7.836281, Exp of LogL: 0.000395, Normalized LogL: -1.959070, Exp of Normalized LogL: 0.140989, Best Rate: 0.3
Fault: [0,4,2,3,0,5], logL: -7.836281, Exp of LogL: 0.000395, Normalized LogL: -1.959070, Exp of Normalized LogL: 0.140989, Best Rate: 0.3
Fault: [0,4,2,3,2,5], logL: -7.836281, Exp of LogL: 0.000395, Normalized LogL: -1.959070, Exp of Normalized LogL: 0.140989, Best Rate: 0.3
Fault: [0,4,2,3,5,5], logL: -7.836281, Exp of LogL: 0.000395, Normalized LogL: -1.959070, Exp of Normalized LogL: 0.140989, Best Rate: 0.3
Fault: [0,2,2,3,4,5], logL: -7.861540, Exp of LogL: 0.000385, Normalized LogL: -1.965385, Exp of Normalized LogL: 0.140102, Best Rate: 0.3
Fault: [0,4,2,3,4,5], logL: -7.949609, Exp of LogL: 0.000353, Normalized LogL: -1.987402, Exp of Normalized LogL: 0.137051, Best Rate: 0.3
Fault: [0,5,2,3,4,5], logL: -7.949609, Exp of LogL: 0.000353, Normalized LogL: -1.987402, Exp of Normalized LogL: 0.137051, Best Rate: 0.3
Fault: [0,1,2,3,4,5], logL: -8.860582, Exp of LogL: 0.000142, Normalized LogL: -2.215145, Exp of Normalized LogL: 0.109138, Best Rate: 0.3
Fault: [0,0,2,3,4,5], logL: -9.382474, Exp of LogL: 0.000084, Normalized LogL: -2.345619, Exp of Normalized LogL: 0.095788, Best Rate: 0.3
Fault: [0,3,2,3,4,5], logL: -9.655628, Exp of LogL: 0.000064, Normalized LogL: -2.413907, Exp of Normalized LogL: 0.089465, Best Rate: 0.3

========= ADAPTIVE MC DEBUG =========
Total calls: 40
Avg tries: 325.00
Confidence stops: 40
Max stops: 0
Max stop rate: 0.000
Real Fault Rank 6
===== SEED 64 | FR=0.3 | VR=40 =====
executing with fault mode: [0,4,2,3,4,5]

executing with fault mode: [0,4,2,3,4,5]

Fault scores (higher is better):
Fault: [0,2,2,3,4,5], logL: -10.949533, Exp of LogL: 0.000018, Normalized LogL: -1.564219, Exp of Normalized LogL: 0.209251, Best Rate: 0.3
Fault: [0,4,2,3,4,5], logL: -10.973064, Exp of LogL: 0.000017, Normalized LogL: -1.567581, Exp of Normalized LogL: 0.208549, Best Rate: 0.3
Fault: [0,5,2,3,4,5], logL: -10.973064, Exp of LogL: 0.000017, Normalized LogL: -1.567581, Exp of Normalized LogL: 0.208549, Best Rate: 0.3
Fault: [0,4,2,3,1,5], logL: -11.532679, Exp of LogL: 0.000010, Normalized LogL: -1.647526, Exp of Normalized LogL: 0.192526, Best Rate: 0.3
Fault: [0,4,2,3,0,5], logL: -11.532679, Exp of LogL: 0.000010, Normalized LogL: -1.647526, Exp of Normalized LogL: 0.192526, Best Rate: 0.3
Fault: [0,4,2,3,2,5], logL: -11.532679, Exp of LogL: 0.000010, Normalized LogL: -1.647526, Exp of Normalized LogL: 0.192526, Best Rate: 0.3
Fault: [0,4,2,3,5,5], logL: -11.532679, Exp of LogL: 0.000010, Normalized LogL: -1.647526, Exp of Normalized LogL: 0.192526, Best Rate: 0.3
Fault: [0,1,2,3,4,5], logL: -12.093254, Exp of LogL: 0.000006, Normalized LogL: -1.727608, Exp of Normalized LogL: 0.177709, Best Rate: 0.3
Fault: [0,0,2,3,4,5], logL: -12.815886, Exp of LogL: 0.000003, Normalized LogL: -1.830841, Exp of Normalized LogL: 0.160279, Best Rate: 0.3
Fault: [0,3,2,3,4,5], logL: -13.388556, Exp of LogL: 0.000002, Normalized LogL: -1.912651, Exp of Normalized LogL: 0.147688, Best Rate: 0.3

========= ADAPTIVE MC DEBUG =========
Total calls: 70
Avg tries: 407.14
Confidence stops: 70
Max stops: 0
Max stop rate: 0.000
Real Fault Rank 2
===== SEED 64 | FR=0.3 | VR=60 =====
executing with fault mode: [0,4,2,3,4,5]

executing with fault mode: [0,4,2,3,4,5]

Fault scores (higher is better):
Fault: [0,2,2,3,4,5], logL: -12.792922, Exp of LogL: 0.000003, Normalized LogL: -1.162993, Exp of Normalized LogL: 0.312549, Best Rate: 0.3
Fault: [0,4,2,3,4,5], logL: -12.816453, Exp of LogL: 0.000003, Normalized LogL: -1.165132, Exp of Normalized LogL: 0.311881, Best Rate: 0.3
Fault: [0,5,2,3,4,5], logL: -12.816453, Exp of LogL: 0.000003, Normalized LogL: -1.165132, Exp of Normalized LogL: 0.311881, Best Rate: 0.3
Fault: [0,4,2,3,1,5], logL: -13.176926, Exp of LogL: 0.000002, Normalized LogL: -1.197902, Exp of Normalized LogL: 0.301827, Best Rate: 0.3
Fault: [0,4,2,3,0,5], logL: -13.176926, Exp of LogL: 0.000002, Normalized LogL: -1.197902, Exp of Normalized LogL: 0.301827, Best Rate: 0.3
Fault: [0,4,2,3,2,5], logL: -13.176926, Exp of LogL: 0.000002, Normalized LogL: -1.197902, Exp of Normalized LogL: 0.301827, Best Rate: 0.3
Fault: [0,4,2,3,5,5], logL: -13.176926, Exp of LogL: 0.000002, Normalized LogL: -1.197902, Exp of Normalized LogL: 0.301827, Best Rate: 0.3
Fault: [0,1,2,3,4,5], logL: -14.114429, Exp of LogL: 0.000001, Normalized LogL: -1.283130, Exp of Normalized LogL: 0.277168, Best Rate: 0.3
Fault: [0,0,2,3,4,5], logL: -14.659275, Exp of LogL: 0.000000, Normalized LogL: -1.332661, Exp of Normalized LogL: 0.263774, Best Rate: 0.3
Fault: [0,3,2,3,4,5], logL: -15.155013, Exp of LogL: 0.000000, Normalized LogL: -1.377728, Exp of Normalized LogL: 0.252151, Best Rate: 0.3

========= ADAPTIVE MC DEBUG =========
Total calls: 110
Avg tries: 458.18
Confidence stops: 110
Max stops: 0
Max stop rate: 0.000
Real Fault Rank 2
===== SEED 64 | FR=0.3 | VR=80 =====
executing with fault mode: [0,4,2,3,4,5]

executing with fault mode: [0,4,2,3,4,5]

Fault scores (higher is better):
Fault: [0,4,2,3,4,5], logL: -14.556697, Exp of LogL: 0.000000, Normalized LogL: -1.039764, Exp of Normalized LogL: 0.353538, Best Rate: 0.3
Fault: [0,5,2,3,4,5], logL: -14.556697, Exp of LogL: 0.000000, Normalized LogL: -1.039764, Exp of Normalized LogL: 0.353538, Best Rate: 0.3
Fault: [0,2,2,3,4,5], logL: -14.556697, Exp of LogL: 0.000000, Normalized LogL: -1.039764, Exp of Normalized LogL: 0.353538, Best Rate: 0.3
Fault: [0,4,2,3,1,5], logL: -14.986083, Exp of LogL: 0.000000, Normalized LogL: -1.070434, Exp of Normalized LogL: 0.342860, Best Rate: 0.3
Fault: [0,4,2,3,0,5], logL: -14.986083, Exp of LogL: 0.000000, Normalized LogL: -1.070434, Exp of Normalized LogL: 0.342860, Best Rate: 0.3
Fault: [0,4,2,3,2,5], logL: -14.986083, Exp of LogL: 0.000000, Normalized LogL: -1.070434, Exp of Normalized LogL: 0.342860, Best Rate: 0.3
Fault: [0,4,2,3,5,5], logL: -14.986083, Exp of LogL: 0.000000, Normalized LogL: -1.070434, Exp of Normalized LogL: 0.342860, Best Rate: 0.3
Fault: [0,1,2,3,4,5], logL: -15.718074, Exp of LogL: 0.000000, Normalized LogL: -1.122720, Exp of Normalized LogL: 0.325394, Best Rate: 0.3
Fault: [0,0,2,3,4,5], logL: -16.545456, Exp of LogL: 0.000000, Normalized LogL: -1.181818, Exp of Normalized LogL: 0.306721, Best Rate: 0.3
Fault: [0,3,2,3,4,5], logL: -17.028938, Exp of LogL: 0.000000, Normalized LogL: -1.216353, Exp of Normalized LogL: 0.296309, Best Rate: 0.3

========= ADAPTIVE MC DEBUG =========
Total calls: 140
Avg tries: 454.64
Confidence stops: 140
Max stops: 0
Max stop rate: 0.000
Real Fault Rank 1
===== SEED 64 | FR=0.3 | VR=100 =====
executing with fault mode: [0,4,2,3,4,5]

executing with fault mode: [0,4,2,3,4,5]

Fault scores (higher is better):
Fault: [0,4,2,3,4,5], logL: -15.376337, Exp of LogL: 0.000000, Normalized LogL: -0.854241, Exp of Normalized LogL: 0.425606, Best Rate: 0.3
Fault: [0,5,2,3,4,5], logL: -15.376337, Exp of LogL: 0.000000, Normalized LogL: -0.854241, Exp of Normalized LogL: 0.425606, Best Rate: 0.3
Fault: [0,2,2,3,4,5], logL: -15.376337, Exp of LogL: 0.000000, Normalized LogL: -0.854241, Exp of Normalized LogL: 0.425606, Best Rate: 0.3
Fault: [0,4,2,3,1,5], logL: -15.805722, Exp of LogL: 0.000000, Normalized LogL: -0.878096, Exp of Normalized LogL: 0.415574, Best Rate: 0.3
Fault: [0,4,2,3,0,5], logL: -15.805722, Exp of LogL: 0.000000, Normalized LogL: -0.878096, Exp of Normalized LogL: 0.415574, Best Rate: 0.3
Fault: [0,4,2,3,2,5], logL: -15.805722, Exp of LogL: 0.000000, Normalized LogL: -0.878096, Exp of Normalized LogL: 0.415574, Best Rate: 0.3
Fault: [0,4,2,3,5,5], logL: -15.805722, Exp of LogL: 0.000000, Normalized LogL: -0.878096, Exp of Normalized LogL: 0.415574, Best Rate: 0.3
Fault: [0,1,2,3,4,5], logL: -16.808175, Exp of LogL: 0.000000, Normalized LogL: -0.933787, Exp of Normalized LogL: 0.393062, Best Rate: 0.3
Fault: [0,0,2,3,4,5], logL: -17.438092, Exp of LogL: 0.000000, Normalized LogL: -0.968783, Exp of Normalized LogL: 0.379545, Best Rate: 0.3
Fault: [0,3,2,3,4,5], logL: -18.108425, Exp of LogL: 0.000000, Normalized LogL: -1.006024, Exp of Normalized LogL: 0.365670, Best Rate: 0.3

========= ADAPTIVE MC DEBUG =========
Total calls: 180
Avg tries: 464.44
Confidence stops: 180
Max stops: 0
Max stop rate: 0.000
Real Fault Rank 1
================= 22/08/2026 05:09:48: SEED 64 END =================
================= 22/08/2026 05:09:48: SEED 65 (63/100), a*=2 fault=[0,1,5,3,4,5] START =================
===== SEED 65 | FR=0.3 | VR=20 =====
executing with fault mode: [0,1,5,3,4,5]

Fault scores (higher is better):
Fault: [0,1,5,3,4,5], logL: -6.369124, Exp of LogL: 0.001714, Normalized LogL: -1.592281, Exp of Normalized LogL: 0.203461, Best Rate: 0.3
Fault: [0,1,4,3,4,5], logL: -6.369124, Exp of LogL: 0.001714, Normalized LogL: -1.592281, Exp of Normalized LogL: 0.203461, Best Rate: 0.3
Fault: [0,1,5,3,0,5], logL: -6.700481, Exp of LogL: 0.001230, Normalized LogL: -1.675120, Exp of Normalized LogL: 0.187286, Best Rate: 0.3
Fault: [0,1,5,3,5,5], logL: -6.700481, Exp of LogL: 0.001230, Normalized LogL: -1.675120, Exp of Normalized LogL: 0.187286, Best Rate: 0.3
Fault: [0,1,5,3,3,5], logL: -6.700481, Exp of LogL: 0.001230, Normalized LogL: -1.675120, Exp of Normalized LogL: 0.187286, Best Rate: 0.3
Fault: [0,1,5,3,1,5], logL: -6.700481, Exp of LogL: 0.001230, Normalized LogL: -1.675120, Exp of Normalized LogL: 0.187286, Best Rate: 0.3
Fault: [0,1,1,3,4,5], logL: -32.204270, Exp of LogL: 0.000000, Normalized LogL: -8.051067, Exp of Normalized LogL: 0.000319, Best Rate: 0.3
Fault: [0,1,2,3,4,5], logL: -32.270079, Exp of LogL: 0.000000, Normalized LogL: -8.067520, Exp of Normalized LogL: 0.000314, Best Rate: 0.3
Fault: [0,1,3,3,4,5], logL: -32.590940, Exp of LogL: 0.000000, Normalized LogL: -8.147735, Exp of Normalized LogL: 0.000289, Best Rate: 0.3
Fault: [0,1,0,3,4,5], logL: -32.640332, Exp of LogL: 0.000000, Normalized LogL: -8.160083, Exp of Normalized LogL: 0.000286, Best Rate: 0.3

========= ADAPTIVE MC DEBUG =========
Total calls: 40
Avg tries: 386.25
Confidence stops: 40
Max stops: 0
Max stop rate: 0.000
Real Fault Rank 1
===== SEED 65 | FR=0.3 | VR=40 =====
executing with fault mode: [0,1,5,3,4,5]

Fault scores (higher is better):
Fault: [0,1,5,3,4,5], logL: -10.575832, Exp of LogL: 0.000026, Normalized LogL: -1.321979, Exp of Normalized LogL: 0.266607, Best Rate: 0.3
Fault: [0,1,4,3,4,5], logL: -10.575832, Exp of LogL: 0.000026, Normalized LogL: -1.321979, Exp of Normalized LogL: 0.266607, Best Rate: 0.3
Fault: [0,1,5,3,0,5], logL: -10.980388, Exp of LogL: 0.000017, Normalized LogL: -1.372549, Exp of Normalized LogL: 0.253460, Best Rate: 0.3
Fault: [0,1,5,3,5,5], logL: -10.980388, Exp of LogL: 0.000017, Normalized LogL: -1.372549, Exp of Normalized LogL: 0.253460, Best Rate: 0.3
Fault: [0,1,5,3,3,5], logL: -10.980388, Exp of LogL: 0.000017, Normalized LogL: -1.372549, Exp of Normalized LogL: 0.253460, Best Rate: 0.3
Fault: [0,1,5,3,1,5], logL: -10.980388, Exp of LogL: 0.000017, Normalized LogL: -1.372549, Exp of Normalized LogL: 0.253460, Best Rate: 0.3
Fault: [0,1,1,3,4,5], logL: -36.414488, Exp of LogL: 0.000000, Normalized LogL: -4.551811, Exp of Normalized LogL: 0.010548, Best Rate: 0.3
Fault: [0,1,2,3,4,5], logL: -36.467670, Exp of LogL: 0.000000, Normalized LogL: -4.558459, Exp of Normalized LogL: 0.010478, Best Rate: 0.3
Fault: [0,1,3,3,4,5], logL: -36.815977, Exp of LogL: 0.000000, Normalized LogL: -4.601997, Exp of Normalized LogL: 0.010032, Best Rate: 0.3
Fault: [0,1,0,3,4,5], logL: -36.823145, Exp of LogL: 0.000000, Normalized LogL: -4.602893, Exp of Normalized LogL: 0.010023, Best Rate: 0.3

========= ADAPTIVE MC DEBUG =========
Total calls: 80
Avg tries: 373.75
Confidence stops: 80
Max stops: 0
Max stop rate: 0.000
Real Fault Rank 1
===== SEED 65 | FR=0.3 | VR=60 =====
executing with fault mode: [0,1,5,3,4,5]

Fault scores (higher is better):
Fault: [0,1,5,3,4,5], logL: -11.344479, Exp of LogL: 0.000012, Normalized LogL: -1.031316, Exp of Normalized LogL: 0.356537, Best Rate: 0.3
Fault: [0,1,4,3,4,5], logL: -11.344479, Exp of LogL: 0.000012, Normalized LogL: -1.031316, Exp of Normalized LogL: 0.356537, Best Rate: 0.3
Fault: [0,1,5,3,0,5], logL: -11.749035, Exp of LogL: 0.000008, Normalized LogL: -1.068094, Exp of Normalized LogL: 0.343663, Best Rate: 0.3
Fault: [0,1,5,3,5,5], logL: -11.749035, Exp of LogL: 0.000008, Normalized LogL: -1.068094, Exp of Normalized LogL: 0.343663, Best Rate: 0.3
Fault: [0,1,5,3,3,5], logL: -11.749035, Exp of LogL: 0.000008, Normalized LogL: -1.068094, Exp of Normalized LogL: 0.343663, Best Rate: 0.3
Fault: [0,1,5,3,1,5], logL: -11.749035, Exp of LogL: 0.000008, Normalized LogL: -1.068094, Exp of Normalized LogL: 0.343663, Best Rate: 0.3
Fault: [0,1,2,3,4,5], logL: -37.308663, Exp of LogL: 0.000000, Normalized LogL: -3.391697, Exp of Normalized LogL: 0.033652, Best Rate: 0.3
Fault: [0,1,0,3,4,5], logL: -37.564672, Exp of LogL: 0.000000, Normalized LogL: -3.414970, Exp of Normalized LogL: 0.032877, Best Rate: 0.3
Fault: [0,1,1,3,4,5], logL: -37.567617, Exp of LogL: 0.000000, Normalized LogL: -3.415238, Exp of Normalized LogL: 0.032869, Best Rate: 0.3
Fault: [0,1,3,3,4,5], logL: -37.628426, Exp of LogL: 0.000000, Normalized LogL: -3.420766, Exp of Normalized LogL: 0.032687, Best Rate: 0.3

========= ADAPTIVE MC DEBUG =========
Total calls: 110
Avg tries: 419.09
Confidence stops: 110
Max stops: 0
Max stop rate: 0.000
Real Fault Rank 1
===== SEED 65 | FR=0.3 | VR=80 =====
executing with fault mode: [0,1,5,3,4,5]

Fault scores (higher is better):
Fault: [0,1,5,3,4,5], logL: -12.693397, Exp of LogL: 0.000003, Normalized LogL: -0.846226, Exp of Normalized LogL: 0.429031, Best Rate: 0.3
Fault: [0,1,4,3,4,5], logL: -12.693397, Exp of LogL: 0.000003, Normalized LogL: -0.846226, Exp of Normalized LogL: 0.429031, Best Rate: 0.3
Fault: [0,1,5,3,0,5], logL: -13.097954, Exp of LogL: 0.000002, Normalized LogL: -0.873197, Exp of Normalized LogL: 0.417614, Best Rate: 0.3
Fault: [0,1,5,3,5,5], logL: -13.097954, Exp of LogL: 0.000002, Normalized LogL: -0.873197, Exp of Normalized LogL: 0.417614, Best Rate: 0.3
Fault: [0,1,5,3,3,5], logL: -13.097954, Exp of LogL: 0.000002, Normalized LogL: -0.873197, Exp of Normalized LogL: 0.417614, Best Rate: 0.3
Fault: [0,1,5,3,1,5], logL: -13.097954, Exp of LogL: 0.000002, Normalized LogL: -0.873197, Exp of Normalized LogL: 0.417614, Best Rate: 0.3
Fault: [0,1,2,3,4,5], logL: -38.281819, Exp of LogL: 0.000000, Normalized LogL: -2.552121, Exp of Normalized LogL: 0.077916, Best Rate: 0.3
Fault: [0,1,0,3,4,5], logL: -38.865564, Exp of LogL: 0.000000, Normalized LogL: -2.591038, Exp of Normalized LogL: 0.074942, Best Rate: 0.3
Fault: [0,1,1,3,4,5], logL: -38.877726, Exp of LogL: 0.000000, Normalized LogL: -2.591848, Exp of Normalized LogL: 0.074881, Best Rate: 0.3
Fault: [0,1,3,3,4,5], logL: -39.022465, Exp of LogL: 0.000000, Normalized LogL: -2.601498, Exp of Normalized LogL: 0.074162, Best Rate: 0.3

========= ADAPTIVE MC DEBUG =========
Total calls: 150
Avg tries: 461.00
Confidence stops: 150
Max stops: 0
Max stop rate: 0.000
Real Fault Rank 1
===== SEED 65 | FR=0.3 | VR=100 =====
executing with fault mode: [0,1,5,3,4,5]

Fault scores (higher is better):
Fault: [0,1,5,3,4,5], logL: -14.536118, Exp of LogL: 0.000000, Normalized LogL: -0.765059, Exp of Normalized LogL: 0.465307, Best Rate: 0.3
Fault: [0,1,4,3,4,5], logL: -14.536118, Exp of LogL: 0.000000, Normalized LogL: -0.765059, Exp of Normalized LogL: 0.465307, Best Rate: 0.3
Fault: [0,1,5,3,0,5], logL: -14.940675, Exp of LogL: 0.000000, Normalized LogL: -0.786351, Exp of Normalized LogL: 0.455504, Best Rate: 0.3
Fault: [0,1,5,3,5,5], logL: -14.940675, Exp of LogL: 0.000000, Normalized LogL: -0.786351, Exp of Normalized LogL: 0.455504, Best Rate: 0.3
Fault: [0,1,5,3,3,5], logL: -14.940675, Exp of LogL: 0.000000, Normalized LogL: -0.786351, Exp of Normalized LogL: 0.455504, Best Rate: 0.3
Fault: [0,1,5,3,1,5], logL: -14.940675, Exp of LogL: 0.000000, Normalized LogL: -0.786351, Exp of Normalized LogL: 0.455504, Best Rate: 0.3
Fault: [0,1,2,3,4,5], logL: -40.124540, Exp of LogL: 0.000000, Normalized LogL: -2.111818, Exp of Normalized LogL: 0.121018, Best Rate: 0.3
Fault: [0,1,0,3,4,5], logL: -40.708286, Exp of LogL: 0.000000, Normalized LogL: -2.142541, Exp of Normalized LogL: 0.117356, Best Rate: 0.3
Fault: [0,1,1,3,4,5], logL: -40.720448, Exp of LogL: 0.000000, Normalized LogL: -2.143181, Exp of Normalized LogL: 0.117281, Best Rate: 0.3
Fault: [0,1,3,3,4,5], logL: -40.865186, Exp of LogL: 0.000000, Normalized LogL: -2.150799, Exp of Normalized LogL: 0.116391, Best Rate: 0.3

========= ADAPTIVE MC DEBUG =========
Total calls: 190
Avg tries: 458.68
Confidence stops: 190
Max stops: 0
Max stop rate: 0.000
Real Fault Rank 1
================= 22/08/2026 05:10:17: SEED 65 END =================
================= 22/08/2026 05:10:17: SEED 66 (64/100), a*=2 fault=[0,1,5,3,4,5] START =================
===== SEED 66 | FR=0.3 | VR=20 =====
executing with fault mode: [0,1,5,3,4,5]

Fault scores (higher is better):
Fault: [0,1,5,3,1,5], logL: -35.633340, Exp of LogL: 0.000000, Normalized LogL: -5.090477, Exp of Normalized LogL: 0.006155, Best Rate: 0.3
Fault: [0,1,5,3,2,5], logL: -35.856875, Exp of LogL: 0.000000, Normalized LogL: -5.122411, Exp of Normalized LogL: 0.005962, Best Rate: 0.3
Fault: [0,1,0,3,4,5], logL: -35.944776, Exp of LogL: 0.000000, Normalized LogL: -5.134968, Exp of Normalized LogL: 0.005887, Best Rate: 0.3
Fault: [0,1,5,3,4,5], logL: -36.127098, Exp of LogL: 0.000000, Normalized LogL: -5.161014, Exp of Normalized LogL: 0.005736, Best Rate: 0.3
Fault: [0,1,4,3,4,5], logL: -36.127098, Exp of LogL: 0.000000, Normalized LogL: -5.161014, Exp of Normalized LogL: 0.005736, Best Rate: 0.3
Fault: [0,1,1,3,4,5], logL: -36.127098, Exp of LogL: 0.000000, Normalized LogL: -5.161014, Exp of Normalized LogL: 0.005736, Best Rate: 0.3
Fault: [0,1,5,3,3,5], logL: -36.179742, Exp of LogL: 0.000000, Normalized LogL: -5.168535, Exp of Normalized LogL: 0.005693, Best Rate: 0.3
Fault: [0,1,5,3,5,5], logL: -36.179742, Exp of LogL: 0.000000, Normalized LogL: -5.168535, Exp of Normalized LogL: 0.005693, Best Rate: 0.3
Fault: [0,1,3,3,4,5], logL: -36.350242, Exp of LogL: 0.000000, Normalized LogL: -5.192892, Exp of Normalized LogL: 0.005556, Best Rate: 0.3
Fault: [0,1,2,3,4,5], logL: -36.637924, Exp of LogL: 0.000000, Normalized LogL: -5.233989, Exp of Normalized LogL: 0.005332, Best Rate: 0.3

========= ADAPTIVE MC DEBUG =========
Total calls: 70
Avg tries: 428.57
Confidence stops: 70
Max stops: 0
Max stop rate: 0.000
Real Fault Rank 4
===== SEED 66 | FR=0.3 | VR=40 =====
executing with fault mode: [0,1,5,3,4,5]

Fault scores (higher is better):
Fault: [0,1,5,3,4,5], logL: -41.569105, Exp of LogL: 0.000000, Normalized LogL: -3.197623, Exp of Normalized LogL: 0.040859, Best Rate: 0.3
Fault: [0,1,4,3,4,5], logL: -41.569105, Exp of LogL: 0.000000, Normalized LogL: -3.197623, Exp of Normalized LogL: 0.040859, Best Rate: 0.3
Fault: [0,1,5,3,3,5], logL: -41.911595, Exp of LogL: 0.000000, Normalized LogL: -3.223969, Exp of Normalized LogL: 0.039797, Best Rate: 0.3
Fault: [0,1,5,3,2,5], logL: -41.911595, Exp of LogL: 0.000000, Normalized LogL: -3.223969, Exp of Normalized LogL: 0.039797, Best Rate: 0.3
Fault: [0,1,5,3,5,5], logL: -41.911595, Exp of LogL: 0.000000, Normalized LogL: -3.223969, Exp of Normalized LogL: 0.039797, Best Rate: 0.3
Fault: [0,1,5,3,1,5], logL: -41.911595, Exp of LogL: 0.000000, Normalized LogL: -3.223969, Exp of Normalized LogL: 0.039797, Best Rate: 0.3
Fault: [0,1,0,3,4,5], logL: -42.456213, Exp of LogL: 0.000000, Normalized LogL: -3.265863, Exp of Normalized LogL: 0.038164, Best Rate: 0.3
Fault: [0,1,3,3,4,5], logL: -44.285360, Exp of LogL: 0.000000, Normalized LogL: -3.406566, Exp of Normalized LogL: 0.033155, Best Rate: 0.3
Fault: [0,1,1,3,4,5], logL: -44.648861, Exp of LogL: 0.000000, Normalized LogL: -3.434528, Exp of Normalized LogL: 0.032241, Best Rate: 0.3
Fault: [0,1,2,3,4,5], logL: -45.184749, Exp of LogL: 0.000000, Normalized LogL: -3.475750, Exp of Normalized LogL: 0.030939, Best Rate: 0.3

========= ADAPTIVE MC DEBUG =========
Total calls: 130
Avg tries: 415.38
Confidence stops: 130
Max stops: 0
Max stop rate: 0.000
Real Fault Rank 1
===== SEED 66 | FR=0.3 | VR=60 =====
executing with fault mode: [0,1,5,3,4,5]

Fault scores (higher is better):
Fault: [0,1,5,3,4,5], logL: -26.000938, Exp of LogL: 0.000000, Normalized LogL: -1.368470, Exp of Normalized LogL: 0.254496, Best Rate: 0.3
Fault: [0,1,4,3,4,5], logL: -26.000938, Exp of LogL: 0.000000, Normalized LogL: -1.368470, Exp of Normalized LogL: 0.254496, Best Rate: 0.3
Fault: [0,1,5,3,3,5], logL: -26.343429, Exp of LogL: 0.000000, Normalized LogL: -1.386496, Exp of Normalized LogL: 0.249950, Best Rate: 0.3
Fault: [0,1,5,3,2,5], logL: -26.343429, Exp of LogL: 0.000000, Normalized LogL: -1.386496, Exp of Normalized LogL: 0.249950, Best Rate: 0.3
Fault: [0,1,5,3,5,5], logL: -26.343429, Exp of LogL: 0.000000, Normalized LogL: -1.386496, Exp of Normalized LogL: 0.249950, Best Rate: 0.3
Fault: [0,1,5,3,1,5], logL: -26.343429, Exp of LogL: 0.000000, Normalized LogL: -1.386496, Exp of Normalized LogL: 0.249950, Best Rate: 0.3
Fault: [0,1,0,3,4,5], logL: -105.670527, Exp of LogL: 0.000000, Normalized LogL: -5.561607, Exp of Normalized LogL: 0.003843, Best Rate: 0.3
Fault: [0,1,2,3,4,5], logL: -106.769140, Exp of LogL: 0.000000, Normalized LogL: -5.619428, Exp of Normalized LogL: 0.003627, Best Rate: 0.3
Fault: [0,1,1,3,4,5], logL: -106.769140, Exp of LogL: 0.000000, Normalized LogL: -5.619428, Exp of Normalized LogL: 0.003627, Best Rate: 0.3
Fault: [0,1,3,3,4,5], logL: -107.056822, Exp of LogL: 0.000000, Normalized LogL: -5.634570, Exp of Normalized LogL: 0.003572, Best Rate: 0.3

========= ADAPTIVE MC DEBUG =========
Total calls: 190
Avg tries: 392.11
Confidence stops: 190
Max stops: 0
Max stop rate: 0.000
Real Fault Rank 1
===== SEED 66 | FR=0.3 | VR=80 =====
executing with fault mode: [0,1,5,3,4,5]

Fault scores (higher is better):
Fault: [0,1,5,3,4,5], logL: -28.158742, Exp of LogL: 0.000000, Normalized LogL: -1.126350, Exp of Normalized LogL: 0.324215, Best Rate: 0.3
Fault: [0,1,4,3,4,5], logL: -28.158742, Exp of LogL: 0.000000, Normalized LogL: -1.126350, Exp of Normalized LogL: 0.324215, Best Rate: 0.3
Fault: [0,1,5,3,3,5], logL: -28.501232, Exp of LogL: 0.000000, Normalized LogL: -1.140049, Exp of Normalized LogL: 0.319803, Best Rate: 0.3
Fault: [0,1,5,3,2,5], logL: -28.501232, Exp of LogL: 0.000000, Normalized LogL: -1.140049, Exp of Normalized LogL: 0.319803, Best Rate: 0.3
Fault: [0,1,5,3,5,5], logL: -28.501232, Exp of LogL: 0.000000, Normalized LogL: -1.140049, Exp of Normalized LogL: 0.319803, Best Rate: 0.3
Fault: [0,1,5,3,1,5], logL: -28.501232, Exp of LogL: 0.000000, Normalized LogL: -1.140049, Exp of Normalized LogL: 0.319803, Best Rate: 0.3
Fault: [0,1,0,3,4,5], logL: -131.586844, Exp of LogL: 0.000000, Normalized LogL: -5.263474, Exp of Normalized LogL: 0.005177, Best Rate: 0.3
Fault: [0,1,3,3,4,5], logL: -132.359746, Exp of LogL: 0.000000, Normalized LogL: -5.294390, Exp of Normalized LogL: 0.005020, Best Rate: 0.3
Fault: [0,1,2,3,4,5], logL: -132.556136, Exp of LogL: 0.000000, Normalized LogL: -5.302245, Exp of Normalized LogL: 0.004980, Best Rate: 0.3
Fault: [0,1,1,3,4,5], logL: -132.596939, Exp of LogL: 0.000000, Normalized LogL: -5.303878, Exp of Normalized LogL: 0.004972, Best Rate: 0.3

========= ADAPTIVE MC DEBUG =========
Total calls: 250
Avg tries: 420.40
Confidence stops: 250
Max stops: 0
Max stop rate: 0.000
Real Fault Rank 1
===== SEED 66 | FR=0.3 | VR=100 =====
executing with fault mode: [0,1,5,3,4,5]

Fault scores (higher is better):
Fault: [0,1,5,3,4,5], logL: -31.254537, Exp of LogL: 0.000000, Normalized LogL: -0.976704, Exp of Normalized LogL: 0.376550, Best Rate: 0.3
Fault: [0,1,4,3,4,5], logL: -31.254537, Exp of LogL: 0.000000, Normalized LogL: -0.976704, Exp of Normalized LogL: 0.376550, Best Rate: 0.3
Fault: [0,1,5,3,3,5], logL: -31.597027, Exp of LogL: 0.000000, Normalized LogL: -0.987407, Exp of Normalized LogL: 0.372541, Best Rate: 0.3
Fault: [0,1,5,3,2,5], logL: -31.597027, Exp of LogL: 0.000000, Normalized LogL: -0.987407, Exp of Normalized LogL: 0.372541, Best Rate: 0.3
Fault: [0,1,5,3,5,5], logL: -31.597027, Exp of LogL: 0.000000, Normalized LogL: -0.987407, Exp of Normalized LogL: 0.372541, Best Rate: 0.3
Fault: [0,1,5,3,1,5], logL: -31.597027, Exp of LogL: 0.000000, Normalized LogL: -0.987407, Exp of Normalized LogL: 0.372541, Best Rate: 0.3
Fault: [0,1,0,3,4,5], logL: -188.691421, Exp of LogL: 0.000000, Normalized LogL: -5.896607, Exp of Normalized LogL: 0.002749, Best Rate: 0.3
Fault: [0,1,2,3,4,5], logL: -189.041400, Exp of LogL: 0.000000, Normalized LogL: -5.907544, Exp of Normalized LogL: 0.002719, Best Rate: 0.3
Fault: [0,1,3,3,4,5], logL: -189.473971, Exp of LogL: 0.000000, Normalized LogL: -5.921062, Exp of Normalized LogL: 0.002682, Best Rate: 0.3
Fault: [0,1,1,3,4,5], logL: -189.658051, Exp of LogL: 0.000000, Normalized LogL: -5.926814, Exp of Normalized LogL: 0.002667, Best Rate: 0.3

========= ADAPTIVE MC DEBUG =========
Total calls: 320
Avg tries: 435.94
Confidence stops: 320
Max stops: 0
Max stop rate: 0.000
Real Fault Rank 1
================= 22/08/2026 05:11:04: SEED 66 END =================
================= 22/08/2026 05:11:04: SEED 67 (65/100), a*=0 fault=[5,1,2,3,4,5] START =================
===== SEED 67 | FR=0.3 | VR=20 =====
executing with fault mode: [5,1,2,3,4,5]

executing with fault mode: [5,1,2,3,4,5]

executing with fault mode: [5,1,2,3,4,5]

Fault scores (higher is better):
Fault: [4,1,2,3,4,5], logL: -11.955602, Exp of LogL: 0.000006, Normalized LogL: -1.992600, Exp of Normalized LogL: 0.136340, Best Rate: 0.3
Fault: [5,1,2,3,4,5], logL: -11.955602, Exp of LogL: 0.000006, Normalized LogL: -1.992600, Exp of Normalized LogL: 0.136340, Best Rate: 0.3
Fault: [5,1,2,3,0,5], logL: -12.015026, Exp of LogL: 0.000006, Normalized LogL: -2.002504, Exp of Normalized LogL: 0.134997, Best Rate: 0.3
Fault: [5,1,2,3,5,5], logL: -12.015026, Exp of LogL: 0.000006, Normalized LogL: -2.002504, Exp of Normalized LogL: 0.134997, Best Rate: 0.3
Fault: [3,1,2,3,4,5], logL: -12.067457, Exp of LogL: 0.000006, Normalized LogL: -2.011243, Exp of Normalized LogL: 0.133822, Best Rate: 0.3
Fault: [5,1,2,3,1,5], logL: -12.151477, Exp of LogL: 0.000005, Normalized LogL: -2.025246, Exp of Normalized LogL: 0.131961, Best Rate: 0.3
Fault: [5,1,2,3,2,5], logL: -12.191751, Exp of LogL: 0.000005, Normalized LogL: -2.031958, Exp of Normalized LogL: 0.131079, Best Rate: 0.3
Fault: [0,1,2,3,4,5], logL: -12.597403, Exp of LogL: 0.000003, Normalized LogL: -2.099567, Exp of Normalized LogL: 0.122509, Best Rate: 0.3
Fault: [1,1,2,3,4,5], logL: -12.993900, Exp of LogL: 0.000002, Normalized LogL: -2.165650, Exp of Normalized LogL: 0.114675, Best Rate: 0.3
Fault: [2,1,2,3,4,5], logL: -13.108062, Exp of LogL: 0.000002, Normalized LogL: -2.184677, Exp of Normalized LogL: 0.112514, Best Rate: 0.3

========= ADAPTIVE MC DEBUG =========
Total calls: 60
Avg tries: 429.17
Confidence stops: 60
Max stops: 0
Max stop rate: 0.000
Real Fault Rank 2
===== SEED 67 | FR=0.3 | VR=40 =====
executing with fault mode: [5,1,2,3,4,5]

executing with fault mode: [5,1,2,3,4,5]

executing with fault mode: [5,1,2,3,4,5]

Fault scores (higher is better):
Fault: [3,1,2,3,4,5], logL: -15.977770, Exp of LogL: 0.000000, Normalized LogL: -1.452525, Exp of Normalized LogL: 0.233979, Best Rate: 0.3
Fault: [4,1,2,3,4,5], logL: -16.070860, Exp of LogL: 0.000000, Normalized LogL: -1.460987, Exp of Normalized LogL: 0.232007, Best Rate: 0.3
Fault: [5,1,2,3,4,5], logL: -16.070860, Exp of LogL: 0.000000, Normalized LogL: -1.460987, Exp of Normalized LogL: 0.232007, Best Rate: 0.3
Fault: [5,1,2,3,0,5], logL: -16.088252, Exp of LogL: 0.000000, Normalized LogL: -1.462568, Exp of Normalized LogL: 0.231641, Best Rate: 0.3
Fault: [5,1,2,3,5,5], logL: -16.088252, Exp of LogL: 0.000000, Normalized LogL: -1.462568, Exp of Normalized LogL: 0.231641, Best Rate: 0.3
Fault: [5,1,2,3,2,5], logL: -16.239483, Exp of LogL: 0.000000, Normalized LogL: -1.476317, Exp of Normalized LogL: 0.228478, Best Rate: 0.3
Fault: [5,1,2,3,1,5], logL: -16.263580, Exp of LogL: 0.000000, Normalized LogL: -1.478507, Exp of Normalized LogL: 0.227978, Best Rate: 0.3
Fault: [0,1,2,3,4,5], logL: -17.447006, Exp of LogL: 0.000000, Normalized LogL: -1.586091, Exp of Normalized LogL: 0.204724, Best Rate: 0.3
Fault: [1,1,2,3,4,5], logL: -18.114297, Exp of LogL: 0.000000, Normalized LogL: -1.646754, Exp of Normalized LogL: 0.192674, Best Rate: 0.3
Fault: [2,1,2,3,4,5], logL: -18.827108, Exp of LogL: 0.000000, Normalized LogL: -1.711555, Exp of Normalized LogL: 0.180585, Best Rate: 0.3

========= ADAPTIVE MC DEBUG =========
Total calls: 110
Avg tries: 453.18
Confidence stops: 110
Max stops: 0
Max stop rate: 0.000
Real Fault Rank 3
===== SEED 67 | FR=0.3 | VR=60 =====
executing with fault mode: [5,1,2,3,4,5]

executing with fault mode: [5,1,2,3,4,5]

executing with fault mode: [5,1,2,3,4,5]

Fault scores (higher is better):
Fault: [5,1,2,3,0,5], logL: -20.473650, Exp of LogL: 0.000000, Normalized LogL: -1.279603, Exp of Normalized LogL: 0.278148, Best Rate: 0.3
Fault: [5,1,2,3,5,5], logL: -20.473650, Exp of LogL: 0.000000, Normalized LogL: -1.279603, Exp of Normalized LogL: 0.278148, Best Rate: 0.3
Fault: [3,1,2,3,4,5], logL: -20.719776, Exp of LogL: 0.000000, Normalized LogL: -1.294986, Exp of Normalized LogL: 0.273902, Best Rate: 0.3
Fault: [4,1,2,3,4,5], logL: -20.812866, Exp of LogL: 0.000000, Normalized LogL: -1.300804, Exp of Normalized LogL: 0.272313, Best Rate: 0.3
Fault: [5,1,2,3,4,5], logL: -20.812866, Exp of LogL: 0.000000, Normalized LogL: -1.300804, Exp of Normalized LogL: 0.272313, Best Rate: 0.3
Fault: [5,1,2,3,1,5], logL: -20.961902, Exp of LogL: 0.000000, Normalized LogL: -1.310119, Exp of Normalized LogL: 0.269788, Best Rate: 0.3
Fault: [5,1,2,3,2,5], logL: -21.036010, Exp of LogL: 0.000000, Normalized LogL: -1.314751, Exp of Normalized LogL: 0.268541, Best Rate: 0.3
Fault: [0,1,2,3,4,5], logL: -21.595409, Exp of LogL: 0.000000, Normalized LogL: -1.349713, Exp of Normalized LogL: 0.259315, Best Rate: 0.3
Fault: [1,1,2,3,4,5], logL: -22.310386, Exp of LogL: 0.000000, Normalized LogL: -1.394399, Exp of Normalized LogL: 0.247982, Best Rate: 0.3
Fault: [2,1,2,3,4,5], logL: -22.898005, Exp of LogL: 0.000000, Normalized LogL: -1.431125, Exp of Normalized LogL: 0.239040, Best Rate: 0.3

========= ADAPTIVE MC DEBUG =========
Total calls: 160
Avg tries: 441.88
Confidence stops: 160
Max stops: 0
Max stop rate: 0.000
Real Fault Rank 5
===== SEED 67 | FR=0.3 | VR=80 =====
executing with fault mode: [5,1,2,3,4,5]

executing with fault mode: [5,1,2,3,4,5]

executing with fault mode: [5,1,2,3,4,5]

Fault scores (higher is better):
Fault: [5,1,2,3,0,5], logL: -22.044208, Exp of LogL: 0.000000, Normalized LogL: -1.049724, Exp of Normalized LogL: 0.350034, Best Rate: 0.3
Fault: [5,1,2,3,5,5], logL: -22.044208, Exp of LogL: 0.000000, Normalized LogL: -1.049724, Exp of Normalized LogL: 0.350034, Best Rate: 0.3
Fault: [3,1,2,3,4,5], logL: -22.291444, Exp of LogL: 0.000000, Normalized LogL: -1.061497, Exp of Normalized LogL: 0.345937, Best Rate: 0.3
Fault: [4,1,2,3,4,5], logL: -22.384534, Exp of LogL: 0.000000, Normalized LogL: -1.065930, Exp of Normalized LogL: 0.344407, Best Rate: 0.3
Fault: [5,1,2,3,4,5], logL: -22.384534, Exp of LogL: 0.000000, Normalized LogL: -1.065930, Exp of Normalized LogL: 0.344407, Best Rate: 0.3
Fault: [5,1,2,3,1,5], logL: -22.477530, Exp of LogL: 0.000000, Normalized LogL: -1.070359, Exp of Normalized LogL: 0.342886, Best Rate: 0.3
Fault: [5,1,2,3,2,5], logL: -22.584776, Exp of LogL: 0.000000, Normalized LogL: -1.075466, Exp of Normalized LogL: 0.341139, Best Rate: 0.3
Fault: [0,1,2,3,4,5], logL: -23.167077, Exp of LogL: 0.000000, Normalized LogL: -1.103194, Exp of Normalized LogL: 0.331810, Best Rate: 0.3
Fault: [1,1,2,3,4,5], logL: -23.882054, Exp of LogL: 0.000000, Normalized LogL: -1.137241, Exp of Normalized LogL: 0.320703, Best Rate: 0.3
Fault: [2,1,2,3,4,5], logL: -24.469673, Exp of LogL: 0.000000, Normalized LogL: -1.165223, Exp of Normalized LogL: 0.311853, Best Rate: 0.3

========= ADAPTIVE MC DEBUG =========
Total calls: 210
Avg tries: 460.48
Confidence stops: 210
Max stops: 0
Max stop rate: 0.000
Real Fault Rank 5
===== SEED 67 | FR=0.3 | VR=100 =====
executing with fault mode: [5,1,2,3,4,5]

executing with fault mode: [5,1,2,3,4,5]

executing with fault mode: [5,1,2,3,4,5]

Fault scores (higher is better):
Fault: [3,1,2,3,4,5], logL: -27.271478, Exp of LogL: 0.000000, Normalized LogL: -1.010055, Exp of Normalized LogL: 0.364199, Best Rate: 0.3
Fault: [4,1,2,3,4,5], logL: -27.364569, Exp of LogL: 0.000000, Normalized LogL: -1.013503, Exp of Normalized LogL: 0.362946, Best Rate: 0.3
Fault: [5,1,2,3,4,5], logL: -27.364569, Exp of LogL: 0.000000, Normalized LogL: -1.013503, Exp of Normalized LogL: 0.362946, Best Rate: 0.3
Fault: [5,1,2,3,0,5], logL: -27.693073, Exp of LogL: 0.000000, Normalized LogL: -1.025669, Exp of Normalized LogL: 0.358556, Best Rate: 0.3
Fault: [5,1,2,3,1,5], logL: -27.693073, Exp of LogL: 0.000000, Normalized LogL: -1.025669, Exp of Normalized LogL: 0.358556, Best Rate: 0.3
Fault: [5,1,2,3,5,5], logL: -27.693073, Exp of LogL: 0.000000, Normalized LogL: -1.025669, Exp of Normalized LogL: 0.358556, Best Rate: 0.3
Fault: [5,1,2,3,2,5], logL: -27.693073, Exp of LogL: 0.000000, Normalized LogL: -1.025669, Exp of Normalized LogL: 0.358556, Best Rate: 0.3
Fault: [0,1,2,3,4,5], logL: -28.147111, Exp of LogL: 0.000000, Normalized LogL: -1.042486, Exp of Normalized LogL: 0.352577, Best Rate: 0.3
Fault: [1,1,2,3,4,5], logL: -28.862089, Exp of LogL: 0.000000, Normalized LogL: -1.068966, Exp of Normalized LogL: 0.343363, Best Rate: 0.3
Fault: [2,1,2,3,4,5], logL: -29.449707, Exp of LogL: 0.000000, Normalized LogL: -1.090730, Exp of Normalized LogL: 0.335971, Best Rate: 0.3

========= ADAPTIVE MC DEBUG =========
Total calls: 270
Avg tries: 442.59
Confidence stops: 270
Max stops: 0
Max stop rate: 0.000
Real Fault Rank 3
================= 22/08/2026 05:11:46: SEED 67 END =================
================= 22/08/2026 05:11:46: SEED 68 (66/100), a*=2 fault=[0,1,4,3,4,5] START =================
===== SEED 68 | FR=0.3 | VR=20 =====
executing with fault mode: [0,1,4,3,4,5]

executing with fault mode: [0,1,4,3,4,5]

Fault scores (higher is better):
Fault: [0,0,4,3,4,5], logL: -7.023166, Exp of LogL: 0.000891, Normalized LogL: -0.175579, Exp of Normalized LogL: 0.838971, Best Rate: 0.3
Fault: [0,2,4,3,4,5], logL: -7.317573, Exp of LogL: 0.000664, Normalized LogL: -0.182939, Exp of Normalized LogL: 0.832819, Best Rate: 0.3
Fault: [0,1,0,3,4,5], logL: -8.271897, Exp of LogL: 0.000256, Normalized LogL: -0.206797, Exp of Normalized LogL: 0.813184, Best Rate: 0.3
Fault: [0,5,4,3,4,5], logL: -8.288352, Exp of LogL: 0.000251, Normalized LogL: -0.207209, Exp of Normalized LogL: 0.812850, Best Rate: 0.3
Fault: [0,4,4,3,4,5], logL: -8.288352, Exp of LogL: 0.000251, Normalized LogL: -0.207209, Exp of Normalized LogL: 0.812850, Best Rate: 0.3
Fault: [0,1,4,3,4,5], logL: -8.358908, Exp of LogL: 0.000234, Normalized LogL: -0.208973, Exp of Normalized LogL: 0.811417, Best Rate: 0.3
Fault: [0,1,5,3,4,5], logL: -8.358908, Exp of LogL: 0.000234, Normalized LogL: -0.208973, Exp of Normalized LogL: 0.811417, Best Rate: 0.3
Fault: [0,1,3,3,4,5], logL: -8.677362, Exp of LogL: 0.000170, Normalized LogL: -0.216934, Exp of Normalized LogL: 0.804983, Best Rate: 0.3
Fault: [0,1,2,3,4,5], logL: -9.147366, Exp of LogL: 0.000106, Normalized LogL: -0.228684, Exp of Normalized LogL: 0.795580, Best Rate: 0.3
Fault: [0,1,1,3,4,5], logL: -9.147366, Exp of LogL: 0.000106, Normalized LogL: -0.228684, Exp of Normalized LogL: 0.795580, Best Rate: 0.3

========= ADAPTIVE MC DEBUG =========
Total calls: 400
Avg tries: 177.38
Confidence stops: 400
Max stops: 0
Max stop rate: 0.000
Real Fault Rank 6
===== SEED 68 | FR=0.3 | VR=40 =====
executing with fault mode: [0,1,4,3,4,5]

executing with fault mode: [0,1,4,3,4,5]

Fault scores (higher is better):
Fault: [0,1,0,3,4,5], logL: -10.643252, Exp of LogL: 0.000024, Normalized LogL: -0.134725, Exp of Normalized LogL: 0.873956, Best Rate: 0.3
Fault: [0,2,4,3,4,5], logL: -10.708630, Exp of LogL: 0.000022, Normalized LogL: -0.135552, Exp of Normalized LogL: 0.873234, Best Rate: 0.3
Fault: [0,5,4,3,4,5], logL: -11.010663, Exp of LogL: 0.000017, Normalized LogL: -0.139375, Exp of Normalized LogL: 0.869901, Best Rate: 0.3
Fault: [0,4,4,3,4,5], logL: -11.010663, Exp of LogL: 0.000017, Normalized LogL: -0.139375, Exp of Normalized LogL: 0.869901, Best Rate: 0.3
Fault: [0,1,3,3,4,5], logL: -11.491053, Exp of LogL: 0.000010, Normalized LogL: -0.145456, Exp of Normalized LogL: 0.864628, Best Rate: 0.3
Fault: [0,0,4,3,4,5], logL: -11.567464, Exp of LogL: 0.000009, Normalized LogL: -0.146424, Exp of Normalized LogL: 0.863792, Best Rate: 0.3
Fault: [0,1,4,3,4,5], logL: -11.631989, Exp of LogL: 0.000009, Normalized LogL: -0.147240, Exp of Normalized LogL: 0.863086, Best Rate: 0.3
Fault: [0,1,5,3,4,5], logL: -11.631989, Exp of LogL: 0.000009, Normalized LogL: -0.147240, Exp of Normalized LogL: 0.863086, Best Rate: 0.3
Fault: [0,1,2,3,4,5], logL: -12.390276, Exp of LogL: 0.000004, Normalized LogL: -0.156839, Exp of Normalized LogL: 0.854842, Best Rate: 0.3
Fault: [0,1,1,3,4,5], logL: -12.965640, Exp of LogL: 0.000002, Normalized LogL: -0.164122, Exp of Normalized LogL: 0.848638, Best Rate: 0.3

========= ADAPTIVE MC DEBUG =========
Total calls: 790
Avg tries: 189.62
Confidence stops: 790
Max stops: 0
Max stop rate: 0.000
Real Fault Rank 7
===== SEED 68 | FR=0.3 | VR=60 =====
executing with fault mode: [0,1,4,3,4,5]

executing with fault mode: [0,1,4,3,4,5]

Fault scores (higher is better):
Fault: [0,5,4,3,4,5], logL: -15.038839, Exp of LogL: 0.000000, Normalized LogL: -0.126377, Exp of Normalized LogL: 0.881283, Best Rate: 0.3
Fault: [0,4,4,3,4,5], logL: -15.038839, Exp of LogL: 0.000000, Normalized LogL: -0.126377, Exp of Normalized LogL: 0.881283, Best Rate: 0.3
Fault: [0,2,4,3,4,5], logL: -15.287436, Exp of LogL: 0.000000, Normalized LogL: -0.128466, Exp of Normalized LogL: 0.879444, Best Rate: 0.3
Fault: [0,1,4,3,4,5], logL: -16.070461, Exp of LogL: 0.000000, Normalized LogL: -0.135046, Exp of Normalized LogL: 0.873676, Best Rate: 0.3
Fault: [0,1,5,3,4,5], logL: -16.070461, Exp of LogL: 0.000000, Normalized LogL: -0.135046, Exp of Normalized LogL: 0.873676, Best Rate: 0.3
Fault: [0,0,4,3,4,5], logL: -17.055045, Exp of LogL: 0.000000, Normalized LogL: -0.143320, Exp of Normalized LogL: 0.866477, Best Rate: 0.3
Fault: [0,1,0,3,4,5], logL: -69.097213, Exp of LogL: 0.000000, Normalized LogL: -0.580649, Exp of Normalized LogL: 0.559535, Best Rate: 0.3
Fault: [0,1,2,3,4,5], logL: -69.530830, Exp of LogL: 0.000000, Normalized LogL: -0.584293, Exp of Normalized LogL: 0.557500, Best Rate: 0.3
Fault: [0,1,3,3,4,5], logL: -69.986070, Exp of LogL: 0.000000, Normalized LogL: -0.588118, Exp of Normalized LogL: 0.555371, Best Rate: 0.3
Fault: [0,1,1,3,4,5], logL: -70.319313, Exp of LogL: 0.000000, Normalized LogL: -0.590919, Exp of Normalized LogL: 0.553818, Best Rate: 0.3

========= ADAPTIVE MC DEBUG =========
Total calls: 1190
Avg tries: 184.83
Confidence stops: 1190
Max stops: 0
Max stop rate: 0.000
Real Fault Rank 4
===== SEED 68 | FR=0.3 | VR=80 =====
executing with fault mode: [0,1,4,3,4,5]

executing with fault mode: [0,1,4,3,4,5]

Fault scores (higher is better):
Fault: [0,5,4,3,4,5], logL: -15.095980, Exp of LogL: 0.000000, Normalized LogL: -0.095544, Exp of Normalized LogL: 0.908878, Best Rate: 0.3
Fault: [0,4,4,3,4,5], logL: -15.095980, Exp of LogL: 0.000000, Normalized LogL: -0.095544, Exp of Normalized LogL: 0.908878, Best Rate: 0.3
Fault: [0,2,4,3,4,5], logL: -15.453359, Exp of LogL: 0.000000, Normalized LogL: -0.097806, Exp of Normalized LogL: 0.906825, Best Rate: 0.3
Fault: [0,1,4,3,4,5], logL: -16.143602, Exp of LogL: 0.000000, Normalized LogL: -0.102175, Exp of Normalized LogL: 0.902872, Best Rate: 0.3
Fault: [0,1,5,3,4,5], logL: -16.143602, Exp of LogL: 0.000000, Normalized LogL: -0.102175, Exp of Normalized LogL: 0.902872, Best Rate: 0.3
Fault: [0,0,4,3,4,5], logL: -17.287613, Exp of LogL: 0.000000, Normalized LogL: -0.109415, Exp of Normalized LogL: 0.896358, Best Rate: 0.3
Fault: [0,1,0,3,4,5], logL: -69.170354, Exp of LogL: 0.000000, Normalized LogL: -0.437787, Exp of Normalized LogL: 0.645463, Best Rate: 0.3
Fault: [0,1,2,3,4,5], logL: -69.603970, Exp of LogL: 0.000000, Normalized LogL: -0.440531, Exp of Normalized LogL: 0.643694, Best Rate: 0.3
Fault: [0,1,3,3,4,5], logL: -70.059211, Exp of LogL: 0.000000, Normalized LogL: -0.443413, Exp of Normalized LogL: 0.641842, Best Rate: 0.3
Fault: [0,1,1,3,4,5], logL: -70.392454, Exp of LogL: 0.000000, Normalized LogL: -0.445522, Exp of Normalized LogL: 0.640490, Best Rate: 0.3

========= ADAPTIVE MC DEBUG =========
Total calls: 1580
Avg tries: 177.85
Confidence stops: 1580
Max stops: 0
Max stop rate: 0.000
Real Fault Rank 4
===== SEED 68 | FR=0.3 | VR=100 =====
executing with fault mode: [0,1,4,3,4,5]

executing with fault mode: [0,1,4,3,4,5]

Fault scores (higher is better):
Fault: [0,5,4,3,4,5], logL: -16.283609, Exp of LogL: 0.000000, Normalized LogL: -0.082240, Exp of Normalized LogL: 0.921050, Best Rate: 0.3
Fault: [0,4,4,3,4,5], logL: -16.283609, Exp of LogL: 0.000000, Normalized LogL: -0.082240, Exp of Normalized LogL: 0.921050, Best Rate: 0.3
Fault: [0,2,4,3,4,5], logL: -17.800904, Exp of LogL: 0.000000, Normalized LogL: -0.089904, Exp of Normalized LogL: 0.914019, Best Rate: 0.3
Fault: [0,1,4,3,4,5], logL: -18.143155, Exp of LogL: 0.000000, Normalized LogL: -0.091632, Exp of Normalized LogL: 0.912441, Best Rate: 0.3
Fault: [0,1,5,3,4,5], logL: -18.143155, Exp of LogL: 0.000000, Normalized LogL: -0.091632, Exp of Normalized LogL: 0.912441, Best Rate: 0.3
Fault: [0,0,4,3,4,5], logL: -19.169227, Exp of LogL: 0.000000, Normalized LogL: -0.096814, Exp of Normalized LogL: 0.907725, Best Rate: 0.3
Fault: [0,1,0,3,4,5], logL: -69.696601, Exp of LogL: 0.000000, Normalized LogL: -0.352003, Exp of Normalized LogL: 0.703278, Best Rate: 0.3
Fault: [0,1,2,3,4,5], logL: -70.130218, Exp of LogL: 0.000000, Normalized LogL: -0.354193, Exp of Normalized LogL: 0.701740, Best Rate: 0.3
Fault: [0,1,3,3,4,5], logL: -70.585458, Exp of LogL: 0.000000, Normalized LogL: -0.356492, Exp of Normalized LogL: 0.700128, Best Rate: 0.3
Fault: [0,1,1,3,4,5], logL: -70.918701, Exp of LogL: 0.000000, Normalized LogL: -0.358175, Exp of Normalized LogL: 0.698951, Best Rate: 0.3

========= ADAPTIVE MC DEBUG =========
Total calls: 1980
Avg tries: 176.64
Confidence stops: 1980
Max stops: 0
Max stop rate: 0.000
Real Fault Rank 4
================= 22/08/2026 05:13:55: SEED 68 END =================
================= 22/08/2026 05:13:55: SEED 69 (67/100), a*=2 fault=[0,1,1,3,4,5] START =================
===== SEED 69 | FR=0.3 | VR=20 =====
executing with fault mode: [0,1,1,3,4,5]

Fault scores (higher is better):
Fault: [0,1,1,3,4,5], logL: -7.100924, Exp of LogL: 0.000824, Normalized LogL: -1.420185, Exp of Normalized LogL: 0.241669, Best Rate: 0.3
Fault: [0,1,1,3,2,5], logL: -7.244025, Exp of LogL: 0.000714, Normalized LogL: -1.448805, Exp of Normalized LogL: 0.234851, Best Rate: 0.3
Fault: [0,1,1,3,0,5], logL: -7.244025, Exp of LogL: 0.000714, Normalized LogL: -1.448805, Exp of Normalized LogL: 0.234851, Best Rate: 0.3
Fault: [0,1,1,3,5,5], logL: -7.324068, Exp of LogL: 0.000659, Normalized LogL: -1.464814, Exp of Normalized LogL: 0.231121, Best Rate: 0.3
Fault: [0,1,1,3,1,5], logL: -7.324068, Exp of LogL: 0.000659, Normalized LogL: -1.464814, Exp of Normalized LogL: 0.231121, Best Rate: 0.3
Fault: [0,1,2,3,4,5], logL: -7.339166, Exp of LogL: 0.000650, Normalized LogL: -1.467833, Exp of Normalized LogL: 0.230424, Best Rate: 0.3
Fault: [0,1,0,3,4,5], logL: -7.577264, Exp of LogL: 0.000512, Normalized LogL: -1.515453, Exp of Normalized LogL: 0.219709, Best Rate: 0.3
Fault: [0,1,4,3,4,5], logL: -8.371387, Exp of LogL: 0.000231, Normalized LogL: -1.674277, Exp of Normalized LogL: 0.187444, Best Rate: 0.3
Fault: [0,1,5,3,4,5], logL: -8.371387, Exp of LogL: 0.000231, Normalized LogL: -1.674277, Exp of Normalized LogL: 0.187444, Best Rate: 0.3
Fault: [0,1,3,3,4,5], logL: -8.764429, Exp of LogL: 0.000156, Normalized LogL: -1.752886, Exp of Normalized LogL: 0.173273, Best Rate: 0.3

========= ADAPTIVE MC DEBUG =========
Total calls: 50
Avg tries: 441.00
Confidence stops: 50
Max stops: 0
Max stop rate: 0.000
Real Fault Rank 1
===== SEED 69 | FR=0.3 | VR=40 =====
executing with fault mode: [0,1,1,3,4,5]

Fault scores (higher is better):
Fault: [0,1,1,3,4,5], logL: -11.149928, Exp of LogL: 0.000014, Normalized LogL: -1.114993, Exp of Normalized LogL: 0.327918, Best Rate: 0.3
Fault: [0,1,1,3,5,5], logL: -11.265441, Exp of LogL: 0.000013, Normalized LogL: -1.126544, Exp of Normalized LogL: 0.324152, Best Rate: 0.3
Fault: [0,1,1,3,1,5], logL: -11.265441, Exp of LogL: 0.000013, Normalized LogL: -1.126544, Exp of Normalized LogL: 0.324152, Best Rate: 0.3
Fault: [0,1,1,3,0,5], logL: -11.301808, Exp of LogL: 0.000012, Normalized LogL: -1.130181, Exp of Normalized LogL: 0.322975, Best Rate: 0.3
Fault: [0,1,1,3,2,5], logL: -11.317809, Exp of LogL: 0.000012, Normalized LogL: -1.131781, Exp of Normalized LogL: 0.322458, Best Rate: 0.3
Fault: [0,1,2,3,4,5], logL: -11.947582, Exp of LogL: 0.000006, Normalized LogL: -1.194758, Exp of Normalized LogL: 0.302777, Best Rate: 0.3
Fault: [0,1,3,3,4,5], logL: -12.443004, Exp of LogL: 0.000004, Normalized LogL: -1.244300, Exp of Normalized LogL: 0.288142, Best Rate: 0.3
Fault: [0,1,4,3,4,5], logL: -12.502719, Exp of LogL: 0.000004, Normalized LogL: -1.250272, Exp of Normalized LogL: 0.286427, Best Rate: 0.3
Fault: [0,1,5,3,4,5], logL: -12.502719, Exp of LogL: 0.000004, Normalized LogL: -1.250272, Exp of Normalized LogL: 0.286427, Best Rate: 0.3
Fault: [0,1,0,3,4,5], logL: -12.819173, Exp of LogL: 0.000003, Normalized LogL: -1.281917, Exp of Normalized LogL: 0.277505, Best Rate: 0.3

========= ADAPTIVE MC DEBUG =========
Total calls: 100
Avg tries: 428.00
Confidence stops: 100
Max stops: 0
Max stop rate: 0.000
Real Fault Rank 1
===== SEED 69 | FR=0.3 | VR=60 =====
executing with fault mode: [0,1,1,3,4,5]

Fault scores (higher is better):
Fault: [0,1,1,3,4,5], logL: -15.254499, Exp of LogL: 0.000000, Normalized LogL: -1.089607, Exp of Normalized LogL: 0.336349, Best Rate: 0.3
Fault: [0,1,1,3,5,5], logL: -15.395127, Exp of LogL: 0.000000, Normalized LogL: -1.099652, Exp of Normalized LogL: 0.332987, Best Rate: 0.3
Fault: [0,1,1,3,1,5], logL: -15.395127, Exp of LogL: 0.000000, Normalized LogL: -1.099652, Exp of Normalized LogL: 0.332987, Best Rate: 0.3
Fault: [0,1,3,3,4,5], logL: -15.443373, Exp of LogL: 0.000000, Normalized LogL: -1.103098, Exp of Normalized LogL: 0.331841, Best Rate: 0.3
Fault: [0,1,4,3,4,5], logL: -15.503089, Exp of LogL: 0.000000, Normalized LogL: -1.107363, Exp of Normalized LogL: 0.330429, Best Rate: 0.3
Fault: [0,1,5,3,4,5], logL: -15.503089, Exp of LogL: 0.000000, Normalized LogL: -1.107363, Exp of Normalized LogL: 0.330429, Best Rate: 0.3
Fault: [0,1,1,3,2,5], logL: -15.575253, Exp of LogL: 0.000000, Normalized LogL: -1.112518, Exp of Normalized LogL: 0.328730, Best Rate: 0.3
Fault: [0,1,1,3,0,5], logL: -15.702954, Exp of LogL: 0.000000, Normalized LogL: -1.121640, Exp of Normalized LogL: 0.325745, Best Rate: 0.3
Fault: [0,1,2,3,4,5], logL: -16.274494, Exp of LogL: 0.000000, Normalized LogL: -1.162464, Exp of Normalized LogL: 0.312715, Best Rate: 0.3
Fault: [0,1,0,3,4,5], logL: -16.823751, Exp of LogL: 0.000000, Normalized LogL: -1.201696, Exp of Normalized LogL: 0.300684, Best Rate: 0.3

========= ADAPTIVE MC DEBUG =========
Total calls: 140
Avg tries: 444.64
Confidence stops: 140
Max stops: 0
Max stop rate: 0.000
Real Fault Rank 1
===== SEED 69 | FR=0.3 | VR=80 =====
executing with fault mode: [0,1,1,3,4,5]

Fault scores (higher is better):
Fault: [0,1,3,3,4,5], logL: -17.164292, Exp of LogL: 0.000000, Normalized LogL: -0.903384, Exp of Normalized LogL: 0.405196, Best Rate: 0.3
Fault: [0,1,1,3,4,5], logL: -17.267840, Exp of LogL: 0.000000, Normalized LogL: -0.908834, Exp of Normalized LogL: 0.402994, Best Rate: 0.3
Fault: [0,1,1,3,5,5], logL: -17.669839, Exp of LogL: 0.000000, Normalized LogL: -0.929992, Exp of Normalized LogL: 0.394557, Best Rate: 0.3
Fault: [0,1,1,3,2,5], logL: -17.669839, Exp of LogL: 0.000000, Normalized LogL: -0.929992, Exp of Normalized LogL: 0.394557, Best Rate: 0.3
Fault: [0,1,1,3,0,5], logL: -17.669839, Exp of LogL: 0.000000, Normalized LogL: -0.929992, Exp of Normalized LogL: 0.394557, Best Rate: 0.3
Fault: [0,1,1,3,1,5], logL: -17.669839, Exp of LogL: 0.000000, Normalized LogL: -0.929992, Exp of Normalized LogL: 0.394557, Best Rate: 0.3
Fault: [0,1,4,3,4,5], logL: -18.090404, Exp of LogL: 0.000000, Normalized LogL: -0.952127, Exp of Normalized LogL: 0.385919, Best Rate: 0.3
Fault: [0,1,5,3,4,5], logL: -18.090404, Exp of LogL: 0.000000, Normalized LogL: -0.952127, Exp of Normalized LogL: 0.385919, Best Rate: 0.3
Fault: [0,1,2,3,4,5], logL: -18.604590, Exp of LogL: 0.000000, Normalized LogL: -0.979189, Exp of Normalized LogL: 0.375616, Best Rate: 0.3
Fault: [0,1,0,3,4,5], logL: -18.950015, Exp of LogL: 0.000000, Normalized LogL: -0.997369, Exp of Normalized LogL: 0.368849, Best Rate: 0.3

========= ADAPTIVE MC DEBUG =========
Total calls: 190
Avg tries: 480.53
Confidence stops: 190
Max stops: 0
Max stop rate: 0.000
Real Fault Rank 2
===== SEED 69 | FR=0.3 | VR=100 =====
executing with fault mode: [0,1,1,3,4,5]

Fault scores (higher is better):
Fault: [0,1,1,3,4,5], logL: -17.906861, Exp of LogL: 0.000000, Normalized LogL: -0.746119, Exp of Normalized LogL: 0.474203, Best Rate: 0.3
Fault: [0,1,1,3,5,5], logL: -18.238146, Exp of LogL: 0.000000, Normalized LogL: -0.759923, Exp of Normalized LogL: 0.467703, Best Rate: 0.3
Fault: [0,1,1,3,2,5], logL: -18.238146, Exp of LogL: 0.000000, Normalized LogL: -0.759923, Exp of Normalized LogL: 0.467703, Best Rate: 0.3
Fault: [0,1,1,3,0,5], logL: -18.238146, Exp of LogL: 0.000000, Normalized LogL: -0.759923, Exp of Normalized LogL: 0.467703, Best Rate: 0.3
Fault: [0,1,1,3,1,5], logL: -18.238146, Exp of LogL: 0.000000, Normalized LogL: -0.759923, Exp of Normalized LogL: 0.467703, Best Rate: 0.3
Fault: [0,1,2,3,4,5], logL: -18.657913, Exp of LogL: 0.000000, Normalized LogL: -0.777413, Exp of Normalized LogL: 0.459593, Best Rate: 0.3
Fault: [0,1,3,3,4,5], logL: -19.515960, Exp of LogL: 0.000000, Normalized LogL: -0.813165, Exp of Normalized LogL: 0.443452, Best Rate: 0.3
Fault: [0,1,0,3,4,5], logL: -19.905190, Exp of LogL: 0.000000, Normalized LogL: -0.829383, Exp of Normalized LogL: 0.436318, Best Rate: 0.3
Fault: [0,1,4,3,4,5], logL: -20.122267, Exp of LogL: 0.000000, Normalized LogL: -0.838428, Exp of Normalized LogL: 0.432390, Best Rate: 0.3
Fault: [0,1,5,3,4,5], logL: -20.122267, Exp of LogL: 0.000000, Normalized LogL: -0.838428, Exp of Normalized LogL: 0.432390, Best Rate: 0.3

========= ADAPTIVE MC DEBUG =========
Total calls: 240
Avg tries: 478.96
Confidence stops: 240
Max stops: 0
Max stop rate: 0.000
Real Fault Rank 1
================= 22/08/2026 05:14:33: SEED 69 END =================
================= 22/08/2026 05:14:33: SEED 70 (68/100), a*=0 fault=[3,1,2,3,4,5] START =================
===== SEED 70 | FR=0.3 | VR=20 =====
executing with fault mode: [3,1,2,3,4,5]

Fault scores (higher is better):
Fault: [1,1,2,3,4,5], logL: -9.793304, Exp of LogL: 0.000056, Normalized LogL: -1.399043, Exp of Normalized LogL: 0.246833, Best Rate: 0.3
Fault: [3,1,2,3,3,5], logL: -9.796245, Exp of LogL: 0.000056, Normalized LogL: -1.399464, Exp of Normalized LogL: 0.246729, Best Rate: 0.3
Fault: [3,1,2,3,2,5], logL: -9.796245, Exp of LogL: 0.000056, Normalized LogL: -1.399464, Exp of Normalized LogL: 0.246729, Best Rate: 0.3
Fault: [3,1,2,3,5,5], logL: -9.796245, Exp of LogL: 0.000056, Normalized LogL: -1.399464, Exp of Normalized LogL: 0.246729, Best Rate: 0.3
Fault: [2,1,2,3,4,5], logL: -9.960358, Exp of LogL: 0.000047, Normalized LogL: -1.422908, Exp of Normalized LogL: 0.241012, Best Rate: 0.3
Fault: [3,1,2,3,1,5], logL: -10.041782, Exp of LogL: 0.000044, Normalized LogL: -1.434540, Exp of Normalized LogL: 0.238225, Best Rate: 0.3
Fault: [3,1,2,3,4,5], logL: -10.248040, Exp of LogL: 0.000035, Normalized LogL: -1.464006, Exp of Normalized LogL: 0.231308, Best Rate: 0.3
Fault: [4,1,2,3,4,5], logL: -10.248040, Exp of LogL: 0.000035, Normalized LogL: -1.464006, Exp of Normalized LogL: 0.231308, Best Rate: 0.3
Fault: [5,1,2,3,4,5], logL: -10.248040, Exp of LogL: 0.000035, Normalized LogL: -1.464006, Exp of Normalized LogL: 0.231308, Best Rate: 0.3
Fault: [0,1,2,3,4,5], logL: -10.368668, Exp of LogL: 0.000031, Normalized LogL: -1.481238, Exp of Normalized LogL: 0.227356, Best Rate: 0.3

========= ADAPTIVE MC DEBUG =========
Total calls: 70
Avg tries: 492.14
Confidence stops: 70
Max stops: 0
Max stop rate: 0.000
Real Fault Rank 7
===== SEED 70 | FR=0.3 | VR=40 =====
executing with fault mode: [3,1,2,3,4,5]

Fault scores (higher is better):
Fault: [3,1,2,3,3,5], logL: -15.988739, Exp of LogL: 0.000000, Normalized LogL: -1.229903, Exp of Normalized LogL: 0.292321, Best Rate: 0.3
Fault: [3,1,2,3,2,5], logL: -15.988739, Exp of LogL: 0.000000, Normalized LogL: -1.229903, Exp of Normalized LogL: 0.292321, Best Rate: 0.3
Fault: [3,1,2,3,5,5], logL: -15.988739, Exp of LogL: 0.000000, Normalized LogL: -1.229903, Exp of Normalized LogL: 0.292321, Best Rate: 0.3
Fault: [3,1,2,3,1,5], logL: -16.624013, Exp of LogL: 0.000000, Normalized LogL: -1.278770, Exp of Normalized LogL: 0.278379, Best Rate: 0.3
Fault: [4,1,2,3,4,5], logL: -16.897818, Exp of LogL: 0.000000, Normalized LogL: -1.299832, Exp of Normalized LogL: 0.272578, Best Rate: 0.3
Fault: [5,1,2,3,4,5], logL: -16.897818, Exp of LogL: 0.000000, Normalized LogL: -1.299832, Exp of Normalized LogL: 0.272578, Best Rate: 0.3
Fault: [3,1,2,3,4,5], logL: -16.958443, Exp of LogL: 0.000000, Normalized LogL: -1.304496, Exp of Normalized LogL: 0.271309, Best Rate: 0.3
Fault: [0,1,2,3,4,5], logL: -17.166082, Exp of LogL: 0.000000, Normalized LogL: -1.320468, Exp of Normalized LogL: 0.267010, Best Rate: 0.3
Fault: [2,1,2,3,4,5], logL: -17.246125, Exp of LogL: 0.000000, Normalized LogL: -1.326625, Exp of Normalized LogL: 0.265371, Best Rate: 0.3
Fault: [1,1,2,3,4,5], logL: -17.939272, Exp of LogL: 0.000000, Normalized LogL: -1.379944, Exp of Normalized LogL: 0.251593, Best Rate: 0.3

========= ADAPTIVE MC DEBUG =========
Total calls: 130
Avg tries: 473.46
Confidence stops: 130
Max stops: 0
Max stop rate: 0.000
Real Fault Rank 7
===== SEED 70 | FR=0.3 | VR=60 =====
executing with fault mode: [3,1,2,3,4,5]

Fault scores (higher is better):
Fault: [3,1,2,3,3,5], logL: -19.682589, Exp of LogL: 0.000000, Normalized LogL: -1.035926, Exp of Normalized LogL: 0.354898, Best Rate: 0.3
Fault: [3,1,2,3,2,5], logL: -19.682589, Exp of LogL: 0.000000, Normalized LogL: -1.035926, Exp of Normalized LogL: 0.354898, Best Rate: 0.3
Fault: [3,1,2,3,5,5], logL: -19.682589, Exp of LogL: 0.000000, Normalized LogL: -1.035926, Exp of Normalized LogL: 0.354898, Best Rate: 0.3
Fault: [2,1,2,3,4,5], logL: -19.792496, Exp of LogL: 0.000000, Normalized LogL: -1.041710, Exp of Normalized LogL: 0.352851, Best Rate: 0.3
Fault: [0,1,2,3,4,5], logL: -19.957097, Exp of LogL: 0.000000, Normalized LogL: -1.050374, Exp of Normalized LogL: 0.349807, Best Rate: 0.3
Fault: [3,1,2,3,4,5], logL: -20.069146, Exp of LogL: 0.000000, Normalized LogL: -1.056271, Exp of Normalized LogL: 0.347750, Best Rate: 0.3
Fault: [4,1,2,3,4,5], logL: -20.133249, Exp of LogL: 0.000000, Normalized LogL: -1.059645, Exp of Normalized LogL: 0.346579, Best Rate: 0.3
Fault: [5,1,2,3,4,5], logL: -20.133249, Exp of LogL: 0.000000, Normalized LogL: -1.059645, Exp of Normalized LogL: 0.346579, Best Rate: 0.3
Fault: [3,1,2,3,1,5], logL: -20.140182, Exp of LogL: 0.000000, Normalized LogL: -1.060010, Exp of Normalized LogL: 0.346452, Best Rate: 0.3
Fault: [1,1,2,3,4,5], logL: -20.457381, Exp of LogL: 0.000000, Normalized LogL: -1.076704, Exp of Normalized LogL: 0.340717, Best Rate: 0.3

========= ADAPTIVE MC DEBUG =========
Total calls: 190
Avg tries: 508.68
Confidence stops: 190
Max stops: 0
Max stop rate: 0.000
Real Fault Rank 6
===== SEED 70 | FR=0.3 | VR=80 =====
executing with fault mode: [3,1,2,3,4,5]

Fault scores (higher is better):
Fault: [0,1,2,3,4,5], logL: -22.629596, Exp of LogL: 0.000000, Normalized LogL: -0.905184, Exp of Normalized LogL: 0.404468, Best Rate: 0.3
Fault: [3,1,2,3,3,5], logL: -22.923947, Exp of LogL: 0.000000, Normalized LogL: -0.916958, Exp of Normalized LogL: 0.399733, Best Rate: 0.3
Fault: [3,1,2,3,2,5], logL: -22.923947, Exp of LogL: 0.000000, Normalized LogL: -0.916958, Exp of Normalized LogL: 0.399733, Best Rate: 0.3
Fault: [3,1,2,3,5,5], logL: -22.923947, Exp of LogL: 0.000000, Normalized LogL: -0.916958, Exp of Normalized LogL: 0.399733, Best Rate: 0.3
Fault: [2,1,2,3,4,5], logL: -23.007545, Exp of LogL: 0.000000, Normalized LogL: -0.920302, Exp of Normalized LogL: 0.398399, Best Rate: 0.3
Fault: [3,1,2,3,4,5], logL: -23.310504, Exp of LogL: 0.000000, Normalized LogL: -0.932420, Exp of Normalized LogL: 0.393600, Best Rate: 0.3
Fault: [3,1,2,3,1,5], logL: -23.381540, Exp of LogL: 0.000000, Normalized LogL: -0.935262, Exp of Normalized LogL: 0.392483, Best Rate: 0.3
Fault: [4,1,2,3,4,5], logL: -23.624209, Exp of LogL: 0.000000, Normalized LogL: -0.944968, Exp of Normalized LogL: 0.388692, Best Rate: 0.3
Fault: [5,1,2,3,4,5], logL: -23.624209, Exp of LogL: 0.000000, Normalized LogL: -0.944968, Exp of Normalized LogL: 0.388692, Best Rate: 0.3
Fault: [1,1,2,3,4,5], logL: -23.840007, Exp of LogL: 0.000000, Normalized LogL: -0.953600, Exp of Normalized LogL: 0.385351, Best Rate: 0.3

========= ADAPTIVE MC DEBUG =========
Total calls: 250
Avg tries: 510.80
Confidence stops: 250
Max stops: 0
Max stop rate: 0.000
Real Fault Rank 6
===== SEED 70 | FR=0.3 | VR=100 =====
executing with fault mode: [3,1,2,3,4,5]

Fault scores (higher is better):
Fault: [0,1,2,3,4,5], logL: -27.530053, Exp of LogL: 0.000000, Normalized LogL: -0.888066, Exp of Normalized LogL: 0.411451, Best Rate: 0.3
Fault: [3,1,2,3,4,5], logL: -27.668751, Exp of LogL: 0.000000, Normalized LogL: -0.892540, Exp of Normalized LogL: 0.409614, Best Rate: 0.3
Fault: [2,1,2,3,4,5], logL: -27.742122, Exp of LogL: 0.000000, Normalized LogL: -0.894907, Exp of Normalized LogL: 0.408646, Best Rate: 0.3
Fault: [3,1,2,3,3,5], logL: -28.081515, Exp of LogL: 0.000000, Normalized LogL: -0.905855, Exp of Normalized LogL: 0.404196, Best Rate: 0.3
Fault: [3,1,2,3,2,5], logL: -28.081515, Exp of LogL: 0.000000, Normalized LogL: -0.905855, Exp of Normalized LogL: 0.404196, Best Rate: 0.3
Fault: [3,1,2,3,1,5], logL: -28.081515, Exp of LogL: 0.000000, Normalized LogL: -0.905855, Exp of Normalized LogL: 0.404196, Best Rate: 0.3
Fault: [3,1,2,3,5,5], logL: -28.081515, Exp of LogL: 0.000000, Normalized LogL: -0.905855, Exp of Normalized LogL: 0.404196, Best Rate: 0.3
Fault: [1,1,2,3,4,5], logL: -28.604818, Exp of LogL: 0.000000, Normalized LogL: -0.922736, Exp of Normalized LogL: 0.397430, Best Rate: 0.3
Fault: [4,1,2,3,4,5], logL: -28.909679, Exp of LogL: 0.000000, Normalized LogL: -0.932570, Exp of Normalized LogL: 0.393541, Best Rate: 0.3
Fault: [5,1,2,3,4,5], logL: -28.909679, Exp of LogL: 0.000000, Normalized LogL: -0.932570, Exp of Normalized LogL: 0.393541, Best Rate: 0.3

========= ADAPTIVE MC DEBUG =========
Total calls: 310
Avg tries: 477.58
Confidence stops: 310
Max stops: 0
Max stop rate: 0.000
Real Fault Rank 2
================= 22/08/2026 05:15:26: SEED 70 END =================
================= 22/08/2026 05:15:26: SEED 71 (69/100), a*=3 fault=[0,1,2,0,4,5] START =================
===== SEED 71 | FR=0.3 | VR=20 =====
executing with fault mode: [0,1,2,0,4,5]

Fault scores (higher is better):
Fault: [0,1,2,1,4,5], logL: -10.077542, Exp of LogL: 0.000042, Normalized LogL: -2.015508, Exp of Normalized LogL: 0.133253, Best Rate: 0.3
Fault: [0,1,2,2,4,5], logL: -10.247441, Exp of LogL: 0.000035, Normalized LogL: -2.049488, Exp of Normalized LogL: 0.128801, Best Rate: 0.3
Fault: [0,1,2,5,4,5], logL: -10.706151, Exp of LogL: 0.000022, Normalized LogL: -2.141230, Exp of Normalized LogL: 0.117510, Best Rate: 0.3
Fault: [0,1,2,4,4,5], logL: -10.706151, Exp of LogL: 0.000022, Normalized LogL: -2.141230, Exp of Normalized LogL: 0.117510, Best Rate: 0.3
Fault: [0,1,3,0,4,5], logL: -11.080844, Exp of LogL: 0.000015, Normalized LogL: -2.216169, Exp of Normalized LogL: 0.109026, Best Rate: 0.3
Fault: [0,1,5,0,4,5], logL: -11.080844, Exp of LogL: 0.000015, Normalized LogL: -2.216169, Exp of Normalized LogL: 0.109026, Best Rate: 0.3
Fault: [0,1,2,0,4,5], logL: -11.080844, Exp of LogL: 0.000015, Normalized LogL: -2.216169, Exp of Normalized LogL: 0.109026, Best Rate: 0.3
Fault: [0,1,0,0,4,5], logL: -11.080844, Exp of LogL: 0.000015, Normalized LogL: -2.216169, Exp of Normalized LogL: 0.109026, Best Rate: 0.3
Fault: [0,1,4,0,4,5], logL: -11.080844, Exp of LogL: 0.000015, Normalized LogL: -2.216169, Exp of Normalized LogL: 0.109026, Best Rate: 0.3
Fault: [0,1,2,3,4,5], logL: -11.242294, Exp of LogL: 0.000013, Normalized LogL: -2.248459, Exp of Normalized LogL: 0.105562, Best Rate: 0.3

========= ADAPTIVE MC DEBUG =========
Total calls: 50
Avg tries: 333.00
Confidence stops: 50
Max stops: 0
Max stop rate: 0.000
Real Fault Rank 7
===== SEED 71 | FR=0.3 | VR=40 =====
executing with fault mode: [0,1,2,0,4,5]

Fault scores (higher is better):
Fault: [0,1,2,1,4,5], logL: -14.397674, Exp of LogL: 0.000001, Normalized LogL: -1.599742, Exp of Normalized LogL: 0.201949, Best Rate: 0.3
Fault: [0,1,2,3,4,5], logL: -14.727722, Exp of LogL: 0.000000, Normalized LogL: -1.636414, Exp of Normalized LogL: 0.194677, Best Rate: 0.3
Fault: [0,1,2,0,4,5], logL: -15.853731, Exp of LogL: 0.000000, Normalized LogL: -1.761526, Exp of Normalized LogL: 0.171783, Best Rate: 0.3
Fault: [0,1,3,0,4,5], logL: -15.924245, Exp of LogL: 0.000000, Normalized LogL: -1.769361, Exp of Normalized LogL: 0.170442, Best Rate: 0.3
Fault: [0,1,5,0,4,5], logL: -15.924245, Exp of LogL: 0.000000, Normalized LogL: -1.769361, Exp of Normalized LogL: 0.170442, Best Rate: 0.3
Fault: [0,1,0,0,4,5], logL: -15.924245, Exp of LogL: 0.000000, Normalized LogL: -1.769361, Exp of Normalized LogL: 0.170442, Best Rate: 0.3
Fault: [0,1,4,0,4,5], logL: -15.924245, Exp of LogL: 0.000000, Normalized LogL: -1.769361, Exp of Normalized LogL: 0.170442, Best Rate: 0.3
Fault: [0,1,2,2,4,5], logL: -15.949041, Exp of LogL: 0.000000, Normalized LogL: -1.772116, Exp of Normalized LogL: 0.169973, Best Rate: 0.3
Fault: [0,1,2,5,4,5], logL: -16.054402, Exp of LogL: 0.000000, Normalized LogL: -1.783822, Exp of Normalized LogL: 0.167995, Best Rate: 0.3
Fault: [0,1,2,4,4,5], logL: -16.054402, Exp of LogL: 0.000000, Normalized LogL: -1.783822, Exp of Normalized LogL: 0.167995, Best Rate: 0.3

========= ADAPTIVE MC DEBUG =========
Total calls: 90
Avg tries: 382.78
Confidence stops: 90
Max stops: 0
Max stop rate: 0.000
Real Fault Rank 3
===== SEED 71 | FR=0.3 | VR=60 =====
executing with fault mode: [0,1,2,0,4,5]

Fault scores (higher is better):
Fault: [0,1,2,1,4,5], logL: -20.152414, Exp of LogL: 0.000000, Normalized LogL: -1.550186, Exp of Normalized LogL: 0.212209, Best Rate: 0.3
Fault: [0,1,2,3,4,5], logL: -20.377101, Exp of LogL: 0.000000, Normalized LogL: -1.567469, Exp of Normalized LogL: 0.208572, Best Rate: 0.3
Fault: [0,1,2,0,4,5], logL: -21.703781, Exp of LogL: 0.000000, Normalized LogL: -1.669522, Exp of Normalized LogL: 0.188337, Best Rate: 0.3
Fault: [0,1,2,2,4,5], logL: -21.703781, Exp of LogL: 0.000000, Normalized LogL: -1.669522, Exp of Normalized LogL: 0.188337, Best Rate: 0.3
Fault: [0,1,3,0,4,5], logL: -21.774295, Exp of LogL: 0.000000, Normalized LogL: -1.674946, Exp of Normalized LogL: 0.187318, Best Rate: 0.3
Fault: [0,1,5,0,4,5], logL: -21.774295, Exp of LogL: 0.000000, Normalized LogL: -1.674946, Exp of Normalized LogL: 0.187318, Best Rate: 0.3
Fault: [0,1,0,0,4,5], logL: -21.774295, Exp of LogL: 0.000000, Normalized LogL: -1.674946, Exp of Normalized LogL: 0.187318, Best Rate: 0.3
Fault: [0,1,4,0,4,5], logL: -21.774295, Exp of LogL: 0.000000, Normalized LogL: -1.674946, Exp of Normalized LogL: 0.187318, Best Rate: 0.3
Fault: [0,1,2,5,4,5], logL: -21.809142, Exp of LogL: 0.000000, Normalized LogL: -1.677626, Exp of Normalized LogL: 0.186817, Best Rate: 0.3
Fault: [0,1,2,4,4,5], logL: -21.809142, Exp of LogL: 0.000000, Normalized LogL: -1.677626, Exp of Normalized LogL: 0.186817, Best Rate: 0.3

========= ADAPTIVE MC DEBUG =========
Total calls: 130
Avg tries: 391.92
Confidence stops: 130
Max stops: 0
Max stop rate: 0.000
Real Fault Rank 3
===== SEED 71 | FR=0.3 | VR=80 =====
executing with fault mode: [0,1,2,0,4,5]

Fault scores (higher is better):
Fault: [0,1,2,1,4,5], logL: -22.201099, Exp of LogL: 0.000000, Normalized LogL: -1.305947, Exp of Normalized LogL: 0.270916, Best Rate: 0.3
Fault: [0,1,2,3,4,5], logL: -22.885587, Exp of LogL: 0.000000, Normalized LogL: -1.346211, Exp of Normalized LogL: 0.260224, Best Rate: 0.3
Fault: [0,1,2,0,4,5], logL: -23.361564, Exp of LogL: 0.000000, Normalized LogL: -1.374210, Exp of Normalized LogL: 0.253040, Best Rate: 0.3
Fault: [0,1,2,2,4,5], logL: -23.611174, Exp of LogL: 0.000000, Normalized LogL: -1.388893, Exp of Normalized LogL: 0.249351, Best Rate: 0.3
Fault: [0,1,2,5,4,5], logL: -23.654234, Exp of LogL: 0.000000, Normalized LogL: -1.391426, Exp of Normalized LogL: 0.248720, Best Rate: 0.3
Fault: [0,1,2,4,4,5], logL: -23.654234, Exp of LogL: 0.000000, Normalized LogL: -1.391426, Exp of Normalized LogL: 0.248720, Best Rate: 0.3
Fault: [0,1,3,0,4,5], logL: -23.734495, Exp of LogL: 0.000000, Normalized LogL: -1.396147, Exp of Normalized LogL: 0.247549, Best Rate: 0.3
Fault: [0,1,5,0,4,5], logL: -23.734495, Exp of LogL: 0.000000, Normalized LogL: -1.396147, Exp of Normalized LogL: 0.247549, Best Rate: 0.3
Fault: [0,1,0,0,4,5], logL: -23.734495, Exp of LogL: 0.000000, Normalized LogL: -1.396147, Exp of Normalized LogL: 0.247549, Best Rate: 0.3
Fault: [0,1,4,0,4,5], logL: -23.734495, Exp of LogL: 0.000000, Normalized LogL: -1.396147, Exp of Normalized LogL: 0.247549, Best Rate: 0.3

========= ADAPTIVE MC DEBUG =========
Total calls: 170
Avg tries: 427.06
Confidence stops: 170
Max stops: 0
Max stop rate: 0.000
Real Fault Rank 3
===== SEED 71 | FR=0.3 | VR=100 =====
executing with fault mode: [0,1,2,0,4,5]

Fault scores (higher is better):
Fault: [0,1,2,1,4,5], logL: -22.460442, Exp of LogL: 0.000000, Normalized LogL: -1.020929, Exp of Normalized LogL: 0.360260, Best Rate: 0.3
Fault: [0,1,2,3,4,5], logL: -23.386008, Exp of LogL: 0.000000, Normalized LogL: -1.063000, Exp of Normalized LogL: 0.345418, Best Rate: 0.3
Fault: [0,1,2,0,4,5], logL: -23.802295, Exp of LogL: 0.000000, Normalized LogL: -1.081922, Exp of Normalized LogL: 0.338943, Best Rate: 0.3
Fault: [0,1,2,5,4,5], logL: -23.971959, Exp of LogL: 0.000000, Normalized LogL: -1.089634, Exp of Normalized LogL: 0.336339, Best Rate: 0.3
Fault: [0,1,2,4,4,5], logL: -23.971959, Exp of LogL: 0.000000, Normalized LogL: -1.089634, Exp of Normalized LogL: 0.336339, Best Rate: 0.3
Fault: [0,1,2,2,4,5], logL: -23.971959, Exp of LogL: 0.000000, Normalized LogL: -1.089634, Exp of Normalized LogL: 0.336339, Best Rate: 0.3
Fault: [0,1,3,0,4,5], logL: -24.175226, Exp of LogL: 0.000000, Normalized LogL: -1.098874, Exp of Normalized LogL: 0.333246, Best Rate: 0.3
Fault: [0,1,5,0,4,5], logL: -24.175226, Exp of LogL: 0.000000, Normalized LogL: -1.098874, Exp of Normalized LogL: 0.333246, Best Rate: 0.3
Fault: [0,1,0,0,4,5], logL: -24.175226, Exp of LogL: 0.000000, Normalized LogL: -1.098874, Exp of Normalized LogL: 0.333246, Best Rate: 0.3
Fault: [0,1,4,0,4,5], logL: -24.175226, Exp of LogL: 0.000000, Normalized LogL: -1.098874, Exp of Normalized LogL: 0.333246, Best Rate: 0.3

========= ADAPTIVE MC DEBUG =========
Total calls: 220
Avg tries: 434.77
Confidence stops: 220
Max stops: 0
Max stop rate: 0.000
Real Fault Rank 3
================= 22/08/2026 05:15:57: SEED 71 END =================
================= 22/08/2026 05:15:57: SEED 72 (70/100), a*=2 fault=[0,1,5,3,4,5] START =================
===== SEED 72 | FR=0.3 | VR=20 =====
executing with fault mode: [0,1,5,3,4,5]

Fault scores (higher is better):
Fault: [0,1,4,3,4,5], logL: -4.900226, Exp of LogL: 0.007445, Normalized LogL: -1.633409, Exp of Normalized LogL: 0.195263, Best Rate: 0.3
Fault: [0,1,5,3,4,5], logL: -4.900226, Exp of LogL: 0.007445, Normalized LogL: -1.633409, Exp of Normalized LogL: 0.195263, Best Rate: 0.3
Fault: [2,1,5,3,4,5], logL: -5.237213, Exp of LogL: 0.005315, Normalized LogL: -1.745738, Exp of Normalized LogL: 0.174516, Best Rate: 0.3
Fault: [4,1,5,3,4,5], logL: -5.273581, Exp of LogL: 0.005125, Normalized LogL: -1.757860, Exp of Normalized LogL: 0.172413, Best Rate: 0.3
Fault: [5,1,5,3,4,5], logL: -5.273581, Exp of LogL: 0.005125, Normalized LogL: -1.757860, Exp of Normalized LogL: 0.172413, Best Rate: 0.3
Fault: [1,1,5,3,4,5], logL: -5.311321, Exp of LogL: 0.004935, Normalized LogL: -1.770440, Exp of Normalized LogL: 0.170258, Best Rate: 0.3
Fault: [0,1,3,3,4,5], logL: -5.745254, Exp of LogL: 0.003198, Normalized LogL: -1.915085, Exp of Normalized LogL: 0.147329, Best Rate: 0.3
Fault: [0,1,0,3,4,5], logL: -5.824718, Exp of LogL: 0.002954, Normalized LogL: -1.941573, Exp of Normalized LogL: 0.143478, Best Rate: 0.3
Fault: [0,1,1,3,4,5], logL: -6.371262, Exp of LogL: 0.001710, Normalized LogL: -2.123754, Exp of Normalized LogL: 0.119582, Best Rate: 0.3
Fault: [0,1,2,3,4,5], logL: -6.620723, Exp of LogL: 0.001332, Normalized LogL: -2.206908, Exp of Normalized LogL: 0.110040, Best Rate: 0.3

========= ADAPTIVE MC DEBUG =========
Total calls: 30
Avg tries: 386.67
Confidence stops: 30
Max stops: 0
Max stop rate: 0.000
Real Fault Rank 2
===== SEED 72 | FR=0.3 | VR=40 =====
executing with fault mode: [0,1,5,3,4,5]

Fault scores (higher is better):
Fault: [0,1,4,3,4,5], logL: -6.888584, Exp of LogL: 0.001019, Normalized LogL: -1.148097, Exp of Normalized LogL: 0.317240, Best Rate: 0.3
Fault: [0,1,5,3,4,5], logL: -6.888584, Exp of LogL: 0.001019, Normalized LogL: -1.148097, Exp of Normalized LogL: 0.317240, Best Rate: 0.3
Fault: [1,1,5,3,4,5], logL: -7.205273, Exp of LogL: 0.000743, Normalized LogL: -1.200879, Exp of Normalized LogL: 0.300930, Best Rate: 0.3
Fault: [4,1,5,3,4,5], logL: -7.205273, Exp of LogL: 0.000743, Normalized LogL: -1.200879, Exp of Normalized LogL: 0.300930, Best Rate: 0.3
Fault: [5,1,5,3,4,5], logL: -7.205273, Exp of LogL: 0.000743, Normalized LogL: -1.200879, Exp of Normalized LogL: 0.300930, Best Rate: 0.3
Fault: [2,1,5,3,4,5], logL: -7.205273, Exp of LogL: 0.000743, Normalized LogL: -1.200879, Exp of Normalized LogL: 0.300930, Best Rate: 0.3
Fault: [0,1,3,3,4,5], logL: -7.466323, Exp of LogL: 0.000572, Normalized LogL: -1.244387, Exp of Normalized LogL: 0.288117, Best Rate: 0.3
Fault: [0,1,0,3,4,5], logL: -8.245729, Exp of LogL: 0.000262, Normalized LogL: -1.374288, Exp of Normalized LogL: 0.253020, Best Rate: 0.3
Fault: [0,1,1,3,4,5], logL: -8.942615, Exp of LogL: 0.000131, Normalized LogL: -1.490436, Exp of Normalized LogL: 0.225274, Best Rate: 0.3
Fault: [0,1,2,3,4,5], logL: -32.463108, Exp of LogL: 0.000000, Normalized LogL: -5.410518, Exp of Normalized LogL: 0.004469, Best Rate: 0.3

========= ADAPTIVE MC DEBUG =========
Total calls: 60
Avg tries: 480.00
Confidence stops: 60
Max stops: 0
Max stop rate: 0.000
Real Fault Rank 2
===== SEED 72 | FR=0.3 | VR=60 =====
executing with fault mode: [0,1,5,3,4,5]

Fault scores (higher is better):
Fault: [0,1,4,3,4,5], logL: -8.960665, Exp of LogL: 0.000128, Normalized LogL: -0.995629, Exp of Normalized LogL: 0.369491, Best Rate: 0.3
Fault: [0,1,5,3,4,5], logL: -8.960665, Exp of LogL: 0.000128, Normalized LogL: -0.995629, Exp of Normalized LogL: 0.369491, Best Rate: 0.3
Fault: [1,1,5,3,4,5], logL: -9.296449, Exp of LogL: 0.000092, Normalized LogL: -1.032939, Exp of Normalized LogL: 0.355959, Best Rate: 0.3
Fault: [4,1,5,3,4,5], logL: -9.296449, Exp of LogL: 0.000092, Normalized LogL: -1.032939, Exp of Normalized LogL: 0.355959, Best Rate: 0.3
Fault: [5,1,5,3,4,5], logL: -9.296449, Exp of LogL: 0.000092, Normalized LogL: -1.032939, Exp of Normalized LogL: 0.355959, Best Rate: 0.3
Fault: [2,1,5,3,4,5], logL: -9.296449, Exp of LogL: 0.000092, Normalized LogL: -1.032939, Exp of Normalized LogL: 0.355959, Best Rate: 0.3
Fault: [0,1,3,3,4,5], logL: -62.763586, Exp of LogL: 0.000000, Normalized LogL: -6.973732, Exp of Normalized LogL: 0.000936, Best Rate: 0.3
Fault: [0,1,0,3,4,5], logL: -63.809370, Exp of LogL: 0.000000, Normalized LogL: -7.089930, Exp of Normalized LogL: 0.000833, Best Rate: 0.3
Fault: [0,1,1,3,4,5], logL: -63.871241, Exp of LogL: 0.000000, Normalized LogL: -7.096805, Exp of Normalized LogL: 0.000828, Best Rate: 0.3
Fault: [0,1,2,3,4,5], logL: -87.112797, Exp of LogL: 0.000000, Normalized LogL: -9.679200, Exp of Normalized LogL: 0.000063, Best Rate: 0.3

========= ADAPTIVE MC DEBUG =========
Total calls: 90
Avg tries: 456.67
Confidence stops: 90
Max stops: 0
Max stop rate: 0.000
Real Fault Rank 2
===== SEED 72 | FR=0.3 | VR=80 =====
executing with fault mode: [0,1,5,3,4,5]

Fault scores (higher is better):
Fault: [0,1,4,3,4,5], logL: -10.272910, Exp of LogL: 0.000035, Normalized LogL: -0.856076, Exp of Normalized LogL: 0.424826, Best Rate: 0.3
Fault: [0,1,5,3,4,5], logL: -10.272910, Exp of LogL: 0.000035, Normalized LogL: -0.856076, Exp of Normalized LogL: 0.424826, Best Rate: 0.3
Fault: [1,1,5,3,4,5], logL: -10.608694, Exp of LogL: 0.000025, Normalized LogL: -0.884058, Exp of Normalized LogL: 0.413103, Best Rate: 0.3
Fault: [4,1,5,3,4,5], logL: -10.608694, Exp of LogL: 0.000025, Normalized LogL: -0.884058, Exp of Normalized LogL: 0.413103, Best Rate: 0.3
Fault: [5,1,5,3,4,5], logL: -10.608694, Exp of LogL: 0.000025, Normalized LogL: -0.884058, Exp of Normalized LogL: 0.413103, Best Rate: 0.3
Fault: [2,1,5,3,4,5], logL: -10.608694, Exp of LogL: 0.000025, Normalized LogL: -0.884058, Exp of Normalized LogL: 0.413103, Best Rate: 0.3
Fault: [0,1,3,3,4,5], logL: -63.096605, Exp of LogL: 0.000000, Normalized LogL: -5.258050, Exp of Normalized LogL: 0.005205, Best Rate: 0.3
Fault: [0,1,1,3,4,5], logL: -64.482606, Exp of LogL: 0.000000, Normalized LogL: -5.373551, Exp of Normalized LogL: 0.004638, Best Rate: 0.3
Fault: [0,1,0,3,4,5], logL: -64.573269, Exp of LogL: 0.000000, Normalized LogL: -5.381106, Exp of Normalized LogL: 0.004603, Best Rate: 0.3
Fault: [0,1,2,3,4,5], logL: -87.725856, Exp of LogL: 0.000000, Normalized LogL: -7.310488, Exp of Normalized LogL: 0.000668, Best Rate: 0.3

========= ADAPTIVE MC DEBUG =========
Total calls: 120
Avg tries: 465.00
Confidence stops: 120
Max stops: 0
Max stop rate: 0.000
Real Fault Rank 2
===== SEED 72 | FR=0.3 | VR=100 =====
executing with fault mode: [0,1,5,3,4,5]

Fault scores (higher is better):
Fault: [0,1,4,3,4,5], logL: -10.542464, Exp of LogL: 0.000026, Normalized LogL: -0.702831, Exp of Normalized LogL: 0.495181, Best Rate: 0.3
Fault: [0,1,5,3,4,5], logL: -10.542464, Exp of LogL: 0.000026, Normalized LogL: -0.702831, Exp of Normalized LogL: 0.495181, Best Rate: 0.3
Fault: [1,1,5,3,4,5], logL: -10.878248, Exp of LogL: 0.000019, Normalized LogL: -0.725217, Exp of Normalized LogL: 0.484220, Best Rate: 0.3
Fault: [4,1,5,3,4,5], logL: -10.878248, Exp of LogL: 0.000019, Normalized LogL: -0.725217, Exp of Normalized LogL: 0.484220, Best Rate: 0.3
Fault: [5,1,5,3,4,5], logL: -10.878248, Exp of LogL: 0.000019, Normalized LogL: -0.725217, Exp of Normalized LogL: 0.484220, Best Rate: 0.3
Fault: [2,1,5,3,4,5], logL: -10.878248, Exp of LogL: 0.000019, Normalized LogL: -0.725217, Exp of Normalized LogL: 0.484220, Best Rate: 0.3
Fault: [0,1,3,3,4,5], logL: -63.445370, Exp of LogL: 0.000000, Normalized LogL: -4.229691, Exp of Normalized LogL: 0.014557, Best Rate: 0.3
Fault: [0,1,0,3,4,5], logL: -64.941032, Exp of LogL: 0.000000, Normalized LogL: -4.329402, Exp of Normalized LogL: 0.013175, Best Rate: 0.3
Fault: [0,1,1,3,4,5], logL: -65.280703, Exp of LogL: 0.000000, Normalized LogL: -4.352047, Exp of Normalized LogL: 0.012880, Best Rate: 0.3
Fault: [0,1,2,3,4,5], logL: -88.054276, Exp of LogL: 0.000000, Normalized LogL: -5.870285, Exp of Normalized LogL: 0.002822, Best Rate: 0.3

========= ADAPTIVE MC DEBUG =========
Total calls: 150
Avg tries: 490.33
Confidence stops: 150
Max stops: 0
Max stop rate: 0.000
Real Fault Rank 2
================= 22/08/2026 05:16:22: SEED 72 END =================
================= 22/08/2026 05:16:22: SEED 73 (71/100), a*=0 fault=[2,1,2,3,4,5] START =================
===== SEED 73 | FR=0.3 | VR=20 =====
executing with fault mode: [2,1,2,3,4,5]

Fault scores (higher is better):
Fault: [2,1,2,3,4,5], logL: -7.352258, Exp of LogL: 0.000641, Normalized LogL: -1.838065, Exp of Normalized LogL: 0.159125, Best Rate: 0.3
Fault: [2,1,2,3,0,5], logL: -7.392264, Exp of LogL: 0.000616, Normalized LogL: -1.848066, Exp of Normalized LogL: 0.157542, Best Rate: 0.3
Fault: [2,1,2,3,5,5], logL: -7.392264, Exp of LogL: 0.000616, Normalized LogL: -1.848066, Exp of Normalized LogL: 0.157542, Best Rate: 0.3
Fault: [2,1,2,3,2,5], logL: -7.466372, Exp of LogL: 0.000572, Normalized LogL: -1.866593, Exp of Normalized LogL: 0.154650, Best Rate: 0.3
Fault: [2,1,2,3,1,5], logL: -7.574585, Exp of LogL: 0.000513, Normalized LogL: -1.893646, Exp of Normalized LogL: 0.150522, Best Rate: 0.3
Fault: [1,1,2,3,4,5], logL: -8.178937, Exp of LogL: 0.000281, Normalized LogL: -2.044734, Exp of Normalized LogL: 0.129415, Best Rate: 0.3
Fault: [4,1,2,3,4,5], logL: -8.719135, Exp of LogL: 0.000163, Normalized LogL: -2.179784, Exp of Normalized LogL: 0.113066, Best Rate: 0.3
Fault: [5,1,2,3,4,5], logL: -8.719135, Exp of LogL: 0.000163, Normalized LogL: -2.179784, Exp of Normalized LogL: 0.113066, Best Rate: 0.3
Fault: [3,1,2,3,4,5], logL: -9.372075, Exp of LogL: 0.000085, Normalized LogL: -2.343019, Exp of Normalized LogL: 0.096037, Best Rate: 0.3
Fault: [0,1,2,3,4,5], logL: -9.798699, Exp of LogL: 0.000056, Normalized LogL: -2.449675, Exp of Normalized LogL: 0.086322, Best Rate: 0.3

========= ADAPTIVE MC DEBUG =========
Total calls: 40
Avg tries: 366.25
Confidence stops: 40
Max stops: 0
Max stop rate: 0.000
Real Fault Rank 1
===== SEED 73 | FR=0.3 | VR=40 =====
executing with fault mode: [2,1,2,3,4,5]

Fault scores (higher is better):
Fault: [2,1,2,3,4,5], logL: -9.908736, Exp of LogL: 0.000050, Normalized LogL: -1.238592, Exp of Normalized LogL: 0.289792, Best Rate: 0.3
Fault: [2,1,2,3,0,5], logL: -10.307683, Exp of LogL: 0.000033, Normalized LogL: -1.288460, Exp of Normalized LogL: 0.275695, Best Rate: 0.3
Fault: [2,1,2,3,2,5], logL: -10.307683, Exp of LogL: 0.000033, Normalized LogL: -1.288460, Exp of Normalized LogL: 0.275695, Best Rate: 0.3
Fault: [2,1,2,3,1,5], logL: -10.307683, Exp of LogL: 0.000033, Normalized LogL: -1.288460, Exp of Normalized LogL: 0.275695, Best Rate: 0.3
Fault: [2,1,2,3,5,5], logL: -10.307683, Exp of LogL: 0.000033, Normalized LogL: -1.288460, Exp of Normalized LogL: 0.275695, Best Rate: 0.3
Fault: [4,1,2,3,4,5], logL: -11.276302, Exp of LogL: 0.000013, Normalized LogL: -1.409538, Exp of Normalized LogL: 0.244256, Best Rate: 0.3
Fault: [5,1,2,3,4,5], logL: -11.276302, Exp of LogL: 0.000013, Normalized LogL: -1.409538, Exp of Normalized LogL: 0.244256, Best Rate: 0.3
Fault: [1,1,2,3,4,5], logL: -11.679933, Exp of LogL: 0.000008, Normalized LogL: -1.459992, Exp of Normalized LogL: 0.232238, Best Rate: 0.3
Fault: [0,1,2,3,4,5], logL: -12.871928, Exp of LogL: 0.000003, Normalized LogL: -1.608991, Exp of Normalized LogL: 0.200089, Best Rate: 0.3
Fault: [3,1,2,3,4,5], logL: -13.215320, Exp of LogL: 0.000002, Normalized LogL: -1.651915, Exp of Normalized LogL: 0.191682, Best Rate: 0.3

========= ADAPTIVE MC DEBUG =========
Total calls: 80
Avg tries: 436.25
Confidence stops: 80
Max stops: 0
Max stop rate: 0.000
Real Fault Rank 1
===== SEED 73 | FR=0.3 | VR=60 =====
executing with fault mode: [2,1,2,3,4,5]

Fault scores (higher is better):
Fault: [2,1,2,3,4,5], logL: -12.783626, Exp of LogL: 0.000003, Normalized LogL: -1.065302, Exp of Normalized LogL: 0.344624, Best Rate: 0.3
Fault: [2,1,2,3,0,5], logL: -13.182572, Exp of LogL: 0.000002, Normalized LogL: -1.098548, Exp of Normalized LogL: 0.333355, Best Rate: 0.3
Fault: [2,1,2,3,2,5], logL: -13.182572, Exp of LogL: 0.000002, Normalized LogL: -1.098548, Exp of Normalized LogL: 0.333355, Best Rate: 0.3
Fault: [2,1,2,3,1,5], logL: -13.182572, Exp of LogL: 0.000002, Normalized LogL: -1.098548, Exp of Normalized LogL: 0.333355, Best Rate: 0.3
Fault: [2,1,2,3,5,5], logL: -13.182572, Exp of LogL: 0.000002, Normalized LogL: -1.098548, Exp of Normalized LogL: 0.333355, Best Rate: 0.3
Fault: [4,1,2,3,4,5], logL: -14.045002, Exp of LogL: 0.000001, Normalized LogL: -1.170417, Exp of Normalized LogL: 0.310238, Best Rate: 0.3
Fault: [5,1,2,3,4,5], logL: -14.045002, Exp of LogL: 0.000001, Normalized LogL: -1.170417, Exp of Normalized LogL: 0.310238, Best Rate: 0.3
Fault: [1,1,2,3,4,5], logL: -14.783127, Exp of LogL: 0.000000, Normalized LogL: -1.231927, Exp of Normalized LogL: 0.291730, Best Rate: 0.3
Fault: [0,1,2,3,4,5], logL: -15.130920, Exp of LogL: 0.000000, Normalized LogL: -1.260910, Exp of Normalized LogL: 0.283396, Best Rate: 0.3
Fault: [3,1,2,3,4,5], logL: -15.469055, Exp of LogL: 0.000000, Normalized LogL: -1.289088, Exp of Normalized LogL: 0.275522, Best Rate: 0.3

========= ADAPTIVE MC DEBUG =========
Total calls: 120
Avg tries: 478.75
Confidence stops: 120
Max stops: 0
Max stop rate: 0.000
Real Fault Rank 1
===== SEED 73 | FR=0.3 | VR=80 =====
executing with fault mode: [2,1,2,3,4,5]

Fault scores (higher is better):
Fault: [2,1,2,3,4,5], logL: -14.026038, Exp of LogL: 0.000001, Normalized LogL: -0.876627, Exp of Normalized LogL: 0.416184, Best Rate: 0.3
Fault: [2,1,2,3,0,5], logL: -14.430595, Exp of LogL: 0.000001, Normalized LogL: -0.901912, Exp of Normalized LogL: 0.405793, Best Rate: 0.3
Fault: [2,1,2,3,2,5], logL: -14.430595, Exp of LogL: 0.000001, Normalized LogL: -0.901912, Exp of Normalized LogL: 0.405793, Best Rate: 0.3
Fault: [2,1,2,3,1,5], logL: -14.430595, Exp of LogL: 0.000001, Normalized LogL: -0.901912, Exp of Normalized LogL: 0.405793, Best Rate: 0.3
Fault: [2,1,2,3,5,5], logL: -14.430595, Exp of LogL: 0.000001, Normalized LogL: -0.901912, Exp of Normalized LogL: 0.405793, Best Rate: 0.3
Fault: [4,1,2,3,4,5], logL: -15.195746, Exp of LogL: 0.000000, Normalized LogL: -0.949734, Exp of Normalized LogL: 0.386844, Best Rate: 0.3
Fault: [5,1,2,3,4,5], logL: -15.195746, Exp of LogL: 0.000000, Normalized LogL: -0.949734, Exp of Normalized LogL: 0.386844, Best Rate: 0.3
Fault: [0,1,2,3,4,5], logL: -17.644913, Exp of LogL: 0.000000, Normalized LogL: -1.102807, Exp of Normalized LogL: 0.331938, Best Rate: 0.3
Fault: [1,1,2,3,4,5], logL: -17.979052, Exp of LogL: 0.000000, Normalized LogL: -1.123691, Exp of Normalized LogL: 0.325078, Best Rate: 0.3
Fault: [3,1,2,3,4,5], logL: -18.713204, Exp of LogL: 0.000000, Normalized LogL: -1.169575, Exp of Normalized LogL: 0.310499, Best Rate: 0.3

========= ADAPTIVE MC DEBUG =========
Total calls: 160
Avg tries: 482.50
Confidence stops: 160
Max stops: 0
Max stop rate: 0.000
Real Fault Rank 1
===== SEED 73 | FR=0.3 | VR=100 =====
executing with fault mode: [2,1,2,3,4,5]

Fault scores (higher is better):
Fault: [2,1,2,3,4,5], logL: -15.666292, Exp of LogL: 0.000000, Normalized LogL: -0.783315, Exp of Normalized LogL: 0.456889, Best Rate: 0.3
Fault: [2,1,2,3,0,5], logL: -16.070849, Exp of LogL: 0.000000, Normalized LogL: -0.803542, Exp of Normalized LogL: 0.447740, Best Rate: 0.3
Fault: [2,1,2,3,2,5], logL: -16.070849, Exp of LogL: 0.000000, Normalized LogL: -0.803542, Exp of Normalized LogL: 0.447740, Best Rate: 0.3
Fault: [2,1,2,3,1,5], logL: -16.070849, Exp of LogL: 0.000000, Normalized LogL: -0.803542, Exp of Normalized LogL: 0.447740, Best Rate: 0.3
Fault: [2,1,2,3,5,5], logL: -16.070849, Exp of LogL: 0.000000, Normalized LogL: -0.803542, Exp of Normalized LogL: 0.447740, Best Rate: 0.3
Fault: [4,1,2,3,4,5], logL: -16.653679, Exp of LogL: 0.000000, Normalized LogL: -0.832684, Exp of Normalized LogL: 0.434881, Best Rate: 0.3
Fault: [5,1,2,3,4,5], logL: -16.653679, Exp of LogL: 0.000000, Normalized LogL: -0.832684, Exp of Normalized LogL: 0.434881, Best Rate: 0.3
Fault: [0,1,2,3,4,5], logL: -19.483003, Exp of LogL: 0.000000, Normalized LogL: -0.974150, Exp of Normalized LogL: 0.377513, Best Rate: 0.3
Fault: [1,1,2,3,4,5], logL: -20.531496, Exp of LogL: 0.000000, Normalized LogL: -1.026575, Exp of Normalized LogL: 0.358232, Best Rate: 0.3
Fault: [3,1,2,3,4,5], logL: -20.969856, Exp of LogL: 0.000000, Normalized LogL: -1.048493, Exp of Normalized LogL: 0.350466, Best Rate: 0.3

========= ADAPTIVE MC DEBUG =========
Total calls: 200
Avg tries: 490.00
Confidence stops: 200
Max stops: 0
Max stop rate: 0.000
Real Fault Rank 1
================= 22/08/2026 05:16:54: SEED 73 END =================
================= 22/08/2026 05:16:54: SEED 74 (72/100), a*=1 fault=[0,4,2,3,4,5] START =================
===== SEED 74 | FR=0.3 | VR=20 =====
executing with fault mode: [0,4,2,3,4,5]

Fault scores (higher is better):
Fault: [0,0,2,3,4,5], logL: -5.848716, Exp of LogL: 0.002884, Normalized LogL: -1.462179, Exp of Normalized LogL: 0.231731, Best Rate: 0.3
Fault: [0,3,2,3,4,5], logL: -5.966499, Exp of LogL: 0.002563, Normalized LogL: -1.491625, Exp of Normalized LogL: 0.225007, Best Rate: 0.3
Fault: [0,4,2,3,3,5], logL: -6.066319, Exp of LogL: 0.002320, Normalized LogL: -1.516580, Exp of Normalized LogL: 0.219461, Best Rate: 0.3
Fault: [0,4,2,3,2,5], logL: -6.422994, Exp of LogL: 0.001624, Normalized LogL: -1.605749, Exp of Normalized LogL: 0.200739, Best Rate: 0.3
Fault: [0,4,2,3,5,5], logL: -6.422994, Exp of LogL: 0.001624, Normalized LogL: -1.605749, Exp of Normalized LogL: 0.200739, Best Rate: 0.3
Fault: [0,4,2,3,0,5], logL: -6.577145, Exp of LogL: 0.001392, Normalized LogL: -1.644286, Exp of Normalized LogL: 0.193150, Best Rate: 0.3
Fault: [0,5,2,3,4,5], logL: -6.659646, Exp of LogL: 0.001282, Normalized LogL: -1.664911, Exp of Normalized LogL: 0.189207, Best Rate: 0.3
Fault: [0,4,2,3,4,5], logL: -6.659646, Exp of LogL: 0.001282, Normalized LogL: -1.664911, Exp of Normalized LogL: 0.189207, Best Rate: 0.3
Fault: [0,2,2,3,4,5], logL: -6.947328, Exp of LogL: 0.000961, Normalized LogL: -1.736832, Exp of Normalized LogL: 0.176077, Best Rate: 0.3
Fault: [0,1,2,3,4,5], logL: -7.792160, Exp of LogL: 0.000413, Normalized LogL: -1.948040, Exp of Normalized LogL: 0.142553, Best Rate: 0.3

========= ADAPTIVE MC DEBUG =========
Total calls: 40
Avg tries: 298.75
Confidence stops: 40
Max stops: 0
Max stop rate: 0.000
Real Fault Rank 8
===== SEED 74 | FR=0.3 | VR=40 =====
executing with fault mode: [0,4,2,3,4,5]

Fault scores (higher is better):
Fault: [0,0,2,3,4,5], logL: -9.339019, Exp of LogL: 0.000088, Normalized LogL: -1.167377, Exp of Normalized LogL: 0.311182, Best Rate: 0.3
Fault: [0,5,2,3,4,5], logL: -10.407094, Exp of LogL: 0.000030, Normalized LogL: -1.300887, Exp of Normalized LogL: 0.272290, Best Rate: 0.3
Fault: [0,4,2,3,4,5], logL: -10.407094, Exp of LogL: 0.000030, Normalized LogL: -1.300887, Exp of Normalized LogL: 0.272290, Best Rate: 0.3
Fault: [0,2,2,3,4,5], logL: -10.407094, Exp of LogL: 0.000030, Normalized LogL: -1.300887, Exp of Normalized LogL: 0.272290, Best Rate: 0.3
Fault: [0,4,2,3,2,5], logL: -10.730058, Exp of LogL: 0.000022, Normalized LogL: -1.341257, Exp of Normalized LogL: 0.261517, Best Rate: 0.3
Fault: [0,4,2,3,5,5], logL: -10.730058, Exp of LogL: 0.000022, Normalized LogL: -1.341257, Exp of Normalized LogL: 0.261517, Best Rate: 0.3
Fault: [0,4,2,3,3,5], logL: -10.730058, Exp of LogL: 0.000022, Normalized LogL: -1.341257, Exp of Normalized LogL: 0.261517, Best Rate: 0.3
Fault: [0,4,2,3,0,5], logL: -10.730058, Exp of LogL: 0.000022, Normalized LogL: -1.341257, Exp of Normalized LogL: 0.261517, Best Rate: 0.3
Fault: [0,3,2,3,4,5], logL: -10.773681, Exp of LogL: 0.000021, Normalized LogL: -1.346710, Exp of Normalized LogL: 0.260095, Best Rate: 0.3
Fault: [0,1,2,3,4,5], logL: -11.359103, Exp of LogL: 0.000012, Normalized LogL: -1.419888, Exp of Normalized LogL: 0.241741, Best Rate: 0.3

========= ADAPTIVE MC DEBUG =========
Total calls: 80
Avg tries: 406.88
Confidence stops: 80
Max stops: 0
Max stop rate: 0.000
Real Fault Rank 3
===== SEED 74 | FR=0.3 | VR=60 =====
executing with fault mode: [0,4,2,3,4,5]

Fault scores (higher is better):
Fault: [0,3,2,3,4,5], logL: -11.456509, Exp of LogL: 0.000011, Normalized LogL: -0.954709, Exp of Normalized LogL: 0.384924, Best Rate: 0.3
Fault: [0,1,2,3,4,5], logL: -11.936571, Exp of LogL: 0.000007, Normalized LogL: -0.994714, Exp of Normalized LogL: 0.369829, Best Rate: 0.3
Fault: [0,0,2,3,4,5], logL: -11.971256, Exp of LogL: 0.000006, Normalized LogL: -0.997605, Exp of Normalized LogL: 0.368762, Best Rate: 0.3
Fault: [0,5,2,3,4,5], logL: -12.570878, Exp of LogL: 0.000003, Normalized LogL: -1.047573, Exp of Normalized LogL: 0.350788, Best Rate: 0.3
Fault: [0,4,2,3,4,5], logL: -12.570878, Exp of LogL: 0.000003, Normalized LogL: -1.047573, Exp of Normalized LogL: 0.350788, Best Rate: 0.3
Fault: [0,2,2,3,4,5], logL: -12.570878, Exp of LogL: 0.000003, Normalized LogL: -1.047573, Exp of Normalized LogL: 0.350788, Best Rate: 0.3
Fault: [0,4,2,3,2,5], logL: -12.893841, Exp of LogL: 0.000003, Normalized LogL: -1.074487, Exp of Normalized LogL: 0.341473, Best Rate: 0.3
Fault: [0,4,2,3,5,5], logL: -12.893841, Exp of LogL: 0.000003, Normalized LogL: -1.074487, Exp of Normalized LogL: 0.341473, Best Rate: 0.3
Fault: [0,4,2,3,3,5], logL: -12.893841, Exp of LogL: 0.000003, Normalized LogL: -1.074487, Exp of Normalized LogL: 0.341473, Best Rate: 0.3
Fault: [0,4,2,3,0,5], logL: -12.893841, Exp of LogL: 0.000003, Normalized LogL: -1.074487, Exp of Normalized LogL: 0.341473, Best Rate: 0.3

========= ADAPTIVE MC DEBUG =========
Total calls: 120
Avg tries: 431.67
Confidence stops: 120
Max stops: 0
Max stop rate: 0.000
Real Fault Rank 5
===== SEED 74 | FR=0.3 | VR=80 =====
executing with fault mode: [0,4,2,3,4,5]

Fault scores (higher is better):
Fault: [0,3,2,3,4,5], logL: -14.288259, Exp of LogL: 0.000001, Normalized LogL: -0.893016, Exp of Normalized LogL: 0.409419, Best Rate: 0.3
Fault: [0,1,2,3,4,5], logL: -14.948995, Exp of LogL: 0.000000, Normalized LogL: -0.934312, Exp of Normalized LogL: 0.392856, Best Rate: 0.3
Fault: [0,0,2,3,4,5], logL: -15.224861, Exp of LogL: 0.000000, Normalized LogL: -0.951554, Exp of Normalized LogL: 0.386141, Best Rate: 0.3
Fault: [0,5,2,3,4,5], logL: -15.341847, Exp of LogL: 0.000000, Normalized LogL: -0.958865, Exp of Normalized LogL: 0.383328, Best Rate: 0.3
Fault: [0,4,2,3,4,5], logL: -15.341847, Exp of LogL: 0.000000, Normalized LogL: -0.958865, Exp of Normalized LogL: 0.383328, Best Rate: 0.3
Fault: [0,2,2,3,4,5], logL: -15.341847, Exp of LogL: 0.000000, Normalized LogL: -0.958865, Exp of Normalized LogL: 0.383328, Best Rate: 0.3
Fault: [0,4,2,3,2,5], logL: -15.664811, Exp of LogL: 0.000000, Normalized LogL: -0.979051, Exp of Normalized LogL: 0.375668, Best Rate: 0.3
Fault: [0,4,2,3,5,5], logL: -15.664811, Exp of LogL: 0.000000, Normalized LogL: -0.979051, Exp of Normalized LogL: 0.375668, Best Rate: 0.3
Fault: [0,4,2,3,3,5], logL: -15.664811, Exp of LogL: 0.000000, Normalized LogL: -0.979051, Exp of Normalized LogL: 0.375668, Best Rate: 0.3
Fault: [0,4,2,3,0,5], logL: -15.664811, Exp of LogL: 0.000000, Normalized LogL: -0.979051, Exp of Normalized LogL: 0.375668, Best Rate: 0.3

========= ADAPTIVE MC DEBUG =========
Total calls: 160
Avg tries: 462.19
Confidence stops: 160
Max stops: 0
Max stop rate: 0.000
Real Fault Rank 5
===== SEED 74 | FR=0.3 | VR=100 =====
executing with fault mode: [0,4,2,3,4,5]

Fault scores (higher is better):
Fault: [0,3,2,3,4,5], logL: -16.843676, Exp of LogL: 0.000000, Normalized LogL: -0.842184, Exp of Normalized LogL: 0.430769, Best Rate: 0.3
Fault: [0,1,2,3,4,5], logL: -17.955451, Exp of LogL: 0.000000, Normalized LogL: -0.897773, Exp of Normalized LogL: 0.407476, Best Rate: 0.3
Fault: [0,0,2,3,4,5], logL: -18.870966, Exp of LogL: 0.000000, Normalized LogL: -0.943548, Exp of Normalized LogL: 0.389244, Best Rate: 0.3
Fault: [0,5,2,3,4,5], logL: -19.176788, Exp of LogL: 0.000000, Normalized LogL: -0.958839, Exp of Normalized LogL: 0.383338, Best Rate: 0.3
Fault: [0,4,2,3,4,5], logL: -19.176788, Exp of LogL: 0.000000, Normalized LogL: -0.958839, Exp of Normalized LogL: 0.383338, Best Rate: 0.3
Fault: [0,2,2,3,4,5], logL: -19.176788, Exp of LogL: 0.000000, Normalized LogL: -0.958839, Exp of Normalized LogL: 0.383338, Best Rate: 0.3
Fault: [0,4,2,3,2,5], logL: -19.499752, Exp of LogL: 0.000000, Normalized LogL: -0.974988, Exp of Normalized LogL: 0.377197, Best Rate: 0.3
Fault: [0,4,2,3,5,5], logL: -19.499752, Exp of LogL: 0.000000, Normalized LogL: -0.974988, Exp of Normalized LogL: 0.377197, Best Rate: 0.3
Fault: [0,4,2,3,3,5], logL: -19.499752, Exp of LogL: 0.000000, Normalized LogL: -0.974988, Exp of Normalized LogL: 0.377197, Best Rate: 0.3
Fault: [0,4,2,3,0,5], logL: -19.499752, Exp of LogL: 0.000000, Normalized LogL: -0.974988, Exp of Normalized LogL: 0.377197, Best Rate: 0.3

========= ADAPTIVE MC DEBUG =========
Total calls: 200
Avg tries: 463.50
Confidence stops: 200
Max stops: 0
Max stop rate: 0.000
Real Fault Rank 5
================= 22/08/2026 05:17:24: SEED 74 END =================
================= 22/08/2026 05:17:24: SEED 75 (73/100), a*=0 fault=[4,1,2,3,4,5] START =================
===== SEED 75 | FR=0.3 | VR=20 =====
executing with fault mode: [4,1,2,3,4,5]

Fault scores (higher is better):
Fault: [4,1,2,3,5,5], logL: -4.324493, Exp of LogL: 0.013240, Normalized LogL: -1.441498, Exp of Normalized LogL: 0.236573, Best Rate: 0.3
Fault: [4,1,2,3,0,5], logL: -4.324493, Exp of LogL: 0.013240, Normalized LogL: -1.441498, Exp of Normalized LogL: 0.236573, Best Rate: 0.3
Fault: [4,1,2,3,3,5], logL: -4.324493, Exp of LogL: 0.013240, Normalized LogL: -1.441498, Exp of Normalized LogL: 0.236573, Best Rate: 0.3
Fault: [0,1,2,3,4,5], logL: -4.529197, Exp of LogL: 0.010789, Normalized LogL: -1.509732, Exp of Normalized LogL: 0.220969, Best Rate: 0.3
Fault: [2,1,2,3,4,5], logL: -4.582009, Exp of LogL: 0.010234, Normalized LogL: -1.527336, Exp of Normalized LogL: 0.217113, Best Rate: 0.3
Fault: [4,1,2,3,1,5], logL: -4.586857, Exp of LogL: 0.010185, Normalized LogL: -1.528952, Exp of Normalized LogL: 0.216763, Best Rate: 0.3
Fault: [5,1,2,3,4,5], logL: -4.627679, Exp of LogL: 0.009777, Normalized LogL: -1.542560, Exp of Normalized LogL: 0.213833, Best Rate: 0.3
Fault: [4,1,2,3,4,5], logL: -4.627679, Exp of LogL: 0.009777, Normalized LogL: -1.542560, Exp of Normalized LogL: 0.213833, Best Rate: 0.3
Fault: [3,1,2,3,4,5], logL: -5.333820, Exp of LogL: 0.004826, Normalized LogL: -1.777940, Exp of Normalized LogL: 0.168986, Best Rate: 0.3
Fault: [1,1,2,3,4,5], logL: -5.356794, Exp of LogL: 0.004716, Normalized LogL: -1.785598, Exp of Normalized LogL: 0.167697, Best Rate: 0.3

========= ADAPTIVE MC DEBUG =========
Total calls: 30
Avg tries: 428.33
Confidence stops: 30
Max stops: 0
Max stop rate: 0.000
Real Fault Rank 8
===== SEED 75 | FR=0.3 | VR=40 =====
executing with fault mode: [4,1,2,3,4,5]

Fault scores (higher is better):
Fault: [0,1,2,3,4,5], logL: -7.217975, Exp of LogL: 0.000733, Normalized LogL: -1.202996, Exp of Normalized LogL: 0.300293, Best Rate: 0.3
Fault: [2,1,2,3,4,5], logL: -7.335311, Exp of LogL: 0.000652, Normalized LogL: -1.222552, Exp of Normalized LogL: 0.294478, Best Rate: 0.3
Fault: [5,1,2,3,4,5], logL: -7.339540, Exp of LogL: 0.000649, Normalized LogL: -1.223257, Exp of Normalized LogL: 0.294270, Best Rate: 0.3
Fault: [4,1,2,3,4,5], logL: -7.339540, Exp of LogL: 0.000649, Normalized LogL: -1.223257, Exp of Normalized LogL: 0.294270, Best Rate: 0.3
Fault: [4,1,2,3,5,5], logL: -7.660322, Exp of LogL: 0.000471, Normalized LogL: -1.276720, Exp of Normalized LogL: 0.278951, Best Rate: 0.3
Fault: [4,1,2,3,0,5], logL: -7.660322, Exp of LogL: 0.000471, Normalized LogL: -1.276720, Exp of Normalized LogL: 0.278951, Best Rate: 0.3
Fault: [4,1,2,3,1,5], logL: -7.660322, Exp of LogL: 0.000471, Normalized LogL: -1.276720, Exp of Normalized LogL: 0.278951, Best Rate: 0.3
Fault: [4,1,2,3,3,5], logL: -7.660322, Exp of LogL: 0.000471, Normalized LogL: -1.276720, Exp of Normalized LogL: 0.278951, Best Rate: 0.3
Fault: [1,1,2,3,4,5], logL: -8.108033, Exp of LogL: 0.000301, Normalized LogL: -1.351339, Exp of Normalized LogL: 0.258893, Best Rate: 0.3
Fault: [3,1,2,3,4,5], logL: -8.131813, Exp of LogL: 0.000294, Normalized LogL: -1.355302, Exp of Normalized LogL: 0.257869, Best Rate: 0.3

========= ADAPTIVE MC DEBUG =========
Total calls: 60
Avg tries: 476.67
Confidence stops: 60
Max stops: 0
Max stop rate: 0.000
Real Fault Rank 4
===== SEED 75 | FR=0.3 | VR=60 =====
executing with fault mode: [4,1,2,3,4,5]

Fault scores (higher is better):
Fault: [0,1,2,3,4,5], logL: -8.060054, Exp of LogL: 0.000316, Normalized LogL: -1.007507, Exp of Normalized LogL: 0.365128, Best Rate: 0.3
Fault: [2,1,2,3,4,5], logL: -8.177390, Exp of LogL: 0.000281, Normalized LogL: -1.022174, Exp of Normalized LogL: 0.359812, Best Rate: 0.3
Fault: [5,1,2,3,4,5], logL: -8.181618, Exp of LogL: 0.000280, Normalized LogL: -1.022702, Exp of Normalized LogL: 0.359622, Best Rate: 0.3
Fault: [4,1,2,3,4,5], logL: -8.181618, Exp of LogL: 0.000280, Normalized LogL: -1.022702, Exp of Normalized LogL: 0.359622, Best Rate: 0.3
Fault: [4,1,2,3,5,5], logL: -8.564611, Exp of LogL: 0.000191, Normalized LogL: -1.070576, Exp of Normalized LogL: 0.342811, Best Rate: 0.3
Fault: [4,1,2,3,0,5], logL: -8.564611, Exp of LogL: 0.000191, Normalized LogL: -1.070576, Exp of Normalized LogL: 0.342811, Best Rate: 0.3
Fault: [4,1,2,3,1,5], logL: -8.564611, Exp of LogL: 0.000191, Normalized LogL: -1.070576, Exp of Normalized LogL: 0.342811, Best Rate: 0.3
Fault: [4,1,2,3,3,5], logL: -8.564611, Exp of LogL: 0.000191, Normalized LogL: -1.070576, Exp of Normalized LogL: 0.342811, Best Rate: 0.3
Fault: [1,1,2,3,4,5], logL: -8.950112, Exp of LogL: 0.000130, Normalized LogL: -1.118764, Exp of Normalized LogL: 0.326683, Best Rate: 0.3
Fault: [3,1,2,3,4,5], logL: -8.973892, Exp of LogL: 0.000127, Normalized LogL: -1.121737, Exp of Normalized LogL: 0.325714, Best Rate: 0.3

========= ADAPTIVE MC DEBUG =========
Total calls: 80
Avg tries: 473.75
Confidence stops: 80
Max stops: 0
Max stop rate: 0.000
Real Fault Rank 4
===== SEED 75 | FR=0.3 | VR=80 =====
executing with fault mode: [4,1,2,3,4,5]

Fault scores (higher is better):
Fault: [0,1,2,3,4,5], logL: -9.239149, Exp of LogL: 0.000097, Normalized LogL: -0.839923, Exp of Normalized LogL: 0.431744, Best Rate: 0.3
Fault: [5,1,2,3,4,5], logL: -9.361721, Exp of LogL: 0.000086, Normalized LogL: -0.851066, Exp of Normalized LogL: 0.426960, Best Rate: 0.3
Fault: [4,1,2,3,4,5], logL: -9.361721, Exp of LogL: 0.000086, Normalized LogL: -0.851066, Exp of Normalized LogL: 0.426960, Best Rate: 0.3
Fault: [2,1,2,3,4,5], logL: -9.361721, Exp of LogL: 0.000086, Normalized LogL: -0.851066, Exp of Normalized LogL: 0.426960, Best Rate: 0.3
Fault: [4,1,2,3,5,5], logL: -9.744713, Exp of LogL: 0.000059, Normalized LogL: -0.885883, Exp of Normalized LogL: 0.412350, Best Rate: 0.3
Fault: [4,1,2,3,0,5], logL: -9.744713, Exp of LogL: 0.000059, Normalized LogL: -0.885883, Exp of Normalized LogL: 0.412350, Best Rate: 0.3
Fault: [4,1,2,3,1,5], logL: -9.744713, Exp of LogL: 0.000059, Normalized LogL: -0.885883, Exp of Normalized LogL: 0.412350, Best Rate: 0.3
Fault: [4,1,2,3,3,5], logL: -9.744713, Exp of LogL: 0.000059, Normalized LogL: -0.885883, Exp of Normalized LogL: 0.412350, Best Rate: 0.3
Fault: [1,1,2,3,4,5], logL: -10.176229, Exp of LogL: 0.000038, Normalized LogL: -0.925112, Exp of Normalized LogL: 0.396487, Best Rate: 0.3
Fault: [3,1,2,3,4,5], logL: -10.561512, Exp of LogL: 0.000026, Normalized LogL: -0.960137, Exp of Normalized LogL: 0.382840, Best Rate: 0.3

========= ADAPTIVE MC DEBUG =========
Total calls: 110
Avg tries: 490.45
Confidence stops: 110
Max stops: 0
Max stop rate: 0.000
Real Fault Rank 3
===== SEED 75 | FR=0.3 | VR=100 =====
executing with fault mode: [4,1,2,3,4,5]

Fault scores (higher is better):
Fault: [0,1,2,3,4,5], logL: -10.567547, Exp of LogL: 0.000026, Normalized LogL: -0.754825, Exp of Normalized LogL: 0.470093, Best Rate: 0.3
Fault: [5,1,2,3,4,5], logL: -10.690119, Exp of LogL: 0.000023, Normalized LogL: -0.763580, Exp of Normalized LogL: 0.465995, Best Rate: 0.3
Fault: [4,1,2,3,4,5], logL: -10.690119, Exp of LogL: 0.000023, Normalized LogL: -0.763580, Exp of Normalized LogL: 0.465995, Best Rate: 0.3
Fault: [2,1,2,3,4,5], logL: -10.690119, Exp of LogL: 0.000023, Normalized LogL: -0.763580, Exp of Normalized LogL: 0.465995, Best Rate: 0.3
Fault: [4,1,2,3,5,5], logL: -11.073111, Exp of LogL: 0.000016, Normalized LogL: -0.790937, Exp of Normalized LogL: 0.453420, Best Rate: 0.3
Fault: [4,1,2,3,0,5], logL: -11.073111, Exp of LogL: 0.000016, Normalized LogL: -0.790937, Exp of Normalized LogL: 0.453420, Best Rate: 0.3
Fault: [4,1,2,3,1,5], logL: -11.073111, Exp of LogL: 0.000016, Normalized LogL: -0.790937, Exp of Normalized LogL: 0.453420, Best Rate: 0.3
Fault: [4,1,2,3,3,5], logL: -11.073111, Exp of LogL: 0.000016, Normalized LogL: -0.790937, Exp of Normalized LogL: 0.453420, Best Rate: 0.3
Fault: [1,1,2,3,4,5], logL: -11.504627, Exp of LogL: 0.000010, Normalized LogL: -0.821759, Exp of Normalized LogL: 0.439658, Best Rate: 0.3
Fault: [3,1,2,3,4,5], logL: -11.889910, Exp of LogL: 0.000007, Normalized LogL: -0.849279, Exp of Normalized LogL: 0.427723, Best Rate: 0.3

========= ADAPTIVE MC DEBUG =========
Total calls: 140
Avg tries: 499.64
Confidence stops: 140
Max stops: 0
Max stop rate: 0.000
Real Fault Rank 3
================= 22/08/2026 05:17:48: SEED 75 END =================
================= 22/08/2026 05:17:48: SEED 76 (74/100), a*=0 fault=[5,1,2,3,4,5] START =================
===== SEED 76 | FR=0.3 | VR=20 =====
executing with fault mode: [5,1,2,3,4,5]

executing with fault mode: [5,1,2,3,4,5]

executing with fault mode: [5,1,2,3,4,5]

Fault scores (higher is better):
Fault: [4,1,2,3,4,5], logL: -3.988213, Exp of LogL: 0.018533, Normalized LogL: -1.329404, Exp of Normalized LogL: 0.264635, Best Rate: 0.3
Fault: [1,1,2,3,4,5], logL: -4.105996, Exp of LogL: 0.016474, Normalized LogL: -1.368665, Exp of Normalized LogL: 0.254446, Best Rate: 0.3
Fault: [2,1,2,3,4,5], logL: -4.148556, Exp of LogL: 0.015787, Normalized LogL: -1.382852, Exp of Normalized LogL: 0.250862, Best Rate: 0.3
Fault: [5,1,5,3,4,5], logL: -4.343713, Exp of LogL: 0.012988, Normalized LogL: -1.447904, Exp of Normalized LogL: 0.235062, Best Rate: 0.3
Fault: [5,1,4,3,4,5], logL: -4.343713, Exp of LogL: 0.012988, Normalized LogL: -1.447904, Exp of Normalized LogL: 0.235062, Best Rate: 0.3
Fault: [0,1,2,3,4,5], logL: -4.582502, Exp of LogL: 0.010229, Normalized LogL: -1.527501, Exp of Normalized LogL: 0.217078, Best Rate: 0.3
Fault: [5,1,1,3,4,5], logL: -4.751362, Exp of LogL: 0.008640, Normalized LogL: -1.583787, Exp of Normalized LogL: 0.205197, Best Rate: 0.3
Fault: [5,1,2,3,4,5], logL: -4.801792, Exp of LogL: 0.008215, Normalized LogL: -1.600597, Exp of Normalized LogL: 0.201776, Best Rate: 0.3
Fault: [3,1,2,3,4,5], logL: -4.918881, Exp of LogL: 0.007307, Normalized LogL: -1.639627, Exp of Normalized LogL: 0.194052, Best Rate: 0.3
Fault: [5,1,0,3,4,5], logL: -5.044523, Exp of LogL: 0.006445, Normalized LogL: -1.681508, Exp of Normalized LogL: 0.186093, Best Rate: 0.3

========= ADAPTIVE MC DEBUG =========
Total calls: 30
Avg tries: 436.67
Confidence stops: 30
Max stops: 0
Max stop rate: 0.000
Real Fault Rank 8
===== SEED 76 | FR=0.3 | VR=40 =====
executing with fault mode: [5,1,2,3,4,5]

executing with fault mode: [5,1,2,3,4,5]

executing with fault mode: [5,1,2,3,4,5]

Fault scores (higher is better):
Fault: [4,1,2,3,4,5], logL: -6.744010, Exp of LogL: 0.001178, Normalized LogL: -1.124002, Exp of Normalized LogL: 0.324977, Best Rate: 0.3
Fault: [5,1,2,3,4,5], logL: -7.302411, Exp of LogL: 0.000674, Normalized LogL: -1.217068, Exp of Normalized LogL: 0.296097, Best Rate: 0.3
Fault: [5,1,0,3,4,5], logL: -7.543133, Exp of LogL: 0.000530, Normalized LogL: -1.257189, Exp of Normalized LogL: 0.284453, Best Rate: 0.3
Fault: [5,1,1,3,4,5], logL: -7.552407, Exp of LogL: 0.000525, Normalized LogL: -1.258734, Exp of Normalized LogL: 0.284013, Best Rate: 0.3
Fault: [5,1,5,3,4,5], logL: -7.650204, Exp of LogL: 0.000476, Normalized LogL: -1.275034, Exp of Normalized LogL: 0.279421, Best Rate: 0.3
Fault: [5,1,4,3,4,5], logL: -7.650204, Exp of LogL: 0.000476, Normalized LogL: -1.275034, Exp of Normalized LogL: 0.279421, Best Rate: 0.3
Fault: [1,1,2,3,4,5], logL: -8.093937, Exp of LogL: 0.000305, Normalized LogL: -1.348989, Exp of Normalized LogL: 0.259502, Best Rate: 0.3
Fault: [3,1,2,3,4,5], logL: -8.250979, Exp of LogL: 0.000261, Normalized LogL: -1.375163, Exp of Normalized LogL: 0.252798, Best Rate: 0.3
Fault: [2,1,2,3,4,5], logL: -8.363865, Exp of LogL: 0.000233, Normalized LogL: -1.393978, Exp of Normalized LogL: 0.248087, Best Rate: 0.3
Fault: [0,1,2,3,4,5], logL: -8.901708, Exp of LogL: 0.000136, Normalized LogL: -1.483618, Exp of Normalized LogL: 0.226816, Best Rate: 0.3

========= ADAPTIVE MC DEBUG =========
Total calls: 60
Avg tries: 477.50
Confidence stops: 60
Max stops: 0
Max stop rate: 0.000
Real Fault Rank 2
===== SEED 76 | FR=0.3 | VR=60 =====
executing with fault mode: [5,1,2,3,4,5]

executing with fault mode: [5,1,2,3,4,5]

executing with fault mode: [5,1,2,3,4,5]

Fault scores (higher is better):
Fault: [4,1,2,3,4,5], logL: -6.942031, Exp of LogL: 0.000966, Normalized LogL: -0.771337, Exp of Normalized LogL: 0.462395, Best Rate: 0.3
Fault: [5,1,2,3,4,5], logL: -7.500432, Exp of LogL: 0.000553, Normalized LogL: -0.833381, Exp of Normalized LogL: 0.434577, Best Rate: 0.3
Fault: [5,1,0,3,4,5], logL: -7.741154, Exp of LogL: 0.000435, Normalized LogL: -0.860128, Exp of Normalized LogL: 0.423108, Best Rate: 0.3
Fault: [5,1,1,3,4,5], logL: -7.750428, Exp of LogL: 0.000431, Normalized LogL: -0.861159, Exp of Normalized LogL: 0.422672, Best Rate: 0.3
Fault: [5,1,5,3,4,5], logL: -7.848226, Exp of LogL: 0.000390, Normalized LogL: -0.872025, Exp of Normalized LogL: 0.418104, Best Rate: 0.3
Fault: [5,1,4,3,4,5], logL: -7.848226, Exp of LogL: 0.000390, Normalized LogL: -0.872025, Exp of Normalized LogL: 0.418104, Best Rate: 0.3
Fault: [1,1,2,3,4,5], logL: -7.907112, Exp of LogL: 0.000368, Normalized LogL: -0.878568, Exp of Normalized LogL: 0.415377, Best Rate: 0.3
Fault: [2,1,2,3,4,5], logL: -8.238065, Exp of LogL: 0.000264, Normalized LogL: -0.915341, Exp of Normalized LogL: 0.400380, Best Rate: 0.3
Fault: [3,1,2,3,4,5], logL: -8.449000, Exp of LogL: 0.000214, Normalized LogL: -0.938778, Exp of Normalized LogL: 0.391106, Best Rate: 0.3
Fault: [0,1,2,3,4,5], logL: -8.759183, Exp of LogL: 0.000157, Normalized LogL: -0.973243, Exp of Normalized LogL: 0.377856, Best Rate: 0.3

========= ADAPTIVE MC DEBUG =========
Total calls: 90
Avg tries: 522.22
Confidence stops: 90
Max stops: 0
Max stop rate: 0.000
Real Fault Rank 2
===== SEED 76 | FR=0.3 | VR=80 =====
executing with fault mode: [5,1,2,3,4,5]

executing with fault mode: [5,1,2,3,4,5]

executing with fault mode: [5,1,2,3,4,5]

Fault scores (higher is better):
Fault: [4,1,2,3,4,5], logL: -7.453184, Exp of LogL: 0.000580, Normalized LogL: -0.621099, Exp of Normalized LogL: 0.537354, Best Rate: 0.3
Fault: [1,1,2,3,4,5], logL: -8.418265, Exp of LogL: 0.000221, Normalized LogL: -0.701522, Exp of Normalized LogL: 0.495830, Best Rate: 0.3
Fault: [5,1,2,3,4,5], logL: -8.449022, Exp of LogL: 0.000214, Normalized LogL: -0.704085, Exp of Normalized LogL: 0.494561, Best Rate: 0.3
Fault: [5,1,0,3,4,5], logL: -8.689744, Exp of LogL: 0.000168, Normalized LogL: -0.724145, Exp of Normalized LogL: 0.484739, Best Rate: 0.3
Fault: [5,1,1,3,4,5], logL: -8.699018, Exp of LogL: 0.000167, Normalized LogL: -0.724918, Exp of Normalized LogL: 0.484364, Best Rate: 0.3
Fault: [2,1,2,3,4,5], logL: -8.749219, Exp of LogL: 0.000159, Normalized LogL: -0.729102, Exp of Normalized LogL: 0.482342, Best Rate: 0.3
Fault: [5,1,5,3,4,5], logL: -8.796816, Exp of LogL: 0.000151, Normalized LogL: -0.733068, Exp of Normalized LogL: 0.480433, Best Rate: 0.3
Fault: [5,1,4,3,4,5], logL: -8.796816, Exp of LogL: 0.000151, Normalized LogL: -0.733068, Exp of Normalized LogL: 0.480433, Best Rate: 0.3
Fault: [3,1,2,3,4,5], logL: -9.230868, Exp of LogL: 0.000098, Normalized LogL: -0.769239, Exp of Normalized LogL: 0.463366, Best Rate: 0.3
Fault: [0,1,2,3,4,5], logL: -9.611914, Exp of LogL: 0.000067, Normalized LogL: -0.800993, Exp of Normalized LogL: 0.448883, Best Rate: 0.3

========= ADAPTIVE MC DEBUG =========
Total calls: 120
Avg tries: 537.08
Confidence stops: 120
Max stops: 0
Max stop rate: 0.000
Real Fault Rank 3
===== SEED 76 | FR=0.3 | VR=100 =====
executing with fault mode: [5,1,2,3,4,5]

executing with fault mode: [5,1,2,3,4,5]

executing with fault mode: [5,1,2,3,4,5]

Fault scores (higher is better):
Fault: [5,1,2,3,4,5], logL: -8.686215, Exp of LogL: 0.000169, Normalized LogL: -0.579081, Exp of Normalized LogL: 0.560413, Best Rate: 0.3
Fault: [5,1,0,3,4,5], logL: -8.926937, Exp of LogL: 0.000133, Normalized LogL: -0.595129, Exp of Normalized LogL: 0.551491, Best Rate: 0.3
Fault: [5,1,1,3,4,5], logL: -8.936211, Exp of LogL: 0.000132, Normalized LogL: -0.595747, Exp of Normalized LogL: 0.551150, Best Rate: 0.3
Fault: [5,1,5,3,4,5], logL: -9.034008, Exp of LogL: 0.000119, Normalized LogL: -0.602267, Exp of Normalized LogL: 0.547569, Best Rate: 0.3
Fault: [5,1,4,3,4,5], logL: -9.034008, Exp of LogL: 0.000119, Normalized LogL: -0.602267, Exp of Normalized LogL: 0.547569, Best Rate: 0.3
Fault: [4,1,2,3,4,5], logL: -33.907531, Exp of LogL: 0.000000, Normalized LogL: -2.260502, Exp of Normalized LogL: 0.104298, Best Rate: 0.3
Fault: [3,1,2,3,4,5], logL: -34.835969, Exp of LogL: 0.000000, Normalized LogL: -2.322398, Exp of Normalized LogL: 0.098038, Best Rate: 0.3
Fault: [1,1,2,3,4,5], logL: -34.872612, Exp of LogL: 0.000000, Normalized LogL: -2.324841, Exp of Normalized LogL: 0.097799, Best Rate: 0.3
Fault: [0,1,2,3,4,5], logL: -35.159661, Exp of LogL: 0.000000, Normalized LogL: -2.343977, Exp of Normalized LogL: 0.095945, Best Rate: 0.3
Fault: [2,1,2,3,4,5], logL: -35.186906, Exp of LogL: 0.000000, Normalized LogL: -2.345794, Exp of Normalized LogL: 0.095771, Best Rate: 0.3

========= ADAPTIVE MC DEBUG =========
Total calls: 150
Avg tries: 474.67
Confidence stops: 150
Max stops: 0
Max stop rate: 0.000
Real Fault Rank 1
================= 22/08/2026 05:18:14: SEED 76 END =================
================= 22/08/2026 05:18:14: SEED 77 (75/100), a*=2 fault=[0,1,4,3,4,5] START =================
===== SEED 77 | FR=0.3 | VR=20 =====
executing with fault mode: [0,1,4,3,4,5]

Fault scores (higher is better):
Fault: [0,1,2,3,4,5], logL: -3.999484, Exp of LogL: 0.018325, Normalized LogL: -1.333161, Exp of Normalized LogL: 0.263642, Best Rate: 0.3
Fault: [0,1,1,3,4,5], logL: -4.080580, Exp of LogL: 0.016898, Normalized LogL: -1.360193, Exp of Normalized LogL: 0.256611, Best Rate: 0.3
Fault: [0,1,4,3,4,5], logL: -4.282825, Exp of LogL: 0.013804, Normalized LogL: -1.427608, Exp of Normalized LogL: 0.239882, Best Rate: 0.3
Fault: [0,1,5,3,4,5], logL: -4.282825, Exp of LogL: 0.013804, Normalized LogL: -1.427608, Exp of Normalized LogL: 0.239882, Best Rate: 0.3
Fault: [0,1,4,3,2,5], logL: -4.323647, Exp of LogL: 0.013251, Normalized LogL: -1.441216, Exp of Normalized LogL: 0.236640, Best Rate: 0.3
Fault: [0,1,4,3,5,5], logL: -4.323647, Exp of LogL: 0.013251, Normalized LogL: -1.441216, Exp of Normalized LogL: 0.236640, Best Rate: 0.3
Fault: [0,1,4,3,3,5], logL: -4.505969, Exp of LogL: 0.011043, Normalized LogL: -1.501990, Exp of Normalized LogL: 0.222687, Best Rate: 0.3
Fault: [0,1,4,3,0,5], logL: -4.570507, Exp of LogL: 0.010353, Normalized LogL: -1.523502, Exp of Normalized LogL: 0.217947, Best Rate: 0.3
Fault: [0,1,0,3,4,5], logL: -4.672970, Exp of LogL: 0.009344, Normalized LogL: -1.557657, Exp of Normalized LogL: 0.210629, Best Rate: 0.3
Fault: [0,1,3,3,4,5], logL: -4.793651, Exp of LogL: 0.008282, Normalized LogL: -1.597884, Exp of Normalized LogL: 0.202324, Best Rate: 0.3

========= ADAPTIVE MC DEBUG =========
Total calls: 30
Avg tries: 476.67
Confidence stops: 30
Max stops: 0
Max stop rate: 0.000
Real Fault Rank 3
===== SEED 77 | FR=0.3 | VR=40 =====
executing with fault mode: [0,1,4,3,4,5]

Fault scores (higher is better):
Fault: [0,1,4,3,4,5], logL: -5.423722, Exp of LogL: 0.004411, Normalized LogL: -0.903954, Exp of Normalized LogL: 0.404965, Best Rate: 0.3
Fault: [0,1,5,3,4,5], logL: -5.423722, Exp of LogL: 0.004411, Normalized LogL: -0.903954, Exp of Normalized LogL: 0.404965, Best Rate: 0.3
Fault: [0,1,4,3,3,5], logL: -5.950548, Exp of LogL: 0.002604, Normalized LogL: -0.991758, Exp of Normalized LogL: 0.370924, Best Rate: 0.3
Fault: [0,1,4,3,2,5], logL: -5.950548, Exp of LogL: 0.002604, Normalized LogL: -0.991758, Exp of Normalized LogL: 0.370924, Best Rate: 0.3
Fault: [0,1,4,3,5,5], logL: -5.950548, Exp of LogL: 0.002604, Normalized LogL: -0.991758, Exp of Normalized LogL: 0.370924, Best Rate: 0.3
Fault: [0,1,4,3,0,5], logL: -5.950548, Exp of LogL: 0.002604, Normalized LogL: -0.991758, Exp of Normalized LogL: 0.370924, Best Rate: 0.3
Fault: [0,1,2,3,4,5], logL: -30.891548, Exp of LogL: 0.000000, Normalized LogL: -5.148591, Exp of Normalized LogL: 0.005808, Best Rate: 0.3
Fault: [0,1,1,3,4,5], logL: -31.398625, Exp of LogL: 0.000000, Normalized LogL: -5.233104, Exp of Normalized LogL: 0.005337, Best Rate: 0.3
Fault: [0,1,0,3,4,5], logL: -31.721950, Exp of LogL: 0.000000, Normalized LogL: -5.286992, Exp of Normalized LogL: 0.005057, Best Rate: 0.3
Fault: [0,1,3,3,4,5], logL: -31.839275, Exp of LogL: 0.000000, Normalized LogL: -5.306546, Exp of Normalized LogL: 0.004959, Best Rate: 0.3

========= ADAPTIVE MC DEBUG =========
Total calls: 60
Avg tries: 535.83
Confidence stops: 60
Max stops: 0
Max stop rate: 0.000
Real Fault Rank 1
===== SEED 77 | FR=0.3 | VR=60 =====
executing with fault mode: [0,1,4,3,4,5]

Fault scores (higher is better):
Fault: [0,1,4,3,4,5], logL: -6.634741, Exp of LogL: 0.001314, Normalized LogL: -0.829343, Exp of Normalized LogL: 0.436336, Best Rate: 0.3
Fault: [0,1,5,3,4,5], logL: -6.634741, Exp of LogL: 0.001314, Normalized LogL: -0.829343, Exp of Normalized LogL: 0.436336, Best Rate: 0.3
Fault: [0,1,4,3,3,5], logL: -7.161567, Exp of LogL: 0.000776, Normalized LogL: -0.895196, Exp of Normalized LogL: 0.408528, Best Rate: 0.3
Fault: [0,1,4,3,2,5], logL: -7.161567, Exp of LogL: 0.000776, Normalized LogL: -0.895196, Exp of Normalized LogL: 0.408528, Best Rate: 0.3
Fault: [0,1,4,3,5,5], logL: -7.161567, Exp of LogL: 0.000776, Normalized LogL: -0.895196, Exp of Normalized LogL: 0.408528, Best Rate: 0.3
Fault: [0,1,4,3,0,5], logL: -7.161567, Exp of LogL: 0.000776, Normalized LogL: -0.895196, Exp of Normalized LogL: 0.408528, Best Rate: 0.3
Fault: [0,1,2,3,4,5], logL: -32.102567, Exp of LogL: 0.000000, Normalized LogL: -4.012821, Exp of Normalized LogL: 0.018082, Best Rate: 0.3
Fault: [0,1,1,3,4,5], logL: -32.609644, Exp of LogL: 0.000000, Normalized LogL: -4.076205, Exp of Normalized LogL: 0.016972, Best Rate: 0.3
Fault: [0,1,0,3,4,5], logL: -32.932969, Exp of LogL: 0.000000, Normalized LogL: -4.116621, Exp of Normalized LogL: 0.016299, Best Rate: 0.3
Fault: [0,1,3,3,4,5], logL: -33.050295, Exp of LogL: 0.000000, Normalized LogL: -4.131287, Exp of Normalized LogL: 0.016062, Best Rate: 0.3

========= ADAPTIVE MC DEBUG =========
Total calls: 80
Avg tries: 514.38
Confidence stops: 80
Max stops: 0
Max stop rate: 0.000
Real Fault Rank 1
===== SEED 77 | FR=0.3 | VR=80 =====
executing with fault mode: [0,1,4,3,4,5]

Fault scores (higher is better):
Fault: [0,1,4,3,4,5], logL: -8.423459, Exp of LogL: 0.000220, Normalized LogL: -0.765769, Exp of Normalized LogL: 0.464976, Best Rate: 0.3
Fault: [0,1,5,3,4,5], logL: -8.423459, Exp of LogL: 0.000220, Normalized LogL: -0.765769, Exp of Normalized LogL: 0.464976, Best Rate: 0.3
Fault: [0,1,4,3,3,5], logL: -8.835893, Exp of LogL: 0.000145, Normalized LogL: -0.803263, Exp of Normalized LogL: 0.447865, Best Rate: 0.3
Fault: [0,1,4,3,2,5], logL: -8.835893, Exp of LogL: 0.000145, Normalized LogL: -0.803263, Exp of Normalized LogL: 0.447865, Best Rate: 0.3
Fault: [0,1,4,3,5,5], logL: -8.835893, Exp of LogL: 0.000145, Normalized LogL: -0.803263, Exp of Normalized LogL: 0.447865, Best Rate: 0.3
Fault: [0,1,4,3,0,5], logL: -8.835893, Exp of LogL: 0.000145, Normalized LogL: -0.803263, Exp of Normalized LogL: 0.447865, Best Rate: 0.3
Fault: [0,1,2,3,4,5], logL: -34.168280, Exp of LogL: 0.000000, Normalized LogL: -3.106207, Exp of Normalized LogL: 0.044770, Best Rate: 0.3
Fault: [0,1,1,3,4,5], logL: -34.624257, Exp of LogL: 0.000000, Normalized LogL: -3.147660, Exp of Normalized LogL: 0.042953, Best Rate: 0.3
Fault: [0,1,0,3,4,5], logL: -34.722718, Exp of LogL: 0.000000, Normalized LogL: -3.156611, Exp of Normalized LogL: 0.042570, Best Rate: 0.3
Fault: [0,1,3,3,4,5], logL: -34.887544, Exp of LogL: 0.000000, Normalized LogL: -3.171595, Exp of Normalized LogL: 0.041937, Best Rate: 0.3

========= ADAPTIVE MC DEBUG =========
Total calls: 110
Avg tries: 503.64
Confidence stops: 110
Max stops: 0
Max stop rate: 0.000
Real Fault Rank 1
===== SEED 77 | FR=0.3 | VR=100 =====
executing with fault mode: [0,1,4,3,4,5]

Fault scores (higher is better):
Fault: [0,1,4,3,4,5], logL: -9.192163, Exp of LogL: 0.000102, Normalized LogL: -0.656583, Exp of Normalized LogL: 0.518620, Best Rate: 0.3
Fault: [0,1,5,3,4,5], logL: -9.192163, Exp of LogL: 0.000102, Normalized LogL: -0.656583, Exp of Normalized LogL: 0.518620, Best Rate: 0.3
Fault: [0,1,4,3,3,5], logL: -9.575156, Exp of LogL: 0.000069, Normalized LogL: -0.683940, Exp of Normalized LogL: 0.504625, Best Rate: 0.3
Fault: [0,1,4,3,2,5], logL: -9.575156, Exp of LogL: 0.000069, Normalized LogL: -0.683940, Exp of Normalized LogL: 0.504625, Best Rate: 0.3
Fault: [0,1,4,3,5,5], logL: -9.575156, Exp of LogL: 0.000069, Normalized LogL: -0.683940, Exp of Normalized LogL: 0.504625, Best Rate: 0.3
Fault: [0,1,4,3,0,5], logL: -9.575156, Exp of LogL: 0.000069, Normalized LogL: -0.683940, Exp of Normalized LogL: 0.504625, Best Rate: 0.3
Fault: [0,1,2,3,4,5], logL: -34.961268, Exp of LogL: 0.000000, Normalized LogL: -2.497233, Exp of Normalized LogL: 0.082312, Best Rate: 0.3
Fault: [0,1,1,3,4,5], logL: -35.495654, Exp of LogL: 0.000000, Normalized LogL: -2.535404, Exp of Normalized LogL: 0.079230, Best Rate: 0.3
Fault: [0,1,0,3,4,5], logL: -35.504096, Exp of LogL: 0.000000, Normalized LogL: -2.536007, Exp of Normalized LogL: 0.079182, Best Rate: 0.3
Fault: [0,1,3,3,4,5], logL: -35.666558, Exp of LogL: 0.000000, Normalized LogL: -2.547611, Exp of Normalized LogL: 0.078268, Best Rate: 0.3

========= ADAPTIVE MC DEBUG =========
Total calls: 140
Avg tries: 490.71
Confidence stops: 140
Max stops: 0
Max stop rate: 0.000
Real Fault Rank 1
================= 22/08/2026 05:18:39: SEED 77 END =================
================= 22/08/2026 05:18:39: SEED 78 (76/100), a*=0 fault=[5,1,2,3,4,5] START =================
===== SEED 78 | FR=0.3 | VR=20 =====
executing with fault mode: [5,1,2,3,4,5]

executing with fault mode: [5,1,2,3,4,5]

Fault scores (higher is better):
Fault: [0,1,2,3,4,5], logL: -11.718367, Exp of LogL: 0.000008, Normalized LogL: -1.674052, Exp of Normalized LogL: 0.187486, Best Rate: 0.3
Fault: [2,1,2,3,4,5], logL: -12.005745, Exp of LogL: 0.000006, Normalized LogL: -1.715106, Exp of Normalized LogL: 0.179945, Best Rate: 0.3
Fault: [5,1,2,3,0,5], logL: -12.140580, Exp of LogL: 0.000005, Normalized LogL: -1.734369, Exp of Normalized LogL: 0.176512, Best Rate: 0.3
Fault: [5,1,2,3,2,5], logL: -12.140580, Exp of LogL: 0.000005, Normalized LogL: -1.734369, Exp of Normalized LogL: 0.176512, Best Rate: 0.3
Fault: [5,1,2,3,3,5], logL: -12.140580, Exp of LogL: 0.000005, Normalized LogL: -1.734369, Exp of Normalized LogL: 0.176512, Best Rate: 0.3
Fault: [5,1,2,3,1,5], logL: -12.140580, Exp of LogL: 0.000005, Normalized LogL: -1.734369, Exp of Normalized LogL: 0.176512, Best Rate: 0.3
Fault: [4,1,2,3,4,5], logL: -12.191873, Exp of LogL: 0.000005, Normalized LogL: -1.741696, Exp of Normalized LogL: 0.175223, Best Rate: 0.3
Fault: [5,1,2,3,4,5], logL: -12.191873, Exp of LogL: 0.000005, Normalized LogL: -1.741696, Exp of Normalized LogL: 0.175223, Best Rate: 0.3
Fault: [3,1,2,3,4,5], logL: -12.245940, Exp of LogL: 0.000005, Normalized LogL: -1.749420, Exp of Normalized LogL: 0.173875, Best Rate: 0.3
Fault: [1,1,2,3,4,5], logL: -12.350478, Exp of LogL: 0.000004, Normalized LogL: -1.764354, Exp of Normalized LogL: 0.171297, Best Rate: 0.3

========= ADAPTIVE MC DEBUG =========
Total calls: 70
Avg tries: 410.00
Confidence stops: 70
Max stops: 0
Max stop rate: 0.000
Real Fault Rank 8
===== SEED 78 | FR=0.3 | VR=40 =====
executing with fault mode: [5,1,2,3,4,5]

executing with fault mode: [5,1,2,3,4,5]

Fault scores (higher is better):
Fault: [4,1,2,3,4,5], logL: -22.415357, Exp of LogL: 0.000000, Normalized LogL: -1.601097, Exp of Normalized LogL: 0.201675, Best Rate: 0.3
Fault: [5,1,2,3,4,5], logL: -22.415357, Exp of LogL: 0.000000, Normalized LogL: -1.601097, Exp of Normalized LogL: 0.201675, Best Rate: 0.3
Fault: [5,1,2,3,0,5], logL: -22.769401, Exp of LogL: 0.000000, Normalized LogL: -1.626386, Exp of Normalized LogL: 0.196639, Best Rate: 0.3
Fault: [5,1,2,3,2,5], logL: -22.769401, Exp of LogL: 0.000000, Normalized LogL: -1.626386, Exp of Normalized LogL: 0.196639, Best Rate: 0.3
Fault: [5,1,2,3,3,5], logL: -22.769401, Exp of LogL: 0.000000, Normalized LogL: -1.626386, Exp of Normalized LogL: 0.196639, Best Rate: 0.3
Fault: [5,1,2,3,1,5], logL: -22.769401, Exp of LogL: 0.000000, Normalized LogL: -1.626386, Exp of Normalized LogL: 0.196639, Best Rate: 0.3
Fault: [3,1,2,3,4,5], logL: -22.808399, Exp of LogL: 0.000000, Normalized LogL: -1.629171, Exp of Normalized LogL: 0.196092, Best Rate: 0.3
Fault: [0,1,2,3,4,5], logL: -23.436810, Exp of LogL: 0.000000, Normalized LogL: -1.674058, Exp of Normalized LogL: 0.187485, Best Rate: 0.3
Fault: [1,1,2,3,4,5], logL: -24.707170, Exp of LogL: 0.000000, Normalized LogL: -1.764798, Exp of Normalized LogL: 0.171221, Best Rate: 0.3
Fault: [2,1,2,3,4,5], logL: -25.436963, Exp of LogL: 0.000000, Normalized LogL: -1.816926, Exp of Normalized LogL: 0.162525, Best Rate: 0.3

========= ADAPTIVE MC DEBUG =========
Total calls: 140
Avg tries: 392.50
Confidence stops: 140
Max stops: 0
Max stop rate: 0.000
Real Fault Rank 2
===== SEED 78 | FR=0.3 | VR=60 =====
executing with fault mode: [5,1,2,3,4,5]

executing with fault mode: [5,1,2,3,4,5]

Fault scores (higher is better):
Fault: [4,1,2,3,4,5], logL: -26.571427, Exp of LogL: 0.000000, Normalized LogL: -1.328571, Exp of Normalized LogL: 0.264855, Best Rate: 0.3
Fault: [5,1,2,3,4,5], logL: -26.571427, Exp of LogL: 0.000000, Normalized LogL: -1.328571, Exp of Normalized LogL: 0.264855, Best Rate: 0.3
Fault: [3,1,2,3,4,5], logL: -26.745381, Exp of LogL: 0.000000, Normalized LogL: -1.337269, Exp of Normalized LogL: 0.262562, Best Rate: 0.3
Fault: [5,1,2,3,0,5], logL: -26.920340, Exp of LogL: 0.000000, Normalized LogL: -1.346017, Exp of Normalized LogL: 0.260275, Best Rate: 0.3
Fault: [5,1,2,3,2,5], logL: -26.920340, Exp of LogL: 0.000000, Normalized LogL: -1.346017, Exp of Normalized LogL: 0.260275, Best Rate: 0.3
Fault: [5,1,2,3,3,5], logL: -26.920340, Exp of LogL: 0.000000, Normalized LogL: -1.346017, Exp of Normalized LogL: 0.260275, Best Rate: 0.3
Fault: [5,1,2,3,1,5], logL: -26.920340, Exp of LogL: 0.000000, Normalized LogL: -1.346017, Exp of Normalized LogL: 0.260275, Best Rate: 0.3
Fault: [0,1,2,3,4,5], logL: -28.120075, Exp of LogL: 0.000000, Normalized LogL: -1.406004, Exp of Normalized LogL: 0.245121, Best Rate: 0.3
Fault: [1,1,2,3,4,5], logL: -29.272747, Exp of LogL: 0.000000, Normalized LogL: -1.463637, Exp of Normalized LogL: 0.231393, Best Rate: 0.3
Fault: [2,1,2,3,4,5], logL: -29.611463, Exp of LogL: 0.000000, Normalized LogL: -1.480573, Exp of Normalized LogL: 0.227507, Best Rate: 0.3

========= ADAPTIVE MC DEBUG =========
Total calls: 200
Avg tries: 413.75
Confidence stops: 200
Max stops: 0
Max stop rate: 0.000
Real Fault Rank 2
===== SEED 78 | FR=0.3 | VR=80 =====
executing with fault mode: [5,1,2,3,4,5]

executing with fault mode: [5,1,2,3,4,5]

Fault scores (higher is better):
Fault: [4,1,2,3,4,5], logL: -28.560163, Exp of LogL: 0.000000, Normalized LogL: -1.057784, Exp of Normalized LogL: 0.347224, Best Rate: 0.3
Fault: [5,1,2,3,4,5], logL: -28.560163, Exp of LogL: 0.000000, Normalized LogL: -1.057784, Exp of Normalized LogL: 0.347224, Best Rate: 0.3
Fault: [5,1,2,3,0,5], logL: -28.909076, Exp of LogL: 0.000000, Normalized LogL: -1.070707, Exp of Normalized LogL: 0.342766, Best Rate: 0.3
Fault: [5,1,2,3,2,5], logL: -28.909076, Exp of LogL: 0.000000, Normalized LogL: -1.070707, Exp of Normalized LogL: 0.342766, Best Rate: 0.3
Fault: [5,1,2,3,3,5], logL: -28.909076, Exp of LogL: 0.000000, Normalized LogL: -1.070707, Exp of Normalized LogL: 0.342766, Best Rate: 0.3
Fault: [5,1,2,3,1,5], logL: -28.909076, Exp of LogL: 0.000000, Normalized LogL: -1.070707, Exp of Normalized LogL: 0.342766, Best Rate: 0.3
Fault: [3,1,2,3,4,5], logL: -29.065474, Exp of LogL: 0.000000, Normalized LogL: -1.076499, Exp of Normalized LogL: 0.340787, Best Rate: 0.3
Fault: [0,1,2,3,4,5], logL: -30.097831, Exp of LogL: 0.000000, Normalized LogL: -1.114734, Exp of Normalized LogL: 0.328002, Best Rate: 0.3
Fault: [1,1,2,3,4,5], logL: -31.261483, Exp of LogL: 0.000000, Normalized LogL: -1.157833, Exp of Normalized LogL: 0.314166, Best Rate: 0.3
Fault: [2,1,2,3,4,5], logL: -31.723984, Exp of LogL: 0.000000, Normalized LogL: -1.174962, Exp of Normalized LogL: 0.308831, Best Rate: 0.3

========= ADAPTIVE MC DEBUG =========
Total calls: 270
Avg tries: 440.93
Confidence stops: 270
Max stops: 0
Max stop rate: 0.000
Real Fault Rank 2
===== SEED 78 | FR=0.3 | VR=100 =====
executing with fault mode: [5,1,2,3,4,5]

executing with fault mode: [5,1,2,3,4,5]

Fault scores (higher is better):
Fault: [4,1,2,3,4,5], logL: -32.272013, Exp of LogL: 0.000000, Normalized LogL: -0.949177, Exp of Normalized LogL: 0.387059, Best Rate: 0.3
Fault: [5,1,2,3,4,5], logL: -32.272013, Exp of LogL: 0.000000, Normalized LogL: -0.949177, Exp of Normalized LogL: 0.387059, Best Rate: 0.3
Fault: [5,1,2,3,0,5], logL: -32.620926, Exp of LogL: 0.000000, Normalized LogL: -0.959439, Exp of Normalized LogL: 0.383108, Best Rate: 0.3
Fault: [5,1,2,3,2,5], logL: -32.620926, Exp of LogL: 0.000000, Normalized LogL: -0.959439, Exp of Normalized LogL: 0.383108, Best Rate: 0.3
Fault: [5,1,2,3,3,5], logL: -32.620926, Exp of LogL: 0.000000, Normalized LogL: -0.959439, Exp of Normalized LogL: 0.383108, Best Rate: 0.3
Fault: [5,1,2,3,1,5], logL: -32.620926, Exp of LogL: 0.000000, Normalized LogL: -0.959439, Exp of Normalized LogL: 0.383108, Best Rate: 0.3
Fault: [0,1,2,3,4,5], logL: -58.294102, Exp of LogL: 0.000000, Normalized LogL: -1.714532, Exp of Normalized LogL: 0.180048, Best Rate: 0.3
Fault: [3,1,2,3,4,5], logL: -58.591264, Exp of LogL: 0.000000, Normalized LogL: -1.723272, Exp of Normalized LogL: 0.178481, Best Rate: 0.3
Fault: [1,1,2,3,4,5], logL: -59.697141, Exp of LogL: 0.000000, Normalized LogL: -1.755798, Exp of Normalized LogL: 0.172769, Best Rate: 0.3
Fault: [2,1,2,3,4,5], logL: -59.982606, Exp of LogL: 0.000000, Normalized LogL: -1.764194, Exp of Normalized LogL: 0.171325, Best Rate: 0.3

========= ADAPTIVE MC DEBUG =========
Total calls: 340
Avg tries: 459.12
Confidence stops: 340
Max stops: 0
Max stop rate: 0.000
Real Fault Rank 2
================= 22/08/2026 05:19:30: SEED 78 END =================
================= 22/08/2026 05:19:30: SEED 79 (77/100), a*=3 fault=[0,1,2,0,4,5] START =================
===== SEED 79 | FR=0.3 | VR=20 =====
executing with fault mode: [0,1,2,0,4,5]

Fault scores (higher is better):
Fault: [0,1,2,5,4,5], logL: -9.395867, Exp of LogL: 0.000083, Normalized LogL: -2.348967, Exp of Normalized LogL: 0.095468, Best Rate: 0.3
Fault: [0,1,2,4,4,5], logL: -9.395867, Exp of LogL: 0.000083, Normalized LogL: -2.348967, Exp of Normalized LogL: 0.095468, Best Rate: 0.3
Fault: [0,1,2,1,4,5], logL: -9.619011, Exp of LogL: 0.000066, Normalized LogL: -2.404753, Exp of Normalized LogL: 0.090288, Best Rate: 0.3
Fault: [0,1,2,2,4,5], logL: -9.752542, Exp of LogL: 0.000058, Normalized LogL: -2.438136, Exp of Normalized LogL: 0.087324, Best Rate: 0.3
Fault: [0,1,2,0,4,5], logL: -31.719328, Exp of LogL: 0.000000, Normalized LogL: -7.929832, Exp of Normalized LogL: 0.000360, Best Rate: 0.3
Fault: [0,1,2,0,5,5], logL: -32.049732, Exp of LogL: 0.000000, Normalized LogL: -8.012433, Exp of Normalized LogL: 0.000331, Best Rate: 0.3
Fault: [0,1,2,0,1,5], logL: -32.049732, Exp of LogL: 0.000000, Normalized LogL: -8.012433, Exp of Normalized LogL: 0.000331, Best Rate: 0.3
Fault: [0,1,2,0,2,5], logL: -32.049732, Exp of LogL: 0.000000, Normalized LogL: -8.012433, Exp of Normalized LogL: 0.000331, Best Rate: 0.3
Fault: [0,1,2,0,0,5], logL: -32.049732, Exp of LogL: 0.000000, Normalized LogL: -8.012433, Exp of Normalized LogL: 0.000331, Best Rate: 0.3
Fault: [0,1,2,3,4,5], logL: -32.287278, Exp of LogL: 0.000000, Normalized LogL: -8.071819, Exp of Normalized LogL: 0.000312, Best Rate: 0.3

========= ADAPTIVE MC DEBUG =========
Total calls: 40
Avg tries: 383.75
Confidence stops: 40
Max stops: 0
Max stop rate: 0.000
Real Fault Rank 5
===== SEED 79 | FR=0.3 | VR=40 =====
executing with fault mode: [0,1,2,0,4,5]

Fault scores (higher is better):
Fault: [0,1,2,0,4,5], logL: -9.074280, Exp of LogL: 0.000115, Normalized LogL: -1.296326, Exp of Normalized LogL: 0.273535, Best Rate: 0.3
Fault: [0,1,2,0,5,5], logL: -9.394485, Exp of LogL: 0.000083, Normalized LogL: -1.342069, Exp of Normalized LogL: 0.261304, Best Rate: 0.3
Fault: [0,1,2,0,1,5], logL: -9.394485, Exp of LogL: 0.000083, Normalized LogL: -1.342069, Exp of Normalized LogL: 0.261304, Best Rate: 0.3
Fault: [0,1,2,0,2,5], logL: -9.394485, Exp of LogL: 0.000083, Normalized LogL: -1.342069, Exp of Normalized LogL: 0.261304, Best Rate: 0.3
Fault: [0,1,2,0,0,5], logL: -9.394485, Exp of LogL: 0.000083, Normalized LogL: -1.342069, Exp of Normalized LogL: 0.261304, Best Rate: 0.3
Fault: [0,1,2,5,4,5], logL: -10.378250, Exp of LogL: 0.000031, Normalized LogL: -1.482607, Exp of Normalized LogL: 0.227045, Best Rate: 0.3
Fault: [0,1,2,4,4,5], logL: -10.378250, Exp of LogL: 0.000031, Normalized LogL: -1.482607, Exp of Normalized LogL: 0.227045, Best Rate: 0.3
Fault: [0,1,2,1,4,5], logL: -10.601393, Exp of LogL: 0.000025, Normalized LogL: -1.514485, Exp of Normalized LogL: 0.219921, Best Rate: 0.3
Fault: [0,1,2,2,4,5], logL: -10.734925, Exp of LogL: 0.000022, Normalized LogL: -1.533561, Exp of Normalized LogL: 0.215766, Best Rate: 0.3
Fault: [0,1,2,3,4,5], logL: -11.234208, Exp of LogL: 0.000013, Normalized LogL: -1.604887, Exp of Normalized LogL: 0.200912, Best Rate: 0.3

========= ADAPTIVE MC DEBUG =========
Total calls: 70
Avg tries: 374.29
Confidence stops: 70
Max stops: 0
Max stop rate: 0.000
Real Fault Rank 1
===== SEED 79 | FR=0.3 | VR=60 =====
executing with fault mode: [0,1,2,0,4,5]

Fault scores (higher is better):
Fault: [0,1,2,0,4,5], logL: -11.004072, Exp of LogL: 0.000017, Normalized LogL: -1.100407, Exp of Normalized LogL: 0.332736, Best Rate: 0.3
Fault: [0,1,2,0,5,5], logL: -11.324277, Exp of LogL: 0.000012, Normalized LogL: -1.132428, Exp of Normalized LogL: 0.322250, Best Rate: 0.3
Fault: [0,1,2,0,1,5], logL: -11.324277, Exp of LogL: 0.000012, Normalized LogL: -1.132428, Exp of Normalized LogL: 0.322250, Best Rate: 0.3
Fault: [0,1,2,0,2,5], logL: -11.324277, Exp of LogL: 0.000012, Normalized LogL: -1.132428, Exp of Normalized LogL: 0.322250, Best Rate: 0.3
Fault: [0,1,2,0,0,5], logL: -11.324277, Exp of LogL: 0.000012, Normalized LogL: -1.132428, Exp of Normalized LogL: 0.322250, Best Rate: 0.3
Fault: [0,1,2,3,4,5], logL: -13.109397, Exp of LogL: 0.000002, Normalized LogL: -1.310940, Exp of Normalized LogL: 0.269567, Best Rate: 0.3
Fault: [0,1,2,1,4,5], logL: -14.136169, Exp of LogL: 0.000001, Normalized LogL: -1.413617, Exp of Normalized LogL: 0.243262, Best Rate: 0.3
Fault: [0,1,2,2,4,5], logL: -14.136169, Exp of LogL: 0.000001, Normalized LogL: -1.413617, Exp of Normalized LogL: 0.243262, Best Rate: 0.3
Fault: [0,1,2,5,4,5], logL: -14.210277, Exp of LogL: 0.000001, Normalized LogL: -1.421028, Exp of Normalized LogL: 0.241466, Best Rate: 0.3
Fault: [0,1,2,4,4,5], logL: -14.210277, Exp of LogL: 0.000001, Normalized LogL: -1.421028, Exp of Normalized LogL: 0.241466, Best Rate: 0.3

========= ADAPTIVE MC DEBUG =========
Total calls: 100
Avg tries: 397.50
Confidence stops: 100
Max stops: 0
Max stop rate: 0.000
Real Fault Rank 1
===== SEED 79 | FR=0.3 | VR=80 =====
executing with fault mode: [0,1,2,0,4,5]

Fault scores (higher is better):
Fault: [0,1,2,0,4,5], logL: -12.908842, Exp of LogL: 0.000002, Normalized LogL: -0.992988, Exp of Normalized LogL: 0.370468, Best Rate: 0.3
Fault: [0,1,2,0,5,5], logL: -13.229047, Exp of LogL: 0.000002, Normalized LogL: -1.017619, Exp of Normalized LogL: 0.361455, Best Rate: 0.3
Fault: [0,1,2,0,1,5], logL: -13.229047, Exp of LogL: 0.000002, Normalized LogL: -1.017619, Exp of Normalized LogL: 0.361455, Best Rate: 0.3
Fault: [0,1,2,0,2,5], logL: -13.229047, Exp of LogL: 0.000002, Normalized LogL: -1.017619, Exp of Normalized LogL: 0.361455, Best Rate: 0.3
Fault: [0,1,2,0,0,5], logL: -13.229047, Exp of LogL: 0.000002, Normalized LogL: -1.017619, Exp of Normalized LogL: 0.361455, Best Rate: 0.3
Fault: [0,1,2,3,4,5], logL: -15.212425, Exp of LogL: 0.000000, Normalized LogL: -1.170187, Exp of Normalized LogL: 0.310309, Best Rate: 0.3
Fault: [0,1,2,2,4,5], logL: -16.795584, Exp of LogL: 0.000000, Normalized LogL: -1.291968, Exp of Normalized LogL: 0.274730, Best Rate: 0.3
Fault: [0,1,2,1,4,5], logL: -16.911003, Exp of LogL: 0.000000, Normalized LogL: -1.300846, Exp of Normalized LogL: 0.272301, Best Rate: 0.3
Fault: [0,1,2,5,4,5], logL: -17.046898, Exp of LogL: 0.000000, Normalized LogL: -1.311300, Exp of Normalized LogL: 0.269470, Best Rate: 0.3
Fault: [0,1,2,4,4,5], logL: -17.046898, Exp of LogL: 0.000000, Normalized LogL: -1.311300, Exp of Normalized LogL: 0.269470, Best Rate: 0.3

========= ADAPTIVE MC DEBUG =========
Total calls: 130
Avg tries: 428.08
Confidence stops: 130
Max stops: 0
Max stop rate: 0.000
Real Fault Rank 1
===== SEED 79 | FR=0.3 | VR=100 =====
executing with fault mode: [0,1,2,0,4,5]

Fault scores (higher is better):
Fault: [0,1,2,0,4,5], logL: -13.480034, Exp of LogL: 0.000001, Normalized LogL: -0.792943, Exp of Normalized LogL: 0.452511, Best Rate: 0.3
Fault: [0,1,2,0,5,5], logL: -13.800240, Exp of LogL: 0.000001, Normalized LogL: -0.811779, Exp of Normalized LogL: 0.444067, Best Rate: 0.3
Fault: [0,1,2,0,1,5], logL: -13.800240, Exp of LogL: 0.000001, Normalized LogL: -0.811779, Exp of Normalized LogL: 0.444067, Best Rate: 0.3
Fault: [0,1,2,0,2,5], logL: -13.800240, Exp of LogL: 0.000001, Normalized LogL: -0.811779, Exp of Normalized LogL: 0.444067, Best Rate: 0.3
Fault: [0,1,2,0,0,5], logL: -13.800240, Exp of LogL: 0.000001, Normalized LogL: -0.811779, Exp of Normalized LogL: 0.444067, Best Rate: 0.3
Fault: [0,1,2,3,4,5], logL: -14.792263, Exp of LogL: 0.000000, Normalized LogL: -0.870133, Exp of Normalized LogL: 0.418896, Best Rate: 0.3
Fault: [0,1,2,2,4,5], logL: -16.341551, Exp of LogL: 0.000000, Normalized LogL: -0.961268, Exp of Normalized LogL: 0.382408, Best Rate: 0.3
Fault: [0,1,2,1,4,5], logL: -16.427332, Exp of LogL: 0.000000, Normalized LogL: -0.966314, Exp of Normalized LogL: 0.380483, Best Rate: 0.3
Fault: [0,1,2,5,4,5], logL: -16.592866, Exp of LogL: 0.000000, Normalized LogL: -0.976051, Exp of Normalized LogL: 0.376796, Best Rate: 0.3
Fault: [0,1,2,4,4,5], logL: -16.592866, Exp of LogL: 0.000000, Normalized LogL: -0.976051, Exp of Normalized LogL: 0.376796, Best Rate: 0.3

========= ADAPTIVE MC DEBUG =========
Total calls: 170
Avg tries: 472.35
Confidence stops: 170
Max stops: 0
Max stop rate: 0.000
Real Fault Rank 1
================= 22/08/2026 05:19:55: SEED 79 END =================
================= 22/08/2026 05:19:55: SEED 81 (78/100), a*=2 fault=[0,1,3,3,4,5] START =================
===== SEED 81 | FR=0.3 | VR=20 =====
executing with fault mode: [0,1,3,3,4,5]

executing with fault mode: [0,1,3,3,4,5]

Fault scores (higher is better):
Fault: [0,1,1,3,4,5], logL: -9.838001, Exp of LogL: 0.000053, Normalized LogL: -1.639667, Exp of Normalized LogL: 0.194045, Best Rate: 0.3
Fault: [0,1,4,3,4,5], logL: -9.879965, Exp of LogL: 0.000051, Normalized LogL: -1.646661, Exp of Normalized LogL: 0.192692, Best Rate: 0.3
Fault: [0,1,5,3,4,5], logL: -9.879965, Exp of LogL: 0.000051, Normalized LogL: -1.646661, Exp of Normalized LogL: 0.192692, Best Rate: 0.3
Fault: [0,1,3,3,5,5], logL: -9.900584, Exp of LogL: 0.000050, Normalized LogL: -1.650097, Exp of Normalized LogL: 0.192031, Best Rate: 0.3
Fault: [0,1,3,3,2,5], logL: -9.900584, Exp of LogL: 0.000050, Normalized LogL: -1.650097, Exp of Normalized LogL: 0.192031, Best Rate: 0.3
Fault: [0,1,3,3,0,5], logL: -9.969577, Exp of LogL: 0.000047, Normalized LogL: -1.661596, Exp of Normalized LogL: 0.189836, Best Rate: 0.3
Fault: [0,1,0,3,4,5], logL: -10.005945, Exp of LogL: 0.000045, Normalized LogL: -1.667658, Exp of Normalized LogL: 0.188689, Best Rate: 0.3
Fault: [0,1,3,3,4,5], logL: -10.079578, Exp of LogL: 0.000042, Normalized LogL: -1.679930, Exp of Normalized LogL: 0.186387, Best Rate: 0.3
Fault: [0,1,3,3,3,5], logL: -10.103109, Exp of LogL: 0.000041, Normalized LogL: -1.683851, Exp of Normalized LogL: 0.185658, Best Rate: 0.3
Fault: [0,1,2,3,4,5], logL: -10.103109, Exp of LogL: 0.000041, Normalized LogL: -1.683851, Exp of Normalized LogL: 0.185658, Best Rate: 0.3

========= ADAPTIVE MC DEBUG =========
Total calls: 60
Avg tries: 358.33
Confidence stops: 60
Max stops: 0
Max stop rate: 0.000
Real Fault Rank 8
===== SEED 81 | FR=0.3 | VR=40 =====
executing with fault mode: [0,1,3,3,4,5]

executing with fault mode: [0,1,3,3,4,5]

Fault scores (higher is better):
Fault: [0,1,1,3,4,5], logL: -17.116842, Exp of LogL: 0.000000, Normalized LogL: -1.556077, Exp of Normalized LogL: 0.210962, Best Rate: 0.3
Fault: [0,1,4,3,4,5], logL: -17.158806, Exp of LogL: 0.000000, Normalized LogL: -1.559891, Exp of Normalized LogL: 0.210159, Best Rate: 0.3
Fault: [0,1,5,3,4,5], logL: -17.158806, Exp of LogL: 0.000000, Normalized LogL: -1.559891, Exp of Normalized LogL: 0.210159, Best Rate: 0.3
Fault: [0,1,3,3,5,5], logL: -17.179426, Exp of LogL: 0.000000, Normalized LogL: -1.561766, Exp of Normalized LogL: 0.209765, Best Rate: 0.3
Fault: [0,1,3,3,2,5], logL: -17.179426, Exp of LogL: 0.000000, Normalized LogL: -1.561766, Exp of Normalized LogL: 0.209765, Best Rate: 0.3
Fault: [0,1,3,3,0,5], logL: -17.248419, Exp of LogL: 0.000000, Normalized LogL: -1.568038, Exp of Normalized LogL: 0.208454, Best Rate: 0.3
Fault: [0,1,0,3,4,5], logL: -17.284786, Exp of LogL: 0.000000, Normalized LogL: -1.571344, Exp of Normalized LogL: 0.207766, Best Rate: 0.3
Fault: [0,1,3,3,4,5], logL: -17.358419, Exp of LogL: 0.000000, Normalized LogL: -1.578038, Exp of Normalized LogL: 0.206380, Best Rate: 0.3
Fault: [0,1,3,3,3,5], logL: -17.381950, Exp of LogL: 0.000000, Normalized LogL: -1.580177, Exp of Normalized LogL: 0.205939, Best Rate: 0.3
Fault: [0,1,2,3,4,5], logL: -17.381950, Exp of LogL: 0.000000, Normalized LogL: -1.580177, Exp of Normalized LogL: 0.205939, Best Rate: 0.3

========= ADAPTIVE MC DEBUG =========
Total calls: 110
Avg tries: 377.27
Confidence stops: 110
Max stops: 0
Max stop rate: 0.000
Real Fault Rank 8
===== SEED 81 | FR=0.3 | VR=60 =====
executing with fault mode: [0,1,3,3,4,5]

executing with fault mode: [0,1,3,3,4,5]

Fault scores (higher is better):
Fault: [0,1,1,3,4,5], logL: -20.855856, Exp of LogL: 0.000000, Normalized LogL: -1.303491, Exp of Normalized LogL: 0.271582, Best Rate: 0.3
Fault: [0,1,4,3,4,5], logL: -20.876058, Exp of LogL: 0.000000, Normalized LogL: -1.304754, Exp of Normalized LogL: 0.271239, Best Rate: 0.3
Fault: [0,1,5,3,4,5], logL: -20.876058, Exp of LogL: 0.000000, Normalized LogL: -1.304754, Exp of Normalized LogL: 0.271239, Best Rate: 0.3
Fault: [0,1,3,3,4,5], logL: -21.012509, Exp of LogL: 0.000000, Normalized LogL: -1.313282, Exp of Normalized LogL: 0.268936, Best Rate: 0.3
Fault: [0,1,3,3,5,5], logL: -21.149268, Exp of LogL: 0.000000, Normalized LogL: -1.321829, Exp of Normalized LogL: 0.266647, Best Rate: 0.3
Fault: [0,1,3,3,2,5], logL: -21.149268, Exp of LogL: 0.000000, Normalized LogL: -1.321829, Exp of Normalized LogL: 0.266647, Best Rate: 0.3
Fault: [0,1,3,3,0,5], logL: -21.202378, Exp of LogL: 0.000000, Normalized LogL: -1.325149, Exp of Normalized LogL: 0.265763, Best Rate: 0.3
Fault: [0,1,3,3,3,5], logL: -21.239419, Exp of LogL: 0.000000, Normalized LogL: -1.327464, Exp of Normalized LogL: 0.265149, Best Rate: 0.3
Fault: [0,1,2,3,4,5], logL: -21.789819, Exp of LogL: 0.000000, Normalized LogL: -1.361864, Exp of Normalized LogL: 0.256183, Best Rate: 0.3
Fault: [0,1,0,3,4,5], logL: -22.054551, Exp of LogL: 0.000000, Normalized LogL: -1.378409, Exp of Normalized LogL: 0.251979, Best Rate: 0.3

========= ADAPTIVE MC DEBUG =========
Total calls: 160
Avg tries: 415.62
Confidence stops: 160
Max stops: 0
Max stop rate: 0.000
Real Fault Rank 4
===== SEED 81 | FR=0.3 | VR=80 =====
executing with fault mode: [0,1,3,3,4,5]

executing with fault mode: [0,1,3,3,4,5]

Fault scores (higher is better):
Fault: [0,1,3,3,4,5], logL: -24.166053, Exp of LogL: 0.000000, Normalized LogL: -1.150764, Exp of Normalized LogL: 0.316395, Best Rate: 0.3
Fault: [0,1,3,3,3,5], logL: -24.246024, Exp of LogL: 0.000000, Normalized LogL: -1.154573, Exp of Normalized LogL: 0.315192, Best Rate: 0.3
Fault: [0,1,1,3,4,5], logL: -24.320204, Exp of LogL: 0.000000, Normalized LogL: -1.158105, Exp of Normalized LogL: 0.314081, Best Rate: 0.3
Fault: [0,1,3,3,0,5], logL: -24.363807, Exp of LogL: 0.000000, Normalized LogL: -1.160181, Exp of Normalized LogL: 0.313429, Best Rate: 0.3
Fault: [0,1,3,3,5,5], logL: -24.497339, Exp of LogL: 0.000000, Normalized LogL: -1.166540, Exp of Normalized LogL: 0.311443, Best Rate: 0.3
Fault: [0,1,3,3,2,5], logL: -24.497339, Exp of LogL: 0.000000, Normalized LogL: -1.166540, Exp of Normalized LogL: 0.311443, Best Rate: 0.3
Fault: [0,1,4,3,4,5], logL: -24.502525, Exp of LogL: 0.000000, Normalized LogL: -1.166787, Exp of Normalized LogL: 0.311366, Best Rate: 0.3
Fault: [0,1,5,3,4,5], logL: -24.502525, Exp of LogL: 0.000000, Normalized LogL: -1.166787, Exp of Normalized LogL: 0.311366, Best Rate: 0.3
Fault: [0,1,2,3,4,5], logL: -24.647197, Exp of LogL: 0.000000, Normalized LogL: -1.173676, Exp of Normalized LogL: 0.309228, Best Rate: 0.3
Fault: [0,1,0,3,4,5], logL: -24.685990, Exp of LogL: 0.000000, Normalized LogL: -1.175523, Exp of Normalized LogL: 0.308657, Best Rate: 0.3

========= ADAPTIVE MC DEBUG =========
Total calls: 210
Avg tries: 419.29
Confidence stops: 210
Max stops: 0
Max stop rate: 0.000
Real Fault Rank 1
===== SEED 81 | FR=0.3 | VR=100 =====
executing with fault mode: [0,1,3,3,4,5]

executing with fault mode: [0,1,3,3,4,5]

Fault scores (higher is better):
Fault: [0,1,3,3,4,5], logL: -23.939525, Exp of LogL: 0.000000, Normalized LogL: -0.886649, Exp of Normalized LogL: 0.412034, Best Rate: 0.3
Fault: [0,1,1,3,4,5], logL: -24.263402, Exp of LogL: 0.000000, Normalized LogL: -0.898645, Exp of Normalized LogL: 0.407121, Best Rate: 0.3
Fault: [0,1,3,3,3,5], logL: -24.270811, Exp of LogL: 0.000000, Normalized LogL: -0.898919, Exp of Normalized LogL: 0.407009, Best Rate: 0.3
Fault: [0,1,3,3,0,5], logL: -24.270811, Exp of LogL: 0.000000, Normalized LogL: -0.898919, Exp of Normalized LogL: 0.407009, Best Rate: 0.3
Fault: [0,1,3,3,5,5], logL: -24.270811, Exp of LogL: 0.000000, Normalized LogL: -0.898919, Exp of Normalized LogL: 0.407009, Best Rate: 0.3
Fault: [0,1,3,3,2,5], logL: -24.270811, Exp of LogL: 0.000000, Normalized LogL: -0.898919, Exp of Normalized LogL: 0.407009, Best Rate: 0.3
Fault: [0,1,4,3,4,5], logL: -24.392685, Exp of LogL: 0.000000, Normalized LogL: -0.903433, Exp of Normalized LogL: 0.405176, Best Rate: 0.3
Fault: [0,1,5,3,4,5], logL: -24.392685, Exp of LogL: 0.000000, Normalized LogL: -0.903433, Exp of Normalized LogL: 0.405176, Best Rate: 0.3
Fault: [0,1,2,3,4,5], logL: -24.419159, Exp of LogL: 0.000000, Normalized LogL: -0.904413, Exp of Normalized LogL: 0.404779, Best Rate: 0.3
Fault: [0,1,0,3,4,5], logL: -24.493840, Exp of LogL: 0.000000, Normalized LogL: -0.907179, Exp of Normalized LogL: 0.403661, Best Rate: 0.3

========= ADAPTIVE MC DEBUG =========
Total calls: 270
Avg tries: 463.89
Confidence stops: 270
Max stops: 0
Max stop rate: 0.000
Real Fault Rank 1
================= 22/08/2026 05:20:34: SEED 81 END =================
================= 22/08/2026 05:20:34: SEED 82 (79/100), a*=3 fault=[0,1,2,2,4,5] START =================
===== SEED 82 | FR=0.3 | VR=20 =====
executing with fault mode: [0,1,2,2,4,5]

Fault scores (higher is better):
Fault: [0,1,2,5,4,5], logL: -10.700594, Exp of LogL: 0.000023, Normalized LogL: -1.783432, Exp of Normalized LogL: 0.168060, Best Rate: 0.3
Fault: [0,1,2,4,4,5], logL: -10.700594, Exp of LogL: 0.000023, Normalized LogL: -1.783432, Exp of Normalized LogL: 0.168060, Best Rate: 0.3
Fault: [0,1,2,0,4,5], logL: -11.312136, Exp of LogL: 0.000012, Normalized LogL: -1.885356, Exp of Normalized LogL: 0.151775, Best Rate: 0.3
Fault: [0,1,2,2,3,5], logL: -11.336384, Exp of LogL: 0.000012, Normalized LogL: -1.889397, Exp of Normalized LogL: 0.151163, Best Rate: 0.3
Fault: [0,1,2,2,5,5], logL: -11.336384, Exp of LogL: 0.000012, Normalized LogL: -1.889397, Exp of Normalized LogL: 0.151163, Best Rate: 0.3
Fault: [0,1,2,2,1,5], logL: -11.336384, Exp of LogL: 0.000012, Normalized LogL: -1.889397, Exp of Normalized LogL: 0.151163, Best Rate: 0.3
Fault: [0,1,2,2,2,5], logL: -11.485979, Exp of LogL: 0.000010, Normalized LogL: -1.914330, Exp of Normalized LogL: 0.147441, Best Rate: 0.3
Fault: [0,1,2,2,4,5], logL: -11.928730, Exp of LogL: 0.000007, Normalized LogL: -1.988122, Exp of Normalized LogL: 0.136952, Best Rate: 0.3
Fault: [0,1,2,3,4,5], logL: -12.011035, Exp of LogL: 0.000006, Normalized LogL: -2.001839, Exp of Normalized LogL: 0.135087, Best Rate: 0.3
Fault: [0,1,2,1,4,5], logL: -13.332316, Exp of LogL: 0.000002, Normalized LogL: -2.222053, Exp of Normalized LogL: 0.108386, Best Rate: 0.3

========= ADAPTIVE MC DEBUG =========
Total calls: 60
Avg tries: 355.83
Confidence stops: 60
Max stops: 0
Max stop rate: 0.000
Real Fault Rank 8
===== SEED 82 | FR=0.3 | VR=40 =====
executing with fault mode: [0,1,2,2,4,5]

Fault scores (higher is better):
Fault: [0,1,2,2,2,5], logL: -15.584038, Exp of LogL: 0.000000, Normalized LogL: -1.416731, Exp of Normalized LogL: 0.242506, Best Rate: 0.3
Fault: [0,1,2,2,3,5], logL: -15.637384, Exp of LogL: 0.000000, Normalized LogL: -1.421580, Exp of Normalized LogL: 0.241332, Best Rate: 0.3
Fault: [0,1,2,2,5,5], logL: -15.637384, Exp of LogL: 0.000000, Normalized LogL: -1.421580, Exp of Normalized LogL: 0.241332, Best Rate: 0.3
Fault: [0,1,2,2,1,5], logL: -15.637384, Exp of LogL: 0.000000, Normalized LogL: -1.421580, Exp of Normalized LogL: 0.241332, Best Rate: 0.3
Fault: [0,1,2,2,4,5], logL: -15.862487, Exp of LogL: 0.000000, Normalized LogL: -1.442044, Exp of Normalized LogL: 0.236444, Best Rate: 0.3
Fault: [0,1,2,0,4,5], logL: -16.530987, Exp of LogL: 0.000000, Normalized LogL: -1.502817, Exp of Normalized LogL: 0.222502, Best Rate: 0.3
Fault: [0,1,2,1,4,5], logL: -17.867608, Exp of LogL: 0.000000, Normalized LogL: -1.624328, Exp of Normalized LogL: 0.197044, Best Rate: 0.3
Fault: [0,1,2,5,4,5], logL: -40.475502, Exp of LogL: 0.000000, Normalized LogL: -3.679591, Exp of Normalized LogL: 0.025233, Best Rate: 0.3
Fault: [0,1,2,4,4,5], logL: -40.475502, Exp of LogL: 0.000000, Normalized LogL: -3.679591, Exp of Normalized LogL: 0.025233, Best Rate: 0.3
Fault: [0,1,2,3,4,5], logL: -41.125881, Exp of LogL: 0.000000, Normalized LogL: -3.738716, Exp of Normalized LogL: 0.023785, Best Rate: 0.3

========= ADAPTIVE MC DEBUG =========
Total calls: 110
Avg tries: 420.91
Confidence stops: 110
Max stops: 0
Max stop rate: 0.000
Real Fault Rank 5
===== SEED 82 | FR=0.3 | VR=60 =====
executing with fault mode: [0,1,2,2,4,5]

Fault scores (higher is better):
Fault: [0,1,2,0,4,5], logL: -18.199655, Exp of LogL: 0.000000, Normalized LogL: -1.137478, Exp of Normalized LogL: 0.320626, Best Rate: 0.3
Fault: [0,1,2,2,2,5], logL: -18.874923, Exp of LogL: 0.000000, Normalized LogL: -1.179683, Exp of Normalized LogL: 0.307376, Best Rate: 0.3
Fault: [0,1,2,2,3,5], logL: -18.928269, Exp of LogL: 0.000000, Normalized LogL: -1.183017, Exp of Normalized LogL: 0.306353, Best Rate: 0.3
Fault: [0,1,2,2,5,5], logL: -18.928269, Exp of LogL: 0.000000, Normalized LogL: -1.183017, Exp of Normalized LogL: 0.306353, Best Rate: 0.3
Fault: [0,1,2,2,1,5], logL: -18.928269, Exp of LogL: 0.000000, Normalized LogL: -1.183017, Exp of Normalized LogL: 0.306353, Best Rate: 0.3
Fault: [0,1,2,2,4,5], logL: -19.153371, Exp of LogL: 0.000000, Normalized LogL: -1.197086, Exp of Normalized LogL: 0.302073, Best Rate: 0.3
Fault: [0,1,2,1,4,5], logL: -21.680968, Exp of LogL: 0.000000, Normalized LogL: -1.355060, Exp of Normalized LogL: 0.257932, Best Rate: 0.3
Fault: [0,1,2,3,4,5], logL: -44.954476, Exp of LogL: 0.000000, Normalized LogL: -2.809655, Exp of Normalized LogL: 0.060226, Best Rate: 0.3
Fault: [0,1,2,5,4,5], logL: -45.236284, Exp of LogL: 0.000000, Normalized LogL: -2.827268, Exp of Normalized LogL: 0.059174, Best Rate: 0.3
Fault: [0,1,2,4,4,5], logL: -45.236284, Exp of LogL: 0.000000, Normalized LogL: -2.827268, Exp of Normalized LogL: 0.059174, Best Rate: 0.3

========= ADAPTIVE MC DEBUG =========
Total calls: 160
Avg tries: 458.75
Confidence stops: 160
Max stops: 0
Max stop rate: 0.000
Real Fault Rank 6
===== SEED 82 | FR=0.3 | VR=80 =====
executing with fault mode: [0,1,2,2,4,5]

Fault scores (higher is better):
Fault: [0,1,2,0,4,5], logL: -19.215298, Exp of LogL: 0.000000, Normalized LogL: -0.915014, Exp of Normalized LogL: 0.400511, Best Rate: 0.3
Fault: [0,1,2,2,2,5], logL: -20.305263, Exp of LogL: 0.000000, Normalized LogL: -0.966917, Exp of Normalized LogL: 0.380253, Best Rate: 0.3
Fault: [0,1,2,2,3,5], logL: -20.358609, Exp of LogL: 0.000000, Normalized LogL: -0.969458, Exp of Normalized LogL: 0.379289, Best Rate: 0.3
Fault: [0,1,2,2,5,5], logL: -20.358609, Exp of LogL: 0.000000, Normalized LogL: -0.969458, Exp of Normalized LogL: 0.379289, Best Rate: 0.3
Fault: [0,1,2,2,1,5], logL: -20.358609, Exp of LogL: 0.000000, Normalized LogL: -0.969458, Exp of Normalized LogL: 0.379289, Best Rate: 0.3
Fault: [0,1,2,2,4,5], logL: -20.583711, Exp of LogL: 0.000000, Normalized LogL: -0.980177, Exp of Normalized LogL: 0.375245, Best Rate: 0.3
Fault: [0,1,2,1,4,5], logL: -23.364893, Exp of LogL: 0.000000, Normalized LogL: -1.112614, Exp of Normalized LogL: 0.328699, Best Rate: 0.3
Fault: [0,1,2,3,4,5], logL: -46.173038, Exp of LogL: 0.000000, Normalized LogL: -2.198716, Exp of Normalized LogL: 0.110946, Best Rate: 0.3
Fault: [0,1,2,5,4,5], logL: -47.140880, Exp of LogL: 0.000000, Normalized LogL: -2.244804, Exp of Normalized LogL: 0.105948, Best Rate: 0.3
Fault: [0,1,2,4,4,5], logL: -47.140880, Exp of LogL: 0.000000, Normalized LogL: -2.244804, Exp of Normalized LogL: 0.105948, Best Rate: 0.3

========= ADAPTIVE MC DEBUG =========
Total calls: 210
Avg tries: 477.62
Confidence stops: 210
Max stops: 0
Max stop rate: 0.000
Real Fault Rank 6
===== SEED 82 | FR=0.3 | VR=100 =====
executing with fault mode: [0,1,2,2,4,5]

Fault scores (higher is better):
Fault: [0,1,2,0,4,5], logL: -20.093162, Exp of LogL: 0.000000, Normalized LogL: -0.744191, Exp of Normalized LogL: 0.475118, Best Rate: 0.3
Fault: [0,1,2,2,4,5], logL: -22.073749, Exp of LogL: 0.000000, Normalized LogL: -0.817546, Exp of Normalized LogL: 0.441514, Best Rate: 0.3
Fault: [0,1,2,2,3,5], logL: -22.388460, Exp of LogL: 0.000000, Normalized LogL: -0.829202, Exp of Normalized LogL: 0.436397, Best Rate: 0.3
Fault: [0,1,2,2,5,5], logL: -22.388460, Exp of LogL: 0.000000, Normalized LogL: -0.829202, Exp of Normalized LogL: 0.436397, Best Rate: 0.3
Fault: [0,1,2,2,2,5], logL: -22.388460, Exp of LogL: 0.000000, Normalized LogL: -0.829202, Exp of Normalized LogL: 0.436397, Best Rate: 0.3
Fault: [0,1,2,2,1,5], logL: -22.388460, Exp of LogL: 0.000000, Normalized LogL: -0.829202, Exp of Normalized LogL: 0.436397, Best Rate: 0.3
Fault: [0,1,2,1,4,5], logL: -24.785751, Exp of LogL: 0.000000, Normalized LogL: -0.917991, Exp of Normalized LogL: 0.399321, Best Rate: 0.3
Fault: [0,1,2,3,4,5], logL: -47.357849, Exp of LogL: 0.000000, Normalized LogL: -1.753994, Exp of Normalized LogL: 0.173081, Best Rate: 0.3
Fault: [0,1,2,5,4,5], logL: -49.529918, Exp of LogL: 0.000000, Normalized LogL: -1.834441, Exp of Normalized LogL: 0.159703, Best Rate: 0.3
Fault: [0,1,2,4,4,5], logL: -49.529918, Exp of LogL: 0.000000, Normalized LogL: -1.834441, Exp of Normalized LogL: 0.159703, Best Rate: 0.3

========= ADAPTIVE MC DEBUG =========
Total calls: 270
Avg tries: 469.81
Confidence stops: 270
Max stops: 0
Max stop rate: 0.000
Real Fault Rank 2
================= 22/08/2026 05:21:16: SEED 82 END =================
================= 22/08/2026 05:21:16: SEED 83 (80/100), a*=0 fault=[2,1,2,3,4,5] START =================
===== SEED 83 | FR=0.3 | VR=20 =====
executing with fault mode: [2,1,2,3,4,5]

Fault scores (higher is better):
Fault: [2,1,2,3,4,5], logL: -11.104872, Exp of LogL: 0.000015, Normalized LogL: -1.850812, Exp of Normalized LogL: 0.157110, Best Rate: 0.3
Fault: [3,1,2,3,4,5], logL: -11.268495, Exp of LogL: 0.000013, Normalized LogL: -1.878082, Exp of Normalized LogL: 0.152883, Best Rate: 0.3
Fault: [4,1,2,3,4,5], logL: -11.293056, Exp of LogL: 0.000012, Normalized LogL: -1.882176, Exp of Normalized LogL: 0.152258, Best Rate: 0.3
Fault: [5,1,2,3,4,5], logL: -11.293056, Exp of LogL: 0.000012, Normalized LogL: -1.882176, Exp of Normalized LogL: 0.152258, Best Rate: 0.3
Fault: [2,1,1,3,4,5], logL: -11.604647, Exp of LogL: 0.000009, Normalized LogL: -1.934108, Exp of Normalized LogL: 0.144553, Best Rate: 0.3
Fault: [2,1,5,3,4,5], logL: -11.643868, Exp of LogL: 0.000009, Normalized LogL: -1.940645, Exp of Normalized LogL: 0.143611, Best Rate: 0.3
Fault: [2,1,0,3,4,5], logL: -11.727250, Exp of LogL: 0.000008, Normalized LogL: -1.954542, Exp of Normalized LogL: 0.141629, Best Rate: 0.3
Fault: [1,1,2,3,4,5], logL: -11.778563, Exp of LogL: 0.000008, Normalized LogL: -1.963094, Exp of Normalized LogL: 0.140423, Best Rate: 0.3
Fault: [2,1,3,3,4,5], logL: -11.806387, Exp of LogL: 0.000007, Normalized LogL: -1.967731, Exp of Normalized LogL: 0.139774, Best Rate: 0.3
Fault: [0,1,2,3,4,5], logL: -12.234018, Exp of LogL: 0.000005, Normalized LogL: -2.039003, Exp of Normalized LogL: 0.130158, Best Rate: 0.3

========= ADAPTIVE MC DEBUG =========
Total calls: 60
Avg tries: 353.33
Confidence stops: 60
Max stops: 0
Max stop rate: 0.000
Real Fault Rank 1
===== SEED 83 | FR=0.3 | VR=40 =====
executing with fault mode: [2,1,2,3,4,5]

Fault scores (higher is better):
Fault: [2,1,2,3,4,5], logL: -17.734838, Exp of LogL: 0.000000, Normalized LogL: -1.612258, Exp of Normalized LogL: 0.199437, Best Rate: 0.3
Fault: [2,1,0,3,4,5], logL: -17.998826, Exp of LogL: 0.000000, Normalized LogL: -1.636257, Exp of Normalized LogL: 0.194707, Best Rate: 0.3
Fault: [2,1,1,3,4,5], logL: -18.067179, Exp of LogL: 0.000000, Normalized LogL: -1.642471, Exp of Normalized LogL: 0.193501, Best Rate: 0.3
Fault: [2,1,5,3,4,5], logL: -18.148230, Exp of LogL: 0.000000, Normalized LogL: -1.649839, Exp of Normalized LogL: 0.192081, Best Rate: 0.3
Fault: [2,1,3,3,4,5], logL: -18.166579, Exp of LogL: 0.000000, Normalized LogL: -1.651507, Exp of Normalized LogL: 0.191761, Best Rate: 0.3
Fault: [4,1,2,3,4,5], logL: -18.323500, Exp of LogL: 0.000000, Normalized LogL: -1.665773, Exp of Normalized LogL: 0.189045, Best Rate: 0.3
Fault: [5,1,2,3,4,5], logL: -18.323500, Exp of LogL: 0.000000, Normalized LogL: -1.665773, Exp of Normalized LogL: 0.189045, Best Rate: 0.3
Fault: [0,1,2,3,4,5], logL: -18.945451, Exp of LogL: 0.000000, Normalized LogL: -1.722314, Exp of Normalized LogL: 0.178652, Best Rate: 0.3
Fault: [3,1,2,3,4,5], logL: -19.817891, Exp of LogL: 0.000000, Normalized LogL: -1.801626, Exp of Normalized LogL: 0.165030, Best Rate: 0.3
Fault: [1,1,2,3,4,5], logL: -20.265321, Exp of LogL: 0.000000, Normalized LogL: -1.842302, Exp of Normalized LogL: 0.158452, Best Rate: 0.3

========= ADAPTIVE MC DEBUG =========
Total calls: 110
Avg tries: 420.91
Confidence stops: 110
Max stops: 0
Max stop rate: 0.000
Real Fault Rank 1
===== SEED 83 | FR=0.3 | VR=60 =====
executing with fault mode: [2,1,2,3,4,5]

Fault scores (higher is better):
Fault: [2,1,2,3,4,5], logL: -18.174743, Exp of LogL: 0.000000, Normalized LogL: -1.135921, Exp of Normalized LogL: 0.321126, Best Rate: 0.3
Fault: [2,1,0,3,4,5], logL: -18.438731, Exp of LogL: 0.000000, Normalized LogL: -1.152421, Exp of Normalized LogL: 0.315871, Best Rate: 0.3
Fault: [2,1,1,3,4,5], logL: -18.507084, Exp of LogL: 0.000000, Normalized LogL: -1.156693, Exp of Normalized LogL: 0.314525, Best Rate: 0.3
Fault: [2,1,5,3,4,5], logL: -18.588135, Exp of LogL: 0.000000, Normalized LogL: -1.161758, Exp of Normalized LogL: 0.312935, Best Rate: 0.3
Fault: [2,1,3,3,4,5], logL: -18.606484, Exp of LogL: 0.000000, Normalized LogL: -1.162905, Exp of Normalized LogL: 0.312577, Best Rate: 0.3
Fault: [4,1,2,3,4,5], logL: -18.865071, Exp of LogL: 0.000000, Normalized LogL: -1.179067, Exp of Normalized LogL: 0.307566, Best Rate: 0.3
Fault: [5,1,2,3,4,5], logL: -18.865071, Exp of LogL: 0.000000, Normalized LogL: -1.179067, Exp of Normalized LogL: 0.307566, Best Rate: 0.3
Fault: [0,1,2,3,4,5], logL: -19.874212, Exp of LogL: 0.000000, Normalized LogL: -1.242138, Exp of Normalized LogL: 0.288766, Best Rate: 0.3
Fault: [3,1,2,3,4,5], logL: -20.359462, Exp of LogL: 0.000000, Normalized LogL: -1.272466, Exp of Normalized LogL: 0.280140, Best Rate: 0.3
Fault: [1,1,2,3,4,5], logL: -20.806891, Exp of LogL: 0.000000, Normalized LogL: -1.300431, Exp of Normalized LogL: 0.272414, Best Rate: 0.3

========= ADAPTIVE MC DEBUG =========
Total calls: 160
Avg tries: 434.06
Confidence stops: 160
Max stops: 0
Max stop rate: 0.000
Real Fault Rank 1
===== SEED 83 | FR=0.3 | VR=80 =====
executing with fault mode: [2,1,2,3,4,5]

Fault scores (higher is better):
Fault: [2,1,2,3,4,5], logL: -21.982236, Exp of LogL: 0.000000, Normalized LogL: -1.046773, Exp of Normalized LogL: 0.351069, Best Rate: 0.3
Fault: [2,1,0,3,4,5], logL: -22.148420, Exp of LogL: 0.000000, Normalized LogL: -1.054687, Exp of Normalized LogL: 0.348302, Best Rate: 0.3
Fault: [2,1,1,3,4,5], logL: -22.171278, Exp of LogL: 0.000000, Normalized LogL: -1.055775, Exp of Normalized LogL: 0.347923, Best Rate: 0.3
Fault: [2,1,5,3,4,5], logL: -22.287617, Exp of LogL: 0.000000, Normalized LogL: -1.061315, Exp of Normalized LogL: 0.346000, Best Rate: 0.3
Fault: [2,1,3,3,4,5], logL: -22.287617, Exp of LogL: 0.000000, Normalized LogL: -1.061315, Exp of Normalized LogL: 0.346000, Best Rate: 0.3
Fault: [4,1,2,3,4,5], logL: -23.092897, Exp of LogL: 0.000000, Normalized LogL: -1.099662, Exp of Normalized LogL: 0.332984, Best Rate: 0.3
Fault: [5,1,2,3,4,5], logL: -23.092897, Exp of LogL: 0.000000, Normalized LogL: -1.099662, Exp of Normalized LogL: 0.332984, Best Rate: 0.3
Fault: [0,1,2,3,4,5], logL: -25.042923, Exp of LogL: 0.000000, Normalized LogL: -1.192520, Exp of Normalized LogL: 0.303456, Best Rate: 0.3
Fault: [1,1,2,3,4,5], logL: -25.947118, Exp of LogL: 0.000000, Normalized LogL: -1.235577, Exp of Normalized LogL: 0.290667, Best Rate: 0.3
Fault: [3,1,2,3,4,5], logL: -26.647369, Exp of LogL: 0.000000, Normalized LogL: -1.268922, Exp of Normalized LogL: 0.281134, Best Rate: 0.3

========= ADAPTIVE MC DEBUG =========
Total calls: 210
Avg tries: 455.00
Confidence stops: 210
Max stops: 0
Max stop rate: 0.000
Real Fault Rank 1
===== SEED 83 | FR=0.3 | VR=100 =====
executing with fault mode: [2,1,2,3,4,5]

Fault scores (higher is better):
Fault: [2,1,2,3,4,5], logL: -22.294694, Exp of LogL: 0.000000, Normalized LogL: -0.857488, Exp of Normalized LogL: 0.424226, Best Rate: 0.3
Fault: [2,1,0,3,4,5], logL: -22.486774, Exp of LogL: 0.000000, Normalized LogL: -0.864876, Exp of Normalized LogL: 0.421104, Best Rate: 0.3
Fault: [2,1,1,3,4,5], logL: -22.537608, Exp of LogL: 0.000000, Normalized LogL: -0.866831, Exp of Normalized LogL: 0.420281, Best Rate: 0.3
Fault: [2,1,5,3,4,5], logL: -22.602429, Exp of LogL: 0.000000, Normalized LogL: -0.869324, Exp of Normalized LogL: 0.419235, Best Rate: 0.3
Fault: [2,1,3,3,4,5], logL: -22.602429, Exp of LogL: 0.000000, Normalized LogL: -0.869324, Exp of Normalized LogL: 0.419235, Best Rate: 0.3
Fault: [4,1,2,3,4,5], logL: -23.832609, Exp of LogL: 0.000000, Normalized LogL: -0.916639, Exp of Normalized LogL: 0.399861, Best Rate: 0.3
Fault: [5,1,2,3,4,5], logL: -23.832609, Exp of LogL: 0.000000, Normalized LogL: -0.916639, Exp of Normalized LogL: 0.399861, Best Rate: 0.3
Fault: [0,1,2,3,4,5], logL: -25.821451, Exp of LogL: 0.000000, Normalized LogL: -0.993133, Exp of Normalized LogL: 0.370414, Best Rate: 0.3
Fault: [1,1,2,3,4,5], logL: -27.123844, Exp of LogL: 0.000000, Normalized LogL: -1.043225, Exp of Normalized LogL: 0.352317, Best Rate: 0.3
Fault: [3,1,2,3,4,5], logL: -28.291530, Exp of LogL: 0.000000, Normalized LogL: -1.088136, Exp of Normalized LogL: 0.336844, Best Rate: 0.3

========= ADAPTIVE MC DEBUG =========
Total calls: 260
Avg tries: 475.77
Confidence stops: 260
Max stops: 0
Max stop rate: 0.000
Real Fault Rank 1
================= 22/08/2026 05:21:56: SEED 83 END =================
================= 22/08/2026 05:21:56: SEED 84 (81/100), a*=3 fault=[0,1,2,4,4,5] START =================
===== SEED 84 | FR=0.3 | VR=20 =====
executing with fault mode: [0,1,2,4,4,5]

Fault scores (higher is better):
Fault: [0,1,2,2,4,5], logL: -13.430173, Exp of LogL: 0.000001, Normalized LogL: -2.238362, Exp of Normalized LogL: 0.106633, Best Rate: 0.3
Fault: [0,1,2,4,3,5], logL: -13.436604, Exp of LogL: 0.000001, Normalized LogL: -2.239434, Exp of Normalized LogL: 0.106519, Best Rate: 0.3
Fault: [0,1,2,4,2,5], logL: -13.436604, Exp of LogL: 0.000001, Normalized LogL: -2.239434, Exp of Normalized LogL: 0.106519, Best Rate: 0.3
Fault: [0,1,2,4,0,5], logL: -13.436604, Exp of LogL: 0.000001, Normalized LogL: -2.239434, Exp of Normalized LogL: 0.106519, Best Rate: 0.3
Fault: [0,1,2,4,1,5], logL: -13.506808, Exp of LogL: 0.000001, Normalized LogL: -2.251135, Exp of Normalized LogL: 0.105280, Best Rate: 0.3
Fault: [0,1,2,5,4,5], logL: -13.622321, Exp of LogL: 0.000001, Normalized LogL: -2.270387, Exp of Normalized LogL: 0.103272, Best Rate: 0.3
Fault: [0,1,2,4,4,5], logL: -13.622321, Exp of LogL: 0.000001, Normalized LogL: -2.270387, Exp of Normalized LogL: 0.103272, Best Rate: 0.3
Fault: [0,1,2,1,4,5], logL: -14.272436, Exp of LogL: 0.000001, Normalized LogL: -2.378739, Exp of Normalized LogL: 0.092667, Best Rate: 0.3
Fault: [0,1,2,3,4,5], logL: -36.171374, Exp of LogL: 0.000000, Normalized LogL: -6.028562, Exp of Normalized LogL: 0.002409, Best Rate: 0.3
Fault: [0,1,2,0,4,5], logL: -36.221653, Exp of LogL: 0.000000, Normalized LogL: -6.036942, Exp of Normalized LogL: 0.002389, Best Rate: 0.3

========= ADAPTIVE MC DEBUG =========
Total calls: 60
Avg tries: 362.50
Confidence stops: 60
Max stops: 0
Max stop rate: 0.000
Real Fault Rank 7
===== SEED 84 | FR=0.3 | VR=40 =====
executing with fault mode: [0,1,2,4,4,5]

Fault scores (higher is better):
Fault: [0,1,2,2,4,5], logL: -16.774235, Exp of LogL: 0.000000, Normalized LogL: -1.524930, Exp of Normalized LogL: 0.217636, Best Rate: 0.3
Fault: [0,1,2,5,4,5], logL: -16.990481, Exp of LogL: 0.000000, Normalized LogL: -1.544589, Exp of Normalized LogL: 0.213400, Best Rate: 0.3
Fault: [0,1,2,4,4,5], logL: -16.990481, Exp of LogL: 0.000000, Normalized LogL: -1.544589, Exp of Normalized LogL: 0.213400, Best Rate: 0.3
Fault: [0,1,2,4,3,5], logL: -17.026199, Exp of LogL: 0.000000, Normalized LogL: -1.547836, Exp of Normalized LogL: 0.212708, Best Rate: 0.3
Fault: [0,1,2,4,2,5], logL: -17.026199, Exp of LogL: 0.000000, Normalized LogL: -1.547836, Exp of Normalized LogL: 0.212708, Best Rate: 0.3
Fault: [0,1,2,4,0,5], logL: -17.026199, Exp of LogL: 0.000000, Normalized LogL: -1.547836, Exp of Normalized LogL: 0.212708, Best Rate: 0.3
Fault: [0,1,2,4,1,5], logL: -17.169300, Exp of LogL: 0.000000, Normalized LogL: -1.560845, Exp of Normalized LogL: 0.209958, Best Rate: 0.3
Fault: [0,1,2,1,4,5], logL: -17.481685, Exp of LogL: 0.000000, Normalized LogL: -1.589244, Exp of Normalized LogL: 0.204080, Best Rate: 0.3
Fault: [0,1,2,3,4,5], logL: -39.302024, Exp of LogL: 0.000000, Normalized LogL: -3.572911, Exp of Normalized LogL: 0.028074, Best Rate: 0.3
Fault: [0,1,2,0,4,5], logL: -39.501975, Exp of LogL: 0.000000, Normalized LogL: -3.591089, Exp of Normalized LogL: 0.027568, Best Rate: 0.3

========= ADAPTIVE MC DEBUG =========
Total calls: 110
Avg tries: 476.82
Confidence stops: 110
Max stops: 0
Max stop rate: 0.000
Real Fault Rank 3
===== SEED 84 | FR=0.3 | VR=60 =====
executing with fault mode: [0,1,2,4,4,5]

Fault scores (higher is better):
Fault: [0,1,2,5,4,5], logL: -22.042635, Exp of LogL: 0.000000, Normalized LogL: -1.296626, Exp of Normalized LogL: 0.273453, Best Rate: 0.3
Fault: [0,1,2,4,4,5], logL: -22.042635, Exp of LogL: 0.000000, Normalized LogL: -1.296626, Exp of Normalized LogL: 0.273453, Best Rate: 0.3
Fault: [0,1,2,4,1,5], logL: -22.411099, Exp of LogL: 0.000000, Normalized LogL: -1.318300, Exp of Normalized LogL: 0.267590, Best Rate: 0.3
Fault: [0,1,2,4,3,5], logL: -22.411099, Exp of LogL: 0.000000, Normalized LogL: -1.318300, Exp of Normalized LogL: 0.267590, Best Rate: 0.3
Fault: [0,1,2,4,2,5], logL: -22.411099, Exp of LogL: 0.000000, Normalized LogL: -1.318300, Exp of Normalized LogL: 0.267590, Best Rate: 0.3
Fault: [0,1,2,4,0,5], logL: -22.411099, Exp of LogL: 0.000000, Normalized LogL: -1.318300, Exp of Normalized LogL: 0.267590, Best Rate: 0.3
Fault: [0,1,2,2,4,5], logL: -76.269728, Exp of LogL: 0.000000, Normalized LogL: -4.486455, Exp of Normalized LogL: 0.011260, Best Rate: 0.3
Fault: [0,1,2,1,4,5], logL: -77.280679, Exp of LogL: 0.000000, Normalized LogL: -4.545922, Exp of Normalized LogL: 0.010610, Best Rate: 0.3
Fault: [0,1,2,0,4,5], logL: -78.227186, Exp of LogL: 0.000000, Normalized LogL: -4.601599, Exp of Normalized LogL: 0.010036, Best Rate: 0.3
Fault: [0,1,2,3,4,5], logL: -101.636139, Exp of LogL: 0.000000, Normalized LogL: -5.978596, Exp of Normalized LogL: 0.002532, Best Rate: 0.3

========= ADAPTIVE MC DEBUG =========
Total calls: 170
Avg tries: 461.76
Confidence stops: 170
Max stops: 0
Max stop rate: 0.000
Real Fault Rank 2
===== SEED 84 | FR=0.3 | VR=80 =====
executing with fault mode: [0,1,2,4,4,5]

Fault scores (higher is better):
Fault: [0,1,2,5,4,5], logL: -25.913124, Exp of LogL: 0.000000, Normalized LogL: -1.177869, Exp of Normalized LogL: 0.307934, Best Rate: 0.3
Fault: [0,1,2,4,4,5], logL: -25.913124, Exp of LogL: 0.000000, Normalized LogL: -1.177869, Exp of Normalized LogL: 0.307934, Best Rate: 0.3
Fault: [0,1,2,4,1,5], logL: -26.272232, Exp of LogL: 0.000000, Normalized LogL: -1.194192, Exp of Normalized LogL: 0.302949, Best Rate: 0.3
Fault: [0,1,2,4,3,5], logL: -26.272232, Exp of LogL: 0.000000, Normalized LogL: -1.194192, Exp of Normalized LogL: 0.302949, Best Rate: 0.3
Fault: [0,1,2,4,2,5], logL: -26.272232, Exp of LogL: 0.000000, Normalized LogL: -1.194192, Exp of Normalized LogL: 0.302949, Best Rate: 0.3
Fault: [0,1,2,4,0,5], logL: -26.272232, Exp of LogL: 0.000000, Normalized LogL: -1.194192, Exp of Normalized LogL: 0.302949, Best Rate: 0.3
Fault: [0,1,2,2,4,5], logL: -104.879958, Exp of LogL: 0.000000, Normalized LogL: -4.767271, Exp of Normalized LogL: 0.008504, Best Rate: 0.3
Fault: [0,1,2,1,4,5], logL: -105.812148, Exp of LogL: 0.000000, Normalized LogL: -4.809643, Exp of Normalized LogL: 0.008151, Best Rate: 0.3
Fault: [0,1,2,0,4,5], logL: -106.980354, Exp of LogL: 0.000000, Normalized LogL: -4.862743, Exp of Normalized LogL: 0.007729, Best Rate: 0.3
Fault: [0,1,2,3,4,5], logL: -129.893116, Exp of LogL: 0.000000, Normalized LogL: -5.904233, Exp of Normalized LogL: 0.002728, Best Rate: 0.3

========= ADAPTIVE MC DEBUG =========
Total calls: 220
Avg tries: 450.91
Confidence stops: 220
Max stops: 0
Max stop rate: 0.000
Real Fault Rank 2
===== SEED 84 | FR=0.3 | VR=100 =====
executing with fault mode: [0,1,2,4,4,5]

Fault scores (higher is better):
Fault: [0,1,2,5,4,5], logL: -27.448867, Exp of LogL: 0.000000, Normalized LogL: -0.980317, Exp of Normalized LogL: 0.375192, Best Rate: 0.3
Fault: [0,1,2,4,4,5], logL: -27.448867, Exp of LogL: 0.000000, Normalized LogL: -0.980317, Exp of Normalized LogL: 0.375192, Best Rate: 0.3
Fault: [0,1,2,4,1,5], logL: -27.749973, Exp of LogL: 0.000000, Normalized LogL: -0.991070, Exp of Normalized LogL: 0.371179, Best Rate: 0.3
Fault: [0,1,2,4,3,5], logL: -27.749973, Exp of LogL: 0.000000, Normalized LogL: -0.991070, Exp of Normalized LogL: 0.371179, Best Rate: 0.3
Fault: [0,1,2,4,2,5], logL: -27.749973, Exp of LogL: 0.000000, Normalized LogL: -0.991070, Exp of Normalized LogL: 0.371179, Best Rate: 0.3
Fault: [0,1,2,4,0,5], logL: -27.749973, Exp of LogL: 0.000000, Normalized LogL: -0.991070, Exp of Normalized LogL: 0.371179, Best Rate: 0.3
Fault: [0,1,2,2,4,5], logL: -159.167434, Exp of LogL: 0.000000, Normalized LogL: -5.684551, Exp of Normalized LogL: 0.003398, Best Rate: 0.3
Fault: [0,1,2,1,4,5], logL: -160.136139, Exp of LogL: 0.000000, Normalized LogL: -5.719148, Exp of Normalized LogL: 0.003283, Best Rate: 0.3
Fault: [0,1,2,0,4,5], logL: -161.268102, Exp of LogL: 0.000000, Normalized LogL: -5.759575, Exp of Normalized LogL: 0.003152, Best Rate: 0.3
Fault: [0,1,2,3,4,5], logL: -184.087206, Exp of LogL: 0.000000, Normalized LogL: -6.574543, Exp of Normalized LogL: 0.001395, Best Rate: 0.3

========= ADAPTIVE MC DEBUG =========
Total calls: 280
Avg tries: 453.75
Confidence stops: 280
Max stops: 0
Max stop rate: 0.000
Real Fault Rank 2
================= 22/08/2026 05:22:40: SEED 84 END =================
================= 22/08/2026 05:22:40: SEED 85 (82/100), a*=3 fault=[0,1,2,5,4,5] START =================
===== SEED 85 | FR=0.3 | VR=20 =====
executing with fault mode: [0,1,2,5,4,5]

Fault scores (higher is better):
Fault: [0,1,2,5,1,5], logL: -9.555586, Exp of LogL: 0.000071, Normalized LogL: -1.911117, Exp of Normalized LogL: 0.147915, Best Rate: 0.3
Fault: [0,1,2,5,2,5], logL: -9.629694, Exp of LogL: 0.000066, Normalized LogL: -1.925939, Exp of Normalized LogL: 0.145739, Best Rate: 0.3
Fault: [0,1,2,5,0,5], logL: -9.629694, Exp of LogL: 0.000066, Normalized LogL: -1.925939, Exp of Normalized LogL: 0.145739, Best Rate: 0.3
Fault: [0,1,2,5,5,5], logL: -9.629694, Exp of LogL: 0.000066, Normalized LogL: -1.925939, Exp of Normalized LogL: 0.145739, Best Rate: 0.3
Fault: [0,1,2,5,4,5], logL: -9.774276, Exp of LogL: 0.000057, Normalized LogL: -1.954855, Exp of Normalized LogL: 0.141585, Best Rate: 0.3
Fault: [0,1,2,4,4,5], logL: -9.774276, Exp of LogL: 0.000057, Normalized LogL: -1.954855, Exp of Normalized LogL: 0.141585, Best Rate: 0.3
Fault: [0,1,2,2,4,5], logL: -11.303678, Exp of LogL: 0.000012, Normalized LogL: -2.260736, Exp of Normalized LogL: 0.104274, Best Rate: 0.3
Fault: [0,1,2,1,4,5], logL: -11.369727, Exp of LogL: 0.000012, Normalized LogL: -2.273945, Exp of Normalized LogL: 0.102905, Best Rate: 0.3
Fault: [0,1,2,0,4,5], logL: -11.450001, Exp of LogL: 0.000011, Normalized LogL: -2.290000, Exp of Normalized LogL: 0.101266, Best Rate: 0.3
Fault: [0,1,2,3,4,5], logL: -11.690695, Exp of LogL: 0.000008, Normalized LogL: -2.338139, Exp of Normalized LogL: 0.096507, Best Rate: 0.3

========= ADAPTIVE MC DEBUG =========
Total calls: 50
Avg tries: 312.00
Confidence stops: 50
Max stops: 0
Max stop rate: 0.000
Real Fault Rank 5
===== SEED 85 | FR=0.3 | VR=40 =====
executing with fault mode: [0,1,2,5,4,5]

Fault scores (higher is better):
Fault: [0,1,2,5,2,5], logL: -13.719906, Exp of LogL: 0.000001, Normalized LogL: -1.524434, Exp of Normalized LogL: 0.217744, Best Rate: 0.3
Fault: [0,1,2,5,1,5], logL: -13.777065, Exp of LogL: 0.000001, Normalized LogL: -1.530785, Exp of Normalized LogL: 0.216366, Best Rate: 0.3
Fault: [0,1,2,0,4,5], logL: -13.782721, Exp of LogL: 0.000001, Normalized LogL: -1.531413, Exp of Normalized LogL: 0.216230, Best Rate: 0.3
Fault: [0,1,2,5,0,5], logL: -14.045329, Exp of LogL: 0.000001, Normalized LogL: -1.560592, Exp of Normalized LogL: 0.210012, Best Rate: 0.3
Fault: [0,1,2,5,5,5], logL: -14.045329, Exp of LogL: 0.000001, Normalized LogL: -1.560592, Exp of Normalized LogL: 0.210012, Best Rate: 0.3
Fault: [0,1,2,2,4,5], logL: -14.181654, Exp of LogL: 0.000001, Normalized LogL: -1.575739, Exp of Normalized LogL: 0.206855, Best Rate: 0.3
Fault: [0,1,2,5,4,5], logL: -14.307693, Exp of LogL: 0.000001, Normalized LogL: -1.589744, Exp of Normalized LogL: 0.203978, Best Rate: 0.3
Fault: [0,1,2,4,4,5], logL: -14.307693, Exp of LogL: 0.000001, Normalized LogL: -1.589744, Exp of Normalized LogL: 0.203978, Best Rate: 0.3
Fault: [0,1,2,3,4,5], logL: -14.866367, Exp of LogL: 0.000000, Normalized LogL: -1.651819, Exp of Normalized LogL: 0.191701, Best Rate: 0.3
Fault: [0,1,2,1,4,5], logL: -15.027771, Exp of LogL: 0.000000, Normalized LogL: -1.669752, Exp of Normalized LogL: 0.188294, Best Rate: 0.3

========= ADAPTIVE MC DEBUG =========
Total calls: 90
Avg tries: 421.67
Confidence stops: 90
Max stops: 0
Max stop rate: 0.000
Real Fault Rank 7
===== SEED 85 | FR=0.3 | VR=60 =====
executing with fault mode: [0,1,2,5,4,5]

Fault scores (higher is better):
Fault: [0,1,2,5,4,5], logL: -16.087028, Exp of LogL: 0.000000, Normalized LogL: -1.237464, Exp of Normalized LogL: 0.290119, Best Rate: 0.3
Fault: [0,1,2,4,4,5], logL: -16.087028, Exp of LogL: 0.000000, Normalized LogL: -1.237464, Exp of Normalized LogL: 0.290119, Best Rate: 0.3
Fault: [0,1,2,0,4,5], logL: -16.221126, Exp of LogL: 0.000000, Normalized LogL: -1.247779, Exp of Normalized LogL: 0.287142, Best Rate: 0.3
Fault: [0,1,2,2,4,5], logL: -16.262479, Exp of LogL: 0.000000, Normalized LogL: -1.250960, Exp of Normalized LogL: 0.286230, Best Rate: 0.3
Fault: [0,1,2,5,1,5], logL: -16.407233, Exp of LogL: 0.000000, Normalized LogL: -1.262095, Exp of Normalized LogL: 0.283060, Best Rate: 0.3
Fault: [0,1,2,5,2,5], logL: -16.407233, Exp of LogL: 0.000000, Normalized LogL: -1.262095, Exp of Normalized LogL: 0.283060, Best Rate: 0.3
Fault: [0,1,2,5,0,5], logL: -16.407233, Exp of LogL: 0.000000, Normalized LogL: -1.262095, Exp of Normalized LogL: 0.283060, Best Rate: 0.3
Fault: [0,1,2,5,5,5], logL: -16.407233, Exp of LogL: 0.000000, Normalized LogL: -1.262095, Exp of Normalized LogL: 0.283060, Best Rate: 0.3
Fault: [0,1,2,3,4,5], logL: -16.757755, Exp of LogL: 0.000000, Normalized LogL: -1.289058, Exp of Normalized LogL: 0.275530, Best Rate: 0.3
Fault: [0,1,2,1,4,5], logL: -17.390819, Exp of LogL: 0.000000, Normalized LogL: -1.337755, Exp of Normalized LogL: 0.262434, Best Rate: 0.3

========= ADAPTIVE MC DEBUG =========
Total calls: 130
Avg tries: 423.08
Confidence stops: 130
Max stops: 0
Max stop rate: 0.000
Real Fault Rank 1
===== SEED 85 | FR=0.3 | VR=80 =====
executing with fault mode: [0,1,2,5,4,5]

Fault scores (higher is better):
Fault: [0,1,2,3,4,5], logL: -17.724285, Exp of LogL: 0.000000, Normalized LogL: -1.042605, Exp of Normalized LogL: 0.352535, Best Rate: 0.3
Fault: [0,1,2,0,4,5], logL: -17.947469, Exp of LogL: 0.000000, Normalized LogL: -1.055733, Exp of Normalized LogL: 0.347937, Best Rate: 0.3
Fault: [0,1,2,2,4,5], logL: -17.952784, Exp of LogL: 0.000000, Normalized LogL: -1.056046, Exp of Normalized LogL: 0.347828, Best Rate: 0.3
Fault: [0,1,2,5,4,5], logL: -18.401267, Exp of LogL: 0.000000, Normalized LogL: -1.082427, Exp of Normalized LogL: 0.338772, Best Rate: 0.3
Fault: [0,1,2,4,4,5], logL: -18.401267, Exp of LogL: 0.000000, Normalized LogL: -1.082427, Exp of Normalized LogL: 0.338772, Best Rate: 0.3
Fault: [0,1,2,5,1,5], logL: -18.721472, Exp of LogL: 0.000000, Normalized LogL: -1.101263, Exp of Normalized LogL: 0.332451, Best Rate: 0.3
Fault: [0,1,2,5,2,5], logL: -18.721472, Exp of LogL: 0.000000, Normalized LogL: -1.101263, Exp of Normalized LogL: 0.332451, Best Rate: 0.3
Fault: [0,1,2,5,0,5], logL: -18.721472, Exp of LogL: 0.000000, Normalized LogL: -1.101263, Exp of Normalized LogL: 0.332451, Best Rate: 0.3
Fault: [0,1,2,5,5,5], logL: -18.721472, Exp of LogL: 0.000000, Normalized LogL: -1.101263, Exp of Normalized LogL: 0.332451, Best Rate: 0.3
Fault: [0,1,2,1,4,5], logL: -18.984511, Exp of LogL: 0.000000, Normalized LogL: -1.116736, Exp of Normalized LogL: 0.327347, Best Rate: 0.3

========= ADAPTIVE MC DEBUG =========
Total calls: 170
Avg tries: 465.29
Confidence stops: 170
Max stops: 0
Max stop rate: 0.000
Real Fault Rank 4
===== SEED 85 | FR=0.3 | VR=100 =====
executing with fault mode: [0,1,2,5,4,5]

Fault scores (higher is better):
Fault: [0,1,2,3,4,5], logL: -20.906862, Exp of LogL: 0.000000, Normalized LogL: -0.950312, Exp of Normalized LogL: 0.386620, Best Rate: 0.3
Fault: [0,1,2,0,4,5], logL: -21.151116, Exp of LogL: 0.000000, Normalized LogL: -0.961414, Exp of Normalized LogL: 0.382352, Best Rate: 0.3
Fault: [0,1,2,2,4,5], logL: -22.392058, Exp of LogL: 0.000000, Normalized LogL: -1.017821, Exp of Normalized LogL: 0.361382, Best Rate: 0.3
Fault: [0,1,2,1,4,5], logL: -22.414092, Exp of LogL: 0.000000, Normalized LogL: -1.018822, Exp of Normalized LogL: 0.361020, Best Rate: 0.3
Fault: [0,1,2,5,4,5], logL: -22.840540, Exp of LogL: 0.000000, Normalized LogL: -1.038206, Exp of Normalized LogL: 0.354089, Best Rate: 0.3
Fault: [0,1,2,4,4,5], logL: -22.840540, Exp of LogL: 0.000000, Normalized LogL: -1.038206, Exp of Normalized LogL: 0.354089, Best Rate: 0.3
Fault: [0,1,2,5,1,5], logL: -23.160746, Exp of LogL: 0.000000, Normalized LogL: -1.052761, Exp of Normalized LogL: 0.348973, Best Rate: 0.3
Fault: [0,1,2,5,2,5], logL: -23.160746, Exp of LogL: 0.000000, Normalized LogL: -1.052761, Exp of Normalized LogL: 0.348973, Best Rate: 0.3
Fault: [0,1,2,5,0,5], logL: -23.160746, Exp of LogL: 0.000000, Normalized LogL: -1.052761, Exp of Normalized LogL: 0.348973, Best Rate: 0.3
Fault: [0,1,2,5,5,5], logL: -23.160746, Exp of LogL: 0.000000, Normalized LogL: -1.052761, Exp of Normalized LogL: 0.348973, Best Rate: 0.3

========= ADAPTIVE MC DEBUG =========
Total calls: 220
Avg tries: 468.18
Confidence stops: 220
Max stops: 0
Max stop rate: 0.000
Real Fault Rank 5
================= 22/08/2026 05:23:13: SEED 85 END =================
================= 22/08/2026 05:23:13: SEED 86 (83/100), a*=0 fault=[3,1,2,3,4,5] START =================
===== SEED 86 | FR=0.3 | VR=20 =====
executing with fault mode: [3,1,2,3,4,5]

Fault scores (higher is better):
Fault: [2,1,2,3,4,5], logL: -8.361333, Exp of LogL: 0.000234, Normalized LogL: -2.090333, Exp of Normalized LogL: 0.123646, Best Rate: 0.3
Fault: [0,1,2,3,4,5], logL: -8.387952, Exp of LogL: 0.000228, Normalized LogL: -2.096988, Exp of Normalized LogL: 0.122826, Best Rate: 0.3
Fault: [4,1,2,3,4,5], logL: -8.488672, Exp of LogL: 0.000206, Normalized LogL: -2.122168, Exp of Normalized LogL: 0.119772, Best Rate: 0.3
Fault: [1,1,2,3,4,5], logL: -8.488672, Exp of LogL: 0.000206, Normalized LogL: -2.122168, Exp of Normalized LogL: 0.119772, Best Rate: 0.3
Fault: [3,1,2,3,4,5], logL: -8.606455, Exp of LogL: 0.000183, Normalized LogL: -2.151614, Exp of Normalized LogL: 0.116296, Best Rate: 0.3
Fault: [5,1,2,3,4,5], logL: -8.670994, Exp of LogL: 0.000171, Normalized LogL: -2.167748, Exp of Normalized LogL: 0.114435, Best Rate: 0.3
Fault: [3,1,2,3,0,5], logL: -8.739987, Exp of LogL: 0.000160, Normalized LogL: -2.184997, Exp of Normalized LogL: 0.112478, Best Rate: 0.3
Fault: [3,1,2,3,1,5], logL: -8.814095, Exp of LogL: 0.000149, Normalized LogL: -2.203524, Exp of Normalized LogL: 0.110413, Best Rate: 0.3
Fault: [3,1,2,3,2,5], logL: -8.814095, Exp of LogL: 0.000149, Normalized LogL: -2.203524, Exp of Normalized LogL: 0.110413, Best Rate: 0.3
Fault: [3,1,2,3,3,5], logL: -8.894137, Exp of LogL: 0.000137, Normalized LogL: -2.223534, Exp of Normalized LogL: 0.108226, Best Rate: 0.3

========= ADAPTIVE MC DEBUG =========
Total calls: 40
Avg tries: 278.75
Confidence stops: 40
Max stops: 0
Max stop rate: 0.000
Real Fault Rank 5
===== SEED 86 | FR=0.3 | VR=40 =====
executing with fault mode: [3,1,2,3,4,5]

Fault scores (higher is better):
Fault: [3,1,2,3,0,5], logL: -12.104297, Exp of LogL: 0.000006, Normalized LogL: -1.513037, Exp of Normalized LogL: 0.220240, Best Rate: 0.3
Fault: [0,1,2,3,4,5], logL: -12.368273, Exp of LogL: 0.000004, Normalized LogL: -1.546034, Exp of Normalized LogL: 0.213091, Best Rate: 0.3
Fault: [3,1,2,3,3,5], logL: -12.415017, Exp of LogL: 0.000004, Normalized LogL: -1.551877, Exp of Normalized LogL: 0.211850, Best Rate: 0.3
Fault: [3,1,2,3,1,5], logL: -12.547642, Exp of LogL: 0.000004, Normalized LogL: -1.568455, Exp of Normalized LogL: 0.208367, Best Rate: 0.3
Fault: [3,1,2,3,2,5], logL: -12.547642, Exp of LogL: 0.000004, Normalized LogL: -1.568455, Exp of Normalized LogL: 0.208367, Best Rate: 0.3
Fault: [3,1,2,3,4,5], logL: -12.677695, Exp of LogL: 0.000003, Normalized LogL: -1.584712, Exp of Normalized LogL: 0.205007, Best Rate: 0.3
Fault: [2,1,2,3,4,5], logL: -13.345524, Exp of LogL: 0.000002, Normalized LogL: -1.668191, Exp of Normalized LogL: 0.188588, Best Rate: 0.3
Fault: [4,1,2,3,4,5], logL: -13.488625, Exp of LogL: 0.000001, Normalized LogL: -1.686078, Exp of Normalized LogL: 0.185245, Best Rate: 0.3
Fault: [1,1,2,3,4,5], logL: -13.488625, Exp of LogL: 0.000001, Normalized LogL: -1.686078, Exp of Normalized LogL: 0.185245, Best Rate: 0.3
Fault: [5,1,2,3,4,5], logL: -13.622157, Exp of LogL: 0.000001, Normalized LogL: -1.702770, Exp of Normalized LogL: 0.182178, Best Rate: 0.3

========= ADAPTIVE MC DEBUG =========
Total calls: 80
Avg tries: 368.75
Confidence stops: 80
Max stops: 0
Max stop rate: 0.000
Real Fault Rank 6
===== SEED 86 | FR=0.3 | VR=60 =====
executing with fault mode: [3,1,2,3,4,5]

Fault scores (higher is better):
Fault: [3,1,2,3,0,5], logL: -11.975809, Exp of LogL: 0.000006, Normalized LogL: -1.088710, Exp of Normalized LogL: 0.336651, Best Rate: 0.3
Fault: [3,1,2,3,3,5], logL: -12.286528, Exp of LogL: 0.000005, Normalized LogL: -1.116957, Exp of Normalized LogL: 0.327274, Best Rate: 0.3
Fault: [3,1,2,3,1,5], logL: -12.419153, Exp of LogL: 0.000004, Normalized LogL: -1.129014, Exp of Normalized LogL: 0.323352, Best Rate: 0.3
Fault: [3,1,2,3,2,5], logL: -12.419153, Exp of LogL: 0.000004, Normalized LogL: -1.129014, Exp of Normalized LogL: 0.323352, Best Rate: 0.3
Fault: [3,1,2,3,4,5], logL: -12.549206, Exp of LogL: 0.000004, Normalized LogL: -1.140837, Exp of Normalized LogL: 0.319551, Best Rate: 0.3
Fault: [0,1,2,3,4,5], logL: -12.641050, Exp of LogL: 0.000003, Normalized LogL: -1.149186, Exp of Normalized LogL: 0.316894, Best Rate: 0.3
Fault: [2,1,2,3,4,5], logL: -13.273125, Exp of LogL: 0.000002, Normalized LogL: -1.206648, Exp of Normalized LogL: 0.299199, Best Rate: 0.3
Fault: [4,1,2,3,4,5], logL: -13.360137, Exp of LogL: 0.000002, Normalized LogL: -1.214558, Exp of Normalized LogL: 0.296841, Best Rate: 0.3
Fault: [1,1,2,3,4,5], logL: -13.360137, Exp of LogL: 0.000002, Normalized LogL: -1.214558, Exp of Normalized LogL: 0.296841, Best Rate: 0.3
Fault: [5,1,2,3,4,5], logL: -13.493668, Exp of LogL: 0.000001, Normalized LogL: -1.226697, Exp of Normalized LogL: 0.293260, Best Rate: 0.3

========= ADAPTIVE MC DEBUG =========
Total calls: 110
Avg tries: 454.09
Confidence stops: 110
Max stops: 0
Max stop rate: 0.000
Real Fault Rank 5
===== SEED 86 | FR=0.3 | VR=80 =====
executing with fault mode: [3,1,2,3,4,5]

Fault scores (higher is better):
Fault: [3,1,2,3,4,5], logL: -13.811904, Exp of LogL: 0.000001, Normalized LogL: -0.920794, Exp of Normalized LogL: 0.398203, Best Rate: 0.3
Fault: [3,1,2,3,1,5], logL: -14.140408, Exp of LogL: 0.000001, Normalized LogL: -0.942694, Exp of Normalized LogL: 0.389577, Best Rate: 0.3
Fault: [3,1,2,3,2,5], logL: -14.140408, Exp of LogL: 0.000001, Normalized LogL: -0.942694, Exp of Normalized LogL: 0.389577, Best Rate: 0.3
Fault: [3,1,2,3,0,5], logL: -14.140408, Exp of LogL: 0.000001, Normalized LogL: -0.942694, Exp of Normalized LogL: 0.389577, Best Rate: 0.3
Fault: [3,1,2,3,3,5], logL: -14.140408, Exp of LogL: 0.000001, Normalized LogL: -0.942694, Exp of Normalized LogL: 0.389577, Best Rate: 0.3
Fault: [0,1,2,3,4,5], logL: -14.363280, Exp of LogL: 0.000001, Normalized LogL: -0.957552, Exp of Normalized LogL: 0.383831, Best Rate: 0.3
Fault: [2,1,2,3,4,5], logL: -14.366747, Exp of LogL: 0.000001, Normalized LogL: -0.957783, Exp of Normalized LogL: 0.383743, Best Rate: 0.3
Fault: [4,1,2,3,4,5], logL: -14.453758, Exp of LogL: 0.000001, Normalized LogL: -0.963584, Exp of Normalized LogL: 0.381523, Best Rate: 0.3
Fault: [1,1,2,3,4,5], logL: -14.453758, Exp of LogL: 0.000001, Normalized LogL: -0.963584, Exp of Normalized LogL: 0.381523, Best Rate: 0.3
Fault: [5,1,2,3,4,5], logL: -15.657731, Exp of LogL: 0.000000, Normalized LogL: -1.043849, Exp of Normalized LogL: 0.352097, Best Rate: 0.3

========= ADAPTIVE MC DEBUG =========
Total calls: 150
Avg tries: 465.00
Confidence stops: 150
Max stops: 0
Max stop rate: 0.000
Real Fault Rank 1
===== SEED 86 | FR=0.3 | VR=100 =====
executing with fault mode: [3,1,2,3,4,5]

Fault scores (higher is better):
Fault: [3,1,2,3,4,5], logL: -15.711815, Exp of LogL: 0.000000, Normalized LogL: -0.826938, Exp of Normalized LogL: 0.437387, Best Rate: 0.3
Fault: [0,1,2,3,4,5], logL: -15.857794, Exp of LogL: 0.000000, Normalized LogL: -0.834621, Exp of Normalized LogL: 0.434039, Best Rate: 0.3
Fault: [3,1,2,3,1,5], logL: -16.040319, Exp of LogL: 0.000000, Normalized LogL: -0.844227, Exp of Normalized LogL: 0.429889, Best Rate: 0.3
Fault: [3,1,2,3,2,5], logL: -16.040319, Exp of LogL: 0.000000, Normalized LogL: -0.844227, Exp of Normalized LogL: 0.429889, Best Rate: 0.3
Fault: [3,1,2,3,0,5], logL: -16.040319, Exp of LogL: 0.000000, Normalized LogL: -0.844227, Exp of Normalized LogL: 0.429889, Best Rate: 0.3
Fault: [3,1,2,3,3,5], logL: -16.040319, Exp of LogL: 0.000000, Normalized LogL: -0.844227, Exp of Normalized LogL: 0.429889, Best Rate: 0.3
Fault: [2,1,2,3,4,5], logL: -16.694121, Exp of LogL: 0.000000, Normalized LogL: -0.878638, Exp of Normalized LogL: 0.415348, Best Rate: 0.3
Fault: [4,1,2,3,4,5], logL: -16.824221, Exp of LogL: 0.000000, Normalized LogL: -0.885485, Exp of Normalized LogL: 0.412514, Best Rate: 0.3
Fault: [5,1,2,3,4,5], logL: -16.824221, Exp of LogL: 0.000000, Normalized LogL: -0.885485, Exp of Normalized LogL: 0.412514, Best Rate: 0.3
Fault: [1,1,2,3,4,5], logL: -16.824221, Exp of LogL: 0.000000, Normalized LogL: -0.885485, Exp of Normalized LogL: 0.412514, Best Rate: 0.3

========= ADAPTIVE MC DEBUG =========
Total calls: 190
Avg tries: 468.68
Confidence stops: 190
Max stops: 0
Max stop rate: 0.000
Real Fault Rank 1
================= 22/08/2026 05:23:41: SEED 86 END =================
================= 22/08/2026 05:23:41: SEED 87 (84/100), a*=3 fault=[0,1,2,1,4,5] START =================
===== SEED 87 | FR=0.3 | VR=20 =====
executing with fault mode: [0,1,2,1,4,5]

Fault scores (higher is better):
Fault: [4,1,2,1,4,5], logL: -7.277868, Exp of LogL: 0.000691, Normalized LogL: -1.455574, Exp of Normalized LogL: 0.233267, Best Rate: 0.3
Fault: [3,1,2,1,4,5], logL: -7.277868, Exp of LogL: 0.000691, Normalized LogL: -1.455574, Exp of Normalized LogL: 0.233267, Best Rate: 0.3
Fault: [5,1,2,1,4,5], logL: -7.277868, Exp of LogL: 0.000691, Normalized LogL: -1.455574, Exp of Normalized LogL: 0.233267, Best Rate: 0.3
Fault: [0,1,2,1,4,5], logL: -7.570005, Exp of LogL: 0.000516, Normalized LogL: -1.514001, Exp of Normalized LogL: 0.220028, Best Rate: 0.3
Fault: [0,1,2,2,4,5], logL: -8.098849, Exp of LogL: 0.000304, Normalized LogL: -1.619770, Exp of Normalized LogL: 0.197944, Best Rate: 0.3
Fault: [0,1,2,3,4,5], logL: -8.429253, Exp of LogL: 0.000218, Normalized LogL: -1.685851, Exp of Normalized LogL: 0.185287, Best Rate: 0.3
Fault: [0,1,2,0,4,5], logL: -8.470791, Exp of LogL: 0.000209, Normalized LogL: -1.694158, Exp of Normalized LogL: 0.183754, Best Rate: 0.3
Fault: [1,1,2,1,4,5], logL: -8.599624, Exp of LogL: 0.000184, Normalized LogL: -1.719925, Exp of Normalized LogL: 0.179080, Best Rate: 0.3
Fault: [0,1,2,5,4,5], logL: -9.292771, Exp of LogL: 0.000092, Normalized LogL: -1.858554, Exp of Normalized LogL: 0.155898, Best Rate: 0.3
Fault: [0,1,2,4,4,5], logL: -9.292771, Exp of LogL: 0.000092, Normalized LogL: -1.858554, Exp of Normalized LogL: 0.155898, Best Rate: 0.3

========= ADAPTIVE MC DEBUG =========
Total calls: 50
Avg tries: 426.00
Confidence stops: 50
Max stops: 0
Max stop rate: 0.000
Real Fault Rank 4
===== SEED 87 | FR=0.3 | VR=40 =====
executing with fault mode: [0,1,2,1,4,5]

Fault scores (higher is better):
Fault: [4,1,2,1,4,5], logL: -14.347843, Exp of LogL: 0.000001, Normalized LogL: -1.434784, Exp of Normalized LogL: 0.238167, Best Rate: 0.3
Fault: [3,1,2,1,4,5], logL: -14.347843, Exp of LogL: 0.000001, Normalized LogL: -1.434784, Exp of Normalized LogL: 0.238167, Best Rate: 0.3
Fault: [5,1,2,1,4,5], logL: -14.347843, Exp of LogL: 0.000001, Normalized LogL: -1.434784, Exp of Normalized LogL: 0.238167, Best Rate: 0.3
Fault: [0,1,2,3,4,5], logL: -14.523638, Exp of LogL: 0.000000, Normalized LogL: -1.452364, Exp of Normalized LogL: 0.234016, Best Rate: 0.3
Fault: [0,1,2,1,4,5], logL: -14.732235, Exp of LogL: 0.000000, Normalized LogL: -1.473223, Exp of Normalized LogL: 0.229186, Best Rate: 0.3
Fault: [0,1,2,5,4,5], logL: -14.746154, Exp of LogL: 0.000000, Normalized LogL: -1.474615, Exp of Normalized LogL: 0.228867, Best Rate: 0.3
Fault: [0,1,2,4,4,5], logL: -14.746154, Exp of LogL: 0.000000, Normalized LogL: -1.474615, Exp of Normalized LogL: 0.228867, Best Rate: 0.3
Fault: [0,1,2,2,4,5], logL: -15.386488, Exp of LogL: 0.000000, Normalized LogL: -1.538649, Exp of Normalized LogL: 0.214671, Best Rate: 0.3
Fault: [0,1,2,0,4,5], logL: -15.607702, Exp of LogL: 0.000000, Normalized LogL: -1.560770, Exp of Normalized LogL: 0.209974, Best Rate: 0.3
Fault: [1,1,2,1,4,5], logL: -15.955587, Exp of LogL: 0.000000, Normalized LogL: -1.595559, Exp of Normalized LogL: 0.202795, Best Rate: 0.3

========= ADAPTIVE MC DEBUG =========
Total calls: 100
Avg tries: 455.00
Confidence stops: 100
Max stops: 0
Max stop rate: 0.000
Real Fault Rank 5
===== SEED 87 | FR=0.3 | VR=60 =====
executing with fault mode: [0,1,2,1,4,5]

Fault scores (higher is better):
Fault: [4,1,2,1,4,5], logL: -16.587940, Exp of LogL: 0.000000, Normalized LogL: -1.184853, Exp of Normalized LogL: 0.305791, Best Rate: 0.3
Fault: [3,1,2,1,4,5], logL: -16.587940, Exp of LogL: 0.000000, Normalized LogL: -1.184853, Exp of Normalized LogL: 0.305791, Best Rate: 0.3
Fault: [5,1,2,1,4,5], logL: -16.587940, Exp of LogL: 0.000000, Normalized LogL: -1.184853, Exp of Normalized LogL: 0.305791, Best Rate: 0.3
Fault: [0,1,2,3,4,5], logL: -17.021684, Exp of LogL: 0.000000, Normalized LogL: -1.215835, Exp of Normalized LogL: 0.296462, Best Rate: 0.3
Fault: [0,1,2,1,4,5], logL: -17.141701, Exp of LogL: 0.000000, Normalized LogL: -1.224407, Exp of Normalized LogL: 0.293932, Best Rate: 0.3
Fault: [0,1,2,0,4,5], logL: -17.394732, Exp of LogL: 0.000000, Normalized LogL: -1.242481, Exp of Normalized LogL: 0.288667, Best Rate: 0.3
Fault: [0,1,2,5,4,5], logL: -17.975702, Exp of LogL: 0.000000, Normalized LogL: -1.283979, Exp of Normalized LogL: 0.276933, Best Rate: 0.3
Fault: [0,1,2,4,4,5], logL: -17.975702, Exp of LogL: 0.000000, Normalized LogL: -1.283979, Exp of Normalized LogL: 0.276933, Best Rate: 0.3
Fault: [0,1,2,2,4,5], logL: -18.098615, Exp of LogL: 0.000000, Normalized LogL: -1.292758, Exp of Normalized LogL: 0.274513, Best Rate: 0.3
Fault: [1,1,2,1,4,5], logL: -18.119265, Exp of LogL: 0.000000, Normalized LogL: -1.294233, Exp of Normalized LogL: 0.274108, Best Rate: 0.3

========= ADAPTIVE MC DEBUG =========
Total calls: 140
Avg tries: 472.14
Confidence stops: 140
Max stops: 0
Max stop rate: 0.000
Real Fault Rank 5
===== SEED 87 | FR=0.3 | VR=80 =====
executing with fault mode: [0,1,2,1,4,5]

Fault scores (higher is better):
Fault: [0,1,2,3,4,5], logL: -18.493862, Exp of LogL: 0.000000, Normalized LogL: -0.973361, Exp of Normalized LogL: 0.377811, Best Rate: 0.3
Fault: [0,1,2,0,4,5], logL: -18.886421, Exp of LogL: 0.000000, Normalized LogL: -0.994022, Exp of Normalized LogL: 0.370085, Best Rate: 0.3
Fault: [4,1,2,1,4,5], logL: -19.107860, Exp of LogL: 0.000000, Normalized LogL: -1.005677, Exp of Normalized LogL: 0.365797, Best Rate: 0.3
Fault: [3,1,2,1,4,5], logL: -19.107860, Exp of LogL: 0.000000, Normalized LogL: -1.005677, Exp of Normalized LogL: 0.365797, Best Rate: 0.3
Fault: [5,1,2,1,4,5], logL: -19.107860, Exp of LogL: 0.000000, Normalized LogL: -1.005677, Exp of Normalized LogL: 0.365797, Best Rate: 0.3
Fault: [0,1,2,1,4,5], logL: -19.114937, Exp of LogL: 0.000000, Normalized LogL: -1.006049, Exp of Normalized LogL: 0.365661, Best Rate: 0.3
Fault: [1,1,2,1,4,5], logL: -20.083659, Exp of LogL: 0.000000, Normalized LogL: -1.057035, Exp of Normalized LogL: 0.347485, Best Rate: 0.3
Fault: [0,1,2,2,4,5], logL: -20.484005, Exp of LogL: 0.000000, Normalized LogL: -1.078106, Exp of Normalized LogL: 0.340239, Best Rate: 0.3
Fault: [0,1,2,5,4,5], logL: -21.596384, Exp of LogL: 0.000000, Normalized LogL: -1.136652, Exp of Normalized LogL: 0.320892, Best Rate: 0.3
Fault: [0,1,2,4,4,5], logL: -21.596384, Exp of LogL: 0.000000, Normalized LogL: -1.136652, Exp of Normalized LogL: 0.320892, Best Rate: 0.3

========= ADAPTIVE MC DEBUG =========
Total calls: 190
Avg tries: 494.74
Confidence stops: 190
Max stops: 0
Max stop rate: 0.000
Real Fault Rank 6
===== SEED 87 | FR=0.3 | VR=100 =====
executing with fault mode: [0,1,2,1,4,5]

Fault scores (higher is better):
Fault: [0,1,2,1,4,5], logL: -20.196547, Exp of LogL: 0.000000, Normalized LogL: -0.841523, Exp of Normalized LogL: 0.431054, Best Rate: 0.3
Fault: [0,1,2,3,4,5], logL: -20.317935, Exp of LogL: 0.000000, Normalized LogL: -0.846581, Exp of Normalized LogL: 0.428879, Best Rate: 0.3
Fault: [4,1,2,1,4,5], logL: -20.933720, Exp of LogL: 0.000000, Normalized LogL: -0.872238, Exp of Normalized LogL: 0.418015, Best Rate: 0.3
Fault: [3,1,2,1,4,5], logL: -20.933720, Exp of LogL: 0.000000, Normalized LogL: -0.872238, Exp of Normalized LogL: 0.418015, Best Rate: 0.3
Fault: [5,1,2,1,4,5], logL: -20.933720, Exp of LogL: 0.000000, Normalized LogL: -0.872238, Exp of Normalized LogL: 0.418015, Best Rate: 0.3
Fault: [0,1,2,0,4,5], logL: -21.267631, Exp of LogL: 0.000000, Normalized LogL: -0.886151, Exp of Normalized LogL: 0.412239, Best Rate: 0.3
Fault: [1,1,2,1,4,5], logL: -21.813279, Exp of LogL: 0.000000, Normalized LogL: -0.908887, Exp of Normalized LogL: 0.402973, Best Rate: 0.3
Fault: [0,1,2,2,4,5], logL: -22.234129, Exp of LogL: 0.000000, Normalized LogL: -0.926422, Exp of Normalized LogL: 0.395968, Best Rate: 0.3
Fault: [0,1,2,5,4,5], logL: -23.795503, Exp of LogL: 0.000000, Normalized LogL: -0.991479, Exp of Normalized LogL: 0.371027, Best Rate: 0.3
Fault: [0,1,2,4,4,5], logL: -23.795503, Exp of LogL: 0.000000, Normalized LogL: -0.991479, Exp of Normalized LogL: 0.371027, Best Rate: 0.3

========= ADAPTIVE MC DEBUG =========
Total calls: 240
Avg tries: 482.92
Confidence stops: 240
Max stops: 0
Max stop rate: 0.000
Real Fault Rank 1
================= 22/08/2026 05:24:21: SEED 87 END =================
================= 22/08/2026 05:24:21: SEED 88 (85/100), a*=0 fault=[4,1,2,3,4,5] START =================
===== SEED 88 | FR=0.3 | VR=20 =====
executing with fault mode: [4,1,2,3,4,5]

Fault scores (higher is better):
Fault: [5,1,2,3,4,5], logL: -5.079693, Exp of LogL: 0.006222, Normalized LogL: -1.269923, Exp of Normalized LogL: 0.280853, Best Rate: 0.3
Fault: [3,1,2,3,4,5], logL: -5.079693, Exp of LogL: 0.006222, Normalized LogL: -1.269923, Exp of Normalized LogL: 0.280853, Best Rate: 0.3
Fault: [4,1,2,3,4,5], logL: -5.176926, Exp of LogL: 0.005645, Normalized LogL: -1.294232, Exp of Normalized LogL: 0.274108, Best Rate: 0.3
Fault: [1,1,2,3,4,5], logL: -5.184989, Exp of LogL: 0.005600, Normalized LogL: -1.296247, Exp of Normalized LogL: 0.273556, Best Rate: 0.3
Fault: [0,1,2,3,4,5], logL: -5.229324, Exp of LogL: 0.005357, Normalized LogL: -1.307331, Exp of Normalized LogL: 0.270541, Best Rate: 0.3
Fault: [2,1,2,3,4,5], logL: -5.352551, Exp of LogL: 0.004736, Normalized LogL: -1.338138, Exp of Normalized LogL: 0.262334, Best Rate: 0.3
Fault: [4,1,2,0,4,5], logL: -5.792742, Exp of LogL: 0.003050, Normalized LogL: -1.448185, Exp of Normalized LogL: 0.234996, Best Rate: 0.3
Fault: [4,1,2,4,4,5], logL: -5.820141, Exp of LogL: 0.002967, Normalized LogL: -1.455035, Exp of Normalized LogL: 0.233392, Best Rate: 0.3
Fault: [4,1,2,5,4,5], logL: -5.820141, Exp of LogL: 0.002967, Normalized LogL: -1.455035, Exp of Normalized LogL: 0.233392, Best Rate: 0.3
Fault: [4,1,2,2,4,5], logL: -5.820141, Exp of LogL: 0.002967, Normalized LogL: -1.455035, Exp of Normalized LogL: 0.233392, Best Rate: 0.3

========= ADAPTIVE MC DEBUG =========
Total calls: 40
Avg tries: 438.75
Confidence stops: 40
Max stops: 0
Max stop rate: 0.000
Real Fault Rank 3
===== SEED 88 | FR=0.3 | VR=40 =====
executing with fault mode: [4,1,2,3,4,5]

Fault scores (higher is better):
Fault: [5,1,2,3,4,5], logL: -6.540357, Exp of LogL: 0.001444, Normalized LogL: -0.817545, Exp of Normalized LogL: 0.441514, Best Rate: 0.3
Fault: [1,1,2,3,4,5], logL: -6.692485, Exp of LogL: 0.001240, Normalized LogL: -0.836561, Exp of Normalized LogL: 0.433198, Best Rate: 0.3
Fault: [3,1,2,3,4,5], logL: -7.036940, Exp of LogL: 0.000879, Normalized LogL: -0.879618, Exp of Normalized LogL: 0.414942, Best Rate: 0.3
Fault: [4,1,2,3,4,5], logL: -7.168710, Exp of LogL: 0.000770, Normalized LogL: -0.896089, Exp of Normalized LogL: 0.408163, Best Rate: 0.3
Fault: [2,1,2,3,4,5], logL: -7.573040, Exp of LogL: 0.000514, Normalized LogL: -0.946630, Exp of Normalized LogL: 0.388047, Best Rate: 0.3
Fault: [4,1,2,0,4,5], logL: -7.656446, Exp of LogL: 0.000473, Normalized LogL: -0.957056, Exp of Normalized LogL: 0.384022, Best Rate: 0.3
Fault: [4,1,2,4,4,5], logL: -7.684776, Exp of LogL: 0.000460, Normalized LogL: -0.960597, Exp of Normalized LogL: 0.382664, Best Rate: 0.3
Fault: [4,1,2,5,4,5], logL: -7.684776, Exp of LogL: 0.000460, Normalized LogL: -0.960597, Exp of Normalized LogL: 0.382664, Best Rate: 0.3
Fault: [4,1,2,2,4,5], logL: -7.684776, Exp of LogL: 0.000460, Normalized LogL: -0.960597, Exp of Normalized LogL: 0.382664, Best Rate: 0.3
Fault: [0,1,2,3,4,5], logL: -9.208062, Exp of LogL: 0.000100, Normalized LogL: -1.151008, Exp of Normalized LogL: 0.316318, Best Rate: 0.3

========= ADAPTIVE MC DEBUG =========
Total calls: 80
Avg tries: 546.88
Confidence stops: 80
Max stops: 0
Max stop rate: 0.000
Real Fault Rank 4
===== SEED 88 | FR=0.3 | VR=60 =====
executing with fault mode: [4,1,2,3,4,5]

Fault scores (higher is better):
Fault: [4,1,2,3,4,5], logL: -8.647025, Exp of LogL: 0.000176, Normalized LogL: -0.786093, Exp of Normalized LogL: 0.455621, Best Rate: 0.3
Fault: [3,1,2,3,4,5], logL: -8.671122, Exp of LogL: 0.000171, Normalized LogL: -0.788284, Exp of Normalized LogL: 0.454624, Best Rate: 0.3
Fault: [4,1,2,0,4,5], logL: -9.134761, Exp of LogL: 0.000108, Normalized LogL: -0.830433, Exp of Normalized LogL: 0.435861, Best Rate: 0.3
Fault: [4,1,2,4,4,5], logL: -9.163092, Exp of LogL: 0.000105, Normalized LogL: -0.833008, Exp of Normalized LogL: 0.434739, Best Rate: 0.3
Fault: [4,1,2,5,4,5], logL: -9.163092, Exp of LogL: 0.000105, Normalized LogL: -0.833008, Exp of Normalized LogL: 0.434739, Best Rate: 0.3
Fault: [4,1,2,2,4,5], logL: -9.163092, Exp of LogL: 0.000105, Normalized LogL: -0.833008, Exp of Normalized LogL: 0.434739, Best Rate: 0.3
Fault: [1,1,2,3,4,5], logL: -10.769605, Exp of LogL: 0.000021, Normalized LogL: -0.979055, Exp of Normalized LogL: 0.375666, Best Rate: 0.3
Fault: [0,1,2,3,4,5], logL: -11.595343, Exp of LogL: 0.000009, Normalized LogL: -1.054122, Exp of Normalized LogL: 0.348498, Best Rate: 0.3
Fault: [5,1,2,3,4,5], logL: -11.697046, Exp of LogL: 0.000008, Normalized LogL: -1.063368, Exp of Normalized LogL: 0.345291, Best Rate: 0.3
Fault: [2,1,2,3,4,5], logL: -12.387002, Exp of LogL: 0.000004, Normalized LogL: -1.126091, Exp of Normalized LogL: 0.324298, Best Rate: 0.3

========= ADAPTIVE MC DEBUG =========
Total calls: 110
Avg tries: 540.45
Confidence stops: 110
Max stops: 0
Max stop rate: 0.000
Real Fault Rank 1
===== SEED 88 | FR=0.3 | VR=80 =====
executing with fault mode: [4,1,2,3,4,5]

Fault scores (higher is better):
Fault: [4,1,2,3,4,5], logL: -10.596208, Exp of LogL: 0.000025, Normalized LogL: -0.706414, Exp of Normalized LogL: 0.493410, Best Rate: 0.3
Fault: [3,1,2,3,4,5], logL: -10.969422, Exp of LogL: 0.000017, Normalized LogL: -0.731295, Exp of Normalized LogL: 0.481285, Best Rate: 0.3
Fault: [4,1,2,0,4,5], logL: -11.083945, Exp of LogL: 0.000015, Normalized LogL: -0.738930, Exp of Normalized LogL: 0.477625, Best Rate: 0.3
Fault: [4,1,2,4,4,5], logL: -11.112275, Exp of LogL: 0.000015, Normalized LogL: -0.740818, Exp of Normalized LogL: 0.476724, Best Rate: 0.3
Fault: [4,1,2,5,4,5], logL: -11.112275, Exp of LogL: 0.000015, Normalized LogL: -0.740818, Exp of Normalized LogL: 0.476724, Best Rate: 0.3
Fault: [4,1,2,2,4,5], logL: -11.112275, Exp of LogL: 0.000015, Normalized LogL: -0.740818, Exp of Normalized LogL: 0.476724, Best Rate: 0.3
Fault: [1,1,2,3,4,5], logL: -12.159172, Exp of LogL: 0.000005, Normalized LogL: -0.810611, Exp of Normalized LogL: 0.444586, Best Rate: 0.3
Fault: [2,1,2,3,4,5], logL: -12.671484, Exp of LogL: 0.000003, Normalized LogL: -0.844766, Exp of Normalized LogL: 0.429658, Best Rate: 0.3
Fault: [5,1,2,3,4,5], logL: -13.646229, Exp of LogL: 0.000001, Normalized LogL: -0.909749, Exp of Normalized LogL: 0.402625, Best Rate: 0.3
Fault: [0,1,2,3,4,5], logL: -13.889327, Exp of LogL: 0.000001, Normalized LogL: -0.925955, Exp of Normalized LogL: 0.396153, Best Rate: 0.3

========= ADAPTIVE MC DEBUG =========
Total calls: 150
Avg tries: 499.33
Confidence stops: 150
Max stops: 0
Max stop rate: 0.000
Real Fault Rank 1
===== SEED 88 | FR=0.3 | VR=100 =====
executing with fault mode: [4,1,2,3,4,5]

Fault scores (higher is better):
Fault: [3,1,2,3,4,5], logL: -12.459442, Exp of LogL: 0.000004, Normalized LogL: -0.655760, Exp of Normalized LogL: 0.519047, Best Rate: 0.3
Fault: [4,1,2,3,4,5], logL: -12.556231, Exp of LogL: 0.000004, Normalized LogL: -0.660854, Exp of Normalized LogL: 0.516410, Best Rate: 0.3
Fault: [4,1,2,4,4,5], logL: -12.893415, Exp of LogL: 0.000003, Normalized LogL: -0.678601, Exp of Normalized LogL: 0.507326, Best Rate: 0.3
Fault: [4,1,2,5,4,5], logL: -12.893415, Exp of LogL: 0.000003, Normalized LogL: -0.678601, Exp of Normalized LogL: 0.507326, Best Rate: 0.3
Fault: [4,1,2,0,4,5], logL: -12.893415, Exp of LogL: 0.000003, Normalized LogL: -0.678601, Exp of Normalized LogL: 0.507326, Best Rate: 0.3
Fault: [4,1,2,2,4,5], logL: -12.893415, Exp of LogL: 0.000003, Normalized LogL: -0.678601, Exp of Normalized LogL: 0.507326, Best Rate: 0.3
Fault: [1,1,2,3,4,5], logL: -14.300448, Exp of LogL: 0.000001, Normalized LogL: -0.752655, Exp of Normalized LogL: 0.471114, Best Rate: 0.3
Fault: [0,1,2,3,4,5], logL: -15.314473, Exp of LogL: 0.000000, Normalized LogL: -0.806025, Exp of Normalized LogL: 0.446630, Best Rate: 0.3
Fault: [5,1,2,3,4,5], logL: -15.606252, Exp of LogL: 0.000000, Normalized LogL: -0.821382, Exp of Normalized LogL: 0.439824, Best Rate: 0.3
Fault: [2,1,2,3,4,5], logL: -15.995136, Exp of LogL: 0.000000, Normalized LogL: -0.841849, Exp of Normalized LogL: 0.430913, Best Rate: 0.3

========= ADAPTIVE MC DEBUG =========
Total calls: 190
Avg tries: 496.32
Confidence stops: 190
Max stops: 0
Max stop rate: 0.000
Real Fault Rank 2
================= 22/08/2026 05:24:54: SEED 88 END =================
================= 22/08/2026 05:24:54: SEED 89 (86/100), a*=3 fault=[0,1,2,2,4,5] START =================
===== SEED 89 | FR=0.3 | VR=20 =====
executing with fault mode: [0,1,2,2,4,5]

Fault scores (higher is better):
Fault: [0,1,2,1,4,5], logL: -13.844524, Exp of LogL: 0.000001, Normalized LogL: -1.977789, Exp of Normalized LogL: 0.138375, Best Rate: 0.3
Fault: [0,1,2,5,4,5], logL: -13.963813, Exp of LogL: 0.000001, Normalized LogL: -1.994830, Exp of Normalized LogL: 0.136037, Best Rate: 0.3
Fault: [0,1,2,4,4,5], logL: -14.081900, Exp of LogL: 0.000001, Normalized LogL: -2.011700, Exp of Normalized LogL: 0.133761, Best Rate: 0.3
Fault: [0,1,2,3,4,5], logL: -14.518400, Exp of LogL: 0.000000, Normalized LogL: -2.074057, Exp of Normalized LogL: 0.125675, Best Rate: 0.3
Fault: [0,1,2,0,4,5], logL: -15.150781, Exp of LogL: 0.000000, Normalized LogL: -2.164397, Exp of Normalized LogL: 0.114819, Best Rate: 0.3
Fault: [0,1,2,2,4,5], logL: -15.181729, Exp of LogL: 0.000000, Normalized LogL: -2.168818, Exp of Normalized LogL: 0.114313, Best Rate: 0.3
Fault: [0,3,2,2,4,5], logL: -15.775126, Exp of LogL: 0.000000, Normalized LogL: -2.253589, Exp of Normalized LogL: 0.105022, Best Rate: 0.3
Fault: [0,4,2,2,4,5], logL: -15.813841, Exp of LogL: 0.000000, Normalized LogL: -2.259120, Exp of Normalized LogL: 0.104442, Best Rate: 0.3
Fault: [0,5,2,2,4,5], logL: -15.813841, Exp of LogL: 0.000000, Normalized LogL: -2.259120, Exp of Normalized LogL: 0.104442, Best Rate: 0.3
Fault: [0,0,2,2,4,5], logL: -16.238282, Exp of LogL: 0.000000, Normalized LogL: -2.319755, Exp of Normalized LogL: 0.098298, Best Rate: 0.3

========= ADAPTIVE MC DEBUG =========
Total calls: 70
Avg tries: 349.29
Confidence stops: 70
Max stops: 0
Max stop rate: 0.000
Real Fault Rank 6
===== SEED 89 | FR=0.3 | VR=40 =====
executing with fault mode: [0,1,2,2,4,5]

Fault scores (higher is better):
Fault: [0,1,2,1,4,5], logL: -17.980765, Exp of LogL: 0.000000, Normalized LogL: -1.383136, Exp of Normalized LogL: 0.250791, Best Rate: 0.3
Fault: [0,1,2,5,4,5], logL: -18.419088, Exp of LogL: 0.000000, Normalized LogL: -1.416853, Exp of Normalized LogL: 0.242476, Best Rate: 0.3
Fault: [0,1,2,4,4,5], logL: -18.461952, Exp of LogL: 0.000000, Normalized LogL: -1.420150, Exp of Normalized LogL: 0.241678, Best Rate: 0.3
Fault: [0,1,2,3,4,5], logL: -18.852581, Exp of LogL: 0.000000, Normalized LogL: -1.450199, Exp of Normalized LogL: 0.234524, Best Rate: 0.3
Fault: [0,1,2,0,4,5], logL: -19.289004, Exp of LogL: 0.000000, Normalized LogL: -1.483770, Exp of Normalized LogL: 0.226781, Best Rate: 0.3
Fault: [0,1,2,2,4,5], logL: -19.672596, Exp of LogL: 0.000000, Normalized LogL: -1.513277, Exp of Normalized LogL: 0.220187, Best Rate: 0.3
Fault: [0,0,2,2,4,5], logL: -19.929111, Exp of LogL: 0.000000, Normalized LogL: -1.533009, Exp of Normalized LogL: 0.215885, Best Rate: 0.3
Fault: [0,3,2,2,4,5], logL: -19.936973, Exp of LogL: 0.000000, Normalized LogL: -1.533613, Exp of Normalized LogL: 0.215755, Best Rate: 0.3
Fault: [0,4,2,2,4,5], logL: -19.998104, Exp of LogL: 0.000000, Normalized LogL: -1.538316, Exp of Normalized LogL: 0.214742, Best Rate: 0.3
Fault: [0,5,2,2,4,5], logL: -19.998104, Exp of LogL: 0.000000, Normalized LogL: -1.538316, Exp of Normalized LogL: 0.214742, Best Rate: 0.3

========= ADAPTIVE MC DEBUG =========
Total calls: 130
Avg tries: 420.77
Confidence stops: 130
Max stops: 0
Max stop rate: 0.000
Real Fault Rank 6
===== SEED 89 | FR=0.3 | VR=60 =====
executing with fault mode: [0,1,2,2,4,5]

Fault scores (higher is better):
Fault: [0,1,2,1,4,5], logL: -22.068364, Exp of LogL: 0.000000, Normalized LogL: -1.161493, Exp of Normalized LogL: 0.313019, Best Rate: 0.3
Fault: [0,1,2,5,4,5], logL: -22.481363, Exp of LogL: 0.000000, Normalized LogL: -1.183230, Exp of Normalized LogL: 0.306288, Best Rate: 0.3
Fault: [0,1,2,4,4,5], logL: -22.524227, Exp of LogL: 0.000000, Normalized LogL: -1.185486, Exp of Normalized LogL: 0.305598, Best Rate: 0.3
Fault: [0,1,2,3,4,5], logL: -22.963121, Exp of LogL: 0.000000, Normalized LogL: -1.208585, Exp of Normalized LogL: 0.298619, Best Rate: 0.3
Fault: [0,1,2,0,4,5], logL: -23.439085, Exp of LogL: 0.000000, Normalized LogL: -1.233636, Exp of Normalized LogL: 0.291232, Best Rate: 0.3
Fault: [0,1,2,2,4,5], logL: -23.734871, Exp of LogL: 0.000000, Normalized LogL: -1.249204, Exp of Normalized LogL: 0.286733, Best Rate: 0.3
Fault: [0,3,2,2,4,5], logL: -23.961911, Exp of LogL: 0.000000, Normalized LogL: -1.261153, Exp of Normalized LogL: 0.283327, Best Rate: 0.3
Fault: [0,0,2,2,4,5], logL: -24.041953, Exp of LogL: 0.000000, Normalized LogL: -1.265366, Exp of Normalized LogL: 0.282136, Best Rate: 0.3
Fault: [0,4,2,2,4,5], logL: -24.041953, Exp of LogL: 0.000000, Normalized LogL: -1.265366, Exp of Normalized LogL: 0.282136, Best Rate: 0.3
Fault: [0,5,2,2,4,5], logL: -24.041953, Exp of LogL: 0.000000, Normalized LogL: -1.265366, Exp of Normalized LogL: 0.282136, Best Rate: 0.3

========= ADAPTIVE MC DEBUG =========
Total calls: 190
Avg tries: 456.84
Confidence stops: 190
Max stops: 0
Max stop rate: 0.000
Real Fault Rank 6
===== SEED 89 | FR=0.3 | VR=80 =====
executing with fault mode: [0,1,2,2,4,5]

Fault scores (higher is better):
Fault: [0,1,2,1,4,5], logL: -26.762640, Exp of LogL: 0.000000, Normalized LogL: -1.070506, Exp of Normalized LogL: 0.342835, Best Rate: 0.3
Fault: [0,1,2,4,4,5], logL: -27.034372, Exp of LogL: 0.000000, Normalized LogL: -1.081375, Exp of Normalized LogL: 0.339129, Best Rate: 0.3
Fault: [0,1,2,3,4,5], logL: -27.970146, Exp of LogL: 0.000000, Normalized LogL: -1.118806, Exp of Normalized LogL: 0.326670, Best Rate: 0.3
Fault: [0,1,2,2,4,5], logL: -28.219806, Exp of LogL: 0.000000, Normalized LogL: -1.128792, Exp of Normalized LogL: 0.323424, Best Rate: 0.3
Fault: [0,3,2,2,4,5], logL: -28.446846, Exp of LogL: 0.000000, Normalized LogL: -1.137874, Exp of Normalized LogL: 0.320500, Best Rate: 0.3
Fault: [0,0,2,2,4,5], logL: -28.526889, Exp of LogL: 0.000000, Normalized LogL: -1.141076, Exp of Normalized LogL: 0.319475, Best Rate: 0.3
Fault: [0,4,2,2,4,5], logL: -28.526889, Exp of LogL: 0.000000, Normalized LogL: -1.141076, Exp of Normalized LogL: 0.319475, Best Rate: 0.3
Fault: [0,5,2,2,4,5], logL: -28.526889, Exp of LogL: 0.000000, Normalized LogL: -1.141076, Exp of Normalized LogL: 0.319475, Best Rate: 0.3
Fault: [0,1,2,0,4,5], logL: -28.633261, Exp of LogL: 0.000000, Normalized LogL: -1.145330, Exp of Normalized LogL: 0.318119, Best Rate: 0.3
Fault: [0,1,2,5,4,5], logL: -28.932737, Exp of LogL: 0.000000, Normalized LogL: -1.157309, Exp of Normalized LogL: 0.314331, Best Rate: 0.3

========= ADAPTIVE MC DEBUG =========
Total calls: 250
Avg tries: 448.80
Confidence stops: 250
Max stops: 0
Max stop rate: 0.000
Real Fault Rank 4
===== SEED 89 | FR=0.3 | VR=100 =====
executing with fault mode: [0,1,2,2,4,5]

Fault scores (higher is better):
Fault: [0,1,2,1,4,5], logL: -28.169297, Exp of LogL: 0.000000, Normalized LogL: -0.908687, Exp of Normalized LogL: 0.403053, Best Rate: 0.3
Fault: [0,1,2,4,4,5], logL: -28.464946, Exp of LogL: 0.000000, Normalized LogL: -0.918224, Exp of Normalized LogL: 0.399227, Best Rate: 0.3
Fault: [0,1,2,2,4,5], logL: -29.256419, Exp of LogL: 0.000000, Normalized LogL: -0.943755, Exp of Normalized LogL: 0.389164, Best Rate: 0.3
Fault: [0,1,2,3,4,5], logL: -29.293786, Exp of LogL: 0.000000, Normalized LogL: -0.944961, Exp of Normalized LogL: 0.388695, Best Rate: 0.3
Fault: [0,3,2,2,4,5], logL: -29.483459, Exp of LogL: 0.000000, Normalized LogL: -0.951079, Exp of Normalized LogL: 0.386324, Best Rate: 0.3
Fault: [0,0,2,2,4,5], logL: -29.563501, Exp of LogL: 0.000000, Normalized LogL: -0.953661, Exp of Normalized LogL: 0.385328, Best Rate: 0.3
Fault: [0,4,2,2,4,5], logL: -29.563501, Exp of LogL: 0.000000, Normalized LogL: -0.953661, Exp of Normalized LogL: 0.385328, Best Rate: 0.3
Fault: [0,5,2,2,4,5], logL: -29.563501, Exp of LogL: 0.000000, Normalized LogL: -0.953661, Exp of Normalized LogL: 0.385328, Best Rate: 0.3
Fault: [0,1,2,0,4,5], logL: -29.881112, Exp of LogL: 0.000000, Normalized LogL: -0.963907, Exp of Normalized LogL: 0.381400, Best Rate: 0.3
Fault: [0,1,2,5,4,5], logL: -31.256824, Exp of LogL: 0.000000, Normalized LogL: -1.008285, Exp of Normalized LogL: 0.364844, Best Rate: 0.3

========= ADAPTIVE MC DEBUG =========
Total calls: 310
Avg tries: 464.68
Confidence stops: 310
Max stops: 0
Max stop rate: 0.000
Real Fault Rank 3
================= 22/08/2026 05:25:42: SEED 89 END =================
================= 22/08/2026 05:25:42: SEED 90 (87/100), a*=1 fault=[0,0,2,3,4,5] START =================
===== SEED 90 | FR=0.3 | VR=20 =====
executing with fault mode: [0,0,2,3,4,5]

Fault scores (higher is better):
Fault: [0,3,2,3,4,5], logL: -6.316894, Exp of LogL: 0.001806, Normalized LogL: -1.579224, Exp of Normalized LogL: 0.206135, Best Rate: 0.3
Fault: [0,1,2,3,4,5], logL: -6.803640, Exp of LogL: 0.001110, Normalized LogL: -1.700910, Exp of Normalized LogL: 0.182517, Best Rate: 0.3
Fault: [0,0,2,3,4,5], logL: -7.498298, Exp of LogL: 0.000554, Normalized LogL: -1.874574, Exp of Normalized LogL: 0.153420, Best Rate: 0.3
Fault: [0,0,2,3,0,5], logL: -7.634749, Exp of LogL: 0.000483, Normalized LogL: -1.908687, Exp of Normalized LogL: 0.148275, Best Rate: 0.3
Fault: [0,2,2,3,4,5], logL: -7.755343, Exp of LogL: 0.000428, Normalized LogL: -1.938836, Exp of Normalized LogL: 0.143871, Best Rate: 0.3
Fault: [0,0,2,3,3,5], logL: -7.810077, Exp of LogL: 0.000406, Normalized LogL: -1.952519, Exp of Normalized LogL: 0.141916, Best Rate: 0.3
Fault: [0,5,2,3,4,5], logL: -7.864542, Exp of LogL: 0.000384, Normalized LogL: -1.966136, Exp of Normalized LogL: 0.139997, Best Rate: 0.3
Fault: [0,4,2,3,4,5], logL: -7.864542, Exp of LogL: 0.000384, Normalized LogL: -1.966136, Exp of Normalized LogL: 0.139997, Best Rate: 0.3
Fault: [0,0,2,3,5,5], logL: -7.940130, Exp of LogL: 0.000356, Normalized LogL: -1.985033, Exp of Normalized LogL: 0.137376, Best Rate: 0.3
Fault: [0,0,2,3,1,5], logL: -7.940130, Exp of LogL: 0.000356, Normalized LogL: -1.985033, Exp of Normalized LogL: 0.137376, Best Rate: 0.3

========= ADAPTIVE MC DEBUG =========
Total calls: 40
Avg tries: 335.00
Confidence stops: 40
Max stops: 0
Max stop rate: 0.000
Real Fault Rank 3
===== SEED 90 | FR=0.3 | VR=40 =====
executing with fault mode: [0,0,2,3,4,5]

Fault scores (higher is better):
Fault: [0,3,2,3,4,5], logL: -7.155510, Exp of LogL: 0.000781, Normalized LogL: -0.894439, Exp of Normalized LogL: 0.408837, Best Rate: 0.3
Fault: [0,0,2,3,4,5], logL: -7.956132, Exp of LogL: 0.000351, Normalized LogL: -0.994516, Exp of Normalized LogL: 0.369902, Best Rate: 0.3
Fault: [0,0,2,3,0,5], logL: -8.091535, Exp of LogL: 0.000306, Normalized LogL: -1.011442, Exp of Normalized LogL: 0.363694, Best Rate: 0.3
Fault: [0,0,2,3,3,5], logL: -8.172354, Exp of LogL: 0.000282, Normalized LogL: -1.021544, Exp of Normalized LogL: 0.360039, Best Rate: 0.3
Fault: [0,1,2,3,4,5], logL: -8.185768, Exp of LogL: 0.000279, Normalized LogL: -1.023221, Exp of Normalized LogL: 0.359435, Best Rate: 0.3
Fault: [0,0,2,3,5,5], logL: -8.271788, Exp of LogL: 0.000256, Normalized LogL: -1.033973, Exp of Normalized LogL: 0.355591, Best Rate: 0.3
Fault: [0,0,2,3,1,5], logL: -8.271788, Exp of LogL: 0.000256, Normalized LogL: -1.033973, Exp of Normalized LogL: 0.355591, Best Rate: 0.3
Fault: [0,2,2,3,4,5], logL: -8.272588, Exp of LogL: 0.000255, Normalized LogL: -1.034073, Exp of Normalized LogL: 0.355556, Best Rate: 0.3
Fault: [0,5,2,3,4,5], logL: -8.324070, Exp of LogL: 0.000243, Normalized LogL: -1.040509, Exp of Normalized LogL: 0.353275, Best Rate: 0.3
Fault: [0,4,2,3,4,5], logL: -8.324070, Exp of LogL: 0.000243, Normalized LogL: -1.040509, Exp of Normalized LogL: 0.353275, Best Rate: 0.3

========= ADAPTIVE MC DEBUG =========
Total calls: 80
Avg tries: 511.25
Confidence stops: 80
Max stops: 0
Max stop rate: 0.000
Real Fault Rank 2
===== SEED 90 | FR=0.3 | VR=60 =====
executing with fault mode: [0,0,2,3,4,5]

Fault scores (higher is better):
Fault: [0,3,2,3,4,5], logL: -10.378272, Exp of LogL: 0.000031, Normalized LogL: -0.864856, Exp of Normalized LogL: 0.421112, Best Rate: 0.3
Fault: [0,1,2,3,4,5], logL: -11.235964, Exp of LogL: 0.000013, Normalized LogL: -0.936330, Exp of Normalized LogL: 0.392064, Best Rate: 0.3
Fault: [0,0,2,3,4,5], logL: -11.396675, Exp of LogL: 0.000011, Normalized LogL: -0.949723, Exp of Normalized LogL: 0.386848, Best Rate: 0.3
Fault: [0,2,2,3,4,5], logL: -11.402976, Exp of LogL: 0.000011, Normalized LogL: -0.950248, Exp of Normalized LogL: 0.386645, Best Rate: 0.3
Fault: [0,5,2,3,4,5], logL: -11.402976, Exp of LogL: 0.000011, Normalized LogL: -0.950248, Exp of Normalized LogL: 0.386645, Best Rate: 0.3
Fault: [0,4,2,3,4,5], logL: -11.402976, Exp of LogL: 0.000011, Normalized LogL: -0.950248, Exp of Normalized LogL: 0.386645, Best Rate: 0.3
Fault: [0,0,2,3,0,5], logL: -11.551013, Exp of LogL: 0.000010, Normalized LogL: -0.962584, Exp of Normalized LogL: 0.381905, Best Rate: 0.3
Fault: [0,0,2,3,3,5], logL: -11.631833, Exp of LogL: 0.000009, Normalized LogL: -0.969319, Exp of Normalized LogL: 0.379341, Best Rate: 0.3
Fault: [0,0,2,3,5,5], logL: -11.731267, Exp of LogL: 0.000008, Normalized LogL: -0.977606, Exp of Normalized LogL: 0.376211, Best Rate: 0.3
Fault: [0,0,2,3,1,5], logL: -11.731267, Exp of LogL: 0.000008, Normalized LogL: -0.977606, Exp of Normalized LogL: 0.376211, Best Rate: 0.3

========= ADAPTIVE MC DEBUG =========
Total calls: 120
Avg tries: 505.00
Confidence stops: 120
Max stops: 0
Max stop rate: 0.000
Real Fault Rank 3
===== SEED 90 | FR=0.3 | VR=80 =====
executing with fault mode: [0,0,2,3,4,5]

Fault scores (higher is better):
Fault: [0,3,2,3,4,5], logL: -12.436139, Exp of LogL: 0.000004, Normalized LogL: -0.777259, Exp of Normalized LogL: 0.459664, Best Rate: 0.3
Fault: [0,0,2,3,4,5], logL: -13.396550, Exp of LogL: 0.000002, Normalized LogL: -0.837284, Exp of Normalized LogL: 0.432884, Best Rate: 0.3
Fault: [0,2,2,3,4,5], logL: -13.402851, Exp of LogL: 0.000002, Normalized LogL: -0.837678, Exp of Normalized LogL: 0.432714, Best Rate: 0.3
Fault: [0,5,2,3,4,5], logL: -13.402851, Exp of LogL: 0.000002, Normalized LogL: -0.837678, Exp of Normalized LogL: 0.432714, Best Rate: 0.3
Fault: [0,4,2,3,4,5], logL: -13.402851, Exp of LogL: 0.000002, Normalized LogL: -0.837678, Exp of Normalized LogL: 0.432714, Best Rate: 0.3
Fault: [0,1,2,3,4,5], logL: -13.544067, Exp of LogL: 0.000001, Normalized LogL: -0.846504, Exp of Normalized LogL: 0.428912, Best Rate: 0.3
Fault: [0,0,2,3,0,5], logL: -13.550889, Exp of LogL: 0.000001, Normalized LogL: -0.846931, Exp of Normalized LogL: 0.428729, Best Rate: 0.3
Fault: [0,0,2,3,3,5], logL: -13.631708, Exp of LogL: 0.000001, Normalized LogL: -0.851982, Exp of Normalized LogL: 0.426569, Best Rate: 0.3
Fault: [0,0,2,3,5,5], logL: -13.731142, Exp of LogL: 0.000001, Normalized LogL: -0.858196, Exp of Normalized LogL: 0.423926, Best Rate: 0.3
Fault: [0,0,2,3,1,5], logL: -13.731142, Exp of LogL: 0.000001, Normalized LogL: -0.858196, Exp of Normalized LogL: 0.423926, Best Rate: 0.3

========= ADAPTIVE MC DEBUG =========
Total calls: 160
Avg tries: 487.81
Confidence stops: 160
Max stops: 0
Max stop rate: 0.000
Real Fault Rank 2
===== SEED 90 | FR=0.3 | VR=100 =====
executing with fault mode: [0,0,2,3,4,5]

Fault scores (higher is better):
Fault: [0,0,2,3,4,5], logL: -15.247929, Exp of LogL: 0.000000, Normalized LogL: -0.762396, Exp of Normalized LogL: 0.466547, Best Rate: 0.3
Fault: [0,3,2,3,4,5], logL: -15.370685, Exp of LogL: 0.000000, Normalized LogL: -0.768534, Exp of Normalized LogL: 0.463692, Best Rate: 0.3
Fault: [0,0,2,3,0,5], logL: -15.599422, Exp of LogL: 0.000000, Normalized LogL: -0.779971, Exp of Normalized LogL: 0.458419, Best Rate: 0.3
Fault: [0,0,2,3,5,5], logL: -15.599422, Exp of LogL: 0.000000, Normalized LogL: -0.779971, Exp of Normalized LogL: 0.458419, Best Rate: 0.3
Fault: [0,0,2,3,1,5], logL: -15.599422, Exp of LogL: 0.000000, Normalized LogL: -0.779971, Exp of Normalized LogL: 0.458419, Best Rate: 0.3
Fault: [0,0,2,3,3,5], logL: -15.599422, Exp of LogL: 0.000000, Normalized LogL: -0.779971, Exp of Normalized LogL: 0.458419, Best Rate: 0.3
Fault: [0,1,2,3,4,5], logL: -40.326749, Exp of LogL: 0.000000, Normalized LogL: -2.016337, Exp of Normalized LogL: 0.133142, Best Rate: 0.3
Fault: [0,2,2,3,4,5], logL: -41.387295, Exp of LogL: 0.000000, Normalized LogL: -2.069365, Exp of Normalized LogL: 0.126266, Best Rate: 0.3
Fault: [0,5,2,3,4,5], logL: -41.387295, Exp of LogL: 0.000000, Normalized LogL: -2.069365, Exp of Normalized LogL: 0.126266, Best Rate: 0.3
Fault: [0,4,2,3,4,5], logL: -41.387295, Exp of LogL: 0.000000, Normalized LogL: -2.069365, Exp of Normalized LogL: 0.126266, Best Rate: 0.3

========= ADAPTIVE MC DEBUG =========
Total calls: 200
Avg tries: 474.75
Confidence stops: 200
Max stops: 0
Max stop rate: 0.000
Real Fault Rank 1
================= 22/08/2026 05:26:16: SEED 90 END =================
================= 22/08/2026 05:26:16: SEED 91 (88/100), a*=2 fault=[0,1,1,3,4,5] START =================
===== SEED 91 | FR=0.3 | VR=20 =====
executing with fault mode: [0,1,1,3,4,5]

Fault scores (higher is better):
Fault: [0,1,2,3,4,5], logL: -6.321081, Exp of LogL: 0.001798, Normalized LogL: -1.264216, Exp of Normalized LogL: 0.282461, Best Rate: 0.3
Fault: [0,1,1,3,4,5], logL: -6.704073, Exp of LogL: 0.001226, Normalized LogL: -1.340815, Exp of Normalized LogL: 0.261632, Best Rate: 0.3
Fault: [0,1,4,3,4,5], logL: -6.791084, Exp of LogL: 0.001124, Normalized LogL: -1.358217, Exp of Normalized LogL: 0.257119, Best Rate: 0.3
Fault: [0,1,5,3,4,5], logL: -6.791084, Exp of LogL: 0.001124, Normalized LogL: -1.358217, Exp of Normalized LogL: 0.257119, Best Rate: 0.3
Fault: [0,1,1,3,1,5], logL: -6.791084, Exp of LogL: 0.001124, Normalized LogL: -1.358217, Exp of Normalized LogL: 0.257119, Best Rate: 0.3
Fault: [0,1,1,3,5,5], logL: -6.791084, Exp of LogL: 0.001124, Normalized LogL: -1.358217, Exp of Normalized LogL: 0.257119, Best Rate: 0.3
Fault: [0,1,1,3,2,5], logL: -6.791084, Exp of LogL: 0.001124, Normalized LogL: -1.358217, Exp of Normalized LogL: 0.257119, Best Rate: 0.3
Fault: [0,1,1,3,0,5], logL: -6.886394, Exp of LogL: 0.001022, Normalized LogL: -1.377279, Exp of Normalized LogL: 0.252264, Best Rate: 0.3
Fault: [0,1,0,3,4,5], logL: -7.243069, Exp of LogL: 0.000715, Normalized LogL: -1.448614, Exp of Normalized LogL: 0.234896, Best Rate: 0.3
Fault: [0,1,3,3,4,5], logL: -7.579542, Exp of LogL: 0.000511, Normalized LogL: -1.515908, Exp of Normalized LogL: 0.219609, Best Rate: 0.3

========= ADAPTIVE MC DEBUG =========
Total calls: 50
Avg tries: 411.00
Confidence stops: 50
Max stops: 0
Max stop rate: 0.000
Real Fault Rank 2
===== SEED 91 | FR=0.3 | VR=40 =====
executing with fault mode: [0,1,1,3,4,5]

Fault scores (higher is better):
Fault: [0,1,2,3,4,5], logL: -34.636997, Exp of LogL: 0.000000, Normalized LogL: -3.848555, Exp of Normalized LogL: 0.021311, Best Rate: 0.3
Fault: [0,1,1,3,4,5], logL: -35.181109, Exp of LogL: 0.000000, Normalized LogL: -3.909012, Exp of Normalized LogL: 0.020060, Best Rate: 0.3
Fault: [0,1,1,3,0,5], logL: -35.240532, Exp of LogL: 0.000000, Normalized LogL: -3.915615, Exp of Normalized LogL: 0.019928, Best Rate: 0.3
Fault: [0,1,1,3,1,5], logL: -35.240532, Exp of LogL: 0.000000, Normalized LogL: -3.915615, Exp of Normalized LogL: 0.019928, Best Rate: 0.3
Fault: [0,1,1,3,5,5], logL: -35.240532, Exp of LogL: 0.000000, Normalized LogL: -3.915615, Exp of Normalized LogL: 0.019928, Best Rate: 0.3
Fault: [0,1,1,3,2,5], logL: -35.240532, Exp of LogL: 0.000000, Normalized LogL: -3.915615, Exp of Normalized LogL: 0.019928, Best Rate: 0.3
Fault: [0,1,0,3,4,5], logL: -35.933680, Exp of LogL: 0.000000, Normalized LogL: -3.992631, Exp of Normalized LogL: 0.018451, Best Rate: 0.3
Fault: [0,1,3,3,4,5], logL: -36.087830, Exp of LogL: 0.000000, Normalized LogL: -4.009759, Exp of Normalized LogL: 0.018138, Best Rate: 0.3
Fault: [0,1,4,3,4,5], logL: -36.375512, Exp of LogL: 0.000000, Normalized LogL: -4.041724, Exp of Normalized LogL: 0.017567, Best Rate: 0.3
Fault: [0,1,5,3,4,5], logL: -36.375512, Exp of LogL: 0.000000, Normalized LogL: -4.041724, Exp of Normalized LogL: 0.017567, Best Rate: 0.3

========= ADAPTIVE MC DEBUG =========
Total calls: 90
Avg tries: 442.78
Confidence stops: 90
Max stops: 0
Max stop rate: 0.000
Real Fault Rank 2
===== SEED 91 | FR=0.3 | VR=60 =====
executing with fault mode: [0,1,1,3,4,5]

Fault scores (higher is better):
Fault: [0,1,2,3,4,5], logL: -13.243958, Exp of LogL: 0.000002, Normalized LogL: -1.018766, Exp of Normalized LogL: 0.361040, Best Rate: 0.3
Fault: [0,1,1,3,4,5], logL: -13.757747, Exp of LogL: 0.000001, Normalized LogL: -1.058288, Exp of Normalized LogL: 0.347049, Best Rate: 0.3
Fault: [0,1,1,3,0,5], logL: -14.090502, Exp of LogL: 0.000001, Normalized LogL: -1.083885, Exp of Normalized LogL: 0.338279, Best Rate: 0.3
Fault: [0,1,1,3,1,5], logL: -14.090502, Exp of LogL: 0.000001, Normalized LogL: -1.083885, Exp of Normalized LogL: 0.338279, Best Rate: 0.3
Fault: [0,1,1,3,5,5], logL: -14.090502, Exp of LogL: 0.000001, Normalized LogL: -1.083885, Exp of Normalized LogL: 0.338279, Best Rate: 0.3
Fault: [0,1,1,3,2,5], logL: -14.090502, Exp of LogL: 0.000001, Normalized LogL: -1.083885, Exp of Normalized LogL: 0.338279, Best Rate: 0.3
Fault: [0,1,0,3,4,5], logL: -14.286614, Exp of LogL: 0.000001, Normalized LogL: -1.098970, Exp of Normalized LogL: 0.333214, Best Rate: 0.3
Fault: [0,1,3,3,4,5], logL: -14.581605, Exp of LogL: 0.000000, Normalized LogL: -1.121662, Exp of Normalized LogL: 0.325738, Best Rate: 0.3
Fault: [0,1,4,3,4,5], logL: -14.618647, Exp of LogL: 0.000000, Normalized LogL: -1.124511, Exp of Normalized LogL: 0.324811, Best Rate: 0.3
Fault: [0,1,5,3,4,5], logL: -14.618647, Exp of LogL: 0.000000, Normalized LogL: -1.124511, Exp of Normalized LogL: 0.324811, Best Rate: 0.3

========= ADAPTIVE MC DEBUG =========
Total calls: 130
Avg tries: 480.77
Confidence stops: 130
Max stops: 0
Max stop rate: 0.000
Real Fault Rank 2
===== SEED 91 | FR=0.3 | VR=80 =====
executing with fault mode: [0,1,1,3,4,5]

Fault scores (higher is better):
Fault: [0,1,1,3,4,5], logL: -16.051752, Exp of LogL: 0.000000, Normalized LogL: -0.944221, Exp of Normalized LogL: 0.388983, Best Rate: 0.3
Fault: [0,1,2,3,4,5], logL: -16.240435, Exp of LogL: 0.000000, Normalized LogL: -0.955320, Exp of Normalized LogL: 0.384689, Best Rate: 0.3
Fault: [0,1,1,3,0,5], logL: -16.403246, Exp of LogL: 0.000000, Normalized LogL: -0.964897, Exp of Normalized LogL: 0.381023, Best Rate: 0.3
Fault: [0,1,1,3,1,5], logL: -16.403246, Exp of LogL: 0.000000, Normalized LogL: -0.964897, Exp of Normalized LogL: 0.381023, Best Rate: 0.3
Fault: [0,1,1,3,5,5], logL: -16.403246, Exp of LogL: 0.000000, Normalized LogL: -0.964897, Exp of Normalized LogL: 0.381023, Best Rate: 0.3
Fault: [0,1,1,3,2,5], logL: -16.403246, Exp of LogL: 0.000000, Normalized LogL: -0.964897, Exp of Normalized LogL: 0.381023, Best Rate: 0.3
Fault: [0,1,3,3,4,5], logL: -17.861341, Exp of LogL: 0.000000, Normalized LogL: -1.050667, Exp of Normalized LogL: 0.349704, Best Rate: 0.3
Fault: [0,1,0,3,4,5], logL: -17.883816, Exp of LogL: 0.000000, Normalized LogL: -1.051989, Exp of Normalized LogL: 0.349242, Best Rate: 0.3
Fault: [0,1,4,3,4,5], logL: -18.084485, Exp of LogL: 0.000000, Normalized LogL: -1.063793, Exp of Normalized LogL: 0.345144, Best Rate: 0.3
Fault: [0,1,5,3,4,5], logL: -18.084485, Exp of LogL: 0.000000, Normalized LogL: -1.063793, Exp of Normalized LogL: 0.345144, Best Rate: 0.3

========= ADAPTIVE MC DEBUG =========
Total calls: 170
Avg tries: 460.59
Confidence stops: 170
Max stops: 0
Max stop rate: 0.000
Real Fault Rank 1
===== SEED 91 | FR=0.3 | VR=100 =====
executing with fault mode: [0,1,1,3,4,5]

Fault scores (higher is better):
Fault: [0,1,2,3,4,5], logL: -16.406116, Exp of LogL: 0.000000, Normalized LogL: -0.745733, Exp of Normalized LogL: 0.474387, Best Rate: 0.3
Fault: [0,1,1,3,4,5], logL: -16.614384, Exp of LogL: 0.000000, Normalized LogL: -0.755199, Exp of Normalized LogL: 0.469917, Best Rate: 0.3
Fault: [0,1,1,3,0,5], logL: -16.965878, Exp of LogL: 0.000000, Normalized LogL: -0.771176, Exp of Normalized LogL: 0.462469, Best Rate: 0.3
Fault: [0,1,1,3,1,5], logL: -16.965878, Exp of LogL: 0.000000, Normalized LogL: -0.771176, Exp of Normalized LogL: 0.462469, Best Rate: 0.3
Fault: [0,1,1,3,5,5], logL: -16.965878, Exp of LogL: 0.000000, Normalized LogL: -0.771176, Exp of Normalized LogL: 0.462469, Best Rate: 0.3
Fault: [0,1,1,3,2,5], logL: -16.965878, Exp of LogL: 0.000000, Normalized LogL: -0.771176, Exp of Normalized LogL: 0.462469, Best Rate: 0.3
Fault: [0,1,3,3,4,5], logL: -17.815260, Exp of LogL: 0.000000, Normalized LogL: -0.809785, Exp of Normalized LogL: 0.444954, Best Rate: 0.3
Fault: [0,1,0,3,4,5], logL: -17.912003, Exp of LogL: 0.000000, Normalized LogL: -0.814182, Exp of Normalized LogL: 0.443002, Best Rate: 0.3
Fault: [0,1,4,3,4,5], logL: -18.216271, Exp of LogL: 0.000000, Normalized LogL: -0.828012, Exp of Normalized LogL: 0.436917, Best Rate: 0.3
Fault: [0,1,5,3,4,5], logL: -18.216271, Exp of LogL: 0.000000, Normalized LogL: -0.828012, Exp of Normalized LogL: 0.436917, Best Rate: 0.3

========= ADAPTIVE MC DEBUG =========
Total calls: 220
Avg tries: 490.45
Confidence stops: 220
Max stops: 0
Max stop rate: 0.000
Real Fault Rank 2
================= 22/08/2026 05:26:50: SEED 91 END =================
================= 22/08/2026 05:26:50: SEED 92 (89/100), a*=2 fault=[0,1,0,3,4,5] START =================
===== SEED 92 | FR=0.3 | VR=20 =====
executing with fault mode: [0,1,0,3,4,5]

executing with fault mode: [0,1,0,3,4,5]

Fault scores (higher is better):
Fault: [0,1,4,3,4,5], logL: -2.928366, Exp of LogL: 0.053484, Normalized LogL: -0.976122, Exp of Normalized LogL: 0.376769, Best Rate: 0.3
Fault: [0,1,5,3,4,5], logL: -2.928366, Exp of LogL: 0.053484, Normalized LogL: -0.976122, Exp of Normalized LogL: 0.376769, Best Rate: 0.3
Fault: [0,1,0,4,4,5], logL: -3.075921, Exp of LogL: 0.046147, Normalized LogL: -1.025307, Exp of Normalized LogL: 0.358686, Best Rate: 0.3
Fault: [0,1,0,5,4,5], logL: -3.075921, Exp of LogL: 0.046147, Normalized LogL: -1.025307, Exp of Normalized LogL: 0.358686, Best Rate: 0.3
Fault: [0,1,0,2,4,5], logL: -3.075921, Exp of LogL: 0.046147, Normalized LogL: -1.025307, Exp of Normalized LogL: 0.358686, Best Rate: 0.3
Fault: [0,1,0,0,4,5], logL: -3.323397, Exp of LogL: 0.036030, Normalized LogL: -1.107799, Exp of Normalized LogL: 0.330285, Best Rate: 0.3
Fault: [0,1,2,3,4,5], logL: -3.363289, Exp of LogL: 0.034621, Normalized LogL: -1.121096, Exp of Normalized LogL: 0.325922, Best Rate: 0.3
Fault: [0,1,3,3,4,5], logL: -3.408554, Exp of LogL: 0.033089, Normalized LogL: -1.136185, Exp of Normalized LogL: 0.321042, Best Rate: 0.3
Fault: [0,1,0,3,4,5], logL: -3.432596, Exp of LogL: 0.032303, Normalized LogL: -1.144199, Exp of Normalized LogL: 0.318479, Best Rate: 0.3
Fault: [0,1,1,3,4,5], logL: -3.596739, Exp of LogL: 0.027413, Normalized LogL: -1.198913, Exp of Normalized LogL: 0.301522, Best Rate: 0.3

========= ADAPTIVE MC DEBUG =========
Total calls: 30
Avg tries: 498.33
Confidence stops: 30
Max stops: 0
Max stop rate: 0.000
Real Fault Rank 9
===== SEED 92 | FR=0.3 | VR=40 =====
executing with fault mode: [0,1,0,3,4,5]

executing with fault mode: [0,1,0,3,4,5]

Fault scores (higher is better):
Fault: [0,1,0,4,4,5], logL: -4.379612, Exp of LogL: 0.012530, Normalized LogL: -0.875922, Exp of Normalized LogL: 0.416478, Best Rate: 0.3
Fault: [0,1,0,5,4,5], logL: -4.379612, Exp of LogL: 0.012530, Normalized LogL: -0.875922, Exp of Normalized LogL: 0.416478, Best Rate: 0.3
Fault: [0,1,0,2,4,5], logL: -4.379612, Exp of LogL: 0.012530, Normalized LogL: -0.875922, Exp of Normalized LogL: 0.416478, Best Rate: 0.3
Fault: [0,1,4,3,4,5], logL: -4.444567, Exp of LogL: 0.011742, Normalized LogL: -0.888913, Exp of Normalized LogL: 0.411102, Best Rate: 0.3
Fault: [0,1,5,3,4,5], logL: -4.444567, Exp of LogL: 0.011742, Normalized LogL: -0.888913, Exp of Normalized LogL: 0.411102, Best Rate: 0.3
Fault: [0,1,2,3,4,5], logL: -4.450524, Exp of LogL: 0.011672, Normalized LogL: -0.890105, Exp of Normalized LogL: 0.410613, Best Rate: 0.3
Fault: [0,1,0,3,4,5], logL: -4.655459, Exp of LogL: 0.009510, Normalized LogL: -0.931092, Exp of Normalized LogL: 0.394123, Best Rate: 0.3
Fault: [0,1,0,0,4,5], logL: -4.716084, Exp of LogL: 0.008950, Normalized LogL: -0.943217, Exp of Normalized LogL: 0.389373, Best Rate: 0.3
Fault: [0,1,1,3,4,5], logL: -4.951584, Exp of LogL: 0.007072, Normalized LogL: -0.990317, Exp of Normalized LogL: 0.371459, Best Rate: 0.3
Fault: [0,1,3,3,4,5], logL: -5.048432, Exp of LogL: 0.006419, Normalized LogL: -1.009686, Exp of Normalized LogL: 0.364333, Best Rate: 0.3

========= ADAPTIVE MC DEBUG =========
Total calls: 50
Avg tries: 482.00
Confidence stops: 50
Max stops: 0
Max stop rate: 0.000
Real Fault Rank 7
===== SEED 92 | FR=0.3 | VR=60 =====
executing with fault mode: [0,1,0,3,4,5]

executing with fault mode: [0,1,0,3,4,5]

Fault scores (higher is better):
Fault: [0,1,0,4,4,5], logL: -5.166370, Exp of LogL: 0.005705, Normalized LogL: -0.738053, Exp of Normalized LogL: 0.478044, Best Rate: 0.3
Fault: [0,1,0,5,4,5], logL: -5.166370, Exp of LogL: 0.005705, Normalized LogL: -0.738053, Exp of Normalized LogL: 0.478044, Best Rate: 0.3
Fault: [0,1,0,2,4,5], logL: -5.166370, Exp of LogL: 0.005705, Normalized LogL: -0.738053, Exp of Normalized LogL: 0.478044, Best Rate: 0.3
Fault: [0,1,2,3,4,5], logL: -5.202345, Exp of LogL: 0.005504, Normalized LogL: -0.743192, Exp of Normalized LogL: 0.475593, Best Rate: 0.3
Fault: [0,1,0,3,4,5], logL: -5.417685, Exp of LogL: 0.004437, Normalized LogL: -0.773955, Exp of Normalized LogL: 0.461185, Best Rate: 0.3
Fault: [0,1,0,0,4,5], logL: -5.725986, Exp of LogL: 0.003260, Normalized LogL: -0.817998, Exp of Normalized LogL: 0.441314, Best Rate: 0.3
Fault: [0,1,1,3,4,5], logL: -5.733227, Exp of LogL: 0.003237, Normalized LogL: -0.819032, Exp of Normalized LogL: 0.440858, Best Rate: 0.3
Fault: [0,1,3,3,4,5], logL: -6.058335, Exp of LogL: 0.002338, Normalized LogL: -0.865476, Exp of Normalized LogL: 0.420851, Best Rate: 0.3
Fault: [0,1,4,3,4,5], logL: -6.263129, Exp of LogL: 0.001905, Normalized LogL: -0.894733, Exp of Normalized LogL: 0.408717, Best Rate: 0.3
Fault: [0,1,5,3,4,5], logL: -6.263129, Exp of LogL: 0.001905, Normalized LogL: -0.894733, Exp of Normalized LogL: 0.408717, Best Rate: 0.3

========= ADAPTIVE MC DEBUG =========
Total calls: 70
Avg tries: 514.29
Confidence stops: 70
Max stops: 0
Max stop rate: 0.000
Real Fault Rank 5
===== SEED 92 | FR=0.3 | VR=80 =====
executing with fault mode: [0,1,0,3,4,5]

executing with fault mode: [0,1,0,3,4,5]

Fault scores (higher is better):
Fault: [0,1,2,3,4,5], logL: -5.261091, Exp of LogL: 0.005190, Normalized LogL: -0.584566, Exp of Normalized LogL: 0.557348, Best Rate: 0.3
Fault: [0,1,0,4,4,5], logL: -5.473253, Exp of LogL: 0.004198, Normalized LogL: -0.608139, Exp of Normalized LogL: 0.544363, Best Rate: 0.3
Fault: [0,1,0,5,4,5], logL: -5.473253, Exp of LogL: 0.004198, Normalized LogL: -0.608139, Exp of Normalized LogL: 0.544363, Best Rate: 0.3
Fault: [0,1,0,2,4,5], logL: -5.473253, Exp of LogL: 0.004198, Normalized LogL: -0.608139, Exp of Normalized LogL: 0.544363, Best Rate: 0.3
Fault: [0,1,0,3,4,5], logL: -5.724567, Exp of LogL: 0.003265, Normalized LogL: -0.636063, Exp of Normalized LogL: 0.529372, Best Rate: 0.3
Fault: [0,1,1,3,4,5], logL: -5.740158, Exp of LogL: 0.003214, Normalized LogL: -0.637795, Exp of Normalized LogL: 0.528456, Best Rate: 0.3
Fault: [0,1,0,0,4,5], logL: -6.032869, Exp of LogL: 0.002399, Normalized LogL: -0.670319, Exp of Normalized LogL: 0.511546, Best Rate: 0.3
Fault: [0,1,3,3,4,5], logL: -6.106283, Exp of LogL: 0.002229, Normalized LogL: -0.678476, Exp of Normalized LogL: 0.507390, Best Rate: 0.3
Fault: [0,1,4,3,4,5], logL: -6.311078, Exp of LogL: 0.001816, Normalized LogL: -0.701231, Exp of Normalized LogL: 0.495974, Best Rate: 0.3
Fault: [0,1,5,3,4,5], logL: -6.311078, Exp of LogL: 0.001816, Normalized LogL: -0.701231, Exp of Normalized LogL: 0.495974, Best Rate: 0.3

========= ADAPTIVE MC DEBUG =========
Total calls: 90
Avg tries: 536.67
Confidence stops: 90
Max stops: 0
Max stop rate: 0.000
Real Fault Rank 5
===== SEED 92 | FR=0.3 | VR=100 =====
executing with fault mode: [0,1,0,3,4,5]

executing with fault mode: [0,1,0,3,4,5]

Fault scores (higher is better):
Fault: [0,1,0,3,4,5], logL: -6.918207, Exp of LogL: 0.000990, Normalized LogL: -0.576517, Exp of Normalized LogL: 0.561852, Best Rate: 0.3
Fault: [0,1,2,3,4,5], logL: -7.137951, Exp of LogL: 0.000794, Normalized LogL: -0.594829, Exp of Normalized LogL: 0.551657, Best Rate: 0.3
Fault: [0,1,0,0,4,5], logL: -7.160290, Exp of LogL: 0.000777, Normalized LogL: -0.596691, Exp of Normalized LogL: 0.550631, Best Rate: 0.3
Fault: [0,1,0,4,4,5], logL: -7.233271, Exp of LogL: 0.000722, Normalized LogL: -0.602773, Exp of Normalized LogL: 0.547292, Best Rate: 0.3
Fault: [0,1,0,5,4,5], logL: -7.233271, Exp of LogL: 0.000722, Normalized LogL: -0.602773, Exp of Normalized LogL: 0.547292, Best Rate: 0.3
Fault: [0,1,0,2,4,5], logL: -7.233271, Exp of LogL: 0.000722, Normalized LogL: -0.602773, Exp of Normalized LogL: 0.547292, Best Rate: 0.3
Fault: [0,1,3,3,4,5], logL: -8.040955, Exp of LogL: 0.000322, Normalized LogL: -0.670080, Exp of Normalized LogL: 0.511668, Best Rate: 0.3
Fault: [0,1,1,3,4,5], logL: -8.177571, Exp of LogL: 0.000281, Normalized LogL: -0.681464, Exp of Normalized LogL: 0.505876, Best Rate: 0.3
Fault: [0,1,4,3,4,5], logL: -8.460809, Exp of LogL: 0.000212, Normalized LogL: -0.705067, Exp of Normalized LogL: 0.494075, Best Rate: 0.3
Fault: [0,1,5,3,4,5], logL: -8.460809, Exp of LogL: 0.000212, Normalized LogL: -0.705067, Exp of Normalized LogL: 0.494075, Best Rate: 0.3

========= ADAPTIVE MC DEBUG =========
Total calls: 120
Avg tries: 482.50
Confidence stops: 120
Max stops: 0
Max stop rate: 0.000
Real Fault Rank 1
================= 22/08/2026 05:27:11: SEED 92 END =================
================= 22/08/2026 05:27:11: SEED 93 (90/100), a*=2 fault=[0,1,1,3,4,5] START =================
===== SEED 93 | FR=0.3 | VR=20 =====
executing with fault mode: [0,1,1,3,4,5]

Fault scores (higher is better):
Fault: [0,1,0,3,4,5], logL: -10.216787, Exp of LogL: 0.000037, Normalized LogL: -1.702798, Exp of Normalized LogL: 0.182173, Best Rate: 0.3
Fault: [0,1,5,3,4,5], logL: -10.344270, Exp of LogL: 0.000032, Normalized LogL: -1.724045, Exp of Normalized LogL: 0.178343, Best Rate: 0.3
Fault: [0,1,4,3,4,5], logL: -10.344270, Exp of LogL: 0.000032, Normalized LogL: -1.724045, Exp of Normalized LogL: 0.178343, Best Rate: 0.3
Fault: [0,1,2,3,4,5], logL: -10.426138, Exp of LogL: 0.000030, Normalized LogL: -1.737690, Exp of Normalized LogL: 0.175926, Best Rate: 0.3
Fault: [0,1,1,3,0,5], logL: -10.451582, Exp of LogL: 0.000029, Normalized LogL: -1.741930, Exp of Normalized LogL: 0.175182, Best Rate: 0.3
Fault: [0,1,1,3,5,5], logL: -10.451582, Exp of LogL: 0.000029, Normalized LogL: -1.741930, Exp of Normalized LogL: 0.175182, Best Rate: 0.3
Fault: [0,1,3,3,4,5], logL: -10.522623, Exp of LogL: 0.000027, Normalized LogL: -1.753770, Exp of Normalized LogL: 0.173120, Best Rate: 0.3
Fault: [0,1,1,3,4,5], logL: -10.557714, Exp of LogL: 0.000026, Normalized LogL: -1.759619, Exp of Normalized LogL: 0.172110, Best Rate: 0.3
Fault: [0,1,1,3,2,5], logL: -10.619015, Exp of LogL: 0.000024, Normalized LogL: -1.769836, Exp of Normalized LogL: 0.170361, Best Rate: 0.3
Fault: [0,1,1,3,1,5], logL: -10.642271, Exp of LogL: 0.000024, Normalized LogL: -1.773712, Exp of Normalized LogL: 0.169702, Best Rate: 0.3

========= ADAPTIVE MC DEBUG =========
Total calls: 60
Avg tries: 395.83
Confidence stops: 60
Max stops: 0
Max stop rate: 0.000
Real Fault Rank 8
===== SEED 93 | FR=0.3 | VR=40 =====
executing with fault mode: [0,1,1,3,4,5]

Fault scores (higher is better):
Fault: [0,1,0,3,4,5], logL: -13.214332, Exp of LogL: 0.000002, Normalized LogL: -1.201303, Exp of Normalized LogL: 0.300802, Best Rate: 0.3
Fault: [0,1,2,3,4,5], logL: -14.475180, Exp of LogL: 0.000001, Normalized LogL: -1.315925, Exp of Normalized LogL: 0.268226, Best Rate: 0.3
Fault: [0,1,3,3,4,5], logL: -14.904187, Exp of LogL: 0.000000, Normalized LogL: -1.354926, Exp of Normalized LogL: 0.257966, Best Rate: 0.3
Fault: [0,1,1,3,4,5], logL: -15.134551, Exp of LogL: 0.000000, Normalized LogL: -1.375868, Exp of Normalized LogL: 0.252620, Best Rate: 0.3
Fault: [0,1,1,3,0,5], logL: -15.493826, Exp of LogL: 0.000000, Normalized LogL: -1.408530, Exp of Normalized LogL: 0.244503, Best Rate: 0.3
Fault: [0,1,1,3,2,5], logL: -15.493826, Exp of LogL: 0.000000, Normalized LogL: -1.408530, Exp of Normalized LogL: 0.244503, Best Rate: 0.3
Fault: [0,1,1,3,1,5], logL: -15.493826, Exp of LogL: 0.000000, Normalized LogL: -1.408530, Exp of Normalized LogL: 0.244503, Best Rate: 0.3
Fault: [0,1,1,3,5,5], logL: -15.493826, Exp of LogL: 0.000000, Normalized LogL: -1.408530, Exp of Normalized LogL: 0.244503, Best Rate: 0.3
Fault: [0,1,5,3,4,5], logL: -15.597334, Exp of LogL: 0.000000, Normalized LogL: -1.417939, Exp of Normalized LogL: 0.242213, Best Rate: 0.3
Fault: [0,1,4,3,4,5], logL: -15.597334, Exp of LogL: 0.000000, Normalized LogL: -1.417939, Exp of Normalized LogL: 0.242213, Best Rate: 0.3

========= ADAPTIVE MC DEBUG =========
Total calls: 110
Avg tries: 452.27
Confidence stops: 110
Max stops: 0
Max stop rate: 0.000
Real Fault Rank 4
===== SEED 93 | FR=0.3 | VR=60 =====
executing with fault mode: [0,1,1,3,4,5]

Fault scores (higher is better):
Fault: [0,1,0,3,4,5], logL: -14.632056, Exp of LogL: 0.000000, Normalized LogL: -0.914504, Exp of Normalized LogL: 0.400716, Best Rate: 0.3
Fault: [0,1,2,3,4,5], logL: -15.815123, Exp of LogL: 0.000000, Normalized LogL: -0.988445, Exp of Normalized LogL: 0.372155, Best Rate: 0.3
Fault: [0,1,3,3,4,5], logL: -16.456830, Exp of LogL: 0.000000, Normalized LogL: -1.028552, Exp of Normalized LogL: 0.357524, Best Rate: 0.3
Fault: [0,1,5,3,4,5], logL: -16.862296, Exp of LogL: 0.000000, Normalized LogL: -1.053893, Exp of Normalized LogL: 0.348578, Best Rate: 0.3
Fault: [0,1,4,3,4,5], logL: -16.862296, Exp of LogL: 0.000000, Normalized LogL: -1.053893, Exp of Normalized LogL: 0.348578, Best Rate: 0.3
Fault: [0,1,1,3,4,5], logL: -16.989160, Exp of LogL: 0.000000, Normalized LogL: -1.061822, Exp of Normalized LogL: 0.345825, Best Rate: 0.3
Fault: [0,1,1,3,0,5], logL: -17.380184, Exp of LogL: 0.000000, Normalized LogL: -1.086262, Exp of Normalized LogL: 0.337476, Best Rate: 0.3
Fault: [0,1,1,3,2,5], logL: -17.380184, Exp of LogL: 0.000000, Normalized LogL: -1.086262, Exp of Normalized LogL: 0.337476, Best Rate: 0.3
Fault: [0,1,1,3,1,5], logL: -17.380184, Exp of LogL: 0.000000, Normalized LogL: -1.086262, Exp of Normalized LogL: 0.337476, Best Rate: 0.3
Fault: [0,1,1,3,5,5], logL: -17.380184, Exp of LogL: 0.000000, Normalized LogL: -1.086262, Exp of Normalized LogL: 0.337476, Best Rate: 0.3

========= ADAPTIVE MC DEBUG =========
Total calls: 160
Avg tries: 466.56
Confidence stops: 160
Max stops: 0
Max stop rate: 0.000
Real Fault Rank 6
===== SEED 93 | FR=0.3 | VR=80 =====
executing with fault mode: [0,1,1,3,4,5]

Fault scores (higher is better):
Fault: [0,1,0,3,4,5], logL: -18.431763, Exp of LogL: 0.000000, Normalized LogL: -0.877703, Exp of Normalized LogL: 0.415737, Best Rate: 0.3
Fault: [0,1,2,3,4,5], logL: -18.577102, Exp of LogL: 0.000000, Normalized LogL: -0.884624, Exp of Normalized LogL: 0.412869, Best Rate: 0.3
Fault: [0,1,3,3,4,5], logL: -19.309719, Exp of LogL: 0.000000, Normalized LogL: -0.919510, Exp of Normalized LogL: 0.398714, Best Rate: 0.3
Fault: [0,1,5,3,4,5], logL: -20.290548, Exp of LogL: 0.000000, Normalized LogL: -0.966217, Exp of Normalized LogL: 0.380520, Best Rate: 0.3
Fault: [0,1,4,3,4,5], logL: -20.290548, Exp of LogL: 0.000000, Normalized LogL: -0.966217, Exp of Normalized LogL: 0.380520, Best Rate: 0.3
Fault: [0,1,1,3,4,5], logL: -20.594018, Exp of LogL: 0.000000, Normalized LogL: -0.980668, Exp of Normalized LogL: 0.375061, Best Rate: 0.3
Fault: [0,1,1,3,0,5], logL: -20.985043, Exp of LogL: 0.000000, Normalized LogL: -0.999288, Exp of Normalized LogL: 0.368142, Best Rate: 0.3
Fault: [0,1,1,3,2,5], logL: -20.985043, Exp of LogL: 0.000000, Normalized LogL: -0.999288, Exp of Normalized LogL: 0.368142, Best Rate: 0.3
Fault: [0,1,1,3,1,5], logL: -20.985043, Exp of LogL: 0.000000, Normalized LogL: -0.999288, Exp of Normalized LogL: 0.368142, Best Rate: 0.3
Fault: [0,1,1,3,5,5], logL: -20.985043, Exp of LogL: 0.000000, Normalized LogL: -0.999288, Exp of Normalized LogL: 0.368142, Best Rate: 0.3

========= ADAPTIVE MC DEBUG =========
Total calls: 210
Avg tries: 473.57
Confidence stops: 210
Max stops: 0
Max stop rate: 0.000
Real Fault Rank 6
===== SEED 93 | FR=0.3 | VR=100 =====
executing with fault mode: [0,1,1,3,4,5]

Fault scores (higher is better):
Fault: [0,1,0,3,4,5], logL: -20.532050, Exp of LogL: 0.000000, Normalized LogL: -0.789694, Exp of Normalized LogL: 0.453984, Best Rate: 0.3
Fault: [0,1,3,3,4,5], logL: -21.763390, Exp of LogL: 0.000000, Normalized LogL: -0.837053, Exp of Normalized LogL: 0.432984, Best Rate: 0.3
Fault: [0,1,1,3,4,5], logL: -23.132205, Exp of LogL: 0.000000, Normalized LogL: -0.889700, Exp of Normalized LogL: 0.410779, Best Rate: 0.3
Fault: [0,1,1,3,0,5], logL: -23.523230, Exp of LogL: 0.000000, Normalized LogL: -0.904740, Exp of Normalized LogL: 0.404647, Best Rate: 0.3
Fault: [0,1,1,3,2,5], logL: -23.523230, Exp of LogL: 0.000000, Normalized LogL: -0.904740, Exp of Normalized LogL: 0.404647, Best Rate: 0.3
Fault: [0,1,1,3,1,5], logL: -23.523230, Exp of LogL: 0.000000, Normalized LogL: -0.904740, Exp of Normalized LogL: 0.404647, Best Rate: 0.3
Fault: [0,1,1,3,5,5], logL: -23.523230, Exp of LogL: 0.000000, Normalized LogL: -0.904740, Exp of Normalized LogL: 0.404647, Best Rate: 0.3
Fault: [0,1,2,3,4,5], logL: -45.788517, Exp of LogL: 0.000000, Normalized LogL: -1.761097, Exp of Normalized LogL: 0.171856, Best Rate: 0.3
Fault: [0,1,5,3,4,5], logL: -47.855247, Exp of LogL: 0.000000, Normalized LogL: -1.840586, Exp of Normalized LogL: 0.158724, Best Rate: 0.3
Fault: [0,1,4,3,4,5], logL: -47.855247, Exp of LogL: 0.000000, Normalized LogL: -1.840586, Exp of Normalized LogL: 0.158724, Best Rate: 0.3

========= ADAPTIVE MC DEBUG =========
Total calls: 260
Avg tries: 475.77
Confidence stops: 260
Max stops: 0
Max stop rate: 0.000
Real Fault Rank 3
================= 22/08/2026 05:27:54: SEED 93 END =================
================= 22/08/2026 05:27:54: SEED 94 (91/100), a*=0 fault=[5,1,2,3,4,5] START =================
===== SEED 94 | FR=0.3 | VR=20 =====
executing with fault mode: [5,1,2,3,4,5]

executing with fault mode: [5,1,2,3,4,5]

Fault scores (higher is better):
Fault: [5,1,2,3,3,5], logL: -7.528396, Exp of LogL: 0.000538, Normalized LogL: -1.882099, Exp of Normalized LogL: 0.152270, Best Rate: 0.3
Fault: [5,1,2,3,4,5], logL: -7.564763, Exp of LogL: 0.000518, Normalized LogL: -1.891191, Exp of Normalized LogL: 0.150892, Best Rate: 0.3
Fault: [5,1,2,3,0,5], logL: -7.570068, Exp of LogL: 0.000516, Normalized LogL: -1.892517, Exp of Normalized LogL: 0.150692, Best Rate: 0.3
Fault: [5,1,2,3,5,5], logL: -7.576740, Exp of LogL: 0.000512, Normalized LogL: -1.894185, Exp of Normalized LogL: 0.150441, Best Rate: 0.3
Fault: [5,1,2,3,1,5], logL: -7.576740, Exp of LogL: 0.000512, Normalized LogL: -1.894185, Exp of Normalized LogL: 0.150441, Best Rate: 0.3
Fault: [4,1,2,3,4,5], logL: -7.705121, Exp of LogL: 0.000451, Normalized LogL: -1.926280, Exp of Normalized LogL: 0.145689, Best Rate: 0.3
Fault: [2,1,2,3,4,5], logL: -7.705121, Exp of LogL: 0.000451, Normalized LogL: -1.926280, Exp of Normalized LogL: 0.145689, Best Rate: 0.3
Fault: [1,1,2,3,4,5], logL: -7.705121, Exp of LogL: 0.000451, Normalized LogL: -1.926280, Exp of Normalized LogL: 0.145689, Best Rate: 0.3
Fault: [0,1,2,3,4,5], logL: -7.970229, Exp of LogL: 0.000346, Normalized LogL: -1.992557, Exp of Normalized LogL: 0.136346, Best Rate: 0.3
Fault: [3,1,2,3,4,5], logL: -8.412061, Exp of LogL: 0.000222, Normalized LogL: -2.103015, Exp of Normalized LogL: 0.122088, Best Rate: 0.3

========= ADAPTIVE MC DEBUG =========
Total calls: 40
Avg tries: 345.00
Confidence stops: 40
Max stops: 0
Max stop rate: 0.000
Real Fault Rank 2
===== SEED 94 | FR=0.3 | VR=40 =====
executing with fault mode: [5,1,2,3,4,5]

executing with fault mode: [5,1,2,3,4,5]

Fault scores (higher is better):
Fault: [5,1,2,3,0,5], logL: -8.352632, Exp of LogL: 0.000236, Normalized LogL: -1.193233, Exp of Normalized LogL: 0.303239, Best Rate: 0.3
Fault: [5,1,2,3,3,5], logL: -8.389446, Exp of LogL: 0.000227, Normalized LogL: -1.198492, Exp of Normalized LogL: 0.301649, Best Rate: 0.3
Fault: [5,1,2,3,5,5], logL: -8.427667, Exp of LogL: 0.000219, Normalized LogL: -1.203952, Exp of Normalized LogL: 0.300006, Best Rate: 0.3
Fault: [5,1,2,3,1,5], logL: -8.427667, Exp of LogL: 0.000219, Normalized LogL: -1.203952, Exp of Normalized LogL: 0.300006, Best Rate: 0.3
Fault: [5,1,2,3,4,5], logL: -8.467407, Exp of LogL: 0.000210, Normalized LogL: -1.209630, Exp of Normalized LogL: 0.298308, Best Rate: 0.3
Fault: [4,1,2,3,4,5], logL: -8.667649, Exp of LogL: 0.000172, Normalized LogL: -1.238236, Exp of Normalized LogL: 0.289895, Best Rate: 0.3
Fault: [2,1,2,3,4,5], logL: -8.667649, Exp of LogL: 0.000172, Normalized LogL: -1.238236, Exp of Normalized LogL: 0.289895, Best Rate: 0.3
Fault: [1,1,2,3,4,5], logL: -8.667649, Exp of LogL: 0.000172, Normalized LogL: -1.238236, Exp of Normalized LogL: 0.289895, Best Rate: 0.3
Fault: [0,1,2,3,4,5], logL: -8.879652, Exp of LogL: 0.000139, Normalized LogL: -1.268522, Exp of Normalized LogL: 0.281247, Best Rate: 0.3
Fault: [3,1,2,3,4,5], logL: -9.321485, Exp of LogL: 0.000089, Normalized LogL: -1.331641, Exp of Normalized LogL: 0.264044, Best Rate: 0.3

========= ADAPTIVE MC DEBUG =========
Total calls: 70
Avg tries: 436.43
Confidence stops: 70
Max stops: 0
Max stop rate: 0.000
Real Fault Rank 5
===== SEED 94 | FR=0.3 | VR=60 =====
executing with fault mode: [5,1,2,3,4,5]

executing with fault mode: [5,1,2,3,4,5]

Fault scores (higher is better):
Fault: [5,1,2,3,0,5], logL: -9.090058, Exp of LogL: 0.000113, Normalized LogL: -0.909006, Exp of Normalized LogL: 0.402925, Best Rate: 0.3
Fault: [5,1,2,3,3,5], logL: -9.138848, Exp of LogL: 0.000107, Normalized LogL: -0.913885, Exp of Normalized LogL: 0.400964, Best Rate: 0.3
Fault: [5,1,2,3,4,5], logL: -9.151645, Exp of LogL: 0.000106, Normalized LogL: -0.915164, Exp of Normalized LogL: 0.400451, Best Rate: 0.3
Fault: [5,1,2,3,5,5], logL: -9.292999, Exp of LogL: 0.000092, Normalized LogL: -0.929300, Exp of Normalized LogL: 0.394830, Best Rate: 0.3
Fault: [5,1,2,3,1,5], logL: -9.292999, Exp of LogL: 0.000092, Normalized LogL: -0.929300, Exp of Normalized LogL: 0.394830, Best Rate: 0.3
Fault: [0,1,2,3,4,5], logL: -10.006494, Exp of LogL: 0.000045, Normalized LogL: -1.000649, Exp of Normalized LogL: 0.367641, Best Rate: 0.3
Fault: [3,1,2,3,4,5], logL: -10.448327, Exp of LogL: 0.000029, Normalized LogL: -1.044833, Exp of Normalized LogL: 0.351751, Best Rate: 0.3
Fault: [4,1,2,3,4,5], logL: -10.566110, Exp of LogL: 0.000026, Normalized LogL: -1.056611, Exp of Normalized LogL: 0.347632, Best Rate: 0.3
Fault: [2,1,2,3,4,5], logL: -10.566110, Exp of LogL: 0.000026, Normalized LogL: -1.056611, Exp of Normalized LogL: 0.347632, Best Rate: 0.3
Fault: [1,1,2,3,4,5], logL: -10.566110, Exp of LogL: 0.000026, Normalized LogL: -1.056611, Exp of Normalized LogL: 0.347632, Best Rate: 0.3

========= ADAPTIVE MC DEBUG =========
Total calls: 100
Avg tries: 433.00
Confidence stops: 100
Max stops: 0
Max stop rate: 0.000
Real Fault Rank 3
===== SEED 94 | FR=0.3 | VR=80 =====
executing with fault mode: [5,1,2,3,4,5]

executing with fault mode: [5,1,2,3,4,5]

Fault scores (higher is better):
Fault: [5,1,2,3,4,5], logL: -9.451982, Exp of LogL: 0.000079, Normalized LogL: -0.727076, Exp of Normalized LogL: 0.483320, Best Rate: 0.3
Fault: [5,1,2,3,0,5], logL: -9.953227, Exp of LogL: 0.000048, Normalized LogL: -0.765633, Exp of Normalized LogL: 0.465040, Best Rate: 0.3
Fault: [5,1,2,3,3,5], logL: -9.982703, Exp of LogL: 0.000046, Normalized LogL: -0.767900, Exp of Normalized LogL: 0.463986, Best Rate: 0.3
Fault: [5,1,2,3,5,5], logL: -10.030853, Exp of LogL: 0.000044, Normalized LogL: -0.771604, Exp of Normalized LogL: 0.462271, Best Rate: 0.3
Fault: [5,1,2,3,1,5], logL: -10.030853, Exp of LogL: 0.000044, Normalized LogL: -0.771604, Exp of Normalized LogL: 0.462271, Best Rate: 0.3
Fault: [0,1,2,3,4,5], logL: -36.887063, Exp of LogL: 0.000000, Normalized LogL: -2.837466, Exp of Normalized LogL: 0.058574, Best Rate: 0.3
Fault: [3,1,2,3,4,5], logL: -37.138978, Exp of LogL: 0.000000, Normalized LogL: -2.856844, Exp of Normalized LogL: 0.057450, Best Rate: 0.3
Fault: [4,1,2,3,4,5], logL: -37.217021, Exp of LogL: 0.000000, Normalized LogL: -2.862848, Exp of Normalized LogL: 0.057106, Best Rate: 0.3
Fault: [2,1,2,3,4,5], logL: -37.217021, Exp of LogL: 0.000000, Normalized LogL: -2.862848, Exp of Normalized LogL: 0.057106, Best Rate: 0.3
Fault: [1,1,2,3,4,5], logL: -37.217021, Exp of LogL: 0.000000, Normalized LogL: -2.862848, Exp of Normalized LogL: 0.057106, Best Rate: 0.3

========= ADAPTIVE MC DEBUG =========
Total calls: 130
Avg tries: 450.38
Confidence stops: 130
Max stops: 0
Max stop rate: 0.000
Real Fault Rank 1
===== SEED 94 | FR=0.3 | VR=100 =====
executing with fault mode: [5,1,2,3,4,5]

executing with fault mode: [5,1,2,3,4,5]

Fault scores (higher is better):
Fault: [5,1,2,3,4,5], logL: -9.837092, Exp of LogL: 0.000053, Normalized LogL: -0.578652, Exp of Normalized LogL: 0.560653, Best Rate: 0.3
Fault: [5,1,2,3,5,5], logL: -10.913827, Exp of LogL: 0.000018, Normalized LogL: -0.641990, Exp of Normalized LogL: 0.526244, Best Rate: 0.3
Fault: [5,1,2,3,3,5], logL: -10.913827, Exp of LogL: 0.000018, Normalized LogL: -0.641990, Exp of Normalized LogL: 0.526244, Best Rate: 0.3
Fault: [5,1,2,3,0,5], logL: -10.913827, Exp of LogL: 0.000018, Normalized LogL: -0.641990, Exp of Normalized LogL: 0.526244, Best Rate: 0.3
Fault: [5,1,2,3,1,5], logL: -10.913827, Exp of LogL: 0.000018, Normalized LogL: -0.641990, Exp of Normalized LogL: 0.526244, Best Rate: 0.3
Fault: [0,1,2,3,4,5], logL: -62.420798, Exp of LogL: 0.000000, Normalized LogL: -3.671812, Exp of Normalized LogL: 0.025430, Best Rate: 0.3
Fault: [3,1,2,3,4,5], logL: -62.672713, Exp of LogL: 0.000000, Normalized LogL: -3.686630, Exp of Normalized LogL: 0.025056, Best Rate: 0.3
Fault: [4,1,2,3,4,5], logL: -62.750756, Exp of LogL: 0.000000, Normalized LogL: -3.691221, Exp of Normalized LogL: 0.024942, Best Rate: 0.3
Fault: [2,1,2,3,4,5], logL: -62.750756, Exp of LogL: 0.000000, Normalized LogL: -3.691221, Exp of Normalized LogL: 0.024942, Best Rate: 0.3
Fault: [1,1,2,3,4,5], logL: -62.750756, Exp of LogL: 0.000000, Normalized LogL: -3.691221, Exp of Normalized LogL: 0.024942, Best Rate: 0.3

========= ADAPTIVE MC DEBUG =========
Total calls: 170
Avg tries: 452.94
Confidence stops: 170
Max stops: 0
Max stop rate: 0.000
Real Fault Rank 1
================= 22/08/2026 05:28:20: SEED 94 END =================
================= 22/08/2026 05:28:20: SEED 95 (92/100), a*=2 fault=[0,1,0,3,4,5] START =================
===== SEED 95 | FR=0.3 | VR=20 =====
executing with fault mode: [0,1,0,3,4,5]

executing with fault mode: [0,1,0,3,4,5]

executing with fault mode: [0,1,0,3,4,5]

executing with fault mode: [0,1,0,3,4,5]

executing with fault mode: [0,1,0,3,4,5]

Fault scores (higher is better):
Fault: [0,1,0,3,1,5], logL: -13.336145, Exp of LogL: 0.000002, Normalized LogL: -2.222691, Exp of Normalized LogL: 0.108317, Best Rate: 0.3
Fault: [0,1,0,3,2,5], logL: -13.562303, Exp of LogL: 0.000001, Normalized LogL: -2.260384, Exp of Normalized LogL: 0.104310, Best Rate: 0.3
Fault: [0,1,0,3,0,5], logL: -13.700054, Exp of LogL: 0.000001, Normalized LogL: -2.283342, Exp of Normalized LogL: 0.101943, Best Rate: 0.3
Fault: [0,1,0,3,3,5], logL: -13.700054, Exp of LogL: 0.000001, Normalized LogL: -2.283342, Exp of Normalized LogL: 0.101943, Best Rate: 0.3
Fault: [0,1,0,3,4,5], logL: -14.411458, Exp of LogL: 0.000001, Normalized LogL: -2.401910, Exp of Normalized LogL: 0.090545, Best Rate: 0.3
Fault: [0,1,2,3,4,5], logL: -15.120606, Exp of LogL: 0.000000, Normalized LogL: -2.520101, Exp of Normalized LogL: 0.080451, Best Rate: 0.3
Fault: [0,1,5,3,4,5], logL: -15.482672, Exp of LogL: 0.000000, Normalized LogL: -2.580445, Exp of Normalized LogL: 0.075740, Best Rate: 0.3
Fault: [0,1,4,3,4,5], logL: -15.482672, Exp of LogL: 0.000000, Normalized LogL: -2.580445, Exp of Normalized LogL: 0.075740, Best Rate: 0.3
Fault: [0,1,3,3,4,5], logL: -15.984529, Exp of LogL: 0.000000, Normalized LogL: -2.664088, Exp of Normalized LogL: 0.069663, Best Rate: 0.3
Fault: [0,1,1,3,4,5], logL: -38.690072, Exp of LogL: 0.000000, Normalized LogL: -6.448345, Exp of Normalized LogL: 0.001583, Best Rate: 0.3

========= ADAPTIVE MC DEBUG =========
Total calls: 60
Avg tries: 290.00
Confidence stops: 60
Max stops: 0
Max stop rate: 0.000
Real Fault Rank 5
===== SEED 95 | FR=0.3 | VR=40 =====
executing with fault mode: [0,1,0,3,4,5]

executing with fault mode: [0,1,0,3,4,5]

executing with fault mode: [0,1,0,3,4,5]

executing with fault mode: [0,1,0,3,4,5]

executing with fault mode: [0,1,0,3,4,5]

Fault scores (higher is better):
Fault: [0,1,0,3,1,5], logL: -15.788669, Exp of LogL: 0.000000, Normalized LogL: -1.315722, Exp of Normalized LogL: 0.268280, Best Rate: 0.3
Fault: [0,1,0,3,2,5], logL: -16.018429, Exp of LogL: 0.000000, Normalized LogL: -1.334869, Exp of Normalized LogL: 0.263193, Best Rate: 0.3
Fault: [0,1,0,3,0,5], logL: -16.115877, Exp of LogL: 0.000000, Normalized LogL: -1.342990, Exp of Normalized LogL: 0.261064, Best Rate: 0.3
Fault: [0,1,0,3,3,5], logL: -16.115877, Exp of LogL: 0.000000, Normalized LogL: -1.342990, Exp of Normalized LogL: 0.261064, Best Rate: 0.3
Fault: [0,1,0,3,4,5], logL: -16.827281, Exp of LogL: 0.000000, Normalized LogL: -1.402273, Exp of Normalized LogL: 0.246037, Best Rate: 0.3
Fault: [0,1,5,3,4,5], logL: -17.459597, Exp of LogL: 0.000000, Normalized LogL: -1.454966, Exp of Normalized LogL: 0.233408, Best Rate: 0.3
Fault: [0,1,4,3,4,5], logL: -17.459597, Exp of LogL: 0.000000, Normalized LogL: -1.454966, Exp of Normalized LogL: 0.233408, Best Rate: 0.3
Fault: [0,1,2,3,4,5], logL: -17.480848, Exp of LogL: 0.000000, Normalized LogL: -1.456737, Exp of Normalized LogL: 0.232995, Best Rate: 0.3
Fault: [0,1,3,3,4,5], logL: -17.494626, Exp of LogL: 0.000000, Normalized LogL: -1.457885, Exp of Normalized LogL: 0.232728, Best Rate: 0.3
Fault: [0,1,1,3,4,5], logL: -18.009065, Exp of LogL: 0.000000, Normalized LogL: -1.500755, Exp of Normalized LogL: 0.222962, Best Rate: 0.3

========= ADAPTIVE MC DEBUG =========
Total calls: 120
Avg tries: 429.58
Confidence stops: 120
Max stops: 0
Max stop rate: 0.000
Real Fault Rank 5
===== SEED 95 | FR=0.3 | VR=60 =====
executing with fault mode: [0,1,0,3,4,5]

executing with fault mode: [0,1,0,3,4,5]

executing with fault mode: [0,1,0,3,4,5]

executing with fault mode: [0,1,0,3,4,5]

executing with fault mode: [0,1,0,3,4,5]

Fault scores (higher is better):
Fault: [0,1,0,3,2,5], logL: -20.265532, Exp of LogL: 0.000000, Normalized LogL: -1.125863, Exp of Normalized LogL: 0.324372, Best Rate: 0.3
Fault: [0,1,1,3,4,5], logL: -20.534808, Exp of LogL: 0.000000, Normalized LogL: -1.140823, Exp of Normalized LogL: 0.319556, Best Rate: 0.3
Fault: [0,1,0,3,1,5], logL: -21.041371, Exp of LogL: 0.000000, Normalized LogL: -1.168965, Exp of Normalized LogL: 0.310688, Best Rate: 0.3
Fault: [0,1,0,3,4,5], logL: -21.251525, Exp of LogL: 0.000000, Normalized LogL: -1.180640, Exp of Normalized LogL: 0.307082, Best Rate: 0.3
Fault: [0,1,5,3,4,5], logL: -21.340136, Exp of LogL: 0.000000, Normalized LogL: -1.185563, Exp of Normalized LogL: 0.305574, Best Rate: 0.3
Fault: [0,1,4,3,4,5], logL: -21.340136, Exp of LogL: 0.000000, Normalized LogL: -1.185563, Exp of Normalized LogL: 0.305574, Best Rate: 0.3
Fault: [0,1,0,3,0,5], logL: -21.595256, Exp of LogL: 0.000000, Normalized LogL: -1.199736, Exp of Normalized LogL: 0.301274, Best Rate: 0.3
Fault: [0,1,0,3,3,5], logL: -21.595256, Exp of LogL: 0.000000, Normalized LogL: -1.199736, Exp of Normalized LogL: 0.301274, Best Rate: 0.3
Fault: [0,1,3,3,4,5], logL: -21.612321, Exp of LogL: 0.000000, Normalized LogL: -1.200685, Exp of Normalized LogL: 0.300988, Best Rate: 0.3
Fault: [0,1,2,3,4,5], logL: -21.698851, Exp of LogL: 0.000000, Normalized LogL: -1.205492, Exp of Normalized LogL: 0.299545, Best Rate: 0.3

========= ADAPTIVE MC DEBUG =========
Total calls: 180
Avg tries: 442.50
Confidence stops: 180
Max stops: 0
Max stop rate: 0.000
Real Fault Rank 4
===== SEED 95 | FR=0.3 | VR=80 =====
executing with fault mode: [0,1,0,3,4,5]

executing with fault mode: [0,1,0,3,4,5]

executing with fault mode: [0,1,0,3,4,5]

executing with fault mode: [0,1,0,3,4,5]

executing with fault mode: [0,1,0,3,4,5]

Fault scores (higher is better):
Fault: [0,1,0,3,2,5], logL: -23.058972, Exp of LogL: 0.000000, Normalized LogL: -0.960790, Exp of Normalized LogL: 0.382590, Best Rate: 0.3
Fault: [0,1,1,3,4,5], logL: -23.211335, Exp of LogL: 0.000000, Normalized LogL: -0.967139, Exp of Normalized LogL: 0.380169, Best Rate: 0.3
Fault: [0,1,5,3,4,5], logL: -23.831060, Exp of LogL: 0.000000, Normalized LogL: -0.992961, Exp of Normalized LogL: 0.370478, Best Rate: 0.3
Fault: [0,1,4,3,4,5], logL: -23.831060, Exp of LogL: 0.000000, Normalized LogL: -0.992961, Exp of Normalized LogL: 0.370478, Best Rate: 0.3
Fault: [0,1,0,3,1,5], logL: -23.834810, Exp of LogL: 0.000000, Normalized LogL: -0.993117, Exp of Normalized LogL: 0.370420, Best Rate: 0.3
Fault: [0,1,2,3,4,5], logL: -23.931986, Exp of LogL: 0.000000, Normalized LogL: -0.997166, Exp of Normalized LogL: 0.368923, Best Rate: 0.3
Fault: [0,1,0,3,4,5], logL: -24.039783, Exp of LogL: 0.000000, Normalized LogL: -1.001658, Exp of Normalized LogL: 0.367270, Best Rate: 0.3
Fault: [0,1,3,3,4,5], logL: -24.208921, Exp of LogL: 0.000000, Normalized LogL: -1.008705, Exp of Normalized LogL: 0.364691, Best Rate: 0.3
Fault: [0,1,0,3,0,5], logL: -24.388696, Exp of LogL: 0.000000, Normalized LogL: -1.016196, Exp of Normalized LogL: 0.361969, Best Rate: 0.3
Fault: [0,1,0,3,3,5], logL: -24.388696, Exp of LogL: 0.000000, Normalized LogL: -1.016196, Exp of Normalized LogL: 0.361969, Best Rate: 0.3

========= ADAPTIVE MC DEBUG =========
Total calls: 240
Avg tries: 453.96
Confidence stops: 240
Max stops: 0
Max stop rate: 0.000
Real Fault Rank 7
===== SEED 95 | FR=0.3 | VR=100 =====
executing with fault mode: [0,1,0,3,4,5]

executing with fault mode: [0,1,0,3,4,5]

executing with fault mode: [0,1,0,3,4,5]

executing with fault mode: [0,1,0,3,4,5]

executing with fault mode: [0,1,0,3,4,5]

Fault scores (higher is better):
Fault: [0,1,1,3,4,5], logL: -25.657583, Exp of LogL: 0.000000, Normalized LogL: -0.855253, Exp of Normalized LogL: 0.425176, Best Rate: 0.3
Fault: [0,1,0,3,4,5], logL: -25.844125, Exp of LogL: 0.000000, Normalized LogL: -0.861471, Exp of Normalized LogL: 0.422540, Best Rate: 0.3
Fault: [0,1,2,3,4,5], logL: -26.083390, Exp of LogL: 0.000000, Normalized LogL: -0.869446, Exp of Normalized LogL: 0.419184, Best Rate: 0.3
Fault: [0,1,0,3,0,5], logL: -26.193038, Exp of LogL: 0.000000, Normalized LogL: -0.873101, Exp of Normalized LogL: 0.417654, Best Rate: 0.3
Fault: [0,1,0,3,1,5], logL: -26.193038, Exp of LogL: 0.000000, Normalized LogL: -0.873101, Exp of Normalized LogL: 0.417654, Best Rate: 0.3
Fault: [0,1,0,3,2,5], logL: -26.193038, Exp of LogL: 0.000000, Normalized LogL: -0.873101, Exp of Normalized LogL: 0.417654, Best Rate: 0.3
Fault: [0,1,0,3,3,5], logL: -26.193038, Exp of LogL: 0.000000, Normalized LogL: -0.873101, Exp of Normalized LogL: 0.417654, Best Rate: 0.3
Fault: [0,1,3,3,4,5], logL: -26.620856, Exp of LogL: 0.000000, Normalized LogL: -0.887362, Exp of Normalized LogL: 0.411741, Best Rate: 0.3
Fault: [0,1,5,3,4,5], logL: -28.057644, Exp of LogL: 0.000000, Normalized LogL: -0.935255, Exp of Normalized LogL: 0.392486, Best Rate: 0.3
Fault: [0,1,4,3,4,5], logL: -28.057644, Exp of LogL: 0.000000, Normalized LogL: -0.935255, Exp of Normalized LogL: 0.392486, Best Rate: 0.3

========= ADAPTIVE MC DEBUG =========
Total calls: 300
Avg tries: 459.17
Confidence stops: 300
Max stops: 0
Max stop rate: 0.000
Real Fault Rank 2
================= 22/08/2026 05:29:05: SEED 95 END =================
================= 22/08/2026 05:29:05: SEED 96 (93/100), a*=1 fault=[0,5,2,3,4,5] START =================
===== SEED 96 | FR=0.3 | VR=20 =====
executing with fault mode: [0,5,2,3,4,5]

Fault scores (higher is better):
Fault: [0,4,2,3,4,5], logL: -5.601175, Exp of LogL: 0.003694, Normalized LogL: -1.400294, Exp of Normalized LogL: 0.246525, Best Rate: 0.3
Fault: [0,5,2,3,4,5], logL: -5.601175, Exp of LogL: 0.003694, Normalized LogL: -1.400294, Exp of Normalized LogL: 0.246525, Best Rate: 0.3
Fault: [0,5,2,3,3,5], logL: -5.799000, Exp of LogL: 0.003031, Normalized LogL: -1.449750, Exp of Normalized LogL: 0.234629, Best Rate: 0.3
Fault: [0,5,2,3,5,5], logL: -5.799000, Exp of LogL: 0.003031, Normalized LogL: -1.449750, Exp of Normalized LogL: 0.234629, Best Rate: 0.3
Fault: [0,1,2,3,4,5], logL: -5.866990, Exp of LogL: 0.002831, Normalized LogL: -1.466747, Exp of Normalized LogL: 0.230675, Best Rate: 0.3
Fault: [0,5,2,3,2,5], logL: -5.892526, Exp of LogL: 0.002760, Normalized LogL: -1.473132, Exp of Normalized LogL: 0.229207, Best Rate: 0.3
Fault: [0,3,2,3,4,5], logL: -5.904730, Exp of LogL: 0.002727, Normalized LogL: -1.476182, Exp of Normalized LogL: 0.228508, Best Rate: 0.3
Fault: [0,5,2,3,0,5], logL: -5.912329, Exp of LogL: 0.002706, Normalized LogL: -1.478082, Exp of Normalized LogL: 0.228075, Best Rate: 0.3
Fault: [0,2,2,3,4,5], logL: -6.067464, Exp of LogL: 0.002317, Normalized LogL: -1.516866, Exp of Normalized LogL: 0.219398, Best Rate: 0.3
Fault: [0,0,2,3,4,5], logL: -6.236087, Exp of LogL: 0.001958, Normalized LogL: -1.559022, Exp of Normalized LogL: 0.210342, Best Rate: 0.3

========= ADAPTIVE MC DEBUG =========
Total calls: 40
Avg tries: 443.75
Confidence stops: 40
Max stops: 0
Max stop rate: 0.000
Real Fault Rank 2
===== SEED 96 | FR=0.3 | VR=40 =====
executing with fault mode: [0,5,2,3,4,5]

Fault scores (higher is better):
Fault: [0,4,2,3,4,5], logL: -8.252343, Exp of LogL: 0.000261, Normalized LogL: -1.178906, Exp of Normalized LogL: 0.307615, Best Rate: 0.3
Fault: [0,5,2,3,4,5], logL: -8.252343, Exp of LogL: 0.000261, Normalized LogL: -1.178906, Exp of Normalized LogL: 0.307615, Best Rate: 0.3
Fault: [0,5,2,3,2,5], logL: -8.634092, Exp of LogL: 0.000178, Normalized LogL: -1.233442, Exp of Normalized LogL: 0.291288, Best Rate: 0.3
Fault: [0,5,2,3,3,5], logL: -8.634092, Exp of LogL: 0.000178, Normalized LogL: -1.233442, Exp of Normalized LogL: 0.291288, Best Rate: 0.3
Fault: [0,5,2,3,5,5], logL: -8.634092, Exp of LogL: 0.000178, Normalized LogL: -1.233442, Exp of Normalized LogL: 0.291288, Best Rate: 0.3
Fault: [0,5,2,3,0,5], logL: -8.634092, Exp of LogL: 0.000178, Normalized LogL: -1.233442, Exp of Normalized LogL: 0.291288, Best Rate: 0.3
Fault: [0,1,2,3,4,5], logL: -33.883342, Exp of LogL: 0.000000, Normalized LogL: -4.840477, Exp of Normalized LogL: 0.007903, Best Rate: 0.3
Fault: [0,3,2,3,4,5], logL: -34.300397, Exp of LogL: 0.000000, Normalized LogL: -4.900057, Exp of Normalized LogL: 0.007446, Best Rate: 0.3
Fault: [0,2,2,3,4,5], logL: -34.608355, Exp of LogL: 0.000000, Normalized LogL: -4.944051, Exp of Normalized LogL: 0.007126, Best Rate: 0.3
Fault: [0,0,2,3,4,5], logL: -34.655614, Exp of LogL: 0.000000, Normalized LogL: -4.950802, Exp of Normalized LogL: 0.007078, Best Rate: 0.3

========= ADAPTIVE MC DEBUG =========
Total calls: 70
Avg tries: 489.29
Confidence stops: 70
Max stops: 0
Max stop rate: 0.000
Real Fault Rank 2
===== SEED 96 | FR=0.3 | VR=60 =====
executing with fault mode: [0,5,2,3,4,5]

Fault scores (higher is better):
Fault: [0,4,2,3,4,5], logL: -9.184102, Exp of LogL: 0.000103, Normalized LogL: -0.918410, Exp of Normalized LogL: 0.399153, Best Rate: 0.3
Fault: [0,5,2,3,4,5], logL: -9.184102, Exp of LogL: 0.000103, Normalized LogL: -0.918410, Exp of Normalized LogL: 0.399153, Best Rate: 0.3
Fault: [0,5,2,3,2,5], logL: -9.565851, Exp of LogL: 0.000070, Normalized LogL: -0.956585, Exp of Normalized LogL: 0.384203, Best Rate: 0.3
Fault: [0,5,2,3,3,5], logL: -9.565851, Exp of LogL: 0.000070, Normalized LogL: -0.956585, Exp of Normalized LogL: 0.384203, Best Rate: 0.3
Fault: [0,5,2,3,5,5], logL: -9.565851, Exp of LogL: 0.000070, Normalized LogL: -0.956585, Exp of Normalized LogL: 0.384203, Best Rate: 0.3
Fault: [0,5,2,3,0,5], logL: -9.565851, Exp of LogL: 0.000070, Normalized LogL: -0.956585, Exp of Normalized LogL: 0.384203, Best Rate: 0.3
Fault: [0,1,2,3,4,5], logL: -34.815100, Exp of LogL: 0.000000, Normalized LogL: -3.481510, Exp of Normalized LogL: 0.030761, Best Rate: 0.3
Fault: [0,3,2,3,4,5], logL: -35.232155, Exp of LogL: 0.000000, Normalized LogL: -3.523216, Exp of Normalized LogL: 0.029504, Best Rate: 0.3
Fault: [0,2,2,3,4,5], logL: -35.540114, Exp of LogL: 0.000000, Normalized LogL: -3.554011, Exp of Normalized LogL: 0.028610, Best Rate: 0.3
Fault: [0,0,2,3,4,5], logL: -35.587372, Exp of LogL: 0.000000, Normalized LogL: -3.558737, Exp of Normalized LogL: 0.028475, Best Rate: 0.3

========= ADAPTIVE MC DEBUG =========
Total calls: 100
Avg tries: 522.50
Confidence stops: 100
Max stops: 0
Max stop rate: 0.000
Real Fault Rank 2
===== SEED 96 | FR=0.3 | VR=80 =====
executing with fault mode: [0,5,2,3,4,5]

Fault scores (higher is better):
Fault: [0,4,2,3,4,5], logL: -9.206612, Exp of LogL: 0.000100, Normalized LogL: -0.708201, Exp of Normalized LogL: 0.492530, Best Rate: 0.3
Fault: [0,5,2,3,4,5], logL: -9.206612, Exp of LogL: 0.000100, Normalized LogL: -0.708201, Exp of Normalized LogL: 0.492530, Best Rate: 0.3
Fault: [0,5,2,3,2,5], logL: -9.514810, Exp of LogL: 0.000074, Normalized LogL: -0.731908, Exp of Normalized LogL: 0.480990, Best Rate: 0.3
Fault: [0,5,2,3,3,5], logL: -9.514810, Exp of LogL: 0.000074, Normalized LogL: -0.731908, Exp of Normalized LogL: 0.480990, Best Rate: 0.3
Fault: [0,5,2,3,5,5], logL: -9.514810, Exp of LogL: 0.000074, Normalized LogL: -0.731908, Exp of Normalized LogL: 0.480990, Best Rate: 0.3
Fault: [0,5,2,3,0,5], logL: -9.514810, Exp of LogL: 0.000074, Normalized LogL: -0.731908, Exp of Normalized LogL: 0.480990, Best Rate: 0.3
Fault: [0,1,2,3,4,5], logL: -34.901207, Exp of LogL: 0.000000, Normalized LogL: -2.684708, Exp of Normalized LogL: 0.068241, Best Rate: 0.3
Fault: [0,3,2,3,4,5], logL: -35.480759, Exp of LogL: 0.000000, Normalized LogL: -2.729289, Exp of Normalized LogL: 0.065266, Best Rate: 0.3
Fault: [0,2,2,3,4,5], logL: -35.571473, Exp of LogL: 0.000000, Normalized LogL: -2.736267, Exp of Normalized LogL: 0.064812, Best Rate: 0.3
Fault: [0,0,2,3,4,5], logL: -35.657613, Exp of LogL: 0.000000, Normalized LogL: -2.742893, Exp of Normalized LogL: 0.064384, Best Rate: 0.3

========= ADAPTIVE MC DEBUG =========
Total calls: 130
Avg tries: 525.38
Confidence stops: 130
Max stops: 0
Max stop rate: 0.000
Real Fault Rank 2
===== SEED 96 | FR=0.3 | VR=100 =====
executing with fault mode: [0,5,2,3,4,5]

Fault scores (higher is better):
Fault: [0,4,2,3,4,5], logL: -10.323922, Exp of LogL: 0.000033, Normalized LogL: -0.607290, Exp of Normalized LogL: 0.544826, Best Rate: 0.3
Fault: [0,5,2,3,4,5], logL: -10.323922, Exp of LogL: 0.000033, Normalized LogL: -0.607290, Exp of Normalized LogL: 0.544826, Best Rate: 0.3
Fault: [0,5,2,3,2,5], logL: -10.739438, Exp of LogL: 0.000022, Normalized LogL: -0.631732, Exp of Normalized LogL: 0.531670, Best Rate: 0.3
Fault: [0,5,2,3,3,5], logL: -10.739438, Exp of LogL: 0.000022, Normalized LogL: -0.631732, Exp of Normalized LogL: 0.531670, Best Rate: 0.3
Fault: [0,5,2,3,5,5], logL: -10.739438, Exp of LogL: 0.000022, Normalized LogL: -0.631732, Exp of Normalized LogL: 0.531670, Best Rate: 0.3
Fault: [0,5,2,3,0,5], logL: -10.739438, Exp of LogL: 0.000022, Normalized LogL: -0.631732, Exp of Normalized LogL: 0.531670, Best Rate: 0.3
Fault: [0,1,2,3,4,5], logL: -36.018517, Exp of LogL: 0.000000, Normalized LogL: -2.118736, Exp of Normalized LogL: 0.120183, Best Rate: 0.3
Fault: [0,3,2,3,4,5], logL: -36.598070, Exp of LogL: 0.000000, Normalized LogL: -2.152828, Exp of Normalized LogL: 0.116155, Best Rate: 0.3
Fault: [0,2,2,3,4,5], logL: -36.688783, Exp of LogL: 0.000000, Normalized LogL: -2.158164, Exp of Normalized LogL: 0.115537, Best Rate: 0.3
Fault: [0,0,2,3,4,5], logL: -36.774924, Exp of LogL: 0.000000, Normalized LogL: -2.163231, Exp of Normalized LogL: 0.114953, Best Rate: 0.3

========= ADAPTIVE MC DEBUG =========
Total calls: 170
Avg tries: 492.35
Confidence stops: 170
Max stops: 0
Max stop rate: 0.000
Real Fault Rank 2
================= 22/08/2026 05:29:36: SEED 96 END =================
================= 22/08/2026 05:29:36: SEED 97 (94/100), a*=0 fault=[3,1,2,3,4,5] START =================
===== SEED 97 | FR=0.3 | VR=20 =====
executing with fault mode: [3,1,2,3,4,5]

Fault scores (higher is better):
Fault: [2,1,2,3,4,5], logL: -7.579512, Exp of LogL: 0.000511, Normalized LogL: -1.515902, Exp of Normalized LogL: 0.219610, Best Rate: 0.3
Fault: [3,1,2,3,4,5], logL: -7.686257, Exp of LogL: 0.000459, Normalized LogL: -1.537251, Exp of Normalized LogL: 0.214971, Best Rate: 0.3
Fault: [3,1,0,3,4,5], logL: -7.686257, Exp of LogL: 0.000459, Normalized LogL: -1.537251, Exp of Normalized LogL: 0.214971, Best Rate: 0.3
Fault: [3,1,5,3,4,5], logL: -7.710355, Exp of LogL: 0.000448, Normalized LogL: -1.542071, Exp of Normalized LogL: 0.213938, Best Rate: 0.3
Fault: [3,1,4,3,4,5], logL: -7.710355, Exp of LogL: 0.000448, Normalized LogL: -1.542071, Exp of Normalized LogL: 0.213938, Best Rate: 0.3
Fault: [4,1,2,3,4,5], logL: -7.760365, Exp of LogL: 0.000426, Normalized LogL: -1.552073, Exp of Normalized LogL: 0.211808, Best Rate: 0.3
Fault: [5,1,2,3,4,5], logL: -7.760365, Exp of LogL: 0.000426, Normalized LogL: -1.552073, Exp of Normalized LogL: 0.211808, Best Rate: 0.3
Fault: [3,1,3,3,4,5], logL: -8.022729, Exp of LogL: 0.000328, Normalized LogL: -1.604546, Exp of Normalized LogL: 0.200981, Best Rate: 0.3
Fault: [0,1,2,3,4,5], logL: -8.405859, Exp of LogL: 0.000224, Normalized LogL: -1.681172, Exp of Normalized LogL: 0.186156, Best Rate: 0.3
Fault: [1,1,2,3,4,5], logL: -8.602548, Exp of LogL: 0.000184, Normalized LogL: -1.720510, Exp of Normalized LogL: 0.178975, Best Rate: 0.3

========= ADAPTIVE MC DEBUG =========
Total calls: 50
Avg tries: 384.00
Confidence stops: 50
Max stops: 0
Max stop rate: 0.000
Real Fault Rank 2
===== SEED 97 | FR=0.3 | VR=40 =====
executing with fault mode: [3,1,2,3,4,5]

Fault scores (higher is better):
Fault: [2,1,2,3,4,5], logL: -10.080283, Exp of LogL: 0.000042, Normalized LogL: -1.120031, Exp of Normalized LogL: 0.326270, Best Rate: 0.3
Fault: [4,1,2,3,4,5], logL: -11.213169, Exp of LogL: 0.000013, Normalized LogL: -1.245908, Exp of Normalized LogL: 0.287680, Best Rate: 0.3
Fault: [5,1,2,3,4,5], logL: -11.213169, Exp of LogL: 0.000013, Normalized LogL: -1.245908, Exp of Normalized LogL: 0.287680, Best Rate: 0.3
Fault: [3,1,2,3,4,5], logL: -11.626515, Exp of LogL: 0.000009, Normalized LogL: -1.291835, Exp of Normalized LogL: 0.274766, Best Rate: 0.3
Fault: [0,1,2,3,4,5], logL: -11.655204, Exp of LogL: 0.000009, Normalized LogL: -1.295023, Exp of Normalized LogL: 0.273892, Best Rate: 0.3
Fault: [3,1,5,3,4,5], logL: -11.808836, Exp of LogL: 0.000007, Normalized LogL: -1.312093, Exp of Normalized LogL: 0.269256, Best Rate: 0.3
Fault: [3,1,4,3,4,5], logL: -11.808836, Exp of LogL: 0.000007, Normalized LogL: -1.312093, Exp of Normalized LogL: 0.269256, Best Rate: 0.3
Fault: [3,1,3,3,4,5], logL: -12.031980, Exp of LogL: 0.000006, Normalized LogL: -1.336887, Exp of Normalized LogL: 0.262662, Best Rate: 0.3
Fault: [3,1,0,3,4,5], logL: -12.031980, Exp of LogL: 0.000006, Normalized LogL: -1.336887, Exp of Normalized LogL: 0.262662, Best Rate: 0.3
Fault: [1,1,2,3,4,5], logL: -12.313844, Exp of LogL: 0.000004, Normalized LogL: -1.368205, Exp of Normalized LogL: 0.254564, Best Rate: 0.3

========= ADAPTIVE MC DEBUG =========
Total calls: 90
Avg tries: 485.00
Confidence stops: 90
Max stops: 0
Max stop rate: 0.000
Real Fault Rank 4
===== SEED 97 | FR=0.3 | VR=60 =====
executing with fault mode: [3,1,2,3,4,5]

Fault scores (higher is better):
Fault: [2,1,2,3,4,5], logL: -11.921909, Exp of LogL: 0.000007, Normalized LogL: -0.917070, Exp of Normalized LogL: 0.399688, Best Rate: 0.3
Fault: [4,1,2,3,4,5], logL: -12.827943, Exp of LogL: 0.000003, Normalized LogL: -0.986765, Exp of Normalized LogL: 0.372781, Best Rate: 0.3
Fault: [5,1,2,3,4,5], logL: -12.827943, Exp of LogL: 0.000003, Normalized LogL: -0.986765, Exp of Normalized LogL: 0.372781, Best Rate: 0.3
Fault: [0,1,2,3,4,5], logL: -13.802387, Exp of LogL: 0.000001, Normalized LogL: -1.061722, Exp of Normalized LogL: 0.345860, Best Rate: 0.3
Fault: [3,1,2,3,4,5], logL: -14.251890, Exp of LogL: 0.000001, Normalized LogL: -1.096299, Exp of Normalized LogL: 0.334105, Best Rate: 0.3
Fault: [3,1,0,3,4,5], logL: -14.331933, Exp of LogL: 0.000001, Normalized LogL: -1.102456, Exp of Normalized LogL: 0.332054, Best Rate: 0.3
Fault: [1,1,2,3,4,5], logL: -14.383551, Exp of LogL: 0.000001, Normalized LogL: -1.106427, Exp of Normalized LogL: 0.330739, Best Rate: 0.3
Fault: [3,1,3,3,4,5], logL: -14.449716, Exp of LogL: 0.000001, Normalized LogL: -1.111517, Exp of Normalized LogL: 0.329060, Best Rate: 0.3
Fault: [3,1,5,3,4,5], logL: -14.449716, Exp of LogL: 0.000001, Normalized LogL: -1.111517, Exp of Normalized LogL: 0.329060, Best Rate: 0.3
Fault: [3,1,4,3,4,5], logL: -14.449716, Exp of LogL: 0.000001, Normalized LogL: -1.111517, Exp of Normalized LogL: 0.329060, Best Rate: 0.3

========= ADAPTIVE MC DEBUG =========
Total calls: 130
Avg tries: 458.85
Confidence stops: 130
Max stops: 0
Max stop rate: 0.000
Real Fault Rank 5
===== SEED 97 | FR=0.3 | VR=80 =====
executing with fault mode: [3,1,2,3,4,5]

Fault scores (higher is better):
Fault: [2,1,2,3,4,5], logL: -14.624762, Exp of LogL: 0.000000, Normalized LogL: -0.860280, Exp of Normalized LogL: 0.423044, Best Rate: 0.3
Fault: [4,1,2,3,4,5], logL: -15.219039, Exp of LogL: 0.000000, Normalized LogL: -0.895238, Exp of Normalized LogL: 0.408511, Best Rate: 0.3
Fault: [5,1,2,3,4,5], logL: -15.219039, Exp of LogL: 0.000000, Normalized LogL: -0.895238, Exp of Normalized LogL: 0.408511, Best Rate: 0.3
Fault: [3,1,2,3,4,5], logL: -16.218282, Exp of LogL: 0.000000, Normalized LogL: -0.954017, Exp of Normalized LogL: 0.385191, Best Rate: 0.3
Fault: [0,1,2,3,4,5], logL: -16.521759, Exp of LogL: 0.000000, Normalized LogL: -0.971868, Exp of Normalized LogL: 0.378376, Best Rate: 0.3
Fault: [3,1,0,3,4,5], logL: -16.630234, Exp of LogL: 0.000000, Normalized LogL: -0.978249, Exp of Normalized LogL: 0.375969, Best Rate: 0.3
Fault: [3,1,3,3,4,5], logL: -16.754183, Exp of LogL: 0.000000, Normalized LogL: -0.985540, Exp of Normalized LogL: 0.373238, Best Rate: 0.3
Fault: [3,1,5,3,4,5], logL: -16.754183, Exp of LogL: 0.000000, Normalized LogL: -0.985540, Exp of Normalized LogL: 0.373238, Best Rate: 0.3
Fault: [3,1,4,3,4,5], logL: -16.754183, Exp of LogL: 0.000000, Normalized LogL: -0.985540, Exp of Normalized LogL: 0.373238, Best Rate: 0.3
Fault: [1,1,2,3,4,5], logL: -16.805761, Exp of LogL: 0.000000, Normalized LogL: -0.988574, Exp of Normalized LogL: 0.372107, Best Rate: 0.3

========= ADAPTIVE MC DEBUG =========
Total calls: 170
Avg tries: 469.71
Confidence stops: 170
Max stops: 0
Max stop rate: 0.000
Real Fault Rank 4
===== SEED 97 | FR=0.3 | VR=100 =====
executing with fault mode: [3,1,2,3,4,5]

Fault scores (higher is better):
Fault: [2,1,2,3,4,5], logL: -15.460261, Exp of LogL: 0.000000, Normalized LogL: -0.736203, Exp of Normalized LogL: 0.478929, Best Rate: 0.3
Fault: [0,1,2,3,4,5], logL: -16.659654, Exp of LogL: 0.000000, Normalized LogL: -0.793317, Exp of Normalized LogL: 0.452342, Best Rate: 0.3
Fault: [4,1,2,3,4,5], logL: -16.767976, Exp of LogL: 0.000000, Normalized LogL: -0.798475, Exp of Normalized LogL: 0.450015, Best Rate: 0.3
Fault: [5,1,2,3,4,5], logL: -16.767976, Exp of LogL: 0.000000, Normalized LogL: -0.798475, Exp of Normalized LogL: 0.450015, Best Rate: 0.3
Fault: [3,1,2,3,4,5], logL: -16.838282, Exp of LogL: 0.000000, Normalized LogL: -0.801823, Exp of Normalized LogL: 0.448511, Best Rate: 0.3
Fault: [3,1,0,3,4,5], logL: -17.450253, Exp of LogL: 0.000000, Normalized LogL: -0.830964, Exp of Normalized LogL: 0.435629, Best Rate: 0.3
Fault: [3,1,3,3,4,5], logL: -17.591100, Exp of LogL: 0.000000, Normalized LogL: -0.837671, Exp of Normalized LogL: 0.432717, Best Rate: 0.3
Fault: [3,1,5,3,4,5], logL: -17.591100, Exp of LogL: 0.000000, Normalized LogL: -0.837671, Exp of Normalized LogL: 0.432717, Best Rate: 0.3
Fault: [3,1,4,3,4,5], logL: -17.591100, Exp of LogL: 0.000000, Normalized LogL: -0.837671, Exp of Normalized LogL: 0.432717, Best Rate: 0.3
Fault: [1,1,2,3,4,5], logL: -18.112863, Exp of LogL: 0.000000, Normalized LogL: -0.862517, Exp of Normalized LogL: 0.422098, Best Rate: 0.3

========= ADAPTIVE MC DEBUG =========
Total calls: 210
Avg tries: 490.24
Confidence stops: 210
Max stops: 0
Max stop rate: 0.000
Real Fault Rank 5
================= 22/08/2026 05:30:10: SEED 97 END =================
================= 22/08/2026 05:30:10: SEED 98 (95/100), a*=2 fault=[0,1,0,3,4,5] START =================
===== SEED 98 | FR=0.3 | VR=20 =====
executing with fault mode: [0,1,0,3,4,5]

Fault scores (higher is better):
Fault: [0,1,2,3,4,5], logL: -7.273931, Exp of LogL: 0.000693, Normalized LogL: -1.818483, Exp of Normalized LogL: 0.162272, Best Rate: 0.3
Fault: [0,1,1,3,4,5], logL: -7.652823, Exp of LogL: 0.000475, Normalized LogL: -1.913206, Exp of Normalized LogL: 0.147606, Best Rate: 0.3
Fault: [0,1,0,3,4,5], logL: -7.794395, Exp of LogL: 0.000412, Normalized LogL: -1.948599, Exp of Normalized LogL: 0.142474, Best Rate: 0.3
Fault: [0,1,5,3,4,5], logL: -7.905139, Exp of LogL: 0.000369, Normalized LogL: -1.976285, Exp of Normalized LogL: 0.138583, Best Rate: 0.3
Fault: [0,1,4,3,4,5], logL: -7.905139, Exp of LogL: 0.000369, Normalized LogL: -1.976285, Exp of Normalized LogL: 0.138583, Best Rate: 0.3
Fault: [0,1,3,3,4,5], logL: -7.922531, Exp of LogL: 0.000362, Normalized LogL: -1.980633, Exp of Normalized LogL: 0.137982, Best Rate: 0.3
Fault: [0,1,0,3,0,5], logL: -7.927926, Exp of LogL: 0.000361, Normalized LogL: -1.981982, Exp of Normalized LogL: 0.137796, Best Rate: 0.3
Fault: [0,1,0,3,3,5], logL: -7.927926, Exp of LogL: 0.000361, Normalized LogL: -1.981982, Exp of Normalized LogL: 0.137796, Best Rate: 0.3
Fault: [0,1,0,3,5,5], logL: -7.927926, Exp of LogL: 0.000361, Normalized LogL: -1.981982, Exp of Normalized LogL: 0.137796, Best Rate: 0.3
Fault: [0,1,0,3,1,5], logL: -8.073434, Exp of LogL: 0.000312, Normalized LogL: -2.018358, Exp of Normalized LogL: 0.132873, Best Rate: 0.3

========= ADAPTIVE MC DEBUG =========
Total calls: 40
Avg tries: 327.50
Confidence stops: 40
Max stops: 0
Max stop rate: 0.000
Real Fault Rank 3
===== SEED 98 | FR=0.3 | VR=40 =====
executing with fault mode: [0,1,0,3,4,5]

Fault scores (higher is better):
Fault: [0,1,2,3,4,5], logL: -9.665393, Exp of LogL: 0.000063, Normalized LogL: -1.380770, Exp of Normalized LogL: 0.251385, Best Rate: 0.3
Fault: [0,1,0,3,4,5], logL: -9.863616, Exp of LogL: 0.000052, Normalized LogL: -1.409088, Exp of Normalized LogL: 0.244366, Best Rate: 0.3
Fault: [0,1,0,3,0,5], logL: -9.997147, Exp of LogL: 0.000046, Normalized LogL: -1.428164, Exp of Normalized LogL: 0.239749, Best Rate: 0.3
Fault: [0,1,0,3,3,5], logL: -9.997147, Exp of LogL: 0.000046, Normalized LogL: -1.428164, Exp of Normalized LogL: 0.239749, Best Rate: 0.3
Fault: [0,1,0,3,5,5], logL: -9.997147, Exp of LogL: 0.000046, Normalized LogL: -1.428164, Exp of Normalized LogL: 0.239749, Best Rate: 0.3
Fault: [0,1,0,3,1,5], logL: -10.333620, Exp of LogL: 0.000033, Normalized LogL: -1.476231, Exp of Normalized LogL: 0.228497, Best Rate: 0.3
Fault: [0,1,1,3,4,5], logL: -10.518474, Exp of LogL: 0.000027, Normalized LogL: -1.502639, Exp of Normalized LogL: 0.222542, Best Rate: 0.3
Fault: [0,1,3,3,4,5], logL: -10.522195, Exp of LogL: 0.000027, Normalized LogL: -1.503171, Exp of Normalized LogL: 0.222424, Best Rate: 0.3
Fault: [0,1,5,3,4,5], logL: -10.756388, Exp of LogL: 0.000021, Normalized LogL: -1.536627, Exp of Normalized LogL: 0.215105, Best Rate: 0.3
Fault: [0,1,4,3,4,5], logL: -10.756388, Exp of LogL: 0.000021, Normalized LogL: -1.536627, Exp of Normalized LogL: 0.215105, Best Rate: 0.3

========= ADAPTIVE MC DEBUG =========
Total calls: 70
Avg tries: 452.14
Confidence stops: 70
Max stops: 0
Max stop rate: 0.000
Real Fault Rank 2
===== SEED 98 | FR=0.3 | VR=60 =====
executing with fault mode: [0,1,0,3,4,5]

Fault scores (higher is better):
Fault: [0,1,0,3,0,5], logL: -10.130711, Exp of LogL: 0.000040, Normalized LogL: -0.920974, Exp of Normalized LogL: 0.398131, Best Rate: 0.3
Fault: [0,1,0,3,3,5], logL: -10.130711, Exp of LogL: 0.000040, Normalized LogL: -0.920974, Exp of Normalized LogL: 0.398131, Best Rate: 0.3
Fault: [0,1,0,3,5,5], logL: -10.130711, Exp of LogL: 0.000040, Normalized LogL: -0.920974, Exp of Normalized LogL: 0.398131, Best Rate: 0.3
Fault: [0,1,2,3,4,5], logL: -10.284399, Exp of LogL: 0.000034, Normalized LogL: -0.934945, Exp of Normalized LogL: 0.392607, Best Rate: 0.3
Fault: [0,1,0,3,4,5], logL: -10.436975, Exp of LogL: 0.000029, Normalized LogL: -0.948816, Exp of Normalized LogL: 0.387199, Best Rate: 0.3
Fault: [0,1,0,3,1,5], logL: -10.726045, Exp of LogL: 0.000022, Normalized LogL: -0.975095, Exp of Normalized LogL: 0.377157, Best Rate: 0.3
Fault: [0,1,3,3,4,5], logL: -11.030175, Exp of LogL: 0.000016, Normalized LogL: -1.002743, Exp of Normalized LogL: 0.366872, Best Rate: 0.3
Fault: [0,1,1,3,4,5], logL: -11.054445, Exp of LogL: 0.000016, Normalized LogL: -1.004950, Exp of Normalized LogL: 0.366063, Best Rate: 0.3
Fault: [0,1,5,3,4,5], logL: -11.264368, Exp of LogL: 0.000013, Normalized LogL: -1.024033, Exp of Normalized LogL: 0.359143, Best Rate: 0.3
Fault: [0,1,4,3,4,5], logL: -11.264368, Exp of LogL: 0.000013, Normalized LogL: -1.024033, Exp of Normalized LogL: 0.359143, Best Rate: 0.3

========= ADAPTIVE MC DEBUG =========
Total calls: 110
Avg tries: 520.45
Confidence stops: 110
Max stops: 0
Max stop rate: 0.000
Real Fault Rank 5
===== SEED 98 | FR=0.3 | VR=80 =====
executing with fault mode: [0,1,0,3,4,5]

Fault scores (higher is better):
Fault: [0,1,2,3,4,5], logL: -13.244173, Exp of LogL: 0.000002, Normalized LogL: -0.946012, Exp of Normalized LogL: 0.388286, Best Rate: 0.3
Fault: [0,1,0,3,4,5], logL: -13.396749, Exp of LogL: 0.000002, Normalized LogL: -0.956911, Exp of Normalized LogL: 0.384078, Best Rate: 0.3
Fault: [0,1,0,3,1,5], logL: -13.781940, Exp of LogL: 0.000001, Normalized LogL: -0.984424, Exp of Normalized LogL: 0.373654, Best Rate: 0.3
Fault: [0,1,0,3,0,5], logL: -13.781940, Exp of LogL: 0.000001, Normalized LogL: -0.984424, Exp of Normalized LogL: 0.373654, Best Rate: 0.3
Fault: [0,1,0,3,3,5], logL: -13.781940, Exp of LogL: 0.000001, Normalized LogL: -0.984424, Exp of Normalized LogL: 0.373654, Best Rate: 0.3
Fault: [0,1,0,3,5,5], logL: -13.781940, Exp of LogL: 0.000001, Normalized LogL: -0.984424, Exp of Normalized LogL: 0.373654, Best Rate: 0.3
Fault: [0,1,3,3,4,5], logL: -13.989949, Exp of LogL: 0.000001, Normalized LogL: -0.999282, Exp of Normalized LogL: 0.368144, Best Rate: 0.3
Fault: [0,1,1,3,4,5], logL: -14.014219, Exp of LogL: 0.000001, Normalized LogL: -1.001016, Exp of Normalized LogL: 0.367506, Best Rate: 0.3
Fault: [0,1,5,3,4,5], logL: -14.224142, Exp of LogL: 0.000001, Normalized LogL: -1.016010, Exp of Normalized LogL: 0.362037, Best Rate: 0.3
Fault: [0,1,4,3,4,5], logL: -14.224142, Exp of LogL: 0.000001, Normalized LogL: -1.016010, Exp of Normalized LogL: 0.362037, Best Rate: 0.3

========= ADAPTIVE MC DEBUG =========
Total calls: 140
Avg tries: 481.79
Confidence stops: 140
Max stops: 0
Max stop rate: 0.000
Real Fault Rank 2
===== SEED 98 | FR=0.3 | VR=100 =====
executing with fault mode: [0,1,0,3,4,5]

Fault scores (higher is better):
Fault: [0,1,0,3,4,5], logL: -13.846837, Exp of LogL: 0.000001, Normalized LogL: -0.769269, Exp of Normalized LogL: 0.463352, Best Rate: 0.3
Fault: [0,1,2,3,4,5], logL: -14.078082, Exp of LogL: 0.000001, Normalized LogL: -0.782116, Exp of Normalized LogL: 0.457437, Best Rate: 0.3
Fault: [0,1,0,3,1,5], logL: -14.221861, Exp of LogL: 0.000001, Normalized LogL: -0.790103, Exp of Normalized LogL: 0.453798, Best Rate: 0.3
Fault: [0,1,0,3,0,5], logL: -14.221861, Exp of LogL: 0.000001, Normalized LogL: -0.790103, Exp of Normalized LogL: 0.453798, Best Rate: 0.3
Fault: [0,1,0,3,3,5], logL: -14.221861, Exp of LogL: 0.000001, Normalized LogL: -0.790103, Exp of Normalized LogL: 0.453798, Best Rate: 0.3
Fault: [0,1,0,3,5,5], logL: -14.221861, Exp of LogL: 0.000001, Normalized LogL: -0.790103, Exp of Normalized LogL: 0.453798, Best Rate: 0.3
Fault: [0,1,3,3,4,5], logL: -14.619759, Exp of LogL: 0.000000, Normalized LogL: -0.812209, Exp of Normalized LogL: 0.443877, Best Rate: 0.3
Fault: [0,1,1,3,4,5], logL: -14.927609, Exp of LogL: 0.000000, Normalized LogL: -0.829312, Exp of Normalized LogL: 0.436350, Best Rate: 0.3
Fault: [0,1,5,3,4,5], logL: -15.061957, Exp of LogL: 0.000000, Normalized LogL: -0.836775, Exp of Normalized LogL: 0.433105, Best Rate: 0.3
Fault: [0,1,4,3,4,5], logL: -15.061957, Exp of LogL: 0.000000, Normalized LogL: -0.836775, Exp of Normalized LogL: 0.433105, Best Rate: 0.3

========= ADAPTIVE MC DEBUG =========
Total calls: 180
Avg tries: 475.56
Confidence stops: 180
Max stops: 0
Max stop rate: 0.000
Real Fault Rank 1
================= 22/08/2026 05:30:39: SEED 98 END =================
================= 22/08/2026 05:30:39: SEED 99 (96/100), a*=1 fault=[0,0,2,3,4,5] START =================
===== SEED 99 | FR=0.3 | VR=20 =====
executing with fault mode: [0,0,2,3,4,5]

Fault scores (higher is better):
Fault: [0,2,2,3,4,5], logL: -17.873085, Exp of LogL: 0.000000, Normalized LogL: -1.985898, Exp of Normalized LogL: 0.137257, Best Rate: 0.3
Fault: [0,0,2,1,4,5], logL: -18.972174, Exp of LogL: 0.000000, Normalized LogL: -2.108019, Exp of Normalized LogL: 0.121478, Best Rate: 0.3
Fault: [0,0,2,3,4,5], logL: -19.605683, Exp of LogL: 0.000000, Normalized LogL: -2.178409, Exp of Normalized LogL: 0.113221, Best Rate: 0.3
Fault: [0,0,2,0,4,5], logL: -20.934812, Exp of LogL: 0.000000, Normalized LogL: -2.326090, Exp of Normalized LogL: 0.097677, Best Rate: 0.3
Fault: [0,0,2,4,4,5], logL: -21.162820, Exp of LogL: 0.000000, Normalized LogL: -2.351424, Exp of Normalized LogL: 0.095233, Best Rate: 0.3
Fault: [0,0,2,2,4,5], logL: -21.250001, Exp of LogL: 0.000000, Normalized LogL: -2.361111, Exp of Normalized LogL: 0.094315, Best Rate: 0.3
Fault: [0,3,2,3,4,5], logL: -23.123519, Exp of LogL: 0.000000, Normalized LogL: -2.569280, Exp of Normalized LogL: 0.076591, Best Rate: 0.3
Fault: [0,4,2,3,4,5], logL: -24.551237, Exp of LogL: 0.000000, Normalized LogL: -2.727915, Exp of Normalized LogL: 0.065355, Best Rate: 0.3
Fault: [0,5,2,3,4,5], logL: -24.551237, Exp of LogL: 0.000000, Normalized LogL: -2.727915, Exp of Normalized LogL: 0.065355, Best Rate: 0.3
Fault: [0,1,2,3,4,5], logL: -45.943791, Exp of LogL: 0.000000, Normalized LogL: -5.104866, Exp of Normalized LogL: 0.006067, Best Rate: 0.3

========= ADAPTIVE MC DEBUG =========
Total calls: 90
Avg tries: 318.33
Confidence stops: 90
Max stops: 0
Max stop rate: 0.000
Real Fault Rank 3
===== SEED 99 | FR=0.3 | VR=40 =====
executing with fault mode: [0,0,2,3,4,5]

Fault scores (higher is better):
Fault: [0,0,2,1,4,5], logL: -30.279551, Exp of LogL: 0.000000, Normalized LogL: -1.682197, Exp of Normalized LogL: 0.185965, Best Rate: 0.3
Fault: [0,0,2,2,4,5], logL: -33.515234, Exp of LogL: 0.000000, Normalized LogL: -1.861957, Exp of Normalized LogL: 0.155368, Best Rate: 0.3
Fault: [0,0,2,4,4,5], logL: -34.108545, Exp of LogL: 0.000000, Normalized LogL: -1.894919, Exp of Normalized LogL: 0.150330, Best Rate: 0.3
Fault: [0,2,2,3,4,5], logL: -53.336141, Exp of LogL: 0.000000, Normalized LogL: -2.963119, Exp of Normalized LogL: 0.051658, Best Rate: 0.3
Fault: [0,0,2,3,4,5], logL: -54.434131, Exp of LogL: 0.000000, Normalized LogL: -3.024118, Exp of Normalized LogL: 0.048601, Best Rate: 0.3
Fault: [0,0,2,0,4,5], logL: -56.165260, Exp of LogL: 0.000000, Normalized LogL: -3.120292, Exp of Normalized LogL: 0.044144, Best Rate: 0.3
Fault: [0,3,2,3,4,5], logL: -61.510103, Exp of LogL: 0.000000, Normalized LogL: -3.417228, Exp of Normalized LogL: 0.032803, Best Rate: 0.3
Fault: [0,1,2,3,4,5], logL: -82.041282, Exp of LogL: 0.000000, Normalized LogL: -4.557849, Exp of Normalized LogL: 0.010485, Best Rate: 0.3
Fault: [0,4,2,3,4,5], logL: -84.502997, Exp of LogL: 0.000000, Normalized LogL: -4.694611, Exp of Normalized LogL: 0.009144, Best Rate: 0.3
Fault: [0,5,2,3,4,5], logL: -84.502997, Exp of LogL: 0.000000, Normalized LogL: -4.694611, Exp of Normalized LogL: 0.009144, Best Rate: 0.3

========= ADAPTIVE MC DEBUG =========
Total calls: 180
Avg tries: 377.50
Confidence stops: 180
Max stops: 0
Max stop rate: 0.000
Real Fault Rank 5
===== SEED 99 | FR=0.3 | VR=60 =====
executing with fault mode: [0,0,2,3,4,5]

Fault scores (higher is better):
Fault: [0,0,2,1,4,5], logL: -40.017308, Exp of LogL: 0.000000, Normalized LogL: -1.539127, Exp of Normalized LogL: 0.214568, Best Rate: 0.3
Fault: [0,0,2,3,4,5], logL: -40.057496, Exp of LogL: 0.000000, Normalized LogL: -1.540673, Exp of Normalized LogL: 0.214237, Best Rate: 0.3
Fault: [0,0,2,0,4,5], logL: -42.285104, Exp of LogL: 0.000000, Normalized LogL: -1.626350, Exp of Normalized LogL: 0.196646, Best Rate: 0.3
Fault: [0,0,2,2,4,5], logL: -42.717296, Exp of LogL: 0.000000, Normalized LogL: -1.642973, Exp of Normalized LogL: 0.193404, Best Rate: 0.3
Fault: [0,0,2,4,4,5], logL: -43.814124, Exp of LogL: 0.000000, Normalized LogL: -1.685159, Exp of Normalized LogL: 0.185415, Best Rate: 0.3
Fault: [0,3,2,3,4,5], logL: -50.625317, Exp of LogL: 0.000000, Normalized LogL: -1.947128, Exp of Normalized LogL: 0.142683, Best Rate: 0.3
Fault: [0,2,2,3,4,5], logL: -88.176511, Exp of LogL: 0.000000, Normalized LogL: -3.391404, Exp of Normalized LogL: 0.033661, Best Rate: 0.3
Fault: [0,1,2,3,4,5], logL: -117.594313, Exp of LogL: 0.000000, Normalized LogL: -4.522858, Exp of Normalized LogL: 0.010858, Best Rate: 0.3
Fault: [0,4,2,3,4,5], logL: -121.279501, Exp of LogL: 0.000000, Normalized LogL: -4.664596, Exp of Normalized LogL: 0.009423, Best Rate: 0.3
Fault: [0,5,2,3,4,5], logL: -121.279501, Exp of LogL: 0.000000, Normalized LogL: -4.664596, Exp of Normalized LogL: 0.009423, Best Rate: 0.3

========= ADAPTIVE MC DEBUG =========
Total calls: 260
Avg tries: 398.27
Confidence stops: 260
Max stops: 0
Max stop rate: 0.000
Real Fault Rank 2
===== SEED 99 | FR=0.3 | VR=80 =====
executing with fault mode: [0,0,2,3,4,5]

Fault scores (higher is better):
Fault: [0,0,2,3,4,5], logL: -45.630810, Exp of LogL: 0.000000, Normalized LogL: -1.303737, Exp of Normalized LogL: 0.271515, Best Rate: 0.3
Fault: [0,0,2,1,4,5], logL: -45.922865, Exp of LogL: 0.000000, Normalized LogL: -1.312082, Exp of Normalized LogL: 0.269259, Best Rate: 0.3
Fault: [0,0,2,0,4,5], logL: -47.452983, Exp of LogL: 0.000000, Normalized LogL: -1.355800, Exp of Normalized LogL: 0.257741, Best Rate: 0.3
Fault: [0,0,2,2,4,5], logL: -48.593533, Exp of LogL: 0.000000, Normalized LogL: -1.388387, Exp of Normalized LogL: 0.249477, Best Rate: 0.3
Fault: [0,0,2,4,4,5], logL: -49.637252, Exp of LogL: 0.000000, Normalized LogL: -1.418207, Exp of Normalized LogL: 0.242148, Best Rate: 0.3
Fault: [0,2,2,3,4,5], logL: -69.725649, Exp of LogL: 0.000000, Normalized LogL: -1.992161, Exp of Normalized LogL: 0.136400, Best Rate: 0.3
Fault: [0,3,2,3,4,5], logL: -78.593170, Exp of LogL: 0.000000, Normalized LogL: -2.245519, Exp of Normalized LogL: 0.105873, Best Rate: 0.3
Fault: [0,1,2,3,4,5], logL: -122.921372, Exp of LogL: 0.000000, Normalized LogL: -3.512039, Exp of Normalized LogL: 0.029836, Best Rate: 0.3
Fault: [0,4,2,3,4,5], logL: -128.219574, Exp of LogL: 0.000000, Normalized LogL: -3.663416, Exp of Normalized LogL: 0.025645, Best Rate: 0.3
Fault: [0,5,2,3,4,5], logL: -128.219574, Exp of LogL: 0.000000, Normalized LogL: -3.663416, Exp of Normalized LogL: 0.025645, Best Rate: 0.3

========= ADAPTIVE MC DEBUG =========
Total calls: 350
Avg tries: 424.29
Confidence stops: 350
Max stops: 0
Max stop rate: 0.000
Real Fault Rank 1
===== SEED 99 | FR=0.3 | VR=100 =====
executing with fault mode: [0,0,2,3,4,5]

Fault scores (higher is better):
Fault: [0,0,2,3,4,5], logL: -50.208295, Exp of LogL: 0.000000, Normalized LogL: -1.141098, Exp of Normalized LogL: 0.319468, Best Rate: 0.3
Fault: [0,0,2,1,4,5], logL: -50.421901, Exp of LogL: 0.000000, Normalized LogL: -1.145952, Exp of Normalized LogL: 0.317921, Best Rate: 0.3
Fault: [0,0,2,0,4,5], logL: -52.736097, Exp of LogL: 0.000000, Normalized LogL: -1.198548, Exp of Normalized LogL: 0.301632, Best Rate: 0.3
Fault: [0,0,2,2,4,5], logL: -53.441320, Exp of LogL: 0.000000, Normalized LogL: -1.214575, Exp of Normalized LogL: 0.296836, Best Rate: 0.3
Fault: [0,0,2,4,4,5], logL: -54.282097, Exp of LogL: 0.000000, Normalized LogL: -1.233684, Exp of Normalized LogL: 0.291218, Best Rate: 0.3
Fault: [0,3,2,3,4,5], logL: -85.927378, Exp of LogL: 0.000000, Normalized LogL: -1.952895, Exp of Normalized LogL: 0.141863, Best Rate: 0.3
Fault: [0,2,2,3,4,5], logL: -99.728593, Exp of LogL: 0.000000, Normalized LogL: -2.266559, Exp of Normalized LogL: 0.103668, Best Rate: 0.3
Fault: [0,1,2,3,4,5], logL: -177.933717, Exp of LogL: 0.000000, Normalized LogL: -4.043948, Exp of Normalized LogL: 0.017528, Best Rate: 0.3
Fault: [0,4,2,3,4,5], logL: -184.832056, Exp of LogL: 0.000000, Normalized LogL: -4.200729, Exp of Normalized LogL: 0.014985, Best Rate: 0.3
Fault: [0,5,2,3,4,5], logL: -184.832056, Exp of LogL: 0.000000, Normalized LogL: -4.200729, Exp of Normalized LogL: 0.014985, Best Rate: 0.3

========= ADAPTIVE MC DEBUG =========
Total calls: 440
Avg tries: 435.45
Confidence stops: 440
Max stops: 0
Max stop rate: 0.000
Real Fault Rank 1
================= 22/08/2026 05:31:41: SEED 99 END =================
================= 22/08/2026 05:31:41: SEED 100 (97/100), a*=3 fault=[0,1,2,0,4,5] START =================
===== SEED 100 | FR=0.3 | VR=20 =====
executing with fault mode: [0,1,2,0,4,5]

Fault scores (higher is better):
Fault: [0,1,2,3,4,5], logL: -3.974984, Exp of LogL: 0.018780, Normalized LogL: -1.324995, Exp of Normalized LogL: 0.265804, Best Rate: 0.3
Fault: [0,1,2,0,0,5], logL: -4.158708, Exp of LogL: 0.015628, Normalized LogL: -1.386236, Exp of Normalized LogL: 0.250015, Best Rate: 0.3
Fault: [0,1,2,0,3,5], logL: -4.158708, Exp of LogL: 0.015628, Normalized LogL: -1.386236, Exp of Normalized LogL: 0.250015, Best Rate: 0.3
Fault: [0,1,2,0,5,5], logL: -4.158708, Exp of LogL: 0.015628, Normalized LogL: -1.386236, Exp of Normalized LogL: 0.250015, Best Rate: 0.3
Fault: [0,1,2,0,1,5], logL: -4.165877, Exp of LogL: 0.015516, Normalized LogL: -1.388626, Exp of Normalized LogL: 0.249418, Best Rate: 0.3
Fault: [0,1,2,0,4,5], logL: -4.180370, Exp of LogL: 0.015293, Normalized LogL: -1.393457, Exp of Normalized LogL: 0.248216, Best Rate: 0.3
Fault: [0,1,2,4,4,5], logL: -4.395737, Exp of LogL: 0.012330, Normalized LogL: -1.465246, Exp of Normalized LogL: 0.231021, Best Rate: 0.3
Fault: [0,1,2,5,4,5], logL: -4.395737, Exp of LogL: 0.012330, Normalized LogL: -1.465246, Exp of Normalized LogL: 0.231021, Best Rate: 0.3
Fault: [0,1,2,1,4,5], logL: -4.399867, Exp of LogL: 0.012279, Normalized LogL: -1.466622, Exp of Normalized LogL: 0.230703, Best Rate: 0.3
Fault: [0,1,2,2,4,5], logL: -4.523548, Exp of LogL: 0.010850, Normalized LogL: -1.507849, Exp of Normalized LogL: 0.221386, Best Rate: 0.3

========= ADAPTIVE MC DEBUG =========
Total calls: 30
Avg tries: 443.33
Confidence stops: 30
Max stops: 0
Max stop rate: 0.000
Real Fault Rank 6
===== SEED 100 | FR=0.3 | VR=40 =====
executing with fault mode: [0,1,2,0,4,5]

Fault scores (higher is better):
Fault: [0,1,2,1,4,5], logL: -7.487834, Exp of LogL: 0.000560, Normalized LogL: -1.247972, Exp of Normalized LogL: 0.287086, Best Rate: 0.3
Fault: [0,1,2,0,4,5], logL: -7.854072, Exp of LogL: 0.000388, Normalized LogL: -1.309012, Exp of Normalized LogL: 0.270087, Best Rate: 0.3
Fault: [0,1,2,3,4,5], logL: -7.936459, Exp of LogL: 0.000357, Normalized LogL: -1.322743, Exp of Normalized LogL: 0.266404, Best Rate: 0.3
Fault: [0,1,2,2,4,5], logL: -8.150946, Exp of LogL: 0.000288, Normalized LogL: -1.358491, Exp of Normalized LogL: 0.257048, Best Rate: 0.3
Fault: [0,1,2,0,1,5], logL: -8.188147, Exp of LogL: 0.000278, Normalized LogL: -1.364691, Exp of Normalized LogL: 0.255460, Best Rate: 0.3
Fault: [0,1,2,0,0,5], logL: -8.188147, Exp of LogL: 0.000278, Normalized LogL: -1.364691, Exp of Normalized LogL: 0.255460, Best Rate: 0.3
Fault: [0,1,2,0,3,5], logL: -8.188147, Exp of LogL: 0.000278, Normalized LogL: -1.364691, Exp of Normalized LogL: 0.255460, Best Rate: 0.3
Fault: [0,1,2,0,5,5], logL: -8.188147, Exp of LogL: 0.000278, Normalized LogL: -1.364691, Exp of Normalized LogL: 0.255460, Best Rate: 0.3
Fault: [0,1,2,4,4,5], logL: -8.910275, Exp of LogL: 0.000135, Normalized LogL: -1.485046, Exp of Normalized LogL: 0.226492, Best Rate: 0.3
Fault: [0,1,2,5,4,5], logL: -8.910275, Exp of LogL: 0.000135, Normalized LogL: -1.485046, Exp of Normalized LogL: 0.226492, Best Rate: 0.3

========= ADAPTIVE MC DEBUG =========
Total calls: 60
Avg tries: 390.00
Confidence stops: 60
Max stops: 0
Max stop rate: 0.000
Real Fault Rank 2
===== SEED 100 | FR=0.3 | VR=60 =====
executing with fault mode: [0,1,2,0,4,5]

Fault scores (higher is better):
Fault: [0,1,2,0,4,5], logL: -8.854296, Exp of LogL: 0.000143, Normalized LogL: -1.106787, Exp of Normalized LogL: 0.330620, Best Rate: 0.3
Fault: [0,1,2,1,4,5], logL: -9.101706, Exp of LogL: 0.000111, Normalized LogL: -1.137713, Exp of Normalized LogL: 0.320551, Best Rate: 0.3
Fault: [0,1,2,0,1,5], logL: -9.188371, Exp of LogL: 0.000102, Normalized LogL: -1.148546, Exp of Normalized LogL: 0.317097, Best Rate: 0.3
Fault: [0,1,2,0,0,5], logL: -9.188371, Exp of LogL: 0.000102, Normalized LogL: -1.148546, Exp of Normalized LogL: 0.317097, Best Rate: 0.3
Fault: [0,1,2,0,3,5], logL: -9.188371, Exp of LogL: 0.000102, Normalized LogL: -1.148546, Exp of Normalized LogL: 0.317097, Best Rate: 0.3
Fault: [0,1,2,0,5,5], logL: -9.188371, Exp of LogL: 0.000102, Normalized LogL: -1.148546, Exp of Normalized LogL: 0.317097, Best Rate: 0.3
Fault: [0,1,2,3,4,5], logL: -9.451094, Exp of LogL: 0.000079, Normalized LogL: -1.181387, Exp of Normalized LogL: 0.306853, Best Rate: 0.3
Fault: [0,1,2,2,4,5], logL: -9.602967, Exp of LogL: 0.000068, Normalized LogL: -1.200371, Exp of Normalized LogL: 0.301083, Best Rate: 0.3
Fault: [0,1,2,4,4,5], logL: -10.630407, Exp of LogL: 0.000024, Normalized LogL: -1.328801, Exp of Normalized LogL: 0.264795, Best Rate: 0.3
Fault: [0,1,2,5,4,5], logL: -10.630407, Exp of LogL: 0.000024, Normalized LogL: -1.328801, Exp of Normalized LogL: 0.264795, Best Rate: 0.3

========= ADAPTIVE MC DEBUG =========
Total calls: 80
Avg tries: 450.00
Confidence stops: 80
Max stops: 0
Max stop rate: 0.000
Real Fault Rank 1
===== SEED 100 | FR=0.3 | VR=80 =====
executing with fault mode: [0,1,2,0,4,5]

Fault scores (higher is better):
Fault: [0,1,2,0,4,5], logL: -9.687139, Exp of LogL: 0.000062, Normalized LogL: -0.880649, Exp of Normalized LogL: 0.414514, Best Rate: 0.3
Fault: [0,1,2,0,1,5], logL: -10.021214, Exp of LogL: 0.000044, Normalized LogL: -0.911019, Exp of Normalized LogL: 0.402114, Best Rate: 0.3
Fault: [0,1,2,0,0,5], logL: -10.021214, Exp of LogL: 0.000044, Normalized LogL: -0.911019, Exp of Normalized LogL: 0.402114, Best Rate: 0.3
Fault: [0,1,2,0,3,5], logL: -10.021214, Exp of LogL: 0.000044, Normalized LogL: -0.911019, Exp of Normalized LogL: 0.402114, Best Rate: 0.3
Fault: [0,1,2,0,5,5], logL: -10.021214, Exp of LogL: 0.000044, Normalized LogL: -0.911019, Exp of Normalized LogL: 0.402114, Best Rate: 0.3
Fault: [0,1,2,1,4,5], logL: -10.550478, Exp of LogL: 0.000026, Normalized LogL: -0.959134, Exp of Normalized LogL: 0.383224, Best Rate: 0.3
Fault: [0,1,2,3,4,5], logL: -10.802137, Exp of LogL: 0.000020, Normalized LogL: -0.982012, Exp of Normalized LogL: 0.374557, Best Rate: 0.3
Fault: [0,1,2,2,4,5], logL: -11.114049, Exp of LogL: 0.000015, Normalized LogL: -1.010368, Exp of Normalized LogL: 0.364085, Best Rate: 0.3
Fault: [0,1,2,4,4,5], logL: -12.309517, Exp of LogL: 0.000005, Normalized LogL: -1.119047, Exp of Normalized LogL: 0.326591, Best Rate: 0.3
Fault: [0,1,2,5,4,5], logL: -12.309517, Exp of LogL: 0.000005, Normalized LogL: -1.119047, Exp of Normalized LogL: 0.326591, Best Rate: 0.3

========= ADAPTIVE MC DEBUG =========
Total calls: 110
Avg tries: 481.36
Confidence stops: 110
Max stops: 0
Max stop rate: 0.000
Real Fault Rank 1
===== SEED 100 | FR=0.3 | VR=100 =====
executing with fault mode: [0,1,2,0,4,5]

Fault scores (higher is better):
Fault: [0,1,2,0,4,5], logL: -10.097965, Exp of LogL: 0.000041, Normalized LogL: -0.721283, Exp of Normalized LogL: 0.486128, Best Rate: 0.3
Fault: [0,1,2,0,1,5], logL: -10.432040, Exp of LogL: 0.000029, Normalized LogL: -0.745146, Exp of Normalized LogL: 0.474665, Best Rate: 0.3
Fault: [0,1,2,0,0,5], logL: -10.432040, Exp of LogL: 0.000029, Normalized LogL: -0.745146, Exp of Normalized LogL: 0.474665, Best Rate: 0.3
Fault: [0,1,2,0,3,5], logL: -10.432040, Exp of LogL: 0.000029, Normalized LogL: -0.745146, Exp of Normalized LogL: 0.474665, Best Rate: 0.3
Fault: [0,1,2,0,5,5], logL: -10.432040, Exp of LogL: 0.000029, Normalized LogL: -0.745146, Exp of Normalized LogL: 0.474665, Best Rate: 0.3
Fault: [0,1,2,3,4,5], logL: -11.525499, Exp of LogL: 0.000010, Normalized LogL: -0.823250, Exp of Normalized LogL: 0.439003, Best Rate: 0.3
Fault: [0,1,2,1,4,5], logL: -12.472878, Exp of LogL: 0.000004, Normalized LogL: -0.890920, Exp of Normalized LogL: 0.410278, Best Rate: 0.3
Fault: [0,1,2,2,4,5], logL: -13.036449, Exp of LogL: 0.000002, Normalized LogL: -0.931175, Exp of Normalized LogL: 0.394090, Best Rate: 0.3
Fault: [0,1,2,4,4,5], logL: -14.231917, Exp of LogL: 0.000001, Normalized LogL: -1.016565, Exp of Normalized LogL: 0.361836, Best Rate: 0.3
Fault: [0,1,2,5,4,5], logL: -14.231917, Exp of LogL: 0.000001, Normalized LogL: -1.016565, Exp of Normalized LogL: 0.361836, Best Rate: 0.3

========= ADAPTIVE MC DEBUG =========
Total calls: 140
Avg tries: 480.00
Confidence stops: 140
Max stops: 0
Max stop rate: 0.000
Real Fault Rank 1
================= 22/08/2026 05:32:03: SEED 100 END =================
================= 22/08/2026 05:32:03: SEED 101 (98/100), a*=1 fault=[0,5,2,3,4,5] START =================
===== SEED 101 | FR=0.3 | VR=20 =====
executing with fault mode: [0,5,2,3,4,5]

Fault scores (higher is better):
Fault: [0,0,2,3,4,5], logL: -10.400785, Exp of LogL: 0.000030, Normalized LogL: -2.080157, Exp of Normalized LogL: 0.124911, Best Rate: 0.3
Fault: [0,4,2,3,4,5], logL: -10.769711, Exp of LogL: 0.000021, Normalized LogL: -2.153942, Exp of Normalized LogL: 0.116026, Best Rate: 0.3
Fault: [0,2,2,3,4,5], logL: -10.769711, Exp of LogL: 0.000021, Normalized LogL: -2.153942, Exp of Normalized LogL: 0.116026, Best Rate: 0.3
Fault: [0,5,2,3,4,5], logL: -10.769711, Exp of LogL: 0.000021, Normalized LogL: -2.153942, Exp of Normalized LogL: 0.116026, Best Rate: 0.3
Fault: [0,3,2,3,4,5], logL: -11.016571, Exp of LogL: 0.000016, Normalized LogL: -2.203314, Exp of Normalized LogL: 0.110437, Best Rate: 0.3
Fault: [0,5,2,0,4,5], logL: -11.049094, Exp of LogL: 0.000016, Normalized LogL: -2.209819, Exp of Normalized LogL: 0.109721, Best Rate: 0.3
Fault: [0,5,2,2,4,5], logL: -11.128558, Exp of LogL: 0.000015, Normalized LogL: -2.225712, Exp of Normalized LogL: 0.107991, Best Rate: 0.3
Fault: [0,5,2,4,4,5], logL: -11.128558, Exp of LogL: 0.000015, Normalized LogL: -2.225712, Exp of Normalized LogL: 0.107991, Best Rate: 0.3
Fault: [0,5,2,5,4,5], logL: -11.128558, Exp of LogL: 0.000015, Normalized LogL: -2.225712, Exp of Normalized LogL: 0.107991, Best Rate: 0.3
Fault: [0,1,2,3,4,5], logL: -33.055684, Exp of LogL: 0.000000, Normalized LogL: -6.611137, Exp of Normalized LogL: 0.001345, Best Rate: 0.3

========= ADAPTIVE MC DEBUG =========
Total calls: 50
Avg tries: 365.00
Confidence stops: 50
Max stops: 0
Max stop rate: 0.000
Real Fault Rank 4
===== SEED 101 | FR=0.3 | VR=40 =====
executing with fault mode: [0,5,2,3,4,5]

Fault scores (higher is better):
Fault: [0,0,2,3,4,5], logL: -15.334400, Exp of LogL: 0.000000, Normalized LogL: -1.533440, Exp of Normalized LogL: 0.215792, Best Rate: 0.3
Fault: [0,3,2,3,4,5], logL: -15.935489, Exp of LogL: 0.000000, Normalized LogL: -1.593549, Exp of Normalized LogL: 0.203203, Best Rate: 0.3
Fault: [0,4,2,3,4,5], logL: -16.027547, Exp of LogL: 0.000000, Normalized LogL: -1.602755, Exp of Normalized LogL: 0.201341, Best Rate: 0.3
Fault: [0,2,2,3,4,5], logL: -16.027547, Exp of LogL: 0.000000, Normalized LogL: -1.602755, Exp of Normalized LogL: 0.201341, Best Rate: 0.3
Fault: [0,5,2,3,4,5], logL: -16.027547, Exp of LogL: 0.000000, Normalized LogL: -1.602755, Exp of Normalized LogL: 0.201341, Best Rate: 0.3
Fault: [0,5,2,0,4,5], logL: -16.489728, Exp of LogL: 0.000000, Normalized LogL: -1.648973, Exp of Normalized LogL: 0.192247, Best Rate: 0.3
Fault: [0,5,2,2,4,5], logL: -16.594399, Exp of LogL: 0.000000, Normalized LogL: -1.659440, Exp of Normalized LogL: 0.190246, Best Rate: 0.3
Fault: [0,5,2,4,4,5], logL: -16.594399, Exp of LogL: 0.000000, Normalized LogL: -1.659440, Exp of Normalized LogL: 0.190246, Best Rate: 0.3
Fault: [0,5,2,5,4,5], logL: -16.594399, Exp of LogL: 0.000000, Normalized LogL: -1.659440, Exp of Normalized LogL: 0.190246, Best Rate: 0.3
Fault: [0,1,2,3,4,5], logL: -37.052903, Exp of LogL: 0.000000, Normalized LogL: -3.705290, Exp of Normalized LogL: 0.024593, Best Rate: 0.3

========= ADAPTIVE MC DEBUG =========
Total calls: 100
Avg tries: 421.00
Confidence stops: 100
Max stops: 0
Max stop rate: 0.000
Real Fault Rank 5
===== SEED 101 | FR=0.3 | VR=60 =====
executing with fault mode: [0,5,2,3,4,5]

Fault scores (higher is better):
Fault: [0,1,2,3,4,5], logL: -18.712255, Exp of LogL: 0.000000, Normalized LogL: -1.247484, Exp of Normalized LogL: 0.287227, Best Rate: 0.3
Fault: [0,4,2,3,4,5], logL: -18.775473, Exp of LogL: 0.000000, Normalized LogL: -1.251698, Exp of Normalized LogL: 0.286019, Best Rate: 0.3
Fault: [0,2,2,3,4,5], logL: -18.775473, Exp of LogL: 0.000000, Normalized LogL: -1.251698, Exp of Normalized LogL: 0.286019, Best Rate: 0.3
Fault: [0,5,2,3,4,5], logL: -18.775473, Exp of LogL: 0.000000, Normalized LogL: -1.251698, Exp of Normalized LogL: 0.286019, Best Rate: 0.3
Fault: [0,5,2,0,4,5], logL: -19.033354, Exp of LogL: 0.000000, Normalized LogL: -1.268890, Exp of Normalized LogL: 0.281143, Best Rate: 0.3
Fault: [0,5,2,2,4,5], logL: -19.138024, Exp of LogL: 0.000000, Normalized LogL: -1.275868, Exp of Normalized LogL: 0.279188, Best Rate: 0.3
Fault: [0,5,2,4,4,5], logL: -19.138024, Exp of LogL: 0.000000, Normalized LogL: -1.275868, Exp of Normalized LogL: 0.279188, Best Rate: 0.3
Fault: [0,5,2,5,4,5], logL: -19.138024, Exp of LogL: 0.000000, Normalized LogL: -1.275868, Exp of Normalized LogL: 0.279188, Best Rate: 0.3
Fault: [0,0,2,3,4,5], logL: -19.638772, Exp of LogL: 0.000000, Normalized LogL: -1.309251, Exp of Normalized LogL: 0.270022, Best Rate: 0.3
Fault: [0,3,2,3,4,5], logL: -20.147853, Exp of LogL: 0.000000, Normalized LogL: -1.343190, Exp of Normalized LogL: 0.261012, Best Rate: 0.3

========= ADAPTIVE MC DEBUG =========
Total calls: 150
Avg tries: 436.67
Confidence stops: 150
Max stops: 0
Max stop rate: 0.000
Real Fault Rank 4
===== SEED 101 | FR=0.3 | VR=80 =====
executing with fault mode: [0,5,2,3,4,5]

Fault scores (higher is better):
Fault: [0,1,2,3,4,5], logL: -20.263080, Exp of LogL: 0.000000, Normalized LogL: -1.013154, Exp of Normalized LogL: 0.363072, Best Rate: 0.3
Fault: [0,4,2,3,4,5], logL: -20.313585, Exp of LogL: 0.000000, Normalized LogL: -1.015679, Exp of Normalized LogL: 0.362156, Best Rate: 0.3
Fault: [0,2,2,3,4,5], logL: -20.313585, Exp of LogL: 0.000000, Normalized LogL: -1.015679, Exp of Normalized LogL: 0.362156, Best Rate: 0.3
Fault: [0,5,2,3,4,5], logL: -20.313585, Exp of LogL: 0.000000, Normalized LogL: -1.015679, Exp of Normalized LogL: 0.362156, Best Rate: 0.3
Fault: [0,5,2,0,4,5], logL: -20.571466, Exp of LogL: 0.000000, Normalized LogL: -1.028573, Exp of Normalized LogL: 0.357517, Best Rate: 0.3
Fault: [0,5,2,2,4,5], logL: -20.676136, Exp of LogL: 0.000000, Normalized LogL: -1.033807, Exp of Normalized LogL: 0.355650, Best Rate: 0.3
Fault: [0,5,2,4,4,5], logL: -20.676136, Exp of LogL: 0.000000, Normalized LogL: -1.033807, Exp of Normalized LogL: 0.355650, Best Rate: 0.3
Fault: [0,5,2,5,4,5], logL: -20.676136, Exp of LogL: 0.000000, Normalized LogL: -1.033807, Exp of Normalized LogL: 0.355650, Best Rate: 0.3
Fault: [0,0,2,3,4,5], logL: -21.176883, Exp of LogL: 0.000000, Normalized LogL: -1.058844, Exp of Normalized LogL: 0.346856, Best Rate: 0.3
Fault: [0,3,2,3,4,5], logL: -21.654043, Exp of LogL: 0.000000, Normalized LogL: -1.082702, Exp of Normalized LogL: 0.338679, Best Rate: 0.3

========= ADAPTIVE MC DEBUG =========
Total calls: 200
Avg tries: 440.75
Confidence stops: 200
Max stops: 0
Max stop rate: 0.000
Real Fault Rank 4
===== SEED 101 | FR=0.3 | VR=100 =====
executing with fault mode: [0,5,2,3,4,5]

Fault scores (higher is better):
Fault: [0,4,2,3,4,5], logL: -24.273726, Exp of LogL: 0.000000, Normalized LogL: -0.970949, Exp of Normalized LogL: 0.378723, Best Rate: 0.3
Fault: [0,2,2,3,4,5], logL: -24.273726, Exp of LogL: 0.000000, Normalized LogL: -0.970949, Exp of Normalized LogL: 0.378723, Best Rate: 0.3
Fault: [0,5,2,3,4,5], logL: -24.273726, Exp of LogL: 0.000000, Normalized LogL: -0.970949, Exp of Normalized LogL: 0.378723, Best Rate: 0.3
Fault: [0,5,2,0,4,5], logL: -24.531606, Exp of LogL: 0.000000, Normalized LogL: -0.981264, Exp of Normalized LogL: 0.374837, Best Rate: 0.3
Fault: [0,5,2,2,4,5], logL: -24.636277, Exp of LogL: 0.000000, Normalized LogL: -0.985451, Exp of Normalized LogL: 0.373271, Best Rate: 0.3
Fault: [0,5,2,4,4,5], logL: -24.636277, Exp of LogL: 0.000000, Normalized LogL: -0.985451, Exp of Normalized LogL: 0.373271, Best Rate: 0.3
Fault: [0,5,2,5,4,5], logL: -24.636277, Exp of LogL: 0.000000, Normalized LogL: -0.985451, Exp of Normalized LogL: 0.373271, Best Rate: 0.3
Fault: [0,1,2,3,4,5], logL: -26.401321, Exp of LogL: 0.000000, Normalized LogL: -1.056053, Exp of Normalized LogL: 0.347826, Best Rate: 0.3
Fault: [0,0,2,3,4,5], logL: -27.062761, Exp of LogL: 0.000000, Normalized LogL: -1.082510, Exp of Normalized LogL: 0.338744, Best Rate: 0.3
Fault: [0,3,2,3,4,5], logL: -28.121259, Exp of LogL: 0.000000, Normalized LogL: -1.124850, Exp of Normalized LogL: 0.324701, Best Rate: 0.3

========= ADAPTIVE MC DEBUG =========
Total calls: 250
Avg tries: 443.20
Confidence stops: 250
Max stops: 0
Max stop rate: 0.000
Real Fault Rank 3
================= 22/08/2026 05:32:40: SEED 101 END =================
================= 22/08/2026 05:32:40: SEED 102 (99/100), a*=2 fault=[0,1,3,3,4,5] START =================
===== SEED 102 | FR=0.3 | VR=20 =====
executing with fault mode: [0,1,3,3,4,5]

executing with fault mode: [0,1,3,3,4,5]

executing with fault mode: [0,1,3,3,4,5]

executing with fault mode: [0,1,3,3,4,5]

Fault scores (higher is better):
Fault: [0,1,3,3,3,5], logL: -12.149795, Exp of LogL: 0.000005, Normalized LogL: -1.735685, Exp of Normalized LogL: 0.176279, Best Rate: 0.3
Fault: [0,1,3,3,1,5], logL: -12.149795, Exp of LogL: 0.000005, Normalized LogL: -1.735685, Exp of Normalized LogL: 0.176279, Best Rate: 0.3
Fault: [0,1,3,3,5,5], logL: -12.149795, Exp of LogL: 0.000005, Normalized LogL: -1.735685, Exp of Normalized LogL: 0.176279, Best Rate: 0.3
Fault: [0,1,3,3,4,5], logL: -12.498102, Exp of LogL: 0.000004, Normalized LogL: -1.785443, Exp of Normalized LogL: 0.167723, Best Rate: 0.3
Fault: [0,1,3,3,2,5], logL: -12.585113, Exp of LogL: 0.000003, Normalized LogL: -1.797873, Exp of Normalized LogL: 0.165651, Best Rate: 0.3
Fault: [0,1,1,3,4,5], logL: -13.468476, Exp of LogL: 0.000001, Normalized LogL: -1.924068, Exp of Normalized LogL: 0.146012, Best Rate: 0.3
Fault: [0,1,4,3,4,5], logL: -14.126202, Exp of LogL: 0.000001, Normalized LogL: -2.018029, Exp of Normalized LogL: 0.132917, Best Rate: 0.3
Fault: [0,1,5,3,4,5], logL: -14.126202, Exp of LogL: 0.000001, Normalized LogL: -2.018029, Exp of Normalized LogL: 0.132917, Best Rate: 0.3
Fault: [0,1,0,3,4,5], logL: -15.137400, Exp of LogL: 0.000000, Normalized LogL: -2.162486, Exp of Normalized LogL: 0.115039, Best Rate: 0.3
Fault: [0,1,2,3,4,5], logL: -16.857692, Exp of LogL: 0.000000, Normalized LogL: -2.408242, Exp of Normalized LogL: 0.089973, Best Rate: 0.3

========= ADAPTIVE MC DEBUG =========
Total calls: 70
Avg tries: 345.71
Confidence stops: 70
Max stops: 0
Max stop rate: 0.000
Real Fault Rank 4
===== SEED 102 | FR=0.3 | VR=40 =====
executing with fault mode: [0,1,3,3,4,5]

executing with fault mode: [0,1,3,3,4,5]

executing with fault mode: [0,1,3,3,4,5]

executing with fault mode: [0,1,3,3,4,5]

Fault scores (higher is better):
Fault: [0,1,3,3,4,5], logL: -17.389267, Exp of LogL: 0.000000, Normalized LogL: -1.337636, Exp of Normalized LogL: 0.262465, Best Rate: 0.3
Fault: [0,1,3,3,3,5], logL: -17.743348, Exp of LogL: 0.000000, Normalized LogL: -1.364873, Exp of Normalized LogL: 0.255413, Best Rate: 0.3
Fault: [0,1,3,3,2,5], logL: -17.743348, Exp of LogL: 0.000000, Normalized LogL: -1.364873, Exp of Normalized LogL: 0.255413, Best Rate: 0.3
Fault: [0,1,3,3,1,5], logL: -17.743348, Exp of LogL: 0.000000, Normalized LogL: -1.364873, Exp of Normalized LogL: 0.255413, Best Rate: 0.3
Fault: [0,1,3,3,5,5], logL: -17.743348, Exp of LogL: 0.000000, Normalized LogL: -1.364873, Exp of Normalized LogL: 0.255413, Best Rate: 0.3
Fault: [0,1,1,3,4,5], logL: -19.753393, Exp of LogL: 0.000000, Normalized LogL: -1.519492, Exp of Normalized LogL: 0.218823, Best Rate: 0.3
Fault: [0,1,0,3,4,5], logL: -21.434830, Exp of LogL: 0.000000, Normalized LogL: -1.648833, Exp of Normalized LogL: 0.192274, Best Rate: 0.3
Fault: [0,1,4,3,4,5], logL: -43.544354, Exp of LogL: 0.000000, Normalized LogL: -3.349566, Exp of Normalized LogL: 0.035100, Best Rate: 0.3
Fault: [0,1,5,3,4,5], logL: -43.544354, Exp of LogL: 0.000000, Normalized LogL: -3.349566, Exp of Normalized LogL: 0.035100, Best Rate: 0.3
Fault: [0,1,2,3,4,5], logL: -46.833228, Exp of LogL: 0.000000, Normalized LogL: -3.602556, Exp of Normalized LogL: 0.027254, Best Rate: 0.3

========= ADAPTIVE MC DEBUG =========
Total calls: 130
Avg tries: 399.62
Confidence stops: 130
Max stops: 0
Max stop rate: 0.000
Real Fault Rank 1
===== SEED 102 | FR=0.3 | VR=60 =====
executing with fault mode: [0,1,3,3,4,5]

executing with fault mode: [0,1,3,3,4,5]

executing with fault mode: [0,1,3,3,4,5]

executing with fault mode: [0,1,3,3,4,5]

Fault scores (higher is better):
Fault: [0,1,3,3,4,5], logL: -20.501343, Exp of LogL: 0.000000, Normalized LogL: -1.079018, Exp of Normalized LogL: 0.339929, Best Rate: 0.3
Fault: [0,1,3,3,3,5], logL: -20.855424, Exp of LogL: 0.000000, Normalized LogL: -1.097654, Exp of Normalized LogL: 0.333653, Best Rate: 0.3
Fault: [0,1,3,3,2,5], logL: -20.855424, Exp of LogL: 0.000000, Normalized LogL: -1.097654, Exp of Normalized LogL: 0.333653, Best Rate: 0.3
Fault: [0,1,3,3,1,5], logL: -20.855424, Exp of LogL: 0.000000, Normalized LogL: -1.097654, Exp of Normalized LogL: 0.333653, Best Rate: 0.3
Fault: [0,1,3,3,5,5], logL: -20.855424, Exp of LogL: 0.000000, Normalized LogL: -1.097654, Exp of Normalized LogL: 0.333653, Best Rate: 0.3
Fault: [0,1,0,3,4,5], logL: -24.986915, Exp of LogL: 0.000000, Normalized LogL: -1.315101, Exp of Normalized LogL: 0.268447, Best Rate: 0.3
Fault: [0,1,1,3,4,5], logL: -27.669909, Exp of LogL: 0.000000, Normalized LogL: -1.456311, Exp of Normalized LogL: 0.233095, Best Rate: 0.3
Fault: [0,1,4,3,4,5], logL: -74.155044, Exp of LogL: 0.000000, Normalized LogL: -3.902897, Exp of Normalized LogL: 0.020183, Best Rate: 0.3
Fault: [0,1,5,3,4,5], logL: -74.155044, Exp of LogL: 0.000000, Normalized LogL: -3.902897, Exp of Normalized LogL: 0.020183, Best Rate: 0.3
Fault: [0,1,2,3,4,5], logL: -99.981782, Exp of LogL: 0.000000, Normalized LogL: -5.262199, Exp of Normalized LogL: 0.005184, Best Rate: 0.3

========= ADAPTIVE MC DEBUG =========
Total calls: 190
Avg tries: 435.26
Confidence stops: 190
Max stops: 0
Max stop rate: 0.000
Real Fault Rank 1
===== SEED 102 | FR=0.3 | VR=80 =====
executing with fault mode: [0,1,3,3,4,5]

executing with fault mode: [0,1,3,3,4,5]

executing with fault mode: [0,1,3,3,4,5]

executing with fault mode: [0,1,3,3,4,5]

Fault scores (higher is better):
Fault: [0,1,3,3,4,5], logL: -26.405032, Exp of LogL: 0.000000, Normalized LogL: -1.056201, Exp of Normalized LogL: 0.347774, Best Rate: 0.3
Fault: [0,1,3,3,3,5], logL: -26.759113, Exp of LogL: 0.000000, Normalized LogL: -1.070365, Exp of Normalized LogL: 0.342884, Best Rate: 0.3
Fault: [0,1,3,3,2,5], logL: -26.759113, Exp of LogL: 0.000000, Normalized LogL: -1.070365, Exp of Normalized LogL: 0.342884, Best Rate: 0.3
Fault: [0,1,3,3,1,5], logL: -26.759113, Exp of LogL: 0.000000, Normalized LogL: -1.070365, Exp of Normalized LogL: 0.342884, Best Rate: 0.3
Fault: [0,1,3,3,5,5], logL: -26.759113, Exp of LogL: 0.000000, Normalized LogL: -1.070365, Exp of Normalized LogL: 0.342884, Best Rate: 0.3
Fault: [0,1,0,3,4,5], logL: -30.307920, Exp of LogL: 0.000000, Normalized LogL: -1.212317, Exp of Normalized LogL: 0.297507, Best Rate: 0.3
Fault: [0,1,1,3,4,5], logL: -30.956350, Exp of LogL: 0.000000, Normalized LogL: -1.238254, Exp of Normalized LogL: 0.289890, Best Rate: 0.3
Fault: [0,1,4,3,4,5], logL: -80.216735, Exp of LogL: 0.000000, Normalized LogL: -3.208669, Exp of Normalized LogL: 0.040410, Best Rate: 0.3
Fault: [0,1,5,3,4,5], logL: -80.216735, Exp of LogL: 0.000000, Normalized LogL: -3.208669, Exp of Normalized LogL: 0.040410, Best Rate: 0.3
Fault: [0,1,2,3,4,5], logL: -103.899359, Exp of LogL: 0.000000, Normalized LogL: -4.155974, Exp of Normalized LogL: 0.015671, Best Rate: 0.3

========= ADAPTIVE MC DEBUG =========
Total calls: 250
Avg tries: 431.60
Confidence stops: 250
Max stops: 0
Max stop rate: 0.000
Real Fault Rank 1
===== SEED 102 | FR=0.3 | VR=100 =====
executing with fault mode: [0,1,3,3,4,5]

executing with fault mode: [0,1,3,3,4,5]

executing with fault mode: [0,1,3,3,4,5]

executing with fault mode: [0,1,3,3,4,5]

Fault scores (higher is better):
Fault: [0,1,3,3,4,5], logL: -31.765443, Exp of LogL: 0.000000, Normalized LogL: -0.992670, Exp of Normalized LogL: 0.370586, Best Rate: 0.3
Fault: [0,1,3,3,3,5], logL: -32.119524, Exp of LogL: 0.000000, Normalized LogL: -1.003735, Exp of Normalized LogL: 0.366508, Best Rate: 0.3
Fault: [0,1,3,3,2,5], logL: -32.119524, Exp of LogL: 0.000000, Normalized LogL: -1.003735, Exp of Normalized LogL: 0.366508, Best Rate: 0.3
Fault: [0,1,3,3,1,5], logL: -32.119524, Exp of LogL: 0.000000, Normalized LogL: -1.003735, Exp of Normalized LogL: 0.366508, Best Rate: 0.3
Fault: [0,1,3,3,5,5], logL: -32.119524, Exp of LogL: 0.000000, Normalized LogL: -1.003735, Exp of Normalized LogL: 0.366508, Best Rate: 0.3
Fault: [0,1,0,3,4,5], logL: -35.244611, Exp of LogL: 0.000000, Normalized LogL: -1.101394, Exp of Normalized LogL: 0.332407, Best Rate: 0.3
Fault: [0,1,1,3,4,5], logL: -36.221567, Exp of LogL: 0.000000, Normalized LogL: -1.131924, Exp of Normalized LogL: 0.322412, Best Rate: 0.3
Fault: [0,1,4,3,4,5], logL: -85.897301, Exp of LogL: 0.000000, Normalized LogL: -2.684291, Exp of Normalized LogL: 0.068270, Best Rate: 0.3
Fault: [0,1,5,3,4,5], logL: -85.897301, Exp of LogL: 0.000000, Normalized LogL: -2.684291, Exp of Normalized LogL: 0.068270, Best Rate: 0.3
Fault: [0,1,2,3,4,5], logL: -108.903466, Exp of LogL: 0.000000, Normalized LogL: -3.403233, Exp of Normalized LogL: 0.033266, Best Rate: 0.3

========= ADAPTIVE MC DEBUG =========
Total calls: 320
Avg tries: 454.22
Confidence stops: 320
Max stops: 0
Max stop rate: 0.000
Real Fault Rank 1
================= 22/08/2026 05:33:27: SEED 102 END =================
================= 22/08/2026 05:33:27: SEED 103 (100/100), a*=0 fault=[4,1,2,3,4,5] START =================
===== SEED 103 | FR=0.3 | VR=20 =====
executing with fault mode: [4,1,2,3,4,5]

executing with fault mode: [4,1,2,3,4,5]

Fault scores (higher is better):
Fault: [3,1,2,3,4,5], logL: -9.646863, Exp of LogL: 0.000065, Normalized LogL: -1.607810, Exp of Normalized LogL: 0.200326, Best Rate: 0.3
Fault: [1,1,2,3,4,5], logL: -10.113163, Exp of LogL: 0.000041, Normalized LogL: -1.685527, Exp of Normalized LogL: 0.185347, Best Rate: 0.3
Fault: [4,1,2,3,4,5], logL: -10.583166, Exp of LogL: 0.000025, Normalized LogL: -1.763861, Exp of Normalized LogL: 0.171382, Best Rate: 0.3
Fault: [5,1,2,3,4,5], logL: -10.583166, Exp of LogL: 0.000025, Normalized LogL: -1.763861, Exp of Normalized LogL: 0.171382, Best Rate: 0.3
Fault: [0,1,2,3,4,5], logL: -10.623689, Exp of LogL: 0.000024, Normalized LogL: -1.770615, Exp of Normalized LogL: 0.170228, Best Rate: 0.3
Fault: [4,1,2,3,3,5], logL: -10.800579, Exp of LogL: 0.000020, Normalized LogL: -1.800097, Exp of Normalized LogL: 0.165283, Best Rate: 0.3
Fault: [4,1,2,3,5,5], logL: -10.800579, Exp of LogL: 0.000020, Normalized LogL: -1.800097, Exp of Normalized LogL: 0.165283, Best Rate: 0.3
Fault: [4,1,2,3,1,5], logL: -10.851873, Exp of LogL: 0.000019, Normalized LogL: -1.808645, Exp of Normalized LogL: 0.163876, Best Rate: 0.3
Fault: [4,1,2,3,2,5], logL: -10.878541, Exp of LogL: 0.000019, Normalized LogL: -1.813090, Exp of Normalized LogL: 0.163149, Best Rate: 0.3
Fault: [2,1,2,3,4,5], logL: -10.995146, Exp of LogL: 0.000017, Normalized LogL: -1.832524, Exp of Normalized LogL: 0.160009, Best Rate: 0.3

========= ADAPTIVE MC DEBUG =========
Total calls: 60
Avg tries: 402.50
Confidence stops: 60
Max stops: 0
Max stop rate: 0.000
Real Fault Rank 3
===== SEED 103 | FR=0.3 | VR=40 =====
executing with fault mode: [4,1,2,3,4,5]

executing with fault mode: [4,1,2,3,4,5]

Fault scores (higher is better):
Fault: [4,1,2,3,4,5], logL: -12.955344, Exp of LogL: 0.000002, Normalized LogL: -1.177759, Exp of Normalized LogL: 0.307968, Best Rate: 0.3
Fault: [5,1,2,3,4,5], logL: -12.955344, Exp of LogL: 0.000002, Normalized LogL: -1.177759, Exp of Normalized LogL: 0.307968, Best Rate: 0.3
Fault: [4,1,2,3,3,5], logL: -13.300655, Exp of LogL: 0.000002, Normalized LogL: -1.209150, Exp of Normalized LogL: 0.298451, Best Rate: 0.3
Fault: [4,1,2,3,5,5], logL: -13.300655, Exp of LogL: 0.000002, Normalized LogL: -1.209150, Exp of Normalized LogL: 0.298451, Best Rate: 0.3
Fault: [4,1,2,3,2,5], logL: -13.300655, Exp of LogL: 0.000002, Normalized LogL: -1.209150, Exp of Normalized LogL: 0.298451, Best Rate: 0.3
Fault: [4,1,2,3,1,5], logL: -13.300655, Exp of LogL: 0.000002, Normalized LogL: -1.209150, Exp of Normalized LogL: 0.298451, Best Rate: 0.3
Fault: [0,1,2,3,4,5], logL: -13.983798, Exp of LogL: 0.000001, Normalized LogL: -1.271254, Exp of Normalized LogL: 0.280480, Best Rate: 0.3
Fault: [1,1,2,3,4,5], logL: -14.191015, Exp of LogL: 0.000001, Normalized LogL: -1.290092, Exp of Normalized LogL: 0.275245, Best Rate: 0.3
Fault: [2,1,2,3,4,5], logL: -15.448313, Exp of LogL: 0.000000, Normalized LogL: -1.404392, Exp of Normalized LogL: 0.245516, Best Rate: 0.3
Fault: [3,1,2,3,4,5], logL: -36.662978, Exp of LogL: 0.000000, Normalized LogL: -3.332998, Exp of Normalized LogL: 0.035686, Best Rate: 0.3

========= ADAPTIVE MC DEBUG =========
Total calls: 110
Avg tries: 437.27
Confidence stops: 110
Max stops: 0
Max stop rate: 0.000
Real Fault Rank 1
===== SEED 103 | FR=0.3 | VR=60 =====
executing with fault mode: [4,1,2,3,4,5]

executing with fault mode: [4,1,2,3,4,5]

Fault scores (higher is better):
Fault: [4,1,2,3,4,5], logL: -17.493708, Exp of LogL: 0.000000, Normalized LogL: -1.029042, Exp of Normalized LogL: 0.357349, Best Rate: 0.3
Fault: [5,1,2,3,4,5], logL: -17.493708, Exp of LogL: 0.000000, Normalized LogL: -1.029042, Exp of Normalized LogL: 0.357349, Best Rate: 0.3
Fault: [4,1,2,3,3,5], logL: -17.839019, Exp of LogL: 0.000000, Normalized LogL: -1.049354, Exp of Normalized LogL: 0.350164, Best Rate: 0.3
Fault: [4,1,2,3,5,5], logL: -17.839019, Exp of LogL: 0.000000, Normalized LogL: -1.049354, Exp of Normalized LogL: 0.350164, Best Rate: 0.3
Fault: [4,1,2,3,2,5], logL: -17.839019, Exp of LogL: 0.000000, Normalized LogL: -1.049354, Exp of Normalized LogL: 0.350164, Best Rate: 0.3
Fault: [4,1,2,3,1,5], logL: -17.839019, Exp of LogL: 0.000000, Normalized LogL: -1.049354, Exp of Normalized LogL: 0.350164, Best Rate: 0.3
Fault: [0,1,2,3,4,5], logL: -40.045299, Exp of LogL: 0.000000, Normalized LogL: -2.355606, Exp of Normalized LogL: 0.094836, Best Rate: 0.3
Fault: [3,1,2,3,4,5], logL: -40.670272, Exp of LogL: 0.000000, Normalized LogL: -2.392369, Exp of Normalized LogL: 0.091413, Best Rate: 0.3
Fault: [1,1,2,3,4,5], logL: -41.215476, Exp of LogL: 0.000000, Normalized LogL: -2.424440, Exp of Normalized LogL: 0.088528, Best Rate: 0.3
Fault: [2,1,2,3,4,5], logL: -41.251245, Exp of LogL: 0.000000, Normalized LogL: -2.426544, Exp of Normalized LogL: 0.088342, Best Rate: 0.3

========= ADAPTIVE MC DEBUG =========
Total calls: 170
Avg tries: 487.94
Confidence stops: 170
Max stops: 0
Max stop rate: 0.000
Real Fault Rank 1
===== SEED 103 | FR=0.3 | VR=80 =====
executing with fault mode: [4,1,2,3,4,5]

executing with fault mode: [4,1,2,3,4,5]

Fault scores (higher is better):
Fault: [4,1,2,3,4,5], logL: -20.025024, Exp of LogL: 0.000000, Normalized LogL: -0.910228, Exp of Normalized LogL: 0.402432, Best Rate: 0.3
Fault: [5,1,2,3,4,5], logL: -20.025024, Exp of LogL: 0.000000, Normalized LogL: -0.910228, Exp of Normalized LogL: 0.402432, Best Rate: 0.3
Fault: [4,1,2,3,3,5], logL: -20.370335, Exp of LogL: 0.000000, Normalized LogL: -0.925924, Exp of Normalized LogL: 0.396165, Best Rate: 0.3
Fault: [4,1,2,3,5,5], logL: -20.370335, Exp of LogL: 0.000000, Normalized LogL: -0.925924, Exp of Normalized LogL: 0.396165, Best Rate: 0.3
Fault: [4,1,2,3,2,5], logL: -20.370335, Exp of LogL: 0.000000, Normalized LogL: -0.925924, Exp of Normalized LogL: 0.396165, Best Rate: 0.3
Fault: [4,1,2,3,1,5], logL: -20.370335, Exp of LogL: 0.000000, Normalized LogL: -0.925924, Exp of Normalized LogL: 0.396165, Best Rate: 0.3
Fault: [0,1,2,3,4,5], logL: -42.576615, Exp of LogL: 0.000000, Normalized LogL: -1.935301, Exp of Normalized LogL: 0.144381, Best Rate: 0.3
Fault: [3,1,2,3,4,5], logL: -43.201588, Exp of LogL: 0.000000, Normalized LogL: -1.963709, Exp of Normalized LogL: 0.140337, Best Rate: 0.3
Fault: [2,1,2,3,4,5], logL: -43.782561, Exp of LogL: 0.000000, Normalized LogL: -1.990116, Exp of Normalized LogL: 0.136680, Best Rate: 0.3
Fault: [1,1,2,3,4,5], logL: -43.806652, Exp of LogL: 0.000000, Normalized LogL: -1.991211, Exp of Normalized LogL: 0.136530, Best Rate: 0.3

========= ADAPTIVE MC DEBUG =========
Total calls: 220
Avg tries: 483.86
Confidence stops: 220
Max stops: 0
Max stop rate: 0.000
Real Fault Rank 1
===== SEED 103 | FR=0.3 | VR=100 =====
executing with fault mode: [4,1,2,3,4,5]

executing with fault mode: [4,1,2,3,4,5]

Fault scores (higher is better):
Fault: [4,1,2,3,4,5], logL: -22.930366, Exp of LogL: 0.000000, Normalized LogL: -0.818942, Exp of Normalized LogL: 0.440898, Best Rate: 0.3
Fault: [5,1,2,3,4,5], logL: -22.930366, Exp of LogL: 0.000000, Normalized LogL: -0.818942, Exp of Normalized LogL: 0.440898, Best Rate: 0.3
Fault: [4,1,2,3,3,5], logL: -23.275677, Exp of LogL: 0.000000, Normalized LogL: -0.831274, Exp of Normalized LogL: 0.435494, Best Rate: 0.3
Fault: [4,1,2,3,5,5], logL: -23.275677, Exp of LogL: 0.000000, Normalized LogL: -0.831274, Exp of Normalized LogL: 0.435494, Best Rate: 0.3
Fault: [4,1,2,3,2,5], logL: -23.275677, Exp of LogL: 0.000000, Normalized LogL: -0.831274, Exp of Normalized LogL: 0.435494, Best Rate: 0.3
Fault: [4,1,2,3,1,5], logL: -23.275677, Exp of LogL: 0.000000, Normalized LogL: -0.831274, Exp of Normalized LogL: 0.435494, Best Rate: 0.3
Fault: [0,1,2,3,4,5], logL: -47.781836, Exp of LogL: 0.000000, Normalized LogL: -1.706494, Exp of Normalized LogL: 0.181501, Best Rate: 0.3
Fault: [3,1,2,3,4,5], logL: -48.430863, Exp of LogL: 0.000000, Normalized LogL: -1.729674, Exp of Normalized LogL: 0.177342, Best Rate: 0.3
Fault: [2,1,2,3,4,5], logL: -49.164613, Exp of LogL: 0.000000, Normalized LogL: -1.755879, Exp of Normalized LogL: 0.172755, Best Rate: 0.3
Fault: [1,1,2,3,4,5], logL: -49.197751, Exp of LogL: 0.000000, Normalized LogL: -1.757063, Exp of Normalized LogL: 0.172551, Best Rate: 0.3

========= ADAPTIVE MC DEBUG =========
Total calls: 280
Avg tries: 479.11
Confidence stops: 280
Max stops: 0
Max stop rate: 0.000
Real Fault Rank 1
================= 22/08/2026 05:34:13: SEED 103 END =================

Number of diagnosis runs: 500 (skipped 0)
Total diagnosis time: 1:04:00 (3840.09 sec)
Average diagnosis time: 0:00:07 (7.68 sec)
file was written at: experimental results/Taxi_v4/hard_class2_epsweep/taxi_v4_hard_class2_PO_known_fr_epsilon_0_04_SEEDS_100.xlsx
finished gracefully1
Traceback (most recent call last):
  File "/home/ahmade/rldx_repo/rldx-sifu/main.py", line 140, in <module>
    # One epsilon per run -> one xlsx. Full sweep = run once per --epsilon value in
    ^^^^^^^^^^^^
pygame.error: dsp: No such audio device
DONE eps=0.04 status=1 Sat 22 Aug 2026 05:34:14 IDT
