------------------------------------
Sat 22 Aug 2026 04:29:38 IDT
SLURM_JOBID:		20476126
SLURM_JOB_NODELIST:	ise-cpu-intl-14
SLURM_SCRATCH_DIR:	
Allocated Resouces:	cpu - 2 / mem - 8192 MB / gpu - 
SLURM_GPU_INDEX:	
Running as ahmade from sternron account with normal QOS
------------------------------------
JOBID=20476126 ARRAY=20476121 TASK=1 EPS=0.07 NODE=ise-cpu-intl-14 START=Sat 22 Aug 2026 04:29:38 IDT
d1dcbd6 Fix MC seed-block overflow: SEED_BLOCK 1M -> 10M
pygame 2.6.1 (SDL 2.28.4, Python 3.11.15)
Hello from the pygame community. https://www.pygame.org/contribute.html
At main
Running with epsilon=0.07
unknown_fault_rate=False
maps_num=49
[TaxiHardcodedPolicy] tabulated 500 states from environments/Taxi_v4/models/PPO/Taxi_v4__PPO.zip
Running Taxi-v4 PO diagnosis (HARD class-2) | epsilon=0.07 | num_seeds=100 | fault_rate=[0.3] | visibility=[20, 40, 60, 80, 100]


================= 22/08/2026 04:29:49: SEED 1 (1/100), a*=0 fault=[1,1,2,3,4,5] START =================
===== SEED 1 | FR=0.3 | VR=20 =====
executing with fault mode: [1,1,2,3,4,5]

Fault scores (higher is better):
Fault: [4,1,2,3,4,5], logL: -8.842079, Exp of LogL: 0.000145, Normalized LogL: -1.768416, Exp of Normalized LogL: 0.170603, Best Rate: 0.3
Fault: [2,1,2,3,4,5], logL: -8.897649, Exp of LogL: 0.000137, Normalized LogL: -1.779530, Exp of Normalized LogL: 0.168717, Best Rate: 0.3
Fault: [5,1,2,3,4,5], logL: -9.019010, Exp of LogL: 0.000121, Normalized LogL: -1.803802, Exp of Normalized LogL: 0.164672, Best Rate: 0.3
Fault: [0,1,2,3,4,5], logL: -9.051799, Exp of LogL: 0.000117, Normalized LogL: -1.810360, Exp of Normalized LogL: 0.163595, Best Rate: 0.3
Fault: [3,1,2,3,4,5], logL: -9.619783, Exp of LogL: 0.000066, Normalized LogL: -1.923957, Exp of Normalized LogL: 0.146028, Best Rate: 0.3
Fault: [1,1,2,3,4,5], logL: -10.255772, Exp of LogL: 0.000035, Normalized LogL: -2.051154, Exp of Normalized LogL: 0.128586, Best Rate: 0.3
Fault: [1,1,2,3,5,5], logL: -10.460567, Exp of LogL: 0.000029, Normalized LogL: -2.092113, Exp of Normalized LogL: 0.123426, Best Rate: 0.3
Fault: [1,1,2,3,3,5], logL: -10.460567, Exp of LogL: 0.000029, Normalized LogL: -2.092113, Exp of Normalized LogL: 0.123426, Best Rate: 0.3
Fault: [1,1,2,3,1,5], logL: -10.460567, Exp of LogL: 0.000029, Normalized LogL: -2.092113, Exp of Normalized LogL: 0.123426, Best Rate: 0.3
Fault: [1,1,2,3,0,5], logL: -10.607170, Exp of LogL: 0.000025, Normalized LogL: -2.121434, Exp of Normalized LogL: 0.119860, Best Rate: 0.3

========= ADAPTIVE MC DEBUG =========
Total calls: 50
Avg tries: 180.00
Confidence stops: 50
Max stops: 0
Max stop rate: 0.000
Real Fault Rank 6
===== SEED 1 | FR=0.3 | VR=40 =====
executing with fault mode: [1,1,2,3,4,5]

Fault scores (higher is better):
Fault: [0,1,2,3,4,5], logL: -11.582156, Exp of LogL: 0.000009, Normalized LogL: -1.158216, Exp of Normalized LogL: 0.314046, Best Rate: 0.3
Fault: [2,1,2,3,4,5], logL: -12.042404, Exp of LogL: 0.000006, Normalized LogL: -1.204240, Exp of Normalized LogL: 0.299920, Best Rate: 0.3
Fault: [4,1,2,3,4,5], logL: -12.290276, Exp of LogL: 0.000005, Normalized LogL: -1.229028, Exp of Normalized LogL: 0.292577, Best Rate: 0.3
Fault: [5,1,2,3,4,5], logL: -12.290276, Exp of LogL: 0.000005, Normalized LogL: -1.229028, Exp of Normalized LogL: 0.292577, Best Rate: 0.3
Fault: [1,1,2,3,5,5], logL: -12.864453, Exp of LogL: 0.000003, Normalized LogL: -1.286445, Exp of Normalized LogL: 0.276251, Best Rate: 0.3
Fault: [1,1,2,3,3,5], logL: -12.864453, Exp of LogL: 0.000003, Normalized LogL: -1.286445, Exp of Normalized LogL: 0.276251, Best Rate: 0.3
Fault: [1,1,2,3,1,5], logL: -12.864453, Exp of LogL: 0.000003, Normalized LogL: -1.286445, Exp of Normalized LogL: 0.276251, Best Rate: 0.3
Fault: [3,1,2,3,4,5], logL: -12.970000, Exp of LogL: 0.000002, Normalized LogL: -1.297000, Exp of Normalized LogL: 0.273351, Best Rate: 0.3
Fault: [1,1,2,3,4,5], logL: -13.262136, Exp of LogL: 0.000002, Normalized LogL: -1.326214, Exp of Normalized LogL: 0.265481, Best Rate: 0.3
Fault: [1,1,2,3,0,5], logL: -13.334457, Exp of LogL: 0.000002, Normalized LogL: -1.333446, Exp of Normalized LogL: 0.263568, Best Rate: 0.3

========= ADAPTIVE MC DEBUG =========
Total calls: 100
Avg tries: 191.50
Confidence stops: 100
Max stops: 0
Max stop rate: 0.000
Real Fault Rank 9
===== SEED 1 | FR=0.3 | VR=60 =====
executing with fault mode: [1,1,2,3,4,5]

Fault scores (higher is better):
Fault: [0,1,2,3,4,5], logL: -12.432001, Exp of LogL: 0.000004, Normalized LogL: -0.888000, Exp of Normalized LogL: 0.411478, Best Rate: 0.3
Fault: [2,1,2,3,4,5], logL: -12.479635, Exp of LogL: 0.000004, Normalized LogL: -0.891403, Exp of Normalized LogL: 0.410080, Best Rate: 0.3
Fault: [1,1,2,3,5,5], logL: -13.871912, Exp of LogL: 0.000001, Normalized LogL: -0.990851, Exp of Normalized LogL: 0.371261, Best Rate: 0.3
Fault: [1,1,2,3,3,5], logL: -13.871912, Exp of LogL: 0.000001, Normalized LogL: -0.990851, Exp of Normalized LogL: 0.371261, Best Rate: 0.3
Fault: [1,1,2,3,1,5], logL: -13.871912, Exp of LogL: 0.000001, Normalized LogL: -0.990851, Exp of Normalized LogL: 0.371261, Best Rate: 0.3
Fault: [4,1,2,3,4,5], logL: -14.065604, Exp of LogL: 0.000001, Normalized LogL: -1.004686, Exp of Normalized LogL: 0.366160, Best Rate: 0.3
Fault: [5,1,2,3,4,5], logL: -14.065604, Exp of LogL: 0.000001, Normalized LogL: -1.004686, Exp of Normalized LogL: 0.366160, Best Rate: 0.3
Fault: [1,1,2,3,4,5], logL: -14.201216, Exp of LogL: 0.000001, Normalized LogL: -1.014373, Exp of Normalized LogL: 0.362630, Best Rate: 0.3
Fault: [3,1,2,3,4,5], logL: -14.219235, Exp of LogL: 0.000001, Normalized LogL: -1.015660, Exp of Normalized LogL: 0.362163, Best Rate: 0.3
Fault: [1,1,2,3,0,5], logL: -14.341916, Exp of LogL: 0.000001, Normalized LogL: -1.024423, Exp of Normalized LogL: 0.359004, Best Rate: 0.3

========= ADAPTIVE MC DEBUG =========
Total calls: 140
Avg tries: 181.07
Confidence stops: 140
Max stops: 0
Max stop rate: 0.000
Real Fault Rank 8
===== SEED 1 | FR=0.3 | VR=80 =====
executing with fault mode: [1,1,2,3,4,5]

Fault scores (higher is better):
Fault: [0,1,2,3,4,5], logL: -16.507638, Exp of LogL: 0.000000, Normalized LogL: -0.868823, Exp of Normalized LogL: 0.419445, Best Rate: 0.3
Fault: [2,1,2,3,4,5], logL: -16.758969, Exp of LogL: 0.000000, Normalized LogL: -0.882051, Exp of Normalized LogL: 0.413933, Best Rate: 0.3
Fault: [1,1,2,3,4,5], logL: -17.200571, Exp of LogL: 0.000000, Normalized LogL: -0.905293, Exp of Normalized LogL: 0.404423, Best Rate: 0.3
Fault: [3,1,2,3,4,5], logL: -17.560072, Exp of LogL: 0.000000, Normalized LogL: -0.924214, Exp of Normalized LogL: 0.396843, Best Rate: 0.3
Fault: [1,1,2,3,5,5], logL: -17.564414, Exp of LogL: 0.000000, Normalized LogL: -0.924443, Exp of Normalized LogL: 0.396752, Best Rate: 0.3
Fault: [1,1,2,3,3,5], logL: -17.564414, Exp of LogL: 0.000000, Normalized LogL: -0.924443, Exp of Normalized LogL: 0.396752, Best Rate: 0.3
Fault: [1,1,2,3,1,5], logL: -17.564414, Exp of LogL: 0.000000, Normalized LogL: -0.924443, Exp of Normalized LogL: 0.396752, Best Rate: 0.3
Fault: [1,1,2,3,0,5], logL: -17.564414, Exp of LogL: 0.000000, Normalized LogL: -0.924443, Exp of Normalized LogL: 0.396752, Best Rate: 0.3
Fault: [4,1,2,3,4,5], logL: -17.999850, Exp of LogL: 0.000000, Normalized LogL: -0.947361, Exp of Normalized LogL: 0.387763, Best Rate: 0.3
Fault: [5,1,2,3,4,5], logL: -17.999850, Exp of LogL: 0.000000, Normalized LogL: -0.947361, Exp of Normalized LogL: 0.387763, Best Rate: 0.3

========= ADAPTIVE MC DEBUG =========
Total calls: 190
Avg tries: 182.63
Confidence stops: 190
Max stops: 0
Max stop rate: 0.000
Real Fault Rank 3
===== SEED 1 | FR=0.3 | VR=100 =====
executing with fault mode: [1,1,2,3,4,5]

Fault scores (higher is better):
Fault: [1,1,2,3,4,5], logL: -18.557037, Exp of LogL: 0.000000, Normalized LogL: -0.773210, Exp of Normalized LogL: 0.461529, Best Rate: 0.3
Fault: [1,1,2,3,5,5], logL: -18.920881, Exp of LogL: 0.000000, Normalized LogL: -0.788370, Exp of Normalized LogL: 0.454585, Best Rate: 0.3
Fault: [1,1,2,3,3,5], logL: -18.920881, Exp of LogL: 0.000000, Normalized LogL: -0.788370, Exp of Normalized LogL: 0.454585, Best Rate: 0.3
Fault: [1,1,2,3,1,5], logL: -18.920881, Exp of LogL: 0.000000, Normalized LogL: -0.788370, Exp of Normalized LogL: 0.454585, Best Rate: 0.3
Fault: [1,1,2,3,0,5], logL: -18.920881, Exp of LogL: 0.000000, Normalized LogL: -0.788370, Exp of Normalized LogL: 0.454585, Best Rate: 0.3
Fault: [2,1,2,3,4,5], logL: -19.286601, Exp of LogL: 0.000000, Normalized LogL: -0.803608, Exp of Normalized LogL: 0.447711, Best Rate: 0.3
Fault: [0,1,2,3,4,5], logL: -43.218636, Exp of LogL: 0.000000, Normalized LogL: -1.800776, Exp of Normalized LogL: 0.165171, Best Rate: 0.3
Fault: [3,1,2,3,4,5], logL: -44.432339, Exp of LogL: 0.000000, Normalized LogL: -1.851347, Exp of Normalized LogL: 0.157025, Best Rate: 0.3
Fault: [4,1,2,3,4,5], logL: -45.418309, Exp of LogL: 0.000000, Normalized LogL: -1.892430, Exp of Normalized LogL: 0.150705, Best Rate: 0.3
Fault: [5,1,2,3,4,5], logL: -45.418309, Exp of LogL: 0.000000, Normalized LogL: -1.892430, Exp of Normalized LogL: 0.150705, Best Rate: 0.3

========= ADAPTIVE MC DEBUG =========
Total calls: 240
Avg tries: 178.12
Confidence stops: 240
Max stops: 0
Max stop rate: 0.000
Real Fault Rank 1
================= 22/08/2026 04:30:12: SEED 1 END =================
================= 22/08/2026 04:30:12: SEED 2 (2/100), a*=0 fault=[1,1,2,3,4,5] START =================
===== SEED 2 | FR=0.3 | VR=20 =====
executing with fault mode: [1,1,2,3,4,5]

Fault scores (higher is better):
Fault: [1,1,2,3,4,5], logL: -10.127414, Exp of LogL: 0.000040, Normalized LogL: -1.446773, Exp of Normalized LogL: 0.235328, Best Rate: 0.3
Fault: [1,1,2,3,0,5], logL: -10.150404, Exp of LogL: 0.000039, Normalized LogL: -1.450058, Exp of Normalized LogL: 0.234557, Best Rate: 0.3
Fault: [1,1,2,3,3,5], logL: -10.198032, Exp of LogL: 0.000037, Normalized LogL: -1.456862, Exp of Normalized LogL: 0.232966, Best Rate: 0.3
Fault: [1,1,2,3,2,5], logL: -10.248042, Exp of LogL: 0.000035, Normalized LogL: -1.464006, Exp of Normalized LogL: 0.231308, Best Rate: 0.3
Fault: [1,1,2,3,1,5], logL: -10.248042, Exp of LogL: 0.000035, Normalized LogL: -1.464006, Exp of Normalized LogL: 0.231308, Best Rate: 0.3
Fault: [2,1,2,3,4,5], logL: -36.150268, Exp of LogL: 0.000000, Normalized LogL: -5.164324, Exp of Normalized LogL: 0.005717, Best Rate: 0.3
Fault: [0,1,2,3,4,5], logL: -36.234200, Exp of LogL: 0.000000, Normalized LogL: -5.176314, Exp of Normalized LogL: 0.005649, Best Rate: 0.3
Fault: [4,1,2,3,4,5], logL: -36.860265, Exp of LogL: 0.000000, Normalized LogL: -5.265752, Exp of Normalized LogL: 0.005166, Best Rate: 0.3
Fault: [5,1,2,3,4,5], logL: -36.860265, Exp of LogL: 0.000000, Normalized LogL: -5.265752, Exp of Normalized LogL: 0.005166, Best Rate: 0.3
Fault: [3,1,2,3,4,5], logL: -36.975195, Exp of LogL: 0.000000, Normalized LogL: -5.282171, Exp of Normalized LogL: 0.005081, Best Rate: 0.3

========= ADAPTIVE MC DEBUG =========
Total calls: 70
Avg tries: 197.14
Confidence stops: 70
Max stops: 0
Max stop rate: 0.000
Real Fault Rank 1
===== SEED 2 | FR=0.3 | VR=40 =====
executing with fault mode: [1,1,2,3,4,5]

Fault scores (higher is better):
Fault: [1,1,2,3,0,5], logL: -16.546001, Exp of LogL: 0.000000, Normalized LogL: -1.272769, Exp of Normalized LogL: 0.280055, Best Rate: 0.3
Fault: [1,1,2,3,4,5], logL: -16.551116, Exp of LogL: 0.000000, Normalized LogL: -1.273163, Exp of Normalized LogL: 0.279945, Best Rate: 0.3
Fault: [1,1,2,3,3,5], logL: -16.826904, Exp of LogL: 0.000000, Normalized LogL: -1.294377, Exp of Normalized LogL: 0.274068, Best Rate: 0.3
Fault: [1,1,2,3,2,5], logL: -16.941314, Exp of LogL: 0.000000, Normalized LogL: -1.303178, Exp of Normalized LogL: 0.271667, Best Rate: 0.3
Fault: [1,1,2,3,1,5], logL: -16.941314, Exp of LogL: 0.000000, Normalized LogL: -1.303178, Exp of Normalized LogL: 0.271667, Best Rate: 0.3
Fault: [2,1,2,3,4,5], logL: -44.691820, Exp of LogL: 0.000000, Normalized LogL: -3.437832, Exp of Normalized LogL: 0.032134, Best Rate: 0.3
Fault: [0,1,2,3,4,5], logL: -68.141226, Exp of LogL: 0.000000, Normalized LogL: -5.241633, Exp of Normalized LogL: 0.005292, Best Rate: 0.3
Fault: [3,1,2,3,4,5], logL: -69.294925, Exp of LogL: 0.000000, Normalized LogL: -5.330379, Exp of Normalized LogL: 0.004842, Best Rate: 0.3
Fault: [4,1,2,3,4,5], logL: -69.389471, Exp of LogL: 0.000000, Normalized LogL: -5.337652, Exp of Normalized LogL: 0.004807, Best Rate: 0.3
Fault: [5,1,2,3,4,5], logL: -69.389471, Exp of LogL: 0.000000, Normalized LogL: -5.337652, Exp of Normalized LogL: 0.004807, Best Rate: 0.3

========= ADAPTIVE MC DEBUG =========
Total calls: 130
Avg tries: 177.31
Confidence stops: 130
Max stops: 0
Max stop rate: 0.000
Real Fault Rank 2
===== SEED 2 | FR=0.3 | VR=60 =====
executing with fault mode: [1,1,2,3,4,5]

Fault scores (higher is better):
Fault: [1,1,2,3,0,5], logL: -23.612750, Exp of LogL: 0.000000, Normalized LogL: -1.180638, Exp of Normalized LogL: 0.307083, Best Rate: 0.3
Fault: [1,1,2,3,4,5], logL: -23.714533, Exp of LogL: 0.000000, Normalized LogL: -1.185727, Exp of Normalized LogL: 0.305524, Best Rate: 0.3
Fault: [1,1,2,3,3,5], logL: -23.896854, Exp of LogL: 0.000000, Normalized LogL: -1.194843, Exp of Normalized LogL: 0.302752, Best Rate: 0.3
Fault: [1,1,2,3,2,5], logL: -24.051005, Exp of LogL: 0.000000, Normalized LogL: -1.202550, Exp of Normalized LogL: 0.300427, Best Rate: 0.3
Fault: [1,1,2,3,1,5], logL: -24.051005, Exp of LogL: 0.000000, Normalized LogL: -1.202550, Exp of Normalized LogL: 0.300427, Best Rate: 0.3
Fault: [2,1,2,3,4,5], logL: -52.147243, Exp of LogL: 0.000000, Normalized LogL: -2.607362, Exp of Normalized LogL: 0.073729, Best Rate: 0.3
Fault: [0,1,2,3,4,5], logL: -74.368229, Exp of LogL: 0.000000, Normalized LogL: -3.718411, Exp of Normalized LogL: 0.024272, Best Rate: 0.3
Fault: [3,1,2,3,4,5], logL: -75.206716, Exp of LogL: 0.000000, Normalized LogL: -3.760336, Exp of Normalized LogL: 0.023276, Best Rate: 0.3
Fault: [4,1,2,3,4,5], logL: -76.547594, Exp of LogL: 0.000000, Normalized LogL: -3.827380, Exp of Normalized LogL: 0.021767, Best Rate: 0.3
Fault: [5,1,2,3,4,5], logL: -76.547594, Exp of LogL: 0.000000, Normalized LogL: -3.827380, Exp of Normalized LogL: 0.021767, Best Rate: 0.3

========= ADAPTIVE MC DEBUG =========
Total calls: 200
Avg tries: 176.50
Confidence stops: 200
Max stops: 0
Max stop rate: 0.000
Real Fault Rank 2
===== SEED 2 | FR=0.3 | VR=80 =====
executing with fault mode: [1,1,2,3,4,5]

Fault scores (higher is better):
Fault: [1,1,2,3,0,5], logL: -26.166678, Exp of LogL: 0.000000, Normalized LogL: -1.006411, Exp of Normalized LogL: 0.365529, Best Rate: 0.3
Fault: [1,1,2,3,4,5], logL: -26.718261, Exp of LogL: 0.000000, Normalized LogL: -1.027625, Exp of Normalized LogL: 0.357856, Best Rate: 0.3
Fault: [1,1,2,3,3,5], logL: -26.961608, Exp of LogL: 0.000000, Normalized LogL: -1.036985, Exp of Normalized LogL: 0.354522, Best Rate: 0.3
Fault: [1,1,2,3,2,5], logL: -27.010398, Exp of LogL: 0.000000, Normalized LogL: -1.038861, Exp of Normalized LogL: 0.353857, Best Rate: 0.3
Fault: [1,1,2,3,1,5], logL: -27.010398, Exp of LogL: 0.000000, Normalized LogL: -1.038861, Exp of Normalized LogL: 0.353857, Best Rate: 0.3
Fault: [2,1,2,3,4,5], logL: -53.838032, Exp of LogL: 0.000000, Normalized LogL: -2.070694, Exp of Normalized LogL: 0.126098, Best Rate: 0.3
Fault: [0,1,2,3,4,5], logL: -76.771371, Exp of LogL: 0.000000, Normalized LogL: -2.952745, Exp of Normalized LogL: 0.052196, Best Rate: 0.3
Fault: [3,1,2,3,4,5], logL: -78.493571, Exp of LogL: 0.000000, Normalized LogL: -3.018984, Exp of Normalized LogL: 0.048851, Best Rate: 0.3
Fault: [4,1,2,3,4,5], logL: -79.834449, Exp of LogL: 0.000000, Normalized LogL: -3.070556, Exp of Normalized LogL: 0.046395, Best Rate: 0.3
Fault: [5,1,2,3,4,5], logL: -79.834449, Exp of LogL: 0.000000, Normalized LogL: -3.070556, Exp of Normalized LogL: 0.046395, Best Rate: 0.3

========= ADAPTIVE MC DEBUG =========
Total calls: 260
Avg tries: 180.00
Confidence stops: 260
Max stops: 0
Max stop rate: 0.000
Real Fault Rank 2
===== SEED 2 | FR=0.3 | VR=100 =====
executing with fault mode: [1,1,2,3,4,5]

Fault scores (higher is better):
Fault: [1,1,2,3,4,5], logL: -31.211700, Exp of LogL: 0.000000, Normalized LogL: -0.945809, Exp of Normalized LogL: 0.388365, Best Rate: 0.3
Fault: [1,1,2,3,2,5], logL: -31.503836, Exp of LogL: 0.000000, Normalized LogL: -0.954662, Exp of Normalized LogL: 0.384942, Best Rate: 0.3
Fault: [1,1,2,3,1,5], logL: -31.503836, Exp of LogL: 0.000000, Normalized LogL: -0.954662, Exp of Normalized LogL: 0.384942, Best Rate: 0.3
Fault: [1,1,2,3,3,5], logL: -31.503836, Exp of LogL: 0.000000, Normalized LogL: -0.954662, Exp of Normalized LogL: 0.384942, Best Rate: 0.3
Fault: [1,1,2,3,0,5], logL: -31.503836, Exp of LogL: 0.000000, Normalized LogL: -0.954662, Exp of Normalized LogL: 0.384942, Best Rate: 0.3
Fault: [2,1,2,3,4,5], logL: -57.252929, Exp of LogL: 0.000000, Normalized LogL: -1.734937, Exp of Normalized LogL: 0.176411, Best Rate: 0.3
Fault: [0,1,2,3,4,5], logL: -80.145614, Exp of LogL: 0.000000, Normalized LogL: -2.428655, Exp of Normalized LogL: 0.088155, Best Rate: 0.3
Fault: [3,1,2,3,4,5], logL: -82.718746, Exp of LogL: 0.000000, Normalized LogL: -2.506629, Exp of Normalized LogL: 0.081543, Best Rate: 0.3
Fault: [4,1,2,3,4,5], logL: -84.059624, Exp of LogL: 0.000000, Normalized LogL: -2.547261, Exp of Normalized LogL: 0.078296, Best Rate: 0.3
Fault: [5,1,2,3,4,5], logL: -84.059624, Exp of LogL: 0.000000, Normalized LogL: -2.547261, Exp of Normalized LogL: 0.078296, Best Rate: 0.3

========= ADAPTIVE MC DEBUG =========
Total calls: 330
Avg tries: 181.52
Confidence stops: 330
Max stops: 0
Max stop rate: 0.000
Real Fault Rank 1
================= 22/08/2026 04:30:43: SEED 2 END =================
================= 22/08/2026 04:30:43: SEED 3 (3/100), a*=2 fault=[0,1,0,3,4,5] START =================
===== SEED 3 | FR=0.3 | VR=20 =====
executing with fault mode: [0,1,0,3,4,5]

executing with fault mode: [0,1,0,3,4,5]

Fault scores (higher is better):
Fault: [0,1,0,3,4,5], logL: -22.033493, Exp of LogL: 0.000000, Normalized LogL: -2.448166, Exp of Normalized LogL: 0.086452, Best Rate: 0.3
Fault: [0,1,0,3,0,5], logL: -22.301757, Exp of LogL: 0.000000, Normalized LogL: -2.477973, Exp of Normalized LogL: 0.083913, Best Rate: 0.3
Fault: [0,1,0,3,1,5], logL: -22.301757, Exp of LogL: 0.000000, Normalized LogL: -2.477973, Exp of Normalized LogL: 0.083913, Best Rate: 0.3
Fault: [0,1,0,3,2,5], logL: -22.301757, Exp of LogL: 0.000000, Normalized LogL: -2.477973, Exp of Normalized LogL: 0.083913, Best Rate: 0.3
Fault: [0,1,0,3,5,5], logL: -22.301757, Exp of LogL: 0.000000, Normalized LogL: -2.477973, Exp of Normalized LogL: 0.083913, Best Rate: 0.3
Fault: [0,1,2,3,4,5], logL: -23.497114, Exp of LogL: 0.000000, Normalized LogL: -2.610790, Exp of Normalized LogL: 0.073476, Best Rate: 0.3
Fault: [0,1,1,3,4,5], logL: -24.179790, Exp of LogL: 0.000000, Normalized LogL: -2.686643, Exp of Normalized LogL: 0.068109, Best Rate: 0.3
Fault: [0,1,3,3,4,5], logL: -45.798727, Exp of LogL: 0.000000, Normalized LogL: -5.088747, Exp of Normalized LogL: 0.006166, Best Rate: 0.3
Fault: [0,1,4,3,4,5], logL: -45.888339, Exp of LogL: 0.000000, Normalized LogL: -5.098704, Exp of Normalized LogL: 0.006105, Best Rate: 0.3
Fault: [0,1,5,3,4,5], logL: -45.888339, Exp of LogL: 0.000000, Normalized LogL: -5.098704, Exp of Normalized LogL: 0.006105, Best Rate: 0.3

========= ADAPTIVE MC DEBUG =========
Total calls: 90
Avg tries: 180.56
Confidence stops: 90
Max stops: 0
Max stop rate: 0.000
Real Fault Rank 1
===== SEED 3 | FR=0.3 | VR=40 =====
executing with fault mode: [0,1,0,3,4,5]

executing with fault mode: [0,1,0,3,4,5]

Fault scores (higher is better):
Fault: [0,1,2,3,4,5], logL: -34.809543, Exp of LogL: 0.000000, Normalized LogL: -1.933863, Exp of Normalized LogL: 0.144589, Best Rate: 0.3
Fault: [0,1,0,3,4,5], logL: -57.119901, Exp of LogL: 0.000000, Normalized LogL: -3.173328, Exp of Normalized LogL: 0.041864, Best Rate: 0.3
Fault: [0,1,0,3,0,5], logL: -57.420006, Exp of LogL: 0.000000, Normalized LogL: -3.190000, Exp of Normalized LogL: 0.041172, Best Rate: 0.3
Fault: [0,1,0,3,1,5], logL: -57.420006, Exp of LogL: 0.000000, Normalized LogL: -3.190000, Exp of Normalized LogL: 0.041172, Best Rate: 0.3
Fault: [0,1,0,3,2,5], logL: -57.420006, Exp of LogL: 0.000000, Normalized LogL: -3.190000, Exp of Normalized LogL: 0.041172, Best Rate: 0.3
Fault: [0,1,0,3,5,5], logL: -57.420006, Exp of LogL: 0.000000, Normalized LogL: -3.190000, Exp of Normalized LogL: 0.041172, Best Rate: 0.3
Fault: [0,1,1,3,4,5], logL: -58.351317, Exp of LogL: 0.000000, Normalized LogL: -3.241740, Exp of Normalized LogL: 0.039096, Best Rate: 0.3
Fault: [0,1,3,3,4,5], logL: -81.208377, Exp of LogL: 0.000000, Normalized LogL: -4.511577, Exp of Normalized LogL: 0.010981, Best Rate: 0.3
Fault: [0,1,4,3,4,5], logL: -82.244917, Exp of LogL: 0.000000, Normalized LogL: -4.569162, Exp of Normalized LogL: 0.010367, Best Rate: 0.3
Fault: [0,1,5,3,4,5], logL: -82.244917, Exp of LogL: 0.000000, Normalized LogL: -4.569162, Exp of Normalized LogL: 0.010367, Best Rate: 0.3

========= ADAPTIVE MC DEBUG =========
Total calls: 180
Avg tries: 174.17
Confidence stops: 180
Max stops: 0
Max stop rate: 0.000
Real Fault Rank 2
===== SEED 3 | FR=0.3 | VR=60 =====
executing with fault mode: [0,1,0,3,4,5]

executing with fault mode: [0,1,0,3,4,5]

Fault scores (higher is better):
Fault: [0,1,0,3,4,5], logL: -35.139825, Exp of LogL: 0.000000, Normalized LogL: -1.351532, Exp of Normalized LogL: 0.258843, Best Rate: 0.3
Fault: [0,1,0,3,0,5], logL: -35.694326, Exp of LogL: 0.000000, Normalized LogL: -1.372859, Exp of Normalized LogL: 0.253382, Best Rate: 0.3
Fault: [0,1,0,3,1,5], logL: -35.694326, Exp of LogL: 0.000000, Normalized LogL: -1.372859, Exp of Normalized LogL: 0.253382, Best Rate: 0.3
Fault: [0,1,0,3,2,5], logL: -35.694326, Exp of LogL: 0.000000, Normalized LogL: -1.372859, Exp of Normalized LogL: 0.253382, Best Rate: 0.3
Fault: [0,1,0,3,5,5], logL: -35.694326, Exp of LogL: 0.000000, Normalized LogL: -1.372859, Exp of Normalized LogL: 0.253382, Best Rate: 0.3
Fault: [0,1,2,3,4,5], logL: -36.137097, Exp of LogL: 0.000000, Normalized LogL: -1.389888, Exp of Normalized LogL: 0.249103, Best Rate: 0.3
Fault: [0,1,1,3,4,5], logL: -37.771694, Exp of LogL: 0.000000, Normalized LogL: -1.452757, Exp of Normalized LogL: 0.233924, Best Rate: 0.3
Fault: [0,1,3,3,4,5], logL: -60.498894, Exp of LogL: 0.000000, Normalized LogL: -2.326881, Exp of Normalized LogL: 0.097600, Best Rate: 0.3
Fault: [0,1,4,3,4,5], logL: -61.535434, Exp of LogL: 0.000000, Normalized LogL: -2.366747, Exp of Normalized LogL: 0.093785, Best Rate: 0.3
Fault: [0,1,5,3,4,5], logL: -61.535434, Exp of LogL: 0.000000, Normalized LogL: -2.366747, Exp of Normalized LogL: 0.093785, Best Rate: 0.3

========= ADAPTIVE MC DEBUG =========
Total calls: 260
Avg tries: 180.38
Confidence stops: 260
Max stops: 0
Max stop rate: 0.000
Real Fault Rank 1
===== SEED 3 | FR=0.3 | VR=80 =====
executing with fault mode: [0,1,0,3,4,5]

executing with fault mode: [0,1,0,3,4,5]

Fault scores (higher is better):
Fault: [0,1,0,3,4,5], logL: -36.551091, Exp of LogL: 0.000000, Normalized LogL: -1.044317, Exp of Normalized LogL: 0.351932, Best Rate: 0.3
Fault: [0,1,0,3,0,5], logL: -36.914934, Exp of LogL: 0.000000, Normalized LogL: -1.054712, Exp of Normalized LogL: 0.348293, Best Rate: 0.3
Fault: [0,1,0,3,1,5], logL: -36.914934, Exp of LogL: 0.000000, Normalized LogL: -1.054712, Exp of Normalized LogL: 0.348293, Best Rate: 0.3
Fault: [0,1,0,3,2,5], logL: -36.914934, Exp of LogL: 0.000000, Normalized LogL: -1.054712, Exp of Normalized LogL: 0.348293, Best Rate: 0.3
Fault: [0,1,0,3,5,5], logL: -36.914934, Exp of LogL: 0.000000, Normalized LogL: -1.054712, Exp of Normalized LogL: 0.348293, Best Rate: 0.3
Fault: [0,1,2,3,4,5], logL: -41.409966, Exp of LogL: 0.000000, Normalized LogL: -1.183142, Exp of Normalized LogL: 0.306315, Best Rate: 0.3
Fault: [0,1,3,3,4,5], logL: -41.559119, Exp of LogL: 0.000000, Normalized LogL: -1.187403, Exp of Normalized LogL: 0.305012, Best Rate: 0.3
Fault: [0,1,1,3,4,5], logL: -43.916838, Exp of LogL: 0.000000, Normalized LogL: -1.254767, Exp of Normalized LogL: 0.285142, Best Rate: 0.3
Fault: [0,1,4,3,4,5], logL: -44.492779, Exp of LogL: 0.000000, Normalized LogL: -1.271222, Exp of Normalized LogL: 0.280489, Best Rate: 0.3
Fault: [0,1,5,3,4,5], logL: -44.492779, Exp of LogL: 0.000000, Normalized LogL: -1.271222, Exp of Normalized LogL: 0.280489, Best Rate: 0.3

========= ADAPTIVE MC DEBUG =========
Total calls: 350
Avg tries: 174.86
Confidence stops: 350
Max stops: 0
Max stop rate: 0.000
Real Fault Rank 1
===== SEED 3 | FR=0.3 | VR=100 =====
executing with fault mode: [0,1,0,3,4,5]

executing with fault mode: [0,1,0,3,4,5]

Fault scores (higher is better):
Fault: [0,1,0,3,4,5], logL: -38.753719, Exp of LogL: 0.000000, Normalized LogL: -0.880766, Exp of Normalized LogL: 0.414465, Best Rate: 0.3
Fault: [0,1,0,3,0,5], logL: -39.117563, Exp of LogL: 0.000000, Normalized LogL: -0.889036, Exp of Normalized LogL: 0.411052, Best Rate: 0.3
Fault: [0,1,0,3,1,5], logL: -39.117563, Exp of LogL: 0.000000, Normalized LogL: -0.889036, Exp of Normalized LogL: 0.411052, Best Rate: 0.3
Fault: [0,1,0,3,2,5], logL: -39.117563, Exp of LogL: 0.000000, Normalized LogL: -0.889036, Exp of Normalized LogL: 0.411052, Best Rate: 0.3
Fault: [0,1,0,3,5,5], logL: -39.117563, Exp of LogL: 0.000000, Normalized LogL: -0.889036, Exp of Normalized LogL: 0.411052, Best Rate: 0.3
Fault: [0,1,2,3,4,5], logL: -43.873681, Exp of LogL: 0.000000, Normalized LogL: -0.997129, Exp of Normalized LogL: 0.368937, Best Rate: 0.3
Fault: [0,1,3,3,4,5], logL: -44.617422, Exp of LogL: 0.000000, Normalized LogL: -1.014032, Exp of Normalized LogL: 0.362753, Best Rate: 0.3
Fault: [0,1,1,3,4,5], logL: -47.041491, Exp of LogL: 0.000000, Normalized LogL: -1.069125, Exp of Normalized LogL: 0.343309, Best Rate: 0.3
Fault: [0,1,4,3,4,5], logL: -47.235277, Exp of LogL: 0.000000, Normalized LogL: -1.073529, Exp of Normalized LogL: 0.341800, Best Rate: 0.3
Fault: [0,1,5,3,4,5], logL: -47.235277, Exp of LogL: 0.000000, Normalized LogL: -1.073529, Exp of Normalized LogL: 0.341800, Best Rate: 0.3

========= ADAPTIVE MC DEBUG =========
Total calls: 440
Avg tries: 176.02
Confidence stops: 440
Max stops: 0
Max stop rate: 0.000
Real Fault Rank 1
================= 22/08/2026 04:31:24: SEED 3 END =================
================= 22/08/2026 04:31:24: SEED 4 (4/100), a*=3 fault=[0,1,2,4,4,5] START =================
===== SEED 4 | FR=0.3 | VR=20 =====
executing with fault mode: [0,1,2,4,4,5]

executing with fault mode: [0,1,2,4,4,5]

executing with fault mode: [0,1,2,4,4,5]

Fault scores (higher is better):
Fault: [0,1,2,3,4,5], logL: -3.737996, Exp of LogL: 0.023802, Normalized LogL: -1.245999, Exp of Normalized LogL: 0.287653, Best Rate: 0.3
Fault: [0,1,2,4,4,5], logL: -3.773087, Exp of LogL: 0.022981, Normalized LogL: -1.257696, Exp of Normalized LogL: 0.284308, Best Rate: 0.3
Fault: [0,1,2,5,4,5], logL: -3.773087, Exp of LogL: 0.022981, Normalized LogL: -1.257696, Exp of Normalized LogL: 0.284308, Best Rate: 0.3
Fault: [0,1,2,1,4,5], logL: -3.809455, Exp of LogL: 0.022160, Normalized LogL: -1.269818, Exp of Normalized LogL: 0.280883, Best Rate: 0.3
Fault: [0,1,2,0,4,5], logL: -3.847195, Exp of LogL: 0.021339, Normalized LogL: -1.282398, Exp of Normalized LogL: 0.277371, Best Rate: 0.3
Fault: [0,1,2,2,4,5], logL: -3.886416, Exp of LogL: 0.020519, Normalized LogL: -1.295472, Exp of Normalized LogL: 0.273769, Best Rate: 0.3
Fault: [0,1,2,4,1,5], logL: -3.940594, Exp of LogL: 0.019437, Normalized LogL: -1.313531, Exp of Normalized LogL: 0.268869, Best Rate: 0.3
Fault: [0,1,2,4,5,5], logL: -4.163738, Exp of LogL: 0.015549, Normalized LogL: -1.387913, Exp of Normalized LogL: 0.249596, Best Rate: 0.3
Fault: [0,1,2,4,0,5], logL: -4.163738, Exp of LogL: 0.015549, Normalized LogL: -1.387913, Exp of Normalized LogL: 0.249596, Best Rate: 0.3
Fault: [0,1,2,4,2,5], logL: -4.163738, Exp of LogL: 0.015549, Normalized LogL: -1.387913, Exp of Normalized LogL: 0.249596, Best Rate: 0.3

========= ADAPTIVE MC DEBUG =========
Total calls: 30
Avg tries: 193.33
Confidence stops: 30
Max stops: 0
Max stop rate: 0.000
Real Fault Rank 2
===== SEED 4 | FR=0.3 | VR=40 =====
executing with fault mode: [0,1,2,4,4,5]

executing with fault mode: [0,1,2,4,4,5]

executing with fault mode: [0,1,2,4,4,5]

Fault scores (higher is better):
Fault: [0,1,2,3,4,5], logL: -3.829897, Exp of LogL: 0.021712, Normalized LogL: -0.765979, Exp of Normalized LogL: 0.464878, Best Rate: 0.3
Fault: [0,1,2,4,4,5], logL: -3.864988, Exp of LogL: 0.020963, Normalized LogL: -0.772998, Exp of Normalized LogL: 0.461627, Best Rate: 0.3
Fault: [0,1,2,5,4,5], logL: -3.864988, Exp of LogL: 0.020963, Normalized LogL: -0.772998, Exp of Normalized LogL: 0.461627, Best Rate: 0.3
Fault: [0,1,2,1,4,5], logL: -3.901356, Exp of LogL: 0.020214, Normalized LogL: -0.780271, Exp of Normalized LogL: 0.458282, Best Rate: 0.3
Fault: [0,1,2,0,4,5], logL: -3.939096, Exp of LogL: 0.019466, Normalized LogL: -0.787819, Exp of Normalized LogL: 0.454836, Best Rate: 0.3
Fault: [0,1,2,2,4,5], logL: -3.978317, Exp of LogL: 0.018717, Normalized LogL: -0.795663, Exp of Normalized LogL: 0.451282, Best Rate: 0.3
Fault: [0,1,2,4,1,5], logL: -4.042168, Exp of LogL: 0.017559, Normalized LogL: -0.808434, Exp of Normalized LogL: 0.445555, Best Rate: 0.3
Fault: [0,1,2,4,5,5], logL: -4.265312, Exp of LogL: 0.014047, Normalized LogL: -0.853062, Exp of Normalized LogL: 0.426108, Best Rate: 0.3
Fault: [0,1,2,4,0,5], logL: -4.265312, Exp of LogL: 0.014047, Normalized LogL: -0.853062, Exp of Normalized LogL: 0.426108, Best Rate: 0.3
Fault: [0,1,2,4,2,5], logL: -4.265312, Exp of LogL: 0.014047, Normalized LogL: -0.853062, Exp of Normalized LogL: 0.426108, Best Rate: 0.3

========= ADAPTIVE MC DEBUG =========
Total calls: 50
Avg tries: 200.00
Confidence stops: 50
Max stops: 0
Max stop rate: 0.000
Real Fault Rank 2
===== SEED 4 | FR=0.3 | VR=60 =====
executing with fault mode: [0,1,2,4,4,5]

executing with fault mode: [0,1,2,4,4,5]

executing with fault mode: [0,1,2,4,4,5]

Fault scores (higher is better):
Fault: [0,1,2,4,4,5], logL: -7.753480, Exp of LogL: 0.000429, Normalized LogL: -1.107640, Exp of Normalized LogL: 0.330338, Best Rate: 0.3
Fault: [0,1,2,5,4,5], logL: -7.753480, Exp of LogL: 0.000429, Normalized LogL: -1.107640, Exp of Normalized LogL: 0.330338, Best Rate: 0.3
Fault: [0,1,2,3,4,5], logL: -7.794302, Exp of LogL: 0.000412, Normalized LogL: -1.113472, Exp of Normalized LogL: 0.328417, Best Rate: 0.3
Fault: [0,1,2,4,5,5], logL: -8.153804, Exp of LogL: 0.000288, Normalized LogL: -1.164829, Exp of Normalized LogL: 0.311976, Best Rate: 0.3
Fault: [0,1,2,4,0,5], logL: -8.153804, Exp of LogL: 0.000288, Normalized LogL: -1.164829, Exp of Normalized LogL: 0.311976, Best Rate: 0.3
Fault: [0,1,2,4,1,5], logL: -8.153804, Exp of LogL: 0.000288, Normalized LogL: -1.164829, Exp of Normalized LogL: 0.311976, Best Rate: 0.3
Fault: [0,1,2,4,2,5], logL: -8.153804, Exp of LogL: 0.000288, Normalized LogL: -1.164829, Exp of Normalized LogL: 0.311976, Best Rate: 0.3
Fault: [0,1,2,0,4,5], logL: -8.351317, Exp of LogL: 0.000236, Normalized LogL: -1.193045, Exp of Normalized LogL: 0.303296, Best Rate: 0.3
Fault: [0,1,2,1,4,5], logL: -8.695089, Exp of LogL: 0.000167, Normalized LogL: -1.242156, Exp of Normalized LogL: 0.288761, Best Rate: 0.3
Fault: [0,1,2,2,4,5], logL: -8.862143, Exp of LogL: 0.000142, Normalized LogL: -1.266020, Exp of Normalized LogL: 0.281951, Best Rate: 0.3

========= ADAPTIVE MC DEBUG =========
Total calls: 70
Avg tries: 185.71
Confidence stops: 70
Max stops: 0
Max stop rate: 0.000
Real Fault Rank 1
===== SEED 4 | FR=0.3 | VR=80 =====
executing with fault mode: [0,1,2,4,4,5]

executing with fault mode: [0,1,2,4,4,5]

executing with fault mode: [0,1,2,4,4,5]

Fault scores (higher is better):
Fault: [0,1,2,4,4,5], logL: -8.456597, Exp of LogL: 0.000212, Normalized LogL: -0.939622, Exp of Normalized LogL: 0.390776, Best Rate: 0.3
Fault: [0,1,2,5,4,5], logL: -8.456597, Exp of LogL: 0.000212, Normalized LogL: -0.939622, Exp of Normalized LogL: 0.390776, Best Rate: 0.3
Fault: [0,1,2,4,5,5], logL: -8.856921, Exp of LogL: 0.000142, Normalized LogL: -0.984102, Exp of Normalized LogL: 0.373775, Best Rate: 0.3
Fault: [0,1,2,4,0,5], logL: -8.856921, Exp of LogL: 0.000142, Normalized LogL: -0.984102, Exp of Normalized LogL: 0.373775, Best Rate: 0.3
Fault: [0,1,2,4,1,5], logL: -8.856921, Exp of LogL: 0.000142, Normalized LogL: -0.984102, Exp of Normalized LogL: 0.373775, Best Rate: 0.3
Fault: [0,1,2,4,2,5], logL: -8.856921, Exp of LogL: 0.000142, Normalized LogL: -0.984102, Exp of Normalized LogL: 0.373775, Best Rate: 0.3
Fault: [0,1,2,0,4,5], logL: -34.326191, Exp of LogL: 0.000000, Normalized LogL: -3.814021, Exp of Normalized LogL: 0.022059, Best Rate: 0.3
Fault: [0,1,2,3,4,5], logL: -34.335080, Exp of LogL: 0.000000, Normalized LogL: -3.815009, Exp of Normalized LogL: 0.022038, Best Rate: 0.3
Fault: [0,1,2,1,4,5], logL: -34.828206, Exp of LogL: 0.000000, Normalized LogL: -3.869801, Exp of Normalized LogL: 0.020863, Best Rate: 0.3
Fault: [0,1,2,2,4,5], logL: -34.920013, Exp of LogL: 0.000000, Normalized LogL: -3.880001, Exp of Normalized LogL: 0.020651, Best Rate: 0.3

========= ADAPTIVE MC DEBUG =========
Total calls: 90
Avg tries: 188.89
Confidence stops: 90
Max stops: 0
Max stop rate: 0.000
Real Fault Rank 1
===== SEED 4 | FR=0.3 | VR=100 =====
executing with fault mode: [0,1,2,4,4,5]

executing with fault mode: [0,1,2,4,4,5]

executing with fault mode: [0,1,2,4,4,5]

Fault scores (higher is better):
Fault: [0,1,2,4,4,5], logL: -8.971710, Exp of LogL: 0.000127, Normalized LogL: -0.747643, Exp of Normalized LogL: 0.473481, Best Rate: 0.3
Fault: [0,1,2,5,4,5], logL: -8.971710, Exp of LogL: 0.000127, Normalized LogL: -0.747643, Exp of Normalized LogL: 0.473481, Best Rate: 0.3
Fault: [0,1,2,4,5,5], logL: -9.364753, Exp of LogL: 0.000086, Normalized LogL: -0.780396, Exp of Normalized LogL: 0.458224, Best Rate: 0.3
Fault: [0,1,2,4,0,5], logL: -9.364753, Exp of LogL: 0.000086, Normalized LogL: -0.780396, Exp of Normalized LogL: 0.458224, Best Rate: 0.3
Fault: [0,1,2,4,1,5], logL: -9.364753, Exp of LogL: 0.000086, Normalized LogL: -0.780396, Exp of Normalized LogL: 0.458224, Best Rate: 0.3
Fault: [0,1,2,4,2,5], logL: -9.364753, Exp of LogL: 0.000086, Normalized LogL: -0.780396, Exp of Normalized LogL: 0.458224, Best Rate: 0.3
Fault: [0,1,2,0,4,5], logL: -33.979821, Exp of LogL: 0.000000, Normalized LogL: -2.831652, Exp of Normalized LogL: 0.058915, Best Rate: 0.3
Fault: [0,1,2,3,4,5], logL: -34.521689, Exp of LogL: 0.000000, Normalized LogL: -2.876807, Exp of Normalized LogL: 0.056314, Best Rate: 0.3
Fault: [0,1,2,2,4,5], logL: -34.902322, Exp of LogL: 0.000000, Normalized LogL: -2.908527, Exp of Normalized LogL: 0.054556, Best Rate: 0.3
Fault: [0,1,2,1,4,5], logL: -35.055637, Exp of LogL: 0.000000, Normalized LogL: -2.921303, Exp of Normalized LogL: 0.053863, Best Rate: 0.3

========= ADAPTIVE MC DEBUG =========
Total calls: 120
Avg tries: 185.42
Confidence stops: 120
Max stops: 0
Max stop rate: 0.000
Real Fault Rank 1
================= 22/08/2026 04:31:36: SEED 4 END =================
================= 22/08/2026 04:31:36: SEED 5 (5/100), a*=2 fault=[0,1,3,3,4,5] START =================
===== SEED 5 | FR=0.3 | VR=20 =====
executing with fault mode: [0,1,3,3,4,5]

Fault scores (higher is better):
Fault: [0,1,0,3,4,5], logL: -15.091727, Exp of LogL: 0.000000, Normalized LogL: -2.155961, Exp of Normalized LogL: 0.115792, Best Rate: 0.3
Fault: [0,1,5,3,4,5], logL: -15.445688, Exp of LogL: 0.000000, Normalized LogL: -2.206527, Exp of Normalized LogL: 0.110082, Best Rate: 0.3
Fault: [0,1,4,3,4,5], logL: -15.445688, Exp of LogL: 0.000000, Normalized LogL: -2.206527, Exp of Normalized LogL: 0.110082, Best Rate: 0.3
Fault: [0,1,3,2,4,5], logL: -15.568821, Exp of LogL: 0.000000, Normalized LogL: -2.224117, Exp of Normalized LogL: 0.108163, Best Rate: 0.3
Fault: [0,1,3,0,4,5], logL: -15.568821, Exp of LogL: 0.000000, Normalized LogL: -2.224117, Exp of Normalized LogL: 0.108163, Best Rate: 0.3
Fault: [0,1,3,4,4,5], logL: -15.568821, Exp of LogL: 0.000000, Normalized LogL: -2.224117, Exp of Normalized LogL: 0.108163, Best Rate: 0.3
Fault: [0,1,3,3,4,5], logL: -15.568821, Exp of LogL: 0.000000, Normalized LogL: -2.224117, Exp of Normalized LogL: 0.108163, Best Rate: 0.3
Fault: [0,1,3,1,4,5], logL: -15.568821, Exp of LogL: 0.000000, Normalized LogL: -2.224117, Exp of Normalized LogL: 0.108163, Best Rate: 0.3
Fault: [0,1,2,3,4,5], logL: -16.163528, Exp of LogL: 0.000000, Normalized LogL: -2.309075, Exp of Normalized LogL: 0.099353, Best Rate: 0.3
Fault: [0,1,1,3,4,5], logL: -16.563059, Exp of LogL: 0.000000, Normalized LogL: -2.366151, Exp of Normalized LogL: 0.093841, Best Rate: 0.3

========= ADAPTIVE MC DEBUG =========
Total calls: 70
Avg tries: 190.71
Confidence stops: 70
Max stops: 0
Max stop rate: 0.000
Real Fault Rank 7
===== SEED 5 | FR=0.3 | VR=40 =====
executing with fault mode: [0,1,3,3,4,5]

Fault scores (higher is better):
Fault: [0,1,0,3,4,5], logL: -19.690491, Exp of LogL: 0.000000, Normalized LogL: -1.514653, Exp of Normalized LogL: 0.219884, Best Rate: 0.3
Fault: [0,1,2,3,4,5], logL: -21.329517, Exp of LogL: 0.000000, Normalized LogL: -1.640732, Exp of Normalized LogL: 0.193838, Best Rate: 0.3
Fault: [0,1,3,1,4,5], logL: -21.456536, Exp of LogL: 0.000000, Normalized LogL: -1.650503, Exp of Normalized LogL: 0.191953, Best Rate: 0.3
Fault: [0,1,5,3,4,5], logL: -21.793510, Exp of LogL: 0.000000, Normalized LogL: -1.676424, Exp of Normalized LogL: 0.187042, Best Rate: 0.3
Fault: [0,1,4,3,4,5], logL: -21.793510, Exp of LogL: 0.000000, Normalized LogL: -1.676424, Exp of Normalized LogL: 0.187042, Best Rate: 0.3
Fault: [0,1,3,2,4,5], logL: -21.862001, Exp of LogL: 0.000000, Normalized LogL: -1.681692, Exp of Normalized LogL: 0.186059, Best Rate: 0.3
Fault: [0,1,3,0,4,5], logL: -21.862001, Exp of LogL: 0.000000, Normalized LogL: -1.681692, Exp of Normalized LogL: 0.186059, Best Rate: 0.3
Fault: [0,1,3,4,4,5], logL: -21.862001, Exp of LogL: 0.000000, Normalized LogL: -1.681692, Exp of Normalized LogL: 0.186059, Best Rate: 0.3
Fault: [0,1,3,3,4,5], logL: -21.862001, Exp of LogL: 0.000000, Normalized LogL: -1.681692, Exp of Normalized LogL: 0.186059, Best Rate: 0.3
Fault: [0,1,1,3,4,5], logL: -22.144343, Exp of LogL: 0.000000, Normalized LogL: -1.703411, Exp of Normalized LogL: 0.182061, Best Rate: 0.3

========= ADAPTIVE MC DEBUG =========
Total calls: 130
Avg tries: 181.15
Confidence stops: 130
Max stops: 0
Max stop rate: 0.000
Real Fault Rank 9
===== SEED 5 | FR=0.3 | VR=60 =====
executing with fault mode: [0,1,3,3,4,5]

Fault scores (higher is better):
Fault: [0,1,0,3,4,5], logL: -25.647605, Exp of LogL: 0.000000, Normalized LogL: -1.282380, Exp of Normalized LogL: 0.277376, Best Rate: 0.3
Fault: [0,1,3,2,4,5], logL: -26.118822, Exp of LogL: 0.000000, Normalized LogL: -1.305941, Exp of Normalized LogL: 0.270917, Best Rate: 0.3
Fault: [0,1,3,0,4,5], logL: -26.118822, Exp of LogL: 0.000000, Normalized LogL: -1.305941, Exp of Normalized LogL: 0.270917, Best Rate: 0.3
Fault: [0,1,3,4,4,5], logL: -26.118822, Exp of LogL: 0.000000, Normalized LogL: -1.305941, Exp of Normalized LogL: 0.270917, Best Rate: 0.3
Fault: [0,1,3,3,4,5], logL: -26.118822, Exp of LogL: 0.000000, Normalized LogL: -1.305941, Exp of Normalized LogL: 0.270917, Best Rate: 0.3
Fault: [0,1,3,1,4,5], logL: -26.118822, Exp of LogL: 0.000000, Normalized LogL: -1.305941, Exp of Normalized LogL: 0.270917, Best Rate: 0.3
Fault: [0,1,1,3,4,5], logL: -29.330863, Exp of LogL: 0.000000, Normalized LogL: -1.466543, Exp of Normalized LogL: 0.230722, Best Rate: 0.3
Fault: [0,1,5,3,4,5], logL: -50.957386, Exp of LogL: 0.000000, Normalized LogL: -2.547869, Exp of Normalized LogL: 0.078248, Best Rate: 0.3
Fault: [0,1,4,3,4,5], logL: -50.957386, Exp of LogL: 0.000000, Normalized LogL: -2.547869, Exp of Normalized LogL: 0.078248, Best Rate: 0.3
Fault: [0,1,2,3,4,5], logL: -75.072657, Exp of LogL: 0.000000, Normalized LogL: -3.753633, Exp of Normalized LogL: 0.023432, Best Rate: 0.3

========= ADAPTIVE MC DEBUG =========
Total calls: 200
Avg tries: 181.75
Confidence stops: 200
Max stops: 0
Max stop rate: 0.000
Real Fault Rank 5
===== SEED 5 | FR=0.3 | VR=80 =====
executing with fault mode: [0,1,3,3,4,5]

Fault scores (higher is better):
Fault: [0,1,3,2,4,5], logL: -30.165804, Exp of LogL: 0.000000, Normalized LogL: -1.160223, Exp of Normalized LogL: 0.313416, Best Rate: 0.3
Fault: [0,1,3,0,4,5], logL: -30.165804, Exp of LogL: 0.000000, Normalized LogL: -1.160223, Exp of Normalized LogL: 0.313416, Best Rate: 0.3
Fault: [0,1,3,4,4,5], logL: -30.165804, Exp of LogL: 0.000000, Normalized LogL: -1.160223, Exp of Normalized LogL: 0.313416, Best Rate: 0.3
Fault: [0,1,3,3,4,5], logL: -30.165804, Exp of LogL: 0.000000, Normalized LogL: -1.160223, Exp of Normalized LogL: 0.313416, Best Rate: 0.3
Fault: [0,1,3,1,4,5], logL: -30.165804, Exp of LogL: 0.000000, Normalized LogL: -1.160223, Exp of Normalized LogL: 0.313416, Best Rate: 0.3
Fault: [0,1,0,3,4,5], logL: -32.354750, Exp of LogL: 0.000000, Normalized LogL: -1.244413, Exp of Normalized LogL: 0.288110, Best Rate: 0.3
Fault: [0,1,1,3,4,5], logL: -36.123415, Exp of LogL: 0.000000, Normalized LogL: -1.389362, Exp of Normalized LogL: 0.249234, Best Rate: 0.3
Fault: [0,1,5,3,4,5], logL: -56.886765, Exp of LogL: 0.000000, Normalized LogL: -2.187952, Exp of Normalized LogL: 0.112146, Best Rate: 0.3
Fault: [0,1,4,3,4,5], logL: -56.886765, Exp of LogL: 0.000000, Normalized LogL: -2.187952, Exp of Normalized LogL: 0.112146, Best Rate: 0.3
Fault: [0,1,2,3,4,5], logL: -105.472482, Exp of LogL: 0.000000, Normalized LogL: -4.056634, Exp of Normalized LogL: 0.017307, Best Rate: 0.3

========= ADAPTIVE MC DEBUG =========
Total calls: 260
Avg tries: 183.65
Confidence stops: 260
Max stops: 0
Max stop rate: 0.000
Real Fault Rank 4
===== SEED 5 | FR=0.3 | VR=100 =====
executing with fault mode: [0,1,3,3,4,5]

Fault scores (higher is better):
Fault: [0,1,3,2,4,5], logL: -32.481309, Exp of LogL: 0.000000, Normalized LogL: -0.984282, Exp of Normalized LogL: 0.373707, Best Rate: 0.3
Fault: [0,1,3,0,4,5], logL: -32.481309, Exp of LogL: 0.000000, Normalized LogL: -0.984282, Exp of Normalized LogL: 0.373707, Best Rate: 0.3
Fault: [0,1,3,4,4,5], logL: -32.481309, Exp of LogL: 0.000000, Normalized LogL: -0.984282, Exp of Normalized LogL: 0.373707, Best Rate: 0.3
Fault: [0,1,3,3,4,5], logL: -32.481309, Exp of LogL: 0.000000, Normalized LogL: -0.984282, Exp of Normalized LogL: 0.373707, Best Rate: 0.3
Fault: [0,1,3,1,4,5], logL: -32.481309, Exp of LogL: 0.000000, Normalized LogL: -0.984282, Exp of Normalized LogL: 0.373707, Best Rate: 0.3
Fault: [0,1,0,3,4,5], logL: -34.492169, Exp of LogL: 0.000000, Normalized LogL: -1.045217, Exp of Normalized LogL: 0.351615, Best Rate: 0.3
Fault: [0,1,1,3,4,5], logL: -38.840340, Exp of LogL: 0.000000, Normalized LogL: -1.176980, Exp of Normalized LogL: 0.308208, Best Rate: 0.3
Fault: [0,1,5,3,4,5], logL: -59.990728, Exp of LogL: 0.000000, Normalized LogL: -1.817901, Exp of Normalized LogL: 0.162366, Best Rate: 0.3
Fault: [0,1,4,3,4,5], logL: -59.990728, Exp of LogL: 0.000000, Normalized LogL: -1.817901, Exp of Normalized LogL: 0.162366, Best Rate: 0.3
Fault: [0,1,2,3,4,5], logL: -108.741657, Exp of LogL: 0.000000, Normalized LogL: -3.295202, Exp of Normalized LogL: 0.037061, Best Rate: 0.3

========= ADAPTIVE MC DEBUG =========
Total calls: 330
Avg tries: 182.88
Confidence stops: 330
Max stops: 0
Max stop rate: 0.000
Real Fault Rank 4
================= 22/08/2026 04:32:07: SEED 5 END =================
================= 22/08/2026 04:32:07: SEED 6 (6/100), a*=3 fault=[0,1,2,4,4,5] START =================
===== SEED 6 | FR=0.3 | VR=20 =====
executing with fault mode: [0,1,2,4,4,5]

Fault scores (higher is better):
Fault: [0,1,2,4,2,5], logL: -10.018230, Exp of LogL: 0.000045, Normalized LogL: -1.669705, Exp of Normalized LogL: 0.188303, Best Rate: 0.3
Fault: [0,1,2,4,1,5], logL: -10.018230, Exp of LogL: 0.000045, Normalized LogL: -1.669705, Exp of Normalized LogL: 0.188303, Best Rate: 0.3
Fault: [0,1,2,4,3,5], logL: -10.018230, Exp of LogL: 0.000045, Normalized LogL: -1.669705, Exp of Normalized LogL: 0.188303, Best Rate: 0.3
Fault: [0,1,2,4,5,5], logL: -10.018230, Exp of LogL: 0.000045, Normalized LogL: -1.669705, Exp of Normalized LogL: 0.188303, Best Rate: 0.3
Fault: [0,1,2,5,4,5], logL: -10.136013, Exp of LogL: 0.000040, Normalized LogL: -1.689335, Exp of Normalized LogL: 0.184642, Best Rate: 0.3
Fault: [0,1,2,4,4,5], logL: -10.136013, Exp of LogL: 0.000040, Normalized LogL: -1.689335, Exp of Normalized LogL: 0.184642, Best Rate: 0.3
Fault: [0,1,2,1,4,5], logL: -11.138198, Exp of LogL: 0.000015, Normalized LogL: -1.856366, Exp of Normalized LogL: 0.156239, Best Rate: 0.3
Fault: [0,1,2,2,4,5], logL: -11.232757, Exp of LogL: 0.000013, Normalized LogL: -1.872126, Exp of Normalized LogL: 0.153796, Best Rate: 0.3
Fault: [0,1,2,0,4,5], logL: -11.768218, Exp of LogL: 0.000008, Normalized LogL: -1.961370, Exp of Normalized LogL: 0.140666, Best Rate: 0.3
Fault: [0,1,2,3,4,5], logL: -11.881452, Exp of LogL: 0.000007, Normalized LogL: -1.980242, Exp of Normalized LogL: 0.138036, Best Rate: 0.3

========= ADAPTIVE MC DEBUG =========
Total calls: 60
Avg tries: 185.00
Confidence stops: 60
Max stops: 0
Max stop rate: 0.000
Real Fault Rank 6
===== SEED 6 | FR=0.3 | VR=40 =====
executing with fault mode: [0,1,2,4,4,5]

Fault scores (higher is better):
Fault: [0,1,2,4,2,5], logL: -11.962328, Exp of LogL: 0.000006, Normalized LogL: -1.087484, Exp of Normalized LogL: 0.337063, Best Rate: 0.3
Fault: [0,1,2,4,3,5], logL: -11.962328, Exp of LogL: 0.000006, Normalized LogL: -1.087484, Exp of Normalized LogL: 0.337063, Best Rate: 0.3
Fault: [0,1,2,4,5,5], logL: -11.962328, Exp of LogL: 0.000006, Normalized LogL: -1.087484, Exp of Normalized LogL: 0.337063, Best Rate: 0.3
Fault: [0,1,2,4,1,5], logL: -12.040290, Exp of LogL: 0.000006, Normalized LogL: -1.094572, Exp of Normalized LogL: 0.334683, Best Rate: 0.3
Fault: [0,1,2,5,4,5], logL: -12.185472, Exp of LogL: 0.000005, Normalized LogL: -1.107770, Exp of Normalized LogL: 0.330295, Best Rate: 0.3
Fault: [0,1,2,4,4,5], logL: -12.185472, Exp of LogL: 0.000005, Normalized LogL: -1.107770, Exp of Normalized LogL: 0.330295, Best Rate: 0.3
Fault: [0,1,2,1,4,5], logL: -13.254349, Exp of LogL: 0.000002, Normalized LogL: -1.204941, Exp of Normalized LogL: 0.299710, Best Rate: 0.3
Fault: [0,1,2,2,4,5], logL: -13.348908, Exp of LogL: 0.000002, Normalized LogL: -1.213537, Exp of Normalized LogL: 0.297144, Best Rate: 0.3
Fault: [0,1,2,0,4,5], logL: -13.884369, Exp of LogL: 0.000001, Normalized LogL: -1.262215, Exp of Normalized LogL: 0.283026, Best Rate: 0.3
Fault: [0,1,2,3,4,5], logL: -13.993432, Exp of LogL: 0.000001, Normalized LogL: -1.272130, Exp of Normalized LogL: 0.280234, Best Rate: 0.3

========= ADAPTIVE MC DEBUG =========
Total calls: 110
Avg tries: 187.27
Confidence stops: 110
Max stops: 0
Max stop rate: 0.000
Real Fault Rank 6
===== SEED 6 | FR=0.3 | VR=60 =====
executing with fault mode: [0,1,2,4,4,5]

Fault scores (higher is better):
Fault: [0,1,2,4,2,5], logL: -15.253584, Exp of LogL: 0.000000, Normalized LogL: -0.897270, Exp of Normalized LogL: 0.407681, Best Rate: 0.3
Fault: [0,1,2,4,3,5], logL: -15.253584, Exp of LogL: 0.000000, Normalized LogL: -0.897270, Exp of Normalized LogL: 0.407681, Best Rate: 0.3
Fault: [0,1,2,4,5,5], logL: -15.253584, Exp of LogL: 0.000000, Normalized LogL: -0.897270, Exp of Normalized LogL: 0.407681, Best Rate: 0.3
Fault: [0,1,2,4,1,5], logL: -15.331546, Exp of LogL: 0.000000, Normalized LogL: -0.901856, Exp of Normalized LogL: 0.405816, Best Rate: 0.3
Fault: [0,1,2,5,4,5], logL: -15.476728, Exp of LogL: 0.000000, Normalized LogL: -0.910396, Exp of Normalized LogL: 0.402365, Best Rate: 0.3
Fault: [0,1,2,4,4,5], logL: -15.476728, Exp of LogL: 0.000000, Normalized LogL: -0.910396, Exp of Normalized LogL: 0.402365, Best Rate: 0.3
Fault: [0,1,2,1,4,5], logL: -40.852315, Exp of LogL: 0.000000, Normalized LogL: -2.403077, Exp of Normalized LogL: 0.090439, Best Rate: 0.3
Fault: [0,1,2,2,4,5], logL: -40.965372, Exp of LogL: 0.000000, Normalized LogL: -2.409728, Exp of Normalized LogL: 0.089840, Best Rate: 0.3
Fault: [0,1,2,3,4,5], logL: -41.354809, Exp of LogL: 0.000000, Normalized LogL: -2.432636, Exp of Normalized LogL: 0.087805, Best Rate: 0.3
Fault: [0,1,2,0,4,5], logL: -41.832660, Exp of LogL: 0.000000, Normalized LogL: -2.460745, Exp of Normalized LogL: 0.085371, Best Rate: 0.3

========= ADAPTIVE MC DEBUG =========
Total calls: 170
Avg tries: 188.24
Confidence stops: 170
Max stops: 0
Max stop rate: 0.000
Real Fault Rank 6
===== SEED 6 | FR=0.3 | VR=80 =====
executing with fault mode: [0,1,2,4,4,5]

Fault scores (higher is better):
Fault: [0,1,2,5,4,5], logL: -20.282654, Exp of LogL: 0.000000, Normalized LogL: -0.921939, Exp of Normalized LogL: 0.397747, Best Rate: 0.3
Fault: [0,1,2,4,4,5], logL: -20.282654, Exp of LogL: 0.000000, Normalized LogL: -0.921939, Exp of Normalized LogL: 0.397747, Best Rate: 0.3
Fault: [0,1,2,4,2,5], logL: -20.634052, Exp of LogL: 0.000000, Normalized LogL: -0.937911, Exp of Normalized LogL: 0.391445, Best Rate: 0.3
Fault: [0,1,2,4,1,5], logL: -20.634052, Exp of LogL: 0.000000, Normalized LogL: -0.937911, Exp of Normalized LogL: 0.391445, Best Rate: 0.3
Fault: [0,1,2,4,3,5], logL: -20.634052, Exp of LogL: 0.000000, Normalized LogL: -0.937911, Exp of Normalized LogL: 0.391445, Best Rate: 0.3
Fault: [0,1,2,4,5,5], logL: -20.634052, Exp of LogL: 0.000000, Normalized LogL: -0.937911, Exp of Normalized LogL: 0.391445, Best Rate: 0.3
Fault: [0,1,2,3,4,5], logL: -125.900771, Exp of LogL: 0.000000, Normalized LogL: -5.722762, Exp of Normalized LogL: 0.003271, Best Rate: 0.3
Fault: [0,1,2,1,4,5], logL: -126.356926, Exp of LogL: 0.000000, Normalized LogL: -5.743497, Exp of Normalized LogL: 0.003204, Best Rate: 0.3
Fault: [0,1,2,0,4,5], logL: -126.404304, Exp of LogL: 0.000000, Normalized LogL: -5.745650, Exp of Normalized LogL: 0.003197, Best Rate: 0.3
Fault: [0,1,2,2,4,5], logL: -126.737947, Exp of LogL: 0.000000, Normalized LogL: -5.760816, Exp of Normalized LogL: 0.003149, Best Rate: 0.3

========= ADAPTIVE MC DEBUG =========
Total calls: 220
Avg tries: 186.36
Confidence stops: 220
Max stops: 0
Max stop rate: 0.000
Real Fault Rank 2
===== SEED 6 | FR=0.3 | VR=100 =====
executing with fault mode: [0,1,2,4,4,5]

Fault scores (higher is better):
Fault: [0,1,2,5,4,5], logL: -22.353094, Exp of LogL: 0.000000, Normalized LogL: -0.798325, Exp of Normalized LogL: 0.450082, Best Rate: 0.3
Fault: [0,1,2,4,4,5], logL: -22.353094, Exp of LogL: 0.000000, Normalized LogL: -0.798325, Exp of Normalized LogL: 0.450082, Best Rate: 0.3
Fault: [0,1,2,4,2,5], logL: -22.647465, Exp of LogL: 0.000000, Normalized LogL: -0.808838, Exp of Normalized LogL: 0.445375, Best Rate: 0.3
Fault: [0,1,2,4,1,5], logL: -22.647465, Exp of LogL: 0.000000, Normalized LogL: -0.808838, Exp of Normalized LogL: 0.445375, Best Rate: 0.3
Fault: [0,1,2,4,3,5], logL: -22.647465, Exp of LogL: 0.000000, Normalized LogL: -0.808838, Exp of Normalized LogL: 0.445375, Best Rate: 0.3
Fault: [0,1,2,4,5,5], logL: -22.647465, Exp of LogL: 0.000000, Normalized LogL: -0.808838, Exp of Normalized LogL: 0.445375, Best Rate: 0.3
Fault: [0,1,2,3,4,5], logL: -152.916352, Exp of LogL: 0.000000, Normalized LogL: -5.461298, Exp of Normalized LogL: 0.004248, Best Rate: 0.3
Fault: [0,1,2,1,4,5], logL: -153.217821, Exp of LogL: 0.000000, Normalized LogL: -5.472065, Exp of Normalized LogL: 0.004203, Best Rate: 0.3
Fault: [0,1,2,2,4,5], logL: -153.916610, Exp of LogL: 0.000000, Normalized LogL: -5.497022, Exp of Normalized LogL: 0.004099, Best Rate: 0.3
Fault: [0,1,2,0,4,5], logL: -154.123293, Exp of LogL: 0.000000, Normalized LogL: -5.504403, Exp of Normalized LogL: 0.004069, Best Rate: 0.3

========= ADAPTIVE MC DEBUG =========
Total calls: 280
Avg tries: 186.25
Confidence stops: 280
Max stops: 0
Max stop rate: 0.000
Real Fault Rank 2
================= 22/08/2026 04:32:35: SEED 6 END =================
================= 22/08/2026 04:32:35: SEED 7 (7/100), a*=1 fault=[0,2,2,3,4,5] START =================
===== SEED 7 | FR=0.3 | VR=20 =====
executing with fault mode: [0,2,2,3,4,5]

Fault scores (higher is better):
Fault: [0,2,2,3,3,5], logL: -6.384027, Exp of LogL: 0.001688, Normalized LogL: -1.596007, Exp of Normalized LogL: 0.202704, Best Rate: 0.3
Fault: [0,2,2,3,0,5], logL: -6.384027, Exp of LogL: 0.001688, Normalized LogL: -1.596007, Exp of Normalized LogL: 0.202704, Best Rate: 0.3
Fault: [0,2,2,3,5,5], logL: -6.384027, Exp of LogL: 0.001688, Normalized LogL: -1.596007, Exp of Normalized LogL: 0.202704, Best Rate: 0.3
Fault: [0,1,2,3,4,5], logL: -6.767950, Exp of LogL: 0.001150, Normalized LogL: -1.691987, Exp of Normalized LogL: 0.184153, Best Rate: 0.3
Fault: [0,2,2,3,4,5], logL: -6.782242, Exp of LogL: 0.001134, Normalized LogL: -1.695561, Exp of Normalized LogL: 0.183496, Best Rate: 0.3
Fault: [0,2,2,3,1,5], logL: -6.816891, Exp of LogL: 0.001095, Normalized LogL: -1.704223, Exp of Normalized LogL: 0.181914, Best Rate: 0.3
Fault: [0,3,2,3,4,5], logL: -7.637259, Exp of LogL: 0.000482, Normalized LogL: -1.909315, Exp of Normalized LogL: 0.148182, Best Rate: 0.3
Fault: [0,0,2,3,4,5], logL: -7.724201, Exp of LogL: 0.000442, Normalized LogL: -1.931050, Exp of Normalized LogL: 0.144996, Best Rate: 0.3
Fault: [0,5,2,3,4,5], logL: -7.734251, Exp of LogL: 0.000438, Normalized LogL: -1.933563, Exp of Normalized LogL: 0.144632, Best Rate: 0.3
Fault: [0,4,2,3,4,5], logL: -7.992080, Exp of LogL: 0.000338, Normalized LogL: -1.998020, Exp of Normalized LogL: 0.135604, Best Rate: 0.3

========= ADAPTIVE MC DEBUG =========
Total calls: 40
Avg tries: 193.75
Confidence stops: 40
Max stops: 0
Max stop rate: 0.000
Real Fault Rank 5
===== SEED 7 | FR=0.3 | VR=40 =====
executing with fault mode: [0,2,2,3,4,5]

Fault scores (higher is better):
Fault: [0,1,2,3,4,5], logL: -10.803545, Exp of LogL: 0.000020, Normalized LogL: -1.543364, Exp of Normalized LogL: 0.213661, Best Rate: 0.3
Fault: [0,2,2,3,4,5], logL: -10.808268, Exp of LogL: 0.000020, Normalized LogL: -1.544038, Exp of Normalized LogL: 0.213517, Best Rate: 0.3
Fault: [0,2,2,3,3,5], logL: -11.187758, Exp of LogL: 0.000014, Normalized LogL: -1.598251, Exp of Normalized LogL: 0.202250, Best Rate: 0.3
Fault: [0,2,2,3,0,5], logL: -11.187758, Exp of LogL: 0.000014, Normalized LogL: -1.598251, Exp of Normalized LogL: 0.202250, Best Rate: 0.3
Fault: [0,2,2,3,5,5], logL: -11.187758, Exp of LogL: 0.000014, Normalized LogL: -1.598251, Exp of Normalized LogL: 0.202250, Best Rate: 0.3
Fault: [0,2,2,3,1,5], logL: -11.187758, Exp of LogL: 0.000014, Normalized LogL: -1.598251, Exp of Normalized LogL: 0.202250, Best Rate: 0.3
Fault: [0,3,2,3,4,5], logL: -11.712075, Exp of LogL: 0.000008, Normalized LogL: -1.673154, Exp of Normalized LogL: 0.187654, Best Rate: 0.3
Fault: [0,0,2,3,4,5], logL: -11.799017, Exp of LogL: 0.000008, Normalized LogL: -1.685574, Exp of Normalized LogL: 0.185338, Best Rate: 0.3
Fault: [0,4,2,3,4,5], logL: -12.066896, Exp of LogL: 0.000006, Normalized LogL: -1.723842, Exp of Normalized LogL: 0.178379, Best Rate: 0.3
Fault: [0,5,2,3,4,5], logL: -12.066896, Exp of LogL: 0.000006, Normalized LogL: -1.723842, Exp of Normalized LogL: 0.178379, Best Rate: 0.3

========= ADAPTIVE MC DEBUG =========
Total calls: 70
Avg tries: 175.00
Confidence stops: 70
Max stops: 0
Max stop rate: 0.000
Real Fault Rank 2
===== SEED 7 | FR=0.3 | VR=60 =====
executing with fault mode: [0,2,2,3,4,5]

Fault scores (higher is better):
Fault: [0,1,2,3,4,5], logL: -11.379831, Exp of LogL: 0.000011, Normalized LogL: -1.034530, Exp of Normalized LogL: 0.355393, Best Rate: 0.3
Fault: [0,2,2,3,4,5], logL: -11.405173, Exp of LogL: 0.000011, Normalized LogL: -1.036834, Exp of Normalized LogL: 0.354576, Best Rate: 0.3
Fault: [0,2,2,3,3,5], logL: -11.784663, Exp of LogL: 0.000008, Normalized LogL: -1.071333, Exp of Normalized LogL: 0.342552, Best Rate: 0.3
Fault: [0,2,2,3,0,5], logL: -11.784663, Exp of LogL: 0.000008, Normalized LogL: -1.071333, Exp of Normalized LogL: 0.342552, Best Rate: 0.3
Fault: [0,2,2,3,5,5], logL: -11.784663, Exp of LogL: 0.000008, Normalized LogL: -1.071333, Exp of Normalized LogL: 0.342552, Best Rate: 0.3
Fault: [0,2,2,3,1,5], logL: -11.784663, Exp of LogL: 0.000008, Normalized LogL: -1.071333, Exp of Normalized LogL: 0.342552, Best Rate: 0.3
Fault: [0,3,2,3,4,5], logL: -12.317348, Exp of LogL: 0.000004, Normalized LogL: -1.119759, Exp of Normalized LogL: 0.326358, Best Rate: 0.3
Fault: [0,0,2,3,4,5], logL: -12.404290, Exp of LogL: 0.000004, Normalized LogL: -1.127663, Exp of Normalized LogL: 0.323789, Best Rate: 0.3
Fault: [0,4,2,3,4,5], logL: -12.672169, Exp of LogL: 0.000003, Normalized LogL: -1.152015, Exp of Normalized LogL: 0.315999, Best Rate: 0.3
Fault: [0,5,2,3,4,5], logL: -12.672169, Exp of LogL: 0.000003, Normalized LogL: -1.152015, Exp of Normalized LogL: 0.315999, Best Rate: 0.3

========= ADAPTIVE MC DEBUG =========
Total calls: 110
Avg tries: 175.45
Confidence stops: 110
Max stops: 0
Max stop rate: 0.000
Real Fault Rank 2
===== SEED 7 | FR=0.3 | VR=80 =====
executing with fault mode: [0,2,2,3,4,5]

Fault scores (higher is better):
Fault: [0,2,2,3,4,5], logL: -11.312898, Exp of LogL: 0.000012, Normalized LogL: -0.808064, Exp of Normalized LogL: 0.445720, Best Rate: 0.3
Fault: [0,1,2,3,4,5], logL: -11.397806, Exp of LogL: 0.000011, Normalized LogL: -0.814129, Exp of Normalized LogL: 0.443025, Best Rate: 0.3
Fault: [0,2,2,3,3,5], logL: -11.692387, Exp of LogL: 0.000008, Normalized LogL: -0.835171, Exp of Normalized LogL: 0.433801, Best Rate: 0.3
Fault: [0,2,2,3,0,5], logL: -11.692387, Exp of LogL: 0.000008, Normalized LogL: -0.835171, Exp of Normalized LogL: 0.433801, Best Rate: 0.3
Fault: [0,2,2,3,5,5], logL: -11.692387, Exp of LogL: 0.000008, Normalized LogL: -0.835171, Exp of Normalized LogL: 0.433801, Best Rate: 0.3
Fault: [0,2,2,3,1,5], logL: -11.692387, Exp of LogL: 0.000008, Normalized LogL: -0.835171, Exp of Normalized LogL: 0.433801, Best Rate: 0.3
Fault: [0,0,2,3,4,5], logL: -12.417375, Exp of LogL: 0.000004, Normalized LogL: -0.886955, Exp of Normalized LogL: 0.411908, Best Rate: 0.3
Fault: [0,3,2,3,4,5], logL: -12.475534, Exp of LogL: 0.000004, Normalized LogL: -0.891110, Exp of Normalized LogL: 0.410200, Best Rate: 0.3
Fault: [0,4,2,3,4,5], logL: -12.579894, Exp of LogL: 0.000003, Normalized LogL: -0.898564, Exp of Normalized LogL: 0.407154, Best Rate: 0.3
Fault: [0,5,2,3,4,5], logL: -12.579894, Exp of LogL: 0.000003, Normalized LogL: -0.898564, Exp of Normalized LogL: 0.407154, Best Rate: 0.3

========= ADAPTIVE MC DEBUG =========
Total calls: 140
Avg tries: 177.14
Confidence stops: 140
Max stops: 0
Max stop rate: 0.000
Real Fault Rank 1
===== SEED 7 | FR=0.3 | VR=100 =====
executing with fault mode: [0,2,2,3,4,5]

Fault scores (higher is better):
Fault: [0,2,2,3,4,5], logL: -13.586824, Exp of LogL: 0.000001, Normalized LogL: -0.754824, Exp of Normalized LogL: 0.470094, Best Rate: 0.3
Fault: [0,2,2,3,3,5], logL: -13.987302, Exp of LogL: 0.000001, Normalized LogL: -0.777072, Exp of Normalized LogL: 0.459750, Best Rate: 0.3
Fault: [0,2,2,3,0,5], logL: -13.987302, Exp of LogL: 0.000001, Normalized LogL: -0.777072, Exp of Normalized LogL: 0.459750, Best Rate: 0.3
Fault: [0,2,2,3,5,5], logL: -13.987302, Exp of LogL: 0.000001, Normalized LogL: -0.777072, Exp of Normalized LogL: 0.459750, Best Rate: 0.3
Fault: [0,2,2,3,1,5], logL: -13.987302, Exp of LogL: 0.000001, Normalized LogL: -0.777072, Exp of Normalized LogL: 0.459750, Best Rate: 0.3
Fault: [0,1,2,3,4,5], logL: -14.057102, Exp of LogL: 0.000001, Normalized LogL: -0.780950, Exp of Normalized LogL: 0.457971, Best Rate: 0.3
Fault: [0,3,2,3,4,5], logL: -15.094839, Exp of LogL: 0.000000, Normalized LogL: -0.838602, Exp of Normalized LogL: 0.432314, Best Rate: 0.3
Fault: [0,4,2,3,4,5], logL: -15.229052, Exp of LogL: 0.000000, Normalized LogL: -0.846058, Exp of Normalized LogL: 0.429103, Best Rate: 0.3
Fault: [0,5,2,3,4,5], logL: -15.229052, Exp of LogL: 0.000000, Normalized LogL: -0.846058, Exp of Normalized LogL: 0.429103, Best Rate: 0.3
Fault: [0,0,2,3,4,5], logL: -15.229052, Exp of LogL: 0.000000, Normalized LogL: -0.846058, Exp of Normalized LogL: 0.429103, Best Rate: 0.3

========= ADAPTIVE MC DEBUG =========
Total calls: 180
Avg tries: 177.50
Confidence stops: 180
Max stops: 0
Max stop rate: 0.000
Real Fault Rank 1
================= 22/08/2026 04:32:51: SEED 7 END =================
================= 22/08/2026 04:32:51: SEED 8 (8/100), a*=1 fault=[0,3,2,3,4,5] START =================
===== SEED 8 | FR=0.3 | VR=20 =====
executing with fault mode: [0,3,2,3,4,5]

Fault scores (higher is better):
Fault: [0,3,2,3,4,5], logL: -16.123837, Exp of LogL: 0.000000, Normalized LogL: -2.015480, Exp of Normalized LogL: 0.133256, Best Rate: 0.3
Fault: [0,3,2,3,1,5], logL: -16.221476, Exp of LogL: 0.000000, Normalized LogL: -2.027684, Exp of Normalized LogL: 0.131640, Best Rate: 0.3
Fault: [0,3,2,3,3,5], logL: -16.247451, Exp of LogL: 0.000000, Normalized LogL: -2.030931, Exp of Normalized LogL: 0.131213, Best Rate: 0.3
Fault: [0,3,2,3,2,5], logL: -16.247451, Exp of LogL: 0.000000, Normalized LogL: -2.030931, Exp of Normalized LogL: 0.131213, Best Rate: 0.3
Fault: [0,3,2,3,0,5], logL: -16.247451, Exp of LogL: 0.000000, Normalized LogL: -2.030931, Exp of Normalized LogL: 0.131213, Best Rate: 0.3
Fault: [0,1,2,3,4,5], logL: -16.254340, Exp of LogL: 0.000000, Normalized LogL: -2.031793, Exp of Normalized LogL: 0.131100, Best Rate: 0.3
Fault: [0,2,2,3,4,5], logL: -16.257369, Exp of LogL: 0.000000, Normalized LogL: -2.032171, Exp of Normalized LogL: 0.131051, Best Rate: 0.3
Fault: [0,4,2,3,4,5], logL: -16.263599, Exp of LogL: 0.000000, Normalized LogL: -2.032950, Exp of Normalized LogL: 0.130949, Best Rate: 0.3
Fault: [0,5,2,3,4,5], logL: -16.498439, Exp of LogL: 0.000000, Normalized LogL: -2.062305, Exp of Normalized LogL: 0.127161, Best Rate: 0.3
Fault: [0,0,2,3,4,5], logL: -17.519274, Exp of LogL: 0.000000, Normalized LogL: -2.189909, Exp of Normalized LogL: 0.111927, Best Rate: 0.3

========= ADAPTIVE MC DEBUG =========
Total calls: 80
Avg tries: 187.50
Confidence stops: 80
Max stops: 0
Max stop rate: 0.000
Real Fault Rank 1
===== SEED 8 | FR=0.3 | VR=40 =====
executing with fault mode: [0,3,2,3,4,5]

Fault scores (higher is better):
Fault: [0,1,2,3,4,5], logL: -21.019172, Exp of LogL: 0.000000, Normalized LogL: -1.313698, Exp of Normalized LogL: 0.268824, Best Rate: 0.3
Fault: [0,3,2,3,4,5], logL: -21.299959, Exp of LogL: 0.000000, Normalized LogL: -1.331247, Exp of Normalized LogL: 0.264148, Best Rate: 0.3
Fault: [0,3,2,3,3,5], logL: -21.299959, Exp of LogL: 0.000000, Normalized LogL: -1.331247, Exp of Normalized LogL: 0.264148, Best Rate: 0.3
Fault: [0,3,2,3,2,5], logL: -21.299959, Exp of LogL: 0.000000, Normalized LogL: -1.331247, Exp of Normalized LogL: 0.264148, Best Rate: 0.3
Fault: [0,3,2,3,0,5], logL: -21.299959, Exp of LogL: 0.000000, Normalized LogL: -1.331247, Exp of Normalized LogL: 0.264148, Best Rate: 0.3
Fault: [0,2,2,3,4,5], logL: -21.495703, Exp of LogL: 0.000000, Normalized LogL: -1.343481, Exp of Normalized LogL: 0.260936, Best Rate: 0.3
Fault: [0,3,2,3,1,5], logL: -21.516182, Exp of LogL: 0.000000, Normalized LogL: -1.344761, Exp of Normalized LogL: 0.260602, Best Rate: 0.3
Fault: [0,4,2,3,4,5], logL: -21.565662, Exp of LogL: 0.000000, Normalized LogL: -1.347854, Exp of Normalized LogL: 0.259797, Best Rate: 0.3
Fault: [0,5,2,3,4,5], logL: -21.715194, Exp of LogL: 0.000000, Normalized LogL: -1.357200, Exp of Normalized LogL: 0.257381, Best Rate: 0.3
Fault: [0,0,2,3,4,5], logL: -21.741027, Exp of LogL: 0.000000, Normalized LogL: -1.358814, Exp of Normalized LogL: 0.256965, Best Rate: 0.3

========= ADAPTIVE MC DEBUG =========
Total calls: 160
Avg tries: 190.62
Confidence stops: 160
Max stops: 0
Max stop rate: 0.000
Real Fault Rank 2
===== SEED 8 | FR=0.3 | VR=60 =====
executing with fault mode: [0,3,2,3,4,5]

Fault scores (higher is better):
Fault: [0,1,2,3,4,5], logL: -25.780709, Exp of LogL: 0.000000, Normalized LogL: -1.074196, Exp of Normalized LogL: 0.341572, Best Rate: 0.3
Fault: [0,3,2,3,4,5], logL: -26.971173, Exp of LogL: 0.000000, Normalized LogL: -1.123799, Exp of Normalized LogL: 0.325043, Best Rate: 0.3
Fault: [0,2,2,3,4,5], logL: -27.027713, Exp of LogL: 0.000000, Normalized LogL: -1.126155, Exp of Normalized LogL: 0.324278, Best Rate: 0.3
Fault: [0,3,2,3,1,5], logL: -27.236280, Exp of LogL: 0.000000, Normalized LogL: -1.134845, Exp of Normalized LogL: 0.321472, Best Rate: 0.3
Fault: [0,3,2,3,3,5], logL: -27.236280, Exp of LogL: 0.000000, Normalized LogL: -1.134845, Exp of Normalized LogL: 0.321472, Best Rate: 0.3
Fault: [0,3,2,3,2,5], logL: -27.236280, Exp of LogL: 0.000000, Normalized LogL: -1.134845, Exp of Normalized LogL: 0.321472, Best Rate: 0.3
Fault: [0,3,2,3,0,5], logL: -27.236280, Exp of LogL: 0.000000, Normalized LogL: -1.134845, Exp of Normalized LogL: 0.321472, Best Rate: 0.3
Fault: [0,5,2,3,4,5], logL: -27.310765, Exp of LogL: 0.000000, Normalized LogL: -1.137949, Exp of Normalized LogL: 0.320476, Best Rate: 0.3
Fault: [0,4,2,3,4,5], logL: -27.310765, Exp of LogL: 0.000000, Normalized LogL: -1.137949, Exp of Normalized LogL: 0.320476, Best Rate: 0.3
Fault: [0,0,2,3,4,5], logL: -27.844207, Exp of LogL: 0.000000, Normalized LogL: -1.160175, Exp of Normalized LogL: 0.313431, Best Rate: 0.3

========= ADAPTIVE MC DEBUG =========
Total calls: 240
Avg tries: 189.58
Confidence stops: 240
Max stops: 0
Max stop rate: 0.000
Real Fault Rank 2
===== SEED 8 | FR=0.3 | VR=80 =====
executing with fault mode: [0,3,2,3,4,5]

Fault scores (higher is better):
Fault: [0,1,2,3,4,5], logL: -32.208592, Exp of LogL: 0.000000, Normalized LogL: -1.006519, Exp of Normalized LogL: 0.365489, Best Rate: 0.3
Fault: [0,2,2,3,4,5], logL: -33.596896, Exp of LogL: 0.000000, Normalized LogL: -1.049903, Exp of Normalized LogL: 0.349972, Best Rate: 0.3
Fault: [0,3,2,3,4,5], logL: -33.767679, Exp of LogL: 0.000000, Normalized LogL: -1.055240, Exp of Normalized LogL: 0.348109, Best Rate: 0.3
Fault: [0,5,2,3,4,5], logL: -33.924400, Exp of LogL: 0.000000, Normalized LogL: -1.060137, Exp of Normalized LogL: 0.346408, Best Rate: 0.3
Fault: [0,4,2,3,4,5], logL: -33.924400, Exp of LogL: 0.000000, Normalized LogL: -1.060137, Exp of Normalized LogL: 0.346408, Best Rate: 0.3
Fault: [0,3,2,3,1,5], logL: -34.058481, Exp of LogL: 0.000000, Normalized LogL: -1.064328, Exp of Normalized LogL: 0.344960, Best Rate: 0.3
Fault: [0,3,2,3,3,5], logL: -34.058481, Exp of LogL: 0.000000, Normalized LogL: -1.064328, Exp of Normalized LogL: 0.344960, Best Rate: 0.3
Fault: [0,3,2,3,2,5], logL: -34.058481, Exp of LogL: 0.000000, Normalized LogL: -1.064328, Exp of Normalized LogL: 0.344960, Best Rate: 0.3
Fault: [0,3,2,3,0,5], logL: -34.058481, Exp of LogL: 0.000000, Normalized LogL: -1.064328, Exp of Normalized LogL: 0.344960, Best Rate: 0.3
Fault: [0,0,2,3,4,5], logL: -34.395321, Exp of LogL: 0.000000, Normalized LogL: -1.074854, Exp of Normalized LogL: 0.341348, Best Rate: 0.3

========= ADAPTIVE MC DEBUG =========
Total calls: 320
Avg tries: 184.53
Confidence stops: 320
Max stops: 0
Max stop rate: 0.000
Real Fault Rank 3
===== SEED 8 | FR=0.3 | VR=100 =====
executing with fault mode: [0,3,2,3,4,5]

Fault scores (higher is better):
Fault: [0,1,2,3,4,5], logL: -33.101406, Exp of LogL: 0.000000, Normalized LogL: -0.827535, Exp of Normalized LogL: 0.437125, Best Rate: 0.3
Fault: [0,3,2,3,4,5], logL: -34.925306, Exp of LogL: 0.000000, Normalized LogL: -0.873133, Exp of Normalized LogL: 0.417641, Best Rate: 0.3
Fault: [0,2,2,3,4,5], logL: -35.095316, Exp of LogL: 0.000000, Normalized LogL: -0.877383, Exp of Normalized LogL: 0.415870, Best Rate: 0.3
Fault: [0,5,2,3,4,5], logL: -35.185830, Exp of LogL: 0.000000, Normalized LogL: -0.879646, Exp of Normalized LogL: 0.414930, Best Rate: 0.3
Fault: [0,4,2,3,4,5], logL: -35.185830, Exp of LogL: 0.000000, Normalized LogL: -0.879646, Exp of Normalized LogL: 0.414930, Best Rate: 0.3
Fault: [0,3,2,3,1,5], logL: -35.219677, Exp of LogL: 0.000000, Normalized LogL: -0.880492, Exp of Normalized LogL: 0.414579, Best Rate: 0.3
Fault: [0,3,2,3,3,5], logL: -35.219677, Exp of LogL: 0.000000, Normalized LogL: -0.880492, Exp of Normalized LogL: 0.414579, Best Rate: 0.3
Fault: [0,3,2,3,2,5], logL: -35.219677, Exp of LogL: 0.000000, Normalized LogL: -0.880492, Exp of Normalized LogL: 0.414579, Best Rate: 0.3
Fault: [0,3,2,3,0,5], logL: -35.219677, Exp of LogL: 0.000000, Normalized LogL: -0.880492, Exp of Normalized LogL: 0.414579, Best Rate: 0.3
Fault: [0,0,2,3,4,5], logL: -35.687523, Exp of LogL: 0.000000, Normalized LogL: -0.892188, Exp of Normalized LogL: 0.409758, Best Rate: 0.3

========= ADAPTIVE MC DEBUG =========
Total calls: 400
Avg tries: 184.25
Confidence stops: 400
Max stops: 0
Max stop rate: 0.000
Real Fault Rank 2
================= 22/08/2026 04:33:30: SEED 8 END =================
================= 22/08/2026 04:33:30: SEED 9 (9/100), a*=1 fault=[0,4,2,3,4,5] START =================
===== SEED 9 | FR=0.3 | VR=20 =====
executing with fault mode: [0,4,2,3,4,5]

executing with fault mode: [0,4,2,3,4,5]

Fault scores (higher is better):
Fault: [0,4,2,3,0,5], logL: -4.479936, Exp of LogL: 0.011334, Normalized LogL: -1.119984, Exp of Normalized LogL: 0.326285, Best Rate: 0.3
Fault: [0,4,2,3,2,5], logL: -4.479936, Exp of LogL: 0.011334, Normalized LogL: -1.119984, Exp of Normalized LogL: 0.326285, Best Rate: 0.3
Fault: [0,4,2,3,5,5], logL: -4.479936, Exp of LogL: 0.011334, Normalized LogL: -1.119984, Exp of Normalized LogL: 0.326285, Best Rate: 0.3
Fault: [0,4,2,3,1,5], logL: -4.920492, Exp of LogL: 0.007296, Normalized LogL: -1.230123, Exp of Normalized LogL: 0.292257, Best Rate: 0.3
Fault: [0,3,2,3,4,5], logL: -5.184077, Exp of LogL: 0.005605, Normalized LogL: -1.296019, Exp of Normalized LogL: 0.273619, Best Rate: 0.3
Fault: [0,5,2,3,4,5], logL: -5.232867, Exp of LogL: 0.005338, Normalized LogL: -1.308217, Exp of Normalized LogL: 0.270302, Best Rate: 0.3
Fault: [0,4,2,3,4,5], logL: -5.258185, Exp of LogL: 0.005205, Normalized LogL: -1.314546, Exp of Normalized LogL: 0.268596, Best Rate: 0.3
Fault: [0,2,2,3,4,5], logL: -6.830011, Exp of LogL: 0.001081, Normalized LogL: -1.707503, Exp of Normalized LogL: 0.181318, Best Rate: 0.3
Fault: [0,0,2,3,4,5], logL: -7.005302, Exp of LogL: 0.000907, Normalized LogL: -1.751325, Exp of Normalized LogL: 0.173544, Best Rate: 0.3
Fault: [0,1,2,3,4,5], logL: -8.884929, Exp of LogL: 0.000138, Normalized LogL: -2.221232, Exp of Normalized LogL: 0.108475, Best Rate: 0.3

========= ADAPTIVE MC DEBUG =========
Total calls: 40
Avg tries: 187.50
Confidence stops: 40
Max stops: 0
Max stop rate: 0.000
Real Fault Rank 7
===== SEED 9 | FR=0.3 | VR=40 =====
executing with fault mode: [0,4,2,3,4,5]

executing with fault mode: [0,4,2,3,4,5]

Fault scores (higher is better):
Fault: [0,4,2,3,0,5], logL: -5.938616, Exp of LogL: 0.002636, Normalized LogL: -0.848374, Exp of Normalized LogL: 0.428111, Best Rate: 0.3
Fault: [0,4,2,3,2,5], logL: -5.938616, Exp of LogL: 0.002636, Normalized LogL: -0.848374, Exp of Normalized LogL: 0.428111, Best Rate: 0.3
Fault: [0,4,2,3,5,5], logL: -5.938616, Exp of LogL: 0.002636, Normalized LogL: -0.848374, Exp of Normalized LogL: 0.428111, Best Rate: 0.3
Fault: [0,3,2,3,4,5], logL: -6.214582, Exp of LogL: 0.002000, Normalized LogL: -0.887797, Exp of Normalized LogL: 0.411561, Best Rate: 0.3
Fault: [0,4,2,3,4,5], logL: -6.254587, Exp of LogL: 0.001922, Normalized LogL: -0.893512, Exp of Normalized LogL: 0.409216, Best Rate: 0.3
Fault: [0,5,2,3,4,5], logL: -6.385208, Exp of LogL: 0.001686, Normalized LogL: -0.912173, Exp of Normalized LogL: 0.401651, Best Rate: 0.3
Fault: [0,4,2,3,1,5], logL: -6.410975, Exp of LogL: 0.001643, Normalized LogL: -0.915854, Exp of Normalized LogL: 0.400175, Best Rate: 0.3
Fault: [0,0,2,3,4,5], logL: -8.651601, Exp of LogL: 0.000175, Normalized LogL: -1.235943, Exp of Normalized LogL: 0.290561, Best Rate: 0.3
Fault: [0,2,2,3,4,5], logL: -9.087468, Exp of LogL: 0.000113, Normalized LogL: -1.298210, Exp of Normalized LogL: 0.273020, Best Rate: 0.3
Fault: [0,1,2,3,4,5], logL: -9.515289, Exp of LogL: 0.000074, Normalized LogL: -1.359327, Exp of Normalized LogL: 0.256834, Best Rate: 0.3

========= ADAPTIVE MC DEBUG =========
Total calls: 70
Avg tries: 187.14
Confidence stops: 70
Max stops: 0
Max stop rate: 0.000
Real Fault Rank 5
===== SEED 9 | FR=0.3 | VR=60 =====
executing with fault mode: [0,4,2,3,4,5]

executing with fault mode: [0,4,2,3,4,5]

Fault scores (higher is better):
Fault: [0,4,2,3,0,5], logL: -7.742479, Exp of LogL: 0.000434, Normalized LogL: -0.774248, Exp of Normalized LogL: 0.461050, Best Rate: 0.3
Fault: [0,4,2,3,2,5], logL: -7.742479, Exp of LogL: 0.000434, Normalized LogL: -0.774248, Exp of Normalized LogL: 0.461050, Best Rate: 0.3
Fault: [0,4,2,3,5,5], logL: -7.742479, Exp of LogL: 0.000434, Normalized LogL: -0.774248, Exp of Normalized LogL: 0.461050, Best Rate: 0.3
Fault: [0,3,2,3,4,5], logL: -8.041643, Exp of LogL: 0.000322, Normalized LogL: -0.804164, Exp of Normalized LogL: 0.447462, Best Rate: 0.3
Fault: [0,4,2,3,4,5], logL: -8.058450, Exp of LogL: 0.000316, Normalized LogL: -0.805845, Exp of Normalized LogL: 0.446710, Best Rate: 0.3
Fault: [0,5,2,3,4,5], logL: -8.141832, Exp of LogL: 0.000291, Normalized LogL: -0.814183, Exp of Normalized LogL: 0.443001, Best Rate: 0.3
Fault: [0,4,2,3,1,5], logL: -8.214838, Exp of LogL: 0.000271, Normalized LogL: -0.821484, Exp of Normalized LogL: 0.439779, Best Rate: 0.3
Fault: [0,0,2,3,4,5], logL: -10.763549, Exp of LogL: 0.000021, Normalized LogL: -1.076355, Exp of Normalized LogL: 0.340836, Best Rate: 0.3
Fault: [0,2,2,3,4,5], logL: -11.012471, Exp of LogL: 0.000016, Normalized LogL: -1.101247, Exp of Normalized LogL: 0.332456, Best Rate: 0.3
Fault: [0,1,2,3,4,5], logL: -11.411934, Exp of LogL: 0.000011, Normalized LogL: -1.141193, Exp of Normalized LogL: 0.319438, Best Rate: 0.3

========= ADAPTIVE MC DEBUG =========
Total calls: 100
Avg tries: 184.00
Confidence stops: 100
Max stops: 0
Max stop rate: 0.000
Real Fault Rank 5
===== SEED 9 | FR=0.3 | VR=80 =====
executing with fault mode: [0,4,2,3,4,5]

executing with fault mode: [0,4,2,3,4,5]

Fault scores (higher is better):
Fault: [0,3,2,3,4,5], logL: -9.590080, Exp of LogL: 0.000068, Normalized LogL: -0.737698, Exp of Normalized LogL: 0.478213, Best Rate: 0.3
Fault: [0,4,2,3,4,5], logL: -9.606887, Exp of LogL: 0.000067, Normalized LogL: -0.738991, Exp of Normalized LogL: 0.477595, Best Rate: 0.3
Fault: [0,5,2,3,4,5], logL: -9.606887, Exp of LogL: 0.000067, Normalized LogL: -0.738991, Exp of Normalized LogL: 0.477595, Best Rate: 0.3
Fault: [0,4,2,3,1,5], logL: -9.949377, Exp of LogL: 0.000048, Normalized LogL: -0.765337, Exp of Normalized LogL: 0.465177, Best Rate: 0.3
Fault: [0,4,2,3,0,5], logL: -9.949377, Exp of LogL: 0.000048, Normalized LogL: -0.765337, Exp of Normalized LogL: 0.465177, Best Rate: 0.3
Fault: [0,4,2,3,2,5], logL: -9.949377, Exp of LogL: 0.000048, Normalized LogL: -0.765337, Exp of Normalized LogL: 0.465177, Best Rate: 0.3
Fault: [0,4,2,3,5,5], logL: -9.949377, Exp of LogL: 0.000048, Normalized LogL: -0.765337, Exp of Normalized LogL: 0.465177, Best Rate: 0.3
Fault: [0,0,2,3,4,5], logL: -11.943528, Exp of LogL: 0.000007, Normalized LogL: -0.918733, Exp of Normalized LogL: 0.399024, Best Rate: 0.3
Fault: [0,2,2,3,4,5], logL: -12.429701, Exp of LogL: 0.000004, Normalized LogL: -0.956131, Exp of Normalized LogL: 0.384377, Best Rate: 0.3
Fault: [0,1,2,3,4,5], logL: -13.100974, Exp of LogL: 0.000002, Normalized LogL: -1.007767, Exp of Normalized LogL: 0.365033, Best Rate: 0.3

========= ADAPTIVE MC DEBUG =========
Total calls: 130
Avg tries: 187.31
Confidence stops: 130
Max stops: 0
Max stop rate: 0.000
Real Fault Rank 2
===== SEED 9 | FR=0.3 | VR=100 =====
executing with fault mode: [0,4,2,3,4,5]

executing with fault mode: [0,4,2,3,4,5]

Fault scores (higher is better):
Fault: [0,4,2,3,4,5], logL: -11.029612, Exp of LogL: 0.000016, Normalized LogL: -0.689351, Exp of Normalized LogL: 0.501902, Best Rate: 0.3
Fault: [0,5,2,3,4,5], logL: -11.029612, Exp of LogL: 0.000016, Normalized LogL: -0.689351, Exp of Normalized LogL: 0.501902, Best Rate: 0.3
Fault: [0,3,2,3,4,5], logL: -11.029612, Exp of LogL: 0.000016, Normalized LogL: -0.689351, Exp of Normalized LogL: 0.501902, Best Rate: 0.3
Fault: [0,4,2,3,1,5], logL: -11.372102, Exp of LogL: 0.000012, Normalized LogL: -0.710756, Exp of Normalized LogL: 0.491272, Best Rate: 0.3
Fault: [0,4,2,3,0,5], logL: -11.372102, Exp of LogL: 0.000012, Normalized LogL: -0.710756, Exp of Normalized LogL: 0.491272, Best Rate: 0.3
Fault: [0,4,2,3,2,5], logL: -11.372102, Exp of LogL: 0.000012, Normalized LogL: -0.710756, Exp of Normalized LogL: 0.491272, Best Rate: 0.3
Fault: [0,4,2,3,5,5], logL: -11.372102, Exp of LogL: 0.000012, Normalized LogL: -0.710756, Exp of Normalized LogL: 0.491272, Best Rate: 0.3
Fault: [0,1,2,3,4,5], logL: -14.999895, Exp of LogL: 0.000000, Normalized LogL: -0.937493, Exp of Normalized LogL: 0.391608, Best Rate: 0.3
Fault: [0,2,2,3,4,5], logL: -16.054563, Exp of LogL: 0.000000, Normalized LogL: -1.003410, Exp of Normalized LogL: 0.366627, Best Rate: 0.3
Fault: [0,0,2,3,4,5], logL: -16.164987, Exp of LogL: 0.000000, Normalized LogL: -1.010312, Exp of Normalized LogL: 0.364105, Best Rate: 0.3

========= ADAPTIVE MC DEBUG =========
Total calls: 160
Avg tries: 191.25
Confidence stops: 160
Max stops: 0
Max stop rate: 0.000
Real Fault Rank 1
================= 22/08/2026 04:33:46: SEED 9 END =================
================= 22/08/2026 04:33:46: SEED 10 (10/100), a*=1 fault=[0,5,2,3,4,5] START =================
===== SEED 10 | FR=0.3 | VR=20 =====
executing with fault mode: [0,5,2,3,4,5]

executing with fault mode: [0,5,2,3,4,5]

Fault scores (higher is better):
Fault: [0,1,2,3,4,5], logL: -7.568908, Exp of LogL: 0.000516, Normalized LogL: -1.513782, Exp of Normalized LogL: 0.220076, Best Rate: 0.3
Fault: [0,3,2,3,4,5], logL: -7.617110, Exp of LogL: 0.000492, Normalized LogL: -1.523422, Exp of Normalized LogL: 0.217965, Best Rate: 0.3
Fault: [0,5,2,3,4,5], logL: -7.734893, Exp of LogL: 0.000437, Normalized LogL: -1.546979, Exp of Normalized LogL: 0.212890, Best Rate: 0.3
Fault: [0,4,2,3,4,5], logL: -7.734893, Exp of LogL: 0.000437, Normalized LogL: -1.546979, Exp of Normalized LogL: 0.212890, Best Rate: 0.3
Fault: [0,5,2,3,1,5], logL: -7.852676, Exp of LogL: 0.000389, Normalized LogL: -1.570535, Exp of Normalized LogL: 0.207934, Best Rate: 0.3
Fault: [0,5,2,3,3,5], logL: -7.852676, Exp of LogL: 0.000389, Normalized LogL: -1.570535, Exp of Normalized LogL: 0.207934, Best Rate: 0.3
Fault: [0,5,2,3,0,5], logL: -7.873729, Exp of LogL: 0.000381, Normalized LogL: -1.574746, Exp of Normalized LogL: 0.207060, Best Rate: 0.3
Fault: [0,5,2,3,2,5], logL: -7.917214, Exp of LogL: 0.000364, Normalized LogL: -1.583443, Exp of Normalized LogL: 0.205267, Best Rate: 0.3
Fault: [0,2,2,3,4,5], logL: -7.962677, Exp of LogL: 0.000348, Normalized LogL: -1.592535, Exp of Normalized LogL: 0.203409, Best Rate: 0.3
Fault: [0,0,2,3,4,5], logL: -8.140358, Exp of LogL: 0.000292, Normalized LogL: -1.628072, Exp of Normalized LogL: 0.196308, Best Rate: 0.3

========= ADAPTIVE MC DEBUG =========
Total calls: 50
Avg tries: 190.00
Confidence stops: 50
Max stops: 0
Max stop rate: 0.000
Real Fault Rank 3
===== SEED 10 | FR=0.3 | VR=40 =====
executing with fault mode: [0,5,2,3,4,5]

executing with fault mode: [0,5,2,3,4,5]

Fault scores (higher is better):
Fault: [0,1,2,3,4,5], logL: -12.065577, Exp of LogL: 0.000006, Normalized LogL: -1.206558, Exp of Normalized LogL: 0.299226, Best Rate: 0.3
Fault: [0,3,2,3,4,5], logL: -12.097607, Exp of LogL: 0.000006, Normalized LogL: -1.209761, Exp of Normalized LogL: 0.298269, Best Rate: 0.3
Fault: [0,2,2,3,4,5], logL: -12.104121, Exp of LogL: 0.000006, Normalized LogL: -1.210412, Exp of Normalized LogL: 0.298074, Best Rate: 0.3
Fault: [0,0,2,3,4,5], logL: -12.268094, Exp of LogL: 0.000005, Normalized LogL: -1.226809, Exp of Normalized LogL: 0.293227, Best Rate: 0.3
Fault: [0,5,2,3,2,5], logL: -12.320344, Exp of LogL: 0.000004, Normalized LogL: -1.232034, Exp of Normalized LogL: 0.291699, Best Rate: 0.3
Fault: [0,5,2,3,0,5], logL: -12.355436, Exp of LogL: 0.000004, Normalized LogL: -1.235544, Exp of Normalized LogL: 0.290677, Best Rate: 0.3
Fault: [0,5,2,3,4,5], logL: -12.355436, Exp of LogL: 0.000004, Normalized LogL: -1.235544, Exp of Normalized LogL: 0.290677, Best Rate: 0.3
Fault: [0,4,2,3,4,5], logL: -12.355436, Exp of LogL: 0.000004, Normalized LogL: -1.235544, Exp of Normalized LogL: 0.290677, Best Rate: 0.3
Fault: [0,5,2,3,1,5], logL: -12.355436, Exp of LogL: 0.000004, Normalized LogL: -1.235544, Exp of Normalized LogL: 0.290677, Best Rate: 0.3
Fault: [0,5,2,3,3,5], logL: -12.355436, Exp of LogL: 0.000004, Normalized LogL: -1.235544, Exp of Normalized LogL: 0.290677, Best Rate: 0.3

========= ADAPTIVE MC DEBUG =========
Total calls: 100
Avg tries: 184.50
Confidence stops: 100
Max stops: 0
Max stop rate: 0.000
Real Fault Rank 7
===== SEED 10 | FR=0.3 | VR=60 =====
executing with fault mode: [0,5,2,3,4,5]

executing with fault mode: [0,5,2,3,4,5]

Fault scores (higher is better):
Fault: [0,3,2,3,4,5], logL: -15.687587, Exp of LogL: 0.000000, Normalized LogL: -1.045839, Exp of Normalized LogL: 0.351397, Best Rate: 0.3
Fault: [0,1,2,3,4,5], logL: -15.794103, Exp of LogL: 0.000000, Normalized LogL: -1.052940, Exp of Normalized LogL: 0.348910, Best Rate: 0.3
Fault: [0,5,2,3,4,5], logL: -15.974762, Exp of LogL: 0.000000, Normalized LogL: -1.064984, Exp of Normalized LogL: 0.344733, Best Rate: 0.3
Fault: [0,4,2,3,4,5], logL: -15.974762, Exp of LogL: 0.000000, Normalized LogL: -1.064984, Exp of Normalized LogL: 0.344733, Best Rate: 0.3
Fault: [0,5,2,3,1,5], logL: -15.974762, Exp of LogL: 0.000000, Normalized LogL: -1.064984, Exp of Normalized LogL: 0.344733, Best Rate: 0.3
Fault: [0,5,2,3,3,5], logL: -15.974762, Exp of LogL: 0.000000, Normalized LogL: -1.064984, Exp of Normalized LogL: 0.344733, Best Rate: 0.3
Fault: [0,5,2,3,2,5], logL: -16.380227, Exp of LogL: 0.000000, Normalized LogL: -1.092015, Exp of Normalized LogL: 0.335540, Best Rate: 0.3
Fault: [0,5,2,3,0,5], logL: -16.437386, Exp of LogL: 0.000000, Normalized LogL: -1.095826, Exp of Normalized LogL: 0.334263, Best Rate: 0.3
Fault: [0,0,2,3,4,5], logL: -16.533102, Exp of LogL: 0.000000, Normalized LogL: -1.102207, Exp of Normalized LogL: 0.332137, Best Rate: 0.3
Fault: [0,2,2,3,4,5], logL: -16.631542, Exp of LogL: 0.000000, Normalized LogL: -1.108769, Exp of Normalized LogL: 0.329965, Best Rate: 0.3

========= ADAPTIVE MC DEBUG =========
Total calls: 150
Avg tries: 179.67
Confidence stops: 150
Max stops: 0
Max stop rate: 0.000
Real Fault Rank 3
===== SEED 10 | FR=0.3 | VR=80 =====
executing with fault mode: [0,5,2,3,4,5]

executing with fault mode: [0,5,2,3,4,5]

Fault scores (higher is better):
Fault: [0,1,2,3,4,5], logL: -18.363235, Exp of LogL: 0.000000, Normalized LogL: -0.918162, Exp of Normalized LogL: 0.399252, Best Rate: 0.3
Fault: [0,3,2,3,4,5], logL: -18.652134, Exp of LogL: 0.000000, Normalized LogL: -0.932607, Exp of Normalized LogL: 0.393527, Best Rate: 0.3
Fault: [0,5,2,3,4,5], logL: -18.939309, Exp of LogL: 0.000000, Normalized LogL: -0.946965, Exp of Normalized LogL: 0.387916, Best Rate: 0.3
Fault: [0,4,2,3,4,5], logL: -18.939309, Exp of LogL: 0.000000, Normalized LogL: -0.946965, Exp of Normalized LogL: 0.387916, Best Rate: 0.3
Fault: [0,5,2,3,0,5], logL: -19.172923, Exp of LogL: 0.000000, Normalized LogL: -0.958646, Exp of Normalized LogL: 0.383412, Best Rate: 0.3
Fault: [0,5,2,3,1,5], logL: -19.172923, Exp of LogL: 0.000000, Normalized LogL: -0.958646, Exp of Normalized LogL: 0.383412, Best Rate: 0.3
Fault: [0,5,2,3,3,5], logL: -19.172923, Exp of LogL: 0.000000, Normalized LogL: -0.958646, Exp of Normalized LogL: 0.383412, Best Rate: 0.3
Fault: [0,5,2,3,2,5], logL: -19.172923, Exp of LogL: 0.000000, Normalized LogL: -0.958646, Exp of Normalized LogL: 0.383412, Best Rate: 0.3
Fault: [0,2,2,3,4,5], logL: -19.768742, Exp of LogL: 0.000000, Normalized LogL: -0.988437, Exp of Normalized LogL: 0.372158, Best Rate: 0.3
Fault: [0,0,2,3,4,5], logL: -19.826152, Exp of LogL: 0.000000, Normalized LogL: -0.991308, Exp of Normalized LogL: 0.371091, Best Rate: 0.3

========= ADAPTIVE MC DEBUG =========
Total calls: 200
Avg tries: 179.25
Confidence stops: 200
Max stops: 0
Max stop rate: 0.000
Real Fault Rank 3
===== SEED 10 | FR=0.3 | VR=100 =====
executing with fault mode: [0,5,2,3,4,5]

executing with fault mode: [0,5,2,3,4,5]

Fault scores (higher is better):
Fault: [0,5,2,3,4,5], logL: -20.159546, Exp of LogL: 0.000000, Normalized LogL: -0.806382, Exp of Normalized LogL: 0.446471, Best Rate: 0.3
Fault: [0,4,2,3,4,5], logL: -20.159546, Exp of LogL: 0.000000, Normalized LogL: -0.806382, Exp of Normalized LogL: 0.446471, Best Rate: 0.3
Fault: [0,5,2,3,0,5], logL: -20.391057, Exp of LogL: 0.000000, Normalized LogL: -0.815642, Exp of Normalized LogL: 0.442355, Best Rate: 0.3
Fault: [0,5,2,3,1,5], logL: -20.391057, Exp of LogL: 0.000000, Normalized LogL: -0.815642, Exp of Normalized LogL: 0.442355, Best Rate: 0.3
Fault: [0,5,2,3,3,5], logL: -20.391057, Exp of LogL: 0.000000, Normalized LogL: -0.815642, Exp of Normalized LogL: 0.442355, Best Rate: 0.3
Fault: [0,5,2,3,2,5], logL: -20.391057, Exp of LogL: 0.000000, Normalized LogL: -0.815642, Exp of Normalized LogL: 0.442355, Best Rate: 0.3
Fault: [0,2,2,3,4,5], logL: -21.080823, Exp of LogL: 0.000000, Normalized LogL: -0.843233, Exp of Normalized LogL: 0.430317, Best Rate: 0.3
Fault: [0,1,2,3,4,5], logL: -21.710818, Exp of LogL: 0.000000, Normalized LogL: -0.868433, Exp of Normalized LogL: 0.419609, Best Rate: 0.3
Fault: [0,3,2,3,4,5], logL: -22.702096, Exp of LogL: 0.000000, Normalized LogL: -0.908084, Exp of Normalized LogL: 0.403296, Best Rate: 0.3
Fault: [0,0,2,3,4,5], logL: -23.248101, Exp of LogL: 0.000000, Normalized LogL: -0.929924, Exp of Normalized LogL: 0.394584, Best Rate: 0.3

========= ADAPTIVE MC DEBUG =========
Total calls: 250
Avg tries: 182.00
Confidence stops: 250
Max stops: 0
Max stop rate: 0.000
Real Fault Rank 1
================= 22/08/2026 04:34:10: SEED 10 END =================
================= 22/08/2026 04:34:10: SEED 11 (11/100), a*=2 fault=[0,1,1,3,4,5] START =================
===== SEED 11 | FR=0.3 | VR=20 =====
executing with fault mode: [0,1,1,3,4,5]

executing with fault mode: [0,1,1,3,4,5]

Fault scores (higher is better):
Fault: [0,1,2,3,4,5], logL: -10.717771, Exp of LogL: 0.000022, Normalized LogL: -1.786295, Exp of Normalized LogL: 0.167580, Best Rate: 0.3
Fault: [0,1,4,3,4,5], logL: -10.846982, Exp of LogL: 0.000019, Normalized LogL: -1.807830, Exp of Normalized LogL: 0.164010, Best Rate: 0.3
Fault: [0,1,5,3,4,5], logL: -10.846982, Exp of LogL: 0.000019, Normalized LogL: -1.807830, Exp of Normalized LogL: 0.164010, Best Rate: 0.3
Fault: [0,1,0,3,4,5], logL: -11.323906, Exp of LogL: 0.000012, Normalized LogL: -1.887318, Exp of Normalized LogL: 0.151478, Best Rate: 0.3
Fault: [0,1,3,3,4,5], logL: -11.441689, Exp of LogL: 0.000011, Normalized LogL: -1.906948, Exp of Normalized LogL: 0.148533, Best Rate: 0.3
Fault: [0,1,1,3,5,5], logL: -11.506228, Exp of LogL: 0.000010, Normalized LogL: -1.917705, Exp of Normalized LogL: 0.146944, Best Rate: 0.3
Fault: [0,1,1,3,1,5], logL: -11.506228, Exp of LogL: 0.000010, Normalized LogL: -1.917705, Exp of Normalized LogL: 0.146944, Best Rate: 0.3
Fault: [0,1,1,3,3,5], logL: -11.506228, Exp of LogL: 0.000010, Normalized LogL: -1.917705, Exp of Normalized LogL: 0.146944, Best Rate: 0.3
Fault: [0,1,1,3,4,5], logL: -11.575221, Exp of LogL: 0.000009, Normalized LogL: -1.929203, Exp of Normalized LogL: 0.145264, Best Rate: 0.3
Fault: [0,1,1,3,2,5], logL: -11.816383, Exp of LogL: 0.000007, Normalized LogL: -1.969397, Exp of Normalized LogL: 0.139541, Best Rate: 0.3

========= ADAPTIVE MC DEBUG =========
Total calls: 60
Avg tries: 191.67
Confidence stops: 60
Max stops: 0
Max stop rate: 0.000
Real Fault Rank 9
===== SEED 11 | FR=0.3 | VR=40 =====
executing with fault mode: [0,1,1,3,4,5]

executing with fault mode: [0,1,1,3,4,5]

Fault scores (higher is better):
Fault: [0,1,1,3,5,5], logL: -16.470899, Exp of LogL: 0.000000, Normalized LogL: -1.372575, Exp of Normalized LogL: 0.253453, Best Rate: 0.3
Fault: [0,1,1,3,1,5], logL: -16.470899, Exp of LogL: 0.000000, Normalized LogL: -1.372575, Exp of Normalized LogL: 0.253453, Best Rate: 0.3
Fault: [0,1,1,3,3,5], logL: -16.470899, Exp of LogL: 0.000000, Normalized LogL: -1.372575, Exp of Normalized LogL: 0.253453, Best Rate: 0.3
Fault: [0,1,1,3,4,5], logL: -16.876364, Exp of LogL: 0.000000, Normalized LogL: -1.406364, Exp of Normalized LogL: 0.245033, Best Rate: 0.3
Fault: [0,1,2,3,4,5], logL: -17.225537, Exp of LogL: 0.000000, Normalized LogL: -1.435461, Exp of Normalized LogL: 0.238006, Best Rate: 0.3
Fault: [0,1,1,3,2,5], logL: -17.233039, Exp of LogL: 0.000000, Normalized LogL: -1.436087, Exp of Normalized LogL: 0.237857, Best Rate: 0.3
Fault: [0,1,3,3,4,5], logL: -18.098356, Exp of LogL: 0.000000, Normalized LogL: -1.508196, Exp of Normalized LogL: 0.221309, Best Rate: 0.3
Fault: [0,1,0,3,4,5], logL: -18.323359, Exp of LogL: 0.000000, Normalized LogL: -1.526947, Exp of Normalized LogL: 0.217198, Best Rate: 0.3
Fault: [0,1,4,3,4,5], logL: -18.830724, Exp of LogL: 0.000000, Normalized LogL: -1.569227, Exp of Normalized LogL: 0.208206, Best Rate: 0.3
Fault: [0,1,5,3,4,5], logL: -18.830724, Exp of LogL: 0.000000, Normalized LogL: -1.569227, Exp of Normalized LogL: 0.208206, Best Rate: 0.3

========= ADAPTIVE MC DEBUG =========
Total calls: 120
Avg tries: 167.08
Confidence stops: 120
Max stops: 0
Max stop rate: 0.000
Real Fault Rank 4
===== SEED 11 | FR=0.3 | VR=60 =====
executing with fault mode: [0,1,1,3,4,5]

executing with fault mode: [0,1,1,3,4,5]

Fault scores (higher is better):
Fault: [0,1,1,3,4,5], logL: -17.859353, Exp of LogL: 0.000000, Normalized LogL: -0.992186, Exp of Normalized LogL: 0.370765, Best Rate: 0.3
Fault: [0,1,2,3,4,5], logL: -18.103204, Exp of LogL: 0.000000, Normalized LogL: -1.005734, Exp of Normalized LogL: 0.365776, Best Rate: 0.3
Fault: [0,1,1,3,5,5], logL: -18.282473, Exp of LogL: 0.000000, Normalized LogL: -1.015693, Exp of Normalized LogL: 0.362151, Best Rate: 0.3
Fault: [0,1,1,3,1,5], logL: -18.282473, Exp of LogL: 0.000000, Normalized LogL: -1.015693, Exp of Normalized LogL: 0.362151, Best Rate: 0.3
Fault: [0,1,1,3,3,5], logL: -18.282473, Exp of LogL: 0.000000, Normalized LogL: -1.015693, Exp of Normalized LogL: 0.362151, Best Rate: 0.3
Fault: [0,1,1,3,2,5], logL: -18.282473, Exp of LogL: 0.000000, Normalized LogL: -1.015693, Exp of Normalized LogL: 0.362151, Best Rate: 0.3
Fault: [0,1,3,3,4,5], logL: -18.948606, Exp of LogL: 0.000000, Normalized LogL: -1.052700, Exp of Normalized LogL: 0.348994, Best Rate: 0.3
Fault: [0,1,0,3,4,5], logL: -19.136448, Exp of LogL: 0.000000, Normalized LogL: -1.063136, Exp of Normalized LogL: 0.345371, Best Rate: 0.3
Fault: [0,1,4,3,4,5], logL: -19.641753, Exp of LogL: 0.000000, Normalized LogL: -1.091209, Exp of Normalized LogL: 0.335810, Best Rate: 0.3
Fault: [0,1,5,3,4,5], logL: -19.641753, Exp of LogL: 0.000000, Normalized LogL: -1.091209, Exp of Normalized LogL: 0.335810, Best Rate: 0.3

========= ADAPTIVE MC DEBUG =========
Total calls: 180
Avg tries: 173.61
Confidence stops: 180
Max stops: 0
Max stop rate: 0.000
Real Fault Rank 1
===== SEED 11 | FR=0.3 | VR=80 =====
executing with fault mode: [0,1,1,3,4,5]

executing with fault mode: [0,1,1,3,4,5]

Fault scores (higher is better):
Fault: [0,1,1,3,4,5], logL: -22.042264, Exp of LogL: 0.000000, Normalized LogL: -0.918428, Exp of Normalized LogL: 0.399146, Best Rate: 0.3
Fault: [0,1,1,3,5,5], logL: -22.465384, Exp of LogL: 0.000000, Normalized LogL: -0.936058, Exp of Normalized LogL: 0.392171, Best Rate: 0.3
Fault: [0,1,1,3,1,5], logL: -22.465384, Exp of LogL: 0.000000, Normalized LogL: -0.936058, Exp of Normalized LogL: 0.392171, Best Rate: 0.3
Fault: [0,1,1,3,3,5], logL: -22.465384, Exp of LogL: 0.000000, Normalized LogL: -0.936058, Exp of Normalized LogL: 0.392171, Best Rate: 0.3
Fault: [0,1,1,3,2,5], logL: -22.465384, Exp of LogL: 0.000000, Normalized LogL: -0.936058, Exp of Normalized LogL: 0.392171, Best Rate: 0.3
Fault: [0,1,2,3,4,5], logL: -22.825019, Exp of LogL: 0.000000, Normalized LogL: -0.951042, Exp of Normalized LogL: 0.386338, Best Rate: 0.3
Fault: [0,1,3,3,4,5], logL: -23.689065, Exp of LogL: 0.000000, Normalized LogL: -0.987044, Exp of Normalized LogL: 0.372677, Best Rate: 0.3
Fault: [0,1,0,3,4,5], logL: -24.131874, Exp of LogL: 0.000000, Normalized LogL: -1.005495, Exp of Normalized LogL: 0.365864, Best Rate: 0.3
Fault: [0,1,4,3,4,5], logL: -24.394046, Exp of LogL: 0.000000, Normalized LogL: -1.016419, Exp of Normalized LogL: 0.361889, Best Rate: 0.3
Fault: [0,1,5,3,4,5], logL: -24.394046, Exp of LogL: 0.000000, Normalized LogL: -1.016419, Exp of Normalized LogL: 0.361889, Best Rate: 0.3

========= ADAPTIVE MC DEBUG =========
Total calls: 240
Avg tries: 177.92
Confidence stops: 240
Max stops: 0
Max stop rate: 0.000
Real Fault Rank 1
===== SEED 11 | FR=0.3 | VR=100 =====
executing with fault mode: [0,1,1,3,4,5]

executing with fault mode: [0,1,1,3,4,5]

Fault scores (higher is better):
Fault: [0,1,1,3,4,5], logL: -27.201539, Exp of LogL: 0.000000, Normalized LogL: -0.906718, Exp of Normalized LogL: 0.403847, Best Rate: 0.3
Fault: [0,1,1,3,5,5], logL: -27.624659, Exp of LogL: 0.000000, Normalized LogL: -0.920822, Exp of Normalized LogL: 0.398192, Best Rate: 0.3
Fault: [0,1,1,3,1,5], logL: -27.624659, Exp of LogL: 0.000000, Normalized LogL: -0.920822, Exp of Normalized LogL: 0.398192, Best Rate: 0.3
Fault: [0,1,1,3,3,5], logL: -27.624659, Exp of LogL: 0.000000, Normalized LogL: -0.920822, Exp of Normalized LogL: 0.398192, Best Rate: 0.3
Fault: [0,1,1,3,2,5], logL: -27.624659, Exp of LogL: 0.000000, Normalized LogL: -0.920822, Exp of Normalized LogL: 0.398192, Best Rate: 0.3
Fault: [0,1,2,3,4,5], logL: -28.209165, Exp of LogL: 0.000000, Normalized LogL: -0.940305, Exp of Normalized LogL: 0.390509, Best Rate: 0.3
Fault: [0,1,3,3,4,5], logL: -29.137148, Exp of LogL: 0.000000, Normalized LogL: -0.971238, Exp of Normalized LogL: 0.378614, Best Rate: 0.3
Fault: [0,1,0,3,4,5], logL: -29.563887, Exp of LogL: 0.000000, Normalized LogL: -0.985463, Exp of Normalized LogL: 0.373266, Best Rate: 0.3
Fault: [0,1,4,3,4,5], logL: -29.842130, Exp of LogL: 0.000000, Normalized LogL: -0.994738, Exp of Normalized LogL: 0.369820, Best Rate: 0.3
Fault: [0,1,5,3,4,5], logL: -29.842130, Exp of LogL: 0.000000, Normalized LogL: -0.994738, Exp of Normalized LogL: 0.369820, Best Rate: 0.3

========= ADAPTIVE MC DEBUG =========
Total calls: 300
Avg tries: 179.00
Confidence stops: 300
Max stops: 0
Max stop rate: 0.000
Real Fault Rank 1
================= 22/08/2026 04:34:38: SEED 11 END =================
================= 22/08/2026 04:34:38: SEED 12 (12/100), a*=3 fault=[0,1,2,5,4,5] START =================
===== SEED 12 | FR=0.3 | VR=20 =====
executing with fault mode: [0,1,2,5,4,5]

executing with fault mode: [0,1,2,5,4,5]

executing with fault mode: [0,1,2,5,4,5]

executing with fault mode: [0,1,2,5,4,5]

Fault scores (higher is better):
Fault: [0,1,2,4,4,5], logL: -4.706280, Exp of LogL: 0.009038, Normalized LogL: -1.176570, Exp of Normalized LogL: 0.308334, Best Rate: 0.3
Fault: [0,1,2,5,4,5], logL: -4.706280, Exp of LogL: 0.009038, Normalized LogL: -1.176570, Exp of Normalized LogL: 0.308334, Best Rate: 0.3
Fault: [0,1,2,5,3,5], logL: -4.741372, Exp of LogL: 0.008727, Normalized LogL: -1.185343, Exp of Normalized LogL: 0.305641, Best Rate: 0.3
Fault: [0,1,2,5,5,5], logL: -4.741372, Exp of LogL: 0.008727, Normalized LogL: -1.185343, Exp of Normalized LogL: 0.305641, Best Rate: 0.3
Fault: [0,1,2,5,2,5], logL: -4.741372, Exp of LogL: 0.008727, Normalized LogL: -1.185343, Exp of Normalized LogL: 0.305641, Best Rate: 0.3
Fault: [0,1,2,5,1,5], logL: -4.777739, Exp of LogL: 0.008415, Normalized LogL: -1.194435, Exp of Normalized LogL: 0.302875, Best Rate: 0.3
Fault: [0,1,2,0,4,5], logL: -30.724734, Exp of LogL: 0.000000, Normalized LogL: -7.681183, Exp of Normalized LogL: 0.000461, Best Rate: 0.3
Fault: [0,1,2,1,4,5], logL: -30.858265, Exp of LogL: 0.000000, Normalized LogL: -7.714566, Exp of Normalized LogL: 0.000446, Best Rate: 0.3
Fault: [0,1,2,3,4,5], logL: -30.894633, Exp of LogL: 0.000000, Normalized LogL: -7.723658, Exp of Normalized LogL: 0.000442, Best Rate: 0.3
Fault: [0,1,2,2,4,5], logL: -31.012416, Exp of LogL: 0.000000, Normalized LogL: -7.753104, Exp of Normalized LogL: 0.000429, Best Rate: 0.3

========= ADAPTIVE MC DEBUG =========
Total calls: 40
Avg tries: 212.50
Confidence stops: 40
Max stops: 0
Max stop rate: 0.000
Real Fault Rank 2
===== SEED 12 | FR=0.3 | VR=40 =====
executing with fault mode: [0,1,2,5,4,5]

executing with fault mode: [0,1,2,5,4,5]

executing with fault mode: [0,1,2,5,4,5]

executing with fault mode: [0,1,2,5,4,5]

Fault scores (higher is better):
Fault: [0,1,2,4,4,5], logL: -12.061013, Exp of LogL: 0.000006, Normalized LogL: -1.507627, Exp of Normalized LogL: 0.221435, Best Rate: 0.3
Fault: [0,1,2,5,4,5], logL: -12.061013, Exp of LogL: 0.000006, Normalized LogL: -1.507627, Exp of Normalized LogL: 0.221435, Best Rate: 0.3
Fault: [0,1,2,5,1,5], logL: -12.600009, Exp of LogL: 0.000003, Normalized LogL: -1.575001, Exp of Normalized LogL: 0.207007, Best Rate: 0.3
Fault: [0,1,2,5,3,5], logL: -12.600009, Exp of LogL: 0.000003, Normalized LogL: -1.575001, Exp of Normalized LogL: 0.207007, Best Rate: 0.3
Fault: [0,1,2,5,5,5], logL: -12.600009, Exp of LogL: 0.000003, Normalized LogL: -1.575001, Exp of Normalized LogL: 0.207007, Best Rate: 0.3
Fault: [0,1,2,5,2,5], logL: -12.600009, Exp of LogL: 0.000003, Normalized LogL: -1.575001, Exp of Normalized LogL: 0.207007, Best Rate: 0.3
Fault: [0,1,2,3,4,5], logL: -37.874720, Exp of LogL: 0.000000, Normalized LogL: -4.734340, Exp of Normalized LogL: 0.008788, Best Rate: 0.3
Fault: [0,1,2,1,4,5], logL: -38.060123, Exp of LogL: 0.000000, Normalized LogL: -4.757515, Exp of Normalized LogL: 0.008587, Best Rate: 0.3
Fault: [0,1,2,0,4,5], logL: -38.117282, Exp of LogL: 0.000000, Normalized LogL: -4.764660, Exp of Normalized LogL: 0.008526, Best Rate: 0.3
Fault: [0,1,2,2,4,5], logL: -38.177906, Exp of LogL: 0.000000, Normalized LogL: -4.772238, Exp of Normalized LogL: 0.008461, Best Rate: 0.3

========= ADAPTIVE MC DEBUG =========
Total calls: 80
Avg tries: 164.38
Confidence stops: 80
Max stops: 0
Max stop rate: 0.000
Real Fault Rank 2
===== SEED 12 | FR=0.3 | VR=60 =====
executing with fault mode: [0,1,2,5,4,5]

executing with fault mode: [0,1,2,5,4,5]

executing with fault mode: [0,1,2,5,4,5]

executing with fault mode: [0,1,2,5,4,5]

Fault scores (higher is better):
Fault: [0,1,2,4,4,5], logL: -12.654638, Exp of LogL: 0.000003, Normalized LogL: -1.054553, Exp of Normalized LogL: 0.348348, Best Rate: 0.3
Fault: [0,1,2,5,4,5], logL: -12.654638, Exp of LogL: 0.000003, Normalized LogL: -1.054553, Exp of Normalized LogL: 0.348348, Best Rate: 0.3
Fault: [0,1,2,5,1,5], logL: -13.193634, Exp of LogL: 0.000002, Normalized LogL: -1.099470, Exp of Normalized LogL: 0.333048, Best Rate: 0.3
Fault: [0,1,2,5,3,5], logL: -13.193634, Exp of LogL: 0.000002, Normalized LogL: -1.099470, Exp of Normalized LogL: 0.333048, Best Rate: 0.3
Fault: [0,1,2,5,5,5], logL: -13.193634, Exp of LogL: 0.000002, Normalized LogL: -1.099470, Exp of Normalized LogL: 0.333048, Best Rate: 0.3
Fault: [0,1,2,5,2,5], logL: -13.193634, Exp of LogL: 0.000002, Normalized LogL: -1.099470, Exp of Normalized LogL: 0.333048, Best Rate: 0.3
Fault: [0,1,2,3,4,5], logL: -38.674870, Exp of LogL: 0.000000, Normalized LogL: -3.222906, Exp of Normalized LogL: 0.039839, Best Rate: 0.3
Fault: [0,1,2,1,4,5], logL: -39.076248, Exp of LogL: 0.000000, Normalized LogL: -3.256354, Exp of Normalized LogL: 0.038529, Best Rate: 0.3
Fault: [0,1,2,0,4,5], logL: -39.133407, Exp of LogL: 0.000000, Normalized LogL: -3.261117, Exp of Normalized LogL: 0.038346, Best Rate: 0.3
Fault: [0,1,2,2,4,5], logL: -39.277801, Exp of LogL: 0.000000, Normalized LogL: -3.273150, Exp of Normalized LogL: 0.037887, Best Rate: 0.3

========= ADAPTIVE MC DEBUG =========
Total calls: 120
Avg tries: 178.75
Confidence stops: 120
Max stops: 0
Max stop rate: 0.000
Real Fault Rank 2
===== SEED 12 | FR=0.3 | VR=80 =====
executing with fault mode: [0,1,2,5,4,5]

executing with fault mode: [0,1,2,5,4,5]

executing with fault mode: [0,1,2,5,4,5]

executing with fault mode: [0,1,2,5,4,5]

Fault scores (higher is better):
Fault: [0,1,2,4,4,5], logL: -15.311670, Exp of LogL: 0.000000, Normalized LogL: -0.956979, Exp of Normalized LogL: 0.384051, Best Rate: 0.3
Fault: [0,1,2,5,4,5], logL: -15.311670, Exp of LogL: 0.000000, Normalized LogL: -0.956979, Exp of Normalized LogL: 0.384051, Best Rate: 0.3
Fault: [0,1,2,5,1,5], logL: -15.647143, Exp of LogL: 0.000000, Normalized LogL: -0.977946, Exp of Normalized LogL: 0.376083, Best Rate: 0.3
Fault: [0,1,2,5,3,5], logL: -15.647143, Exp of LogL: 0.000000, Normalized LogL: -0.977946, Exp of Normalized LogL: 0.376083, Best Rate: 0.3
Fault: [0,1,2,5,5,5], logL: -15.647143, Exp of LogL: 0.000000, Normalized LogL: -0.977946, Exp of Normalized LogL: 0.376083, Best Rate: 0.3
Fault: [0,1,2,5,2,5], logL: -15.647143, Exp of LogL: 0.000000, Normalized LogL: -0.977946, Exp of Normalized LogL: 0.376083, Best Rate: 0.3
Fault: [0,1,2,3,4,5], logL: -41.331902, Exp of LogL: 0.000000, Normalized LogL: -2.583244, Exp of Normalized LogL: 0.075529, Best Rate: 0.3
Fault: [0,1,2,1,4,5], logL: -41.733281, Exp of LogL: 0.000000, Normalized LogL: -2.608330, Exp of Normalized LogL: 0.073657, Best Rate: 0.3
Fault: [0,1,2,0,4,5], logL: -41.790439, Exp of LogL: 0.000000, Normalized LogL: -2.611902, Exp of Normalized LogL: 0.073395, Best Rate: 0.3
Fault: [0,1,2,2,4,5], logL: -41.934833, Exp of LogL: 0.000000, Normalized LogL: -2.620927, Exp of Normalized LogL: 0.072735, Best Rate: 0.3

========= ADAPTIVE MC DEBUG =========
Total calls: 160
Avg tries: 182.19
Confidence stops: 160
Max stops: 0
Max stop rate: 0.000
Real Fault Rank 2
===== SEED 12 | FR=0.3 | VR=100 =====
executing with fault mode: [0,1,2,5,4,5]

executing with fault mode: [0,1,2,5,4,5]

executing with fault mode: [0,1,2,5,4,5]

executing with fault mode: [0,1,2,5,4,5]

Fault scores (higher is better):
Fault: [0,1,2,4,4,5], logL: -15.068216, Exp of LogL: 0.000000, Normalized LogL: -0.753411, Exp of Normalized LogL: 0.470758, Best Rate: 0.3
Fault: [0,1,2,5,4,5], logL: -15.068216, Exp of LogL: 0.000000, Normalized LogL: -0.753411, Exp of Normalized LogL: 0.470758, Best Rate: 0.3
Fault: [0,1,2,5,1,5], logL: -15.403689, Exp of LogL: 0.000000, Normalized LogL: -0.770184, Exp of Normalized LogL: 0.462928, Best Rate: 0.3
Fault: [0,1,2,5,3,5], logL: -15.403689, Exp of LogL: 0.000000, Normalized LogL: -0.770184, Exp of Normalized LogL: 0.462928, Best Rate: 0.3
Fault: [0,1,2,5,5,5], logL: -15.403689, Exp of LogL: 0.000000, Normalized LogL: -0.770184, Exp of Normalized LogL: 0.462928, Best Rate: 0.3
Fault: [0,1,2,5,2,5], logL: -15.403689, Exp of LogL: 0.000000, Normalized LogL: -0.770184, Exp of Normalized LogL: 0.462928, Best Rate: 0.3
Fault: [0,1,2,3,4,5], logL: -41.048893, Exp of LogL: 0.000000, Normalized LogL: -2.052445, Exp of Normalized LogL: 0.128421, Best Rate: 0.3
Fault: [0,1,2,1,4,5], logL: -41.508875, Exp of LogL: 0.000000, Normalized LogL: -2.075444, Exp of Normalized LogL: 0.125501, Best Rate: 0.3
Fault: [0,1,2,0,4,5], logL: -41.552550, Exp of LogL: 0.000000, Normalized LogL: -2.077627, Exp of Normalized LogL: 0.125227, Best Rate: 0.3
Fault: [0,1,2,2,4,5], logL: -41.691379, Exp of LogL: 0.000000, Normalized LogL: -2.084569, Exp of Normalized LogL: 0.124361, Best Rate: 0.3

========= ADAPTIVE MC DEBUG =========
Total calls: 200
Avg tries: 187.25
Confidence stops: 200
Max stops: 0
Max stop rate: 0.000
Real Fault Rank 2
================= 22/08/2026 04:34:58: SEED 12 END =================
================= 22/08/2026 04:34:58: SEED 13 (13/100), a*=1 fault=[0,5,2,3,4,5] START =================
===== SEED 13 | FR=0.3 | VR=20 =====
executing with fault mode: [0,5,2,3,4,5]

Fault scores (higher is better):
Fault: [0,5,2,3,4,5], logL: -7.406213, Exp of LogL: 0.000607, Normalized LogL: -1.851553, Exp of Normalized LogL: 0.156993, Best Rate: 0.3
Fault: [3,5,2,3,4,5], logL: -8.099360, Exp of LogL: 0.000304, Normalized LogL: -2.024840, Exp of Normalized LogL: 0.132015, Best Rate: 0.3
Fault: [5,5,2,3,4,5], logL: -8.099360, Exp of LogL: 0.000304, Normalized LogL: -2.024840, Exp of Normalized LogL: 0.132015, Best Rate: 0.3
Fault: [4,5,2,3,4,5], logL: -8.099360, Exp of LogL: 0.000304, Normalized LogL: -2.024840, Exp of Normalized LogL: 0.132015, Best Rate: 0.3
Fault: [1,5,2,3,4,5], logL: -8.099360, Exp of LogL: 0.000304, Normalized LogL: -2.024840, Exp of Normalized LogL: 0.132015, Best Rate: 0.3
Fault: [0,3,2,3,4,5], logL: -31.607049, Exp of LogL: 0.000000, Normalized LogL: -7.901762, Exp of Normalized LogL: 0.000370, Best Rate: 0.3
Fault: [0,1,2,3,4,5], logL: -31.943522, Exp of LogL: 0.000000, Normalized LogL: -7.985880, Exp of Normalized LogL: 0.000340, Best Rate: 0.3
Fault: [0,4,2,3,4,5], logL: -32.454347, Exp of LogL: 0.000000, Normalized LogL: -8.113587, Exp of Normalized LogL: 0.000299, Best Rate: 0.3
Fault: [0,2,2,3,4,5], logL: -32.859812, Exp of LogL: 0.000000, Normalized LogL: -8.214953, Exp of Normalized LogL: 0.000271, Best Rate: 0.3
Fault: [0,0,2,3,4,5], logL: -33.552960, Exp of LogL: 0.000000, Normalized LogL: -8.388240, Exp of Normalized LogL: 0.000228, Best Rate: 0.3

========= ADAPTIVE MC DEBUG =========
Total calls: 40
Avg tries: 187.50
Confidence stops: 40
Max stops: 0
Max stop rate: 0.000
Real Fault Rank 1
===== SEED 13 | FR=0.3 | VR=40 =====
executing with fault mode: [0,5,2,3,4,5]

Fault scores (higher is better):
Fault: [0,5,2,3,4,5], logL: -33.397631, Exp of LogL: 0.000000, Normalized LogL: -4.771090, Exp of Normalized LogL: 0.008471, Best Rate: 0.3
Fault: [3,5,2,3,4,5], logL: -33.448924, Exp of LogL: 0.000000, Normalized LogL: -4.778418, Exp of Normalized LogL: 0.008409, Best Rate: 0.3
Fault: [5,5,2,3,4,5], logL: -33.448924, Exp of LogL: 0.000000, Normalized LogL: -4.778418, Exp of Normalized LogL: 0.008409, Best Rate: 0.3
Fault: [4,5,2,3,4,5], logL: -33.448924, Exp of LogL: 0.000000, Normalized LogL: -4.778418, Exp of Normalized LogL: 0.008409, Best Rate: 0.3
Fault: [1,5,2,3,4,5], logL: -33.448924, Exp of LogL: 0.000000, Normalized LogL: -4.778418, Exp of Normalized LogL: 0.008409, Best Rate: 0.3
Fault: [0,3,2,3,4,5], logL: -36.158044, Exp of LogL: 0.000000, Normalized LogL: -5.165435, Exp of Normalized LogL: 0.005711, Best Rate: 0.3
Fault: [0,1,2,3,4,5], logL: -58.295747, Exp of LogL: 0.000000, Normalized LogL: -8.327964, Exp of Normalized LogL: 0.000242, Best Rate: 0.3
Fault: [0,2,2,3,4,5], logL: -58.846089, Exp of LogL: 0.000000, Normalized LogL: -8.406584, Exp of Normalized LogL: 0.000223, Best Rate: 0.3
Fault: [0,4,2,3,4,5], logL: -58.876548, Exp of LogL: 0.000000, Normalized LogL: -8.410935, Exp of Normalized LogL: 0.000222, Best Rate: 0.3
Fault: [0,0,2,3,4,5], logL: -59.043602, Exp of LogL: 0.000000, Normalized LogL: -8.434800, Exp of Normalized LogL: 0.000217, Best Rate: 0.3

========= ADAPTIVE MC DEBUG =========
Total calls: 70
Avg tries: 178.57
Confidence stops: 70
Max stops: 0
Max stop rate: 0.000
Real Fault Rank 1
===== SEED 13 | FR=0.3 | VR=60 =====
executing with fault mode: [0,5,2,3,4,5]

Fault scores (higher is better):
Fault: [3,5,2,3,4,5], logL: -13.721950, Exp of LogL: 0.000001, Normalized LogL: -1.247450, Exp of Normalized LogL: 0.287236, Best Rate: 0.3
Fault: [0,5,2,3,4,5], logL: -13.721950, Exp of LogL: 0.000001, Normalized LogL: -1.247450, Exp of Normalized LogL: 0.287236, Best Rate: 0.3
Fault: [5,5,2,3,4,5], logL: -13.721950, Exp of LogL: 0.000001, Normalized LogL: -1.247450, Exp of Normalized LogL: 0.287236, Best Rate: 0.3
Fault: [4,5,2,3,4,5], logL: -13.721950, Exp of LogL: 0.000001, Normalized LogL: -1.247450, Exp of Normalized LogL: 0.287236, Best Rate: 0.3
Fault: [1,5,2,3,4,5], logL: -13.721950, Exp of LogL: 0.000001, Normalized LogL: -1.247450, Exp of Normalized LogL: 0.287236, Best Rate: 0.3
Fault: [0,1,2,3,4,5], logL: -92.674072, Exp of LogL: 0.000000, Normalized LogL: -8.424916, Exp of Normalized LogL: 0.000219, Best Rate: 0.3
Fault: [0,3,2,3,4,5], logL: -92.716525, Exp of LogL: 0.000000, Normalized LogL: -8.428775, Exp of Normalized LogL: 0.000218, Best Rate: 0.3
Fault: [0,2,2,3,4,5], logL: -93.112687, Exp of LogL: 0.000000, Normalized LogL: -8.464790, Exp of Normalized LogL: 0.000211, Best Rate: 0.3
Fault: [0,4,2,3,4,5], logL: -93.143147, Exp of LogL: 0.000000, Normalized LogL: -8.467559, Exp of Normalized LogL: 0.000210, Best Rate: 0.3
Fault: [0,0,2,3,4,5], logL: -93.730933, Exp of LogL: 0.000000, Normalized LogL: -8.520994, Exp of Normalized LogL: 0.000199, Best Rate: 0.3

========= ADAPTIVE MC DEBUG =========
Total calls: 110
Avg tries: 179.55
Confidence stops: 110
Max stops: 0
Max stop rate: 0.000
Real Fault Rank 2
===== SEED 13 | FR=0.3 | VR=80 =====
executing with fault mode: [0,5,2,3,4,5]

Fault scores (higher is better):
Fault: [3,5,2,3,4,5], logL: -13.429562, Exp of LogL: 0.000001, Normalized LogL: -0.959254, Exp of Normalized LogL: 0.383178, Best Rate: 0.3
Fault: [0,5,2,3,4,5], logL: -13.429562, Exp of LogL: 0.000001, Normalized LogL: -0.959254, Exp of Normalized LogL: 0.383178, Best Rate: 0.3
Fault: [5,5,2,3,4,5], logL: -13.429562, Exp of LogL: 0.000001, Normalized LogL: -0.959254, Exp of Normalized LogL: 0.383178, Best Rate: 0.3
Fault: [4,5,2,3,4,5], logL: -13.429562, Exp of LogL: 0.000001, Normalized LogL: -0.959254, Exp of Normalized LogL: 0.383178, Best Rate: 0.3
Fault: [1,5,2,3,4,5], logL: -13.429562, Exp of LogL: 0.000001, Normalized LogL: -0.959254, Exp of Normalized LogL: 0.383178, Best Rate: 0.3
Fault: [0,1,2,3,4,5], logL: -91.500875, Exp of LogL: 0.000000, Normalized LogL: -6.535777, Exp of Normalized LogL: 0.001451, Best Rate: 0.3
Fault: [0,2,2,3,4,5], logL: -92.589775, Exp of LogL: 0.000000, Normalized LogL: -6.613555, Exp of Normalized LogL: 0.001342, Best Rate: 0.3
Fault: [0,3,2,3,4,5], logL: -92.595239, Exp of LogL: 0.000000, Normalized LogL: -6.613946, Exp of Normalized LogL: 0.001342, Best Rate: 0.3
Fault: [0,4,2,3,4,5], logL: -92.620235, Exp of LogL: 0.000000, Normalized LogL: -6.615731, Exp of Normalized LogL: 0.001339, Best Rate: 0.3
Fault: [0,0,2,3,4,5], logL: -93.470385, Exp of LogL: 0.000000, Normalized LogL: -6.676456, Exp of Normalized LogL: 0.001260, Best Rate: 0.3

========= ADAPTIVE MC DEBUG =========
Total calls: 140
Avg tries: 177.14
Confidence stops: 140
Max stops: 0
Max stop rate: 0.000
Real Fault Rank 2
===== SEED 13 | FR=0.3 | VR=100 =====
executing with fault mode: [0,5,2,3,4,5]

Fault scores (higher is better):
Fault: [3,5,2,3,4,5], logL: -13.240240, Exp of LogL: 0.000002, Normalized LogL: -0.735569, Exp of Normalized LogL: 0.479233, Best Rate: 0.3
Fault: [0,5,2,3,4,5], logL: -13.240240, Exp of LogL: 0.000002, Normalized LogL: -0.735569, Exp of Normalized LogL: 0.479233, Best Rate: 0.3
Fault: [5,5,2,3,4,5], logL: -13.240240, Exp of LogL: 0.000002, Normalized LogL: -0.735569, Exp of Normalized LogL: 0.479233, Best Rate: 0.3
Fault: [4,5,2,3,4,5], logL: -13.240240, Exp of LogL: 0.000002, Normalized LogL: -0.735569, Exp of Normalized LogL: 0.479233, Best Rate: 0.3
Fault: [1,5,2,3,4,5], logL: -13.240240, Exp of LogL: 0.000002, Normalized LogL: -0.735569, Exp of Normalized LogL: 0.479233, Best Rate: 0.3
Fault: [0,1,2,3,4,5], logL: -91.550813, Exp of LogL: 0.000000, Normalized LogL: -5.086156, Exp of Normalized LogL: 0.006182, Best Rate: 0.3
Fault: [0,3,2,3,4,5], logL: -92.150526, Exp of LogL: 0.000000, Normalized LogL: -5.119474, Exp of Normalized LogL: 0.005979, Best Rate: 0.3
Fault: [0,2,2,3,4,5], logL: -92.467146, Exp of LogL: 0.000000, Normalized LogL: -5.137064, Exp of Normalized LogL: 0.005875, Best Rate: 0.3
Fault: [0,4,2,3,4,5], logL: -92.497605, Exp of LogL: 0.000000, Normalized LogL: -5.138756, Exp of Normalized LogL: 0.005865, Best Rate: 0.3
Fault: [0,0,2,3,4,5], logL: -92.727179, Exp of LogL: 0.000000, Normalized LogL: -5.151510, Exp of Normalized LogL: 0.005791, Best Rate: 0.3

========= ADAPTIVE MC DEBUG =========
Total calls: 180
Avg tries: 175.83
Confidence stops: 180
Max stops: 0
Max stop rate: 0.000
Real Fault Rank 2
================= 22/08/2026 04:35:15: SEED 13 END =================
================= 22/08/2026 04:35:15: SEED 14 (14/100), a*=3 fault=[0,1,2,1,4,5] START =================
===== SEED 14 | FR=0.3 | VR=20 =====
executing with fault mode: [0,1,2,1,4,5]

executing with fault mode: [0,1,2,1,4,5]

Fault scores (higher is better):
Fault: [0,1,2,0,4,5], logL: -5.369713, Exp of LogL: 0.004655, Normalized LogL: -1.342428, Exp of Normalized LogL: 0.261211, Best Rate: 0.3
Fault: [0,1,2,3,4,5], logL: -5.478912, Exp of LogL: 0.004174, Normalized LogL: -1.369728, Exp of Normalized LogL: 0.254176, Best Rate: 0.3
Fault: [0,1,2,5,4,5], logL: -5.478912, Exp of LogL: 0.004174, Normalized LogL: -1.369728, Exp of Normalized LogL: 0.254176, Best Rate: 0.3
Fault: [0,1,2,4,4,5], logL: -5.478912, Exp of LogL: 0.004174, Normalized LogL: -1.369728, Exp of Normalized LogL: 0.254176, Best Rate: 0.3
Fault: [0,1,2,1,2,5], logL: -5.645966, Exp of LogL: 0.003532, Normalized LogL: -1.411492, Exp of Normalized LogL: 0.243779, Best Rate: 0.3
Fault: [0,1,2,1,0,5], logL: -5.645966, Exp of LogL: 0.003532, Normalized LogL: -1.411492, Exp of Normalized LogL: 0.243779, Best Rate: 0.3
Fault: [0,1,2,1,5,5], logL: -5.645966, Exp of LogL: 0.003532, Normalized LogL: -1.411492, Exp of Normalized LogL: 0.243779, Best Rate: 0.3
Fault: [0,1,2,1,1,5], logL: -5.692487, Exp of LogL: 0.003371, Normalized LogL: -1.423122, Exp of Normalized LogL: 0.240961, Best Rate: 0.3
Fault: [0,1,2,1,4,5], logL: -5.692487, Exp of LogL: 0.003371, Normalized LogL: -1.423122, Exp of Normalized LogL: 0.240961, Best Rate: 0.3
Fault: [0,1,2,2,4,5], logL: -5.741277, Exp of LogL: 0.003211, Normalized LogL: -1.435319, Exp of Normalized LogL: 0.238039, Best Rate: 0.3

========= ADAPTIVE MC DEBUG =========
Total calls: 40
Avg tries: 175.00
Confidence stops: 40
Max stops: 0
Max stop rate: 0.000
Real Fault Rank 9
===== SEED 14 | FR=0.3 | VR=40 =====
executing with fault mode: [0,1,2,1,4,5]

executing with fault mode: [0,1,2,1,4,5]

Fault scores (higher is better):
Fault: [0,1,2,0,4,5], logL: -7.925808, Exp of LogL: 0.000361, Normalized LogL: -1.132258, Exp of Normalized LogL: 0.322305, Best Rate: 0.3
Fault: [0,1,2,3,4,5], logL: -8.031399, Exp of LogL: 0.000325, Normalized LogL: -1.147343, Exp of Normalized LogL: 0.317479, Best Rate: 0.3
Fault: [0,1,2,2,4,5], logL: -8.043591, Exp of LogL: 0.000321, Normalized LogL: -1.149084, Exp of Normalized LogL: 0.316927, Best Rate: 0.3
Fault: [0,1,2,1,4,5], logL: -8.564159, Exp of LogL: 0.000191, Normalized LogL: -1.223451, Exp of Normalized LogL: 0.294213, Best Rate: 0.3
Fault: [0,1,2,1,2,5], logL: -8.731213, Exp of LogL: 0.000161, Normalized LogL: -1.247316, Exp of Normalized LogL: 0.287275, Best Rate: 0.3
Fault: [0,1,2,1,1,5], logL: -8.731213, Exp of LogL: 0.000161, Normalized LogL: -1.247316, Exp of Normalized LogL: 0.287275, Best Rate: 0.3
Fault: [0,1,2,1,0,5], logL: -8.731213, Exp of LogL: 0.000161, Normalized LogL: -1.247316, Exp of Normalized LogL: 0.287275, Best Rate: 0.3
Fault: [0,1,2,1,5,5], logL: -8.731213, Exp of LogL: 0.000161, Normalized LogL: -1.247316, Exp of Normalized LogL: 0.287275, Best Rate: 0.3
Fault: [0,1,2,5,4,5], logL: -8.790805, Exp of LogL: 0.000152, Normalized LogL: -1.255829, Exp of Normalized LogL: 0.284840, Best Rate: 0.3
Fault: [0,1,2,4,4,5], logL: -8.790805, Exp of LogL: 0.000152, Normalized LogL: -1.255829, Exp of Normalized LogL: 0.284840, Best Rate: 0.3

========= ADAPTIVE MC DEBUG =========
Total calls: 70
Avg tries: 180.00
Confidence stops: 70
Max stops: 0
Max stop rate: 0.000
Real Fault Rank 4
===== SEED 14 | FR=0.3 | VR=60 =====
executing with fault mode: [0,1,2,1,4,5]

executing with fault mode: [0,1,2,1,4,5]

Fault scores (higher is better):
Fault: [0,1,2,0,4,5], logL: -9.066848, Exp of LogL: 0.000115, Normalized LogL: -0.906685, Exp of Normalized LogL: 0.403861, Best Rate: 0.3
Fault: [0,1,2,3,4,5], logL: -9.188665, Exp of LogL: 0.000102, Normalized LogL: -0.918866, Exp of Normalized LogL: 0.398971, Best Rate: 0.3
Fault: [0,1,2,1,4,5], logL: -9.962892, Exp of LogL: 0.000047, Normalized LogL: -0.996289, Exp of Normalized LogL: 0.369247, Best Rate: 0.3
Fault: [0,1,2,2,4,5], logL: -10.075469, Exp of LogL: 0.000042, Normalized LogL: -1.007547, Exp of Normalized LogL: 0.365114, Best Rate: 0.3
Fault: [0,1,2,1,2,5], logL: -10.295425, Exp of LogL: 0.000034, Normalized LogL: -1.029542, Exp of Normalized LogL: 0.357170, Best Rate: 0.3
Fault: [0,1,2,1,1,5], logL: -10.295425, Exp of LogL: 0.000034, Normalized LogL: -1.029542, Exp of Normalized LogL: 0.357170, Best Rate: 0.3
Fault: [0,1,2,1,0,5], logL: -10.295425, Exp of LogL: 0.000034, Normalized LogL: -1.029542, Exp of Normalized LogL: 0.357170, Best Rate: 0.3
Fault: [0,1,2,1,5,5], logL: -10.295425, Exp of LogL: 0.000034, Normalized LogL: -1.029542, Exp of Normalized LogL: 0.357170, Best Rate: 0.3
Fault: [0,1,2,5,4,5], logL: -10.400891, Exp of LogL: 0.000030, Normalized LogL: -1.040089, Exp of Normalized LogL: 0.353423, Best Rate: 0.3
Fault: [0,1,2,4,4,5], logL: -10.400891, Exp of LogL: 0.000030, Normalized LogL: -1.040089, Exp of Normalized LogL: 0.353423, Best Rate: 0.3

========= ADAPTIVE MC DEBUG =========
Total calls: 100
Avg tries: 182.50
Confidence stops: 100
Max stops: 0
Max stop rate: 0.000
Real Fault Rank 3
===== SEED 14 | FR=0.3 | VR=80 =====
executing with fault mode: [0,1,2,1,4,5]

executing with fault mode: [0,1,2,1,4,5]

Fault scores (higher is better):
Fault: [0,1,2,3,4,5], logL: -10.602085, Exp of LogL: 0.000025, Normalized LogL: -0.815545, Exp of Normalized LogL: 0.442398, Best Rate: 0.3
Fault: [0,1,2,0,4,5], logL: -10.846598, Exp of LogL: 0.000019, Normalized LogL: -0.834354, Exp of Normalized LogL: 0.434155, Best Rate: 0.3
Fault: [0,1,2,1,4,5], logL: -11.347125, Exp of LogL: 0.000012, Normalized LogL: -0.872856, Exp of Normalized LogL: 0.417757, Best Rate: 0.3
Fault: [0,1,2,1,2,5], logL: -11.570269, Exp of LogL: 0.000009, Normalized LogL: -0.890021, Exp of Normalized LogL: 0.410647, Best Rate: 0.3
Fault: [0,1,2,1,1,5], logL: -11.570269, Exp of LogL: 0.000009, Normalized LogL: -0.890021, Exp of Normalized LogL: 0.410647, Best Rate: 0.3
Fault: [0,1,2,1,0,5], logL: -11.570269, Exp of LogL: 0.000009, Normalized LogL: -0.890021, Exp of Normalized LogL: 0.410647, Best Rate: 0.3
Fault: [0,1,2,1,5,5], logL: -11.570269, Exp of LogL: 0.000009, Normalized LogL: -0.890021, Exp of Normalized LogL: 0.410647, Best Rate: 0.3
Fault: [0,1,2,2,4,5], logL: -12.038227, Exp of LogL: 0.000006, Normalized LogL: -0.926017, Exp of Normalized LogL: 0.396128, Best Rate: 0.3
Fault: [0,1,2,5,4,5], logL: -12.469010, Exp of LogL: 0.000004, Normalized LogL: -0.959155, Exp of Normalized LogL: 0.383217, Best Rate: 0.3
Fault: [0,1,2,4,4,5], logL: -12.469010, Exp of LogL: 0.000004, Normalized LogL: -0.959155, Exp of Normalized LogL: 0.383217, Best Rate: 0.3

========= ADAPTIVE MC DEBUG =========
Total calls: 130
Avg tries: 179.23
Confidence stops: 130
Max stops: 0
Max stop rate: 0.000
Real Fault Rank 3
===== SEED 14 | FR=0.3 | VR=100 =====
executing with fault mode: [0,1,2,1,4,5]

executing with fault mode: [0,1,2,1,4,5]

Fault scores (higher is better):
Fault: [0,1,2,0,4,5], logL: -12.940169, Exp of LogL: 0.000002, Normalized LogL: -0.761186, Exp of Normalized LogL: 0.467112, Best Rate: 0.3
Fault: [0,1,2,3,4,5], logL: -13.282713, Exp of LogL: 0.000002, Normalized LogL: -0.781336, Exp of Normalized LogL: 0.457794, Best Rate: 0.3
Fault: [0,1,2,1,4,5], logL: -14.405231, Exp of LogL: 0.000001, Normalized LogL: -0.847367, Exp of Normalized LogL: 0.428542, Best Rate: 0.3
Fault: [0,1,2,1,2,5], logL: -14.628374, Exp of LogL: 0.000000, Normalized LogL: -0.860493, Exp of Normalized LogL: 0.422954, Best Rate: 0.3
Fault: [0,1,2,1,1,5], logL: -14.628374, Exp of LogL: 0.000000, Normalized LogL: -0.860493, Exp of Normalized LogL: 0.422954, Best Rate: 0.3
Fault: [0,1,2,1,0,5], logL: -14.628374, Exp of LogL: 0.000000, Normalized LogL: -0.860493, Exp of Normalized LogL: 0.422954, Best Rate: 0.3
Fault: [0,1,2,1,5,5], logL: -14.628374, Exp of LogL: 0.000000, Normalized LogL: -0.860493, Exp of Normalized LogL: 0.422954, Best Rate: 0.3
Fault: [0,1,2,2,4,5], logL: -14.729646, Exp of LogL: 0.000000, Normalized LogL: -0.866450, Exp of Normalized LogL: 0.420442, Best Rate: 0.3
Fault: [0,1,2,5,4,5], logL: -15.518103, Exp of LogL: 0.000000, Normalized LogL: -0.912830, Exp of Normalized LogL: 0.401387, Best Rate: 0.3
Fault: [0,1,2,4,4,5], logL: -15.518103, Exp of LogL: 0.000000, Normalized LogL: -0.912830, Exp of Normalized LogL: 0.401387, Best Rate: 0.3

========= ADAPTIVE MC DEBUG =========
Total calls: 170
Avg tries: 180.88
Confidence stops: 170
Max stops: 0
Max stop rate: 0.000
Real Fault Rank 3
================= 22/08/2026 04:35:31: SEED 14 END =================
================= 22/08/2026 04:35:31: SEED 15 (15/100), a*=0 fault=[3,1,2,3,4,5] START =================
===== SEED 15 | FR=0.3 | VR=20 =====
executing with fault mode: [3,1,2,3,4,5]

executing with fault mode: [3,1,2,3,4,5]

Fault scores (higher is better):
Fault: [3,1,2,3,5,5], logL: -14.379992, Exp of LogL: 0.000001, Normalized LogL: -1.597777, Exp of Normalized LogL: 0.202346, Best Rate: 0.3
Fault: [3,1,2,3,3,5], logL: -14.379992, Exp of LogL: 0.000001, Normalized LogL: -1.597777, Exp of Normalized LogL: 0.202346, Best Rate: 0.3
Fault: [3,1,2,3,4,5], logL: -14.490083, Exp of LogL: 0.000001, Normalized LogL: -1.610009, Exp of Normalized LogL: 0.199886, Best Rate: 0.3
Fault: [3,1,2,3,2,5], logL: -14.732814, Exp of LogL: 0.000000, Normalized LogL: -1.636979, Exp of Normalized LogL: 0.194567, Best Rate: 0.3
Fault: [3,1,2,3,1,5], logL: -14.812856, Exp of LogL: 0.000000, Normalized LogL: -1.645873, Exp of Normalized LogL: 0.192844, Best Rate: 0.3
Fault: [4,1,2,3,4,5], logL: -15.240389, Exp of LogL: 0.000000, Normalized LogL: -1.693377, Exp of Normalized LogL: 0.183898, Best Rate: 0.3
Fault: [5,1,2,3,4,5], logL: -15.240389, Exp of LogL: 0.000000, Normalized LogL: -1.693377, Exp of Normalized LogL: 0.183898, Best Rate: 0.3
Fault: [1,1,2,3,4,5], logL: -15.422992, Exp of LogL: 0.000000, Normalized LogL: -1.713666, Exp of Normalized LogL: 0.180204, Best Rate: 0.3
Fault: [0,1,2,3,4,5], logL: -17.386153, Exp of LogL: 0.000000, Normalized LogL: -1.931795, Exp of Normalized LogL: 0.144888, Best Rate: 0.3
Fault: [2,1,2,3,4,5], logL: -18.525587, Exp of LogL: 0.000000, Normalized LogL: -2.058399, Exp of Normalized LogL: 0.127658, Best Rate: 0.3

========= ADAPTIVE MC DEBUG =========
Total calls: 90
Avg tries: 200.00
Confidence stops: 90
Max stops: 0
Max stop rate: 0.000
Real Fault Rank 3
===== SEED 15 | FR=0.3 | VR=40 =====
executing with fault mode: [3,1,2,3,4,5]

executing with fault mode: [3,1,2,3,4,5]

Fault scores (higher is better):
Fault: [3,1,2,3,5,5], logL: -47.071099, Exp of LogL: 0.000000, Normalized LogL: -2.768888, Exp of Normalized LogL: 0.062732, Best Rate: 0.3
Fault: [3,1,2,3,3,5], logL: -47.071099, Exp of LogL: 0.000000, Normalized LogL: -2.768888, Exp of Normalized LogL: 0.062732, Best Rate: 0.3
Fault: [3,1,2,3,4,5], logL: -47.181190, Exp of LogL: 0.000000, Normalized LogL: -2.775364, Exp of Normalized LogL: 0.062327, Best Rate: 0.3
Fault: [3,1,2,3,2,5], logL: -47.423921, Exp of LogL: 0.000000, Normalized LogL: -2.789642, Exp of Normalized LogL: 0.061443, Best Rate: 0.3
Fault: [3,1,2,3,1,5], logL: -47.503963, Exp of LogL: 0.000000, Normalized LogL: -2.794351, Exp of Normalized LogL: 0.061155, Best Rate: 0.3
Fault: [4,1,2,3,4,5], logL: -48.147436, Exp of LogL: 0.000000, Normalized LogL: -2.832202, Exp of Normalized LogL: 0.058883, Best Rate: 0.3
Fault: [5,1,2,3,4,5], logL: -48.147436, Exp of LogL: 0.000000, Normalized LogL: -2.832202, Exp of Normalized LogL: 0.058883, Best Rate: 0.3
Fault: [1,1,2,3,4,5], logL: -49.174586, Exp of LogL: 0.000000, Normalized LogL: -2.892623, Exp of Normalized LogL: 0.055431, Best Rate: 0.3
Fault: [0,1,2,3,4,5], logL: -49.687253, Exp of LogL: 0.000000, Normalized LogL: -2.922780, Exp of Normalized LogL: 0.053784, Best Rate: 0.3
Fault: [2,1,2,3,4,5], logL: -51.127179, Exp of LogL: 0.000000, Normalized LogL: -3.007481, Exp of Normalized LogL: 0.049416, Best Rate: 0.3

========= ADAPTIVE MC DEBUG =========
Total calls: 170
Avg tries: 179.12
Confidence stops: 170
Max stops: 0
Max stop rate: 0.000
Real Fault Rank 3
===== SEED 15 | FR=0.3 | VR=60 =====
executing with fault mode: [3,1,2,3,4,5]

executing with fault mode: [3,1,2,3,4,5]

Fault scores (higher is better):
Fault: [3,1,2,3,5,5], logL: -31.533027, Exp of LogL: 0.000000, Normalized LogL: -1.261321, Exp of Normalized LogL: 0.283280, Best Rate: 0.3
Fault: [3,1,2,3,3,5], logL: -31.533027, Exp of LogL: 0.000000, Normalized LogL: -1.261321, Exp of Normalized LogL: 0.283280, Best Rate: 0.3
Fault: [3,1,2,3,4,5], logL: -31.700276, Exp of LogL: 0.000000, Normalized LogL: -1.268011, Exp of Normalized LogL: 0.281391, Best Rate: 0.3
Fault: [3,1,2,3,1,5], logL: -31.925069, Exp of LogL: 0.000000, Normalized LogL: -1.277003, Exp of Normalized LogL: 0.278872, Best Rate: 0.3
Fault: [3,1,2,3,2,5], logL: -31.938492, Exp of LogL: 0.000000, Normalized LogL: -1.277540, Exp of Normalized LogL: 0.278722, Best Rate: 0.3
Fault: [4,1,2,3,4,5], logL: -33.018790, Exp of LogL: 0.000000, Normalized LogL: -1.320752, Exp of Normalized LogL: 0.266935, Best Rate: 0.3
Fault: [5,1,2,3,4,5], logL: -33.018790, Exp of LogL: 0.000000, Normalized LogL: -1.320752, Exp of Normalized LogL: 0.266935, Best Rate: 0.3
Fault: [1,1,2,3,4,5], logL: -35.015591, Exp of LogL: 0.000000, Normalized LogL: -1.400624, Exp of Normalized LogL: 0.246443, Best Rate: 0.3
Fault: [0,1,2,3,4,5], logL: -35.324845, Exp of LogL: 0.000000, Normalized LogL: -1.412994, Exp of Normalized LogL: 0.243413, Best Rate: 0.3
Fault: [2,1,2,3,4,5], logL: -37.742661, Exp of LogL: 0.000000, Normalized LogL: -1.509706, Exp of Normalized LogL: 0.220975, Best Rate: 0.3

========= ADAPTIVE MC DEBUG =========
Total calls: 250
Avg tries: 177.60
Confidence stops: 250
Max stops: 0
Max stop rate: 0.000
Real Fault Rank 3
===== SEED 15 | FR=0.3 | VR=80 =====
executing with fault mode: [3,1,2,3,4,5]

executing with fault mode: [3,1,2,3,4,5]

Fault scores (higher is better):
Fault: [3,1,2,3,4,5], logL: -37.939526, Exp of LogL: 0.000000, Normalized LogL: -1.149683, Exp of Normalized LogL: 0.316737, Best Rate: 0.3
Fault: [3,1,2,3,2,5], logL: -38.262300, Exp of LogL: 0.000000, Normalized LogL: -1.159464, Exp of Normalized LogL: 0.313654, Best Rate: 0.3
Fault: [3,1,2,3,1,5], logL: -38.262300, Exp of LogL: 0.000000, Normalized LogL: -1.159464, Exp of Normalized LogL: 0.313654, Best Rate: 0.3
Fault: [3,1,2,3,5,5], logL: -38.262300, Exp of LogL: 0.000000, Normalized LogL: -1.159464, Exp of Normalized LogL: 0.313654, Best Rate: 0.3
Fault: [3,1,2,3,3,5], logL: -38.262300, Exp of LogL: 0.000000, Normalized LogL: -1.159464, Exp of Normalized LogL: 0.313654, Best Rate: 0.3
Fault: [1,1,2,3,4,5], logL: -39.987077, Exp of LogL: 0.000000, Normalized LogL: -1.211730, Exp of Normalized LogL: 0.297682, Best Rate: 0.3
Fault: [4,1,2,3,4,5], logL: -40.761363, Exp of LogL: 0.000000, Normalized LogL: -1.235193, Exp of Normalized LogL: 0.290779, Best Rate: 0.3
Fault: [5,1,2,3,4,5], logL: -40.761363, Exp of LogL: 0.000000, Normalized LogL: -1.235193, Exp of Normalized LogL: 0.290779, Best Rate: 0.3
Fault: [0,1,2,3,4,5], logL: -42.188971, Exp of LogL: 0.000000, Normalized LogL: -1.278454, Exp of Normalized LogL: 0.278468, Best Rate: 0.3
Fault: [2,1,2,3,4,5], logL: -44.206550, Exp of LogL: 0.000000, Normalized LogL: -1.339592, Exp of Normalized LogL: 0.261952, Best Rate: 0.3

========= ADAPTIVE MC DEBUG =========
Total calls: 330
Avg tries: 176.52
Confidence stops: 330
Max stops: 0
Max stop rate: 0.000
Real Fault Rank 1
===== SEED 15 | FR=0.3 | VR=100 =====
executing with fault mode: [3,1,2,3,4,5]

executing with fault mode: [3,1,2,3,4,5]

Fault scores (higher is better):
Fault: [3,1,2,3,4,5], logL: -42.119632, Exp of LogL: 0.000000, Normalized LogL: -1.002848, Exp of Normalized LogL: 0.366833, Best Rate: 0.3
Fault: [3,1,2,3,2,5], logL: -42.427517, Exp of LogL: 0.000000, Normalized LogL: -1.010179, Exp of Normalized LogL: 0.364154, Best Rate: 0.3
Fault: [3,1,2,3,1,5], logL: -42.427517, Exp of LogL: 0.000000, Normalized LogL: -1.010179, Exp of Normalized LogL: 0.364154, Best Rate: 0.3
Fault: [3,1,2,3,5,5], logL: -42.427517, Exp of LogL: 0.000000, Normalized LogL: -1.010179, Exp of Normalized LogL: 0.364154, Best Rate: 0.3
Fault: [3,1,2,3,3,5], logL: -42.427517, Exp of LogL: 0.000000, Normalized LogL: -1.010179, Exp of Normalized LogL: 0.364154, Best Rate: 0.3
Fault: [4,1,2,3,4,5], logL: -43.952009, Exp of LogL: 0.000000, Normalized LogL: -1.046476, Exp of Normalized LogL: 0.351173, Best Rate: 0.3
Fault: [5,1,2,3,4,5], logL: -43.952009, Exp of LogL: 0.000000, Normalized LogL: -1.046476, Exp of Normalized LogL: 0.351173, Best Rate: 0.3
Fault: [1,1,2,3,4,5], logL: -45.242883, Exp of LogL: 0.000000, Normalized LogL: -1.077212, Exp of Normalized LogL: 0.340544, Best Rate: 0.3
Fault: [0,1,2,3,4,5], logL: -45.550324, Exp of LogL: 0.000000, Normalized LogL: -1.084532, Exp of Normalized LogL: 0.338060, Best Rate: 0.3
Fault: [2,1,2,3,4,5], logL: -47.370664, Exp of LogL: 0.000000, Normalized LogL: -1.127873, Exp of Normalized LogL: 0.323721, Best Rate: 0.3

========= ADAPTIVE MC DEBUG =========
Total calls: 420
Avg tries: 176.79
Confidence stops: 420
Max stops: 0
Max stop rate: 0.000
Real Fault Rank 1
================= 22/08/2026 04:36:10: SEED 15 END =================
================= 22/08/2026 04:36:10: SEED 17 (16/100), a*=1 fault=[0,2,2,3,4,5] START =================
===== SEED 17 | FR=0.3 | VR=20 =====
executing with fault mode: [0,2,2,3,4,5]

Fault scores (higher is better):
Fault: [0,1,2,3,4,5], logL: -3.334848, Exp of LogL: 0.035620, Normalized LogL: -1.111616, Exp of Normalized LogL: 0.329027, Best Rate: 0.3
Fault: [0,2,2,3,4,5], logL: -3.789584, Exp of LogL: 0.022605, Normalized LogL: -1.263195, Exp of Normalized LogL: 0.282749, Best Rate: 0.3
Fault: [0,2,2,3,5,5], logL: -3.852105, Exp of LogL: 0.021235, Normalized LogL: -1.284035, Exp of Normalized LogL: 0.276918, Best Rate: 0.3
Fault: [0,2,2,3,3,5], logL: -3.852105, Exp of LogL: 0.021235, Normalized LogL: -1.284035, Exp of Normalized LogL: 0.276918, Best Rate: 0.3
Fault: [0,3,2,3,4,5], logL: -3.852105, Exp of LogL: 0.021235, Normalized LogL: -1.284035, Exp of Normalized LogL: 0.276918, Best Rate: 0.3
Fault: [0,5,2,3,4,5], logL: -3.884894, Exp of LogL: 0.020550, Normalized LogL: -1.294965, Exp of Normalized LogL: 0.273908, Best Rate: 0.3
Fault: [0,2,2,3,2,5], logL: -3.918796, Exp of LogL: 0.019865, Normalized LogL: -1.306265, Exp of Normalized LogL: 0.270830, Best Rate: 0.3
Fault: [0,4,2,3,4,5], logL: -3.918796, Exp of LogL: 0.019865, Normalized LogL: -1.306265, Exp of Normalized LogL: 0.270830, Best Rate: 0.3
Fault: [0,2,2,3,1,5], logL: -3.990255, Exp of LogL: 0.018495, Normalized LogL: -1.330085, Exp of Normalized LogL: 0.264455, Best Rate: 0.3
Fault: [0,0,2,3,4,5], logL: -4.067216, Exp of LogL: 0.017125, Normalized LogL: -1.355739, Exp of Normalized LogL: 0.257757, Best Rate: 0.3

========= ADAPTIVE MC DEBUG =========
Total calls: 30
Avg tries: 183.33
Confidence stops: 30
Max stops: 0
Max stop rate: 0.000
Real Fault Rank 2
===== SEED 17 | FR=0.3 | VR=40 =====
executing with fault mode: [0,2,2,3,4,5]

Fault scores (higher is better):
Fault: [0,1,2,3,4,5], logL: -4.079302, Exp of LogL: 0.016919, Normalized LogL: -0.815860, Exp of Normalized LogL: 0.442259, Best Rate: 0.3
Fault: [0,2,2,3,4,5], logL: -4.318531, Exp of LogL: 0.013319, Normalized LogL: -0.863706, Exp of Normalized LogL: 0.421597, Best Rate: 0.3
Fault: [0,5,2,3,4,5], logL: -4.374101, Exp of LogL: 0.012599, Normalized LogL: -0.874820, Exp of Normalized LogL: 0.416937, Best Rate: 0.3
Fault: [0,2,2,3,5,5], logL: -4.528252, Exp of LogL: 0.010800, Normalized LogL: -0.905650, Exp of Normalized LogL: 0.404279, Best Rate: 0.3
Fault: [0,2,2,3,3,5], logL: -4.528252, Exp of LogL: 0.010800, Normalized LogL: -0.905650, Exp of Normalized LogL: 0.404279, Best Rate: 0.3
Fault: [0,3,2,3,4,5], logL: -4.528252, Exp of LogL: 0.010800, Normalized LogL: -0.905650, Exp of Normalized LogL: 0.404279, Best Rate: 0.3
Fault: [0,4,2,3,4,5], logL: -4.528252, Exp of LogL: 0.010800, Normalized LogL: -0.905650, Exp of Normalized LogL: 0.404279, Best Rate: 0.3
Fault: [0,2,2,3,1,5], logL: -4.562153, Exp of LogL: 0.010440, Normalized LogL: -0.912431, Exp of Normalized LogL: 0.401547, Best Rate: 0.3
Fault: [0,2,2,3,2,5], logL: -4.562153, Exp of LogL: 0.010440, Normalized LogL: -0.912431, Exp of Normalized LogL: 0.401547, Best Rate: 0.3
Fault: [0,0,2,3,4,5], logL: -4.671353, Exp of LogL: 0.009360, Normalized LogL: -0.934271, Exp of Normalized LogL: 0.392872, Best Rate: 0.3

========= ADAPTIVE MC DEBUG =========
Total calls: 50
Avg tries: 190.00
Confidence stops: 50
Max stops: 0
Max stop rate: 0.000
Real Fault Rank 2
===== SEED 17 | FR=0.3 | VR=60 =====
executing with fault mode: [0,2,2,3,4,5]

Fault scores (higher is better):
Fault: [0,2,2,3,4,5], logL: -4.656281, Exp of LogL: 0.009502, Normalized LogL: -0.582035, Exp of Normalized LogL: 0.558760, Best Rate: 0.3
Fault: [0,2,2,3,1,5], logL: -5.020924, Exp of LogL: 0.006598, Normalized LogL: -0.627616, Exp of Normalized LogL: 0.533863, Best Rate: 0.3
Fault: [0,2,2,3,2,5], logL: -5.020924, Exp of LogL: 0.006598, Normalized LogL: -0.627616, Exp of Normalized LogL: 0.533863, Best Rate: 0.3
Fault: [0,2,2,3,5,5], logL: -5.020924, Exp of LogL: 0.006598, Normalized LogL: -0.627616, Exp of Normalized LogL: 0.533863, Best Rate: 0.3
Fault: [0,2,2,3,3,5], logL: -5.020924, Exp of LogL: 0.006598, Normalized LogL: -0.627616, Exp of Normalized LogL: 0.533863, Best Rate: 0.3
Fault: [0,1,2,3,4,5], logL: -5.223204, Exp of LogL: 0.005390, Normalized LogL: -0.652901, Exp of Normalized LogL: 0.520534, Best Rate: 0.3
Fault: [0,0,2,3,4,5], logL: -6.042576, Exp of LogL: 0.002375, Normalized LogL: -0.755322, Exp of Normalized LogL: 0.469859, Best Rate: 0.3
Fault: [0,3,2,3,4,5], logL: -6.135041, Exp of LogL: 0.002166, Normalized LogL: -0.766880, Exp of Normalized LogL: 0.464460, Best Rate: 0.3
Fault: [0,4,2,3,4,5], logL: -6.160359, Exp of LogL: 0.002111, Normalized LogL: -0.770045, Exp of Normalized LogL: 0.462992, Best Rate: 0.3
Fault: [0,5,2,3,4,5], logL: -6.160359, Exp of LogL: 0.002111, Normalized LogL: -0.770045, Exp of Normalized LogL: 0.462992, Best Rate: 0.3

========= ADAPTIVE MC DEBUG =========
Total calls: 80
Avg tries: 187.50
Confidence stops: 80
Max stops: 0
Max stop rate: 0.000
Real Fault Rank 1
===== SEED 17 | FR=0.3 | VR=80 =====
executing with fault mode: [0,2,2,3,4,5]

Fault scores (higher is better):
Fault: [0,2,2,3,4,5], logL: -4.553463, Exp of LogL: 0.010531, Normalized LogL: -0.455346, Exp of Normalized LogL: 0.634228, Best Rate: 0.3
Fault: [0,2,2,3,1,5], logL: -5.021448, Exp of LogL: 0.006595, Normalized LogL: -0.502145, Exp of Normalized LogL: 0.605231, Best Rate: 0.3
Fault: [0,2,2,3,2,5], logL: -5.021448, Exp of LogL: 0.006595, Normalized LogL: -0.502145, Exp of Normalized LogL: 0.605231, Best Rate: 0.3
Fault: [0,2,2,3,5,5], logL: -5.021448, Exp of LogL: 0.006595, Normalized LogL: -0.502145, Exp of Normalized LogL: 0.605231, Best Rate: 0.3
Fault: [0,2,2,3,3,5], logL: -5.021448, Exp of LogL: 0.006595, Normalized LogL: -0.502145, Exp of Normalized LogL: 0.605231, Best Rate: 0.3
Fault: [0,1,2,3,4,5], logL: -5.033374, Exp of LogL: 0.006517, Normalized LogL: -0.503337, Exp of Normalized LogL: 0.604510, Best Rate: 0.3
Fault: [0,0,2,3,4,5], logL: -5.970529, Exp of LogL: 0.002553, Normalized LogL: -0.597053, Exp of Normalized LogL: 0.550431, Best Rate: 0.3
Fault: [0,3,2,3,4,5], logL: -6.127532, Exp of LogL: 0.002182, Normalized LogL: -0.612753, Exp of Normalized LogL: 0.541857, Best Rate: 0.3
Fault: [0,4,2,3,4,5], logL: -6.152850, Exp of LogL: 0.002127, Normalized LogL: -0.615285, Exp of Normalized LogL: 0.540487, Best Rate: 0.3
Fault: [0,5,2,3,4,5], logL: -6.152850, Exp of LogL: 0.002127, Normalized LogL: -0.615285, Exp of Normalized LogL: 0.540487, Best Rate: 0.3

========= ADAPTIVE MC DEBUG =========
Total calls: 100
Avg tries: 190.00
Confidence stops: 100
Max stops: 0
Max stop rate: 0.000
Real Fault Rank 1
===== SEED 17 | FR=0.3 | VR=100 =====
executing with fault mode: [0,2,2,3,4,5]

Fault scores (higher is better):
Fault: [0,2,2,3,4,5], logL: -5.171267, Exp of LogL: 0.005677, Normalized LogL: -0.397790, Exp of Normalized LogL: 0.671803, Best Rate: 0.3
Fault: [0,1,2,3,4,5], logL: -5.482430, Exp of LogL: 0.004159, Normalized LogL: -0.421725, Exp of Normalized LogL: 0.655914, Best Rate: 0.3
Fault: [0,2,2,3,1,5], logL: -5.579236, Exp of LogL: 0.003775, Normalized LogL: -0.429172, Exp of Normalized LogL: 0.651048, Best Rate: 0.3
Fault: [0,2,2,3,2,5], logL: -5.579236, Exp of LogL: 0.003775, Normalized LogL: -0.429172, Exp of Normalized LogL: 0.651048, Best Rate: 0.3
Fault: [0,2,2,3,5,5], logL: -5.579236, Exp of LogL: 0.003775, Normalized LogL: -0.429172, Exp of Normalized LogL: 0.651048, Best Rate: 0.3
Fault: [0,2,2,3,3,5], logL: -5.579236, Exp of LogL: 0.003775, Normalized LogL: -0.429172, Exp of Normalized LogL: 0.651048, Best Rate: 0.3
Fault: [0,3,2,3,4,5], logL: -6.072993, Exp of LogL: 0.002304, Normalized LogL: -0.467153, Exp of Normalized LogL: 0.626784, Best Rate: 0.3
Fault: [0,0,2,3,4,5], logL: -6.182868, Exp of LogL: 0.002064, Normalized LogL: -0.475605, Exp of Normalized LogL: 0.621509, Best Rate: 0.3
Fault: [0,4,2,3,4,5], logL: -6.182868, Exp of LogL: 0.002064, Normalized LogL: -0.475605, Exp of Normalized LogL: 0.621509, Best Rate: 0.3
Fault: [0,5,2,3,4,5], logL: -6.182868, Exp of LogL: 0.002064, Normalized LogL: -0.475605, Exp of Normalized LogL: 0.621509, Best Rate: 0.3

========= ADAPTIVE MC DEBUG =========
Total calls: 130
Avg tries: 191.54
Confidence stops: 130
Max stops: 0
Max stop rate: 0.000
Real Fault Rank 1
================= 22/08/2026 04:36:23: SEED 17 END =================
================= 22/08/2026 04:36:23: SEED 18 (17/100), a*=2 fault=[0,1,4,3,4,5] START =================
===== SEED 18 | FR=0.3 | VR=20 =====
executing with fault mode: [0,1,4,3,4,5]

Fault scores (higher is better):
Fault: [0,1,4,3,5,5], logL: -12.536189, Exp of LogL: 0.000004, Normalized LogL: -1.790884, Exp of Normalized LogL: 0.166813, Best Rate: 0.3
Fault: [0,1,4,3,0,5], logL: -12.536189, Exp of LogL: 0.000004, Normalized LogL: -1.790884, Exp of Normalized LogL: 0.166813, Best Rate: 0.3
Fault: [0,1,4,3,2,5], logL: -12.536189, Exp of LogL: 0.000004, Normalized LogL: -1.790884, Exp of Normalized LogL: 0.166813, Best Rate: 0.3
Fault: [0,1,4,3,3,5], logL: -12.536189, Exp of LogL: 0.000004, Normalized LogL: -1.790884, Exp of Normalized LogL: 0.166813, Best Rate: 0.3
Fault: [0,1,1,3,4,5], logL: -12.539284, Exp of LogL: 0.000004, Normalized LogL: -1.791326, Exp of Normalized LogL: 0.166739, Best Rate: 0.3
Fault: [0,1,2,3,4,5], logL: -12.957113, Exp of LogL: 0.000002, Normalized LogL: -1.851016, Exp of Normalized LogL: 0.157077, Best Rate: 0.3
Fault: [0,1,3,3,4,5], logL: -13.024313, Exp of LogL: 0.000002, Normalized LogL: -1.860616, Exp of Normalized LogL: 0.155577, Best Rate: 0.3
Fault: [0,1,5,3,4,5], logL: -13.283824, Exp of LogL: 0.000002, Normalized LogL: -1.897689, Exp of Normalized LogL: 0.149915, Best Rate: 0.3
Fault: [0,1,4,3,4,5], logL: -13.283824, Exp of LogL: 0.000002, Normalized LogL: -1.897689, Exp of Normalized LogL: 0.149915, Best Rate: 0.3
Fault: [0,1,0,3,4,5], logL: -14.077589, Exp of LogL: 0.000001, Normalized LogL: -2.011084, Exp of Normalized LogL: 0.133843, Best Rate: 0.3

========= ADAPTIVE MC DEBUG =========
Total calls: 70
Avg tries: 178.57
Confidence stops: 70
Max stops: 0
Max stop rate: 0.000
Real Fault Rank 9
===== SEED 18 | FR=0.3 | VR=40 =====
executing with fault mode: [0,1,4,3,4,5]

Fault scores (higher is better):
Fault: [0,1,1,3,4,5], logL: -14.734189, Exp of LogL: 0.000000, Normalized LogL: -1.133399, Exp of Normalized LogL: 0.321937, Best Rate: 0.3
Fault: [0,1,4,3,5,5], logL: -15.144857, Exp of LogL: 0.000000, Normalized LogL: -1.164989, Exp of Normalized LogL: 0.311926, Best Rate: 0.3
Fault: [0,1,4,3,0,5], logL: -15.144857, Exp of LogL: 0.000000, Normalized LogL: -1.164989, Exp of Normalized LogL: 0.311926, Best Rate: 0.3
Fault: [0,1,4,3,2,5], logL: -15.144857, Exp of LogL: 0.000000, Normalized LogL: -1.164989, Exp of Normalized LogL: 0.311926, Best Rate: 0.3
Fault: [0,1,4,3,3,5], logL: -15.144857, Exp of LogL: 0.000000, Normalized LogL: -1.164989, Exp of Normalized LogL: 0.311926, Best Rate: 0.3
Fault: [0,1,2,3,4,5], logL: -15.170367, Exp of LogL: 0.000000, Normalized LogL: -1.166951, Exp of Normalized LogL: 0.311315, Best Rate: 0.3
Fault: [0,1,3,3,4,5], logL: -15.237567, Exp of LogL: 0.000000, Normalized LogL: -1.172121, Exp of Normalized LogL: 0.309709, Best Rate: 0.3
Fault: [0,1,5,3,4,5], logL: -15.391717, Exp of LogL: 0.000000, Normalized LogL: -1.183978, Exp of Normalized LogL: 0.306059, Best Rate: 0.3
Fault: [0,1,4,3,4,5], logL: -15.391717, Exp of LogL: 0.000000, Normalized LogL: -1.183978, Exp of Normalized LogL: 0.306059, Best Rate: 0.3
Fault: [0,1,0,3,4,5], logL: -16.473164, Exp of LogL: 0.000000, Normalized LogL: -1.267166, Exp of Normalized LogL: 0.281628, Best Rate: 0.3

========= ADAPTIVE MC DEBUG =========
Total calls: 130
Avg tries: 180.77
Confidence stops: 130
Max stops: 0
Max stop rate: 0.000
Real Fault Rank 9
===== SEED 18 | FR=0.3 | VR=60 =====
executing with fault mode: [0,1,4,3,4,5]

Fault scores (higher is better):
Fault: [0,1,5,3,4,5], logL: -19.735495, Exp of LogL: 0.000000, Normalized LogL: -1.038710, Exp of Normalized LogL: 0.353911, Best Rate: 0.3
Fault: [0,1,4,3,4,5], logL: -19.735495, Exp of LogL: 0.000000, Normalized LogL: -1.038710, Exp of Normalized LogL: 0.353911, Best Rate: 0.3
Fault: [0,1,2,3,4,5], logL: -20.084231, Exp of LogL: 0.000000, Normalized LogL: -1.057065, Exp of Normalized LogL: 0.347474, Best Rate: 0.3
Fault: [0,1,4,3,5,5], logL: -20.128538, Exp of LogL: 0.000000, Normalized LogL: -1.059397, Exp of Normalized LogL: 0.346665, Best Rate: 0.3
Fault: [0,1,4,3,0,5], logL: -20.128538, Exp of LogL: 0.000000, Normalized LogL: -1.059397, Exp of Normalized LogL: 0.346665, Best Rate: 0.3
Fault: [0,1,4,3,2,5], logL: -20.128538, Exp of LogL: 0.000000, Normalized LogL: -1.059397, Exp of Normalized LogL: 0.346665, Best Rate: 0.3
Fault: [0,1,4,3,3,5], logL: -20.128538, Exp of LogL: 0.000000, Normalized LogL: -1.059397, Exp of Normalized LogL: 0.346665, Best Rate: 0.3
Fault: [0,1,1,3,4,5], logL: -43.389988, Exp of LogL: 0.000000, Normalized LogL: -2.283684, Exp of Normalized LogL: 0.101908, Best Rate: 0.3
Fault: [0,1,3,3,4,5], logL: -43.859958, Exp of LogL: 0.000000, Normalized LogL: -2.308419, Exp of Normalized LogL: 0.099418, Best Rate: 0.3
Fault: [0,1,0,3,4,5], logL: -44.868337, Exp of LogL: 0.000000, Normalized LogL: -2.361491, Exp of Normalized LogL: 0.094280, Best Rate: 0.3

========= ADAPTIVE MC DEBUG =========
Total calls: 190
Avg tries: 180.26
Confidence stops: 190
Max stops: 0
Max stop rate: 0.000
Real Fault Rank 2
===== SEED 18 | FR=0.3 | VR=80 =====
executing with fault mode: [0,1,4,3,4,5]

Fault scores (higher is better):
Fault: [0,1,5,3,4,5], logL: -26.314186, Exp of LogL: 0.000000, Normalized LogL: -1.052567, Exp of Normalized LogL: 0.349040, Best Rate: 0.3
Fault: [0,1,4,3,4,5], logL: -26.314186, Exp of LogL: 0.000000, Normalized LogL: -1.052567, Exp of Normalized LogL: 0.349040, Best Rate: 0.3
Fault: [0,1,4,3,5,5], logL: -26.707229, Exp of LogL: 0.000000, Normalized LogL: -1.068289, Exp of Normalized LogL: 0.343596, Best Rate: 0.3
Fault: [0,1,4,3,0,5], logL: -26.707229, Exp of LogL: 0.000000, Normalized LogL: -1.068289, Exp of Normalized LogL: 0.343596, Best Rate: 0.3
Fault: [0,1,4,3,2,5], logL: -26.707229, Exp of LogL: 0.000000, Normalized LogL: -1.068289, Exp of Normalized LogL: 0.343596, Best Rate: 0.3
Fault: [0,1,4,3,3,5], logL: -26.707229, Exp of LogL: 0.000000, Normalized LogL: -1.068289, Exp of Normalized LogL: 0.343596, Best Rate: 0.3
Fault: [0,1,3,3,4,5], logL: -50.407878, Exp of LogL: 0.000000, Normalized LogL: -2.016315, Exp of Normalized LogL: 0.133145, Best Rate: 0.3
Fault: [0,1,1,3,4,5], logL: -52.265533, Exp of LogL: 0.000000, Normalized LogL: -2.090621, Exp of Normalized LogL: 0.123610, Best Rate: 0.3
Fault: [0,1,0,3,4,5], logL: -55.152331, Exp of LogL: 0.000000, Normalized LogL: -2.206093, Exp of Normalized LogL: 0.110130, Best Rate: 0.3
Fault: [0,1,2,3,4,5], logL: -76.450555, Exp of LogL: 0.000000, Normalized LogL: -3.058022, Exp of Normalized LogL: 0.046981, Best Rate: 0.3

========= ADAPTIVE MC DEBUG =========
Total calls: 250
Avg tries: 178.60
Confidence stops: 250
Max stops: 0
Max stop rate: 0.000
Real Fault Rank 2
===== SEED 18 | FR=0.3 | VR=100 =====
executing with fault mode: [0,1,4,3,4,5]

Fault scores (higher is better):
Fault: [0,1,5,3,4,5], logL: -28.212238, Exp of LogL: 0.000000, Normalized LogL: -0.910072, Exp of Normalized LogL: 0.402495, Best Rate: 0.3
Fault: [0,1,4,3,4,5], logL: -28.212238, Exp of LogL: 0.000000, Normalized LogL: -0.910072, Exp of Normalized LogL: 0.402495, Best Rate: 0.3
Fault: [0,1,4,3,5,5], logL: -28.605281, Exp of LogL: 0.000000, Normalized LogL: -0.922751, Exp of Normalized LogL: 0.397424, Best Rate: 0.3
Fault: [0,1,4,3,0,5], logL: -28.605281, Exp of LogL: 0.000000, Normalized LogL: -0.922751, Exp of Normalized LogL: 0.397424, Best Rate: 0.3
Fault: [0,1,4,3,2,5], logL: -28.605281, Exp of LogL: 0.000000, Normalized LogL: -0.922751, Exp of Normalized LogL: 0.397424, Best Rate: 0.3
Fault: [0,1,4,3,3,5], logL: -28.605281, Exp of LogL: 0.000000, Normalized LogL: -0.922751, Exp of Normalized LogL: 0.397424, Best Rate: 0.3
Fault: [0,1,3,3,4,5], logL: -54.081941, Exp of LogL: 0.000000, Normalized LogL: -1.744579, Exp of Normalized LogL: 0.174719, Best Rate: 0.3
Fault: [0,1,1,3,4,5], logL: -56.316956, Exp of LogL: 0.000000, Normalized LogL: -1.816676, Exp of Normalized LogL: 0.162565, Best Rate: 0.3
Fault: [0,1,0,3,4,5], logL: -59.336384, Exp of LogL: 0.000000, Normalized LogL: -1.914077, Exp of Normalized LogL: 0.147478, Best Rate: 0.3
Fault: [0,1,2,3,4,5], logL: -105.914151, Exp of LogL: 0.000000, Normalized LogL: -3.416586, Exp of Normalized LogL: 0.032824, Best Rate: 0.3

========= ADAPTIVE MC DEBUG =========
Total calls: 310
Avg tries: 181.61
Confidence stops: 310
Max stops: 0
Max stop rate: 0.000
Real Fault Rank 2
================= 22/08/2026 04:36:52: SEED 18 END =================
================= 22/08/2026 04:36:52: SEED 19 (18/100), a*=0 fault=[5,1,2,3,4,5] START =================
===== SEED 19 | FR=0.3 | VR=20 =====
executing with fault mode: [5,1,2,3,4,5]

executing with fault mode: [5,1,2,3,4,5]

Fault scores (higher is better):
Fault: [3,1,2,3,4,5], logL: -8.259648, Exp of LogL: 0.000259, Normalized LogL: -2.064912, Exp of Normalized LogL: 0.126829, Best Rate: 0.3
Fault: [5,1,2,4,4,5], logL: -8.277586, Exp of LogL: 0.000254, Normalized LogL: -2.069396, Exp of Normalized LogL: 0.126262, Best Rate: 0.3
Fault: [4,1,2,3,4,5], logL: -8.328641, Exp of LogL: 0.000241, Normalized LogL: -2.082160, Exp of Normalized LogL: 0.124661, Best Rate: 0.3
Fault: [5,1,2,3,4,5], logL: -8.328641, Exp of LogL: 0.000241, Normalized LogL: -2.082160, Exp of Normalized LogL: 0.124661, Best Rate: 0.3
Fault: [0,1,2,3,4,5], logL: -8.357629, Exp of LogL: 0.000235, Normalized LogL: -2.089407, Exp of Normalized LogL: 0.123760, Best Rate: 0.3
Fault: [5,1,2,0,4,5], logL: -8.471742, Exp of LogL: 0.000209, Normalized LogL: -2.117935, Exp of Normalized LogL: 0.120280, Best Rate: 0.3
Fault: [5,1,2,1,4,5], logL: -8.545850, Exp of LogL: 0.000194, Normalized LogL: -2.136462, Exp of Normalized LogL: 0.118072, Best Rate: 0.3
Fault: [5,1,2,2,4,5], logL: -8.585071, Exp of LogL: 0.000187, Normalized LogL: -2.146268, Exp of Normalized LogL: 0.116920, Best Rate: 0.3
Fault: [1,1,2,3,4,5], logL: -9.532614, Exp of LogL: 0.000072, Normalized LogL: -2.383153, Exp of Normalized LogL: 0.092259, Best Rate: 0.3
Fault: [2,1,2,3,4,5], logL: -9.589772, Exp of LogL: 0.000068, Normalized LogL: -2.397443, Exp of Normalized LogL: 0.090950, Best Rate: 0.3

========= ADAPTIVE MC DEBUG =========
Total calls: 40
Avg tries: 187.50
Confidence stops: 40
Max stops: 0
Max stop rate: 0.000
Real Fault Rank 4
===== SEED 19 | FR=0.3 | VR=40 =====
executing with fault mode: [5,1,2,3,4,5]

executing with fault mode: [5,1,2,3,4,5]

Fault scores (higher is better):
Fault: [3,1,2,3,4,5], logL: -9.867419, Exp of LogL: 0.000052, Normalized LogL: -1.233427, Exp of Normalized LogL: 0.291292, Best Rate: 0.3
Fault: [4,1,2,3,4,5], logL: -9.936412, Exp of LogL: 0.000048, Normalized LogL: -1.242051, Exp of Normalized LogL: 0.288791, Best Rate: 0.3
Fault: [5,1,2,3,4,5], logL: -9.936412, Exp of LogL: 0.000048, Normalized LogL: -1.242051, Exp of Normalized LogL: 0.288791, Best Rate: 0.3
Fault: [5,1,2,1,4,5], logL: -10.190313, Exp of LogL: 0.000038, Normalized LogL: -1.273789, Exp of Normalized LogL: 0.279770, Best Rate: 0.3
Fault: [5,1,2,0,4,5], logL: -10.190313, Exp of LogL: 0.000038, Normalized LogL: -1.273789, Exp of Normalized LogL: 0.279770, Best Rate: 0.3
Fault: [5,1,2,4,4,5], logL: -10.236833, Exp of LogL: 0.000036, Normalized LogL: -1.279604, Exp of Normalized LogL: 0.278147, Best Rate: 0.3
Fault: [5,1,2,2,4,5], logL: -10.236833, Exp of LogL: 0.000036, Normalized LogL: -1.279604, Exp of Normalized LogL: 0.278147, Best Rate: 0.3
Fault: [0,1,2,3,4,5], logL: -10.580653, Exp of LogL: 0.000025, Normalized LogL: -1.322582, Exp of Normalized LogL: 0.266447, Best Rate: 0.3
Fault: [1,1,2,3,4,5], logL: -11.580251, Exp of LogL: 0.000009, Normalized LogL: -1.447531, Exp of Normalized LogL: 0.235150, Best Rate: 0.3
Fault: [2,1,2,3,4,5], logL: -11.810775, Exp of LogL: 0.000007, Normalized LogL: -1.476347, Exp of Normalized LogL: 0.228471, Best Rate: 0.3

========= ADAPTIVE MC DEBUG =========
Total calls: 80
Avg tries: 185.62
Confidence stops: 80
Max stops: 0
Max stop rate: 0.000
Real Fault Rank 3
===== SEED 19 | FR=0.3 | VR=60 =====
executing with fault mode: [5,1,2,3,4,5]

executing with fault mode: [5,1,2,3,4,5]

Fault scores (higher is better):
Fault: [4,1,2,3,4,5], logL: -9.323622, Exp of LogL: 0.000089, Normalized LogL: -0.847602, Exp of Normalized LogL: 0.428441, Best Rate: 0.3
Fault: [5,1,2,3,4,5], logL: -9.323622, Exp of LogL: 0.000089, Normalized LogL: -0.847602, Exp of Normalized LogL: 0.428441, Best Rate: 0.3
Fault: [5,1,2,1,4,5], logL: -9.503415, Exp of LogL: 0.000075, Normalized LogL: -0.863947, Exp of Normalized LogL: 0.421495, Best Rate: 0.3
Fault: [5,1,2,0,4,5], logL: -9.503415, Exp of LogL: 0.000075, Normalized LogL: -0.863947, Exp of Normalized LogL: 0.421495, Best Rate: 0.3
Fault: [5,1,2,4,4,5], logL: -9.549935, Exp of LogL: 0.000071, Normalized LogL: -0.868176, Exp of Normalized LogL: 0.419716, Best Rate: 0.3
Fault: [5,1,2,2,4,5], logL: -9.549935, Exp of LogL: 0.000071, Normalized LogL: -0.868176, Exp of Normalized LogL: 0.419716, Best Rate: 0.3
Fault: [3,1,2,3,4,5], logL: -9.564784, Exp of LogL: 0.000070, Normalized LogL: -0.869526, Exp of Normalized LogL: 0.419150, Best Rate: 0.3
Fault: [0,1,2,3,4,5], logL: -10.563711, Exp of LogL: 0.000026, Normalized LogL: -0.960337, Exp of Normalized LogL: 0.382764, Best Rate: 0.3
Fault: [1,1,2,3,4,5], logL: -11.527077, Exp of LogL: 0.000010, Normalized LogL: -1.047916, Exp of Normalized LogL: 0.350668, Best Rate: 0.3
Fault: [2,1,2,3,4,5], logL: -12.156146, Exp of LogL: 0.000005, Normalized LogL: -1.105104, Exp of Normalized LogL: 0.331176, Best Rate: 0.3

========= ADAPTIVE MC DEBUG =========
Total calls: 110
Avg tries: 185.00
Confidence stops: 110
Max stops: 0
Max stop rate: 0.000
Real Fault Rank 2
===== SEED 19 | FR=0.3 | VR=80 =====
executing with fault mode: [5,1,2,3,4,5]

executing with fault mode: [5,1,2,3,4,5]

Fault scores (higher is better):
Fault: [4,1,2,3,4,5], logL: -11.167707, Exp of LogL: 0.000014, Normalized LogL: -0.744514, Exp of Normalized LogL: 0.474965, Best Rate: 0.3
Fault: [5,1,2,3,4,5], logL: -11.167707, Exp of LogL: 0.000014, Normalized LogL: -0.744514, Exp of Normalized LogL: 0.474965, Best Rate: 0.3
Fault: [5,1,2,0,4,5], logL: -11.356016, Exp of LogL: 0.000012, Normalized LogL: -0.757068, Exp of Normalized LogL: 0.469040, Best Rate: 0.3
Fault: [5,1,2,1,4,5], logL: -11.383415, Exp of LogL: 0.000011, Normalized LogL: -0.758894, Exp of Normalized LogL: 0.468184, Best Rate: 0.3
Fault: [5,1,2,4,4,5], logL: -11.480579, Exp of LogL: 0.000010, Normalized LogL: -0.765372, Exp of Normalized LogL: 0.465161, Best Rate: 0.3
Fault: [5,1,2,2,4,5], logL: -11.480579, Exp of LogL: 0.000010, Normalized LogL: -0.765372, Exp of Normalized LogL: 0.465161, Best Rate: 0.3
Fault: [3,1,2,3,4,5], logL: -12.099265, Exp of LogL: 0.000006, Normalized LogL: -0.806618, Exp of Normalized LogL: 0.446365, Best Rate: 0.3
Fault: [0,1,2,3,4,5], logL: -12.977564, Exp of LogL: 0.000002, Normalized LogL: -0.865171, Exp of Normalized LogL: 0.420980, Best Rate: 0.3
Fault: [1,1,2,3,4,5], logL: -14.516294, Exp of LogL: 0.000000, Normalized LogL: -0.967753, Exp of Normalized LogL: 0.379936, Best Rate: 0.3
Fault: [2,1,2,3,4,5], logL: -14.675359, Exp of LogL: 0.000000, Normalized LogL: -0.978357, Exp of Normalized LogL: 0.375928, Best Rate: 0.3

========= ADAPTIVE MC DEBUG =========
Total calls: 150
Avg tries: 185.67
Confidence stops: 150
Max stops: 0
Max stop rate: 0.000
Real Fault Rank 2
===== SEED 19 | FR=0.3 | VR=100 =====
executing with fault mode: [5,1,2,3,4,5]

executing with fault mode: [5,1,2,3,4,5]

Fault scores (higher is better):
Fault: [3,1,2,3,4,5], logL: -11.661084, Exp of LogL: 0.000009, Normalized LogL: -0.613741, Exp of Normalized LogL: 0.541322, Best Rate: 0.3
Fault: [4,1,2,3,4,5], logL: -11.708486, Exp of LogL: 0.000008, Normalized LogL: -0.616236, Exp of Normalized LogL: 0.539973, Best Rate: 0.3
Fault: [5,1,2,3,4,5], logL: -11.708486, Exp of LogL: 0.000008, Normalized LogL: -0.616236, Exp of Normalized LogL: 0.539973, Best Rate: 0.3
Fault: [5,1,2,0,4,5], logL: -11.896796, Exp of LogL: 0.000007, Normalized LogL: -0.626147, Exp of Normalized LogL: 0.534648, Best Rate: 0.3
Fault: [5,1,2,1,4,5], logL: -11.924195, Exp of LogL: 0.000007, Normalized LogL: -0.627589, Exp of Normalized LogL: 0.533877, Best Rate: 0.3
Fault: [5,1,2,4,4,5], logL: -12.021358, Exp of LogL: 0.000006, Normalized LogL: -0.632703, Exp of Normalized LogL: 0.531154, Best Rate: 0.3
Fault: [5,1,2,2,4,5], logL: -12.021358, Exp of LogL: 0.000006, Normalized LogL: -0.632703, Exp of Normalized LogL: 0.531154, Best Rate: 0.3
Fault: [0,1,2,3,4,5], logL: -12.383794, Exp of LogL: 0.000004, Normalized LogL: -0.651779, Exp of Normalized LogL: 0.521118, Best Rate: 0.3
Fault: [1,1,2,3,4,5], logL: -13.892965, Exp of LogL: 0.000001, Normalized LogL: -0.731209, Exp of Normalized LogL: 0.481327, Best Rate: 0.3
Fault: [2,1,2,3,4,5], logL: -14.310009, Exp of LogL: 0.000001, Normalized LogL: -0.753158, Exp of Normalized LogL: 0.470877, Best Rate: 0.3

========= ADAPTIVE MC DEBUG =========
Total calls: 190
Avg tries: 190.26
Confidence stops: 190
Max stops: 0
Max stop rate: 0.000
Real Fault Rank 3
================= 22/08/2026 04:37:10: SEED 19 END =================
================= 22/08/2026 04:37:10: SEED 20 (19/100), a*=2 fault=[0,1,3,3,4,5] START =================
===== SEED 20 | FR=0.3 | VR=20 =====
executing with fault mode: [0,1,3,3,4,5]

Fault scores (higher is better):
Fault: [0,1,0,3,4,5], logL: -7.505229, Exp of LogL: 0.000550, Normalized LogL: -1.876307, Exp of Normalized LogL: 0.153155, Best Rate: 0.3
Fault: [0,1,5,3,4,5], logL: -7.651081, Exp of LogL: 0.000476, Normalized LogL: -1.912770, Exp of Normalized LogL: 0.147671, Best Rate: 0.3
Fault: [0,1,4,3,4,5], logL: -7.651081, Exp of LogL: 0.000476, Normalized LogL: -1.912770, Exp of Normalized LogL: 0.147671, Best Rate: 0.3
Fault: [0,1,3,3,4,5], logL: -7.746391, Exp of LogL: 0.000432, Normalized LogL: -1.936598, Exp of Normalized LogL: 0.144194, Best Rate: 0.3
Fault: [0,1,3,0,4,5], logL: -7.784131, Exp of LogL: 0.000416, Normalized LogL: -1.946033, Exp of Normalized LogL: 0.142840, Best Rate: 0.3
Fault: [0,1,3,2,4,5], logL: -7.864174, Exp of LogL: 0.000384, Normalized LogL: -1.966043, Exp of Normalized LogL: 0.140010, Best Rate: 0.3
Fault: [0,1,3,5,4,5], logL: -7.864174, Exp of LogL: 0.000384, Normalized LogL: -1.966043, Exp of Normalized LogL: 0.140010, Best Rate: 0.3
Fault: [0,1,3,4,4,5], logL: -7.864174, Exp of LogL: 0.000384, Normalized LogL: -1.966043, Exp of Normalized LogL: 0.140010, Best Rate: 0.3
Fault: [0,1,1,3,4,5], logL: -8.116138, Exp of LogL: 0.000299, Normalized LogL: -2.029034, Exp of Normalized LogL: 0.131462, Best Rate: 0.3
Fault: [0,1,2,3,4,5], logL: -8.170205, Exp of LogL: 0.000283, Normalized LogL: -2.042551, Exp of Normalized LogL: 0.129697, Best Rate: 0.3

========= ADAPTIVE MC DEBUG =========
Total calls: 40
Avg tries: 175.00
Confidence stops: 40
Max stops: 0
Max stop rate: 0.000
Real Fault Rank 4
===== SEED 20 | FR=0.3 | VR=40 =====
executing with fault mode: [0,1,3,3,4,5]

Fault scores (higher is better):
Fault: [0,1,1,3,4,5], logL: -12.082395, Exp of LogL: 0.000006, Normalized LogL: -1.510299, Exp of Normalized LogL: 0.220844, Best Rate: 0.3
Fault: [0,1,2,3,4,5], logL: -13.048649, Exp of LogL: 0.000002, Normalized LogL: -1.631081, Exp of Normalized LogL: 0.195718, Best Rate: 0.3
Fault: [0,1,0,3,4,5], logL: -13.468405, Exp of LogL: 0.000001, Normalized LogL: -1.683551, Exp of Normalized LogL: 0.185713, Best Rate: 0.3
Fault: [0,1,5,3,4,5], logL: -13.502307, Exp of LogL: 0.000001, Normalized LogL: -1.687788, Exp of Normalized LogL: 0.184928, Best Rate: 0.3
Fault: [0,1,4,3,4,5], logL: -13.502307, Exp of LogL: 0.000001, Normalized LogL: -1.687788, Exp of Normalized LogL: 0.184928, Best Rate: 0.3
Fault: [0,1,3,2,4,5], logL: -13.597617, Exp of LogL: 0.000001, Normalized LogL: -1.699702, Exp of Normalized LogL: 0.182738, Best Rate: 0.3
Fault: [0,1,3,3,4,5], logL: -13.597617, Exp of LogL: 0.000001, Normalized LogL: -1.699702, Exp of Normalized LogL: 0.182738, Best Rate: 0.3
Fault: [0,1,3,5,4,5], logL: -13.597617, Exp of LogL: 0.000001, Normalized LogL: -1.699702, Exp of Normalized LogL: 0.182738, Best Rate: 0.3
Fault: [0,1,3,0,4,5], logL: -13.597617, Exp of LogL: 0.000001, Normalized LogL: -1.699702, Exp of Normalized LogL: 0.182738, Best Rate: 0.3
Fault: [0,1,3,4,4,5], logL: -13.597617, Exp of LogL: 0.000001, Normalized LogL: -1.699702, Exp of Normalized LogL: 0.182738, Best Rate: 0.3

========= ADAPTIVE MC DEBUG =========
Total calls: 80
Avg tries: 181.88
Confidence stops: 80
Max stops: 0
Max stop rate: 0.000
Real Fault Rank 7
===== SEED 20 | FR=0.3 | VR=60 =====
executing with fault mode: [0,1,3,3,4,5]

Fault scores (higher is better):
Fault: [0,1,2,3,4,5], logL: -17.433812, Exp of LogL: 0.000000, Normalized LogL: -1.584892, Exp of Normalized LogL: 0.204970, Best Rate: 0.3
Fault: [0,1,0,3,4,5], logL: -17.934358, Exp of LogL: 0.000000, Normalized LogL: -1.630396, Exp of Normalized LogL: 0.195852, Best Rate: 0.3
Fault: [0,1,3,2,4,5], logL: -18.187439, Exp of LogL: 0.000000, Normalized LogL: -1.653404, Exp of Normalized LogL: 0.191397, Best Rate: 0.3
Fault: [0,1,3,3,4,5], logL: -18.187439, Exp of LogL: 0.000000, Normalized LogL: -1.653404, Exp of Normalized LogL: 0.191397, Best Rate: 0.3
Fault: [0,1,3,5,4,5], logL: -18.187439, Exp of LogL: 0.000000, Normalized LogL: -1.653404, Exp of Normalized LogL: 0.191397, Best Rate: 0.3
Fault: [0,1,3,0,4,5], logL: -18.187439, Exp of LogL: 0.000000, Normalized LogL: -1.653404, Exp of Normalized LogL: 0.191397, Best Rate: 0.3
Fault: [0,1,3,4,4,5], logL: -18.187439, Exp of LogL: 0.000000, Normalized LogL: -1.653404, Exp of Normalized LogL: 0.191397, Best Rate: 0.3
Fault: [0,1,1,3,4,5], logL: -18.839669, Exp of LogL: 0.000000, Normalized LogL: -1.712697, Exp of Normalized LogL: 0.180379, Best Rate: 0.3
Fault: [0,1,5,3,4,5], logL: -19.756055, Exp of LogL: 0.000000, Normalized LogL: -1.796005, Exp of Normalized LogL: 0.165961, Best Rate: 0.3
Fault: [0,1,4,3,4,5], logL: -19.756055, Exp of LogL: 0.000000, Normalized LogL: -1.796005, Exp of Normalized LogL: 0.165961, Best Rate: 0.3

========= ADAPTIVE MC DEBUG =========
Total calls: 110
Avg tries: 177.73
Confidence stops: 110
Max stops: 0
Max stop rate: 0.000
Real Fault Rank 4
===== SEED 20 | FR=0.3 | VR=80 =====
executing with fault mode: [0,1,3,3,4,5]

Fault scores (higher is better):
Fault: [0,1,3,2,4,5], logL: -18.349280, Exp of LogL: 0.000000, Normalized LogL: -1.223285, Exp of Normalized LogL: 0.294262, Best Rate: 0.3
Fault: [0,1,3,3,4,5], logL: -18.349280, Exp of LogL: 0.000000, Normalized LogL: -1.223285, Exp of Normalized LogL: 0.294262, Best Rate: 0.3
Fault: [0,1,3,5,4,5], logL: -18.349280, Exp of LogL: 0.000000, Normalized LogL: -1.223285, Exp of Normalized LogL: 0.294262, Best Rate: 0.3
Fault: [0,1,3,0,4,5], logL: -18.349280, Exp of LogL: 0.000000, Normalized LogL: -1.223285, Exp of Normalized LogL: 0.294262, Best Rate: 0.3
Fault: [0,1,3,4,4,5], logL: -18.349280, Exp of LogL: 0.000000, Normalized LogL: -1.223285, Exp of Normalized LogL: 0.294262, Best Rate: 0.3
Fault: [0,1,0,3,4,5], logL: -19.288042, Exp of LogL: 0.000000, Normalized LogL: -1.285869, Exp of Normalized LogL: 0.276410, Best Rate: 0.3
Fault: [0,1,1,3,4,5], logL: -19.472158, Exp of LogL: 0.000000, Normalized LogL: -1.298144, Exp of Normalized LogL: 0.273038, Best Rate: 0.3
Fault: [0,1,2,3,4,5], logL: -42.908381, Exp of LogL: 0.000000, Normalized LogL: -2.860559, Exp of Normalized LogL: 0.057237, Best Rate: 0.3
Fault: [0,1,5,3,4,5], logL: -44.905405, Exp of LogL: 0.000000, Normalized LogL: -2.993694, Exp of Normalized LogL: 0.050102, Best Rate: 0.3
Fault: [0,1,4,3,4,5], logL: -44.905405, Exp of LogL: 0.000000, Normalized LogL: -2.993694, Exp of Normalized LogL: 0.050102, Best Rate: 0.3

========= ADAPTIVE MC DEBUG =========
Total calls: 150
Avg tries: 174.00
Confidence stops: 150
Max stops: 0
Max stop rate: 0.000
Real Fault Rank 2
===== SEED 20 | FR=0.3 | VR=100 =====
executing with fault mode: [0,1,3,3,4,5]

Fault scores (higher is better):
Fault: [0,1,3,2,4,5], logL: -19.395184, Exp of LogL: 0.000000, Normalized LogL: -1.020799, Exp of Normalized LogL: 0.360307, Best Rate: 0.3
Fault: [0,1,3,3,4,5], logL: -19.395184, Exp of LogL: 0.000000, Normalized LogL: -1.020799, Exp of Normalized LogL: 0.360307, Best Rate: 0.3
Fault: [0,1,3,5,4,5], logL: -19.395184, Exp of LogL: 0.000000, Normalized LogL: -1.020799, Exp of Normalized LogL: 0.360307, Best Rate: 0.3
Fault: [0,1,3,0,4,5], logL: -19.395184, Exp of LogL: 0.000000, Normalized LogL: -1.020799, Exp of Normalized LogL: 0.360307, Best Rate: 0.3
Fault: [0,1,3,4,4,5], logL: -19.395184, Exp of LogL: 0.000000, Normalized LogL: -1.020799, Exp of Normalized LogL: 0.360307, Best Rate: 0.3
Fault: [0,1,1,3,4,5], logL: -20.249079, Exp of LogL: 0.000000, Normalized LogL: -1.065741, Exp of Normalized LogL: 0.344473, Best Rate: 0.3
Fault: [0,1,0,3,4,5], logL: -20.743019, Exp of LogL: 0.000000, Normalized LogL: -1.091738, Exp of Normalized LogL: 0.335633, Best Rate: 0.3
Fault: [0,1,5,3,4,5], logL: -45.886771, Exp of LogL: 0.000000, Normalized LogL: -2.415093, Exp of Normalized LogL: 0.089359, Best Rate: 0.3
Fault: [0,1,4,3,4,5], logL: -45.886771, Exp of LogL: 0.000000, Normalized LogL: -2.415093, Exp of Normalized LogL: 0.089359, Best Rate: 0.3
Fault: [0,1,2,3,4,5], logL: -69.458141, Exp of LogL: 0.000000, Normalized LogL: -3.655692, Exp of Normalized LogL: 0.025844, Best Rate: 0.3

========= ADAPTIVE MC DEBUG =========
Total calls: 190
Avg tries: 176.32
Confidence stops: 190
Max stops: 0
Max stop rate: 0.000
Real Fault Rank 2
================= 22/08/2026 04:37:28: SEED 20 END =================
================= 22/08/2026 04:37:28: SEED 21 (20/100), a*=1 fault=[0,4,2,3,4,5] START =================
===== SEED 21 | FR=0.3 | VR=20 =====
executing with fault mode: [0,4,2,3,4,5]

executing with fault mode: [0,4,2,3,4,5]

Fault scores (higher is better):
Fault: [0,4,2,3,3,5], logL: -4.124666, Exp of LogL: 0.016169, Normalized LogL: -1.374889, Exp of Normalized LogL: 0.252868, Best Rate: 0.3
Fault: [0,4,2,3,1,5], logL: -4.124666, Exp of LogL: 0.016169, Normalized LogL: -1.374889, Exp of Normalized LogL: 0.252868, Best Rate: 0.3
Fault: [0,4,2,3,4,5], logL: -4.392930, Exp of LogL: 0.012364, Normalized LogL: -1.464310, Exp of Normalized LogL: 0.231237, Best Rate: 0.3
Fault: [0,5,2,3,4,5], logL: -4.392930, Exp of LogL: 0.012364, Normalized LogL: -1.464310, Exp of Normalized LogL: 0.231237, Best Rate: 0.3
Fault: [0,2,2,3,4,5], logL: -4.498291, Exp of LogL: 0.011128, Normalized LogL: -1.499430, Exp of Normalized LogL: 0.223257, Best Rate: 0.3
Fault: [0,4,2,3,0,5], logL: -4.606504, Exp of LogL: 0.009987, Normalized LogL: -1.535501, Exp of Normalized LogL: 0.215348, Best Rate: 0.3
Fault: [0,4,2,3,2,5], logL: -4.706588, Exp of LogL: 0.009036, Normalized LogL: -1.568863, Exp of Normalized LogL: 0.208282, Best Rate: 0.3
Fault: [0,1,2,3,4,5], logL: -4.990767, Exp of LogL: 0.006800, Normalized LogL: -1.663589, Exp of Normalized LogL: 0.189458, Best Rate: 0.3
Fault: [0,3,2,3,4,5], logL: -5.779225, Exp of LogL: 0.003091, Normalized LogL: -1.926408, Exp of Normalized LogL: 0.145670, Best Rate: 0.3
Fault: [0,0,2,3,4,5], logL: -5.779225, Exp of LogL: 0.003091, Normalized LogL: -1.926408, Exp of Normalized LogL: 0.145670, Best Rate: 0.3

========= ADAPTIVE MC DEBUG =========
Total calls: 30
Avg tries: 166.67
Confidence stops: 30
Max stops: 0
Max stop rate: 0.000
Real Fault Rank 3
===== SEED 21 | FR=0.3 | VR=40 =====
executing with fault mode: [0,4,2,3,4,5]

executing with fault mode: [0,4,2,3,4,5]

Fault scores (higher is better):
Fault: [0,4,2,3,4,5], logL: -5.052521, Exp of LogL: 0.006393, Normalized LogL: -1.010504, Exp of Normalized LogL: 0.364035, Best Rate: 0.3
Fault: [0,5,2,3,4,5], logL: -5.052521, Exp of LogL: 0.006393, Normalized LogL: -1.010504, Exp of Normalized LogL: 0.364035, Best Rate: 0.3
Fault: [0,2,2,3,4,5], logL: -5.157881, Exp of LogL: 0.005754, Normalized LogL: -1.031576, Exp of Normalized LogL: 0.356445, Best Rate: 0.3
Fault: [0,4,2,3,2,5], logL: -5.589914, Exp of LogL: 0.003735, Normalized LogL: -1.117983, Exp of Normalized LogL: 0.326939, Best Rate: 0.3
Fault: [0,4,2,3,3,5], logL: -5.589914, Exp of LogL: 0.003735, Normalized LogL: -1.117983, Exp of Normalized LogL: 0.326939, Best Rate: 0.3
Fault: [0,4,2,3,1,5], logL: -5.589914, Exp of LogL: 0.003735, Normalized LogL: -1.117983, Exp of Normalized LogL: 0.326939, Best Rate: 0.3
Fault: [0,4,2,3,0,5], logL: -5.589914, Exp of LogL: 0.003735, Normalized LogL: -1.117983, Exp of Normalized LogL: 0.326939, Best Rate: 0.3
Fault: [0,1,2,3,4,5], logL: -5.650358, Exp of LogL: 0.003516, Normalized LogL: -1.130072, Exp of Normalized LogL: 0.323010, Best Rate: 0.3
Fault: [0,3,2,3,4,5], logL: -6.438815, Exp of LogL: 0.001598, Normalized LogL: -1.287763, Exp of Normalized LogL: 0.275887, Best Rate: 0.3
Fault: [0,0,2,3,4,5], logL: -6.438815, Exp of LogL: 0.001598, Normalized LogL: -1.287763, Exp of Normalized LogL: 0.275887, Best Rate: 0.3

========= ADAPTIVE MC DEBUG =========
Total calls: 50
Avg tries: 180.00
Confidence stops: 50
Max stops: 0
Max stop rate: 0.000
Real Fault Rank 1
===== SEED 21 | FR=0.3 | VR=60 =====
executing with fault mode: [0,4,2,3,4,5]

executing with fault mode: [0,4,2,3,4,5]

Fault scores (higher is better):
Fault: [0,4,2,3,4,5], logL: -5.609926, Exp of LogL: 0.003661, Normalized LogL: -0.801418, Exp of Normalized LogL: 0.448692, Best Rate: 0.3
Fault: [0,5,2,3,4,5], logL: -5.609926, Exp of LogL: 0.003661, Normalized LogL: -0.801418, Exp of Normalized LogL: 0.448692, Best Rate: 0.3
Fault: [0,2,2,3,4,5], logL: -5.997691, Exp of LogL: 0.002484, Normalized LogL: -0.856813, Exp of Normalized LogL: 0.424513, Best Rate: 0.3
Fault: [0,4,2,3,2,5], logL: -6.147318, Exp of LogL: 0.002139, Normalized LogL: -0.878188, Exp of Normalized LogL: 0.415535, Best Rate: 0.3
Fault: [0,4,2,3,3,5], logL: -6.147318, Exp of LogL: 0.002139, Normalized LogL: -0.878188, Exp of Normalized LogL: 0.415535, Best Rate: 0.3
Fault: [0,4,2,3,1,5], logL: -6.147318, Exp of LogL: 0.002139, Normalized LogL: -0.878188, Exp of Normalized LogL: 0.415535, Best Rate: 0.3
Fault: [0,4,2,3,0,5], logL: -6.147318, Exp of LogL: 0.002139, Normalized LogL: -0.878188, Exp of Normalized LogL: 0.415535, Best Rate: 0.3
Fault: [0,1,2,3,4,5], logL: -6.268866, Exp of LogL: 0.001894, Normalized LogL: -0.895552, Exp of Normalized LogL: 0.408382, Best Rate: 0.3
Fault: [0,3,2,3,4,5], logL: -6.904413, Exp of LogL: 0.001003, Normalized LogL: -0.986345, Exp of Normalized LogL: 0.372937, Best Rate: 0.3
Fault: [0,0,2,3,4,5], logL: -7.332692, Exp of LogL: 0.000654, Normalized LogL: -1.047527, Exp of Normalized LogL: 0.350804, Best Rate: 0.3

========= ADAPTIVE MC DEBUG =========
Total calls: 70
Avg tries: 177.86
Confidence stops: 70
Max stops: 0
Max stop rate: 0.000
Real Fault Rank 1
===== SEED 21 | FR=0.3 | VR=80 =====
executing with fault mode: [0,4,2,3,4,5]

executing with fault mode: [0,4,2,3,4,5]

Fault scores (higher is better):
Fault: [0,2,2,3,4,5], logL: -6.275723, Exp of LogL: 0.001881, Normalized LogL: -0.697303, Exp of Normalized LogL: 0.497927, Best Rate: 0.3
Fault: [0,4,2,3,4,5], logL: -6.336348, Exp of LogL: 0.001771, Normalized LogL: -0.704039, Exp of Normalized LogL: 0.494584, Best Rate: 0.3
Fault: [0,5,2,3,4,5], logL: -6.336348, Exp of LogL: 0.001771, Normalized LogL: -0.704039, Exp of Normalized LogL: 0.494584, Best Rate: 0.3
Fault: [0,1,2,3,4,5], logL: -6.395103, Exp of LogL: 0.001670, Normalized LogL: -0.710567, Exp of Normalized LogL: 0.491366, Best Rate: 0.3
Fault: [0,4,2,3,2,5], logL: -6.873740, Exp of LogL: 0.001035, Normalized LogL: -0.763749, Exp of Normalized LogL: 0.465916, Best Rate: 0.3
Fault: [0,4,2,3,3,5], logL: -6.873740, Exp of LogL: 0.001035, Normalized LogL: -0.763749, Exp of Normalized LogL: 0.465916, Best Rate: 0.3
Fault: [0,4,2,3,1,5], logL: -6.873740, Exp of LogL: 0.001035, Normalized LogL: -0.763749, Exp of Normalized LogL: 0.465916, Best Rate: 0.3
Fault: [0,4,2,3,0,5], logL: -6.873740, Exp of LogL: 0.001035, Normalized LogL: -0.763749, Exp of Normalized LogL: 0.465916, Best Rate: 0.3
Fault: [0,0,2,3,4,5], logL: -6.945412, Exp of LogL: 0.000963, Normalized LogL: -0.771712, Exp of Normalized LogL: 0.462221, Best Rate: 0.3
Fault: [0,3,2,3,4,5], logL: -7.014228, Exp of LogL: 0.000899, Normalized LogL: -0.779359, Exp of Normalized LogL: 0.458700, Best Rate: 0.3

========= ADAPTIVE MC DEBUG =========
Total calls: 90
Avg tries: 186.67
Confidence stops: 90
Max stops: 0
Max stop rate: 0.000
Real Fault Rank 2
===== SEED 21 | FR=0.3 | VR=100 =====
executing with fault mode: [0,4,2,3,4,5]

executing with fault mode: [0,4,2,3,4,5]

Fault scores (higher is better):
Fault: [0,2,2,3,4,5], logL: -6.217165, Exp of LogL: 0.001995, Normalized LogL: -0.518097, Exp of Normalized LogL: 0.595653, Best Rate: 0.3
Fault: [0,4,2,3,4,5], logL: -6.300162, Exp of LogL: 0.001836, Normalized LogL: -0.525013, Exp of Normalized LogL: 0.591547, Best Rate: 0.3
Fault: [0,5,2,3,4,5], logL: -6.300162, Exp of LogL: 0.001836, Normalized LogL: -0.525013, Exp of Normalized LogL: 0.591547, Best Rate: 0.3
Fault: [0,1,2,3,4,5], logL: -6.409523, Exp of LogL: 0.001646, Normalized LogL: -0.534127, Exp of Normalized LogL: 0.586181, Best Rate: 0.3
Fault: [0,4,2,3,2,5], logL: -6.614872, Exp of LogL: 0.001340, Normalized LogL: -0.551239, Exp of Normalized LogL: 0.576235, Best Rate: 0.3
Fault: [0,4,2,3,3,5], logL: -6.614872, Exp of LogL: 0.001340, Normalized LogL: -0.551239, Exp of Normalized LogL: 0.576235, Best Rate: 0.3
Fault: [0,4,2,3,1,5], logL: -6.614872, Exp of LogL: 0.001340, Normalized LogL: -0.551239, Exp of Normalized LogL: 0.576235, Best Rate: 0.3
Fault: [0,4,2,3,0,5], logL: -6.614872, Exp of LogL: 0.001340, Normalized LogL: -0.551239, Exp of Normalized LogL: 0.576235, Best Rate: 0.3
Fault: [0,0,2,3,4,5], logL: -6.909226, Exp of LogL: 0.000999, Normalized LogL: -0.575769, Exp of Normalized LogL: 0.562272, Best Rate: 0.3
Fault: [0,3,2,3,4,5], logL: -6.981544, Exp of LogL: 0.000929, Normalized LogL: -0.581795, Exp of Normalized LogL: 0.558894, Best Rate: 0.3

========= ADAPTIVE MC DEBUG =========
Total calls: 120
Avg tries: 183.33
Confidence stops: 120
Max stops: 0
Max stop rate: 0.000
Real Fault Rank 2
================= 22/08/2026 04:37:39: SEED 21 END =================
================= 22/08/2026 04:37:39: SEED 22 (21/100), a*=1 fault=[0,0,2,3,4,5] START =================
===== SEED 22 | FR=0.3 | VR=20 =====
executing with fault mode: [0,0,2,3,4,5]

Fault scores (higher is better):
Fault: [0,0,2,3,4,5], logL: -13.769660, Exp of LogL: 0.000001, Normalized LogL: -1.721207, Exp of Normalized LogL: 0.178850, Best Rate: 0.3
Fault: [0,0,2,3,2,5], logL: -13.818450, Exp of LogL: 0.000001, Normalized LogL: -1.727306, Exp of Normalized LogL: 0.177763, Best Rate: 0.3
Fault: [0,0,2,3,0,5], logL: -13.818450, Exp of LogL: 0.000001, Normalized LogL: -1.727306, Exp of Normalized LogL: 0.177763, Best Rate: 0.3
Fault: [0,0,2,3,3,5], logL: -13.869743, Exp of LogL: 0.000001, Normalized LogL: -1.733718, Exp of Normalized LogL: 0.176627, Best Rate: 0.3
Fault: [0,0,2,3,5,5], logL: -13.869743, Exp of LogL: 0.000001, Normalized LogL: -1.733718, Exp of Normalized LogL: 0.176627, Best Rate: 0.3
Fault: [0,2,2,3,4,5], logL: -15.915956, Exp of LogL: 0.000000, Normalized LogL: -1.989495, Exp of Normalized LogL: 0.136765, Best Rate: 0.3
Fault: [0,4,2,3,4,5], logL: -15.986904, Exp of LogL: 0.000000, Normalized LogL: -1.998363, Exp of Normalized LogL: 0.135557, Best Rate: 0.3
Fault: [0,5,2,3,4,5], logL: -15.986904, Exp of LogL: 0.000000, Normalized LogL: -1.998363, Exp of Normalized LogL: 0.135557, Best Rate: 0.3
Fault: [0,3,2,3,4,5], logL: -16.809929, Exp of LogL: 0.000000, Normalized LogL: -2.101241, Exp of Normalized LogL: 0.122305, Best Rate: 0.3
Fault: [0,1,2,3,4,5], logL: -18.848888, Exp of LogL: 0.000000, Normalized LogL: -2.356111, Exp of Normalized LogL: 0.094788, Best Rate: 0.3

========= ADAPTIVE MC DEBUG =========
Total calls: 80
Avg tries: 182.50
Confidence stops: 80
Max stops: 0
Max stop rate: 0.000
Real Fault Rank 1
===== SEED 22 | FR=0.3 | VR=40 =====
executing with fault mode: [0,0,2,3,4,5]

Fault scores (higher is better):
Fault: [0,0,2,3,4,5], logL: -21.024115, Exp of LogL: 0.000000, Normalized LogL: -1.401608, Exp of Normalized LogL: 0.246201, Best Rate: 0.3
Fault: [0,0,2,3,3,5], logL: -21.141898, Exp of LogL: 0.000000, Normalized LogL: -1.409460, Exp of Normalized LogL: 0.244275, Best Rate: 0.3
Fault: [0,0,2,3,5,5], logL: -21.141898, Exp of LogL: 0.000000, Normalized LogL: -1.409460, Exp of Normalized LogL: 0.244275, Best Rate: 0.3
Fault: [0,0,2,3,2,5], logL: -21.275430, Exp of LogL: 0.000000, Normalized LogL: -1.418362, Exp of Normalized LogL: 0.242110, Best Rate: 0.3
Fault: [0,0,2,3,0,5], logL: -21.349538, Exp of LogL: 0.000000, Normalized LogL: -1.423303, Exp of Normalized LogL: 0.240917, Best Rate: 0.3
Fault: [0,2,2,3,4,5], logL: -24.886669, Exp of LogL: 0.000000, Normalized LogL: -1.659111, Exp of Normalized LogL: 0.190308, Best Rate: 0.3
Fault: [0,3,2,3,4,5], logL: -26.302931, Exp of LogL: 0.000000, Normalized LogL: -1.753529, Exp of Normalized LogL: 0.173162, Best Rate: 0.3
Fault: [0,4,2,3,4,5], logL: -73.704587, Exp of LogL: 0.000000, Normalized LogL: -4.913639, Exp of Normalized LogL: 0.007346, Best Rate: 0.3
Fault: [0,5,2,3,4,5], logL: -73.704587, Exp of LogL: 0.000000, Normalized LogL: -4.913639, Exp of Normalized LogL: 0.007346, Best Rate: 0.3
Fault: [0,1,2,3,4,5], logL: -74.348058, Exp of LogL: 0.000000, Normalized LogL: -4.956537, Exp of Normalized LogL: 0.007037, Best Rate: 0.3

========= ADAPTIVE MC DEBUG =========
Total calls: 150
Avg tries: 171.00
Confidence stops: 150
Max stops: 0
Max stop rate: 0.000
Real Fault Rank 1
===== SEED 22 | FR=0.3 | VR=60 =====
executing with fault mode: [0,0,2,3,4,5]

Fault scores (higher is better):
Fault: [0,0,2,3,4,5], logL: -26.400430, Exp of LogL: 0.000000, Normalized LogL: -1.200020, Exp of Normalized LogL: 0.301188, Best Rate: 0.3
Fault: [0,0,2,3,3,5], logL: -26.572280, Exp of LogL: 0.000000, Normalized LogL: -1.207831, Exp of Normalized LogL: 0.298845, Best Rate: 0.3
Fault: [0,0,2,3,5,5], logL: -26.572280, Exp of LogL: 0.000000, Normalized LogL: -1.207831, Exp of Normalized LogL: 0.298845, Best Rate: 0.3
Fault: [0,0,2,3,0,5], logL: -26.779919, Exp of LogL: 0.000000, Normalized LogL: -1.217269, Exp of Normalized LogL: 0.296038, Best Rate: 0.3
Fault: [0,0,2,3,2,5], logL: -26.819140, Exp of LogL: 0.000000, Normalized LogL: -1.219052, Exp of Normalized LogL: 0.295510, Best Rate: 0.3
Fault: [0,2,2,3,4,5], logL: -29.651329, Exp of LogL: 0.000000, Normalized LogL: -1.347788, Exp of Normalized LogL: 0.259814, Best Rate: 0.3
Fault: [0,3,2,3,4,5], logL: -57.121607, Exp of LogL: 0.000000, Normalized LogL: -2.596437, Exp of Normalized LogL: 0.074539, Best Rate: 0.3
Fault: [0,1,2,3,4,5], logL: -105.260416, Exp of LogL: 0.000000, Normalized LogL: -4.784564, Exp of Normalized LogL: 0.008358, Best Rate: 0.3
Fault: [0,4,2,3,4,5], logL: -106.838294, Exp of LogL: 0.000000, Normalized LogL: -4.856286, Exp of Normalized LogL: 0.007779, Best Rate: 0.3
Fault: [0,5,2,3,4,5], logL: -106.838294, Exp of LogL: 0.000000, Normalized LogL: -4.856286, Exp of Normalized LogL: 0.007779, Best Rate: 0.3

========= ADAPTIVE MC DEBUG =========
Total calls: 220
Avg tries: 173.18
Confidence stops: 220
Max stops: 0
Max stop rate: 0.000
Real Fault Rank 1
===== SEED 22 | FR=0.3 | VR=80 =====
executing with fault mode: [0,0,2,3,4,5]

Fault scores (higher is better):
Fault: [0,0,2,3,4,5], logL: -29.591260, Exp of LogL: 0.000000, Normalized LogL: -1.020388, Exp of Normalized LogL: 0.360455, Best Rate: 0.3
Fault: [0,0,2,3,2,5], logL: -29.806105, Exp of LogL: 0.000000, Normalized LogL: -1.027797, Exp of Normalized LogL: 0.357794, Best Rate: 0.3
Fault: [0,0,2,3,0,5], logL: -29.806105, Exp of LogL: 0.000000, Normalized LogL: -1.027797, Exp of Normalized LogL: 0.357794, Best Rate: 0.3
Fault: [0,0,2,3,3,5], logL: -29.806105, Exp of LogL: 0.000000, Normalized LogL: -1.027797, Exp of Normalized LogL: 0.357794, Best Rate: 0.3
Fault: [0,0,2,3,5,5], logL: -29.806105, Exp of LogL: 0.000000, Normalized LogL: -1.027797, Exp of Normalized LogL: 0.357794, Best Rate: 0.3
Fault: [0,2,2,3,4,5], logL: -32.544804, Exp of LogL: 0.000000, Normalized LogL: -1.122235, Exp of Normalized LogL: 0.325551, Best Rate: 0.3
Fault: [0,3,2,3,4,5], logL: -60.003125, Exp of LogL: 0.000000, Normalized LogL: -2.069073, Exp of Normalized LogL: 0.126303, Best Rate: 0.3
Fault: [0,1,2,3,4,5], logL: -107.220691, Exp of LogL: 0.000000, Normalized LogL: -3.697265, Exp of Normalized LogL: 0.024791, Best Rate: 0.3
Fault: [0,4,2,3,4,5], logL: -109.667231, Exp of LogL: 0.000000, Normalized LogL: -3.781629, Exp of Normalized LogL: 0.022786, Best Rate: 0.3
Fault: [0,5,2,3,4,5], logL: -109.667231, Exp of LogL: 0.000000, Normalized LogL: -3.781629, Exp of Normalized LogL: 0.022786, Best Rate: 0.3

========= ADAPTIVE MC DEBUG =========
Total calls: 290
Avg tries: 177.07
Confidence stops: 290
Max stops: 0
Max stop rate: 0.000
Real Fault Rank 1
===== SEED 22 | FR=0.3 | VR=100 =====
executing with fault mode: [0,0,2,3,4,5]

Fault scores (higher is better):
Fault: [0,0,2,3,4,5], logL: -33.486698, Exp of LogL: 0.000000, Normalized LogL: -0.930186, Exp of Normalized LogL: 0.394480, Best Rate: 0.3
Fault: [0,0,2,3,2,5], logL: -33.701543, Exp of LogL: 0.000000, Normalized LogL: -0.936154, Exp of Normalized LogL: 0.392133, Best Rate: 0.3
Fault: [0,0,2,3,0,5], logL: -33.701543, Exp of LogL: 0.000000, Normalized LogL: -0.936154, Exp of Normalized LogL: 0.392133, Best Rate: 0.3
Fault: [0,0,2,3,3,5], logL: -33.701543, Exp of LogL: 0.000000, Normalized LogL: -0.936154, Exp of Normalized LogL: 0.392133, Best Rate: 0.3
Fault: [0,0,2,3,5,5], logL: -33.701543, Exp of LogL: 0.000000, Normalized LogL: -0.936154, Exp of Normalized LogL: 0.392133, Best Rate: 0.3
Fault: [0,2,2,3,4,5], logL: -36.888727, Exp of LogL: 0.000000, Normalized LogL: -1.024687, Exp of Normalized LogL: 0.358909, Best Rate: 0.3
Fault: [0,3,2,3,4,5], logL: -88.045175, Exp of LogL: 0.000000, Normalized LogL: -2.445699, Exp of Normalized LogL: 0.086666, Best Rate: 0.3
Fault: [0,1,2,3,4,5], logL: -134.759767, Exp of LogL: 0.000000, Normalized LogL: -3.743327, Exp of Normalized LogL: 0.023675, Best Rate: 0.3
Fault: [0,4,2,3,4,5], logL: -137.072077, Exp of LogL: 0.000000, Normalized LogL: -3.807558, Exp of Normalized LogL: 0.022202, Best Rate: 0.3
Fault: [0,5,2,3,4,5], logL: -137.072077, Exp of LogL: 0.000000, Normalized LogL: -3.807558, Exp of Normalized LogL: 0.022202, Best Rate: 0.3

========= ADAPTIVE MC DEBUG =========
Total calls: 360
Avg tries: 180.56
Confidence stops: 360
Max stops: 0
Max stop rate: 0.000
Real Fault Rank 1
================= 22/08/2026 04:38:13: SEED 22 END =================
================= 22/08/2026 04:38:13: SEED 24 (22/100), a*=3 fault=[0,1,2,4,4,5] START =================
===== SEED 24 | FR=0.3 | VR=20 =====
executing with fault mode: [0,1,2,4,4,5]

executing with fault mode: [0,1,2,4,4,5]

Fault scores (higher is better):
Fault: [0,1,2,3,4,5], logL: -11.058670, Exp of LogL: 0.000016, Normalized LogL: -2.211734, Exp of Normalized LogL: 0.109511, Best Rate: 0.3
Fault: [0,1,2,5,4,5], logL: -11.201771, Exp of LogL: 0.000014, Normalized LogL: -2.240354, Exp of Normalized LogL: 0.106421, Best Rate: 0.3
Fault: [0,1,2,4,4,5], logL: -11.201771, Exp of LogL: 0.000014, Normalized LogL: -2.240354, Exp of Normalized LogL: 0.106421, Best Rate: 0.3
Fault: [0,1,2,4,0,5], logL: -11.424915, Exp of LogL: 0.000011, Normalized LogL: -2.284983, Exp of Normalized LogL: 0.101776, Best Rate: 0.3
Fault: [0,1,2,4,1,5], logL: -11.424915, Exp of LogL: 0.000011, Normalized LogL: -2.284983, Exp of Normalized LogL: 0.101776, Best Rate: 0.3
Fault: [0,1,2,4,3,5], logL: -11.424915, Exp of LogL: 0.000011, Normalized LogL: -2.284983, Exp of Normalized LogL: 0.101776, Best Rate: 0.3
Fault: [0,1,2,4,2,5], logL: -11.424915, Exp of LogL: 0.000011, Normalized LogL: -2.284983, Exp of Normalized LogL: 0.101776, Best Rate: 0.3
Fault: [0,1,2,1,4,5], logL: -11.626654, Exp of LogL: 0.000009, Normalized LogL: -2.325331, Exp of Normalized LogL: 0.097751, Best Rate: 0.3
Fault: [0,1,2,0,4,5], logL: -11.751817, Exp of LogL: 0.000008, Normalized LogL: -2.350363, Exp of Normalized LogL: 0.095335, Best Rate: 0.3
Fault: [0,1,2,2,4,5], logL: -11.820810, Exp of LogL: 0.000007, Normalized LogL: -2.364162, Exp of Normalized LogL: 0.094028, Best Rate: 0.3

========= ADAPTIVE MC DEBUG =========
Total calls: 50
Avg tries: 180.00
Confidence stops: 50
Max stops: 0
Max stop rate: 0.000
Real Fault Rank 3
===== SEED 24 | FR=0.3 | VR=40 =====
executing with fault mode: [0,1,2,4,4,5]

executing with fault mode: [0,1,2,4,4,5]

Fault scores (higher is better):
Fault: [0,1,2,5,4,5], logL: -13.626592, Exp of LogL: 0.000001, Normalized LogL: -1.514066, Exp of Normalized LogL: 0.220014, Best Rate: 0.3
Fault: [0,1,2,4,4,5], logL: -13.626592, Exp of LogL: 0.000001, Normalized LogL: -1.514066, Exp of Normalized LogL: 0.220014, Best Rate: 0.3
Fault: [0,1,2,4,0,5], logL: -13.849735, Exp of LogL: 0.000001, Normalized LogL: -1.538859, Exp of Normalized LogL: 0.214626, Best Rate: 0.3
Fault: [0,1,2,4,1,5], logL: -13.849735, Exp of LogL: 0.000001, Normalized LogL: -1.538859, Exp of Normalized LogL: 0.214626, Best Rate: 0.3
Fault: [0,1,2,4,3,5], logL: -13.849735, Exp of LogL: 0.000001, Normalized LogL: -1.538859, Exp of Normalized LogL: 0.214626, Best Rate: 0.3
Fault: [0,1,2,4,2,5], logL: -13.849735, Exp of LogL: 0.000001, Normalized LogL: -1.538859, Exp of Normalized LogL: 0.214626, Best Rate: 0.3
Fault: [0,1,2,3,4,5], logL: -39.792239, Exp of LogL: 0.000000, Normalized LogL: -4.421360, Exp of Normalized LogL: 0.012018, Best Rate: 0.3
Fault: [0,1,2,1,4,5], logL: -39.915201, Exp of LogL: 0.000000, Normalized LogL: -4.435022, Exp of Normalized LogL: 0.011855, Best Rate: 0.3
Fault: [0,1,2,0,4,5], logL: -40.066241, Exp of LogL: 0.000000, Normalized LogL: -4.451805, Exp of Normalized LogL: 0.011658, Best Rate: 0.3
Fault: [0,1,2,2,4,5], logL: -40.110693, Exp of LogL: 0.000000, Normalized LogL: -4.456744, Exp of Normalized LogL: 0.011600, Best Rate: 0.3

========= ADAPTIVE MC DEBUG =========
Total calls: 90
Avg tries: 181.11
Confidence stops: 90
Max stops: 0
Max stop rate: 0.000
Real Fault Rank 2
===== SEED 24 | FR=0.3 | VR=60 =====
executing with fault mode: [0,1,2,4,4,5]

executing with fault mode: [0,1,2,4,4,5]

Fault scores (higher is better):
Fault: [0,1,2,5,4,5], logL: -13.875175, Exp of LogL: 0.000001, Normalized LogL: -1.067321, Exp of Normalized LogL: 0.343929, Best Rate: 0.3
Fault: [0,1,2,4,4,5], logL: -13.875175, Exp of LogL: 0.000001, Normalized LogL: -1.067321, Exp of Normalized LogL: 0.343929, Best Rate: 0.3
Fault: [0,1,2,4,0,5], logL: -14.098318, Exp of LogL: 0.000001, Normalized LogL: -1.084486, Exp of Normalized LogL: 0.338076, Best Rate: 0.3
Fault: [0,1,2,4,1,5], logL: -14.098318, Exp of LogL: 0.000001, Normalized LogL: -1.084486, Exp of Normalized LogL: 0.338076, Best Rate: 0.3
Fault: [0,1,2,4,3,5], logL: -14.098318, Exp of LogL: 0.000001, Normalized LogL: -1.084486, Exp of Normalized LogL: 0.338076, Best Rate: 0.3
Fault: [0,1,2,4,2,5], logL: -14.098318, Exp of LogL: 0.000001, Normalized LogL: -1.084486, Exp of Normalized LogL: 0.338076, Best Rate: 0.3
Fault: [0,1,2,3,4,5], logL: -40.040823, Exp of LogL: 0.000000, Normalized LogL: -3.080063, Exp of Normalized LogL: 0.045956, Best Rate: 0.3
Fault: [0,1,2,1,4,5], logL: -40.163784, Exp of LogL: 0.000000, Normalized LogL: -3.089522, Exp of Normalized LogL: 0.045524, Best Rate: 0.3
Fault: [0,1,2,0,4,5], logL: -40.314825, Exp of LogL: 0.000000, Normalized LogL: -3.101140, Exp of Normalized LogL: 0.044998, Best Rate: 0.3
Fault: [0,1,2,2,4,5], logL: -40.359276, Exp of LogL: 0.000000, Normalized LogL: -3.104560, Exp of Normalized LogL: 0.044844, Best Rate: 0.3

========= ADAPTIVE MC DEBUG =========
Total calls: 130
Avg tries: 179.23
Confidence stops: 130
Max stops: 0
Max stop rate: 0.000
Real Fault Rank 2
===== SEED 24 | FR=0.3 | VR=80 =====
executing with fault mode: [0,1,2,4,4,5]

executing with fault mode: [0,1,2,4,4,5]

Fault scores (higher is better):
Fault: [0,1,2,5,4,5], logL: -17.180680, Exp of LogL: 0.000000, Normalized LogL: -1.010628, Exp of Normalized LogL: 0.363990, Best Rate: 0.3
Fault: [0,1,2,4,4,5], logL: -17.180680, Exp of LogL: 0.000000, Normalized LogL: -1.010628, Exp of Normalized LogL: 0.363990, Best Rate: 0.3
Fault: [0,1,2,4,0,5], logL: -17.546784, Exp of LogL: 0.000000, Normalized LogL: -1.032164, Exp of Normalized LogL: 0.356235, Best Rate: 0.3
Fault: [0,1,2,4,1,5], logL: -17.546784, Exp of LogL: 0.000000, Normalized LogL: -1.032164, Exp of Normalized LogL: 0.356235, Best Rate: 0.3
Fault: [0,1,2,4,3,5], logL: -17.546784, Exp of LogL: 0.000000, Normalized LogL: -1.032164, Exp of Normalized LogL: 0.356235, Best Rate: 0.3
Fault: [0,1,2,4,2,5], logL: -17.546784, Exp of LogL: 0.000000, Normalized LogL: -1.032164, Exp of Normalized LogL: 0.356235, Best Rate: 0.3
Fault: [0,1,2,3,4,5], logL: -42.932600, Exp of LogL: 0.000000, Normalized LogL: -2.525447, Exp of Normalized LogL: 0.080023, Best Rate: 0.3
Fault: [0,1,2,0,4,5], logL: -43.362994, Exp of LogL: 0.000000, Normalized LogL: -2.550764, Exp of Normalized LogL: 0.078022, Best Rate: 0.3
Fault: [0,1,2,1,4,5], logL: -43.370140, Exp of LogL: 0.000000, Normalized LogL: -2.551185, Exp of Normalized LogL: 0.077989, Best Rate: 0.3
Fault: [0,1,2,2,4,5], logL: -43.502368, Exp of LogL: 0.000000, Normalized LogL: -2.558963, Exp of Normalized LogL: 0.077385, Best Rate: 0.3

========= ADAPTIVE MC DEBUG =========
Total calls: 170
Avg tries: 184.12
Confidence stops: 170
Max stops: 0
Max stop rate: 0.000
Real Fault Rank 2
===== SEED 24 | FR=0.3 | VR=100 =====
executing with fault mode: [0,1,2,4,4,5]

executing with fault mode: [0,1,2,4,4,5]

Fault scores (higher is better):
Fault: [0,1,2,5,4,5], logL: -17.528607, Exp of LogL: 0.000000, Normalized LogL: -0.834696, Exp of Normalized LogL: 0.434007, Best Rate: 0.3
Fault: [0,1,2,4,4,5], logL: -17.528607, Exp of LogL: 0.000000, Normalized LogL: -0.834696, Exp of Normalized LogL: 0.434007, Best Rate: 0.3
Fault: [0,1,2,4,0,5], logL: -17.921650, Exp of LogL: 0.000000, Normalized LogL: -0.853412, Exp of Normalized LogL: 0.425959, Best Rate: 0.3
Fault: [0,1,2,4,1,5], logL: -17.921650, Exp of LogL: 0.000000, Normalized LogL: -0.853412, Exp of Normalized LogL: 0.425959, Best Rate: 0.3
Fault: [0,1,2,4,3,5], logL: -17.921650, Exp of LogL: 0.000000, Normalized LogL: -0.853412, Exp of Normalized LogL: 0.425959, Best Rate: 0.3
Fault: [0,1,2,4,2,5], logL: -17.921650, Exp of LogL: 0.000000, Normalized LogL: -0.853412, Exp of Normalized LogL: 0.425959, Best Rate: 0.3
Fault: [0,1,2,3,4,5], logL: -43.280527, Exp of LogL: 0.000000, Normalized LogL: -2.060977, Exp of Normalized LogL: 0.127329, Best Rate: 0.3
Fault: [0,1,2,0,4,5], logL: -43.710921, Exp of LogL: 0.000000, Normalized LogL: -2.081472, Exp of Normalized LogL: 0.124746, Best Rate: 0.3
Fault: [0,1,2,1,4,5], logL: -43.718067, Exp of LogL: 0.000000, Normalized LogL: -2.081813, Exp of Normalized LogL: 0.124704, Best Rate: 0.3
Fault: [0,1,2,2,4,5], logL: -43.850295, Exp of LogL: 0.000000, Normalized LogL: -2.088109, Exp of Normalized LogL: 0.123921, Best Rate: 0.3

========= ADAPTIVE MC DEBUG =========
Total calls: 210
Avg tries: 178.57
Confidence stops: 210
Max stops: 0
Max stop rate: 0.000
Real Fault Rank 2
================= 22/08/2026 04:38:33: SEED 24 END =================
================= 22/08/2026 04:38:33: SEED 25 (23/100), a*=2 fault=[0,1,1,3,4,5] START =================
===== SEED 25 | FR=0.3 | VR=20 =====
executing with fault mode: [0,1,1,3,4,5]

Fault scores (higher is better):
Fault: [0,1,1,3,4,5], logL: -8.658300, Exp of LogL: 0.000174, Normalized LogL: -1.731660, Exp of Normalized LogL: 0.176990, Best Rate: 0.3
Fault: [0,1,1,3,2,5], logL: -8.963682, Exp of LogL: 0.000128, Normalized LogL: -1.792736, Exp of Normalized LogL: 0.166504, Best Rate: 0.3
Fault: [0,1,1,3,0,5], logL: -8.963682, Exp of LogL: 0.000128, Normalized LogL: -1.792736, Exp of Normalized LogL: 0.166504, Best Rate: 0.3
Fault: [0,1,1,3,5,5], logL: -8.963682, Exp of LogL: 0.000128, Normalized LogL: -1.792736, Exp of Normalized LogL: 0.166504, Best Rate: 0.3
Fault: [0,1,1,3,1,5], logL: -8.963682, Exp of LogL: 0.000128, Normalized LogL: -1.792736, Exp of Normalized LogL: 0.166504, Best Rate: 0.3
Fault: [0,1,0,3,4,5], logL: -10.240199, Exp of LogL: 0.000036, Normalized LogL: -2.048040, Exp of Normalized LogL: 0.128987, Best Rate: 0.3
Fault: [0,1,2,3,4,5], logL: -31.607364, Exp of LogL: 0.000000, Normalized LogL: -6.321473, Exp of Normalized LogL: 0.001797, Best Rate: 0.3
Fault: [0,1,3,3,4,5], logL: -32.429802, Exp of LogL: 0.000000, Normalized LogL: -6.485960, Exp of Normalized LogL: 0.001525, Best Rate: 0.3
Fault: [0,1,4,3,4,5], logL: -32.429802, Exp of LogL: 0.000000, Normalized LogL: -6.485960, Exp of Normalized LogL: 0.001525, Best Rate: 0.3
Fault: [0,1,5,3,4,5], logL: -32.429802, Exp of LogL: 0.000000, Normalized LogL: -6.485960, Exp of Normalized LogL: 0.001525, Best Rate: 0.3

========= ADAPTIVE MC DEBUG =========
Total calls: 50
Avg tries: 195.00
Confidence stops: 50
Max stops: 0
Max stop rate: 0.000
Real Fault Rank 1
===== SEED 25 | FR=0.3 | VR=40 =====
executing with fault mode: [0,1,1,3,4,5]

Fault scores (higher is better):
Fault: [0,1,1,3,4,5], logL: -13.097115, Exp of LogL: 0.000002, Normalized LogL: -1.455235, Exp of Normalized LogL: 0.233346, Best Rate: 0.3
Fault: [0,1,1,3,2,5], logL: -13.402497, Exp of LogL: 0.000002, Normalized LogL: -1.489166, Exp of Normalized LogL: 0.225561, Best Rate: 0.3
Fault: [0,1,1,3,0,5], logL: -13.402497, Exp of LogL: 0.000002, Normalized LogL: -1.489166, Exp of Normalized LogL: 0.225561, Best Rate: 0.3
Fault: [0,1,1,3,5,5], logL: -13.402497, Exp of LogL: 0.000002, Normalized LogL: -1.489166, Exp of Normalized LogL: 0.225561, Best Rate: 0.3
Fault: [0,1,1,3,1,5], logL: -13.402497, Exp of LogL: 0.000002, Normalized LogL: -1.489166, Exp of Normalized LogL: 0.225561, Best Rate: 0.3
Fault: [0,1,2,3,4,5], logL: -13.769154, Exp of LogL: 0.000001, Normalized LogL: -1.529906, Exp of Normalized LogL: 0.216556, Best Rate: 0.3
Fault: [0,1,0,3,4,5], logL: -15.106458, Exp of LogL: 0.000000, Normalized LogL: -1.678495, Exp of Normalized LogL: 0.186655, Best Rate: 0.3
Fault: [0,1,4,3,4,5], logL: -15.167386, Exp of LogL: 0.000000, Normalized LogL: -1.685265, Exp of Normalized LogL: 0.185395, Best Rate: 0.3
Fault: [0,1,5,3,4,5], logL: -15.167386, Exp of LogL: 0.000000, Normalized LogL: -1.685265, Exp of Normalized LogL: 0.185395, Best Rate: 0.3
Fault: [0,1,3,3,4,5], logL: -15.439320, Exp of LogL: 0.000000, Normalized LogL: -1.715480, Exp of Normalized LogL: 0.179877, Best Rate: 0.3

========= ADAPTIVE MC DEBUG =========
Total calls: 90
Avg tries: 180.56
Confidence stops: 90
Max stops: 0
Max stop rate: 0.000
Real Fault Rank 1
===== SEED 25 | FR=0.3 | VR=60 =====
executing with fault mode: [0,1,1,3,4,5]

Fault scores (higher is better):
Fault: [0,1,2,3,4,5], logL: -15.696120, Exp of LogL: 0.000000, Normalized LogL: -1.121151, Exp of Normalized LogL: 0.325904, Best Rate: 0.3
Fault: [0,1,1,3,4,5], logL: -15.782559, Exp of LogL: 0.000000, Normalized LogL: -1.127326, Exp of Normalized LogL: 0.323898, Best Rate: 0.3
Fault: [0,1,1,3,2,5], logL: -16.252562, Exp of LogL: 0.000000, Normalized LogL: -1.160897, Exp of Normalized LogL: 0.313205, Best Rate: 0.3
Fault: [0,1,1,3,0,5], logL: -16.252562, Exp of LogL: 0.000000, Normalized LogL: -1.160897, Exp of Normalized LogL: 0.313205, Best Rate: 0.3
Fault: [0,1,1,3,5,5], logL: -16.252562, Exp of LogL: 0.000000, Normalized LogL: -1.160897, Exp of Normalized LogL: 0.313205, Best Rate: 0.3
Fault: [0,1,1,3,1,5], logL: -16.252562, Exp of LogL: 0.000000, Normalized LogL: -1.160897, Exp of Normalized LogL: 0.313205, Best Rate: 0.3
Fault: [0,1,0,3,4,5], logL: -17.242610, Exp of LogL: 0.000000, Normalized LogL: -1.231615, Exp of Normalized LogL: 0.291821, Best Rate: 0.3
Fault: [0,1,3,3,4,5], logL: -17.381494, Exp of LogL: 0.000000, Normalized LogL: -1.241535, Exp of Normalized LogL: 0.288940, Best Rate: 0.3
Fault: [0,1,4,3,4,5], logL: -17.519681, Exp of LogL: 0.000000, Normalized LogL: -1.251406, Exp of Normalized LogL: 0.286102, Best Rate: 0.3
Fault: [0,1,5,3,4,5], logL: -17.519681, Exp of LogL: 0.000000, Normalized LogL: -1.251406, Exp of Normalized LogL: 0.286102, Best Rate: 0.3

========= ADAPTIVE MC DEBUG =========
Total calls: 140
Avg tries: 181.07
Confidence stops: 140
Max stops: 0
Max stop rate: 0.000
Real Fault Rank 2
===== SEED 25 | FR=0.3 | VR=80 =====
executing with fault mode: [0,1,1,3,4,5]

Fault scores (higher is better):
Fault: [0,1,1,3,4,5], logL: -17.464485, Exp of LogL: 0.000000, Normalized LogL: -0.970249, Exp of Normalized LogL: 0.378989, Best Rate: 0.3
Fault: [0,1,2,3,4,5], logL: -17.575062, Exp of LogL: 0.000000, Normalized LogL: -0.976392, Exp of Normalized LogL: 0.376668, Best Rate: 0.3
Fault: [0,1,0,3,4,5], logL: -17.725964, Exp of LogL: 0.000000, Normalized LogL: -0.984776, Exp of Normalized LogL: 0.373523, Best Rate: 0.3
Fault: [0,1,1,3,2,5], logL: -17.934488, Exp of LogL: 0.000000, Normalized LogL: -0.996360, Exp of Normalized LogL: 0.369221, Best Rate: 0.3
Fault: [0,1,1,3,0,5], logL: -17.934488, Exp of LogL: 0.000000, Normalized LogL: -0.996360, Exp of Normalized LogL: 0.369221, Best Rate: 0.3
Fault: [0,1,1,3,5,5], logL: -17.934488, Exp of LogL: 0.000000, Normalized LogL: -0.996360, Exp of Normalized LogL: 0.369221, Best Rate: 0.3
Fault: [0,1,1,3,1,5], logL: -17.934488, Exp of LogL: 0.000000, Normalized LogL: -0.996360, Exp of Normalized LogL: 0.369221, Best Rate: 0.3
Fault: [0,1,3,3,4,5], logL: -19.049472, Exp of LogL: 0.000000, Normalized LogL: -1.058304, Exp of Normalized LogL: 0.347044, Best Rate: 0.3
Fault: [0,1,4,3,4,5], logL: -19.707148, Exp of LogL: 0.000000, Normalized LogL: -1.094842, Exp of Normalized LogL: 0.334593, Best Rate: 0.3
Fault: [0,1,5,3,4,5], logL: -19.707148, Exp of LogL: 0.000000, Normalized LogL: -1.094842, Exp of Normalized LogL: 0.334593, Best Rate: 0.3

========= ADAPTIVE MC DEBUG =========
Total calls: 180
Avg tries: 185.00
Confidence stops: 180
Max stops: 0
Max stop rate: 0.000
Real Fault Rank 1
===== SEED 25 | FR=0.3 | VR=100 =====
executing with fault mode: [0,1,1,3,4,5]

Fault scores (higher is better):
Fault: [0,1,3,3,4,5], logL: -21.910190, Exp of LogL: 0.000000, Normalized LogL: -0.952617, Exp of Normalized LogL: 0.385730, Best Rate: 0.3
Fault: [0,1,0,3,4,5], logL: -22.168255, Exp of LogL: 0.000000, Normalized LogL: -0.963837, Exp of Normalized LogL: 0.381426, Best Rate: 0.3
Fault: [0,1,1,3,4,5], logL: -22.689989, Exp of LogL: 0.000000, Normalized LogL: -0.986521, Exp of Normalized LogL: 0.372872, Best Rate: 0.3
Fault: [0,1,1,3,2,5], logL: -23.159993, Exp of LogL: 0.000000, Normalized LogL: -1.006956, Exp of Normalized LogL: 0.365329, Best Rate: 0.3
Fault: [0,1,1,3,0,5], logL: -23.159993, Exp of LogL: 0.000000, Normalized LogL: -1.006956, Exp of Normalized LogL: 0.365329, Best Rate: 0.3
Fault: [0,1,1,3,5,5], logL: -23.159993, Exp of LogL: 0.000000, Normalized LogL: -1.006956, Exp of Normalized LogL: 0.365329, Best Rate: 0.3
Fault: [0,1,1,3,1,5], logL: -23.159993, Exp of LogL: 0.000000, Normalized LogL: -1.006956, Exp of Normalized LogL: 0.365329, Best Rate: 0.3
Fault: [0,1,2,3,4,5], logL: -45.822974, Exp of LogL: 0.000000, Normalized LogL: -1.992303, Exp of Normalized LogL: 0.136381, Best Rate: 0.3
Fault: [0,1,4,3,4,5], logL: -48.454193, Exp of LogL: 0.000000, Normalized LogL: -2.106704, Exp of Normalized LogL: 0.121638, Best Rate: 0.3
Fault: [0,1,5,3,4,5], logL: -48.454193, Exp of LogL: 0.000000, Normalized LogL: -2.106704, Exp of Normalized LogL: 0.121638, Best Rate: 0.3

========= ADAPTIVE MC DEBUG =========
Total calls: 230
Avg tries: 181.30
Confidence stops: 230
Max stops: 0
Max stop rate: 0.000
Real Fault Rank 3
================= 22/08/2026 04:38:54: SEED 25 END =================
================= 22/08/2026 04:38:54: SEED 26 (24/100), a*=1 fault=[0,2,2,3,4,5] START =================
===== SEED 26 | FR=0.3 | VR=20 =====
executing with fault mode: [0,2,2,3,4,5]

Fault scores (higher is better):
Fault: [0,1,2,3,4,5], logL: -9.960980, Exp of LogL: 0.000047, Normalized LogL: -1.660163, Exp of Normalized LogL: 0.190108, Best Rate: 0.3
Fault: [0,2,2,3,0,5], logL: -10.576457, Exp of LogL: 0.000026, Normalized LogL: -1.762743, Exp of Normalized LogL: 0.171574, Best Rate: 0.3
Fault: [0,2,2,3,2,5], logL: -10.576457, Exp of LogL: 0.000026, Normalized LogL: -1.762743, Exp of Normalized LogL: 0.171574, Best Rate: 0.3
Fault: [0,2,2,3,3,5], logL: -10.576457, Exp of LogL: 0.000026, Normalized LogL: -1.762743, Exp of Normalized LogL: 0.171574, Best Rate: 0.3
Fault: [0,2,2,3,4,5], logL: -10.614198, Exp of LogL: 0.000025, Normalized LogL: -1.769033, Exp of Normalized LogL: 0.170498, Best Rate: 0.3
Fault: [0,2,2,3,1,5], logL: -10.694240, Exp of LogL: 0.000023, Normalized LogL: -1.782373, Exp of Normalized LogL: 0.168238, Best Rate: 0.3
Fault: [0,3,2,3,4,5], logL: -10.718101, Exp of LogL: 0.000022, Normalized LogL: -1.786350, Exp of Normalized LogL: 0.167571, Best Rate: 0.3
Fault: [0,5,2,3,4,5], logL: -10.813411, Exp of LogL: 0.000020, Normalized LogL: -1.802235, Exp of Normalized LogL: 0.164930, Best Rate: 0.3
Fault: [0,4,2,3,4,5], logL: -10.813411, Exp of LogL: 0.000020, Normalized LogL: -1.802235, Exp of Normalized LogL: 0.164930, Best Rate: 0.3
Fault: [0,0,2,3,4,5], logL: -11.303618, Exp of LogL: 0.000012, Normalized LogL: -1.883936, Exp of Normalized LogL: 0.151991, Best Rate: 0.3

========= ADAPTIVE MC DEBUG =========
Total calls: 60
Avg tries: 191.67
Confidence stops: 60
Max stops: 0
Max stop rate: 0.000
Real Fault Rank 5
===== SEED 26 | FR=0.3 | VR=40 =====
executing with fault mode: [0,2,2,3,4,5]

Fault scores (higher is better):
Fault: [0,1,2,3,4,5], logL: -15.671664, Exp of LogL: 0.000000, Normalized LogL: -1.424697, Exp of Normalized LogL: 0.240581, Best Rate: 0.3
Fault: [0,4,2,3,4,5], logL: -16.212304, Exp of LogL: 0.000000, Normalized LogL: -1.473846, Exp of Normalized LogL: 0.229043, Best Rate: 0.3
Fault: [0,3,2,3,4,5], logL: -16.212304, Exp of LogL: 0.000000, Normalized LogL: -1.473846, Exp of Normalized LogL: 0.229043, Best Rate: 0.3
Fault: [0,2,2,3,4,5], logL: -16.319286, Exp of LogL: 0.000000, Normalized LogL: -1.483571, Exp of Normalized LogL: 0.226826, Best Rate: 0.3
Fault: [0,5,2,3,4,5], logL: -16.335918, Exp of LogL: 0.000000, Normalized LogL: -1.485083, Exp of Normalized LogL: 0.226483, Best Rate: 0.3
Fault: [0,2,2,3,0,5], logL: -16.526925, Exp of LogL: 0.000000, Normalized LogL: -1.502448, Exp of Normalized LogL: 0.222585, Best Rate: 0.3
Fault: [0,2,2,3,2,5], logL: -16.526925, Exp of LogL: 0.000000, Normalized LogL: -1.502448, Exp of Normalized LogL: 0.222585, Best Rate: 0.3
Fault: [0,2,2,3,3,5], logL: -16.526925, Exp of LogL: 0.000000, Normalized LogL: -1.502448, Exp of Normalized LogL: 0.222585, Best Rate: 0.3
Fault: [0,2,2,3,1,5], logL: -16.606968, Exp of LogL: 0.000000, Normalized LogL: -1.509724, Exp of Normalized LogL: 0.220971, Best Rate: 0.3
Fault: [0,0,2,3,4,5], logL: -16.983049, Exp of LogL: 0.000000, Normalized LogL: -1.543914, Exp of Normalized LogL: 0.213544, Best Rate: 0.3

========= ADAPTIVE MC DEBUG =========
Total calls: 110
Avg tries: 180.91
Confidence stops: 110
Max stops: 0
Max stop rate: 0.000
Real Fault Rank 4
===== SEED 26 | FR=0.3 | VR=60 =====
executing with fault mode: [0,2,2,3,4,5]

Fault scores (higher is better):
Fault: [0,1,2,3,4,5], logL: -18.201118, Exp of LogL: 0.000000, Normalized LogL: -1.137570, Exp of Normalized LogL: 0.320597, Best Rate: 0.3
Fault: [0,5,2,3,4,5], logL: -18.948891, Exp of LogL: 0.000000, Normalized LogL: -1.184306, Exp of Normalized LogL: 0.305959, Best Rate: 0.3
Fault: [0,4,2,3,4,5], logL: -18.948891, Exp of LogL: 0.000000, Normalized LogL: -1.184306, Exp of Normalized LogL: 0.305959, Best Rate: 0.3
Fault: [0,3,2,3,4,5], logL: -18.948891, Exp of LogL: 0.000000, Normalized LogL: -1.184306, Exp of Normalized LogL: 0.305959, Best Rate: 0.3
Fault: [0,0,2,3,4,5], logL: -19.913972, Exp of LogL: 0.000000, Normalized LogL: -1.244623, Exp of Normalized LogL: 0.288049, Best Rate: 0.3
Fault: [0,2,2,3,4,5], logL: -19.939706, Exp of LogL: 0.000000, Normalized LogL: -1.246232, Exp of Normalized LogL: 0.287586, Best Rate: 0.3
Fault: [0,2,2,3,0,5], logL: -20.296381, Exp of LogL: 0.000000, Normalized LogL: -1.268524, Exp of Normalized LogL: 0.281246, Best Rate: 0.3
Fault: [0,2,2,3,1,5], logL: -20.296381, Exp of LogL: 0.000000, Normalized LogL: -1.268524, Exp of Normalized LogL: 0.281246, Best Rate: 0.3
Fault: [0,2,2,3,2,5], logL: -20.296381, Exp of LogL: 0.000000, Normalized LogL: -1.268524, Exp of Normalized LogL: 0.281246, Best Rate: 0.3
Fault: [0,2,2,3,3,5], logL: -20.296381, Exp of LogL: 0.000000, Normalized LogL: -1.268524, Exp of Normalized LogL: 0.281246, Best Rate: 0.3

========= ADAPTIVE MC DEBUG =========
Total calls: 160
Avg tries: 177.19
Confidence stops: 160
Max stops: 0
Max stop rate: 0.000
Real Fault Rank 6
===== SEED 26 | FR=0.3 | VR=80 =====
executing with fault mode: [0,2,2,3,4,5]

Fault scores (higher is better):
Fault: [0,1,2,3,4,5], logL: -23.626034, Exp of LogL: 0.000000, Normalized LogL: -1.125049, Exp of Normalized LogL: 0.324636, Best Rate: 0.3
Fault: [0,5,2,3,4,5], logL: -24.731362, Exp of LogL: 0.000000, Normalized LogL: -1.177684, Exp of Normalized LogL: 0.307991, Best Rate: 0.3
Fault: [0,4,2,3,4,5], logL: -24.731362, Exp of LogL: 0.000000, Normalized LogL: -1.177684, Exp of Normalized LogL: 0.307991, Best Rate: 0.3
Fault: [0,3,2,3,4,5], logL: -24.731362, Exp of LogL: 0.000000, Normalized LogL: -1.177684, Exp of Normalized LogL: 0.307991, Best Rate: 0.3
Fault: [0,2,2,3,4,5], logL: -24.919216, Exp of LogL: 0.000000, Normalized LogL: -1.186629, Exp of Normalized LogL: 0.305248, Best Rate: 0.3
Fault: [0,2,2,3,0,5], logL: -25.275891, Exp of LogL: 0.000000, Normalized LogL: -1.203614, Exp of Normalized LogL: 0.300108, Best Rate: 0.3
Fault: [0,2,2,3,1,5], logL: -25.275891, Exp of LogL: 0.000000, Normalized LogL: -1.203614, Exp of Normalized LogL: 0.300108, Best Rate: 0.3
Fault: [0,2,2,3,2,5], logL: -25.275891, Exp of LogL: 0.000000, Normalized LogL: -1.203614, Exp of Normalized LogL: 0.300108, Best Rate: 0.3
Fault: [0,2,2,3,3,5], logL: -25.275891, Exp of LogL: 0.000000, Normalized LogL: -1.203614, Exp of Normalized LogL: 0.300108, Best Rate: 0.3
Fault: [0,0,2,3,4,5], logL: -25.609432, Exp of LogL: 0.000000, Normalized LogL: -1.219497, Exp of Normalized LogL: 0.295379, Best Rate: 0.3

========= ADAPTIVE MC DEBUG =========
Total calls: 210
Avg tries: 176.67
Confidence stops: 210
Max stops: 0
Max stop rate: 0.000
Real Fault Rank 5
===== SEED 26 | FR=0.3 | VR=100 =====
executing with fault mode: [0,2,2,3,4,5]

Fault scores (higher is better):
Fault: [0,1,2,3,4,5], logL: -24.575891, Exp of LogL: 0.000000, Normalized LogL: -0.910218, Exp of Normalized LogL: 0.402436, Best Rate: 0.3
Fault: [0,5,2,3,4,5], logL: -25.681219, Exp of LogL: 0.000000, Normalized LogL: -0.951156, Exp of Normalized LogL: 0.386294, Best Rate: 0.3
Fault: [0,4,2,3,4,5], logL: -25.681219, Exp of LogL: 0.000000, Normalized LogL: -0.951156, Exp of Normalized LogL: 0.386294, Best Rate: 0.3
Fault: [0,3,2,3,4,5], logL: -25.681219, Exp of LogL: 0.000000, Normalized LogL: -0.951156, Exp of Normalized LogL: 0.386294, Best Rate: 0.3
Fault: [0,2,2,3,4,5], logL: -25.869073, Exp of LogL: 0.000000, Normalized LogL: -0.958114, Exp of Normalized LogL: 0.383616, Best Rate: 0.3
Fault: [0,2,2,3,0,5], logL: -26.225748, Exp of LogL: 0.000000, Normalized LogL: -0.971324, Exp of Normalized LogL: 0.378581, Best Rate: 0.3
Fault: [0,2,2,3,1,5], logL: -26.225748, Exp of LogL: 0.000000, Normalized LogL: -0.971324, Exp of Normalized LogL: 0.378581, Best Rate: 0.3
Fault: [0,2,2,3,2,5], logL: -26.225748, Exp of LogL: 0.000000, Normalized LogL: -0.971324, Exp of Normalized LogL: 0.378581, Best Rate: 0.3
Fault: [0,2,2,3,3,5], logL: -26.225748, Exp of LogL: 0.000000, Normalized LogL: -0.971324, Exp of Normalized LogL: 0.378581, Best Rate: 0.3
Fault: [0,0,2,3,4,5], logL: -26.559289, Exp of LogL: 0.000000, Normalized LogL: -0.983677, Exp of Normalized LogL: 0.373933, Best Rate: 0.3

========= ADAPTIVE MC DEBUG =========
Total calls: 270
Avg tries: 183.70
Confidence stops: 270
Max stops: 0
Max stop rate: 0.000
Real Fault Rank 5
================= 22/08/2026 04:39:20: SEED 26 END =================
================= 22/08/2026 04:39:20: SEED 27 (25/100), a*=1 fault=[0,0,2,3,4,5] START =================
===== SEED 27 | FR=0.3 | VR=20 =====
executing with fault mode: [0,0,2,3,4,5]

executing with fault mode: [0,0,2,3,4,5]

Fault scores (higher is better):
Fault: [0,0,2,3,4,5], logL: -7.743342, Exp of LogL: 0.000434, Normalized LogL: -1.548668, Exp of Normalized LogL: 0.212531, Best Rate: 0.3
Fault: [0,0,2,3,1,5], logL: -7.838652, Exp of LogL: 0.000394, Normalized LogL: -1.567730, Exp of Normalized LogL: 0.208518, Best Rate: 0.3
Fault: [0,0,2,3,5,5], logL: -7.838652, Exp of LogL: 0.000394, Normalized LogL: -1.567730, Exp of Normalized LogL: 0.208518, Best Rate: 0.3
Fault: [0,0,2,3,2,5], logL: -7.838652, Exp of LogL: 0.000394, Normalized LogL: -1.567730, Exp of Normalized LogL: 0.208518, Best Rate: 0.3
Fault: [0,0,2,3,3,5], logL: -8.061796, Exp of LogL: 0.000315, Normalized LogL: -1.612359, Exp of Normalized LogL: 0.199417, Best Rate: 0.3
Fault: [0,3,2,3,4,5], logL: -8.245869, Exp of LogL: 0.000262, Normalized LogL: -1.649174, Exp of Normalized LogL: 0.192209, Best Rate: 0.3
Fault: [0,2,2,3,4,5], logL: -8.722153, Exp of LogL: 0.000163, Normalized LogL: -1.744431, Exp of Normalized LogL: 0.174744, Best Rate: 0.3
Fault: [0,1,2,3,4,5], logL: -9.003404, Exp of LogL: 0.000123, Normalized LogL: -1.800681, Exp of Normalized LogL: 0.165186, Best Rate: 0.3
Fault: [0,4,2,3,4,5], logL: -10.076699, Exp of LogL: 0.000042, Normalized LogL: -2.015340, Exp of Normalized LogL: 0.133275, Best Rate: 0.3
Fault: [0,5,2,3,4,5], logL: -10.076699, Exp of LogL: 0.000042, Normalized LogL: -2.015340, Exp of Normalized LogL: 0.133275, Best Rate: 0.3

========= ADAPTIVE MC DEBUG =========
Total calls: 50
Avg tries: 192.00
Confidence stops: 50
Max stops: 0
Max stop rate: 0.000
Real Fault Rank 1
===== SEED 27 | FR=0.3 | VR=40 =====
executing with fault mode: [0,0,2,3,4,5]

executing with fault mode: [0,0,2,3,4,5]

Fault scores (higher is better):
Fault: [0,0,2,3,4,5], logL: -10.700021, Exp of LogL: 0.000023, Normalized LogL: -1.188891, Exp of Normalized LogL: 0.304559, Best Rate: 0.3
Fault: [0,0,2,3,3,5], logL: -10.900692, Exp of LogL: 0.000018, Normalized LogL: -1.211188, Exp of Normalized LogL: 0.297843, Best Rate: 0.3
Fault: [0,0,2,3,1,5], logL: -11.018475, Exp of LogL: 0.000016, Normalized LogL: -1.224275, Exp of Normalized LogL: 0.293971, Best Rate: 0.3
Fault: [0,0,2,3,5,5], logL: -11.018475, Exp of LogL: 0.000016, Normalized LogL: -1.224275, Exp of Normalized LogL: 0.293971, Best Rate: 0.3
Fault: [0,0,2,3,2,5], logL: -11.018475, Exp of LogL: 0.000016, Normalized LogL: -1.224275, Exp of Normalized LogL: 0.293971, Best Rate: 0.3
Fault: [0,3,2,3,4,5], logL: -11.245505, Exp of LogL: 0.000013, Normalized LogL: -1.249501, Exp of Normalized LogL: 0.286648, Best Rate: 0.3
Fault: [0,1,2,3,4,5], logL: -35.974223, Exp of LogL: 0.000000, Normalized LogL: -3.997136, Exp of Normalized LogL: 0.018368, Best Rate: 0.3
Fault: [0,4,2,3,4,5], logL: -36.169369, Exp of LogL: 0.000000, Normalized LogL: -4.018819, Exp of Normalized LogL: 0.017974, Best Rate: 0.3
Fault: [0,5,2,3,4,5], logL: -36.169369, Exp of LogL: 0.000000, Normalized LogL: -4.018819, Exp of Normalized LogL: 0.017974, Best Rate: 0.3
Fault: [0,2,2,3,4,5], logL: -36.187387, Exp of LogL: 0.000000, Normalized LogL: -4.020821, Exp of Normalized LogL: 0.017938, Best Rate: 0.3

========= ADAPTIVE MC DEBUG =========
Total calls: 90
Avg tries: 180.00
Confidence stops: 90
Max stops: 0
Max stop rate: 0.000
Real Fault Rank 1
===== SEED 27 | FR=0.3 | VR=60 =====
executing with fault mode: [0,0,2,3,4,5]

executing with fault mode: [0,0,2,3,4,5]

Fault scores (higher is better):
Fault: [0,0,2,3,4,5], logL: -15.828948, Exp of LogL: 0.000000, Normalized LogL: -1.130639, Exp of Normalized LogL: 0.322827, Best Rate: 0.3
Fault: [0,3,2,3,4,5], logL: -15.883459, Exp of LogL: 0.000000, Normalized LogL: -1.134533, Exp of Normalized LogL: 0.321572, Best Rate: 0.3
Fault: [0,0,2,3,1,5], logL: -16.075808, Exp of LogL: 0.000000, Normalized LogL: -1.148272, Exp of Normalized LogL: 0.317184, Best Rate: 0.3
Fault: [0,0,2,3,3,5], logL: -16.075808, Exp of LogL: 0.000000, Normalized LogL: -1.148272, Exp of Normalized LogL: 0.317184, Best Rate: 0.3
Fault: [0,0,2,3,5,5], logL: -16.075808, Exp of LogL: 0.000000, Normalized LogL: -1.148272, Exp of Normalized LogL: 0.317184, Best Rate: 0.3
Fault: [0,0,2,3,2,5], logL: -16.075808, Exp of LogL: 0.000000, Normalized LogL: -1.148272, Exp of Normalized LogL: 0.317184, Best Rate: 0.3
Fault: [0,1,2,3,4,5], logL: -40.483296, Exp of LogL: 0.000000, Normalized LogL: -2.891664, Exp of Normalized LogL: 0.055484, Best Rate: 0.3
Fault: [0,4,2,3,4,5], logL: -40.910026, Exp of LogL: 0.000000, Normalized LogL: -2.922145, Exp of Normalized LogL: 0.053818, Best Rate: 0.3
Fault: [0,2,2,3,4,5], logL: -40.910026, Exp of LogL: 0.000000, Normalized LogL: -2.922145, Exp of Normalized LogL: 0.053818, Best Rate: 0.3
Fault: [0,5,2,3,4,5], logL: -40.910026, Exp of LogL: 0.000000, Normalized LogL: -2.922145, Exp of Normalized LogL: 0.053818, Best Rate: 0.3

========= ADAPTIVE MC DEBUG =========
Total calls: 140
Avg tries: 178.93
Confidence stops: 140
Max stops: 0
Max stop rate: 0.000
Real Fault Rank 1
===== SEED 27 | FR=0.3 | VR=80 =====
executing with fault mode: [0,0,2,3,4,5]

executing with fault mode: [0,0,2,3,4,5]

Fault scores (higher is better):
Fault: [0,3,2,3,4,5], logL: -16.666297, Exp of LogL: 0.000000, Normalized LogL: -0.925905, Exp of Normalized LogL: 0.396173, Best Rate: 0.3
Fault: [0,0,2,3,4,5], logL: -16.747587, Exp of LogL: 0.000000, Normalized LogL: -0.930422, Exp of Normalized LogL: 0.394387, Best Rate: 0.3
Fault: [0,0,2,3,1,5], logL: -17.163103, Exp of LogL: 0.000000, Normalized LogL: -0.953506, Exp of Normalized LogL: 0.385388, Best Rate: 0.3
Fault: [0,0,2,3,3,5], logL: -17.163103, Exp of LogL: 0.000000, Normalized LogL: -0.953506, Exp of Normalized LogL: 0.385388, Best Rate: 0.3
Fault: [0,0,2,3,5,5], logL: -17.163103, Exp of LogL: 0.000000, Normalized LogL: -0.953506, Exp of Normalized LogL: 0.385388, Best Rate: 0.3
Fault: [0,0,2,3,2,5], logL: -17.163103, Exp of LogL: 0.000000, Normalized LogL: -0.953506, Exp of Normalized LogL: 0.385388, Best Rate: 0.3
Fault: [0,1,2,3,4,5], logL: -41.160773, Exp of LogL: 0.000000, Normalized LogL: -2.286710, Exp of Normalized LogL: 0.101600, Best Rate: 0.3
Fault: [0,4,2,3,4,5], logL: -41.706109, Exp of LogL: 0.000000, Normalized LogL: -2.317006, Exp of Normalized LogL: 0.098568, Best Rate: 0.3
Fault: [0,2,2,3,4,5], logL: -41.706109, Exp of LogL: 0.000000, Normalized LogL: -2.317006, Exp of Normalized LogL: 0.098568, Best Rate: 0.3
Fault: [0,5,2,3,4,5], logL: -41.706109, Exp of LogL: 0.000000, Normalized LogL: -2.317006, Exp of Normalized LogL: 0.098568, Best Rate: 0.3

========= ADAPTIVE MC DEBUG =========
Total calls: 180
Avg tries: 177.22
Confidence stops: 180
Max stops: 0
Max stop rate: 0.000
Real Fault Rank 2
===== SEED 27 | FR=0.3 | VR=100 =====
executing with fault mode: [0,0,2,3,4,5]

executing with fault mode: [0,0,2,3,4,5]

Fault scores (higher is better):
Fault: [0,0,2,3,4,5], logL: -18.439305, Exp of LogL: 0.000000, Normalized LogL: -0.801709, Exp of Normalized LogL: 0.448562, Best Rate: 0.3
Fault: [0,3,2,3,4,5], logL: -18.714689, Exp of LogL: 0.000000, Normalized LogL: -0.813682, Exp of Normalized LogL: 0.443223, Best Rate: 0.3
Fault: [0,0,2,3,1,5], logL: -18.854820, Exp of LogL: 0.000000, Normalized LogL: -0.819775, Exp of Normalized LogL: 0.440531, Best Rate: 0.3
Fault: [0,0,2,3,3,5], logL: -18.854820, Exp of LogL: 0.000000, Normalized LogL: -0.819775, Exp of Normalized LogL: 0.440531, Best Rate: 0.3
Fault: [0,0,2,3,5,5], logL: -18.854820, Exp of LogL: 0.000000, Normalized LogL: -0.819775, Exp of Normalized LogL: 0.440531, Best Rate: 0.3
Fault: [0,0,2,3,2,5], logL: -18.854820, Exp of LogL: 0.000000, Normalized LogL: -0.819775, Exp of Normalized LogL: 0.440531, Best Rate: 0.3
Fault: [0,1,2,3,4,5], logL: -43.409837, Exp of LogL: 0.000000, Normalized LogL: -1.887384, Exp of Normalized LogL: 0.151468, Best Rate: 0.3
Fault: [0,4,2,3,4,5], logL: -43.821641, Exp of LogL: 0.000000, Normalized LogL: -1.905289, Exp of Normalized LogL: 0.148780, Best Rate: 0.3
Fault: [0,2,2,3,4,5], logL: -43.821641, Exp of LogL: 0.000000, Normalized LogL: -1.905289, Exp of Normalized LogL: 0.148780, Best Rate: 0.3
Fault: [0,5,2,3,4,5], logL: -43.821641, Exp of LogL: 0.000000, Normalized LogL: -1.905289, Exp of Normalized LogL: 0.148780, Best Rate: 0.3

========= ADAPTIVE MC DEBUG =========
Total calls: 230
Avg tries: 180.22
Confidence stops: 230
Max stops: 0
Max stop rate: 0.000
Real Fault Rank 1
================= 22/08/2026 04:39:42: SEED 27 END =================
================= 22/08/2026 04:39:42: SEED 28 (26/100), a*=3 fault=[0,1,2,4,4,5] START =================
===== SEED 28 | FR=0.3 | VR=20 =====
executing with fault mode: [0,1,2,4,4,5]

executing with fault mode: [0,1,2,4,4,5]

Fault scores (higher is better):
Fault: [0,1,2,5,4,5], logL: -7.587236, Exp of LogL: 0.000507, Normalized LogL: -1.517447, Exp of Normalized LogL: 0.219271, Best Rate: 0.3
Fault: [0,1,2,4,4,5], logL: -7.587236, Exp of LogL: 0.000507, Normalized LogL: -1.517447, Exp of Normalized LogL: 0.219271, Best Rate: 0.3
Fault: [0,1,2,4,5,5], logL: -7.761590, Exp of LogL: 0.000426, Normalized LogL: -1.552318, Exp of Normalized LogL: 0.211757, Best Rate: 0.3
Fault: [0,1,2,4,1,5], logL: -7.761590, Exp of LogL: 0.000426, Normalized LogL: -1.552318, Exp of Normalized LogL: 0.211757, Best Rate: 0.3
Fault: [0,1,2,4,0,5], logL: -7.810380, Exp of LogL: 0.000406, Normalized LogL: -1.562076, Exp of Normalized LogL: 0.209700, Best Rate: 0.3
Fault: [0,1,2,4,2,5], logL: -7.810380, Exp of LogL: 0.000406, Normalized LogL: -1.562076, Exp of Normalized LogL: 0.209700, Best Rate: 0.3
Fault: [0,1,2,0,4,5], logL: -9.259807, Exp of LogL: 0.000095, Normalized LogL: -1.851961, Exp of Normalized LogL: 0.156929, Best Rate: 0.3
Fault: [0,1,2,2,4,5], logL: -9.348224, Exp of LogL: 0.000087, Normalized LogL: -1.869645, Exp of Normalized LogL: 0.154178, Best Rate: 0.3
Fault: [0,1,2,1,4,5], logL: -9.816048, Exp of LogL: 0.000055, Normalized LogL: -1.963210, Exp of Normalized LogL: 0.140407, Best Rate: 0.3
Fault: [0,1,2,3,4,5], logL: -9.978396, Exp of LogL: 0.000046, Normalized LogL: -1.995679, Exp of Normalized LogL: 0.135921, Best Rate: 0.3

========= ADAPTIVE MC DEBUG =========
Total calls: 50
Avg tries: 190.00
Confidence stops: 50
Max stops: 0
Max stop rate: 0.000
Real Fault Rank 2
===== SEED 28 | FR=0.3 | VR=40 =====
executing with fault mode: [0,1,2,4,4,5]

executing with fault mode: [0,1,2,4,4,5]

Fault scores (higher is better):
Fault: [0,1,2,5,4,5], logL: -13.923092, Exp of LogL: 0.000001, Normalized LogL: -1.547010, Exp of Normalized LogL: 0.212884, Best Rate: 0.3
Fault: [0,1,2,4,4,5], logL: -13.923092, Exp of LogL: 0.000001, Normalized LogL: -1.547010, Exp of Normalized LogL: 0.212884, Best Rate: 0.3
Fault: [0,1,2,4,5,5], logL: -14.616239, Exp of LogL: 0.000000, Normalized LogL: -1.624027, Exp of Normalized LogL: 0.197103, Best Rate: 0.3
Fault: [0,1,2,4,1,5], logL: -14.616239, Exp of LogL: 0.000000, Normalized LogL: -1.624027, Exp of Normalized LogL: 0.197103, Best Rate: 0.3
Fault: [0,1,2,4,2,5], logL: -14.616239, Exp of LogL: 0.000000, Normalized LogL: -1.624027, Exp of Normalized LogL: 0.197103, Best Rate: 0.3
Fault: [0,1,2,4,0,5], logL: -14.839382, Exp of LogL: 0.000000, Normalized LogL: -1.648820, Exp of Normalized LogL: 0.192277, Best Rate: 0.3
Fault: [0,1,2,1,4,5], logL: -16.492350, Exp of LogL: 0.000000, Normalized LogL: -1.832483, Exp of Normalized LogL: 0.160016, Best Rate: 0.3
Fault: [0,1,2,3,4,5], logL: -16.802137, Exp of LogL: 0.000000, Normalized LogL: -1.866904, Exp of Normalized LogL: 0.154602, Best Rate: 0.3
Fault: [0,1,2,0,4,5], logL: -17.231398, Exp of LogL: 0.000000, Normalized LogL: -1.914600, Exp of Normalized LogL: 0.147401, Best Rate: 0.3
Fault: [0,1,2,2,4,5], logL: -17.437197, Exp of LogL: 0.000000, Normalized LogL: -1.937466, Exp of Normalized LogL: 0.144069, Best Rate: 0.3

========= ADAPTIVE MC DEBUG =========
Total calls: 90
Avg tries: 172.22
Confidence stops: 90
Max stops: 0
Max stop rate: 0.000
Real Fault Rank 2
===== SEED 28 | FR=0.3 | VR=60 =====
executing with fault mode: [0,1,2,4,4,5]

executing with fault mode: [0,1,2,4,4,5]

Fault scores (higher is better):
Fault: [0,1,2,5,4,5], logL: -18.402005, Exp of LogL: 0.000000, Normalized LogL: -1.314429, Exp of Normalized LogL: 0.268628, Best Rate: 0.3
Fault: [0,1,2,4,4,5], logL: -18.402005, Exp of LogL: 0.000000, Normalized LogL: -1.314429, Exp of Normalized LogL: 0.268628, Best Rate: 0.3
Fault: [0,1,2,4,5,5], logL: -19.095152, Exp of LogL: 0.000000, Normalized LogL: -1.363939, Exp of Normalized LogL: 0.255652, Best Rate: 0.3
Fault: [0,1,2,4,1,5], logL: -19.095152, Exp of LogL: 0.000000, Normalized LogL: -1.363939, Exp of Normalized LogL: 0.255652, Best Rate: 0.3
Fault: [0,1,2,4,2,5], logL: -19.095152, Exp of LogL: 0.000000, Normalized LogL: -1.363939, Exp of Normalized LogL: 0.255652, Best Rate: 0.3
Fault: [0,1,2,4,0,5], logL: -19.318295, Exp of LogL: 0.000000, Normalized LogL: -1.379878, Exp of Normalized LogL: 0.251609, Best Rate: 0.3
Fault: [0,1,2,3,4,5], logL: -175.277547, Exp of LogL: 0.000000, Normalized LogL: -12.519825, Exp of Normalized LogL: 0.000004, Best Rate: 0.3
Fault: [0,1,2,1,4,5], logL: -176.148610, Exp of LogL: 0.000000, Normalized LogL: -12.582044, Exp of Normalized LogL: 0.000003, Best Rate: 0.3
Fault: [0,1,2,0,4,5], logL: -176.348662, Exp of LogL: 0.000000, Normalized LogL: -12.596333, Exp of Normalized LogL: 0.000003, Best Rate: 0.3
Fault: [0,1,2,2,4,5], logL: -176.409629, Exp of LogL: 0.000000, Normalized LogL: -12.600688, Exp of Normalized LogL: 0.000003, Best Rate: 0.3

========= ADAPTIVE MC DEBUG =========
Total calls: 140
Avg tries: 176.43
Confidence stops: 140
Max stops: 0
Max stop rate: 0.000
Real Fault Rank 2
===== SEED 28 | FR=0.3 | VR=80 =====
executing with fault mode: [0,1,2,4,4,5]

executing with fault mode: [0,1,2,4,4,5]

Fault scores (higher is better):
Fault: [0,1,2,4,5,5], logL: -20.194318, Exp of LogL: 0.000000, Normalized LogL: -1.121907, Exp of Normalized LogL: 0.325658, Best Rate: 0.3
Fault: [0,1,2,4,1,5], logL: -20.194318, Exp of LogL: 0.000000, Normalized LogL: -1.121907, Exp of Normalized LogL: 0.325658, Best Rate: 0.3
Fault: [0,1,2,5,4,5], logL: -21.110609, Exp of LogL: 0.000000, Normalized LogL: -1.172812, Exp of Normalized LogL: 0.309496, Best Rate: 0.3
Fault: [0,1,2,4,4,5], logL: -21.110609, Exp of LogL: 0.000000, Normalized LogL: -1.172812, Exp of Normalized LogL: 0.309496, Best Rate: 0.3
Fault: [0,1,2,4,0,5], logL: -21.110609, Exp of LogL: 0.000000, Normalized LogL: -1.172812, Exp of Normalized LogL: 0.309496, Best Rate: 0.3
Fault: [0,1,2,4,2,5], logL: -21.110609, Exp of LogL: 0.000000, Normalized LogL: -1.172812, Exp of Normalized LogL: 0.309496, Best Rate: 0.3
Fault: [0,1,2,3,4,5], logL: -177.644813, Exp of LogL: 0.000000, Normalized LogL: -9.869156, Exp of Normalized LogL: 0.000052, Best Rate: 0.3
Fault: [0,1,2,1,4,5], logL: -178.872551, Exp of LogL: 0.000000, Normalized LogL: -9.937364, Exp of Normalized LogL: 0.000048, Best Rate: 0.3
Fault: [0,1,2,2,4,5], logL: -179.207679, Exp of LogL: 0.000000, Normalized LogL: -9.955982, Exp of Normalized LogL: 0.000047, Best Rate: 0.3
Fault: [0,1,2,0,4,5], logL: -179.542607, Exp of LogL: 0.000000, Normalized LogL: -9.974589, Exp of Normalized LogL: 0.000047, Best Rate: 0.3

========= ADAPTIVE MC DEBUG =========
Total calls: 180
Avg tries: 181.67
Confidence stops: 180
Max stops: 0
Max stop rate: 0.000
Real Fault Rank 4
===== SEED 28 | FR=0.3 | VR=100 =====
executing with fault mode: [0,1,2,4,4,5]

executing with fault mode: [0,1,2,4,4,5]

Fault scores (higher is better):
Fault: [0,1,2,5,4,5], logL: -20.685939, Exp of LogL: 0.000000, Normalized LogL: -0.899389, Exp of Normalized LogL: 0.406818, Best Rate: 0.3
Fault: [0,1,2,4,4,5], logL: -20.685939, Exp of LogL: 0.000000, Normalized LogL: -0.899389, Exp of Normalized LogL: 0.406818, Best Rate: 0.3
Fault: [0,1,2,4,5,5], logL: -21.007523, Exp of LogL: 0.000000, Normalized LogL: -0.913371, Exp of Normalized LogL: 0.401170, Best Rate: 0.3
Fault: [0,1,2,4,1,5], logL: -21.007523, Exp of LogL: 0.000000, Normalized LogL: -0.913371, Exp of Normalized LogL: 0.401170, Best Rate: 0.3
Fault: [0,1,2,4,0,5], logL: -21.007523, Exp of LogL: 0.000000, Normalized LogL: -0.913371, Exp of Normalized LogL: 0.401170, Best Rate: 0.3
Fault: [0,1,2,4,2,5], logL: -21.007523, Exp of LogL: 0.000000, Normalized LogL: -0.913371, Exp of Normalized LogL: 0.401170, Best Rate: 0.3
Fault: [0,1,2,3,4,5], logL: -178.103851, Exp of LogL: 0.000000, Normalized LogL: -7.743646, Exp of Normalized LogL: 0.000433, Best Rate: 0.3
Fault: [0,1,2,1,4,5], logL: -178.402813, Exp of LogL: 0.000000, Normalized LogL: -7.756644, Exp of Normalized LogL: 0.000428, Best Rate: 0.3
Fault: [0,1,2,2,4,5], logL: -178.783009, Exp of LogL: 0.000000, Normalized LogL: -7.773174, Exp of Normalized LogL: 0.000421, Best Rate: 0.3
Fault: [0,1,2,0,4,5], logL: -179.325962, Exp of LogL: 0.000000, Normalized LogL: -7.796781, Exp of Normalized LogL: 0.000411, Best Rate: 0.3

========= ADAPTIVE MC DEBUG =========
Total calls: 230
Avg tries: 183.91
Confidence stops: 230
Max stops: 0
Max stop rate: 0.000
Real Fault Rank 2
================= 22/08/2026 04:40:03: SEED 28 END =================
================= 22/08/2026 04:40:03: SEED 29 (27/100), a*=1 fault=[0,0,2,3,4,5] START =================
===== SEED 29 | FR=0.3 | VR=20 =====
executing with fault mode: [0,0,2,3,4,5]

Fault scores (higher is better):
Fault: [0,3,2,3,4,5], logL: -16.335848, Exp of LogL: 0.000000, Normalized LogL: -2.041981, Exp of Normalized LogL: 0.129771, Best Rate: 0.3
Fault: [0,0,2,3,0,5], logL: -17.068036, Exp of LogL: 0.000000, Normalized LogL: -2.133505, Exp of Normalized LogL: 0.118422, Best Rate: 0.3
Fault: [0,0,2,3,3,5], logL: -17.110596, Exp of LogL: 0.000000, Normalized LogL: -2.138824, Exp of Normalized LogL: 0.117793, Best Rate: 0.3
Fault: [0,0,2,3,4,5], logL: -17.155047, Exp of LogL: 0.000000, Normalized LogL: -2.144381, Exp of Normalized LogL: 0.117141, Best Rate: 0.3
Fault: [0,0,2,3,2,5], logL: -17.155047, Exp of LogL: 0.000000, Normalized LogL: -2.144381, Exp of Normalized LogL: 0.117141, Best Rate: 0.3
Fault: [0,0,2,3,5,5], logL: -17.155047, Exp of LogL: 0.000000, Normalized LogL: -2.144381, Exp of Normalized LogL: 0.117141, Best Rate: 0.3
Fault: [0,4,2,3,4,5], logL: -17.325727, Exp of LogL: 0.000000, Normalized LogL: -2.165716, Exp of Normalized LogL: 0.114668, Best Rate: 0.3
Fault: [0,5,2,3,4,5], logL: -17.325727, Exp of LogL: 0.000000, Normalized LogL: -2.165716, Exp of Normalized LogL: 0.114668, Best Rate: 0.3
Fault: [0,2,2,3,4,5], logL: -17.751395, Exp of LogL: 0.000000, Normalized LogL: -2.218924, Exp of Normalized LogL: 0.108726, Best Rate: 0.3
Fault: [0,1,2,3,4,5], logL: -41.599876, Exp of LogL: 0.000000, Normalized LogL: -5.199984, Exp of Normalized LogL: 0.005517, Best Rate: 0.3

========= ADAPTIVE MC DEBUG =========
Total calls: 80
Avg tries: 184.38
Confidence stops: 80
Max stops: 0
Max stop rate: 0.000
Real Fault Rank 4
===== SEED 29 | FR=0.3 | VR=40 =====
executing with fault mode: [0,0,2,3,4,5]

Fault scores (higher is better):
Fault: [0,0,2,3,4,5], logL: -26.199854, Exp of LogL: 0.000000, Normalized LogL: -1.746657, Exp of Normalized LogL: 0.174356, Best Rate: 0.3
Fault: [0,0,2,3,0,5], logL: -26.536327, Exp of LogL: 0.000000, Normalized LogL: -1.769088, Exp of Normalized LogL: 0.170488, Best Rate: 0.3
Fault: [0,0,2,3,2,5], logL: -26.536327, Exp of LogL: 0.000000, Normalized LogL: -1.769088, Exp of Normalized LogL: 0.170488, Best Rate: 0.3
Fault: [0,0,2,3,5,5], logL: -26.536327, Exp of LogL: 0.000000, Normalized LogL: -1.769088, Exp of Normalized LogL: 0.170488, Best Rate: 0.3
Fault: [0,0,2,3,3,5], logL: -26.536327, Exp of LogL: 0.000000, Normalized LogL: -1.769088, Exp of Normalized LogL: 0.170488, Best Rate: 0.3
Fault: [0,2,2,3,4,5], logL: -28.506869, Exp of LogL: 0.000000, Normalized LogL: -1.900458, Exp of Normalized LogL: 0.149500, Best Rate: 0.3
Fault: [0,3,2,3,4,5], logL: -50.862331, Exp of LogL: 0.000000, Normalized LogL: -3.390822, Exp of Normalized LogL: 0.033681, Best Rate: 0.3
Fault: [0,4,2,3,4,5], logL: -52.240433, Exp of LogL: 0.000000, Normalized LogL: -3.482696, Exp of Normalized LogL: 0.030724, Best Rate: 0.3
Fault: [0,5,2,3,4,5], logL: -52.240433, Exp of LogL: 0.000000, Normalized LogL: -3.482696, Exp of Normalized LogL: 0.030724, Best Rate: 0.3
Fault: [0,1,2,3,4,5], logL: -74.555753, Exp of LogL: 0.000000, Normalized LogL: -4.970384, Exp of Normalized LogL: 0.006940, Best Rate: 0.3

========= ADAPTIVE MC DEBUG =========
Total calls: 150
Avg tries: 176.00
Confidence stops: 150
Max stops: 0
Max stop rate: 0.000
Real Fault Rank 1
===== SEED 29 | FR=0.3 | VR=60 =====
executing with fault mode: [0,0,2,3,4,5]

Fault scores (higher is better):
Fault: [0,0,2,3,4,5], logL: -30.673414, Exp of LogL: 0.000000, Normalized LogL: -1.394246, Exp of Normalized LogL: 0.248020, Best Rate: 0.3
Fault: [0,0,2,3,0,5], logL: -31.078879, Exp of LogL: 0.000000, Normalized LogL: -1.412676, Exp of Normalized LogL: 0.243491, Best Rate: 0.3
Fault: [0,0,2,3,2,5], logL: -31.078879, Exp of LogL: 0.000000, Normalized LogL: -1.412676, Exp of Normalized LogL: 0.243491, Best Rate: 0.3
Fault: [0,0,2,3,5,5], logL: -31.078879, Exp of LogL: 0.000000, Normalized LogL: -1.412676, Exp of Normalized LogL: 0.243491, Best Rate: 0.3
Fault: [0,0,2,3,3,5], logL: -31.078879, Exp of LogL: 0.000000, Normalized LogL: -1.412676, Exp of Normalized LogL: 0.243491, Best Rate: 0.3
Fault: [0,2,2,3,4,5], logL: -32.116230, Exp of LogL: 0.000000, Normalized LogL: -1.459829, Exp of Normalized LogL: 0.232276, Best Rate: 0.3
Fault: [0,3,2,3,4,5], logL: -55.917652, Exp of LogL: 0.000000, Normalized LogL: -2.541711, Exp of Normalized LogL: 0.078732, Best Rate: 0.3
Fault: [0,1,2,3,4,5], logL: -80.951702, Exp of LogL: 0.000000, Normalized LogL: -3.679623, Exp of Normalized LogL: 0.025232, Best Rate: 0.3
Fault: [0,4,2,3,4,5], logL: -81.209646, Exp of LogL: 0.000000, Normalized LogL: -3.691348, Exp of Normalized LogL: 0.024938, Best Rate: 0.3
Fault: [0,5,2,3,4,5], logL: -81.209646, Exp of LogL: 0.000000, Normalized LogL: -3.691348, Exp of Normalized LogL: 0.024938, Best Rate: 0.3

========= ADAPTIVE MC DEBUG =========
Total calls: 220
Avg tries: 172.27
Confidence stops: 220
Max stops: 0
Max stop rate: 0.000
Real Fault Rank 1
===== SEED 29 | FR=0.3 | VR=80 =====
executing with fault mode: [0,0,2,3,4,5]

Fault scores (higher is better):
Fault: [0,2,2,3,4,5], logL: -35.448080, Exp of LogL: 0.000000, Normalized LogL: -1.222348, Exp of Normalized LogL: 0.294538, Best Rate: 0.3
Fault: [0,0,2,3,4,5], logL: -35.593216, Exp of LogL: 0.000000, Normalized LogL: -1.227352, Exp of Normalized LogL: 0.293068, Best Rate: 0.3
Fault: [0,0,2,3,0,5], logL: -35.942773, Exp of LogL: 0.000000, Normalized LogL: -1.239406, Exp of Normalized LogL: 0.289556, Best Rate: 0.3
Fault: [0,0,2,3,2,5], logL: -35.942773, Exp of LogL: 0.000000, Normalized LogL: -1.239406, Exp of Normalized LogL: 0.289556, Best Rate: 0.3
Fault: [0,0,2,3,5,5], logL: -35.942773, Exp of LogL: 0.000000, Normalized LogL: -1.239406, Exp of Normalized LogL: 0.289556, Best Rate: 0.3
Fault: [0,0,2,3,3,5], logL: -35.942773, Exp of LogL: 0.000000, Normalized LogL: -1.239406, Exp of Normalized LogL: 0.289556, Best Rate: 0.3
Fault: [0,3,2,3,4,5], logL: -59.840978, Exp of LogL: 0.000000, Normalized LogL: -2.063482, Exp of Normalized LogL: 0.127011, Best Rate: 0.3
Fault: [0,4,2,3,4,5], logL: -84.995714, Exp of LogL: 0.000000, Normalized LogL: -2.930887, Exp of Normalized LogL: 0.053350, Best Rate: 0.3
Fault: [0,5,2,3,4,5], logL: -84.995714, Exp of LogL: 0.000000, Normalized LogL: -2.930887, Exp of Normalized LogL: 0.053350, Best Rate: 0.3
Fault: [0,1,2,3,4,5], logL: -85.400545, Exp of LogL: 0.000000, Normalized LogL: -2.944846, Exp of Normalized LogL: 0.052610, Best Rate: 0.3

========= ADAPTIVE MC DEBUG =========
Total calls: 290
Avg tries: 175.17
Confidence stops: 290
Max stops: 0
Max stop rate: 0.000
Real Fault Rank 2
===== SEED 29 | FR=0.3 | VR=100 =====
executing with fault mode: [0,0,2,3,4,5]

Fault scores (higher is better):
Fault: [0,0,2,3,4,5], logL: -38.998458, Exp of LogL: 0.000000, Normalized LogL: -1.054012, Exp of Normalized LogL: 0.348536, Best Rate: 0.3
Fault: [0,0,2,3,0,5], logL: -39.348015, Exp of LogL: 0.000000, Normalized LogL: -1.063460, Exp of Normalized LogL: 0.345259, Best Rate: 0.3
Fault: [0,0,2,3,2,5], logL: -39.348015, Exp of LogL: 0.000000, Normalized LogL: -1.063460, Exp of Normalized LogL: 0.345259, Best Rate: 0.3
Fault: [0,0,2,3,5,5], logL: -39.348015, Exp of LogL: 0.000000, Normalized LogL: -1.063460, Exp of Normalized LogL: 0.345259, Best Rate: 0.3
Fault: [0,0,2,3,3,5], logL: -39.348015, Exp of LogL: 0.000000, Normalized LogL: -1.063460, Exp of Normalized LogL: 0.345259, Best Rate: 0.3
Fault: [0,2,2,3,4,5], logL: -64.551617, Exp of LogL: 0.000000, Normalized LogL: -1.744638, Exp of Normalized LogL: 0.174708, Best Rate: 0.3
Fault: [0,3,2,3,4,5], logL: -65.432903, Exp of LogL: 0.000000, Normalized LogL: -1.768457, Exp of Normalized LogL: 0.170596, Best Rate: 0.3
Fault: [0,1,2,3,4,5], logL: -113.206087, Exp of LogL: 0.000000, Normalized LogL: -3.059624, Exp of Normalized LogL: 0.046905, Best Rate: 0.3
Fault: [0,4,2,3,4,5], logL: -114.281572, Exp of LogL: 0.000000, Normalized LogL: -3.088691, Exp of Normalized LogL: 0.045562, Best Rate: 0.3
Fault: [0,5,2,3,4,5], logL: -114.281572, Exp of LogL: 0.000000, Normalized LogL: -3.088691, Exp of Normalized LogL: 0.045562, Best Rate: 0.3

========= ADAPTIVE MC DEBUG =========
Total calls: 370
Avg tries: 177.16
Confidence stops: 370
Max stops: 0
Max stop rate: 0.000
Real Fault Rank 1
================= 22/08/2026 04:40:37: SEED 29 END =================
================= 22/08/2026 04:40:37: SEED 30 (28/100), a*=3 fault=[0,1,2,0,4,5] START =================
===== SEED 30 | FR=0.3 | VR=20 =====
executing with fault mode: [0,1,2,0,4,5]

Fault scores (higher is better):
Fault: [0,1,2,1,4,5], logL: -12.485959, Exp of LogL: 0.000004, Normalized LogL: -1.783708, Exp of Normalized LogL: 0.168014, Best Rate: 0.3
Fault: [0,1,2,2,4,5], logL: -12.679479, Exp of LogL: 0.000003, Normalized LogL: -1.811354, Exp of Normalized LogL: 0.163433, Best Rate: 0.3
Fault: [0,1,2,0,0,5], logL: -12.831412, Exp of LogL: 0.000003, Normalized LogL: -1.833059, Exp of Normalized LogL: 0.159924, Best Rate: 0.3
Fault: [0,1,2,0,3,5], logL: -12.831412, Exp of LogL: 0.000003, Normalized LogL: -1.833059, Exp of Normalized LogL: 0.159924, Best Rate: 0.3
Fault: [0,1,2,0,4,5], logL: -13.019464, Exp of LogL: 0.000002, Normalized LogL: -1.859923, Exp of Normalized LogL: 0.155685, Best Rate: 0.3
Fault: [0,1,2,0,1,5], logL: -13.019464, Exp of LogL: 0.000002, Normalized LogL: -1.859923, Exp of Normalized LogL: 0.155685, Best Rate: 0.3
Fault: [0,1,2,0,2,5], logL: -13.128663, Exp of LogL: 0.000002, Normalized LogL: -1.875523, Exp of Normalized LogL: 0.153275, Best Rate: 0.3
Fault: [0,1,2,3,4,5], logL: -13.502210, Exp of LogL: 0.000001, Normalized LogL: -1.928887, Exp of Normalized LogL: 0.145310, Best Rate: 0.3
Fault: [0,1,2,4,4,5], logL: -13.966980, Exp of LogL: 0.000001, Normalized LogL: -1.995283, Exp of Normalized LogL: 0.135975, Best Rate: 0.3
Fault: [0,1,2,5,4,5], logL: -13.966980, Exp of LogL: 0.000001, Normalized LogL: -1.995283, Exp of Normalized LogL: 0.135975, Best Rate: 0.3

========= ADAPTIVE MC DEBUG =========
Total calls: 70
Avg tries: 178.57
Confidence stops: 70
Max stops: 0
Max stop rate: 0.000
Real Fault Rank 5
===== SEED 30 | FR=0.3 | VR=40 =====
executing with fault mode: [0,1,2,0,4,5]

Fault scores (higher is better):
Fault: [0,1,2,2,4,5], logL: -19.076195, Exp of LogL: 0.000000, Normalized LogL: -1.362585, Exp of Normalized LogL: 0.255998, Best Rate: 0.3
Fault: [0,1,2,1,4,5], logL: -19.157146, Exp of LogL: 0.000000, Normalized LogL: -1.368368, Exp of Normalized LogL: 0.254522, Best Rate: 0.3
Fault: [0,1,2,4,4,5], logL: -21.311132, Exp of LogL: 0.000000, Normalized LogL: -1.522224, Exp of Normalized LogL: 0.218226, Best Rate: 0.3
Fault: [0,1,2,5,4,5], logL: -21.311132, Exp of LogL: 0.000000, Normalized LogL: -1.522224, Exp of Normalized LogL: 0.218226, Best Rate: 0.3
Fault: [0,1,2,0,4,5], logL: -21.614260, Exp of LogL: 0.000000, Normalized LogL: -1.543876, Exp of Normalized LogL: 0.213552, Best Rate: 0.3
Fault: [0,1,2,0,0,5], logL: -22.001033, Exp of LogL: 0.000000, Normalized LogL: -1.571502, Exp of Normalized LogL: 0.207733, Best Rate: 0.3
Fault: [0,1,2,0,2,5], logL: -22.001033, Exp of LogL: 0.000000, Normalized LogL: -1.571502, Exp of Normalized LogL: 0.207733, Best Rate: 0.3
Fault: [0,1,2,0,3,5], logL: -22.001033, Exp of LogL: 0.000000, Normalized LogL: -1.571502, Exp of Normalized LogL: 0.207733, Best Rate: 0.3
Fault: [0,1,2,0,1,5], logL: -22.001033, Exp of LogL: 0.000000, Normalized LogL: -1.571502, Exp of Normalized LogL: 0.207733, Best Rate: 0.3
Fault: [0,1,2,3,4,5], logL: -22.819585, Exp of LogL: 0.000000, Normalized LogL: -1.629970, Exp of Normalized LogL: 0.195935, Best Rate: 0.3

========= ADAPTIVE MC DEBUG =========
Total calls: 140
Avg tries: 173.57
Confidence stops: 140
Max stops: 0
Max stop rate: 0.000
Real Fault Rank 5
===== SEED 30 | FR=0.3 | VR=60 =====
executing with fault mode: [0,1,2,0,4,5]

Fault scores (higher is better):
Fault: [0,1,2,1,4,5], logL: -25.261183, Exp of LogL: 0.000000, Normalized LogL: -1.202913, Exp of Normalized LogL: 0.300318, Best Rate: 0.3
Fault: [0,1,2,2,4,5], logL: -25.716826, Exp of LogL: 0.000000, Normalized LogL: -1.224611, Exp of Normalized LogL: 0.293872, Best Rate: 0.3
Fault: [0,1,2,0,4,5], logL: -27.015311, Exp of LogL: 0.000000, Normalized LogL: -1.286443, Exp of Normalized LogL: 0.276252, Best Rate: 0.3
Fault: [0,1,2,0,0,5], logL: -27.289748, Exp of LogL: 0.000000, Normalized LogL: -1.299512, Exp of Normalized LogL: 0.272665, Best Rate: 0.3
Fault: [0,1,2,0,2,5], logL: -27.289748, Exp of LogL: 0.000000, Normalized LogL: -1.299512, Exp of Normalized LogL: 0.272665, Best Rate: 0.3
Fault: [0,1,2,0,3,5], logL: -27.289748, Exp of LogL: 0.000000, Normalized LogL: -1.299512, Exp of Normalized LogL: 0.272665, Best Rate: 0.3
Fault: [0,1,2,0,1,5], logL: -27.289748, Exp of LogL: 0.000000, Normalized LogL: -1.299512, Exp of Normalized LogL: 0.272665, Best Rate: 0.3
Fault: [0,1,2,3,4,5], logL: -27.965048, Exp of LogL: 0.000000, Normalized LogL: -1.331669, Exp of Normalized LogL: 0.264036, Best Rate: 0.3
Fault: [0,1,2,4,4,5], logL: -51.652513, Exp of LogL: 0.000000, Normalized LogL: -2.459643, Exp of Normalized LogL: 0.085465, Best Rate: 0.3
Fault: [0,1,2,5,4,5], logL: -51.652513, Exp of LogL: 0.000000, Normalized LogL: -2.459643, Exp of Normalized LogL: 0.085465, Best Rate: 0.3

========= ADAPTIVE MC DEBUG =========
Total calls: 210
Avg tries: 176.90
Confidence stops: 210
Max stops: 0
Max stop rate: 0.000
Real Fault Rank 3
===== SEED 30 | FR=0.3 | VR=80 =====
executing with fault mode: [0,1,2,0,4,5]

Fault scores (higher is better):
Fault: [0,1,2,0,4,5], logL: -30.821633, Exp of LogL: 0.000000, Normalized LogL: -1.100773, Exp of Normalized LogL: 0.332614, Best Rate: 0.3
Fault: [0,1,2,1,4,5], logL: -30.913797, Exp of LogL: 0.000000, Normalized LogL: -1.104064, Exp of Normalized LogL: 0.331521, Best Rate: 0.3
Fault: [0,1,2,0,0,5], logL: -31.096070, Exp of LogL: 0.000000, Normalized LogL: -1.110574, Exp of Normalized LogL: 0.329370, Best Rate: 0.3
Fault: [0,1,2,0,2,5], logL: -31.096070, Exp of LogL: 0.000000, Normalized LogL: -1.110574, Exp of Normalized LogL: 0.329370, Best Rate: 0.3
Fault: [0,1,2,0,3,5], logL: -31.096070, Exp of LogL: 0.000000, Normalized LogL: -1.110574, Exp of Normalized LogL: 0.329370, Best Rate: 0.3
Fault: [0,1,2,0,1,5], logL: -31.096070, Exp of LogL: 0.000000, Normalized LogL: -1.110574, Exp of Normalized LogL: 0.329370, Best Rate: 0.3
Fault: [0,1,2,2,4,5], logL: -31.341806, Exp of LogL: 0.000000, Normalized LogL: -1.119350, Exp of Normalized LogL: 0.326492, Best Rate: 0.3
Fault: [0,1,2,3,4,5], logL: -33.271651, Exp of LogL: 0.000000, Normalized LogL: -1.188273, Exp of Normalized LogL: 0.304747, Best Rate: 0.3
Fault: [0,1,2,4,4,5], logL: -34.674807, Exp of LogL: 0.000000, Normalized LogL: -1.238386, Exp of Normalized LogL: 0.289852, Best Rate: 0.3
Fault: [0,1,2,5,4,5], logL: -34.674807, Exp of LogL: 0.000000, Normalized LogL: -1.238386, Exp of Normalized LogL: 0.289852, Best Rate: 0.3

========= ADAPTIVE MC DEBUG =========
Total calls: 280
Avg tries: 175.18
Confidence stops: 280
Max stops: 0
Max stop rate: 0.000
Real Fault Rank 1
===== SEED 30 | FR=0.3 | VR=100 =====
executing with fault mode: [0,1,2,0,4,5]

Fault scores (higher is better):
Fault: [0,1,2,1,4,5], logL: -35.727570, Exp of LogL: 0.000000, Normalized LogL: -1.020788, Exp of Normalized LogL: 0.360311, Best Rate: 0.3
Fault: [0,1,2,0,4,5], logL: -35.801287, Exp of LogL: 0.000000, Normalized LogL: -1.022894, Exp of Normalized LogL: 0.359553, Best Rate: 0.3
Fault: [0,1,2,2,4,5], logL: -35.864305, Exp of LogL: 0.000000, Normalized LogL: -1.024694, Exp of Normalized LogL: 0.358906, Best Rate: 0.3
Fault: [0,1,2,0,0,5], logL: -36.075724, Exp of LogL: 0.000000, Normalized LogL: -1.030735, Exp of Normalized LogL: 0.356745, Best Rate: 0.3
Fault: [0,1,2,0,2,5], logL: -36.075724, Exp of LogL: 0.000000, Normalized LogL: -1.030735, Exp of Normalized LogL: 0.356745, Best Rate: 0.3
Fault: [0,1,2,0,3,5], logL: -36.075724, Exp of LogL: 0.000000, Normalized LogL: -1.030735, Exp of Normalized LogL: 0.356745, Best Rate: 0.3
Fault: [0,1,2,0,1,5], logL: -36.075724, Exp of LogL: 0.000000, Normalized LogL: -1.030735, Exp of Normalized LogL: 0.356745, Best Rate: 0.3
Fault: [0,1,2,3,4,5], logL: -61.643348, Exp of LogL: 0.000000, Normalized LogL: -1.761239, Exp of Normalized LogL: 0.171832, Best Rate: 0.3
Fault: [0,1,2,4,4,5], logL: -65.043785, Exp of LogL: 0.000000, Normalized LogL: -1.858394, Exp of Normalized LogL: 0.155923, Best Rate: 0.3
Fault: [0,1,2,5,4,5], logL: -65.043785, Exp of LogL: 0.000000, Normalized LogL: -1.858394, Exp of Normalized LogL: 0.155923, Best Rate: 0.3

========= ADAPTIVE MC DEBUG =========
Total calls: 350
Avg tries: 178.86
Confidence stops: 350
Max stops: 0
Max stop rate: 0.000
Real Fault Rank 2
================= 22/08/2026 04:41:09: SEED 30 END =================
================= 22/08/2026 04:41:09: SEED 31 (29/100), a*=0 fault=[4,1,2,3,4,5] START =================
===== SEED 31 | FR=0.3 | VR=20 =====
executing with fault mode: [4,1,2,3,4,5]

Fault scores (higher is better):
Fault: [4,1,2,3,4,5], logL: -13.212702, Exp of LogL: 0.000002, Normalized LogL: -1.887529, Exp of Normalized LogL: 0.151446, Best Rate: 0.3
Fault: [4,1,2,1,4,5], logL: -13.366853, Exp of LogL: 0.000002, Normalized LogL: -1.909550, Exp of Normalized LogL: 0.148147, Best Rate: 0.3
Fault: [4,1,2,5,4,5], logL: -13.366853, Exp of LogL: 0.000002, Normalized LogL: -1.909550, Exp of Normalized LogL: 0.148147, Best Rate: 0.3
Fault: [4,1,2,2,4,5], logL: -13.366853, Exp of LogL: 0.000002, Normalized LogL: -1.909550, Exp of Normalized LogL: 0.148147, Best Rate: 0.3
Fault: [4,1,2,0,4,5], logL: -13.366853, Exp of LogL: 0.000002, Normalized LogL: -1.909550, Exp of Normalized LogL: 0.148147, Best Rate: 0.3
Fault: [5,1,2,3,4,5], logL: -13.798996, Exp of LogL: 0.000001, Normalized LogL: -1.971285, Exp of Normalized LogL: 0.139278, Best Rate: 0.3
Fault: [1,1,2,3,4,5], logL: -14.476973, Exp of LogL: 0.000001, Normalized LogL: -2.068139, Exp of Normalized LogL: 0.126421, Best Rate: 0.3
Fault: [2,1,2,3,4,5], logL: -15.054191, Exp of LogL: 0.000000, Normalized LogL: -2.150599, Exp of Normalized LogL: 0.116414, Best Rate: 0.3
Fault: [3,1,2,3,4,5], logL: -15.652931, Exp of LogL: 0.000000, Normalized LogL: -2.236133, Exp of Normalized LogL: 0.106871, Best Rate: 0.3
Fault: [0,1,2,3,4,5], logL: -16.345077, Exp of LogL: 0.000000, Normalized LogL: -2.335011, Exp of Normalized LogL: 0.096809, Best Rate: 0.3

========= ADAPTIVE MC DEBUG =========
Total calls: 70
Avg tries: 180.00
Confidence stops: 70
Max stops: 0
Max stop rate: 0.000
Real Fault Rank 1
===== SEED 31 | FR=0.3 | VR=40 =====
executing with fault mode: [4,1,2,3,4,5]

Fault scores (higher is better):
Fault: [4,1,2,3,4,5], logL: -20.526576, Exp of LogL: 0.000000, Normalized LogL: -1.578967, Exp of Normalized LogL: 0.206188, Best Rate: 0.3
Fault: [4,1,2,1,4,5], logL: -20.680727, Exp of LogL: 0.000000, Normalized LogL: -1.590825, Exp of Normalized LogL: 0.203757, Best Rate: 0.3
Fault: [4,1,2,5,4,5], logL: -20.680727, Exp of LogL: 0.000000, Normalized LogL: -1.590825, Exp of Normalized LogL: 0.203757, Best Rate: 0.3
Fault: [4,1,2,2,4,5], logL: -20.680727, Exp of LogL: 0.000000, Normalized LogL: -1.590825, Exp of Normalized LogL: 0.203757, Best Rate: 0.3
Fault: [4,1,2,0,4,5], logL: -20.680727, Exp of LogL: 0.000000, Normalized LogL: -1.590825, Exp of Normalized LogL: 0.203757, Best Rate: 0.3
Fault: [2,1,2,3,4,5], logL: -20.865244, Exp of LogL: 0.000000, Normalized LogL: -1.605019, Exp of Normalized LogL: 0.200886, Best Rate: 0.3
Fault: [1,1,2,3,4,5], logL: -20.883472, Exp of LogL: 0.000000, Normalized LogL: -1.606421, Exp of Normalized LogL: 0.200604, Best Rate: 0.3
Fault: [5,1,2,3,4,5], logL: -20.932042, Exp of LogL: 0.000000, Normalized LogL: -1.610157, Exp of Normalized LogL: 0.199856, Best Rate: 0.3
Fault: [0,1,2,3,4,5], logL: -45.154816, Exp of LogL: 0.000000, Normalized LogL: -3.473447, Exp of Normalized LogL: 0.031010, Best Rate: 0.3
Fault: [3,1,2,3,4,5], logL: -45.516849, Exp of LogL: 0.000000, Normalized LogL: -3.501296, Exp of Normalized LogL: 0.030158, Best Rate: 0.3

========= ADAPTIVE MC DEBUG =========
Total calls: 130
Avg tries: 176.92
Confidence stops: 130
Max stops: 0
Max stop rate: 0.000
Real Fault Rank 1
===== SEED 31 | FR=0.3 | VR=60 =====
executing with fault mode: [4,1,2,3,4,5]

Fault scores (higher is better):
Fault: [2,1,2,3,4,5], logL: -27.088447, Exp of LogL: 0.000000, Normalized LogL: -1.354422, Exp of Normalized LogL: 0.258096, Best Rate: 0.3
Fault: [3,1,2,3,4,5], logL: -27.091759, Exp of LogL: 0.000000, Normalized LogL: -1.354588, Exp of Normalized LogL: 0.258054, Best Rate: 0.3
Fault: [4,1,2,3,4,5], logL: -27.302141, Exp of LogL: 0.000000, Normalized LogL: -1.365107, Exp of Normalized LogL: 0.255353, Best Rate: 0.3
Fault: [5,1,2,3,4,5], logL: -27.302141, Exp of LogL: 0.000000, Normalized LogL: -1.365107, Exp of Normalized LogL: 0.255353, Best Rate: 0.3
Fault: [4,1,2,1,4,5], logL: -27.456291, Exp of LogL: 0.000000, Normalized LogL: -1.372815, Exp of Normalized LogL: 0.253393, Best Rate: 0.3
Fault: [4,1,2,5,4,5], logL: -27.456291, Exp of LogL: 0.000000, Normalized LogL: -1.372815, Exp of Normalized LogL: 0.253393, Best Rate: 0.3
Fault: [4,1,2,2,4,5], logL: -27.456291, Exp of LogL: 0.000000, Normalized LogL: -1.372815, Exp of Normalized LogL: 0.253393, Best Rate: 0.3
Fault: [4,1,2,0,4,5], logL: -27.456291, Exp of LogL: 0.000000, Normalized LogL: -1.372815, Exp of Normalized LogL: 0.253393, Best Rate: 0.3
Fault: [0,1,2,3,4,5], logL: -27.466122, Exp of LogL: 0.000000, Normalized LogL: -1.373306, Exp of Normalized LogL: 0.253268, Best Rate: 0.3
Fault: [1,1,2,3,4,5], logL: -27.605565, Exp of LogL: 0.000000, Normalized LogL: -1.380278, Exp of Normalized LogL: 0.251509, Best Rate: 0.3

========= ADAPTIVE MC DEBUG =========
Total calls: 200
Avg tries: 172.75
Confidence stops: 200
Max stops: 0
Max stop rate: 0.000
Real Fault Rank 3
===== SEED 31 | FR=0.3 | VR=80 =====
executing with fault mode: [4,1,2,3,4,5]

Fault scores (higher is better):
Fault: [2,1,2,3,4,5], logL: -31.007702, Exp of LogL: 0.000000, Normalized LogL: -1.192604, Exp of Normalized LogL: 0.303430, Best Rate: 0.3
Fault: [4,1,2,3,4,5], logL: -31.232364, Exp of LogL: 0.000000, Normalized LogL: -1.201245, Exp of Normalized LogL: 0.300820, Best Rate: 0.3
Fault: [5,1,2,3,4,5], logL: -31.232364, Exp of LogL: 0.000000, Normalized LogL: -1.201245, Exp of Normalized LogL: 0.300820, Best Rate: 0.3
Fault: [4,1,2,1,4,5], logL: -31.386515, Exp of LogL: 0.000000, Normalized LogL: -1.207174, Exp of Normalized LogL: 0.299041, Best Rate: 0.3
Fault: [4,1,2,5,4,5], logL: -31.386515, Exp of LogL: 0.000000, Normalized LogL: -1.207174, Exp of Normalized LogL: 0.299041, Best Rate: 0.3
Fault: [4,1,2,2,4,5], logL: -31.386515, Exp of LogL: 0.000000, Normalized LogL: -1.207174, Exp of Normalized LogL: 0.299041, Best Rate: 0.3
Fault: [4,1,2,0,4,5], logL: -31.386515, Exp of LogL: 0.000000, Normalized LogL: -1.207174, Exp of Normalized LogL: 0.299041, Best Rate: 0.3
Fault: [3,1,2,3,4,5], logL: -31.432563, Exp of LogL: 0.000000, Normalized LogL: -1.208945, Exp of Normalized LogL: 0.298512, Best Rate: 0.3
Fault: [0,1,2,3,4,5], logL: -31.504868, Exp of LogL: 0.000000, Normalized LogL: -1.211726, Exp of Normalized LogL: 0.297683, Best Rate: 0.3
Fault: [1,1,2,3,4,5], logL: -32.190470, Exp of LogL: 0.000000, Normalized LogL: -1.238095, Exp of Normalized LogL: 0.289936, Best Rate: 0.3

========= ADAPTIVE MC DEBUG =========
Total calls: 260
Avg tries: 174.81
Confidence stops: 260
Max stops: 0
Max stop rate: 0.000
Real Fault Rank 2
===== SEED 31 | FR=0.3 | VR=100 =====
executing with fault mode: [4,1,2,3,4,5]

Fault scores (higher is better):
Fault: [2,1,2,3,4,5], logL: -33.707673, Exp of LogL: 0.000000, Normalized LogL: -1.021445, Exp of Normalized LogL: 0.360074, Best Rate: 0.3
Fault: [4,1,2,3,4,5], logL: -33.796203, Exp of LogL: 0.000000, Normalized LogL: -1.024127, Exp of Normalized LogL: 0.359110, Best Rate: 0.3
Fault: [5,1,2,3,4,5], logL: -33.796203, Exp of LogL: 0.000000, Normalized LogL: -1.024127, Exp of Normalized LogL: 0.359110, Best Rate: 0.3
Fault: [4,1,2,1,4,5], logL: -34.138945, Exp of LogL: 0.000000, Normalized LogL: -1.034513, Exp of Normalized LogL: 0.355399, Best Rate: 0.3
Fault: [4,1,2,5,4,5], logL: -34.227673, Exp of LogL: 0.000000, Normalized LogL: -1.037202, Exp of Normalized LogL: 0.354445, Best Rate: 0.3
Fault: [4,1,2,2,4,5], logL: -34.227673, Exp of LogL: 0.000000, Normalized LogL: -1.037202, Exp of Normalized LogL: 0.354445, Best Rate: 0.3
Fault: [4,1,2,0,4,5], logL: -34.227673, Exp of LogL: 0.000000, Normalized LogL: -1.037202, Exp of Normalized LogL: 0.354445, Best Rate: 0.3
Fault: [0,1,2,3,4,5], logL: -34.937869, Exp of LogL: 0.000000, Normalized LogL: -1.058723, Exp of Normalized LogL: 0.346898, Best Rate: 0.3
Fault: [3,1,2,3,4,5], logL: -36.141565, Exp of LogL: 0.000000, Normalized LogL: -1.095199, Exp of Normalized LogL: 0.334473, Best Rate: 0.3
Fault: [1,1,2,3,4,5], logL: -36.941924, Exp of LogL: 0.000000, Normalized LogL: -1.119452, Exp of Normalized LogL: 0.326459, Best Rate: 0.3

========= ADAPTIVE MC DEBUG =========
Total calls: 330
Avg tries: 179.24
Confidence stops: 330
Max stops: 0
Max stop rate: 0.000
Real Fault Rank 2
================= 22/08/2026 04:41:39: SEED 31 END =================
================= 22/08/2026 04:41:39: SEED 32 (30/100), a*=2 fault=[0,1,0,3,4,5] START =================
===== SEED 32 | FR=0.3 | VR=20 =====
executing with fault mode: [0,1,0,3,4,5]

Fault scores (higher is better):
Fault: [0,1,4,3,4,5], logL: -10.224695, Exp of LogL: 0.000036, Normalized LogL: -1.704116, Exp of Normalized LogL: 0.181933, Best Rate: 0.3
Fault: [0,1,5,3,4,5], logL: -10.224695, Exp of LogL: 0.000036, Normalized LogL: -1.704116, Exp of Normalized LogL: 0.181933, Best Rate: 0.3
Fault: [0,1,2,3,4,5], logL: -11.483393, Exp of LogL: 0.000010, Normalized LogL: -1.913899, Exp of Normalized LogL: 0.147504, Best Rate: 0.3
Fault: [0,1,0,3,0,5], logL: -11.931417, Exp of LogL: 0.000007, Normalized LogL: -1.988570, Exp of Normalized LogL: 0.136891, Best Rate: 0.3
Fault: [0,1,0,3,3,5], logL: -11.931417, Exp of LogL: 0.000007, Normalized LogL: -1.988570, Exp of Normalized LogL: 0.136891, Best Rate: 0.3
Fault: [0,1,0,3,5,5], logL: -11.931417, Exp of LogL: 0.000007, Normalized LogL: -1.988570, Exp of Normalized LogL: 0.136891, Best Rate: 0.3
Fault: [0,1,0,3,2,5], logL: -11.931417, Exp of LogL: 0.000007, Normalized LogL: -1.988570, Exp of Normalized LogL: 0.136891, Best Rate: 0.3
Fault: [0,1,0,3,4,5], logL: -12.176540, Exp of LogL: 0.000005, Normalized LogL: -2.029423, Exp of Normalized LogL: 0.131411, Best Rate: 0.3
Fault: [0,1,3,3,4,5], logL: -12.294323, Exp of LogL: 0.000005, Normalized LogL: -2.049054, Exp of Normalized LogL: 0.128857, Best Rate: 0.3
Fault: [0,1,1,3,4,5], logL: -12.427854, Exp of LogL: 0.000004, Normalized LogL: -2.071309, Exp of Normalized LogL: 0.126021, Best Rate: 0.3

========= ADAPTIVE MC DEBUG =========
Total calls: 60
Avg tries: 175.00
Confidence stops: 60
Max stops: 0
Max stop rate: 0.000
Real Fault Rank 8
===== SEED 32 | FR=0.3 | VR=40 =====
executing with fault mode: [0,1,0,3,4,5]

Fault scores (higher is better):
Fault: [0,1,2,3,4,5], logL: -13.812411, Exp of LogL: 0.000001, Normalized LogL: -1.255674, Exp of Normalized LogL: 0.284884, Best Rate: 0.3
Fault: [0,1,4,3,4,5], logL: -13.840582, Exp of LogL: 0.000001, Normalized LogL: -1.258235, Exp of Normalized LogL: 0.284155, Best Rate: 0.3
Fault: [0,1,5,3,4,5], logL: -13.840582, Exp of LogL: 0.000001, Normalized LogL: -1.258235, Exp of Normalized LogL: 0.284155, Best Rate: 0.3
Fault: [0,1,1,3,4,5], logL: -14.079859, Exp of LogL: 0.000001, Normalized LogL: -1.279987, Exp of Normalized LogL: 0.278041, Best Rate: 0.3
Fault: [0,1,3,3,4,5], logL: -14.199956, Exp of LogL: 0.000001, Normalized LogL: -1.290905, Exp of Normalized LogL: 0.275022, Best Rate: 0.3
Fault: [0,1,0,3,4,5], logL: -14.468517, Exp of LogL: 0.000001, Normalized LogL: -1.315320, Exp of Normalized LogL: 0.268388, Best Rate: 0.3
Fault: [0,1,0,3,0,5], logL: -14.821338, Exp of LogL: 0.000000, Normalized LogL: -1.347394, Exp of Normalized LogL: 0.259917, Best Rate: 0.3
Fault: [0,1,0,3,3,5], logL: -14.821338, Exp of LogL: 0.000000, Normalized LogL: -1.347394, Exp of Normalized LogL: 0.259917, Best Rate: 0.3
Fault: [0,1,0,3,5,5], logL: -14.821338, Exp of LogL: 0.000000, Normalized LogL: -1.347394, Exp of Normalized LogL: 0.259917, Best Rate: 0.3
Fault: [0,1,0,3,2,5], logL: -14.821338, Exp of LogL: 0.000000, Normalized LogL: -1.347394, Exp of Normalized LogL: 0.259917, Best Rate: 0.3

========= ADAPTIVE MC DEBUG =========
Total calls: 110
Avg tries: 180.45
Confidence stops: 110
Max stops: 0
Max stop rate: 0.000
Real Fault Rank 6
===== SEED 32 | FR=0.3 | VR=60 =====
executing with fault mode: [0,1,0,3,4,5]

Fault scores (higher is better):
Fault: [0,1,2,3,4,5], logL: -14.436512, Exp of LogL: 0.000001, Normalized LogL: -0.902282, Exp of Normalized LogL: 0.405643, Best Rate: 0.3
Fault: [0,1,4,3,4,5], logL: -14.464683, Exp of LogL: 0.000001, Normalized LogL: -0.904043, Exp of Normalized LogL: 0.404929, Best Rate: 0.3
Fault: [0,1,5,3,4,5], logL: -14.464683, Exp of LogL: 0.000001, Normalized LogL: -0.904043, Exp of Normalized LogL: 0.404929, Best Rate: 0.3
Fault: [0,1,1,3,4,5], logL: -14.703960, Exp of LogL: 0.000000, Normalized LogL: -0.918997, Exp of Normalized LogL: 0.398919, Best Rate: 0.3
Fault: [0,1,3,3,4,5], logL: -14.824057, Exp of LogL: 0.000000, Normalized LogL: -0.926504, Exp of Normalized LogL: 0.395936, Best Rate: 0.3
Fault: [0,1,0,3,4,5], logL: -15.092618, Exp of LogL: 0.000000, Normalized LogL: -0.943289, Exp of Normalized LogL: 0.389345, Best Rate: 0.3
Fault: [0,1,0,3,0,5], logL: -15.470954, Exp of LogL: 0.000000, Normalized LogL: -0.966935, Exp of Normalized LogL: 0.380247, Best Rate: 0.3
Fault: [0,1,0,3,3,5], logL: -15.470954, Exp of LogL: 0.000000, Normalized LogL: -0.966935, Exp of Normalized LogL: 0.380247, Best Rate: 0.3
Fault: [0,1,0,3,5,5], logL: -15.470954, Exp of LogL: 0.000000, Normalized LogL: -0.966935, Exp of Normalized LogL: 0.380247, Best Rate: 0.3
Fault: [0,1,0,3,2,5], logL: -15.470954, Exp of LogL: 0.000000, Normalized LogL: -0.966935, Exp of Normalized LogL: 0.380247, Best Rate: 0.3

========= ADAPTIVE MC DEBUG =========
Total calls: 160
Avg tries: 181.56
Confidence stops: 160
Max stops: 0
Max stop rate: 0.000
Real Fault Rank 6
===== SEED 32 | FR=0.3 | VR=80 =====
executing with fault mode: [0,1,0,3,4,5]

Fault scores (higher is better):
Fault: [0,1,2,3,4,5], logL: -16.874991, Exp of LogL: 0.000000, Normalized LogL: -0.803571, Exp of Normalized LogL: 0.447727, Best Rate: 0.3
Fault: [0,1,3,3,4,5], logL: -16.949647, Exp of LogL: 0.000000, Normalized LogL: -0.807126, Exp of Normalized LogL: 0.446138, Best Rate: 0.3
Fault: [0,1,4,3,4,5], logL: -17.025154, Exp of LogL: 0.000000, Normalized LogL: -0.810722, Exp of Normalized LogL: 0.444537, Best Rate: 0.3
Fault: [0,1,5,3,4,5], logL: -17.025154, Exp of LogL: 0.000000, Normalized LogL: -0.810722, Exp of Normalized LogL: 0.444537, Best Rate: 0.3
Fault: [0,1,1,3,4,5], logL: -17.092389, Exp of LogL: 0.000000, Normalized LogL: -0.813923, Exp of Normalized LogL: 0.443116, Best Rate: 0.3
Fault: [0,1,0,3,4,5], logL: -17.331035, Exp of LogL: 0.000000, Normalized LogL: -0.825287, Exp of Normalized LogL: 0.438109, Best Rate: 0.3
Fault: [0,1,0,3,0,5], logL: -17.709371, Exp of LogL: 0.000000, Normalized LogL: -0.843303, Exp of Normalized LogL: 0.430287, Best Rate: 0.3
Fault: [0,1,0,3,3,5], logL: -17.709371, Exp of LogL: 0.000000, Normalized LogL: -0.843303, Exp of Normalized LogL: 0.430287, Best Rate: 0.3
Fault: [0,1,0,3,5,5], logL: -17.709371, Exp of LogL: 0.000000, Normalized LogL: -0.843303, Exp of Normalized LogL: 0.430287, Best Rate: 0.3
Fault: [0,1,0,3,2,5], logL: -17.709371, Exp of LogL: 0.000000, Normalized LogL: -0.843303, Exp of Normalized LogL: 0.430287, Best Rate: 0.3

========= ADAPTIVE MC DEBUG =========
Total calls: 210
Avg tries: 182.62
Confidence stops: 210
Max stops: 0
Max stop rate: 0.000
Real Fault Rank 6
===== SEED 32 | FR=0.3 | VR=100 =====
executing with fault mode: [0,1,0,3,4,5]

Fault scores (higher is better):
Fault: [0,1,3,3,4,5], logL: -19.220627, Exp of LogL: 0.000000, Normalized LogL: -0.739255, Exp of Normalized LogL: 0.477470, Best Rate: 0.3
Fault: [0,1,0,3,4,5], logL: -20.001876, Exp of LogL: 0.000000, Normalized LogL: -0.769303, Exp of Normalized LogL: 0.463336, Best Rate: 0.3
Fault: [0,1,0,3,0,5], logL: -20.380213, Exp of LogL: 0.000000, Normalized LogL: -0.783854, Exp of Normalized LogL: 0.456643, Best Rate: 0.3
Fault: [0,1,0,3,3,5], logL: -20.380213, Exp of LogL: 0.000000, Normalized LogL: -0.783854, Exp of Normalized LogL: 0.456643, Best Rate: 0.3
Fault: [0,1,0,3,5,5], logL: -20.380213, Exp of LogL: 0.000000, Normalized LogL: -0.783854, Exp of Normalized LogL: 0.456643, Best Rate: 0.3
Fault: [0,1,0,3,2,5], logL: -20.380213, Exp of LogL: 0.000000, Normalized LogL: -0.783854, Exp of Normalized LogL: 0.456643, Best Rate: 0.3
Fault: [0,1,1,3,4,5], logL: -20.681846, Exp of LogL: 0.000000, Normalized LogL: -0.795456, Exp of Normalized LogL: 0.451376, Best Rate: 0.3
Fault: [0,1,2,3,4,5], logL: -43.697049, Exp of LogL: 0.000000, Normalized LogL: -1.680656, Exp of Normalized LogL: 0.186252, Best Rate: 0.3
Fault: [0,1,4,3,4,5], logL: -45.059888, Exp of LogL: 0.000000, Normalized LogL: -1.733073, Exp of Normalized LogL: 0.176741, Best Rate: 0.3
Fault: [0,1,5,3,4,5], logL: -45.059888, Exp of LogL: 0.000000, Normalized LogL: -1.733073, Exp of Normalized LogL: 0.176741, Best Rate: 0.3

========= ADAPTIVE MC DEBUG =========
Total calls: 260
Avg tries: 185.38
Confidence stops: 260
Max stops: 0
Max stop rate: 0.000
Real Fault Rank 2
================= 22/08/2026 04:42:04: SEED 32 END =================
================= 22/08/2026 04:42:04: SEED 33 (31/100), a*=3 fault=[0,1,2,1,4,5] START =================
===== SEED 33 | FR=0.3 | VR=20 =====
executing with fault mode: [0,1,2,1,4,5]

executing with fault mode: [0,1,2,1,4,5]

Fault scores (higher is better):
Fault: [0,1,2,1,3,5], logL: -16.480398, Exp of LogL: 0.000000, Normalized LogL: -2.354343, Exp of Normalized LogL: 0.094956, Best Rate: 0.3
Fault: [0,1,2,1,0,5], logL: -16.734463, Exp of LogL: 0.000000, Normalized LogL: -2.390638, Exp of Normalized LogL: 0.091571, Best Rate: 0.3
Fault: [0,1,2,1,4,5], logL: -17.792584, Exp of LogL: 0.000000, Normalized LogL: -2.541798, Exp of Normalized LogL: 0.078725, Best Rate: 0.3
Fault: [0,1,2,1,1,5], logL: -17.828952, Exp of LogL: 0.000000, Normalized LogL: -2.546993, Exp of Normalized LogL: 0.078317, Best Rate: 0.3
Fault: [0,1,2,1,2,5], logL: -17.828952, Exp of LogL: 0.000000, Normalized LogL: -2.546993, Exp of Normalized LogL: 0.078317, Best Rate: 0.3
Fault: [0,1,2,3,4,5], logL: -18.091406, Exp of LogL: 0.000000, Normalized LogL: -2.584487, Exp of Normalized LogL: 0.075435, Best Rate: 0.3
Fault: [0,1,2,5,4,5], logL: -18.507710, Exp of LogL: 0.000000, Normalized LogL: -2.643959, Exp of Normalized LogL: 0.071079, Best Rate: 0.3
Fault: [0,1,2,4,4,5], logL: -18.507710, Exp of LogL: 0.000000, Normalized LogL: -2.643959, Exp of Normalized LogL: 0.071079, Best Rate: 0.3
Fault: [0,1,2,0,4,5], logL: -18.979048, Exp of LogL: 0.000000, Normalized LogL: -2.711293, Exp of Normalized LogL: 0.066451, Best Rate: 0.3
Fault: [0,1,2,2,4,5], logL: -19.498109, Exp of LogL: 0.000000, Normalized LogL: -2.785444, Exp of Normalized LogL: 0.061702, Best Rate: 0.3

========= ADAPTIVE MC DEBUG =========
Total calls: 70
Avg tries: 185.71
Confidence stops: 70
Max stops: 0
Max stop rate: 0.000
Real Fault Rank 3
===== SEED 33 | FR=0.3 | VR=40 =====
executing with fault mode: [0,1,2,1,4,5]

executing with fault mode: [0,1,2,1,4,5]

Fault scores (higher is better):
Fault: [0,1,2,1,1,5], logL: -24.059302, Exp of LogL: 0.000000, Normalized LogL: -1.850716, Exp of Normalized LogL: 0.157125, Best Rate: 0.3
Fault: [0,1,2,1,2,5], logL: -24.059302, Exp of LogL: 0.000000, Normalized LogL: -1.850716, Exp of Normalized LogL: 0.157125, Best Rate: 0.3
Fault: [0,1,2,1,3,5], logL: -25.931489, Exp of LogL: 0.000000, Normalized LogL: -1.994730, Exp of Normalized LogL: 0.136050, Best Rate: 0.3
Fault: [0,1,2,1,0,5], logL: -25.979279, Exp of LogL: 0.000000, Normalized LogL: -1.998406, Exp of Normalized LogL: 0.135551, Best Rate: 0.3
Fault: [0,1,2,3,4,5], logL: -26.102971, Exp of LogL: 0.000000, Normalized LogL: -2.007921, Exp of Normalized LogL: 0.134268, Best Rate: 0.3
Fault: [0,1,2,1,4,5], logL: -26.154632, Exp of LogL: 0.000000, Normalized LogL: -2.011895, Exp of Normalized LogL: 0.133735, Best Rate: 0.3
Fault: [0,1,2,5,4,5], logL: -26.231593, Exp of LogL: 0.000000, Normalized LogL: -2.017815, Exp of Normalized LogL: 0.132946, Best Rate: 0.3
Fault: [0,1,2,4,4,5], logL: -26.231593, Exp of LogL: 0.000000, Normalized LogL: -2.017815, Exp of Normalized LogL: 0.132946, Best Rate: 0.3
Fault: [0,1,2,0,4,5], logL: -26.799512, Exp of LogL: 0.000000, Normalized LogL: -2.061501, Exp of Normalized LogL: 0.127263, Best Rate: 0.3
Fault: [0,1,2,2,4,5], logL: -26.965562, Exp of LogL: 0.000000, Normalized LogL: -2.074274, Exp of Normalized LogL: 0.125648, Best Rate: 0.3

========= ADAPTIVE MC DEBUG =========
Total calls: 130
Avg tries: 170.77
Confidence stops: 130
Max stops: 0
Max stop rate: 0.000
Real Fault Rank 6
===== SEED 33 | FR=0.3 | VR=60 =====
executing with fault mode: [0,1,2,1,4,5]

executing with fault mode: [0,1,2,1,4,5]

Fault scores (higher is better):
Fault: [0,1,2,1,1,5], logL: -29.688625, Exp of LogL: 0.000000, Normalized LogL: -1.562559, Exp of Normalized LogL: 0.209599, Best Rate: 0.3
Fault: [0,1,2,1,2,5], logL: -29.688625, Exp of LogL: 0.000000, Normalized LogL: -1.562559, Exp of Normalized LogL: 0.209599, Best Rate: 0.3
Fault: [0,1,2,1,3,5], logL: -31.560811, Exp of LogL: 0.000000, Normalized LogL: -1.661095, Exp of Normalized LogL: 0.189931, Best Rate: 0.3
Fault: [0,1,2,1,0,5], logL: -31.608602, Exp of LogL: 0.000000, Normalized LogL: -1.663611, Exp of Normalized LogL: 0.189454, Best Rate: 0.3
Fault: [0,1,2,1,4,5], logL: -31.783955, Exp of LogL: 0.000000, Normalized LogL: -1.672840, Exp of Normalized LogL: 0.187713, Best Rate: 0.3
Fault: [0,1,2,5,4,5], logL: -31.848494, Exp of LogL: 0.000000, Normalized LogL: -1.676237, Exp of Normalized LogL: 0.187077, Best Rate: 0.3
Fault: [0,1,2,4,4,5], logL: -31.848494, Exp of LogL: 0.000000, Normalized LogL: -1.676237, Exp of Normalized LogL: 0.187077, Best Rate: 0.3
Fault: [0,1,2,3,4,5], logL: -31.850899, Exp of LogL: 0.000000, Normalized LogL: -1.676363, Exp of Normalized LogL: 0.187053, Best Rate: 0.3
Fault: [0,1,2,2,4,5], logL: -32.672669, Exp of LogL: 0.000000, Normalized LogL: -1.719614, Exp of Normalized LogL: 0.179135, Best Rate: 0.3
Fault: [0,1,2,0,4,5], logL: -33.292459, Exp of LogL: 0.000000, Normalized LogL: -1.752235, Exp of Normalized LogL: 0.173386, Best Rate: 0.3

========= ADAPTIVE MC DEBUG =========
Total calls: 190
Avg tries: 166.84
Confidence stops: 190
Max stops: 0
Max stop rate: 0.000
Real Fault Rank 5
===== SEED 33 | FR=0.3 | VR=80 =====
executing with fault mode: [0,1,2,1,4,5]

executing with fault mode: [0,1,2,1,4,5]

Fault scores (higher is better):
Fault: [0,1,2,5,4,5], logL: -33.038435, Exp of LogL: 0.000000, Normalized LogL: -1.321537, Exp of Normalized LogL: 0.266725, Best Rate: 0.3
Fault: [0,1,2,4,4,5], logL: -33.038435, Exp of LogL: 0.000000, Normalized LogL: -1.321537, Exp of Normalized LogL: 0.266725, Best Rate: 0.3
Fault: [0,1,2,1,1,5], logL: -33.371169, Exp of LogL: 0.000000, Normalized LogL: -1.334847, Exp of Normalized LogL: 0.263199, Best Rate: 0.3
Fault: [0,1,2,1,2,5], logL: -33.371169, Exp of LogL: 0.000000, Normalized LogL: -1.334847, Exp of Normalized LogL: 0.263199, Best Rate: 0.3
Fault: [0,1,2,1,3,5], logL: -34.307263, Exp of LogL: 0.000000, Normalized LogL: -1.372291, Exp of Normalized LogL: 0.253526, Best Rate: 0.3
Fault: [0,1,2,1,4,5], logL: -34.307263, Exp of LogL: 0.000000, Normalized LogL: -1.372291, Exp of Normalized LogL: 0.253526, Best Rate: 0.3
Fault: [0,1,2,1,0,5], logL: -34.450363, Exp of LogL: 0.000000, Normalized LogL: -1.378015, Exp of Normalized LogL: 0.252079, Best Rate: 0.3
Fault: [0,1,2,3,4,5], logL: -35.112024, Exp of LogL: 0.000000, Normalized LogL: -1.404481, Exp of Normalized LogL: 0.245494, Best Rate: 0.3
Fault: [0,1,2,2,4,5], logL: -35.202374, Exp of LogL: 0.000000, Normalized LogL: -1.408095, Exp of Normalized LogL: 0.244609, Best Rate: 0.3
Fault: [0,1,2,0,4,5], logL: -36.010388, Exp of LogL: 0.000000, Normalized LogL: -1.440416, Exp of Normalized LogL: 0.236829, Best Rate: 0.3

========= ADAPTIVE MC DEBUG =========
Total calls: 250
Avg tries: 175.40
Confidence stops: 250
Max stops: 0
Max stop rate: 0.000
Real Fault Rank 6
===== SEED 33 | FR=0.3 | VR=100 =====
executing with fault mode: [0,1,2,1,4,5]

executing with fault mode: [0,1,2,1,4,5]

Fault scores (higher is better):
Fault: [0,1,2,1,4,5], logL: -33.982792, Exp of LogL: 0.000000, Normalized LogL: -1.096219, Exp of Normalized LogL: 0.334132, Best Rate: 0.3
Fault: [0,1,2,5,4,5], logL: -34.201941, Exp of LogL: 0.000000, Normalized LogL: -1.103288, Exp of Normalized LogL: 0.331778, Best Rate: 0.3
Fault: [0,1,2,4,4,5], logL: -34.201941, Exp of LogL: 0.000000, Normalized LogL: -1.103288, Exp of Normalized LogL: 0.331778, Best Rate: 0.3
Fault: [0,1,2,1,3,5], logL: -34.325283, Exp of LogL: 0.000000, Normalized LogL: -1.107267, Exp of Normalized LogL: 0.330461, Best Rate: 0.3
Fault: [0,1,2,1,0,5], logL: -34.325283, Exp of LogL: 0.000000, Normalized LogL: -1.107267, Exp of Normalized LogL: 0.330461, Best Rate: 0.3
Fault: [0,1,2,1,1,5], logL: -34.325283, Exp of LogL: 0.000000, Normalized LogL: -1.107267, Exp of Normalized LogL: 0.330461, Best Rate: 0.3
Fault: [0,1,2,1,2,5], logL: -34.325283, Exp of LogL: 0.000000, Normalized LogL: -1.107267, Exp of Normalized LogL: 0.330461, Best Rate: 0.3
Fault: [0,1,2,2,4,5], logL: -34.899543, Exp of LogL: 0.000000, Normalized LogL: -1.125792, Exp of Normalized LogL: 0.324396, Best Rate: 0.3
Fault: [0,1,2,3,4,5], logL: -35.764451, Exp of LogL: 0.000000, Normalized LogL: -1.153692, Exp of Normalized LogL: 0.315470, Best Rate: 0.3
Fault: [0,1,2,0,4,5], logL: -37.384754, Exp of LogL: 0.000000, Normalized LogL: -1.205960, Exp of Normalized LogL: 0.299404, Best Rate: 0.3

========= ADAPTIVE MC DEBUG =========
Total calls: 310
Avg tries: 178.23
Confidence stops: 310
Max stops: 0
Max stop rate: 0.000
Real Fault Rank 1
================= 22/08/2026 04:42:32: SEED 33 END =================
================= 22/08/2026 04:42:32: SEED 34 (32/100), a*=2 fault=[0,1,0,3,4,5] START =================
===== SEED 34 | FR=0.3 | VR=20 =====
executing with fault mode: [0,1,0,3,4,5]

Fault scores (higher is better):
Fault: [0,1,3,3,4,5], logL: -5.521301, Exp of LogL: 0.004001, Normalized LogL: -1.380325, Exp of Normalized LogL: 0.251497, Best Rate: 0.3
Fault: [0,1,0,1,4,5], logL: -5.593387, Exp of LogL: 0.003722, Normalized LogL: -1.398347, Exp of Normalized LogL: 0.247005, Best Rate: 0.3
Fault: [0,1,0,3,4,5], logL: -5.639907, Exp of LogL: 0.003553, Normalized LogL: -1.409977, Exp of Normalized LogL: 0.244149, Best Rate: 0.3
Fault: [0,1,0,0,4,5], logL: -5.852687, Exp of LogL: 0.002872, Normalized LogL: -1.463172, Exp of Normalized LogL: 0.231501, Best Rate: 0.3
Fault: [0,1,0,2,4,5], logL: -5.852687, Exp of LogL: 0.002872, Normalized LogL: -1.463172, Exp of Normalized LogL: 0.231501, Best Rate: 0.3
Fault: [0,1,0,4,4,5], logL: -5.852687, Exp of LogL: 0.002872, Normalized LogL: -1.463172, Exp of Normalized LogL: 0.231501, Best Rate: 0.3
Fault: [0,1,1,3,4,5], logL: -6.169424, Exp of LogL: 0.002092, Normalized LogL: -1.542356, Exp of Normalized LogL: 0.213877, Best Rate: 0.3
Fault: [0,1,2,3,4,5], logL: -6.584368, Exp of LogL: 0.001382, Normalized LogL: -1.646092, Exp of Normalized LogL: 0.192802, Best Rate: 0.3
Fault: [0,1,5,3,4,5], logL: -6.907595, Exp of LogL: 0.001000, Normalized LogL: -1.726899, Exp of Normalized LogL: 0.177835, Best Rate: 0.3
Fault: [0,1,4,3,4,5], logL: -6.907595, Exp of LogL: 0.001000, Normalized LogL: -1.726899, Exp of Normalized LogL: 0.177835, Best Rate: 0.3

========= ADAPTIVE MC DEBUG =========
Total calls: 40
Avg tries: 208.75
Confidence stops: 40
Max stops: 0
Max stop rate: 0.000
Real Fault Rank 3
===== SEED 34 | FR=0.3 | VR=40 =====
executing with fault mode: [0,1,0,3,4,5]

Fault scores (higher is better):
Fault: [0,1,3,3,4,5], logL: -8.858255, Exp of LogL: 0.000142, Normalized LogL: -1.107282, Exp of Normalized LogL: 0.330456, Best Rate: 0.3
Fault: [0,1,1,3,4,5], logL: -10.366838, Exp of LogL: 0.000031, Normalized LogL: -1.295855, Exp of Normalized LogL: 0.273664, Best Rate: 0.3
Fault: [0,1,0,3,4,5], logL: -10.596875, Exp of LogL: 0.000025, Normalized LogL: -1.324609, Exp of Normalized LogL: 0.265907, Best Rate: 0.3
Fault: [0,1,0,1,4,5], logL: -10.838037, Exp of LogL: 0.000020, Normalized LogL: -1.354755, Exp of Normalized LogL: 0.258011, Best Rate: 0.3
Fault: [0,1,0,0,4,5], logL: -10.963806, Exp of LogL: 0.000017, Normalized LogL: -1.370476, Exp of Normalized LogL: 0.253986, Best Rate: 0.3
Fault: [0,1,0,2,4,5], logL: -10.963806, Exp of LogL: 0.000017, Normalized LogL: -1.370476, Exp of Normalized LogL: 0.253986, Best Rate: 0.3
Fault: [0,1,0,4,4,5], logL: -10.963806, Exp of LogL: 0.000017, Normalized LogL: -1.370476, Exp of Normalized LogL: 0.253986, Best Rate: 0.3
Fault: [0,1,2,3,4,5], logL: -35.079289, Exp of LogL: 0.000000, Normalized LogL: -4.384911, Exp of Normalized LogL: 0.012464, Best Rate: 0.3
Fault: [0,1,5,3,4,5], logL: -35.217392, Exp of LogL: 0.000000, Normalized LogL: -4.402174, Exp of Normalized LogL: 0.012251, Best Rate: 0.3
Fault: [0,1,4,3,4,5], logL: -35.217392, Exp of LogL: 0.000000, Normalized LogL: -4.402174, Exp of Normalized LogL: 0.012251, Best Rate: 0.3

========= ADAPTIVE MC DEBUG =========
Total calls: 80
Avg tries: 182.50
Confidence stops: 80
Max stops: 0
Max stop rate: 0.000
Real Fault Rank 3
===== SEED 34 | FR=0.3 | VR=60 =====
executing with fault mode: [0,1,0,3,4,5]

Fault scores (higher is better):
Fault: [0,1,3,3,4,5], logL: -13.101430, Exp of LogL: 0.000002, Normalized LogL: -1.191039, Exp of Normalized LogL: 0.303905, Best Rate: 0.3
Fault: [0,1,1,3,4,5], logL: -15.251352, Exp of LogL: 0.000000, Normalized LogL: -1.386487, Exp of Normalized LogL: 0.249952, Best Rate: 0.3
Fault: [0,1,0,3,4,5], logL: -18.066423, Exp of LogL: 0.000000, Normalized LogL: -1.642402, Exp of Normalized LogL: 0.193515, Best Rate: 0.3
Fault: [0,1,0,1,4,5], logL: -18.307585, Exp of LogL: 0.000000, Normalized LogL: -1.664326, Exp of Normalized LogL: 0.189318, Best Rate: 0.3
Fault: [0,1,0,0,4,5], logL: -18.433354, Exp of LogL: 0.000000, Normalized LogL: -1.675759, Exp of Normalized LogL: 0.187166, Best Rate: 0.3
Fault: [0,1,0,2,4,5], logL: -18.433354, Exp of LogL: 0.000000, Normalized LogL: -1.675759, Exp of Normalized LogL: 0.187166, Best Rate: 0.3
Fault: [0,1,0,4,4,5], logL: -18.433354, Exp of LogL: 0.000000, Normalized LogL: -1.675759, Exp of Normalized LogL: 0.187166, Best Rate: 0.3
Fault: [0,1,5,3,4,5], logL: -39.332734, Exp of LogL: 0.000000, Normalized LogL: -3.575703, Exp of Normalized LogL: 0.027996, Best Rate: 0.3
Fault: [0,1,4,3,4,5], logL: -39.332734, Exp of LogL: 0.000000, Normalized LogL: -3.575703, Exp of Normalized LogL: 0.027996, Best Rate: 0.3
Fault: [0,1,2,3,4,5], logL: -64.906735, Exp of LogL: 0.000000, Normalized LogL: -5.900612, Exp of Normalized LogL: 0.002738, Best Rate: 0.3

========= ADAPTIVE MC DEBUG =========
Total calls: 110
Avg tries: 178.18
Confidence stops: 110
Max stops: 0
Max stop rate: 0.000
Real Fault Rank 3
===== SEED 34 | FR=0.3 | VR=80 =====
executing with fault mode: [0,1,0,3,4,5]

Fault scores (higher is better):
Fault: [0,1,3,3,4,5], logL: -15.566260, Exp of LogL: 0.000000, Normalized LogL: -1.037751, Exp of Normalized LogL: 0.354251, Best Rate: 0.3
Fault: [0,1,1,3,4,5], logL: -18.649607, Exp of LogL: 0.000000, Normalized LogL: -1.243307, Exp of Normalized LogL: 0.288429, Best Rate: 0.3
Fault: [0,1,0,3,4,5], logL: -19.444126, Exp of LogL: 0.000000, Normalized LogL: -1.296275, Exp of Normalized LogL: 0.273549, Best Rate: 0.3
Fault: [0,1,0,1,4,5], logL: -19.685288, Exp of LogL: 0.000000, Normalized LogL: -1.312353, Exp of Normalized LogL: 0.269186, Best Rate: 0.3
Fault: [0,1,0,0,4,5], logL: -19.811057, Exp of LogL: 0.000000, Normalized LogL: -1.320737, Exp of Normalized LogL: 0.266938, Best Rate: 0.3
Fault: [0,1,0,2,4,5], logL: -19.811057, Exp of LogL: 0.000000, Normalized LogL: -1.320737, Exp of Normalized LogL: 0.266938, Best Rate: 0.3
Fault: [0,1,0,4,4,5], logL: -19.811057, Exp of LogL: 0.000000, Normalized LogL: -1.320737, Exp of Normalized LogL: 0.266938, Best Rate: 0.3
Fault: [0,1,5,3,4,5], logL: -42.243851, Exp of LogL: 0.000000, Normalized LogL: -2.816257, Exp of Normalized LogL: 0.059829, Best Rate: 0.3
Fault: [0,1,4,3,4,5], logL: -42.243851, Exp of LogL: 0.000000, Normalized LogL: -2.816257, Exp of Normalized LogL: 0.059829, Best Rate: 0.3
Fault: [0,1,2,3,4,5], logL: -66.909135, Exp of LogL: 0.000000, Normalized LogL: -4.460609, Exp of Normalized LogL: 0.011555, Best Rate: 0.3

========= ADAPTIVE MC DEBUG =========
Total calls: 150
Avg tries: 183.33
Confidence stops: 150
Max stops: 0
Max stop rate: 0.000
Real Fault Rank 3
===== SEED 34 | FR=0.3 | VR=100 =====
executing with fault mode: [0,1,0,3,4,5]

Fault scores (higher is better):
Fault: [0,1,3,3,4,5], logL: -17.729924, Exp of LogL: 0.000000, Normalized LogL: -0.933154, Exp of Normalized LogL: 0.393311, Best Rate: 0.3
Fault: [0,1,0,3,4,5], logL: -23.261946, Exp of LogL: 0.000000, Normalized LogL: -1.224313, Exp of Normalized LogL: 0.293960, Best Rate: 0.3
Fault: [0,1,1,3,4,5], logL: -23.366768, Exp of LogL: 0.000000, Normalized LogL: -1.229830, Exp of Normalized LogL: 0.292342, Best Rate: 0.3
Fault: [0,1,0,1,4,5], logL: -23.503108, Exp of LogL: 0.000000, Normalized LogL: -1.237006, Exp of Normalized LogL: 0.290252, Best Rate: 0.3
Fault: [0,1,0,0,4,5], logL: -23.628878, Exp of LogL: 0.000000, Normalized LogL: -1.243625, Exp of Normalized LogL: 0.288337, Best Rate: 0.3
Fault: [0,1,0,2,4,5], logL: -23.628878, Exp of LogL: 0.000000, Normalized LogL: -1.243625, Exp of Normalized LogL: 0.288337, Best Rate: 0.3
Fault: [0,1,0,4,4,5], logL: -23.628878, Exp of LogL: 0.000000, Normalized LogL: -1.243625, Exp of Normalized LogL: 0.288337, Best Rate: 0.3
Fault: [0,1,5,3,4,5], logL: -70.015601, Exp of LogL: 0.000000, Normalized LogL: -3.685032, Exp of Normalized LogL: 0.025096, Best Rate: 0.3
Fault: [0,1,4,3,4,5], logL: -70.015601, Exp of LogL: 0.000000, Normalized LogL: -3.685032, Exp of Normalized LogL: 0.025096, Best Rate: 0.3
Fault: [0,1,2,3,4,5], logL: -120.450898, Exp of LogL: 0.000000, Normalized LogL: -6.339521, Exp of Normalized LogL: 0.001765, Best Rate: 0.3

========= ADAPTIVE MC DEBUG =========
Total calls: 190
Avg tries: 181.84
Confidence stops: 190
Max stops: 0
Max stop rate: 0.000
Real Fault Rank 2
================= 22/08/2026 04:42:50: SEED 34 END =================
================= 22/08/2026 04:42:50: SEED 35 (33/100), a*=0 fault=[1,1,2,3,4,5] START =================
===== SEED 35 | FR=0.3 | VR=20 =====
executing with fault mode: [1,1,2,3,4,5]

Fault scores (higher is better):
Fault: [0,1,2,3,4,5], logL: -4.730631, Exp of LogL: 0.008821, Normalized LogL: -1.182658, Exp of Normalized LogL: 0.306463, Best Rate: 0.3
Fault: [3,1,2,3,4,5], logL: -5.369711, Exp of LogL: 0.004655, Normalized LogL: -1.342428, Exp of Normalized LogL: 0.261211, Best Rate: 0.3
Fault: [4,1,2,3,4,5], logL: -5.486299, Exp of LogL: 0.004143, Normalized LogL: -1.371575, Exp of Normalized LogL: 0.253707, Best Rate: 0.3
Fault: [5,1,2,3,4,5], logL: -5.543457, Exp of LogL: 0.003913, Normalized LogL: -1.385864, Exp of Normalized LogL: 0.250108, Best Rate: 0.3
Fault: [1,1,2,3,4,5], logL: -5.572333, Exp of LogL: 0.003802, Normalized LogL: -1.393083, Exp of Normalized LogL: 0.248309, Best Rate: 0.3
Fault: [2,1,2,3,4,5], logL: -5.604082, Exp of LogL: 0.003683, Normalized LogL: -1.401020, Exp of Normalized LogL: 0.246345, Best Rate: 0.3
Fault: [1,1,2,5,4,5], logL: -5.947027, Exp of LogL: 0.002614, Normalized LogL: -1.486757, Exp of Normalized LogL: 0.226105, Best Rate: 0.3
Fault: [1,1,2,4,4,5], logL: -5.947027, Exp of LogL: 0.002614, Normalized LogL: -1.486757, Exp of Normalized LogL: 0.226105, Best Rate: 0.3
Fault: [1,1,2,2,4,5], logL: -6.042337, Exp of LogL: 0.002376, Normalized LogL: -1.510584, Exp of Normalized LogL: 0.220781, Best Rate: 0.3
Fault: [1,1,2,1,4,5], logL: -6.042337, Exp of LogL: 0.002376, Normalized LogL: -1.510584, Exp of Normalized LogL: 0.220781, Best Rate: 0.3

========= ADAPTIVE MC DEBUG =========
Total calls: 40
Avg tries: 200.00
Confidence stops: 40
Max stops: 0
Max stop rate: 0.000
Real Fault Rank 5
===== SEED 35 | FR=0.3 | VR=40 =====
executing with fault mode: [1,1,2,3,4,5]

Fault scores (higher is better):
Fault: [0,1,2,3,4,5], logL: -8.901651, Exp of LogL: 0.000136, Normalized LogL: -1.112706, Exp of Normalized LogL: 0.328668, Best Rate: 0.3
Fault: [2,1,2,3,4,5], logL: -9.584861, Exp of LogL: 0.000069, Normalized LogL: -1.198108, Exp of Normalized LogL: 0.301765, Best Rate: 0.3
Fault: [3,1,2,3,4,5], logL: -9.628325, Exp of LogL: 0.000066, Normalized LogL: -1.203541, Exp of Normalized LogL: 0.300130, Best Rate: 0.3
Fault: [1,1,2,3,4,5], logL: -9.751385, Exp of LogL: 0.000058, Normalized LogL: -1.218923, Exp of Normalized LogL: 0.295548, Best Rate: 0.3
Fault: [4,1,2,3,4,5], logL: -9.808543, Exp of LogL: 0.000055, Normalized LogL: -1.226068, Exp of Normalized LogL: 0.293444, Best Rate: 0.3
Fault: [5,1,2,3,4,5], logL: -9.808543, Exp of LogL: 0.000055, Normalized LogL: -1.226068, Exp of Normalized LogL: 0.293444, Best Rate: 0.3
Fault: [1,1,2,1,4,5], logL: -9.894486, Exp of LogL: 0.000050, Normalized LogL: -1.236811, Exp of Normalized LogL: 0.290309, Best Rate: 0.3
Fault: [1,1,2,2,4,5], logL: -9.974528, Exp of LogL: 0.000047, Normalized LogL: -1.246816, Exp of Normalized LogL: 0.287418, Best Rate: 0.3
Fault: [1,1,2,5,4,5], logL: -9.974528, Exp of LogL: 0.000047, Normalized LogL: -1.246816, Exp of Normalized LogL: 0.287418, Best Rate: 0.3
Fault: [1,1,2,4,4,5], logL: -9.974528, Exp of LogL: 0.000047, Normalized LogL: -1.246816, Exp of Normalized LogL: 0.287418, Best Rate: 0.3

========= ADAPTIVE MC DEBUG =========
Total calls: 80
Avg tries: 181.25
Confidence stops: 80
Max stops: 0
Max stop rate: 0.000
Real Fault Rank 4
===== SEED 35 | FR=0.3 | VR=60 =====
executing with fault mode: [1,1,2,3,4,5]

Fault scores (higher is better):
Fault: [1,1,2,3,4,5], logL: -12.312876, Exp of LogL: 0.000004, Normalized LogL: -1.026073, Exp of Normalized LogL: 0.358412, Best Rate: 0.3
Fault: [1,1,2,1,4,5], logL: -12.455977, Exp of LogL: 0.000004, Normalized LogL: -1.037998, Exp of Normalized LogL: 0.354163, Best Rate: 0.3
Fault: [1,1,2,2,4,5], logL: -12.536019, Exp of LogL: 0.000004, Normalized LogL: -1.044668, Exp of Normalized LogL: 0.351809, Best Rate: 0.3
Fault: [1,1,2,5,4,5], logL: -12.536019, Exp of LogL: 0.000004, Normalized LogL: -1.044668, Exp of Normalized LogL: 0.351809, Best Rate: 0.3
Fault: [1,1,2,4,4,5], logL: -12.536019, Exp of LogL: 0.000004, Normalized LogL: -1.044668, Exp of Normalized LogL: 0.351809, Best Rate: 0.3
Fault: [2,1,2,3,4,5], logL: -13.407302, Exp of LogL: 0.000002, Normalized LogL: -1.117275, Exp of Normalized LogL: 0.327170, Best Rate: 0.3
Fault: [0,1,2,3,4,5], logL: -37.228839, Exp of LogL: 0.000000, Normalized LogL: -3.102403, Exp of Normalized LogL: 0.044941, Best Rate: 0.3
Fault: [3,1,2,3,4,5], logL: -38.265466, Exp of LogL: 0.000000, Normalized LogL: -3.188789, Exp of Normalized LogL: 0.041222, Best Rate: 0.3
Fault: [4,1,2,3,4,5], logL: -38.265466, Exp of LogL: 0.000000, Normalized LogL: -3.188789, Exp of Normalized LogL: 0.041222, Best Rate: 0.3
Fault: [5,1,2,3,4,5], logL: -38.265466, Exp of LogL: 0.000000, Normalized LogL: -3.188789, Exp of Normalized LogL: 0.041222, Best Rate: 0.3

========= ADAPTIVE MC DEBUG =========
Total calls: 120
Avg tries: 184.17
Confidence stops: 120
Max stops: 0
Max stop rate: 0.000
Real Fault Rank 1
===== SEED 35 | FR=0.3 | VR=80 =====
executing with fault mode: [1,1,2,3,4,5]

Fault scores (higher is better):
Fault: [1,1,2,3,4,5], logL: -12.729221, Exp of LogL: 0.000003, Normalized LogL: -0.795576, Exp of Normalized LogL: 0.451321, Best Rate: 0.3
Fault: [1,1,2,1,4,5], logL: -12.972347, Exp of LogL: 0.000002, Normalized LogL: -0.810772, Exp of Normalized LogL: 0.444515, Best Rate: 0.3
Fault: [1,1,2,2,4,5], logL: -13.088984, Exp of LogL: 0.000002, Normalized LogL: -0.818061, Exp of Normalized LogL: 0.441286, Best Rate: 0.3
Fault: [1,1,2,5,4,5], logL: -13.088984, Exp of LogL: 0.000002, Normalized LogL: -0.818061, Exp of Normalized LogL: 0.441286, Best Rate: 0.3
Fault: [1,1,2,4,4,5], logL: -13.088984, Exp of LogL: 0.000002, Normalized LogL: -0.818061, Exp of Normalized LogL: 0.441286, Best Rate: 0.3
Fault: [2,1,2,3,4,5], logL: -13.823647, Exp of LogL: 0.000001, Normalized LogL: -0.863978, Exp of Normalized LogL: 0.421482, Best Rate: 0.3
Fault: [0,1,2,3,4,5], logL: -37.645184, Exp of LogL: 0.000000, Normalized LogL: -2.352824, Exp of Normalized LogL: 0.095100, Best Rate: 0.3
Fault: [3,1,2,3,4,5], logL: -38.681811, Exp of LogL: 0.000000, Normalized LogL: -2.417613, Exp of Normalized LogL: 0.089134, Best Rate: 0.3
Fault: [4,1,2,3,4,5], logL: -38.681811, Exp of LogL: 0.000000, Normalized LogL: -2.417613, Exp of Normalized LogL: 0.089134, Best Rate: 0.3
Fault: [5,1,2,3,4,5], logL: -38.681811, Exp of LogL: 0.000000, Normalized LogL: -2.417613, Exp of Normalized LogL: 0.089134, Best Rate: 0.3

========= ADAPTIVE MC DEBUG =========
Total calls: 160
Avg tries: 185.00
Confidence stops: 160
Max stops: 0
Max stop rate: 0.000
Real Fault Rank 1
===== SEED 35 | FR=0.3 | VR=100 =====
executing with fault mode: [1,1,2,3,4,5]

Fault scores (higher is better):
Fault: [1,1,2,3,4,5], logL: -13.794797, Exp of LogL: 0.000001, Normalized LogL: -0.689740, Exp of Normalized LogL: 0.501707, Best Rate: 0.3
Fault: [1,1,2,1,4,5], logL: -14.037923, Exp of LogL: 0.000001, Normalized LogL: -0.701896, Exp of Normalized LogL: 0.495645, Best Rate: 0.3
Fault: [1,1,2,2,4,5], logL: -14.154560, Exp of LogL: 0.000001, Normalized LogL: -0.707728, Exp of Normalized LogL: 0.492762, Best Rate: 0.3
Fault: [1,1,2,5,4,5], logL: -14.154560, Exp of LogL: 0.000001, Normalized LogL: -0.707728, Exp of Normalized LogL: 0.492762, Best Rate: 0.3
Fault: [1,1,2,4,4,5], logL: -14.154560, Exp of LogL: 0.000001, Normalized LogL: -0.707728, Exp of Normalized LogL: 0.492762, Best Rate: 0.3
Fault: [2,1,2,3,4,5], logL: -15.058119, Exp of LogL: 0.000000, Normalized LogL: -0.752906, Exp of Normalized LogL: 0.470996, Best Rate: 0.3
Fault: [0,1,2,3,4,5], logL: -38.800458, Exp of LogL: 0.000000, Normalized LogL: -1.940023, Exp of Normalized LogL: 0.143701, Best Rate: 0.3
Fault: [3,1,2,3,4,5], logL: -39.747388, Exp of LogL: 0.000000, Normalized LogL: -1.987369, Exp of Normalized LogL: 0.137055, Best Rate: 0.3
Fault: [4,1,2,3,4,5], logL: -39.747388, Exp of LogL: 0.000000, Normalized LogL: -1.987369, Exp of Normalized LogL: 0.137055, Best Rate: 0.3
Fault: [5,1,2,3,4,5], logL: -39.747388, Exp of LogL: 0.000000, Normalized LogL: -1.987369, Exp of Normalized LogL: 0.137055, Best Rate: 0.3

========= ADAPTIVE MC DEBUG =========
Total calls: 200
Avg tries: 187.50
Confidence stops: 200
Max stops: 0
Max stop rate: 0.000
Real Fault Rank 1
================= 22/08/2026 04:43:09: SEED 35 END =================
================= 22/08/2026 04:43:09: SEED 36 (34/100), a*=0 fault=[3,1,2,3,4,5] START =================
===== SEED 36 | FR=0.3 | VR=20 =====
executing with fault mode: [3,1,2,3,4,5]

executing with fault mode: [3,1,2,3,4,5]

Fault scores (higher is better):
Fault: [2,1,2,3,4,5], logL: -15.247081, Exp of LogL: 0.000000, Normalized LogL: -2.541180, Exp of Normalized LogL: 0.078773, Best Rate: 0.3
Fault: [1,1,2,3,4,5], logL: -15.757907, Exp of LogL: 0.000000, Normalized LogL: -2.626318, Exp of Normalized LogL: 0.072344, Best Rate: 0.3
Fault: [4,1,2,3,4,5], logL: -16.088149, Exp of LogL: 0.000000, Normalized LogL: -2.681358, Exp of Normalized LogL: 0.068470, Best Rate: 0.3
Fault: [5,1,2,3,4,5], logL: -16.088149, Exp of LogL: 0.000000, Normalized LogL: -2.681358, Exp of Normalized LogL: 0.068470, Best Rate: 0.3
Fault: [0,1,2,3,4,5], logL: -16.155590, Exp of LogL: 0.000000, Normalized LogL: -2.692598, Exp of Normalized LogL: 0.067705, Best Rate: 0.3
Fault: [3,1,2,3,0,5], logL: -16.825748, Exp of LogL: 0.000000, Normalized LogL: -2.804291, Exp of Normalized LogL: 0.060550, Best Rate: 0.3
Fault: [3,1,2,3,4,5], logL: -16.825748, Exp of LogL: 0.000000, Normalized LogL: -2.804291, Exp of Normalized LogL: 0.060550, Best Rate: 0.3
Fault: [3,1,2,3,1,5], logL: -16.825748, Exp of LogL: 0.000000, Normalized LogL: -2.804291, Exp of Normalized LogL: 0.060550, Best Rate: 0.3
Fault: [3,1,2,3,5,5], logL: -16.825748, Exp of LogL: 0.000000, Normalized LogL: -2.804291, Exp of Normalized LogL: 0.060550, Best Rate: 0.3
Fault: [3,1,2,3,3,5], logL: -16.825748, Exp of LogL: 0.000000, Normalized LogL: -2.804291, Exp of Normalized LogL: 0.060550, Best Rate: 0.3

========= ADAPTIVE MC DEBUG =========
Total calls: 60
Avg tries: 167.50
Confidence stops: 60
Max stops: 0
Max stop rate: 0.000
Real Fault Rank 7
===== SEED 36 | FR=0.3 | VR=40 =====
executing with fault mode: [3,1,2,3,4,5]

executing with fault mode: [3,1,2,3,4,5]

Fault scores (higher is better):
Fault: [2,1,2,3,4,5], logL: -18.790274, Exp of LogL: 0.000000, Normalized LogL: -1.708207, Exp of Normalized LogL: 0.181190, Best Rate: 0.3
Fault: [1,1,2,3,4,5], logL: -19.307753, Exp of LogL: 0.000000, Normalized LogL: -1.755250, Exp of Normalized LogL: 0.172864, Best Rate: 0.3
Fault: [3,1,2,3,4,5], logL: -19.595435, Exp of LogL: 0.000000, Normalized LogL: -1.781403, Exp of Normalized LogL: 0.168402, Best Rate: 0.3
Fault: [4,1,2,3,4,5], logL: -19.836597, Exp of LogL: 0.000000, Normalized LogL: -1.803327, Exp of Normalized LogL: 0.164750, Best Rate: 0.3
Fault: [5,1,2,3,4,5], logL: -19.836597, Exp of LogL: 0.000000, Normalized LogL: -1.803327, Exp of Normalized LogL: 0.164750, Best Rate: 0.3
Fault: [3,1,2,3,0,5], logL: -19.942489, Exp of LogL: 0.000000, Normalized LogL: -1.812954, Exp of Normalized LogL: 0.163171, Best Rate: 0.3
Fault: [3,1,2,3,1,5], logL: -19.942489, Exp of LogL: 0.000000, Normalized LogL: -1.812954, Exp of Normalized LogL: 0.163171, Best Rate: 0.3
Fault: [3,1,2,3,5,5], logL: -19.942489, Exp of LogL: 0.000000, Normalized LogL: -1.812954, Exp of Normalized LogL: 0.163171, Best Rate: 0.3
Fault: [3,1,2,3,3,5], logL: -19.942489, Exp of LogL: 0.000000, Normalized LogL: -1.812954, Exp of Normalized LogL: 0.163171, Best Rate: 0.3
Fault: [0,1,2,3,4,5], logL: -19.960345, Exp of LogL: 0.000000, Normalized LogL: -1.814577, Exp of Normalized LogL: 0.162907, Best Rate: 0.3

========= ADAPTIVE MC DEBUG =========
Total calls: 110
Avg tries: 179.09
Confidence stops: 110
Max stops: 0
Max stop rate: 0.000
Real Fault Rank 3
===== SEED 36 | FR=0.3 | VR=60 =====
executing with fault mode: [3,1,2,3,4,5]

executing with fault mode: [3,1,2,3,4,5]

Fault scores (higher is better):
Fault: [3,1,2,3,4,5], logL: -23.220763, Exp of LogL: 0.000000, Normalized LogL: -1.451298, Exp of Normalized LogL: 0.234266, Best Rate: 0.3
Fault: [1,1,2,3,4,5], logL: -23.372836, Exp of LogL: 0.000000, Normalized LogL: -1.460802, Exp of Normalized LogL: 0.232050, Best Rate: 0.3
Fault: [3,1,2,3,0,5], logL: -23.567818, Exp of LogL: 0.000000, Normalized LogL: -1.472989, Exp of Normalized LogL: 0.229239, Best Rate: 0.3
Fault: [3,1,2,3,1,5], logL: -23.567818, Exp of LogL: 0.000000, Normalized LogL: -1.472989, Exp of Normalized LogL: 0.229239, Best Rate: 0.3
Fault: [3,1,2,3,5,5], logL: -23.567818, Exp of LogL: 0.000000, Normalized LogL: -1.472989, Exp of Normalized LogL: 0.229239, Best Rate: 0.3
Fault: [3,1,2,3,3,5], logL: -23.567818, Exp of LogL: 0.000000, Normalized LogL: -1.472989, Exp of Normalized LogL: 0.229239, Best Rate: 0.3
Fault: [2,1,2,3,4,5], logL: -23.692906, Exp of LogL: 0.000000, Normalized LogL: -1.480807, Exp of Normalized LogL: 0.227454, Best Rate: 0.3
Fault: [0,1,2,3,4,5], logL: -24.209211, Exp of LogL: 0.000000, Normalized LogL: -1.513076, Exp of Normalized LogL: 0.220232, Best Rate: 0.3
Fault: [4,1,2,3,4,5], logL: -24.801690, Exp of LogL: 0.000000, Normalized LogL: -1.550106, Exp of Normalized LogL: 0.212226, Best Rate: 0.3
Fault: [5,1,2,3,4,5], logL: -24.801690, Exp of LogL: 0.000000, Normalized LogL: -1.550106, Exp of Normalized LogL: 0.212226, Best Rate: 0.3

========= ADAPTIVE MC DEBUG =========
Total calls: 160
Avg tries: 175.62
Confidence stops: 160
Max stops: 0
Max stop rate: 0.000
Real Fault Rank 1
===== SEED 36 | FR=0.3 | VR=80 =====
executing with fault mode: [3,1,2,3,4,5]

executing with fault mode: [3,1,2,3,4,5]

Fault scores (higher is better):
Fault: [3,1,2,3,4,5], logL: -25.185497, Exp of LogL: 0.000000, Normalized LogL: -1.199309, Exp of Normalized LogL: 0.301402, Best Rate: 0.3
Fault: [1,1,2,3,4,5], logL: -25.317908, Exp of LogL: 0.000000, Normalized LogL: -1.205615, Exp of Normalized LogL: 0.299508, Best Rate: 0.3
Fault: [3,1,2,3,0,5], logL: -25.532551, Exp of LogL: 0.000000, Normalized LogL: -1.215836, Exp of Normalized LogL: 0.296462, Best Rate: 0.3
Fault: [3,1,2,3,1,5], logL: -25.532551, Exp of LogL: 0.000000, Normalized LogL: -1.215836, Exp of Normalized LogL: 0.296462, Best Rate: 0.3
Fault: [3,1,2,3,5,5], logL: -25.532551, Exp of LogL: 0.000000, Normalized LogL: -1.215836, Exp of Normalized LogL: 0.296462, Best Rate: 0.3
Fault: [3,1,2,3,3,5], logL: -25.532551, Exp of LogL: 0.000000, Normalized LogL: -1.215836, Exp of Normalized LogL: 0.296462, Best Rate: 0.3
Fault: [2,1,2,3,4,5], logL: -25.641735, Exp of LogL: 0.000000, Normalized LogL: -1.221035, Exp of Normalized LogL: 0.294925, Best Rate: 0.3
Fault: [0,1,2,3,4,5], logL: -26.120559, Exp of LogL: 0.000000, Normalized LogL: -1.243836, Exp of Normalized LogL: 0.288276, Best Rate: 0.3
Fault: [4,1,2,3,4,5], logL: -26.746762, Exp of LogL: 0.000000, Normalized LogL: -1.273655, Exp of Normalized LogL: 0.279807, Best Rate: 0.3
Fault: [5,1,2,3,4,5], logL: -26.746762, Exp of LogL: 0.000000, Normalized LogL: -1.273655, Exp of Normalized LogL: 0.279807, Best Rate: 0.3

========= ADAPTIVE MC DEBUG =========
Total calls: 210
Avg tries: 175.00
Confidence stops: 210
Max stops: 0
Max stop rate: 0.000
Real Fault Rank 1
===== SEED 36 | FR=0.3 | VR=100 =====
executing with fault mode: [3,1,2,3,4,5]

executing with fault mode: [3,1,2,3,4,5]

Fault scores (higher is better):
Fault: [3,1,2,3,4,5], logL: -28.804017, Exp of LogL: 0.000000, Normalized LogL: -1.066815, Exp of Normalized LogL: 0.344103, Best Rate: 0.3
Fault: [0,1,2,3,4,5], logL: -29.106557, Exp of LogL: 0.000000, Normalized LogL: -1.078021, Exp of Normalized LogL: 0.340268, Best Rate: 0.3
Fault: [3,1,2,3,0,5], logL: -29.182353, Exp of LogL: 0.000000, Normalized LogL: -1.080828, Exp of Normalized LogL: 0.339314, Best Rate: 0.3
Fault: [3,1,2,3,1,5], logL: -29.182353, Exp of LogL: 0.000000, Normalized LogL: -1.080828, Exp of Normalized LogL: 0.339314, Best Rate: 0.3
Fault: [3,1,2,3,5,5], logL: -29.182353, Exp of LogL: 0.000000, Normalized LogL: -1.080828, Exp of Normalized LogL: 0.339314, Best Rate: 0.3
Fault: [3,1,2,3,3,5], logL: -29.182353, Exp of LogL: 0.000000, Normalized LogL: -1.080828, Exp of Normalized LogL: 0.339314, Best Rate: 0.3
Fault: [2,1,2,3,4,5], logL: -29.640310, Exp of LogL: 0.000000, Normalized LogL: -1.097789, Exp of Normalized LogL: 0.333608, Best Rate: 0.3
Fault: [1,1,2,3,4,5], logL: -30.084615, Exp of LogL: 0.000000, Normalized LogL: -1.114245, Exp of Normalized LogL: 0.328163, Best Rate: 0.3
Fault: [4,1,2,3,4,5], logL: -31.687038, Exp of LogL: 0.000000, Normalized LogL: -1.173594, Exp of Normalized LogL: 0.309253, Best Rate: 0.3
Fault: [5,1,2,3,4,5], logL: -31.687038, Exp of LogL: 0.000000, Normalized LogL: -1.173594, Exp of Normalized LogL: 0.309253, Best Rate: 0.3

========= ADAPTIVE MC DEBUG =========
Total calls: 270
Avg tries: 175.00
Confidence stops: 270
Max stops: 0
Max stop rate: 0.000
Real Fault Rank 1
================= 22/08/2026 04:43:33: SEED 36 END =================
================= 22/08/2026 04:43:33: SEED 37 (35/100), a*=2 fault=[0,1,3,3,4,5] START =================
===== SEED 37 | FR=0.3 | VR=20 =====
executing with fault mode: [0,1,3,3,4,5]

Fault scores (higher is better):
Fault: [0,1,1,3,4,5], logL: -6.725434, Exp of LogL: 0.001200, Normalized LogL: -2.241811, Exp of Normalized LogL: 0.106266, Best Rate: 0.3
Fault: [0,1,2,3,4,5], logL: -6.907755, Exp of LogL: 0.001000, Normalized LogL: -2.302585, Exp of Normalized LogL: 0.100000, Best Rate: 0.3
Fault: [0,1,4,3,4,5], logL: -7.217910, Exp of LogL: 0.000733, Normalized LogL: -2.405970, Exp of Normalized LogL: 0.090178, Best Rate: 0.3
Fault: [0,1,5,3,4,5], logL: -7.217910, Exp of LogL: 0.000733, Normalized LogL: -2.405970, Exp of Normalized LogL: 0.090178, Best Rate: 0.3
Fault: [0,1,0,3,4,5], logL: -7.505592, Exp of LogL: 0.000550, Normalized LogL: -2.501864, Exp of Normalized LogL: 0.081932, Best Rate: 0.3
Fault: [0,1,3,3,4,5], logL: -7.505592, Exp of LogL: 0.000550, Normalized LogL: -2.501864, Exp of Normalized LogL: 0.081932, Best Rate: 0.3
Fault: [0,1,3,3,1,5], logL: -7.505592, Exp of LogL: 0.000550, Normalized LogL: -2.501864, Exp of Normalized LogL: 0.081932, Best Rate: 0.3
Fault: [0,1,3,3,2,5], logL: -7.505592, Exp of LogL: 0.000550, Normalized LogL: -2.501864, Exp of Normalized LogL: 0.081932, Best Rate: 0.3
Fault: [0,1,3,3,3,5], logL: -7.505592, Exp of LogL: 0.000550, Normalized LogL: -2.501864, Exp of Normalized LogL: 0.081932, Best Rate: 0.3
Fault: [0,1,3,3,5,5], logL: -7.505592, Exp of LogL: 0.000550, Normalized LogL: -2.501864, Exp of Normalized LogL: 0.081932, Best Rate: 0.3

========= ADAPTIVE MC DEBUG =========
Total calls: 30
Avg tries: 183.33
Confidence stops: 30
Max stops: 0
Max stop rate: 0.000
Real Fault Rank 6
===== SEED 37 | FR=0.3 | VR=40 =====
executing with fault mode: [0,1,3,3,4,5]

Fault scores (higher is better):
Fault: [0,1,1,3,4,5], logL: -11.595341, Exp of LogL: 0.000009, Normalized LogL: -1.932557, Exp of Normalized LogL: 0.144778, Best Rate: 0.3
Fault: [0,1,2,3,4,5], logL: -11.615820, Exp of LogL: 0.000009, Normalized LogL: -1.935970, Exp of Normalized LogL: 0.144284, Best Rate: 0.3
Fault: [0,1,4,3,4,5], logL: -11.709752, Exp of LogL: 0.000008, Normalized LogL: -1.951625, Exp of Normalized LogL: 0.142043, Best Rate: 0.3
Fault: [0,1,5,3,4,5], logL: -11.709752, Exp of LogL: 0.000008, Normalized LogL: -1.951625, Exp of Normalized LogL: 0.142043, Best Rate: 0.3
Fault: [0,1,3,3,1,5], logL: -12.094598, Exp of LogL: 0.000006, Normalized LogL: -2.015766, Exp of Normalized LogL: 0.133218, Best Rate: 0.3
Fault: [0,1,3,3,2,5], logL: -12.094598, Exp of LogL: 0.000006, Normalized LogL: -2.015766, Exp of Normalized LogL: 0.133218, Best Rate: 0.3
Fault: [0,1,3,3,5,5], logL: -12.094598, Exp of LogL: 0.000006, Normalized LogL: -2.015766, Exp of Normalized LogL: 0.133218, Best Rate: 0.3
Fault: [0,1,3,3,4,5], logL: -12.248748, Exp of LogL: 0.000005, Normalized LogL: -2.041458, Exp of Normalized LogL: 0.129839, Best Rate: 0.3
Fault: [0,1,0,3,4,5], logL: -12.402899, Exp of LogL: 0.000004, Normalized LogL: -2.067150, Exp of Normalized LogL: 0.126546, Best Rate: 0.3
Fault: [0,1,3,3,3,5], logL: -12.431070, Exp of LogL: 0.000004, Normalized LogL: -2.071845, Exp of Normalized LogL: 0.125953, Best Rate: 0.3

========= ADAPTIVE MC DEBUG =========
Total calls: 60
Avg tries: 158.33
Confidence stops: 60
Max stops: 0
Max stop rate: 0.000
Real Fault Rank 8
===== SEED 37 | FR=0.3 | VR=60 =====
executing with fault mode: [0,1,3,3,4,5]

Fault scores (higher is better):
Fault: [0,1,1,3,4,5], logL: -12.593854, Exp of LogL: 0.000003, Normalized LogL: -1.399317, Exp of Normalized LogL: 0.246765, Best Rate: 0.3
Fault: [0,1,4,3,4,5], logL: -12.898732, Exp of LogL: 0.000003, Normalized LogL: -1.433192, Exp of Normalized LogL: 0.238546, Best Rate: 0.3
Fault: [0,1,5,3,4,5], logL: -12.898732, Exp of LogL: 0.000003, Normalized LogL: -1.433192, Exp of Normalized LogL: 0.238546, Best Rate: 0.3
Fault: [0,1,3,3,1,5], logL: -12.960180, Exp of LogL: 0.000002, Normalized LogL: -1.440020, Exp of Normalized LogL: 0.236923, Best Rate: 0.3
Fault: [0,1,3,3,2,5], logL: -12.960180, Exp of LogL: 0.000002, Normalized LogL: -1.440020, Exp of Normalized LogL: 0.236923, Best Rate: 0.3
Fault: [0,1,3,3,5,5], logL: -12.960180, Exp of LogL: 0.000002, Normalized LogL: -1.440020, Exp of Normalized LogL: 0.236923, Best Rate: 0.3
Fault: [0,1,2,3,4,5], logL: -13.090669, Exp of LogL: 0.000002, Normalized LogL: -1.454519, Exp of Normalized LogL: 0.233513, Best Rate: 0.3
Fault: [0,1,3,3,4,5], logL: -13.240481, Exp of LogL: 0.000002, Normalized LogL: -1.471165, Exp of Normalized LogL: 0.229658, Best Rate: 0.3
Fault: [0,1,3,3,3,5], logL: -13.332855, Exp of LogL: 0.000002, Normalized LogL: -1.481428, Exp of Normalized LogL: 0.227313, Best Rate: 0.3
Fault: [0,1,0,3,4,5], logL: -13.591879, Exp of LogL: 0.000001, Normalized LogL: -1.510209, Exp of Normalized LogL: 0.220864, Best Rate: 0.3

========= ADAPTIVE MC DEBUG =========
Total calls: 90
Avg tries: 168.89
Confidence stops: 90
Max stops: 0
Max stop rate: 0.000
Real Fault Rank 8
===== SEED 37 | FR=0.3 | VR=80 =====
executing with fault mode: [0,1,3,3,4,5]

Fault scores (higher is better):
Fault: [0,1,1,3,4,5], logL: -13.347126, Exp of LogL: 0.000002, Normalized LogL: -1.112261, Exp of Normalized LogL: 0.328815, Best Rate: 0.3
Fault: [0,1,4,3,4,5], logL: -13.652004, Exp of LogL: 0.000001, Normalized LogL: -1.137667, Exp of Normalized LogL: 0.320566, Best Rate: 0.3
Fault: [0,1,5,3,4,5], logL: -13.652004, Exp of LogL: 0.000001, Normalized LogL: -1.137667, Exp of Normalized LogL: 0.320566, Best Rate: 0.3
Fault: [0,1,2,3,4,5], logL: -13.843941, Exp of LogL: 0.000001, Normalized LogL: -1.153662, Exp of Normalized LogL: 0.315479, Best Rate: 0.3
Fault: [0,1,3,3,4,5], logL: -13.993753, Exp of LogL: 0.000001, Normalized LogL: -1.166146, Exp of Normalized LogL: 0.311565, Best Rate: 0.3
Fault: [0,1,0,3,4,5], logL: -14.345151, Exp of LogL: 0.000001, Normalized LogL: -1.195429, Exp of Normalized LogL: 0.302574, Best Rate: 0.3
Fault: [0,1,3,3,1,5], logL: -14.350428, Exp of LogL: 0.000001, Normalized LogL: -1.195869, Exp of Normalized LogL: 0.302441, Best Rate: 0.3
Fault: [0,1,3,3,2,5], logL: -14.350428, Exp of LogL: 0.000001, Normalized LogL: -1.195869, Exp of Normalized LogL: 0.302441, Best Rate: 0.3
Fault: [0,1,3,3,3,5], logL: -14.350428, Exp of LogL: 0.000001, Normalized LogL: -1.195869, Exp of Normalized LogL: 0.302441, Best Rate: 0.3
Fault: [0,1,3,3,5,5], logL: -14.350428, Exp of LogL: 0.000001, Normalized LogL: -1.195869, Exp of Normalized LogL: 0.302441, Best Rate: 0.3

========= ADAPTIVE MC DEBUG =========
Total calls: 120
Avg tries: 172.92
Confidence stops: 120
Max stops: 0
Max stop rate: 0.000
Real Fault Rank 5
===== SEED 37 | FR=0.3 | VR=100 =====
executing with fault mode: [0,1,3,3,4,5]

Fault scores (higher is better):
Fault: [0,1,1,3,4,5], logL: -13.750889, Exp of LogL: 0.000001, Normalized LogL: -0.916726, Exp of Normalized LogL: 0.399826, Best Rate: 0.3
Fault: [0,1,2,3,4,5], logL: -14.261593, Exp of LogL: 0.000001, Normalized LogL: -0.950773, Exp of Normalized LogL: 0.386442, Best Rate: 0.3
Fault: [0,1,3,3,4,5], logL: -14.410135, Exp of LogL: 0.000001, Normalized LogL: -0.960676, Exp of Normalized LogL: 0.382634, Best Rate: 0.3
Fault: [0,1,0,3,4,5], logL: -14.679295, Exp of LogL: 0.000000, Normalized LogL: -0.978620, Exp of Normalized LogL: 0.375830, Best Rate: 0.3
Fault: [0,1,4,3,4,5], logL: -14.761533, Exp of LogL: 0.000000, Normalized LogL: -0.984102, Exp of Normalized LogL: 0.373775, Best Rate: 0.3
Fault: [0,1,5,3,4,5], logL: -14.761533, Exp of LogL: 0.000000, Normalized LogL: -0.984102, Exp of Normalized LogL: 0.373775, Best Rate: 0.3
Fault: [0,1,3,3,1,5], logL: -14.766810, Exp of LogL: 0.000000, Normalized LogL: -0.984454, Exp of Normalized LogL: 0.373643, Best Rate: 0.3
Fault: [0,1,3,3,2,5], logL: -14.766810, Exp of LogL: 0.000000, Normalized LogL: -0.984454, Exp of Normalized LogL: 0.373643, Best Rate: 0.3
Fault: [0,1,3,3,3,5], logL: -14.766810, Exp of LogL: 0.000000, Normalized LogL: -0.984454, Exp of Normalized LogL: 0.373643, Best Rate: 0.3
Fault: [0,1,3,3,5,5], logL: -14.766810, Exp of LogL: 0.000000, Normalized LogL: -0.984454, Exp of Normalized LogL: 0.373643, Best Rate: 0.3

========= ADAPTIVE MC DEBUG =========
Total calls: 150
Avg tries: 178.33
Confidence stops: 150
Max stops: 0
Max stop rate: 0.000
Real Fault Rank 3
================= 22/08/2026 04:43:47: SEED 37 END =================
================= 22/08/2026 04:43:47: SEED 38 (36/100), a*=2 fault=[0,1,1,3,4,5] START =================
===== SEED 38 | FR=0.3 | VR=20 =====
executing with fault mode: [0,1,1,3,4,5]

executing with fault mode: [0,1,1,3,4,5]

executing with fault mode: [0,1,1,3,4,5]

Fault scores (higher is better):
Fault: [0,1,1,3,1,5], logL: -11.120533, Exp of LogL: 0.000015, Normalized LogL: -1.853422, Exp of Normalized LogL: 0.156700, Best Rate: 0.3
Fault: [0,1,1,3,5,5], logL: -11.220616, Exp of LogL: 0.000013, Normalized LogL: -1.870103, Exp of Normalized LogL: 0.154108, Best Rate: 0.3
Fault: [0,1,1,3,3,5], logL: -11.220616, Exp of LogL: 0.000013, Normalized LogL: -1.870103, Exp of Normalized LogL: 0.154108, Best Rate: 0.3
Fault: [0,1,1,3,0,5], logL: -11.220616, Exp of LogL: 0.000013, Normalized LogL: -1.870103, Exp of Normalized LogL: 0.154108, Best Rate: 0.3
Fault: [0,1,1,3,4,5], logL: -11.274684, Exp of LogL: 0.000013, Normalized LogL: -1.879114, Exp of Normalized LogL: 0.152725, Best Rate: 0.3
Fault: [0,1,4,3,4,5], logL: -11.680149, Exp of LogL: 0.000008, Normalized LogL: -1.946691, Exp of Normalized LogL: 0.142746, Best Rate: 0.3
Fault: [0,1,5,3,4,5], logL: -11.680149, Exp of LogL: 0.000008, Normalized LogL: -1.946691, Exp of Normalized LogL: 0.142746, Best Rate: 0.3
Fault: [0,1,3,3,4,5], logL: -11.967831, Exp of LogL: 0.000006, Normalized LogL: -1.994638, Exp of Normalized LogL: 0.136063, Best Rate: 0.3
Fault: [0,1,2,3,4,5], logL: -12.555618, Exp of LogL: 0.000004, Normalized LogL: -2.092603, Exp of Normalized LogL: 0.123366, Best Rate: 0.3
Fault: [0,1,0,3,4,5], logL: -12.555618, Exp of LogL: 0.000004, Normalized LogL: -2.092603, Exp of Normalized LogL: 0.123366, Best Rate: 0.3

========= ADAPTIVE MC DEBUG =========
Total calls: 60
Avg tries: 191.67
Confidence stops: 60
Max stops: 0
Max stop rate: 0.000
Real Fault Rank 5
===== SEED 38 | FR=0.3 | VR=40 =====
executing with fault mode: [0,1,1,3,4,5]

executing with fault mode: [0,1,1,3,4,5]

executing with fault mode: [0,1,1,3,4,5]

Fault scores (higher is better):
Fault: [0,1,0,3,4,5], logL: -15.911338, Exp of LogL: 0.000000, Normalized LogL: -1.446485, Exp of Normalized LogL: 0.235396, Best Rate: 0.3
Fault: [0,1,2,3,4,5], logL: -15.992918, Exp of LogL: 0.000000, Normalized LogL: -1.453902, Exp of Normalized LogL: 0.233657, Best Rate: 0.3
Fault: [0,1,1,3,4,5], logL: -16.696115, Exp of LogL: 0.000000, Normalized LogL: -1.517829, Exp of Normalized LogL: 0.219187, Best Rate: 0.3
Fault: [0,1,1,3,5,5], logL: -16.758636, Exp of LogL: 0.000000, Normalized LogL: -1.523512, Exp of Normalized LogL: 0.217945, Best Rate: 0.3
Fault: [0,1,1,3,3,5], logL: -16.758636, Exp of LogL: 0.000000, Normalized LogL: -1.523512, Exp of Normalized LogL: 0.217945, Best Rate: 0.3
Fault: [0,1,1,3,0,5], logL: -16.758636, Exp of LogL: 0.000000, Normalized LogL: -1.523512, Exp of Normalized LogL: 0.217945, Best Rate: 0.3
Fault: [0,1,1,3,1,5], logL: -16.896786, Exp of LogL: 0.000000, Normalized LogL: -1.536071, Exp of Normalized LogL: 0.215225, Best Rate: 0.3
Fault: [0,1,3,3,4,5], logL: -16.991685, Exp of LogL: 0.000000, Normalized LogL: -1.544699, Exp of Normalized LogL: 0.213376, Best Rate: 0.3
Fault: [0,1,4,3,4,5], logL: -17.330422, Exp of LogL: 0.000000, Normalized LogL: -1.575493, Exp of Normalized LogL: 0.206906, Best Rate: 0.3
Fault: [0,1,5,3,4,5], logL: -17.330422, Exp of LogL: 0.000000, Normalized LogL: -1.575493, Exp of Normalized LogL: 0.206906, Best Rate: 0.3

========= ADAPTIVE MC DEBUG =========
Total calls: 110
Avg tries: 182.27
Confidence stops: 110
Max stops: 0
Max stop rate: 0.000
Real Fault Rank 3
===== SEED 38 | FR=0.3 | VR=60 =====
executing with fault mode: [0,1,1,3,4,5]

executing with fault mode: [0,1,1,3,4,5]

executing with fault mode: [0,1,1,3,4,5]

Fault scores (higher is better):
Fault: [0,1,1,3,4,5], logL: -19.939316, Exp of LogL: 0.000000, Normalized LogL: -1.172901, Exp of Normalized LogL: 0.309468, Best Rate: 0.3
Fault: [0,1,1,3,5,5], logL: -20.101834, Exp of LogL: 0.000000, Normalized LogL: -1.182461, Exp of Normalized LogL: 0.306524, Best Rate: 0.3
Fault: [0,1,1,3,3,5], logL: -20.101834, Exp of LogL: 0.000000, Normalized LogL: -1.182461, Exp of Normalized LogL: 0.306524, Best Rate: 0.3
Fault: [0,1,1,3,0,5], logL: -20.101834, Exp of LogL: 0.000000, Normalized LogL: -1.182461, Exp of Normalized LogL: 0.306524, Best Rate: 0.3
Fault: [0,1,1,3,1,5], logL: -20.295990, Exp of LogL: 0.000000, Normalized LogL: -1.193882, Exp of Normalized LogL: 0.303043, Best Rate: 0.3
Fault: [0,1,2,3,4,5], logL: -20.357240, Exp of LogL: 0.000000, Normalized LogL: -1.197485, Exp of Normalized LogL: 0.301953, Best Rate: 0.3
Fault: [0,1,0,3,4,5], logL: -20.605605, Exp of LogL: 0.000000, Normalized LogL: -1.212094, Exp of Normalized LogL: 0.297573, Best Rate: 0.3
Fault: [0,1,3,3,4,5], logL: -20.679091, Exp of LogL: 0.000000, Normalized LogL: -1.216417, Exp of Normalized LogL: 0.296290, Best Rate: 0.3
Fault: [0,1,4,3,4,5], logL: -21.511846, Exp of LogL: 0.000000, Normalized LogL: -1.265403, Exp of Normalized LogL: 0.282126, Best Rate: 0.3
Fault: [0,1,5,3,4,5], logL: -21.511846, Exp of LogL: 0.000000, Normalized LogL: -1.265403, Exp of Normalized LogL: 0.282126, Best Rate: 0.3

========= ADAPTIVE MC DEBUG =========
Total calls: 170
Avg tries: 175.00
Confidence stops: 170
Max stops: 0
Max stop rate: 0.000
Real Fault Rank 1
===== SEED 38 | FR=0.3 | VR=80 =====
executing with fault mode: [0,1,1,3,4,5]

executing with fault mode: [0,1,1,3,4,5]

executing with fault mode: [0,1,1,3,4,5]

Fault scores (higher is better):
Fault: [0,1,1,3,4,5], logL: -22.410334, Exp of LogL: 0.000000, Normalized LogL: -1.018652, Exp of Normalized LogL: 0.361082, Best Rate: 0.3
Fault: [0,1,1,3,1,5], logL: -22.778059, Exp of LogL: 0.000000, Normalized LogL: -1.035366, Exp of Normalized LogL: 0.355096, Best Rate: 0.3
Fault: [0,1,1,3,5,5], logL: -22.778059, Exp of LogL: 0.000000, Normalized LogL: -1.035366, Exp of Normalized LogL: 0.355096, Best Rate: 0.3
Fault: [0,1,1,3,3,5], logL: -22.778059, Exp of LogL: 0.000000, Normalized LogL: -1.035366, Exp of Normalized LogL: 0.355096, Best Rate: 0.3
Fault: [0,1,1,3,0,5], logL: -22.778059, Exp of LogL: 0.000000, Normalized LogL: -1.035366, Exp of Normalized LogL: 0.355096, Best Rate: 0.3
Fault: [0,1,2,3,4,5], logL: -23.123731, Exp of LogL: 0.000000, Normalized LogL: -1.051079, Exp of Normalized LogL: 0.349560, Best Rate: 0.3
Fault: [0,1,0,3,4,5], logL: -23.278407, Exp of LogL: 0.000000, Normalized LogL: -1.058109, Exp of Normalized LogL: 0.347111, Best Rate: 0.3
Fault: [0,1,3,3,4,5], logL: -23.435743, Exp of LogL: 0.000000, Normalized LogL: -1.065261, Exp of Normalized LogL: 0.344638, Best Rate: 0.3
Fault: [0,1,4,3,4,5], logL: -24.516656, Exp of LogL: 0.000000, Normalized LogL: -1.114393, Exp of Normalized LogL: 0.328114, Best Rate: 0.3
Fault: [0,1,5,3,4,5], logL: -24.516656, Exp of LogL: 0.000000, Normalized LogL: -1.114393, Exp of Normalized LogL: 0.328114, Best Rate: 0.3

========= ADAPTIVE MC DEBUG =========
Total calls: 220
Avg tries: 177.50
Confidence stops: 220
Max stops: 0
Max stop rate: 0.000
Real Fault Rank 1
===== SEED 38 | FR=0.3 | VR=100 =====
executing with fault mode: [0,1,1,3,4,5]

executing with fault mode: [0,1,1,3,4,5]

executing with fault mode: [0,1,1,3,4,5]

Fault scores (higher is better):
Fault: [0,1,1,3,4,5], logL: -23.886129, Exp of LogL: 0.000000, Normalized LogL: -0.853076, Exp of Normalized LogL: 0.426102, Best Rate: 0.3
Fault: [0,1,1,3,1,5], logL: -24.279172, Exp of LogL: 0.000000, Normalized LogL: -0.867113, Exp of Normalized LogL: 0.420163, Best Rate: 0.3
Fault: [0,1,1,3,5,5], logL: -24.279172, Exp of LogL: 0.000000, Normalized LogL: -0.867113, Exp of Normalized LogL: 0.420163, Best Rate: 0.3
Fault: [0,1,1,3,3,5], logL: -24.279172, Exp of LogL: 0.000000, Normalized LogL: -0.867113, Exp of Normalized LogL: 0.420163, Best Rate: 0.3
Fault: [0,1,1,3,0,5], logL: -24.279172, Exp of LogL: 0.000000, Normalized LogL: -0.867113, Exp of Normalized LogL: 0.420163, Best Rate: 0.3
Fault: [0,1,2,3,4,5], logL: -24.643319, Exp of LogL: 0.000000, Normalized LogL: -0.880119, Exp of Normalized LogL: 0.414734, Best Rate: 0.3
Fault: [0,1,0,3,4,5], logL: -24.736105, Exp of LogL: 0.000000, Normalized LogL: -0.883432, Exp of Normalized LogL: 0.413362, Best Rate: 0.3
Fault: [0,1,3,3,4,5], logL: -24.955135, Exp of LogL: 0.000000, Normalized LogL: -0.891255, Exp of Normalized LogL: 0.410141, Best Rate: 0.3
Fault: [0,1,4,3,4,5], logL: -26.036048, Exp of LogL: 0.000000, Normalized LogL: -0.929859, Exp of Normalized LogL: 0.394609, Best Rate: 0.3
Fault: [0,1,5,3,4,5], logL: -26.036048, Exp of LogL: 0.000000, Normalized LogL: -0.929859, Exp of Normalized LogL: 0.394609, Best Rate: 0.3

========= ADAPTIVE MC DEBUG =========
Total calls: 280
Avg tries: 177.68
Confidence stops: 280
Max stops: 0
Max stop rate: 0.000
Real Fault Rank 1
================= 22/08/2026 04:44:14: SEED 38 END =================
================= 22/08/2026 04:44:14: SEED 39 (37/100), a*=0 fault=[2,1,2,3,4,5] START =================
===== SEED 39 | FR=0.3 | VR=20 =====
executing with fault mode: [2,1,2,3,4,5]

Fault scores (higher is better):
Fault: [0,1,2,3,4,5], logL: -6.762942, Exp of LogL: 0.001156, Normalized LogL: -1.352588, Exp of Normalized LogL: 0.258570, Best Rate: 0.3
Fault: [2,1,2,3,4,5], logL: -7.080477, Exp of LogL: 0.000841, Normalized LogL: -1.416095, Exp of Normalized LogL: 0.242660, Best Rate: 0.3
Fault: [2,1,2,3,3,5], logL: -7.445121, Exp of LogL: 0.000584, Normalized LogL: -1.489024, Exp of Normalized LogL: 0.225593, Best Rate: 0.3
Fault: [2,1,2,3,2,5], logL: -7.445121, Exp of LogL: 0.000584, Normalized LogL: -1.489024, Exp of Normalized LogL: 0.225593, Best Rate: 0.3
Fault: [2,1,2,3,0,5], logL: -7.445121, Exp of LogL: 0.000584, Normalized LogL: -1.489024, Exp of Normalized LogL: 0.225593, Best Rate: 0.3
Fault: [2,1,2,3,1,5], logL: -7.445121, Exp of LogL: 0.000584, Normalized LogL: -1.489024, Exp of Normalized LogL: 0.225593, Best Rate: 0.3
Fault: [1,1,2,3,4,5], logL: -7.609424, Exp of LogL: 0.000496, Normalized LogL: -1.521885, Exp of Normalized LogL: 0.218300, Best Rate: 0.3
Fault: [3,1,2,3,4,5], logL: -7.609424, Exp of LogL: 0.000496, Normalized LogL: -1.521885, Exp of Normalized LogL: 0.218300, Best Rate: 0.3
Fault: [5,1,2,3,4,5], logL: -7.668264, Exp of LogL: 0.000467, Normalized LogL: -1.533653, Exp of Normalized LogL: 0.215746, Best Rate: 0.3
Fault: [4,1,2,3,4,5], logL: -7.668264, Exp of LogL: 0.000467, Normalized LogL: -1.533653, Exp of Normalized LogL: 0.215746, Best Rate: 0.3

========= ADAPTIVE MC DEBUG =========
Total calls: 50
Avg tries: 190.00
Confidence stops: 50
Max stops: 0
Max stop rate: 0.000
Real Fault Rank 2
===== SEED 39 | FR=0.3 | VR=40 =====
executing with fault mode: [2,1,2,3,4,5]

Fault scores (higher is better):
Fault: [0,1,2,3,4,5], logL: -10.313365, Exp of LogL: 0.000033, Normalized LogL: -1.145929, Exp of Normalized LogL: 0.317928, Best Rate: 0.3
Fault: [2,1,2,3,4,5], logL: -10.664763, Exp of LogL: 0.000023, Normalized LogL: -1.184974, Exp of Normalized LogL: 0.305754, Best Rate: 0.3
Fault: [2,1,2,3,3,5], logL: -10.952445, Exp of LogL: 0.000018, Normalized LogL: -1.216938, Exp of Normalized LogL: 0.296135, Best Rate: 0.3
Fault: [2,1,2,3,2,5], logL: -10.952445, Exp of LogL: 0.000018, Normalized LogL: -1.216938, Exp of Normalized LogL: 0.296135, Best Rate: 0.3
Fault: [2,1,2,3,0,5], logL: -10.952445, Exp of LogL: 0.000018, Normalized LogL: -1.216938, Exp of Normalized LogL: 0.296135, Best Rate: 0.3
Fault: [2,1,2,3,1,5], logL: -10.952445, Exp of LogL: 0.000018, Normalized LogL: -1.216938, Exp of Normalized LogL: 0.296135, Best Rate: 0.3
Fault: [5,1,2,3,4,5], logL: -11.279218, Exp of LogL: 0.000013, Normalized LogL: -1.253246, Exp of Normalized LogL: 0.285576, Best Rate: 0.3
Fault: [4,1,2,3,4,5], logL: -11.279218, Exp of LogL: 0.000013, Normalized LogL: -1.253246, Exp of Normalized LogL: 0.285576, Best Rate: 0.3
Fault: [1,1,2,3,4,5], logL: -11.363775, Exp of LogL: 0.000012, Normalized LogL: -1.262642, Exp of Normalized LogL: 0.282906, Best Rate: 0.3
Fault: [3,1,2,3,4,5], logL: -11.390877, Exp of LogL: 0.000011, Normalized LogL: -1.265653, Exp of Normalized LogL: 0.282055, Best Rate: 0.3

========= ADAPTIVE MC DEBUG =========
Total calls: 90
Avg tries: 172.22
Confidence stops: 90
Max stops: 0
Max stop rate: 0.000
Real Fault Rank 2
===== SEED 39 | FR=0.3 | VR=60 =====
executing with fault mode: [2,1,2,3,4,5]

Fault scores (higher is better):
Fault: [0,1,2,3,4,5], logL: -10.361674, Exp of LogL: 0.000032, Normalized LogL: -0.797052, Exp of Normalized LogL: 0.450656, Best Rate: 0.3
Fault: [2,1,2,3,4,5], logL: -11.024955, Exp of LogL: 0.000016, Normalized LogL: -0.848073, Exp of Normalized LogL: 0.428239, Best Rate: 0.3
Fault: [2,1,2,3,3,5], logL: -11.312637, Exp of LogL: 0.000012, Normalized LogL: -0.870203, Exp of Normalized LogL: 0.418867, Best Rate: 0.3
Fault: [2,1,2,3,2,5], logL: -11.312637, Exp of LogL: 0.000012, Normalized LogL: -0.870203, Exp of Normalized LogL: 0.418867, Best Rate: 0.3
Fault: [2,1,2,3,0,5], logL: -11.312637, Exp of LogL: 0.000012, Normalized LogL: -0.870203, Exp of Normalized LogL: 0.418867, Best Rate: 0.3
Fault: [2,1,2,3,1,5], logL: -11.312637, Exp of LogL: 0.000012, Normalized LogL: -0.870203, Exp of Normalized LogL: 0.418867, Best Rate: 0.3
Fault: [5,1,2,3,4,5], logL: -11.420477, Exp of LogL: 0.000011, Normalized LogL: -0.878498, Exp of Normalized LogL: 0.415406, Best Rate: 0.3
Fault: [4,1,2,3,4,5], logL: -11.420477, Exp of LogL: 0.000011, Normalized LogL: -0.878498, Exp of Normalized LogL: 0.415406, Best Rate: 0.3
Fault: [1,1,2,3,4,5], logL: -11.455642, Exp of LogL: 0.000011, Normalized LogL: -0.881203, Exp of Normalized LogL: 0.414284, Best Rate: 0.3
Fault: [3,1,2,3,4,5], logL: -11.606817, Exp of LogL: 0.000009, Normalized LogL: -0.892832, Exp of Normalized LogL: 0.409494, Best Rate: 0.3

========= ADAPTIVE MC DEBUG =========
Total calls: 130
Avg tries: 184.62
Confidence stops: 130
Max stops: 0
Max stop rate: 0.000
Real Fault Rank 2
===== SEED 39 | FR=0.3 | VR=80 =====
executing with fault mode: [2,1,2,3,4,5]

Fault scores (higher is better):
Fault: [0,1,2,3,4,5], logL: -10.498572, Exp of LogL: 0.000028, Normalized LogL: -0.617563, Exp of Normalized LogL: 0.539257, Best Rate: 0.3
Fault: [2,1,2,3,4,5], logL: -11.096511, Exp of LogL: 0.000015, Normalized LogL: -0.652736, Exp of Normalized LogL: 0.520619, Best Rate: 0.3
Fault: [5,1,2,3,4,5], logL: -11.321665, Exp of LogL: 0.000012, Normalized LogL: -0.665980, Exp of Normalized LogL: 0.513770, Best Rate: 0.3
Fault: [4,1,2,3,4,5], logL: -11.321665, Exp of LogL: 0.000012, Normalized LogL: -0.665980, Exp of Normalized LogL: 0.513770, Best Rate: 0.3
Fault: [1,1,2,3,4,5], logL: -11.406223, Exp of LogL: 0.000011, Normalized LogL: -0.670954, Exp of Normalized LogL: 0.511220, Best Rate: 0.3
Fault: [2,1,2,3,3,5], logL: -11.489553, Exp of LogL: 0.000010, Normalized LogL: -0.675856, Exp of Normalized LogL: 0.508721, Best Rate: 0.3
Fault: [2,1,2,3,2,5], logL: -11.489553, Exp of LogL: 0.000010, Normalized LogL: -0.675856, Exp of Normalized LogL: 0.508721, Best Rate: 0.3
Fault: [2,1,2,3,0,5], logL: -11.489553, Exp of LogL: 0.000010, Normalized LogL: -0.675856, Exp of Normalized LogL: 0.508721, Best Rate: 0.3
Fault: [2,1,2,3,1,5], logL: -11.489553, Exp of LogL: 0.000010, Normalized LogL: -0.675856, Exp of Normalized LogL: 0.508721, Best Rate: 0.3
Fault: [3,1,2,3,4,5], logL: -11.526951, Exp of LogL: 0.000010, Normalized LogL: -0.678056, Exp of Normalized LogL: 0.507603, Best Rate: 0.3

========= ADAPTIVE MC DEBUG =========
Total calls: 170
Avg tries: 189.12
Confidence stops: 170
Max stops: 0
Max stop rate: 0.000
Real Fault Rank 2
===== SEED 39 | FR=0.3 | VR=100 =====
executing with fault mode: [2,1,2,3,4,5]

Fault scores (higher is better):
Fault: [2,1,2,3,4,5], logL: -11.718910, Exp of LogL: 0.000008, Normalized LogL: -0.532678, Exp of Normalized LogL: 0.587031, Best Rate: 0.3
Fault: [5,1,2,3,4,5], logL: -11.917396, Exp of LogL: 0.000007, Normalized LogL: -0.541700, Exp of Normalized LogL: 0.581759, Best Rate: 0.3
Fault: [4,1,2,3,4,5], logL: -11.917396, Exp of LogL: 0.000007, Normalized LogL: -0.541700, Exp of Normalized LogL: 0.581759, Best Rate: 0.3
Fault: [2,1,2,3,3,5], logL: -12.111952, Exp of LogL: 0.000005, Normalized LogL: -0.550543, Exp of Normalized LogL: 0.576636, Best Rate: 0.3
Fault: [2,1,2,3,2,5], logL: -12.111952, Exp of LogL: 0.000005, Normalized LogL: -0.550543, Exp of Normalized LogL: 0.576636, Best Rate: 0.3
Fault: [2,1,2,3,0,5], logL: -12.111952, Exp of LogL: 0.000005, Normalized LogL: -0.550543, Exp of Normalized LogL: 0.576636, Best Rate: 0.3
Fault: [2,1,2,3,1,5], logL: -12.111952, Exp of LogL: 0.000005, Normalized LogL: -0.550543, Exp of Normalized LogL: 0.576636, Best Rate: 0.3
Fault: [0,1,2,3,4,5], logL: -12.796333, Exp of LogL: 0.000003, Normalized LogL: -0.581651, Exp of Normalized LogL: 0.558974, Best Rate: 0.3
Fault: [1,1,2,3,4,5], logL: -13.600306, Exp of LogL: 0.000001, Normalized LogL: -0.618196, Exp of Normalized LogL: 0.538916, Best Rate: 0.3
Fault: [3,1,2,3,4,5], logL: -14.315336, Exp of LogL: 0.000001, Normalized LogL: -0.650697, Exp of Normalized LogL: 0.521682, Best Rate: 0.3

========= ADAPTIVE MC DEBUG =========
Total calls: 220
Avg tries: 185.68
Confidence stops: 220
Max stops: 0
Max stop rate: 0.000
Real Fault Rank 1
================= 22/08/2026 04:44:35: SEED 39 END =================
================= 22/08/2026 04:44:35: SEED 40 (38/100), a*=1 fault=[0,4,2,3,4,5] START =================
===== SEED 40 | FR=0.3 | VR=20 =====
executing with fault mode: [0,4,2,3,4,5]

Fault scores (higher is better):
Fault: [0,4,2,3,3,5], logL: -4.281763, Exp of LogL: 0.013818, Normalized LogL: -1.070441, Exp of Normalized LogL: 0.342857, Best Rate: 0.3
Fault: [0,4,2,3,0,5], logL: -4.281763, Exp of LogL: 0.013818, Normalized LogL: -1.070441, Exp of Normalized LogL: 0.342857, Best Rate: 0.3
Fault: [0,4,2,3,5,5], logL: -4.281763, Exp of LogL: 0.013818, Normalized LogL: -1.070441, Exp of Normalized LogL: 0.342857, Best Rate: 0.3
Fault: [0,2,2,3,4,5], logL: -4.628250, Exp of LogL: 0.009772, Normalized LogL: -1.157063, Exp of Normalized LogL: 0.314408, Best Rate: 0.3
Fault: [0,4,2,3,1,5], logL: -4.782862, Exp of LogL: 0.008372, Normalized LogL: -1.195716, Exp of Normalized LogL: 0.302487, Best Rate: 0.3
Fault: [0,4,2,3,4,5], logL: -4.860052, Exp of LogL: 0.007750, Normalized LogL: -1.215013, Exp of Normalized LogL: 0.296706, Best Rate: 0.3
Fault: [0,3,2,3,4,5], logL: -4.951024, Exp of LogL: 0.007076, Normalized LogL: -1.237756, Exp of Normalized LogL: 0.290034, Best Rate: 0.3
Fault: [0,0,2,3,4,5], logL: -5.162333, Exp of LogL: 0.005728, Normalized LogL: -1.290583, Exp of Normalized LogL: 0.275110, Best Rate: 0.3
Fault: [0,5,2,3,4,5], logL: -5.692961, Exp of LogL: 0.003370, Normalized LogL: -1.423240, Exp of Normalized LogL: 0.240932, Best Rate: 0.3
Fault: [0,1,2,3,4,5], logL: -6.126597, Exp of LogL: 0.002184, Normalized LogL: -1.531649, Exp of Normalized LogL: 0.216179, Best Rate: 0.3

========= ADAPTIVE MC DEBUG =========
Total calls: 40
Avg tries: 200.00
Confidence stops: 40
Max stops: 0
Max stop rate: 0.000
Real Fault Rank 6
===== SEED 40 | FR=0.3 | VR=40 =====
executing with fault mode: [0,4,2,3,4,5]

Fault scores (higher is better):
Fault: [0,2,2,3,4,5], logL: -8.790844, Exp of LogL: 0.000152, Normalized LogL: -1.255835, Exp of Normalized LogL: 0.284838, Best Rate: 0.3
Fault: [0,4,2,3,3,5], logL: -9.525309, Exp of LogL: 0.000073, Normalized LogL: -1.360758, Exp of Normalized LogL: 0.256466, Best Rate: 0.3
Fault: [0,4,2,3,0,5], logL: -9.525309, Exp of LogL: 0.000073, Normalized LogL: -1.360758, Exp of Normalized LogL: 0.256466, Best Rate: 0.3
Fault: [0,4,2,3,5,5], logL: -9.525309, Exp of LogL: 0.000073, Normalized LogL: -1.360758, Exp of Normalized LogL: 0.256466, Best Rate: 0.3
Fault: [0,4,2,3,4,5], logL: -9.605352, Exp of LogL: 0.000067, Normalized LogL: -1.372193, Exp of Normalized LogL: 0.253550, Best Rate: 0.3
Fault: [0,4,2,3,1,5], logL: -9.682313, Exp of LogL: 0.000062, Normalized LogL: -1.383188, Exp of Normalized LogL: 0.250778, Best Rate: 0.3
Fault: [0,1,2,3,4,5], logL: -10.049798, Exp of LogL: 0.000043, Normalized LogL: -1.435685, Exp of Normalized LogL: 0.237952, Best Rate: 0.3
Fault: [0,0,2,3,4,5], logL: -10.148967, Exp of LogL: 0.000039, Normalized LogL: -1.449852, Exp of Normalized LogL: 0.234605, Best Rate: 0.3
Fault: [0,5,2,3,4,5], logL: -10.298499, Exp of LogL: 0.000034, Normalized LogL: -1.471214, Exp of Normalized LogL: 0.229647, Best Rate: 0.3
Fault: [0,3,2,3,4,5], logL: -10.353761, Exp of LogL: 0.000032, Normalized LogL: -1.479109, Exp of Normalized LogL: 0.227841, Best Rate: 0.3

========= ADAPTIVE MC DEBUG =========
Total calls: 70
Avg tries: 178.57
Confidence stops: 70
Max stops: 0
Max stop rate: 0.000
Real Fault Rank 5
===== SEED 40 | FR=0.3 | VR=60 =====
executing with fault mode: [0,4,2,3,4,5]

Fault scores (higher is better):
Fault: [0,2,2,3,4,5], logL: -9.770639, Exp of LogL: 0.000057, Normalized LogL: -0.977064, Exp of Normalized LogL: 0.376415, Best Rate: 0.3
Fault: [0,4,2,3,4,5], logL: -10.240324, Exp of LogL: 0.000036, Normalized LogL: -1.024032, Exp of Normalized LogL: 0.359144, Best Rate: 0.3
Fault: [0,4,2,3,3,5], logL: -10.568828, Exp of LogL: 0.000026, Normalized LogL: -1.056883, Exp of Normalized LogL: 0.347537, Best Rate: 0.3
Fault: [0,4,2,3,1,5], logL: -10.568828, Exp of LogL: 0.000026, Normalized LogL: -1.056883, Exp of Normalized LogL: 0.347537, Best Rate: 0.3
Fault: [0,4,2,3,0,5], logL: -10.568828, Exp of LogL: 0.000026, Normalized LogL: -1.056883, Exp of Normalized LogL: 0.347537, Best Rate: 0.3
Fault: [0,4,2,3,5,5], logL: -10.568828, Exp of LogL: 0.000026, Normalized LogL: -1.056883, Exp of Normalized LogL: 0.347537, Best Rate: 0.3
Fault: [0,1,2,3,4,5], logL: -10.933724, Exp of LogL: 0.000018, Normalized LogL: -1.093372, Exp of Normalized LogL: 0.335085, Best Rate: 0.3
Fault: [0,5,2,3,4,5], logL: -11.003852, Exp of LogL: 0.000017, Normalized LogL: -1.100385, Exp of Normalized LogL: 0.332743, Best Rate: 0.3
Fault: [0,3,2,3,4,5], logL: -11.697717, Exp of LogL: 0.000008, Normalized LogL: -1.169772, Exp of Normalized LogL: 0.310438, Best Rate: 0.3
Fault: [0,0,2,3,4,5], logL: -12.751138, Exp of LogL: 0.000003, Normalized LogL: -1.275114, Exp of Normalized LogL: 0.279399, Best Rate: 0.3

========= ADAPTIVE MC DEBUG =========
Total calls: 100
Avg tries: 185.00
Confidence stops: 100
Max stops: 0
Max stop rate: 0.000
Real Fault Rank 2
===== SEED 40 | FR=0.3 | VR=80 =====
executing with fault mode: [0,4,2,3,4,5]

Fault scores (higher is better):
Fault: [0,4,2,3,4,5], logL: -11.298342, Exp of LogL: 0.000012, Normalized LogL: -0.869103, Exp of Normalized LogL: 0.419327, Best Rate: 0.3
Fault: [0,4,2,3,3,5], logL: -11.626846, Exp of LogL: 0.000009, Normalized LogL: -0.894373, Exp of Normalized LogL: 0.408864, Best Rate: 0.3
Fault: [0,4,2,3,1,5], logL: -11.626846, Exp of LogL: 0.000009, Normalized LogL: -0.894373, Exp of Normalized LogL: 0.408864, Best Rate: 0.3
Fault: [0,4,2,3,0,5], logL: -11.626846, Exp of LogL: 0.000009, Normalized LogL: -0.894373, Exp of Normalized LogL: 0.408864, Best Rate: 0.3
Fault: [0,4,2,3,5,5], logL: -11.626846, Exp of LogL: 0.000009, Normalized LogL: -0.894373, Exp of Normalized LogL: 0.408864, Best Rate: 0.3
Fault: [0,5,2,3,4,5], logL: -12.061870, Exp of LogL: 0.000006, Normalized LogL: -0.927836, Exp of Normalized LogL: 0.395408, Best Rate: 0.3
Fault: [0,2,2,3,4,5], logL: -37.743408, Exp of LogL: 0.000000, Normalized LogL: -2.903339, Exp of Normalized LogL: 0.054840, Best Rate: 0.3
Fault: [0,1,2,3,4,5], logL: -39.234202, Exp of LogL: 0.000000, Normalized LogL: -3.018016, Exp of Normalized LogL: 0.048898, Best Rate: 0.3
Fault: [0,3,2,3,4,5], logL: -40.179907, Exp of LogL: 0.000000, Normalized LogL: -3.090762, Exp of Normalized LogL: 0.045467, Best Rate: 0.3
Fault: [0,0,2,3,4,5], logL: -41.378066, Exp of LogL: 0.000000, Normalized LogL: -3.182928, Exp of Normalized LogL: 0.041464, Best Rate: 0.3

========= ADAPTIVE MC DEBUG =========
Total calls: 130
Avg tries: 186.54
Confidence stops: 130
Max stops: 0
Max stop rate: 0.000
Real Fault Rank 1
===== SEED 40 | FR=0.3 | VR=100 =====
executing with fault mode: [0,4,2,3,4,5]

Fault scores (higher is better):
Fault: [0,4,2,3,4,5], logL: -12.350414, Exp of LogL: 0.000004, Normalized LogL: -0.771901, Exp of Normalized LogL: 0.462134, Best Rate: 0.3
Fault: [0,4,2,3,3,5], logL: -12.678919, Exp of LogL: 0.000003, Normalized LogL: -0.792432, Exp of Normalized LogL: 0.452742, Best Rate: 0.3
Fault: [0,4,2,3,1,5], logL: -12.678919, Exp of LogL: 0.000003, Normalized LogL: -0.792432, Exp of Normalized LogL: 0.452742, Best Rate: 0.3
Fault: [0,4,2,3,0,5], logL: -12.678919, Exp of LogL: 0.000003, Normalized LogL: -0.792432, Exp of Normalized LogL: 0.452742, Best Rate: 0.3
Fault: [0,4,2,3,5,5], logL: -12.678919, Exp of LogL: 0.000003, Normalized LogL: -0.792432, Exp of Normalized LogL: 0.452742, Best Rate: 0.3
Fault: [0,5,2,3,4,5], logL: -13.113942, Exp of LogL: 0.000002, Normalized LogL: -0.819621, Exp of Normalized LogL: 0.440598, Best Rate: 0.3
Fault: [0,2,2,3,4,5], logL: -37.453467, Exp of LogL: 0.000000, Normalized LogL: -2.340842, Exp of Normalized LogL: 0.096247, Best Rate: 0.3
Fault: [0,1,2,3,4,5], logL: -39.020832, Exp of LogL: 0.000000, Normalized LogL: -2.438802, Exp of Normalized LogL: 0.087265, Best Rate: 0.3
Fault: [0,0,2,3,4,5], logL: -39.666154, Exp of LogL: 0.000000, Normalized LogL: -2.479135, Exp of Normalized LogL: 0.083816, Best Rate: 0.3
Fault: [0,3,2,3,4,5], logL: -39.677283, Exp of LogL: 0.000000, Normalized LogL: -2.479830, Exp of Normalized LogL: 0.083757, Best Rate: 0.3

========= ADAPTIVE MC DEBUG =========
Total calls: 160
Avg tries: 189.69
Confidence stops: 160
Max stops: 0
Max stop rate: 0.000
Real Fault Rank 1
================= 22/08/2026 04:44:51: SEED 40 END =================
================= 22/08/2026 04:44:51: SEED 41 (39/100), a*=0 fault=[3,1,2,3,4,5] START =================
===== SEED 41 | FR=0.3 | VR=20 =====
executing with fault mode: [3,1,2,3,4,5]

Fault scores (higher is better):
Fault: [4,1,2,3,4,5], logL: -6.897618, Exp of LogL: 0.001010, Normalized LogL: -1.379524, Exp of Normalized LogL: 0.251698, Best Rate: 0.3
Fault: [3,1,2,3,4,5], logL: -6.897618, Exp of LogL: 0.001010, Normalized LogL: -1.379524, Exp of Normalized LogL: 0.251698, Best Rate: 0.3
Fault: [5,1,2,3,4,5], logL: -6.897618, Exp of LogL: 0.001010, Normalized LogL: -1.379524, Exp of Normalized LogL: 0.251698, Best Rate: 0.3
Fault: [3,1,2,4,4,5], logL: -7.265365, Exp of LogL: 0.000699, Normalized LogL: -1.453073, Exp of Normalized LogL: 0.233851, Best Rate: 0.3
Fault: [3,1,2,0,4,5], logL: -7.297692, Exp of LogL: 0.000677, Normalized LogL: -1.459538, Exp of Normalized LogL: 0.232343, Best Rate: 0.3
Fault: [3,1,2,1,4,5], logL: -7.437215, Exp of LogL: 0.000589, Normalized LogL: -1.487443, Exp of Normalized LogL: 0.225950, Best Rate: 0.3
Fault: [3,1,2,2,4,5], logL: -7.437215, Exp of LogL: 0.000589, Normalized LogL: -1.487443, Exp of Normalized LogL: 0.225950, Best Rate: 0.3
Fault: [0,1,2,3,4,5], logL: -8.818169, Exp of LogL: 0.000148, Normalized LogL: -1.763634, Exp of Normalized LogL: 0.171421, Best Rate: 0.3
Fault: [2,1,2,3,4,5], logL: -9.092024, Exp of LogL: 0.000113, Normalized LogL: -1.818405, Exp of Normalized LogL: 0.162284, Best Rate: 0.3
Fault: [1,1,2,3,4,5], logL: -9.780831, Exp of LogL: 0.000057, Normalized LogL: -1.956166, Exp of Normalized LogL: 0.141399, Best Rate: 0.3

========= ADAPTIVE MC DEBUG =========
Total calls: 50
Avg tries: 196.00
Confidence stops: 50
Max stops: 0
Max stop rate: 0.000
Real Fault Rank 2
===== SEED 41 | FR=0.3 | VR=40 =====
executing with fault mode: [3,1,2,3,4,5]

Fault scores (higher is better):
Fault: [4,1,2,3,4,5], logL: -9.935749, Exp of LogL: 0.000048, Normalized LogL: -1.103972, Exp of Normalized LogL: 0.331552, Best Rate: 0.3
Fault: [3,1,2,3,4,5], logL: -9.935749, Exp of LogL: 0.000048, Normalized LogL: -1.103972, Exp of Normalized LogL: 0.331552, Best Rate: 0.3
Fault: [5,1,2,3,4,5], logL: -9.935749, Exp of LogL: 0.000048, Normalized LogL: -1.103972, Exp of Normalized LogL: 0.331552, Best Rate: 0.3
Fault: [3,1,2,0,4,5], logL: -10.212494, Exp of LogL: 0.000037, Normalized LogL: -1.134722, Exp of Normalized LogL: 0.321512, Best Rate: 0.3
Fault: [3,1,2,4,4,5], logL: -10.653067, Exp of LogL: 0.000024, Normalized LogL: -1.183674, Exp of Normalized LogL: 0.306152, Best Rate: 0.3
Fault: [3,1,2,1,4,5], logL: -10.824918, Exp of LogL: 0.000020, Normalized LogL: -1.202769, Exp of Normalized LogL: 0.300361, Best Rate: 0.3
Fault: [3,1,2,2,4,5], logL: -10.824918, Exp of LogL: 0.000020, Normalized LogL: -1.202769, Exp of Normalized LogL: 0.300361, Best Rate: 0.3
Fault: [2,1,2,3,4,5], logL: -12.130155, Exp of LogL: 0.000005, Normalized LogL: -1.347795, Exp of Normalized LogL: 0.259813, Best Rate: 0.3
Fault: [0,1,2,3,4,5], logL: -12.567877, Exp of LogL: 0.000003, Normalized LogL: -1.396431, Exp of Normalized LogL: 0.247479, Best Rate: 0.3
Fault: [1,1,2,3,4,5], logL: -13.332714, Exp of LogL: 0.000002, Normalized LogL: -1.481413, Exp of Normalized LogL: 0.227316, Best Rate: 0.3

========= ADAPTIVE MC DEBUG =========
Total calls: 90
Avg tries: 172.22
Confidence stops: 90
Max stops: 0
Max stop rate: 0.000
Real Fault Rank 2
===== SEED 41 | FR=0.3 | VR=60 =====
executing with fault mode: [3,1,2,3,4,5]

Fault scores (higher is better):
Fault: [3,1,2,0,4,5], logL: -12.389857, Exp of LogL: 0.000004, Normalized LogL: -0.953066, Exp of Normalized LogL: 0.385557, Best Rate: 0.3
Fault: [4,1,2,3,4,5], logL: -12.468155, Exp of LogL: 0.000004, Normalized LogL: -0.959089, Exp of Normalized LogL: 0.383242, Best Rate: 0.3
Fault: [3,1,2,3,4,5], logL: -12.468155, Exp of LogL: 0.000004, Normalized LogL: -0.959089, Exp of Normalized LogL: 0.383242, Best Rate: 0.3
Fault: [5,1,2,3,4,5], logL: -12.468155, Exp of LogL: 0.000004, Normalized LogL: -0.959089, Exp of Normalized LogL: 0.383242, Best Rate: 0.3
Fault: [3,1,2,4,4,5], logL: -12.701316, Exp of LogL: 0.000003, Normalized LogL: -0.977024, Exp of Normalized LogL: 0.376430, Best Rate: 0.3
Fault: [3,1,2,1,4,5], logL: -13.228142, Exp of LogL: 0.000002, Normalized LogL: -1.017549, Exp of Normalized LogL: 0.361480, Best Rate: 0.3
Fault: [3,1,2,2,4,5], logL: -13.404033, Exp of LogL: 0.000002, Normalized LogL: -1.031079, Exp of Normalized LogL: 0.356622, Best Rate: 0.3
Fault: [2,1,2,3,4,5], logL: -15.214981, Exp of LogL: 0.000000, Normalized LogL: -1.170383, Exp of Normalized LogL: 0.310248, Best Rate: 0.3
Fault: [0,1,2,3,4,5], logL: -15.311838, Exp of LogL: 0.000000, Normalized LogL: -1.177834, Exp of Normalized LogL: 0.307945, Best Rate: 0.3
Fault: [1,1,2,3,4,5], logL: -16.544291, Exp of LogL: 0.000000, Normalized LogL: -1.272638, Exp of Normalized LogL: 0.280092, Best Rate: 0.3

========= ADAPTIVE MC DEBUG =========
Total calls: 130
Avg tries: 181.54
Confidence stops: 130
Max stops: 0
Max stop rate: 0.000
Real Fault Rank 3
===== SEED 41 | FR=0.3 | VR=80 =====
executing with fault mode: [3,1,2,3,4,5]

Fault scores (higher is better):
Fault: [3,1,2,4,4,5], logL: -14.728688, Exp of LogL: 0.000000, Normalized LogL: -0.866393, Exp of Normalized LogL: 0.420465, Best Rate: 0.3
Fault: [4,1,2,3,4,5], logL: -14.846065, Exp of LogL: 0.000000, Normalized LogL: -0.873298, Exp of Normalized LogL: 0.417572, Best Rate: 0.3
Fault: [3,1,2,3,4,5], logL: -14.846065, Exp of LogL: 0.000000, Normalized LogL: -0.873298, Exp of Normalized LogL: 0.417572, Best Rate: 0.3
Fault: [5,1,2,3,4,5], logL: -14.846065, Exp of LogL: 0.000000, Normalized LogL: -0.873298, Exp of Normalized LogL: 0.417572, Best Rate: 0.3
Fault: [3,1,2,0,4,5], logL: -15.180152, Exp of LogL: 0.000000, Normalized LogL: -0.892950, Exp of Normalized LogL: 0.409446, Best Rate: 0.3
Fault: [3,1,2,1,4,5], logL: -16.027971, Exp of LogL: 0.000000, Normalized LogL: -0.942822, Exp of Normalized LogL: 0.389527, Best Rate: 0.3
Fault: [3,1,2,2,4,5], logL: -16.114982, Exp of LogL: 0.000000, Normalized LogL: -0.947940, Exp of Normalized LogL: 0.387538, Best Rate: 0.3
Fault: [2,1,2,3,4,5], logL: -16.139561, Exp of LogL: 0.000000, Normalized LogL: -0.949386, Exp of Normalized LogL: 0.386979, Best Rate: 0.3
Fault: [0,1,2,3,4,5], logL: -16.759450, Exp of LogL: 0.000000, Normalized LogL: -0.985850, Exp of Normalized LogL: 0.373122, Best Rate: 0.3
Fault: [1,1,2,3,4,5], logL: -18.258902, Exp of LogL: 0.000000, Normalized LogL: -1.074053, Exp of Normalized LogL: 0.341621, Best Rate: 0.3

========= ADAPTIVE MC DEBUG =========
Total calls: 170
Avg tries: 188.24
Confidence stops: 170
Max stops: 0
Max stop rate: 0.000
Real Fault Rank 3
===== SEED 41 | FR=0.3 | VR=100 =====
executing with fault mode: [3,1,2,3,4,5]

Fault scores (higher is better):
Fault: [4,1,2,3,4,5], logL: -15.526877, Exp of LogL: 0.000000, Normalized LogL: -0.739375, Exp of Normalized LogL: 0.477412, Best Rate: 0.3
Fault: [3,1,2,3,4,5], logL: -15.526877, Exp of LogL: 0.000000, Normalized LogL: -0.739375, Exp of Normalized LogL: 0.477412, Best Rate: 0.3
Fault: [5,1,2,3,4,5], logL: -15.526877, Exp of LogL: 0.000000, Normalized LogL: -0.739375, Exp of Normalized LogL: 0.477412, Best Rate: 0.3
Fault: [3,1,2,0,4,5], logL: -15.860964, Exp of LogL: 0.000000, Normalized LogL: -0.755284, Exp of Normalized LogL: 0.469877, Best Rate: 0.3
Fault: [3,1,2,1,4,5], logL: -16.708782, Exp of LogL: 0.000000, Normalized LogL: -0.795656, Exp of Normalized LogL: 0.451285, Best Rate: 0.3
Fault: [3,1,2,4,4,5], logL: -16.795794, Exp of LogL: 0.000000, Normalized LogL: -0.799800, Exp of Normalized LogL: 0.449419, Best Rate: 0.3
Fault: [3,1,2,2,4,5], logL: -16.795794, Exp of LogL: 0.000000, Normalized LogL: -0.799800, Exp of Normalized LogL: 0.449419, Best Rate: 0.3
Fault: [2,1,2,3,4,5], logL: -16.820373, Exp of LogL: 0.000000, Normalized LogL: -0.800970, Exp of Normalized LogL: 0.448893, Best Rate: 0.3
Fault: [0,1,2,3,4,5], logL: -17.440262, Exp of LogL: 0.000000, Normalized LogL: -0.830489, Exp of Normalized LogL: 0.435836, Best Rate: 0.3
Fault: [1,1,2,3,4,5], logL: -18.939714, Exp of LogL: 0.000000, Normalized LogL: -0.901891, Exp of Normalized LogL: 0.405802, Best Rate: 0.3

========= ADAPTIVE MC DEBUG =========
Total calls: 210
Avg tries: 183.10
Confidence stops: 210
Max stops: 0
Max stop rate: 0.000
Real Fault Rank 2
================= 22/08/2026 04:45:11: SEED 41 END =================
================= 22/08/2026 04:45:11: SEED 42 (40/100), a*=1 fault=[0,0,2,3,4,5] START =================
===== SEED 42 | FR=0.3 | VR=20 =====
executing with fault mode: [0,0,2,3,4,5]

Fault scores (higher is better):
Fault: [0,2,2,3,4,5], logL: -10.926127, Exp of LogL: 0.000018, Normalized LogL: -2.185225, Exp of Normalized LogL: 0.112452, Best Rate: 0.3
Fault: [0,1,2,3,4,5], logL: -11.358775, Exp of LogL: 0.000012, Normalized LogL: -2.271755, Exp of Normalized LogL: 0.103131, Best Rate: 0.3
Fault: [0,3,2,3,4,5], logL: -11.668930, Exp of LogL: 0.000009, Normalized LogL: -2.333786, Exp of Normalized LogL: 0.096928, Best Rate: 0.3
Fault: [0,4,2,3,4,5], logL: -11.813430, Exp of LogL: 0.000007, Normalized LogL: -2.362686, Exp of Normalized LogL: 0.094167, Best Rate: 0.3
Fault: [0,0,2,3,4,5], logL: -11.830380, Exp of LogL: 0.000007, Normalized LogL: -2.366076, Exp of Normalized LogL: 0.093848, Best Rate: 0.3
Fault: [0,0,0,3,4,5], logL: -11.984530, Exp of LogL: 0.000006, Normalized LogL: -2.396906, Exp of Normalized LogL: 0.090999, Best Rate: 0.3
Fault: [0,5,2,3,4,5], logL: -12.054592, Exp of LogL: 0.000006, Normalized LogL: -2.410918, Exp of Normalized LogL: 0.089733, Best Rate: 0.3
Fault: [0,0,3,3,4,5], logL: -12.166852, Exp of LogL: 0.000005, Normalized LogL: -2.433370, Exp of Normalized LogL: 0.087741, Best Rate: 0.3
Fault: [0,0,4,3,4,5], logL: -12.166852, Exp of LogL: 0.000005, Normalized LogL: -2.433370, Exp of Normalized LogL: 0.087741, Best Rate: 0.3
Fault: [0,0,1,3,4,5], logL: -12.166852, Exp of LogL: 0.000005, Normalized LogL: -2.433370, Exp of Normalized LogL: 0.087741, Best Rate: 0.3

========= ADAPTIVE MC DEBUG =========
Total calls: 50
Avg tries: 170.00
Confidence stops: 50
Max stops: 0
Max stop rate: 0.000
Real Fault Rank 5
===== SEED 42 | FR=0.3 | VR=40 =====
executing with fault mode: [0,0,2,3,4,5]

Fault scores (higher is better):
Fault: [0,2,2,3,4,5], logL: -14.747392, Exp of LogL: 0.000000, Normalized LogL: -1.638599, Exp of Normalized LogL: 0.194252, Best Rate: 0.3
Fault: [0,1,2,3,4,5], logL: -15.247248, Exp of LogL: 0.000000, Normalized LogL: -1.694139, Exp of Normalized LogL: 0.183757, Best Rate: 0.3
Fault: [0,4,2,3,4,5], logL: -15.634695, Exp of LogL: 0.000000, Normalized LogL: -1.737188, Exp of Normalized LogL: 0.176015, Best Rate: 0.3
Fault: [0,0,2,3,4,5], logL: -15.708803, Exp of LogL: 0.000000, Normalized LogL: -1.745423, Exp of Normalized LogL: 0.174571, Best Rate: 0.3
Fault: [0,3,2,3,4,5], logL: -15.749563, Exp of LogL: 0.000000, Normalized LogL: -1.749951, Exp of Normalized LogL: 0.173782, Best Rate: 0.3
Fault: [0,0,0,3,4,5], logL: -15.862953, Exp of LogL: 0.000000, Normalized LogL: -1.762550, Exp of Normalized LogL: 0.171607, Best Rate: 0.3
Fault: [0,5,2,3,4,5], logL: -15.875857, Exp of LogL: 0.000000, Normalized LogL: -1.763984, Exp of Normalized LogL: 0.171361, Best Rate: 0.3
Fault: [0,0,3,3,4,5], logL: -16.045275, Exp of LogL: 0.000000, Normalized LogL: -1.782808, Exp of Normalized LogL: 0.168165, Best Rate: 0.3
Fault: [0,0,4,3,4,5], logL: -16.045275, Exp of LogL: 0.000000, Normalized LogL: -1.782808, Exp of Normalized LogL: 0.168165, Best Rate: 0.3
Fault: [0,0,1,3,4,5], logL: -16.045275, Exp of LogL: 0.000000, Normalized LogL: -1.782808, Exp of Normalized LogL: 0.168165, Best Rate: 0.3

========= ADAPTIVE MC DEBUG =========
Total calls: 90
Avg tries: 166.67
Confidence stops: 90
Max stops: 0
Max stop rate: 0.000
Real Fault Rank 4
===== SEED 42 | FR=0.3 | VR=60 =====
executing with fault mode: [0,0,2,3,4,5]

Fault scores (higher is better):
Fault: [0,2,2,3,4,5], logL: -16.393896, Exp of LogL: 0.000000, Normalized LogL: -1.261069, Exp of Normalized LogL: 0.283351, Best Rate: 0.3
Fault: [0,1,2,3,4,5], logL: -17.104062, Exp of LogL: 0.000000, Normalized LogL: -1.315697, Exp of Normalized LogL: 0.268287, Best Rate: 0.3
Fault: [0,4,2,3,4,5], logL: -17.192403, Exp of LogL: 0.000000, Normalized LogL: -1.322493, Exp of Normalized LogL: 0.266470, Best Rate: 0.3
Fault: [0,0,2,3,4,5], logL: -17.192403, Exp of LogL: 0.000000, Normalized LogL: -1.322493, Exp of Normalized LogL: 0.266470, Best Rate: 0.3
Fault: [0,3,2,3,4,5], logL: -17.403916, Exp of LogL: 0.000000, Normalized LogL: -1.338763, Exp of Normalized LogL: 0.262170, Best Rate: 0.3
Fault: [0,0,1,3,4,5], logL: -17.492148, Exp of LogL: 0.000000, Normalized LogL: -1.345550, Exp of Normalized LogL: 0.260396, Best Rate: 0.3
Fault: [0,0,0,3,4,5], logL: -17.521707, Exp of LogL: 0.000000, Normalized LogL: -1.347824, Exp of Normalized LogL: 0.259805, Best Rate: 0.3
Fault: [0,0,3,3,4,5], logL: -17.605089, Exp of LogL: 0.000000, Normalized LogL: -1.354238, Exp of Normalized LogL: 0.258144, Best Rate: 0.3
Fault: [0,0,4,3,4,5], logL: -17.605089, Exp of LogL: 0.000000, Normalized LogL: -1.354238, Exp of Normalized LogL: 0.258144, Best Rate: 0.3
Fault: [0,5,2,3,4,5], logL: -18.003334, Exp of LogL: 0.000000, Normalized LogL: -1.384872, Exp of Normalized LogL: 0.250356, Best Rate: 0.3

========= ADAPTIVE MC DEBUG =========
Total calls: 130
Avg tries: 169.23
Confidence stops: 130
Max stops: 0
Max stop rate: 0.000
Real Fault Rank 4
===== SEED 42 | FR=0.3 | VR=80 =====
executing with fault mode: [0,0,2,3,4,5]

Fault scores (higher is better):
Fault: [0,3,2,3,4,5], logL: -17.880802, Exp of LogL: 0.000000, Normalized LogL: -1.051812, Exp of Normalized LogL: 0.349304, Best Rate: 0.3
Fault: [0,2,2,3,4,5], logL: -17.985959, Exp of LogL: 0.000000, Normalized LogL: -1.057998, Exp of Normalized LogL: 0.347150, Best Rate: 0.3
Fault: [0,4,2,3,4,5], logL: -18.074754, Exp of LogL: 0.000000, Normalized LogL: -1.063221, Exp of Normalized LogL: 0.345342, Best Rate: 0.3
Fault: [0,0,2,3,4,5], logL: -18.074754, Exp of LogL: 0.000000, Normalized LogL: -1.063221, Exp of Normalized LogL: 0.345342, Best Rate: 0.3
Fault: [0,0,1,3,4,5], logL: -18.374499, Exp of LogL: 0.000000, Normalized LogL: -1.080853, Exp of Normalized LogL: 0.339306, Best Rate: 0.3
Fault: [0,1,2,3,4,5], logL: -18.389025, Exp of LogL: 0.000000, Normalized LogL: -1.081707, Exp of Normalized LogL: 0.339016, Best Rate: 0.3
Fault: [0,0,0,3,4,5], logL: -18.404058, Exp of LogL: 0.000000, Normalized LogL: -1.082592, Exp of Normalized LogL: 0.338717, Best Rate: 0.3
Fault: [0,0,3,3,4,5], logL: -18.487439, Exp of LogL: 0.000000, Normalized LogL: -1.087496, Exp of Normalized LogL: 0.337059, Best Rate: 0.3
Fault: [0,0,4,3,4,5], logL: -18.487439, Exp of LogL: 0.000000, Normalized LogL: -1.087496, Exp of Normalized LogL: 0.337059, Best Rate: 0.3
Fault: [0,5,2,3,4,5], logL: -20.271979, Exp of LogL: 0.000000, Normalized LogL: -1.192469, Exp of Normalized LogL: 0.303471, Best Rate: 0.3

========= ADAPTIVE MC DEBUG =========
Total calls: 170
Avg tries: 178.82
Confidence stops: 170
Max stops: 0
Max stop rate: 0.000
Real Fault Rank 4
===== SEED 42 | FR=0.3 | VR=100 =====
executing with fault mode: [0,0,2,3,4,5]

Fault scores (higher is better):
Fault: [0,2,2,3,4,5], logL: -18.477070, Exp of LogL: 0.000000, Normalized LogL: -0.839867, Exp of Normalized LogL: 0.431768, Best Rate: 0.3
Fault: [0,3,2,3,4,5], logL: -18.688583, Exp of LogL: 0.000000, Normalized LogL: -0.849481, Exp of Normalized LogL: 0.427637, Best Rate: 0.3
Fault: [0,4,2,3,4,5], logL: -18.882535, Exp of LogL: 0.000000, Normalized LogL: -0.858297, Exp of Normalized LogL: 0.423883, Best Rate: 0.3
Fault: [0,0,2,3,4,5], logL: -18.882535, Exp of LogL: 0.000000, Normalized LogL: -0.858297, Exp of Normalized LogL: 0.423883, Best Rate: 0.3
Fault: [0,1,2,3,4,5], logL: -18.978117, Exp of LogL: 0.000000, Normalized LogL: -0.862642, Exp of Normalized LogL: 0.422046, Best Rate: 0.3
Fault: [0,0,1,3,4,5], logL: -19.182280, Exp of LogL: 0.000000, Normalized LogL: -0.871922, Exp of Normalized LogL: 0.418147, Best Rate: 0.3
Fault: [0,0,0,3,4,5], logL: -19.211839, Exp of LogL: 0.000000, Normalized LogL: -0.873265, Exp of Normalized LogL: 0.417586, Best Rate: 0.3
Fault: [0,0,3,3,4,5], logL: -19.295221, Exp of LogL: 0.000000, Normalized LogL: -0.877055, Exp of Normalized LogL: 0.416006, Best Rate: 0.3
Fault: [0,0,4,3,4,5], logL: -19.295221, Exp of LogL: 0.000000, Normalized LogL: -0.877055, Exp of Normalized LogL: 0.416006, Best Rate: 0.3
Fault: [0,5,2,3,4,5], logL: -20.204291, Exp of LogL: 0.000000, Normalized LogL: -0.918377, Exp of Normalized LogL: 0.399166, Best Rate: 0.3

========= ADAPTIVE MC DEBUG =========
Total calls: 220
Avg tries: 176.82
Confidence stops: 220
Max stops: 0
Max stop rate: 0.000
Real Fault Rank 4
================= 22/08/2026 04:45:31: SEED 42 END =================
================= 22/08/2026 04:45:31: SEED 43 (41/100), a*=0 fault=[3,1,2,3,4,5] START =================
===== SEED 43 | FR=0.3 | VR=20 =====
executing with fault mode: [3,1,2,3,4,5]

Fault scores (higher is better):
Fault: [3,1,2,3,4,5], logL: -8.288585, Exp of LogL: 0.000251, Normalized LogL: -2.072146, Exp of Normalized LogL: 0.125915, Best Rate: 0.3
Fault: [3,1,2,3,3,5], logL: -8.342652, Exp of LogL: 0.000238, Normalized LogL: -2.085663, Exp of Normalized LogL: 0.124225, Best Rate: 0.3
Fault: [3,1,2,3,5,5], logL: -8.342652, Exp of LogL: 0.000238, Normalized LogL: -2.085663, Exp of Normalized LogL: 0.124225, Best Rate: 0.3
Fault: [3,1,2,3,2,5], logL: -8.342652, Exp of LogL: 0.000238, Normalized LogL: -2.085663, Exp of Normalized LogL: 0.124225, Best Rate: 0.3
Fault: [3,1,2,3,1,5], logL: -8.593966, Exp of LogL: 0.000185, Normalized LogL: -2.148492, Exp of Normalized LogL: 0.116660, Best Rate: 0.3
Fault: [0,1,2,3,4,5], logL: -30.717915, Exp of LogL: 0.000000, Normalized LogL: -7.679479, Exp of Normalized LogL: 0.000462, Best Rate: 0.3
Fault: [5,1,2,3,4,5], logL: -31.020196, Exp of LogL: 0.000000, Normalized LogL: -7.755049, Exp of Normalized LogL: 0.000429, Best Rate: 0.3
Fault: [4,1,2,3,4,5], logL: -31.020196, Exp of LogL: 0.000000, Normalized LogL: -7.755049, Exp of Normalized LogL: 0.000429, Best Rate: 0.3
Fault: [2,1,2,3,4,5], logL: -31.080821, Exp of LogL: 0.000000, Normalized LogL: -7.770205, Exp of Normalized LogL: 0.000422, Best Rate: 0.3
Fault: [1,1,2,3,4,5], logL: -31.214352, Exp of LogL: 0.000000, Normalized LogL: -7.803588, Exp of Normalized LogL: 0.000408, Best Rate: 0.3

========= ADAPTIVE MC DEBUG =========
Total calls: 40
Avg tries: 200.00
Confidence stops: 40
Max stops: 0
Max stop rate: 0.000
Real Fault Rank 1
===== SEED 43 | FR=0.3 | VR=40 =====
executing with fault mode: [3,1,2,3,4,5]

Fault scores (higher is better):
Fault: [0,1,2,3,4,5], logL: -11.278093, Exp of LogL: 0.000013, Normalized LogL: -1.409762, Exp of Normalized LogL: 0.244201, Best Rate: 0.3
Fault: [2,1,2,3,4,5], logL: -12.094398, Exp of LogL: 0.000006, Normalized LogL: -1.511800, Exp of Normalized LogL: 0.220513, Best Rate: 0.3
Fault: [3,1,2,3,4,5], logL: -34.653734, Exp of LogL: 0.000000, Normalized LogL: -4.331717, Exp of Normalized LogL: 0.013145, Best Rate: 0.3
Fault: [5,1,2,3,4,5], logL: -34.724115, Exp of LogL: 0.000000, Normalized LogL: -4.340514, Exp of Normalized LogL: 0.013030, Best Rate: 0.3
Fault: [4,1,2,3,4,5], logL: -34.724115, Exp of LogL: 0.000000, Normalized LogL: -4.340514, Exp of Normalized LogL: 0.013030, Best Rate: 0.3
Fault: [3,1,2,3,3,5], logL: -34.785906, Exp of LogL: 0.000000, Normalized LogL: -4.348238, Exp of Normalized LogL: 0.012930, Best Rate: 0.3
Fault: [3,1,2,3,5,5], logL: -34.785906, Exp of LogL: 0.000000, Normalized LogL: -4.348238, Exp of Normalized LogL: 0.012930, Best Rate: 0.3
Fault: [3,1,2,3,2,5], logL: -34.785906, Exp of LogL: 0.000000, Normalized LogL: -4.348238, Exp of Normalized LogL: 0.012930, Best Rate: 0.3
Fault: [3,1,2,3,1,5], logL: -34.925668, Exp of LogL: 0.000000, Normalized LogL: -4.365709, Exp of Normalized LogL: 0.012706, Best Rate: 0.3
Fault: [1,1,2,3,4,5], logL: -35.640406, Exp of LogL: 0.000000, Normalized LogL: -4.455051, Exp of Normalized LogL: 0.011620, Best Rate: 0.3

========= ADAPTIVE MC DEBUG =========
Total calls: 80
Avg tries: 178.75
Confidence stops: 80
Max stops: 0
Max stop rate: 0.000
Real Fault Rank 3
===== SEED 43 | FR=0.3 | VR=60 =====
executing with fault mode: [3,1,2,3,4,5]

Fault scores (higher is better):
Fault: [0,1,2,3,4,5], logL: -11.317293, Exp of LogL: 0.000012, Normalized LogL: -0.943108, Exp of Normalized LogL: 0.389416, Best Rate: 0.3
Fault: [2,1,2,3,4,5], logL: -12.555969, Exp of LogL: 0.000004, Normalized LogL: -1.046331, Exp of Normalized LogL: 0.351224, Best Rate: 0.3
Fault: [3,1,2,3,4,5], logL: -34.939051, Exp of LogL: 0.000000, Normalized LogL: -2.911588, Exp of Normalized LogL: 0.054389, Best Rate: 0.3
Fault: [5,1,2,3,4,5], logL: -35.009431, Exp of LogL: 0.000000, Normalized LogL: -2.917453, Exp of Normalized LogL: 0.054071, Best Rate: 0.3
Fault: [4,1,2,3,4,5], logL: -35.009431, Exp of LogL: 0.000000, Normalized LogL: -2.917453, Exp of Normalized LogL: 0.054071, Best Rate: 0.3
Fault: [3,1,2,3,3,5], logL: -35.333705, Exp of LogL: 0.000000, Normalized LogL: -2.944475, Exp of Normalized LogL: 0.052630, Best Rate: 0.3
Fault: [3,1,2,3,5,5], logL: -35.333705, Exp of LogL: 0.000000, Normalized LogL: -2.944475, Exp of Normalized LogL: 0.052630, Best Rate: 0.3
Fault: [3,1,2,3,1,5], logL: -35.333705, Exp of LogL: 0.000000, Normalized LogL: -2.944475, Exp of Normalized LogL: 0.052630, Best Rate: 0.3
Fault: [3,1,2,3,2,5], logL: -35.333705, Exp of LogL: 0.000000, Normalized LogL: -2.944475, Exp of Normalized LogL: 0.052630, Best Rate: 0.3
Fault: [1,1,2,3,4,5], logL: -35.753670, Exp of LogL: 0.000000, Normalized LogL: -2.979473, Exp of Normalized LogL: 0.050820, Best Rate: 0.3

========= ADAPTIVE MC DEBUG =========
Total calls: 120
Avg tries: 191.25
Confidence stops: 120
Max stops: 0
Max stop rate: 0.000
Real Fault Rank 3
===== SEED 43 | FR=0.3 | VR=80 =====
executing with fault mode: [3,1,2,3,4,5]

Fault scores (higher is better):
Fault: [0,1,2,3,4,5], logL: -11.547685, Exp of LogL: 0.000010, Normalized LogL: -0.721730, Exp of Normalized LogL: 0.485911, Best Rate: 0.3
Fault: [3,1,2,3,4,5], logL: -12.431274, Exp of LogL: 0.000004, Normalized LogL: -0.776955, Exp of Normalized LogL: 0.459804, Best Rate: 0.3
Fault: [5,1,2,3,4,5], logL: -12.619438, Exp of LogL: 0.000003, Normalized LogL: -0.788715, Exp of Normalized LogL: 0.454428, Best Rate: 0.3
Fault: [4,1,2,3,4,5], logL: -12.619438, Exp of LogL: 0.000003, Normalized LogL: -0.788715, Exp of Normalized LogL: 0.454428, Best Rate: 0.3
Fault: [2,1,2,3,4,5], logL: -12.668578, Exp of LogL: 0.000003, Normalized LogL: -0.791786, Exp of Normalized LogL: 0.453035, Best Rate: 0.3
Fault: [3,1,2,3,3,5], logL: -12.825928, Exp of LogL: 0.000003, Normalized LogL: -0.801621, Exp of Normalized LogL: 0.448601, Best Rate: 0.3
Fault: [3,1,2,3,5,5], logL: -12.825928, Exp of LogL: 0.000003, Normalized LogL: -0.801621, Exp of Normalized LogL: 0.448601, Best Rate: 0.3
Fault: [3,1,2,3,1,5], logL: -12.825928, Exp of LogL: 0.000003, Normalized LogL: -0.801621, Exp of Normalized LogL: 0.448601, Best Rate: 0.3
Fault: [3,1,2,3,2,5], logL: -12.825928, Exp of LogL: 0.000003, Normalized LogL: -0.801621, Exp of Normalized LogL: 0.448601, Best Rate: 0.3
Fault: [1,1,2,3,4,5], logL: -13.363677, Exp of LogL: 0.000002, Normalized LogL: -0.835230, Exp of Normalized LogL: 0.433775, Best Rate: 0.3

========= ADAPTIVE MC DEBUG =========
Total calls: 160
Avg tries: 180.94
Confidence stops: 160
Max stops: 0
Max stop rate: 0.000
Real Fault Rank 2
===== SEED 43 | FR=0.3 | VR=100 =====
executing with fault mode: [3,1,2,3,4,5]

Fault scores (higher is better):
Fault: [0,1,2,3,4,5], logL: -12.963967, Exp of LogL: 0.000002, Normalized LogL: -0.648198, Exp of Normalized LogL: 0.522987, Best Rate: 0.3
Fault: [3,1,2,3,4,5], logL: -12.984317, Exp of LogL: 0.000002, Normalized LogL: -0.649216, Exp of Normalized LogL: 0.522455, Best Rate: 0.3
Fault: [5,1,2,3,4,5], logL: -13.160059, Exp of LogL: 0.000002, Normalized LogL: -0.658003, Exp of Normalized LogL: 0.517885, Best Rate: 0.3
Fault: [4,1,2,3,4,5], logL: -13.160059, Exp of LogL: 0.000002, Normalized LogL: -0.658003, Exp of Normalized LogL: 0.517885, Best Rate: 0.3
Fault: [3,1,2,3,3,5], logL: -13.399833, Exp of LogL: 0.000002, Normalized LogL: -0.669992, Exp of Normalized LogL: 0.511713, Best Rate: 0.3
Fault: [3,1,2,3,5,5], logL: -13.399833, Exp of LogL: 0.000002, Normalized LogL: -0.669992, Exp of Normalized LogL: 0.511713, Best Rate: 0.3
Fault: [3,1,2,3,1,5], logL: -13.399833, Exp of LogL: 0.000002, Normalized LogL: -0.669992, Exp of Normalized LogL: 0.511713, Best Rate: 0.3
Fault: [3,1,2,3,2,5], logL: -13.399833, Exp of LogL: 0.000002, Normalized LogL: -0.669992, Exp of Normalized LogL: 0.511713, Best Rate: 0.3
Fault: [1,1,2,3,4,5], logL: -14.376454, Exp of LogL: 0.000001, Normalized LogL: -0.718823, Exp of Normalized LogL: 0.487326, Best Rate: 0.3
Fault: [2,1,2,3,4,5], logL: -14.559243, Exp of LogL: 0.000000, Normalized LogL: -0.727962, Exp of Normalized LogL: 0.482892, Best Rate: 0.3

========= ADAPTIVE MC DEBUG =========
Total calls: 200
Avg tries: 182.75
Confidence stops: 200
Max stops: 0
Max stop rate: 0.000
Real Fault Rank 2
================= 22/08/2026 04:45:50: SEED 43 END =================
================= 22/08/2026 04:45:50: SEED 44 (42/100), a*=1 fault=[0,2,2,3,4,5] START =================
===== SEED 44 | FR=0.3 | VR=20 =====
executing with fault mode: [0,2,2,3,4,5]

Fault scores (higher is better):
Fault: [0,2,2,3,1,5], logL: -6.341086, Exp of LogL: 0.001762, Normalized LogL: -1.268217, Exp of Normalized LogL: 0.281333, Best Rate: 0.3
Fault: [0,2,2,3,5,5], logL: -6.377454, Exp of LogL: 0.001699, Normalized LogL: -1.275491, Exp of Normalized LogL: 0.279294, Best Rate: 0.3
Fault: [0,2,2,3,3,5], logL: -6.377454, Exp of LogL: 0.001699, Normalized LogL: -1.275491, Exp of Normalized LogL: 0.279294, Best Rate: 0.3
Fault: [0,2,2,3,2,5], logL: -6.454415, Exp of LogL: 0.001574, Normalized LogL: -1.290883, Exp of Normalized LogL: 0.275028, Best Rate: 0.3
Fault: [0,2,2,3,4,5], logL: -6.474617, Exp of LogL: 0.001542, Normalized LogL: -1.294923, Exp of Normalized LogL: 0.273919, Best Rate: 0.3
Fault: [0,5,2,3,4,5], logL: -6.751550, Exp of LogL: 0.001169, Normalized LogL: -1.350310, Exp of Normalized LogL: 0.259160, Best Rate: 0.3
Fault: [0,0,2,3,4,5], logL: -7.218573, Exp of LogL: 0.000733, Normalized LogL: -1.443715, Exp of Normalized LogL: 0.236049, Best Rate: 0.3
Fault: [0,3,2,3,4,5], logL: -7.698146, Exp of LogL: 0.000454, Normalized LogL: -1.539629, Exp of Normalized LogL: 0.214461, Best Rate: 0.3
Fault: [0,4,2,3,4,5], logL: -7.713650, Exp of LogL: 0.000447, Normalized LogL: -1.542730, Exp of Normalized LogL: 0.213797, Best Rate: 0.3
Fault: [0,1,2,3,4,5], logL: -7.739259, Exp of LogL: 0.000435, Normalized LogL: -1.547852, Exp of Normalized LogL: 0.212704, Best Rate: 0.3

========= ADAPTIVE MC DEBUG =========
Total calls: 50
Avg tries: 200.00
Confidence stops: 50
Max stops: 0
Max stop rate: 0.000
Real Fault Rank 5
===== SEED 44 | FR=0.3 | VR=40 =====
executing with fault mode: [0,2,2,3,4,5]

Fault scores (higher is better):
Fault: [0,2,2,3,5,5], logL: -9.535619, Exp of LogL: 0.000072, Normalized LogL: -1.059513, Exp of Normalized LogL: 0.346625, Best Rate: 0.3
Fault: [0,2,2,3,3,5], logL: -9.535619, Exp of LogL: 0.000072, Normalized LogL: -1.059513, Exp of Normalized LogL: 0.346625, Best Rate: 0.3
Fault: [0,2,2,3,4,5], logL: -9.703954, Exp of LogL: 0.000061, Normalized LogL: -1.078217, Exp of Normalized LogL: 0.340202, Best Rate: 0.3
Fault: [0,2,2,3,2,5], logL: -9.873031, Exp of LogL: 0.000052, Normalized LogL: -1.097003, Exp of Normalized LogL: 0.333870, Best Rate: 0.3
Fault: [0,2,2,3,1,5], logL: -9.899699, Exp of LogL: 0.000050, Normalized LogL: -1.099967, Exp of Normalized LogL: 0.332882, Best Rate: 0.3
Fault: [0,1,2,3,4,5], logL: -10.503415, Exp of LogL: 0.000027, Normalized LogL: -1.167046, Exp of Normalized LogL: 0.311285, Best Rate: 0.3
Fault: [0,0,2,3,4,5], logL: -11.447600, Exp of LogL: 0.000011, Normalized LogL: -1.271956, Exp of Normalized LogL: 0.280283, Best Rate: 0.3
Fault: [0,3,2,3,4,5], logL: -11.480932, Exp of LogL: 0.000010, Normalized LogL: -1.275659, Exp of Normalized LogL: 0.279247, Best Rate: 0.3
Fault: [0,4,2,3,4,5], logL: -11.480932, Exp of LogL: 0.000010, Normalized LogL: -1.275659, Exp of Normalized LogL: 0.279247, Best Rate: 0.3
Fault: [0,5,2,3,4,5], logL: -11.981175, Exp of LogL: 0.000006, Normalized LogL: -1.331242, Exp of Normalized LogL: 0.264149, Best Rate: 0.3

========= ADAPTIVE MC DEBUG =========
Total calls: 90
Avg tries: 182.22
Confidence stops: 90
Max stops: 0
Max stop rate: 0.000
Real Fault Rank 3
===== SEED 44 | FR=0.3 | VR=60 =====
executing with fault mode: [0,2,2,3,4,5]

Fault scores (higher is better):
Fault: [0,2,2,3,4,5], logL: -14.626145, Exp of LogL: 0.000000, Normalized LogL: -1.044725, Exp of Normalized LogL: 0.351789, Best Rate: 0.3
Fault: [0,2,2,3,5,5], logL: -15.044855, Exp of LogL: 0.000000, Normalized LogL: -1.074632, Exp of Normalized LogL: 0.341423, Best Rate: 0.3
Fault: [0,2,2,3,3,5], logL: -15.044855, Exp of LogL: 0.000000, Normalized LogL: -1.074632, Exp of Normalized LogL: 0.341423, Best Rate: 0.3
Fault: [0,2,2,3,2,5], logL: -15.044855, Exp of LogL: 0.000000, Normalized LogL: -1.074632, Exp of Normalized LogL: 0.341423, Best Rate: 0.3
Fault: [0,2,2,3,1,5], logL: -15.044855, Exp of LogL: 0.000000, Normalized LogL: -1.074632, Exp of Normalized LogL: 0.341423, Best Rate: 0.3
Fault: [0,0,2,3,4,5], logL: -15.135799, Exp of LogL: 0.000000, Normalized LogL: -1.081128, Exp of Normalized LogL: 0.339213, Best Rate: 0.3
Fault: [0,1,2,3,4,5], logL: -15.430461, Exp of LogL: 0.000000, Normalized LogL: -1.102176, Exp of Normalized LogL: 0.332148, Best Rate: 0.3
Fault: [0,3,2,3,4,5], logL: -15.546020, Exp of LogL: 0.000000, Normalized LogL: -1.110430, Exp of Normalized LogL: 0.329417, Best Rate: 0.3
Fault: [0,4,2,3,4,5], logL: -15.833702, Exp of LogL: 0.000000, Normalized LogL: -1.130979, Exp of Normalized LogL: 0.322717, Best Rate: 0.3
Fault: [0,5,2,3,4,5], logL: -17.652860, Exp of LogL: 0.000000, Normalized LogL: -1.260919, Exp of Normalized LogL: 0.283394, Best Rate: 0.3

========= ADAPTIVE MC DEBUG =========
Total calls: 140
Avg tries: 182.86
Confidence stops: 140
Max stops: 0
Max stop rate: 0.000
Real Fault Rank 1
===== SEED 44 | FR=0.3 | VR=80 =====
executing with fault mode: [0,2,2,3,4,5]

Fault scores (higher is better):
Fault: [0,2,2,3,4,5], logL: -15.629609, Exp of LogL: 0.000000, Normalized LogL: -0.868312, Exp of Normalized LogL: 0.419659, Best Rate: 0.3
Fault: [0,2,2,3,5,5], logL: -16.010725, Exp of LogL: 0.000000, Normalized LogL: -0.889485, Exp of Normalized LogL: 0.410867, Best Rate: 0.3
Fault: [0,2,2,3,3,5], logL: -16.010725, Exp of LogL: 0.000000, Normalized LogL: -0.889485, Exp of Normalized LogL: 0.410867, Best Rate: 0.3
Fault: [0,2,2,3,2,5], logL: -16.010725, Exp of LogL: 0.000000, Normalized LogL: -0.889485, Exp of Normalized LogL: 0.410867, Best Rate: 0.3
Fault: [0,2,2,3,1,5], logL: -16.010725, Exp of LogL: 0.000000, Normalized LogL: -0.889485, Exp of Normalized LogL: 0.410867, Best Rate: 0.3
Fault: [0,0,2,3,4,5], logL: -16.853474, Exp of LogL: 0.000000, Normalized LogL: -0.936304, Exp of Normalized LogL: 0.392074, Best Rate: 0.3
Fault: [0,1,2,3,4,5], logL: -16.898495, Exp of LogL: 0.000000, Normalized LogL: -0.938805, Exp of Normalized LogL: 0.391095, Best Rate: 0.3
Fault: [0,3,2,3,4,5], logL: -17.925659, Exp of LogL: 0.000000, Normalized LogL: -0.995870, Exp of Normalized LogL: 0.369402, Best Rate: 0.3
Fault: [0,4,2,3,4,5], logL: -18.219421, Exp of LogL: 0.000000, Normalized LogL: -1.012190, Exp of Normalized LogL: 0.363422, Best Rate: 0.3
Fault: [0,5,2,3,4,5], logL: -20.038579, Exp of LogL: 0.000000, Normalized LogL: -1.113254, Exp of Normalized LogL: 0.328488, Best Rate: 0.3

========= ADAPTIVE MC DEBUG =========
Total calls: 180
Avg tries: 184.17
Confidence stops: 180
Max stops: 0
Max stop rate: 0.000
Real Fault Rank 1
===== SEED 44 | FR=0.3 | VR=100 =====
executing with fault mode: [0,2,2,3,4,5]

Fault scores (higher is better):
Fault: [0,2,2,3,4,5], logL: -16.518660, Exp of LogL: 0.000000, Normalized LogL: -0.718203, Exp of Normalized LogL: 0.487628, Best Rate: 0.3
Fault: [0,2,2,3,5,5], logL: -16.826544, Exp of LogL: 0.000000, Normalized LogL: -0.731589, Exp of Normalized LogL: 0.481144, Best Rate: 0.3
Fault: [0,2,2,3,3,5], logL: -16.826544, Exp of LogL: 0.000000, Normalized LogL: -0.731589, Exp of Normalized LogL: 0.481144, Best Rate: 0.3
Fault: [0,2,2,3,2,5], logL: -16.826544, Exp of LogL: 0.000000, Normalized LogL: -0.731589, Exp of Normalized LogL: 0.481144, Best Rate: 0.3
Fault: [0,2,2,3,1,5], logL: -16.826544, Exp of LogL: 0.000000, Normalized LogL: -0.731589, Exp of Normalized LogL: 0.481144, Best Rate: 0.3
Fault: [0,0,2,3,4,5], logL: -17.551085, Exp of LogL: 0.000000, Normalized LogL: -0.763091, Exp of Normalized LogL: 0.466223, Best Rate: 0.3
Fault: [0,1,2,3,4,5], logL: -17.929119, Exp of LogL: 0.000000, Normalized LogL: -0.779527, Exp of Normalized LogL: 0.458623, Best Rate: 0.3
Fault: [0,3,2,3,4,5], logL: -18.792405, Exp of LogL: 0.000000, Normalized LogL: -0.817061, Exp of Normalized LogL: 0.441728, Best Rate: 0.3
Fault: [0,4,2,3,4,5], logL: -18.865832, Exp of LogL: 0.000000, Normalized LogL: -0.820254, Exp of Normalized LogL: 0.440320, Best Rate: 0.3
Fault: [0,5,2,3,4,5], logL: -20.684990, Exp of LogL: 0.000000, Normalized LogL: -0.899347, Exp of Normalized LogL: 0.406835, Best Rate: 0.3

========= ADAPTIVE MC DEBUG =========
Total calls: 230
Avg tries: 182.83
Confidence stops: 230
Max stops: 0
Max stop rate: 0.000
Real Fault Rank 1
================= 22/08/2026 04:46:12: SEED 44 END =================
================= 22/08/2026 04:46:12: SEED 45 (43/100), a*=0 fault=[1,1,2,3,4,5] START =================
===== SEED 45 | FR=0.3 | VR=20 =====
executing with fault mode: [1,1,2,3,4,5]

executing with fault mode: [1,1,2,3,4,5]

executing with fault mode: [1,1,2,3,4,5]

executing with fault mode: [1,1,2,3,4,5]

Fault scores (higher is better):
Fault: [1,1,2,3,1,5], logL: -7.356222, Exp of LogL: 0.000639, Normalized LogL: -1.226037, Exp of Normalized LogL: 0.293453, Best Rate: 0.3
Fault: [1,1,2,3,5,5], logL: -7.356222, Exp of LogL: 0.000639, Normalized LogL: -1.226037, Exp of Normalized LogL: 0.293453, Best Rate: 0.3
Fault: [1,1,2,3,3,5], logL: -7.356222, Exp of LogL: 0.000639, Normalized LogL: -1.226037, Exp of Normalized LogL: 0.293453, Best Rate: 0.3
Fault: [1,1,2,3,4,5], logL: -7.382197, Exp of LogL: 0.000622, Normalized LogL: -1.230366, Exp of Normalized LogL: 0.292186, Best Rate: 0.3
Fault: [1,1,2,3,0,5], logL: -7.538544, Exp of LogL: 0.000532, Normalized LogL: -1.256424, Exp of Normalized LogL: 0.284670, Best Rate: 0.3
Fault: [5,1,2,3,4,5], logL: -7.620762, Exp of LogL: 0.000490, Normalized LogL: -1.270127, Exp of Normalized LogL: 0.280796, Best Rate: 0.3
Fault: [4,1,2,3,4,5], logL: -7.856329, Exp of LogL: 0.000387, Normalized LogL: -1.309388, Exp of Normalized LogL: 0.269985, Best Rate: 0.3
Fault: [3,1,2,3,4,5], logL: -7.886182, Exp of LogL: 0.000376, Normalized LogL: -1.314364, Exp of Normalized LogL: 0.268645, Best Rate: 0.3
Fault: [0,1,2,3,4,5], logL: -8.050485, Exp of LogL: 0.000319, Normalized LogL: -1.341747, Exp of Normalized LogL: 0.261389, Best Rate: 0.3
Fault: [2,1,2,3,4,5], logL: -8.215107, Exp of LogL: 0.000271, Normalized LogL: -1.369184, Exp of Normalized LogL: 0.254314, Best Rate: 0.3

========= ADAPTIVE MC DEBUG =========
Total calls: 60
Avg tries: 198.33
Confidence stops: 60
Max stops: 0
Max stop rate: 0.000
Real Fault Rank 4
===== SEED 45 | FR=0.3 | VR=40 =====
executing with fault mode: [1,1,2,3,4,5]

executing with fault mode: [1,1,2,3,4,5]

executing with fault mode: [1,1,2,3,4,5]

executing with fault mode: [1,1,2,3,4,5]

Fault scores (higher is better):
Fault: [1,1,2,3,1,5], logL: -10.424896, Exp of LogL: 0.000030, Normalized LogL: -0.947718, Exp of Normalized LogL: 0.387625, Best Rate: 0.3
Fault: [1,1,2,3,5,5], logL: -10.424896, Exp of LogL: 0.000030, Normalized LogL: -0.947718, Exp of Normalized LogL: 0.387625, Best Rate: 0.3
Fault: [1,1,2,3,3,5], logL: -10.424896, Exp of LogL: 0.000030, Normalized LogL: -0.947718, Exp of Normalized LogL: 0.387625, Best Rate: 0.3
Fault: [1,1,2,3,4,5], logL: -10.450871, Exp of LogL: 0.000029, Normalized LogL: -0.950079, Exp of Normalized LogL: 0.386710, Best Rate: 0.3
Fault: [1,1,2,3,0,5], logL: -10.607217, Exp of LogL: 0.000025, Normalized LogL: -0.964292, Exp of Normalized LogL: 0.381253, Best Rate: 0.3
Fault: [5,1,2,3,4,5], logL: -10.990354, Exp of LogL: 0.000017, Normalized LogL: -0.999123, Exp of Normalized LogL: 0.368202, Best Rate: 0.3
Fault: [3,1,2,3,4,5], logL: -12.699226, Exp of LogL: 0.000003, Normalized LogL: -1.154475, Exp of Normalized LogL: 0.315223, Best Rate: 0.3
Fault: [4,1,2,3,4,5], logL: -12.729998, Exp of LogL: 0.000003, Normalized LogL: -1.157273, Exp of Normalized LogL: 0.314342, Best Rate: 0.3
Fault: [2,1,2,3,4,5], logL: -13.500913, Exp of LogL: 0.000001, Normalized LogL: -1.227356, Exp of Normalized LogL: 0.293067, Best Rate: 0.3
Fault: [0,1,2,3,4,5], logL: -35.974601, Exp of LogL: 0.000000, Normalized LogL: -3.270418, Exp of Normalized LogL: 0.037991, Best Rate: 0.3

========= ADAPTIVE MC DEBUG =========
Total calls: 110
Avg tries: 190.00
Confidence stops: 110
Max stops: 0
Max stop rate: 0.000
Real Fault Rank 4
===== SEED 45 | FR=0.3 | VR=60 =====
executing with fault mode: [1,1,2,3,4,5]

executing with fault mode: [1,1,2,3,4,5]

executing with fault mode: [1,1,2,3,4,5]

executing with fault mode: [1,1,2,3,4,5]

Fault scores (higher is better):
Fault: [1,1,2,3,4,5], logL: -15.812515, Exp of LogL: 0.000000, Normalized LogL: -0.930148, Exp of Normalized LogL: 0.394495, Best Rate: 0.3
Fault: [1,1,2,3,1,5], logL: -16.136635, Exp of LogL: 0.000000, Normalized LogL: -0.949214, Exp of Normalized LogL: 0.387045, Best Rate: 0.3
Fault: [1,1,2,3,5,5], logL: -16.136635, Exp of LogL: 0.000000, Normalized LogL: -0.949214, Exp of Normalized LogL: 0.387045, Best Rate: 0.3
Fault: [1,1,2,3,3,5], logL: -16.136635, Exp of LogL: 0.000000, Normalized LogL: -0.949214, Exp of Normalized LogL: 0.387045, Best Rate: 0.3
Fault: [1,1,2,3,0,5], logL: -16.136635, Exp of LogL: 0.000000, Normalized LogL: -0.949214, Exp of Normalized LogL: 0.387045, Best Rate: 0.3
Fault: [2,1,2,3,4,5], logL: -19.031291, Exp of LogL: 0.000000, Normalized LogL: -1.119488, Exp of Normalized LogL: 0.326447, Best Rate: 0.3
Fault: [0,1,2,3,4,5], logL: -67.743992, Exp of LogL: 0.000000, Normalized LogL: -3.984941, Exp of Normalized LogL: 0.018594, Best Rate: 0.3
Fault: [3,1,2,3,4,5], logL: -67.877085, Exp of LogL: 0.000000, Normalized LogL: -3.992770, Exp of Normalized LogL: 0.018449, Best Rate: 0.3
Fault: [4,1,2,3,4,5], logL: -67.910311, Exp of LogL: 0.000000, Normalized LogL: -3.994724, Exp of Normalized LogL: 0.018413, Best Rate: 0.3
Fault: [5,1,2,3,4,5], logL: -68.055493, Exp of LogL: 0.000000, Normalized LogL: -4.003264, Exp of Normalized LogL: 0.018256, Best Rate: 0.3

========= ADAPTIVE MC DEBUG =========
Total calls: 170
Avg tries: 182.94
Confidence stops: 170
Max stops: 0
Max stop rate: 0.000
Real Fault Rank 1
===== SEED 45 | FR=0.3 | VR=80 =====
executing with fault mode: [1,1,2,3,4,5]

executing with fault mode: [1,1,2,3,4,5]

executing with fault mode: [1,1,2,3,4,5]

executing with fault mode: [1,1,2,3,4,5]

Fault scores (higher is better):
Fault: [1,1,2,3,4,5], logL: -16.826533, Exp of LogL: 0.000000, Normalized LogL: -0.764842, Exp of Normalized LogL: 0.465407, Best Rate: 0.3
Fault: [1,1,2,3,1,5], logL: -17.162005, Exp of LogL: 0.000000, Normalized LogL: -0.780091, Exp of Normalized LogL: 0.458364, Best Rate: 0.3
Fault: [1,1,2,3,5,5], logL: -17.162005, Exp of LogL: 0.000000, Normalized LogL: -0.780091, Exp of Normalized LogL: 0.458364, Best Rate: 0.3
Fault: [1,1,2,3,3,5], logL: -17.162005, Exp of LogL: 0.000000, Normalized LogL: -0.780091, Exp of Normalized LogL: 0.458364, Best Rate: 0.3
Fault: [1,1,2,3,0,5], logL: -17.162005, Exp of LogL: 0.000000, Normalized LogL: -0.780091, Exp of Normalized LogL: 0.458364, Best Rate: 0.3
Fault: [2,1,2,3,4,5], logL: -21.518255, Exp of LogL: 0.000000, Normalized LogL: -0.978103, Exp of Normalized LogL: 0.376024, Best Rate: 0.3
Fault: [3,1,2,3,4,5], logL: -69.383579, Exp of LogL: 0.000000, Normalized LogL: -3.153799, Exp of Normalized LogL: 0.042690, Best Rate: 0.3
Fault: [4,1,2,3,4,5], logL: -69.444204, Exp of LogL: 0.000000, Normalized LogL: -3.156555, Exp of Normalized LogL: 0.042572, Best Rate: 0.3
Fault: [5,1,2,3,4,5], logL: -70.254533, Exp of LogL: 0.000000, Normalized LogL: -3.193388, Exp of Normalized LogL: 0.041033, Best Rate: 0.3
Fault: [0,1,2,3,4,5], logL: -70.483195, Exp of LogL: 0.000000, Normalized LogL: -3.203782, Exp of Normalized LogL: 0.040608, Best Rate: 0.3

========= ADAPTIVE MC DEBUG =========
Total calls: 220
Avg tries: 186.59
Confidence stops: 220
Max stops: 0
Max stop rate: 0.000
Real Fault Rank 1
===== SEED 45 | FR=0.3 | VR=100 =====
executing with fault mode: [1,1,2,3,4,5]

executing with fault mode: [1,1,2,3,4,5]

executing with fault mode: [1,1,2,3,4,5]

executing with fault mode: [1,1,2,3,4,5]

Fault scores (higher is better):
Fault: [1,1,2,3,4,5], logL: -18.204260, Exp of LogL: 0.000000, Normalized LogL: -0.650152, Exp of Normalized LogL: 0.521966, Best Rate: 0.3
Fault: [1,1,2,3,1,5], logL: -18.539733, Exp of LogL: 0.000000, Normalized LogL: -0.662133, Exp of Normalized LogL: 0.515750, Best Rate: 0.3
Fault: [1,1,2,3,5,5], logL: -18.539733, Exp of LogL: 0.000000, Normalized LogL: -0.662133, Exp of Normalized LogL: 0.515750, Best Rate: 0.3
Fault: [1,1,2,3,3,5], logL: -18.539733, Exp of LogL: 0.000000, Normalized LogL: -0.662133, Exp of Normalized LogL: 0.515750, Best Rate: 0.3
Fault: [1,1,2,3,0,5], logL: -18.539733, Exp of LogL: 0.000000, Normalized LogL: -0.662133, Exp of Normalized LogL: 0.515750, Best Rate: 0.3
Fault: [2,1,2,3,4,5], logL: -23.679991, Exp of LogL: 0.000000, Normalized LogL: -0.845714, Exp of Normalized LogL: 0.429251, Best Rate: 0.3
Fault: [3,1,2,3,4,5], logL: -70.416465, Exp of LogL: 0.000000, Normalized LogL: -2.514874, Exp of Normalized LogL: 0.080873, Best Rate: 0.3
Fault: [4,1,2,3,4,5], logL: -70.416465, Exp of LogL: 0.000000, Normalized LogL: -2.514874, Exp of Normalized LogL: 0.080873, Best Rate: 0.3
Fault: [0,1,2,3,4,5], logL: -72.261939, Exp of LogL: 0.000000, Normalized LogL: -2.580784, Exp of Normalized LogL: 0.075715, Best Rate: 0.3
Fault: [5,1,2,3,4,5], logL: -74.843416, Exp of LogL: 0.000000, Normalized LogL: -2.672979, Exp of Normalized LogL: 0.069046, Best Rate: 0.3

========= ADAPTIVE MC DEBUG =========
Total calls: 280
Avg tries: 187.32
Confidence stops: 280
Max stops: 0
Max stop rate: 0.000
Real Fault Rank 1
================= 22/08/2026 04:46:40: SEED 45 END =================
================= 22/08/2026 04:46:40: SEED 46 (44/100), a*=1 fault=[0,3,2,3,4,5] START =================
===== SEED 46 | FR=0.3 | VR=20 =====
executing with fault mode: [0,3,2,3,4,5]

Fault scores (higher is better):
Fault: [0,3,2,3,0,5], logL: -5.895442, Exp of LogL: 0.002752, Normalized LogL: -1.473860, Exp of Normalized LogL: 0.229040, Best Rate: 0.3
Fault: [0,3,2,3,3,5], logL: -6.330760, Exp of LogL: 0.001781, Normalized LogL: -1.582690, Exp of Normalized LogL: 0.205422, Best Rate: 0.3
Fault: [0,3,2,3,4,5], logL: -6.388200, Exp of LogL: 0.001681, Normalized LogL: -1.597050, Exp of Normalized LogL: 0.202493, Best Rate: 0.3
Fault: [0,1,2,3,4,5], logL: -6.586184, Exp of LogL: 0.001379, Normalized LogL: -1.646546, Exp of Normalized LogL: 0.192714, Best Rate: 0.3
Fault: [0,3,2,3,1,5], logL: -6.649214, Exp of LogL: 0.001295, Normalized LogL: -1.662303, Exp of Normalized LogL: 0.189702, Best Rate: 0.3
Fault: [0,3,2,3,5,5], logL: -6.649214, Exp of LogL: 0.001295, Normalized LogL: -1.662303, Exp of Normalized LogL: 0.189702, Best Rate: 0.3
Fault: [0,5,2,3,4,5], logL: -6.957576, Exp of LogL: 0.000951, Normalized LogL: -1.739394, Exp of Normalized LogL: 0.175627, Best Rate: 0.3
Fault: [0,4,2,3,4,5], logL: -6.957576, Exp of LogL: 0.000951, Normalized LogL: -1.739394, Exp of Normalized LogL: 0.175627, Best Rate: 0.3
Fault: [0,2,2,3,4,5], logL: -6.957576, Exp of LogL: 0.000951, Normalized LogL: -1.739394, Exp of Normalized LogL: 0.175627, Best Rate: 0.3
Fault: [0,0,2,3,4,5], logL: -7.223279, Exp of LogL: 0.000729, Normalized LogL: -1.805820, Exp of Normalized LogL: 0.164340, Best Rate: 0.3

========= ADAPTIVE MC DEBUG =========
Total calls: 40
Avg tries: 200.00
Confidence stops: 40
Max stops: 0
Max stop rate: 0.000
Real Fault Rank 3
===== SEED 46 | FR=0.3 | VR=40 =====
executing with fault mode: [0,3,2,3,4,5]

Fault scores (higher is better):
Fault: [0,3,2,3,0,5], logL: -11.288803, Exp of LogL: 0.000013, Normalized LogL: -1.612686, Exp of Normalized LogL: 0.199351, Best Rate: 0.3
Fault: [0,3,2,3,3,5], logL: -11.724121, Exp of LogL: 0.000008, Normalized LogL: -1.674874, Exp of Normalized LogL: 0.187332, Best Rate: 0.3
Fault: [0,3,2,3,4,5], logL: -11.781561, Exp of LogL: 0.000008, Normalized LogL: -1.683080, Exp of Normalized LogL: 0.185801, Best Rate: 0.3
Fault: [0,3,2,3,1,5], logL: -12.042575, Exp of LogL: 0.000006, Normalized LogL: -1.720368, Exp of Normalized LogL: 0.179000, Best Rate: 0.3
Fault: [0,3,2,3,5,5], logL: -12.042575, Exp of LogL: 0.000006, Normalized LogL: -1.720368, Exp of Normalized LogL: 0.179000, Best Rate: 0.3
Fault: [0,1,2,3,4,5], logL: -12.542935, Exp of LogL: 0.000004, Normalized LogL: -1.791848, Exp of Normalized LogL: 0.166652, Best Rate: 0.3
Fault: [0,5,2,3,4,5], logL: -13.177615, Exp of LogL: 0.000002, Normalized LogL: -1.882516, Exp of Normalized LogL: 0.152207, Best Rate: 0.3
Fault: [0,4,2,3,4,5], logL: -13.177615, Exp of LogL: 0.000002, Normalized LogL: -1.882516, Exp of Normalized LogL: 0.152207, Best Rate: 0.3
Fault: [0,0,2,3,4,5], logL: -13.514088, Exp of LogL: 0.000001, Normalized LogL: -1.930584, Exp of Normalized LogL: 0.145063, Best Rate: 0.3
Fault: [0,2,2,3,4,5], logL: -13.880699, Exp of LogL: 0.000001, Normalized LogL: -1.982957, Exp of Normalized LogL: 0.137662, Best Rate: 0.3

========= ADAPTIVE MC DEBUG =========
Total calls: 70
Avg tries: 185.71
Confidence stops: 70
Max stops: 0
Max stop rate: 0.000
Real Fault Rank 3
===== SEED 46 | FR=0.3 | VR=60 =====
executing with fault mode: [0,3,2,3,4,5]

Fault scores (higher is better):
Fault: [0,3,2,3,3,5], logL: -16.060913, Exp of LogL: 0.000000, Normalized LogL: -1.460083, Exp of Normalized LogL: 0.232217, Best Rate: 0.3
Fault: [0,1,2,3,4,5], logL: -16.688130, Exp of LogL: 0.000000, Normalized LogL: -1.517103, Exp of Normalized LogL: 0.219346, Best Rate: 0.3
Fault: [0,3,2,3,0,5], logL: -16.929951, Exp of LogL: 0.000000, Normalized LogL: -1.539086, Exp of Normalized LogL: 0.214577, Best Rate: 0.3
Fault: [0,3,2,3,4,5], logL: -16.931301, Exp of LogL: 0.000000, Normalized LogL: -1.539209, Exp of Normalized LogL: 0.214551, Best Rate: 0.3
Fault: [0,3,2,3,1,5], logL: -17.192315, Exp of LogL: 0.000000, Normalized LogL: -1.562938, Exp of Normalized LogL: 0.209520, Best Rate: 0.3
Fault: [0,3,2,3,5,5], logL: -17.192315, Exp of LogL: 0.000000, Normalized LogL: -1.562938, Exp of Normalized LogL: 0.209520, Best Rate: 0.3
Fault: [0,0,2,3,4,5], logL: -17.621542, Exp of LogL: 0.000000, Normalized LogL: -1.601958, Exp of Normalized LogL: 0.201502, Best Rate: 0.3
Fault: [0,2,2,3,4,5], logL: -17.939951, Exp of LogL: 0.000000, Normalized LogL: -1.630905, Exp of Normalized LogL: 0.195752, Best Rate: 0.3
Fault: [0,5,2,3,4,5], logL: -18.084165, Exp of LogL: 0.000000, Normalized LogL: -1.644015, Exp of Normalized LogL: 0.193203, Best Rate: 0.3
Fault: [0,4,2,3,4,5], logL: -18.084165, Exp of LogL: 0.000000, Normalized LogL: -1.644015, Exp of Normalized LogL: 0.193203, Best Rate: 0.3

========= ADAPTIVE MC DEBUG =========
Total calls: 110
Avg tries: 175.00
Confidence stops: 110
Max stops: 0
Max stop rate: 0.000
Real Fault Rank 4
===== SEED 46 | FR=0.3 | VR=80 =====
executing with fault mode: [0,3,2,3,4,5]

Fault scores (higher is better):
Fault: [0,1,2,3,4,5], logL: -18.122040, Exp of LogL: 0.000000, Normalized LogL: -1.294431, Exp of Normalized LogL: 0.274054, Best Rate: 0.3
Fault: [0,3,2,3,4,5], logL: -18.365211, Exp of LogL: 0.000000, Normalized LogL: -1.311801, Exp of Normalized LogL: 0.269335, Best Rate: 0.3
Fault: [0,3,2,3,1,5], logL: -18.626225, Exp of LogL: 0.000000, Normalized LogL: -1.330445, Exp of Normalized LogL: 0.264360, Best Rate: 0.3
Fault: [0,3,2,3,3,5], logL: -18.626225, Exp of LogL: 0.000000, Normalized LogL: -1.330445, Exp of Normalized LogL: 0.264360, Best Rate: 0.3
Fault: [0,3,2,3,5,5], logL: -18.626225, Exp of LogL: 0.000000, Normalized LogL: -1.330445, Exp of Normalized LogL: 0.264360, Best Rate: 0.3
Fault: [0,3,2,3,0,5], logL: -18.626225, Exp of LogL: 0.000000, Normalized LogL: -1.330445, Exp of Normalized LogL: 0.264360, Best Rate: 0.3
Fault: [0,0,2,3,4,5], logL: -19.055452, Exp of LogL: 0.000000, Normalized LogL: -1.361104, Exp of Normalized LogL: 0.256378, Best Rate: 0.3
Fault: [0,2,2,3,4,5], logL: -19.373861, Exp of LogL: 0.000000, Normalized LogL: -1.383847, Exp of Normalized LogL: 0.250613, Best Rate: 0.3
Fault: [0,5,2,3,4,5], logL: -19.518075, Exp of LogL: 0.000000, Normalized LogL: -1.394148, Exp of Normalized LogL: 0.248044, Best Rate: 0.3
Fault: [0,4,2,3,4,5], logL: -19.518075, Exp of LogL: 0.000000, Normalized LogL: -1.394148, Exp of Normalized LogL: 0.248044, Best Rate: 0.3

========= ADAPTIVE MC DEBUG =========
Total calls: 140
Avg tries: 173.21
Confidence stops: 140
Max stops: 0
Max stop rate: 0.000
Real Fault Rank 2
===== SEED 46 | FR=0.3 | VR=100 =====
executing with fault mode: [0,3,2,3,4,5]

Fault scores (higher is better):
Fault: [0,1,2,3,4,5], logL: -18.166946, Exp of LogL: 0.000000, Normalized LogL: -1.009275, Exp of Normalized LogL: 0.364483, Best Rate: 0.3
Fault: [0,3,2,3,4,5], logL: -18.372369, Exp of LogL: 0.000000, Normalized LogL: -1.020687, Exp of Normalized LogL: 0.360347, Best Rate: 0.3
Fault: [0,3,2,3,1,5], logL: -18.655617, Exp of LogL: 0.000000, Normalized LogL: -1.036423, Exp of Normalized LogL: 0.354721, Best Rate: 0.3
Fault: [0,3,2,3,3,5], logL: -18.655617, Exp of LogL: 0.000000, Normalized LogL: -1.036423, Exp of Normalized LogL: 0.354721, Best Rate: 0.3
Fault: [0,3,2,3,5,5], logL: -18.655617, Exp of LogL: 0.000000, Normalized LogL: -1.036423, Exp of Normalized LogL: 0.354721, Best Rate: 0.3
Fault: [0,3,2,3,0,5], logL: -18.655617, Exp of LogL: 0.000000, Normalized LogL: -1.036423, Exp of Normalized LogL: 0.354721, Best Rate: 0.3
Fault: [0,0,2,3,4,5], logL: -19.086617, Exp of LogL: 0.000000, Normalized LogL: -1.060368, Exp of Normalized LogL: 0.346328, Best Rate: 0.3
Fault: [0,2,2,3,4,5], logL: -19.405026, Exp of LogL: 0.000000, Normalized LogL: -1.078057, Exp of Normalized LogL: 0.340256, Best Rate: 0.3
Fault: [0,5,2,3,4,5], logL: -19.549240, Exp of LogL: 0.000000, Normalized LogL: -1.086069, Exp of Normalized LogL: 0.337541, Best Rate: 0.3
Fault: [0,4,2,3,4,5], logL: -19.549240, Exp of LogL: 0.000000, Normalized LogL: -1.086069, Exp of Normalized LogL: 0.337541, Best Rate: 0.3

========= ADAPTIVE MC DEBUG =========
Total calls: 180
Avg tries: 173.61
Confidence stops: 180
Max stops: 0
Max stop rate: 0.000
Real Fault Rank 2
================= 22/08/2026 04:46:57: SEED 46 END =================
================= 22/08/2026 04:46:57: SEED 47 (45/100), a*=0 fault=[5,1,2,3,4,5] START =================
===== SEED 47 | FR=0.3 | VR=20 =====
executing with fault mode: [5,1,2,3,4,5]

Fault scores (higher is better):
Fault: [5,1,2,3,3,5], logL: -6.972712, Exp of LogL: 0.000937, Normalized LogL: -1.743178, Exp of Normalized LogL: 0.174963, Best Rate: 0.3
Fault: [5,1,2,3,0,5], logL: -6.972712, Exp of LogL: 0.000937, Normalized LogL: -1.743178, Exp of Normalized LogL: 0.174963, Best Rate: 0.3
Fault: [5,1,2,3,2,5], logL: -6.972712, Exp of LogL: 0.000937, Normalized LogL: -1.743178, Exp of Normalized LogL: 0.174963, Best Rate: 0.3
Fault: [5,1,2,3,5,5], logL: -6.972712, Exp of LogL: 0.000937, Normalized LogL: -1.743178, Exp of Normalized LogL: 0.174963, Best Rate: 0.3
Fault: [5,1,2,3,4,5], logL: -8.054774, Exp of LogL: 0.000318, Normalized LogL: -2.013693, Exp of Normalized LogL: 0.133495, Best Rate: 0.3
Fault: [3,1,2,3,4,5], logL: -8.054774, Exp of LogL: 0.000318, Normalized LogL: -2.013693, Exp of Normalized LogL: 0.133495, Best Rate: 0.3
Fault: [4,1,2,3,4,5], logL: -8.054774, Exp of LogL: 0.000318, Normalized LogL: -2.013693, Exp of Normalized LogL: 0.133495, Best Rate: 0.3
Fault: [2,1,2,3,4,5], logL: -8.126233, Exp of LogL: 0.000296, Normalized LogL: -2.031558, Exp of Normalized LogL: 0.131131, Best Rate: 0.3
Fault: [1,1,2,3,4,5], logL: -8.673197, Exp of LogL: 0.000171, Normalized LogL: -2.168299, Exp of Normalized LogL: 0.114372, Best Rate: 0.3
Fault: [0,1,2,3,4,5], logL: -10.243415, Exp of LogL: 0.000036, Normalized LogL: -2.560854, Exp of Normalized LogL: 0.077239, Best Rate: 0.3

========= ADAPTIVE MC DEBUG =========
Total calls: 40
Avg tries: 162.50
Confidence stops: 40
Max stops: 0
Max stop rate: 0.000
Real Fault Rank 5
===== SEED 47 | FR=0.3 | VR=40 =====
executing with fault mode: [5,1,2,3,4,5]

Fault scores (higher is better):
Fault: [5,1,2,3,3,5], logL: -7.532694, Exp of LogL: 0.000535, Normalized LogL: -1.076099, Exp of Normalized LogL: 0.340923, Best Rate: 0.3
Fault: [5,1,2,3,0,5], logL: -7.532694, Exp of LogL: 0.000535, Normalized LogL: -1.076099, Exp of Normalized LogL: 0.340923, Best Rate: 0.3
Fault: [5,1,2,3,2,5], logL: -7.532694, Exp of LogL: 0.000535, Normalized LogL: -1.076099, Exp of Normalized LogL: 0.340923, Best Rate: 0.3
Fault: [5,1,2,3,5,5], logL: -7.532694, Exp of LogL: 0.000535, Normalized LogL: -1.076099, Exp of Normalized LogL: 0.340923, Best Rate: 0.3
Fault: [5,1,2,3,4,5], logL: -7.974571, Exp of LogL: 0.000344, Normalized LogL: -1.139224, Exp of Normalized LogL: 0.320067, Best Rate: 0.3
Fault: [3,1,2,3,4,5], logL: -7.974571, Exp of LogL: 0.000344, Normalized LogL: -1.139224, Exp of Normalized LogL: 0.320067, Best Rate: 0.3
Fault: [4,1,2,3,4,5], logL: -7.974571, Exp of LogL: 0.000344, Normalized LogL: -1.139224, Exp of Normalized LogL: 0.320067, Best Rate: 0.3
Fault: [2,1,2,3,4,5], logL: -8.266092, Exp of LogL: 0.000257, Normalized LogL: -1.180870, Exp of Normalized LogL: 0.307011, Best Rate: 0.3
Fault: [1,1,2,3,4,5], logL: -9.691607, Exp of LogL: 0.000062, Normalized LogL: -1.384515, Exp of Normalized LogL: 0.250445, Best Rate: 0.3
Fault: [0,1,2,3,4,5], logL: -11.270408, Exp of LogL: 0.000013, Normalized LogL: -1.610058, Exp of Normalized LogL: 0.199876, Best Rate: 0.3

========= ADAPTIVE MC DEBUG =========
Total calls: 70
Avg tries: 180.00
Confidence stops: 70
Max stops: 0
Max stop rate: 0.000
Real Fault Rank 5
===== SEED 47 | FR=0.3 | VR=60 =====
executing with fault mode: [5,1,2,3,4,5]

Fault scores (higher is better):
Fault: [5,1,2,3,3,5], logL: -8.338434, Exp of LogL: 0.000239, Normalized LogL: -0.758039, Exp of Normalized LogL: 0.468584, Best Rate: 0.3
Fault: [5,1,2,3,0,5], logL: -8.338434, Exp of LogL: 0.000239, Normalized LogL: -0.758039, Exp of Normalized LogL: 0.468584, Best Rate: 0.3
Fault: [5,1,2,3,2,5], logL: -8.338434, Exp of LogL: 0.000239, Normalized LogL: -0.758039, Exp of Normalized LogL: 0.468584, Best Rate: 0.3
Fault: [5,1,2,3,5,5], logL: -8.338434, Exp of LogL: 0.000239, Normalized LogL: -0.758039, Exp of Normalized LogL: 0.468584, Best Rate: 0.3
Fault: [2,1,2,3,4,5], logL: -8.479290, Exp of LogL: 0.000208, Normalized LogL: -0.770845, Exp of Normalized LogL: 0.462622, Best Rate: 0.3
Fault: [5,1,2,3,4,5], logL: -8.520112, Exp of LogL: 0.000199, Normalized LogL: -0.774556, Exp of Normalized LogL: 0.460909, Best Rate: 0.3
Fault: [3,1,2,3,4,5], logL: -8.520112, Exp of LogL: 0.000199, Normalized LogL: -0.774556, Exp of Normalized LogL: 0.460909, Best Rate: 0.3
Fault: [4,1,2,3,4,5], logL: -8.520112, Exp of LogL: 0.000199, Normalized LogL: -0.774556, Exp of Normalized LogL: 0.460909, Best Rate: 0.3
Fault: [1,1,2,3,4,5], logL: -11.622974, Exp of LogL: 0.000009, Normalized LogL: -1.056634, Exp of Normalized LogL: 0.347624, Best Rate: 0.3
Fault: [0,1,2,3,4,5], logL: -11.890490, Exp of LogL: 0.000007, Normalized LogL: -1.080954, Exp of Normalized LogL: 0.339272, Best Rate: 0.3

========= ADAPTIVE MC DEBUG =========
Total calls: 110
Avg tries: 191.82
Confidence stops: 110
Max stops: 0
Max stop rate: 0.000
Real Fault Rank 6
===== SEED 47 | FR=0.3 | VR=80 =====
executing with fault mode: [5,1,2,3,4,5]

Fault scores (higher is better):
Fault: [2,1,2,3,4,5], logL: -9.086161, Exp of LogL: 0.000113, Normalized LogL: -0.649012, Exp of Normalized LogL: 0.522562, Best Rate: 0.3
Fault: [5,1,2,3,4,5], logL: -9.126983, Exp of LogL: 0.000109, Normalized LogL: -0.651927, Exp of Normalized LogL: 0.521041, Best Rate: 0.3
Fault: [3,1,2,3,4,5], logL: -9.126983, Exp of LogL: 0.000109, Normalized LogL: -0.651927, Exp of Normalized LogL: 0.521041, Best Rate: 0.3
Fault: [4,1,2,3,4,5], logL: -9.126983, Exp of LogL: 0.000109, Normalized LogL: -0.651927, Exp of Normalized LogL: 0.521041, Best Rate: 0.3
Fault: [5,1,2,3,3,5], logL: -9.550103, Exp of LogL: 0.000071, Normalized LogL: -0.682150, Exp of Normalized LogL: 0.505529, Best Rate: 0.3
Fault: [5,1,2,3,0,5], logL: -9.550103, Exp of LogL: 0.000071, Normalized LogL: -0.682150, Exp of Normalized LogL: 0.505529, Best Rate: 0.3
Fault: [5,1,2,3,2,5], logL: -9.550103, Exp of LogL: 0.000071, Normalized LogL: -0.682150, Exp of Normalized LogL: 0.505529, Best Rate: 0.3
Fault: [5,1,2,3,5,5], logL: -9.550103, Exp of LogL: 0.000071, Normalized LogL: -0.682150, Exp of Normalized LogL: 0.505529, Best Rate: 0.3
Fault: [0,1,2,3,4,5], logL: -12.330672, Exp of LogL: 0.000004, Normalized LogL: -0.880762, Exp of Normalized LogL: 0.414467, Best Rate: 0.3
Fault: [1,1,2,3,4,5], logL: -13.027532, Exp of LogL: 0.000002, Normalized LogL: -0.930538, Exp of Normalized LogL: 0.394341, Best Rate: 0.3

========= ADAPTIVE MC DEBUG =========
Total calls: 140
Avg tries: 195.71
Confidence stops: 140
Max stops: 0
Max stop rate: 0.000
Real Fault Rank 2
===== SEED 47 | FR=0.3 | VR=100 =====
executing with fault mode: [5,1,2,3,4,5]

Fault scores (higher is better):
Fault: [2,1,2,3,4,5], logL: -9.859933, Exp of LogL: 0.000052, Normalized LogL: -0.547774, Exp of Normalized LogL: 0.578235, Best Rate: 0.3
Fault: [5,1,2,3,4,5], logL: -9.900755, Exp of LogL: 0.000050, Normalized LogL: -0.550042, Exp of Normalized LogL: 0.576926, Best Rate: 0.3
Fault: [3,1,2,3,4,5], logL: -9.900755, Exp of LogL: 0.000050, Normalized LogL: -0.550042, Exp of Normalized LogL: 0.576926, Best Rate: 0.3
Fault: [4,1,2,3,4,5], logL: -9.900755, Exp of LogL: 0.000050, Normalized LogL: -0.550042, Exp of Normalized LogL: 0.576926, Best Rate: 0.3
Fault: [5,1,2,3,3,5], logL: -10.323875, Exp of LogL: 0.000033, Normalized LogL: -0.573549, Exp of Normalized LogL: 0.563522, Best Rate: 0.3
Fault: [5,1,2,3,0,5], logL: -10.323875, Exp of LogL: 0.000033, Normalized LogL: -0.573549, Exp of Normalized LogL: 0.563522, Best Rate: 0.3
Fault: [5,1,2,3,2,5], logL: -10.323875, Exp of LogL: 0.000033, Normalized LogL: -0.573549, Exp of Normalized LogL: 0.563522, Best Rate: 0.3
Fault: [5,1,2,3,5,5], logL: -10.323875, Exp of LogL: 0.000033, Normalized LogL: -0.573549, Exp of Normalized LogL: 0.563522, Best Rate: 0.3
Fault: [0,1,2,3,4,5], logL: -13.104444, Exp of LogL: 0.000002, Normalized LogL: -0.728025, Exp of Normalized LogL: 0.482862, Best Rate: 0.3
Fault: [1,1,2,3,4,5], logL: -13.801304, Exp of LogL: 0.000001, Normalized LogL: -0.766739, Exp of Normalized LogL: 0.464525, Best Rate: 0.3

========= ADAPTIVE MC DEBUG =========
Total calls: 180
Avg tries: 196.67
Confidence stops: 180
Max stops: 0
Max stop rate: 0.000
Real Fault Rank 2
================= 22/08/2026 04:47:14: SEED 47 END =================
================= 22/08/2026 04:47:14: SEED 48 (46/100), a*=1 fault=[0,2,2,3,4,5] START =================
===== SEED 48 | FR=0.3 | VR=20 =====
executing with fault mode: [0,2,2,3,4,5]

Fault scores (higher is better):
Fault: [0,4,2,3,4,5], logL: -9.327773, Exp of LogL: 0.000089, Normalized LogL: -1.865555, Exp of Normalized LogL: 0.154810, Best Rate: 0.3
Fault: [0,5,2,3,4,5], logL: -9.327773, Exp of LogL: 0.000089, Normalized LogL: -1.865555, Exp of Normalized LogL: 0.154810, Best Rate: 0.3
Fault: [0,2,2,3,4,5], logL: -9.404314, Exp of LogL: 0.000082, Normalized LogL: -1.880863, Exp of Normalized LogL: 0.152459, Best Rate: 0.3
Fault: [0,2,2,3,1,5], logL: -9.586635, Exp of LogL: 0.000069, Normalized LogL: -1.917327, Exp of Normalized LogL: 0.146999, Best Rate: 0.3
Fault: [0,2,2,3,2,5], logL: -9.586635, Exp of LogL: 0.000069, Normalized LogL: -1.917327, Exp of Normalized LogL: 0.146999, Best Rate: 0.3
Fault: [0,2,2,3,5,5], logL: -9.586635, Exp of LogL: 0.000069, Normalized LogL: -1.917327, Exp of Normalized LogL: 0.146999, Best Rate: 0.3
Fault: [0,2,2,3,0,5], logL: -9.714468, Exp of LogL: 0.000060, Normalized LogL: -1.942894, Exp of Normalized LogL: 0.143289, Best Rate: 0.3
Fault: [0,3,2,3,4,5], logL: -9.907592, Exp of LogL: 0.000050, Normalized LogL: -1.981518, Exp of Normalized LogL: 0.137860, Best Rate: 0.3
Fault: [0,0,2,3,4,5], logL: -10.118901, Exp of LogL: 0.000040, Normalized LogL: -2.023780, Exp of Normalized LogL: 0.132155, Best Rate: 0.3
Fault: [0,1,2,3,4,5], logL: -10.269382, Exp of LogL: 0.000035, Normalized LogL: -2.053876, Exp of Normalized LogL: 0.128237, Best Rate: 0.3

========= ADAPTIVE MC DEBUG =========
Total calls: 50
Avg tries: 190.00
Confidence stops: 50
Max stops: 0
Max stop rate: 0.000
Real Fault Rank 3
===== SEED 48 | FR=0.3 | VR=40 =====
executing with fault mode: [0,2,2,3,4,5]

Fault scores (higher is better):
Fault: [0,4,2,3,4,5], logL: -13.067580, Exp of LogL: 0.000002, Normalized LogL: -1.451953, Exp of Normalized LogL: 0.234113, Best Rate: 0.3
Fault: [0,5,2,3,4,5], logL: -13.067580, Exp of LogL: 0.000002, Normalized LogL: -1.451953, Exp of Normalized LogL: 0.234113, Best Rate: 0.3
Fault: [0,2,2,3,1,5], logL: -13.161962, Exp of LogL: 0.000002, Normalized LogL: -1.462440, Exp of Normalized LogL: 0.231670, Best Rate: 0.3
Fault: [0,2,2,3,2,5], logL: -13.161962, Exp of LogL: 0.000002, Normalized LogL: -1.462440, Exp of Normalized LogL: 0.231670, Best Rate: 0.3
Fault: [0,2,2,3,5,5], logL: -13.161962, Exp of LogL: 0.000002, Normalized LogL: -1.462440, Exp of Normalized LogL: 0.231670, Best Rate: 0.3
Fault: [0,2,2,3,4,5], logL: -13.239430, Exp of LogL: 0.000002, Normalized LogL: -1.471048, Exp of Normalized LogL: 0.229685, Best Rate: 0.3
Fault: [0,2,2,3,0,5], logL: -13.488646, Exp of LogL: 0.000001, Normalized LogL: -1.498738, Exp of Normalized LogL: 0.223412, Best Rate: 0.3
Fault: [0,1,2,3,4,5], logL: -14.571658, Exp of LogL: 0.000000, Normalized LogL: -1.619073, Exp of Normalized LogL: 0.198082, Best Rate: 0.3
Fault: [0,0,2,3,4,5], logL: -15.512163, Exp of LogL: 0.000000, Normalized LogL: -1.723574, Exp of Normalized LogL: 0.178427, Best Rate: 0.3
Fault: [0,3,2,3,4,5], logL: -15.621480, Exp of LogL: 0.000000, Normalized LogL: -1.735720, Exp of Normalized LogL: 0.176273, Best Rate: 0.3

========= ADAPTIVE MC DEBUG =========
Total calls: 90
Avg tries: 173.89
Confidence stops: 90
Max stops: 0
Max stop rate: 0.000
Real Fault Rank 6
===== SEED 48 | FR=0.3 | VR=60 =====
executing with fault mode: [0,2,2,3,4,5]

Fault scores (higher is better):
Fault: [0,2,2,3,1,5], logL: -15.618020, Exp of LogL: 0.000000, Normalized LogL: -1.201386, Exp of Normalized LogL: 0.300777, Best Rate: 0.3
Fault: [0,2,2,3,2,5], logL: -15.618020, Exp of LogL: 0.000000, Normalized LogL: -1.201386, Exp of Normalized LogL: 0.300777, Best Rate: 0.3
Fault: [0,2,2,3,5,5], logL: -15.618020, Exp of LogL: 0.000000, Normalized LogL: -1.201386, Exp of Normalized LogL: 0.300777, Best Rate: 0.3
Fault: [0,4,2,3,4,5], logL: -15.661457, Exp of LogL: 0.000000, Normalized LogL: -1.204727, Exp of Normalized LogL: 0.299774, Best Rate: 0.3
Fault: [0,5,2,3,4,5], logL: -15.661457, Exp of LogL: 0.000000, Normalized LogL: -1.204727, Exp of Normalized LogL: 0.299774, Best Rate: 0.3
Fault: [0,2,2,3,4,5], logL: -15.661457, Exp of LogL: 0.000000, Normalized LogL: -1.204727, Exp of Normalized LogL: 0.299774, Best Rate: 0.3
Fault: [0,2,2,3,0,5], logL: -15.944705, Exp of LogL: 0.000000, Normalized LogL: -1.226516, Exp of Normalized LogL: 0.293313, Best Rate: 0.3
Fault: [0,1,2,3,4,5], logL: -17.165534, Exp of LogL: 0.000000, Normalized LogL: -1.320426, Exp of Normalized LogL: 0.267022, Best Rate: 0.3
Fault: [0,0,2,3,4,5], logL: -17.994814, Exp of LogL: 0.000000, Normalized LogL: -1.384216, Exp of Normalized LogL: 0.250520, Best Rate: 0.3
Fault: [0,3,2,3,4,5], logL: -18.215357, Exp of LogL: 0.000000, Normalized LogL: -1.401181, Exp of Normalized LogL: 0.246306, Best Rate: 0.3

========= ADAPTIVE MC DEBUG =========
Total calls: 130
Avg tries: 166.54
Confidence stops: 130
Max stops: 0
Max stop rate: 0.000
Real Fault Rank 6
===== SEED 48 | FR=0.3 | VR=80 =====
executing with fault mode: [0,2,2,3,4,5]

Fault scores (higher is better):
Fault: [0,4,2,3,4,5], logL: -16.277765, Exp of LogL: 0.000000, Normalized LogL: -0.957516, Exp of Normalized LogL: 0.383845, Best Rate: 0.3
Fault: [0,5,2,3,4,5], logL: -16.277765, Exp of LogL: 0.000000, Normalized LogL: -0.957516, Exp of Normalized LogL: 0.383845, Best Rate: 0.3
Fault: [0,2,2,3,4,5], logL: -16.277765, Exp of LogL: 0.000000, Normalized LogL: -0.957516, Exp of Normalized LogL: 0.383845, Best Rate: 0.3
Fault: [0,2,2,3,1,5], logL: -16.561012, Exp of LogL: 0.000000, Normalized LogL: -0.974177, Exp of Normalized LogL: 0.377503, Best Rate: 0.3
Fault: [0,2,2,3,0,5], logL: -16.561012, Exp of LogL: 0.000000, Normalized LogL: -0.974177, Exp of Normalized LogL: 0.377503, Best Rate: 0.3
Fault: [0,2,2,3,2,5], logL: -16.561012, Exp of LogL: 0.000000, Normalized LogL: -0.974177, Exp of Normalized LogL: 0.377503, Best Rate: 0.3
Fault: [0,2,2,3,5,5], logL: -16.561012, Exp of LogL: 0.000000, Normalized LogL: -0.974177, Exp of Normalized LogL: 0.377503, Best Rate: 0.3
Fault: [0,1,2,3,4,5], logL: -17.491557, Exp of LogL: 0.000000, Normalized LogL: -1.028915, Exp of Normalized LogL: 0.357394, Best Rate: 0.3
Fault: [0,0,2,3,4,5], logL: -18.126659, Exp of LogL: 0.000000, Normalized LogL: -1.066274, Exp of Normalized LogL: 0.344289, Best Rate: 0.3
Fault: [0,3,2,3,4,5], logL: -18.403813, Exp of LogL: 0.000000, Normalized LogL: -1.082577, Exp of Normalized LogL: 0.338721, Best Rate: 0.3

========= ADAPTIVE MC DEBUG =========
Total calls: 170
Avg tries: 177.65
Confidence stops: 170
Max stops: 0
Max stop rate: 0.000
Real Fault Rank 3
===== SEED 48 | FR=0.3 | VR=100 =====
executing with fault mode: [0,2,2,3,4,5]

Fault scores (higher is better):
Fault: [0,4,2,3,4,5], logL: -18.610391, Exp of LogL: 0.000000, Normalized LogL: -0.845927, Exp of Normalized LogL: 0.429159, Best Rate: 0.3
Fault: [0,5,2,3,4,5], logL: -18.610391, Exp of LogL: 0.000000, Normalized LogL: -0.845927, Exp of Normalized LogL: 0.429159, Best Rate: 0.3
Fault: [0,2,2,3,4,5], logL: -18.610391, Exp of LogL: 0.000000, Normalized LogL: -0.845927, Exp of Normalized LogL: 0.429159, Best Rate: 0.3
Fault: [0,2,2,3,1,5], logL: -18.893639, Exp of LogL: 0.000000, Normalized LogL: -0.858802, Exp of Normalized LogL: 0.423669, Best Rate: 0.3
Fault: [0,2,2,3,0,5], logL: -18.893639, Exp of LogL: 0.000000, Normalized LogL: -0.858802, Exp of Normalized LogL: 0.423669, Best Rate: 0.3
Fault: [0,2,2,3,2,5], logL: -18.893639, Exp of LogL: 0.000000, Normalized LogL: -0.858802, Exp of Normalized LogL: 0.423669, Best Rate: 0.3
Fault: [0,2,2,3,5,5], logL: -18.893639, Exp of LogL: 0.000000, Normalized LogL: -0.858802, Exp of Normalized LogL: 0.423669, Best Rate: 0.3
Fault: [0,1,2,3,4,5], logL: -19.781414, Exp of LogL: 0.000000, Normalized LogL: -0.899155, Exp of Normalized LogL: 0.406913, Best Rate: 0.3
Fault: [0,0,2,3,4,5], logL: -20.347145, Exp of LogL: 0.000000, Normalized LogL: -0.924870, Exp of Normalized LogL: 0.396583, Best Rate: 0.3
Fault: [0,3,2,3,4,5], logL: -20.693670, Exp of LogL: 0.000000, Normalized LogL: -0.940621, Exp of Normalized LogL: 0.390385, Best Rate: 0.3

========= ADAPTIVE MC DEBUG =========
Total calls: 220
Avg tries: 180.23
Confidence stops: 220
Max stops: 0
Max stop rate: 0.000
Real Fault Rank 3
================= 22/08/2026 04:47:35: SEED 48 END =================
================= 22/08/2026 04:47:35: SEED 49 (47/100), a*=3 fault=[0,1,2,0,4,5] START =================
===== SEED 49 | FR=0.3 | VR=20 =====
executing with fault mode: [0,1,2,0,4,5]

Fault scores (higher is better):
Fault: [0,1,2,0,5,5], logL: -12.400262, Exp of LogL: 0.000004, Normalized LogL: -2.066710, Exp of Normalized LogL: 0.126602, Best Rate: 0.3
Fault: [0,1,2,0,3,5], logL: -12.400262, Exp of LogL: 0.000004, Normalized LogL: -2.066710, Exp of Normalized LogL: 0.126602, Best Rate: 0.3
Fault: [0,1,2,0,0,5], logL: -12.474446, Exp of LogL: 0.000004, Normalized LogL: -2.079074, Exp of Normalized LogL: 0.125046, Best Rate: 0.3
Fault: [0,1,2,0,2,5], logL: -12.532801, Exp of LogL: 0.000004, Normalized LogL: -2.088800, Exp of Normalized LogL: 0.123836, Best Rate: 0.3
Fault: [0,1,2,3,4,5], logL: -12.704970, Exp of LogL: 0.000003, Normalized LogL: -2.117495, Exp of Normalized LogL: 0.120333, Best Rate: 0.3
Fault: [0,1,2,0,4,5], logL: -12.822753, Exp of LogL: 0.000003, Normalized LogL: -2.137125, Exp of Normalized LogL: 0.117994, Best Rate: 0.3
Fault: [0,1,2,5,4,5], logL: -12.909764, Exp of LogL: 0.000002, Normalized LogL: -2.151627, Exp of Normalized LogL: 0.116295, Best Rate: 0.3
Fault: [0,1,2,4,4,5], logL: -12.909764, Exp of LogL: 0.000002, Normalized LogL: -2.151627, Exp of Normalized LogL: 0.116295, Best Rate: 0.3
Fault: [0,1,2,1,4,5], logL: -12.928113, Exp of LogL: 0.000002, Normalized LogL: -2.154686, Exp of Normalized LogL: 0.115940, Best Rate: 0.3
Fault: [0,1,2,2,4,5], logL: -12.940536, Exp of LogL: 0.000002, Normalized LogL: -2.156756, Exp of Normalized LogL: 0.115700, Best Rate: 0.3

========= ADAPTIVE MC DEBUG =========
Total calls: 60
Avg tries: 176.67
Confidence stops: 60
Max stops: 0
Max stop rate: 0.000
Real Fault Rank 6
===== SEED 49 | FR=0.3 | VR=40 =====
executing with fault mode: [0,1,2,0,4,5]

Fault scores (higher is better):
Fault: [0,1,2,0,5,5], logL: -13.772130, Exp of LogL: 0.000001, Normalized LogL: -1.252012, Exp of Normalized LogL: 0.285929, Best Rate: 0.3
Fault: [0,1,2,0,3,5], logL: -13.772130, Exp of LogL: 0.000001, Normalized LogL: -1.252012, Exp of Normalized LogL: 0.285929, Best Rate: 0.3
Fault: [0,1,2,0,4,5], logL: -14.076957, Exp of LogL: 0.000001, Normalized LogL: -1.279723, Exp of Normalized LogL: 0.278114, Best Rate: 0.3
Fault: [0,1,2,0,0,5], logL: -14.249054, Exp of LogL: 0.000001, Normalized LogL: -1.295369, Exp of Normalized LogL: 0.273797, Best Rate: 0.3
Fault: [0,1,2,0,2,5], logL: -14.286794, Exp of LogL: 0.000001, Normalized LogL: -1.298799, Exp of Normalized LogL: 0.272859, Best Rate: 0.3
Fault: [0,1,2,3,4,5], logL: -15.137190, Exp of LogL: 0.000000, Normalized LogL: -1.376108, Exp of Normalized LogL: 0.252560, Best Rate: 0.3
Fault: [0,1,2,1,4,5], logL: -15.259325, Exp of LogL: 0.000000, Normalized LogL: -1.387211, Exp of Normalized LogL: 0.249771, Best Rate: 0.3
Fault: [0,1,2,2,4,5], logL: -15.388472, Exp of LogL: 0.000000, Normalized LogL: -1.398952, Exp of Normalized LogL: 0.246856, Best Rate: 0.3
Fault: [0,1,2,5,4,5], logL: -15.790135, Exp of LogL: 0.000000, Normalized LogL: -1.435467, Exp of Normalized LogL: 0.238004, Best Rate: 0.3
Fault: [0,1,2,4,4,5], logL: -15.790135, Exp of LogL: 0.000000, Normalized LogL: -1.435467, Exp of Normalized LogL: 0.238004, Best Rate: 0.3

========= ADAPTIVE MC DEBUG =========
Total calls: 110
Avg tries: 183.64
Confidence stops: 110
Max stops: 0
Max stop rate: 0.000
Real Fault Rank 3
===== SEED 49 | FR=0.3 | VR=60 =====
executing with fault mode: [0,1,2,0,4,5]

Fault scores (higher is better):
Fault: [0,1,2,0,5,5], logL: -42.480456, Exp of LogL: 0.000000, Normalized LogL: -2.655029, Exp of Normalized LogL: 0.070297, Best Rate: 0.3
Fault: [0,1,2,0,3,5], logL: -42.480456, Exp of LogL: 0.000000, Normalized LogL: -2.655029, Exp of Normalized LogL: 0.070297, Best Rate: 0.3
Fault: [0,1,2,0,4,5], logL: -42.825586, Exp of LogL: 0.000000, Normalized LogL: -2.676599, Exp of Normalized LogL: 0.068797, Best Rate: 0.3
Fault: [0,1,2,0,0,5], logL: -42.957380, Exp of LogL: 0.000000, Normalized LogL: -2.684836, Exp of Normalized LogL: 0.068232, Best Rate: 0.3
Fault: [0,1,2,0,2,5], logL: -42.995121, Exp of LogL: 0.000000, Normalized LogL: -2.687195, Exp of Normalized LogL: 0.068072, Best Rate: 0.3
Fault: [0,1,2,3,4,5], logL: -44.556806, Exp of LogL: 0.000000, Normalized LogL: -2.784800, Exp of Normalized LogL: 0.061741, Best Rate: 0.3
Fault: [0,1,2,2,4,5], logL: -45.504305, Exp of LogL: 0.000000, Normalized LogL: -2.844019, Exp of Normalized LogL: 0.058191, Best Rate: 0.3
Fault: [0,1,2,1,4,5], logL: -45.799207, Exp of LogL: 0.000000, Normalized LogL: -2.862450, Exp of Normalized LogL: 0.057129, Best Rate: 0.3
Fault: [0,1,2,5,4,5], logL: -46.226440, Exp of LogL: 0.000000, Normalized LogL: -2.889152, Exp of Normalized LogL: 0.055623, Best Rate: 0.3
Fault: [0,1,2,4,4,5], logL: -46.226440, Exp of LogL: 0.000000, Normalized LogL: -2.889152, Exp of Normalized LogL: 0.055623, Best Rate: 0.3

========= ADAPTIVE MC DEBUG =========
Total calls: 160
Avg tries: 183.44
Confidence stops: 160
Max stops: 0
Max stop rate: 0.000
Real Fault Rank 3
===== SEED 49 | FR=0.3 | VR=80 =====
executing with fault mode: [0,1,2,0,4,5]

Fault scores (higher is better):
Fault: [0,1,2,0,5,5], logL: -46.793045, Exp of LogL: 0.000000, Normalized LogL: -2.228240, Exp of Normalized LogL: 0.107718, Best Rate: 0.3
Fault: [0,1,2,0,3,5], logL: -46.793045, Exp of LogL: 0.000000, Normalized LogL: -2.228240, Exp of Normalized LogL: 0.107718, Best Rate: 0.3
Fault: [0,1,2,0,0,5], logL: -47.429033, Exp of LogL: 0.000000, Normalized LogL: -2.258525, Exp of Normalized LogL: 0.104504, Best Rate: 0.3
Fault: [0,1,2,0,4,5], logL: -47.542362, Exp of LogL: 0.000000, Normalized LogL: -2.263922, Exp of Normalized LogL: 0.103942, Best Rate: 0.3
Fault: [0,1,2,0,2,5], logL: -47.754456, Exp of LogL: 0.000000, Normalized LogL: -2.274022, Exp of Normalized LogL: 0.102898, Best Rate: 0.3
Fault: [0,1,2,3,4,5], logL: -48.457196, Exp of LogL: 0.000000, Normalized LogL: -2.307486, Exp of Normalized LogL: 0.099511, Best Rate: 0.3
Fault: [0,1,2,1,4,5], logL: -48.927726, Exp of LogL: 0.000000, Normalized LogL: -2.329892, Exp of Normalized LogL: 0.097306, Best Rate: 0.3
Fault: [0,1,2,2,4,5], logL: -49.636868, Exp of LogL: 0.000000, Normalized LogL: -2.363660, Exp of Normalized LogL: 0.094075, Best Rate: 0.3
Fault: [0,1,2,5,4,5], logL: -50.359003, Exp of LogL: 0.000000, Normalized LogL: -2.398048, Exp of Normalized LogL: 0.090895, Best Rate: 0.3
Fault: [0,1,2,4,4,5], logL: -50.359003, Exp of LogL: 0.000000, Normalized LogL: -2.398048, Exp of Normalized LogL: 0.090895, Best Rate: 0.3

========= ADAPTIVE MC DEBUG =========
Total calls: 210
Avg tries: 179.76
Confidence stops: 210
Max stops: 0
Max stop rate: 0.000
Real Fault Rank 4
===== SEED 49 | FR=0.3 | VR=100 =====
executing with fault mode: [0,1,2,0,4,5]

Fault scores (higher is better):
Fault: [0,1,2,0,4,5], logL: -24.780062, Exp of LogL: 0.000000, Normalized LogL: -0.917780, Exp of Normalized LogL: 0.399405, Best Rate: 0.3
Fault: [0,1,2,0,0,5], logL: -25.072199, Exp of LogL: 0.000000, Normalized LogL: -0.928600, Exp of Normalized LogL: 0.395106, Best Rate: 0.3
Fault: [0,1,2,0,5,5], logL: -25.072199, Exp of LogL: 0.000000, Normalized LogL: -0.928600, Exp of Normalized LogL: 0.395106, Best Rate: 0.3
Fault: [0,1,2,0,3,5], logL: -25.072199, Exp of LogL: 0.000000, Normalized LogL: -0.928600, Exp of Normalized LogL: 0.395106, Best Rate: 0.3
Fault: [0,1,2,0,2,5], logL: -25.072199, Exp of LogL: 0.000000, Normalized LogL: -0.928600, Exp of Normalized LogL: 0.395106, Best Rate: 0.3
Fault: [0,1,2,3,4,5], logL: -25.557116, Exp of LogL: 0.000000, Normalized LogL: -0.946560, Exp of Normalized LogL: 0.388074, Best Rate: 0.3
Fault: [0,1,2,1,4,5], logL: -26.224357, Exp of LogL: 0.000000, Normalized LogL: -0.971272, Exp of Normalized LogL: 0.378601, Best Rate: 0.3
Fault: [0,1,2,2,4,5], logL: -26.933499, Exp of LogL: 0.000000, Normalized LogL: -0.997537, Exp of Normalized LogL: 0.368787, Best Rate: 0.3
Fault: [0,1,2,5,4,5], logL: -27.655634, Exp of LogL: 0.000000, Normalized LogL: -1.024283, Exp of Normalized LogL: 0.359054, Best Rate: 0.3
Fault: [0,1,2,4,4,5], logL: -27.655634, Exp of LogL: 0.000000, Normalized LogL: -1.024283, Exp of Normalized LogL: 0.359054, Best Rate: 0.3

========= ADAPTIVE MC DEBUG =========
Total calls: 270
Avg tries: 177.59
Confidence stops: 270
Max stops: 0
Max stop rate: 0.000
Real Fault Rank 1
================= 22/08/2026 04:48:00: SEED 49 END =================
================= 22/08/2026 04:48:00: SEED 50 (48/100), a*=0 fault=[2,1,2,3,4,5] START =================
===== SEED 50 | FR=0.3 | VR=20 =====
executing with fault mode: [2,1,2,3,4,5]

executing with fault mode: [2,1,2,3,4,5]

Fault scores (higher is better):
Fault: [2,1,2,3,4,5], logL: -41.804805, Exp of LogL: 0.000000, Normalized LogL: -4.644978, Exp of Normalized LogL: 0.009610, Best Rate: 0.3
Fault: [2,1,1,3,4,5], logL: -41.833515, Exp of LogL: 0.000000, Normalized LogL: -4.648168, Exp of Normalized LogL: 0.009579, Best Rate: 0.3
Fault: [2,1,0,3,4,5], logL: -42.061525, Exp of LogL: 0.000000, Normalized LogL: -4.673503, Exp of Normalized LogL: 0.009339, Best Rate: 0.3
Fault: [2,1,3,3,4,5], logL: -42.131586, Exp of LogL: 0.000000, Normalized LogL: -4.681287, Exp of Normalized LogL: 0.009267, Best Rate: 0.3
Fault: [2,1,4,3,4,5], logL: -42.196968, Exp of LogL: 0.000000, Normalized LogL: -4.688552, Exp of Normalized LogL: 0.009200, Best Rate: 0.3
Fault: [4,1,2,3,4,5], logL: -42.450251, Exp of LogL: 0.000000, Normalized LogL: -4.716695, Exp of Normalized LogL: 0.008945, Best Rate: 0.3
Fault: [5,1,2,3,4,5], logL: -42.450251, Exp of LogL: 0.000000, Normalized LogL: -4.716695, Exp of Normalized LogL: 0.008945, Best Rate: 0.3
Fault: [3,1,2,3,4,5], logL: -43.199488, Exp of LogL: 0.000000, Normalized LogL: -4.799943, Exp of Normalized LogL: 0.008230, Best Rate: 0.3
Fault: [1,1,2,3,4,5], logL: -43.246110, Exp of LogL: 0.000000, Normalized LogL: -4.805123, Exp of Normalized LogL: 0.008188, Best Rate: 0.3
Fault: [0,1,2,3,4,5], logL: -44.110169, Exp of LogL: 0.000000, Normalized LogL: -4.901130, Exp of Normalized LogL: 0.007438, Best Rate: 0.3

========= ADAPTIVE MC DEBUG =========
Total calls: 90
Avg tries: 183.33
Confidence stops: 90
Max stops: 0
Max stop rate: 0.000
Real Fault Rank 1
===== SEED 50 | FR=0.3 | VR=40 =====
executing with fault mode: [2,1,2,3,4,5]

executing with fault mode: [2,1,2,3,4,5]

Fault scores (higher is better):
Fault: [2,1,2,3,4,5], logL: -26.680893, Exp of LogL: 0.000000, Normalized LogL: -1.569464, Exp of Normalized LogL: 0.208157, Best Rate: 0.3
Fault: [2,1,1,3,4,5], logL: -26.709603, Exp of LogL: 0.000000, Normalized LogL: -1.571153, Exp of Normalized LogL: 0.207805, Best Rate: 0.3
Fault: [2,1,0,3,4,5], logL: -26.937613, Exp of LogL: 0.000000, Normalized LogL: -1.584565, Exp of Normalized LogL: 0.205037, Best Rate: 0.3
Fault: [2,1,3,3,4,5], logL: -26.974885, Exp of LogL: 0.000000, Normalized LogL: -1.586758, Exp of Normalized LogL: 0.204588, Best Rate: 0.3
Fault: [2,1,4,3,4,5], logL: -27.040267, Exp of LogL: 0.000000, Normalized LogL: -1.590604, Exp of Normalized LogL: 0.203802, Best Rate: 0.3
Fault: [4,1,2,3,4,5], logL: -27.907060, Exp of LogL: 0.000000, Normalized LogL: -1.641592, Exp of Normalized LogL: 0.193672, Best Rate: 0.3
Fault: [5,1,2,3,4,5], logL: -27.907060, Exp of LogL: 0.000000, Normalized LogL: -1.641592, Exp of Normalized LogL: 0.193672, Best Rate: 0.3
Fault: [3,1,2,3,4,5], logL: -29.745339, Exp of LogL: 0.000000, Normalized LogL: -1.749726, Exp of Normalized LogL: 0.173822, Best Rate: 0.3
Fault: [0,1,2,3,4,5], logL: -30.388324, Exp of LogL: 0.000000, Normalized LogL: -1.787548, Exp of Normalized LogL: 0.167370, Best Rate: 0.3
Fault: [1,1,2,3,4,5], logL: -30.405870, Exp of LogL: 0.000000, Normalized LogL: -1.788581, Exp of Normalized LogL: 0.167197, Best Rate: 0.3

========= ADAPTIVE MC DEBUG =========
Total calls: 170
Avg tries: 172.65
Confidence stops: 170
Max stops: 0
Max stop rate: 0.000
Real Fault Rank 1
===== SEED 50 | FR=0.3 | VR=60 =====
executing with fault mode: [2,1,2,3,4,5]

executing with fault mode: [2,1,2,3,4,5]

Fault scores (higher is better):
Fault: [2,1,2,3,4,5], logL: -30.859120, Exp of LogL: 0.000000, Normalized LogL: -1.234365, Exp of Normalized LogL: 0.291020, Best Rate: 0.3
Fault: [2,1,0,3,4,5], logL: -31.031963, Exp of LogL: 0.000000, Normalized LogL: -1.241279, Exp of Normalized LogL: 0.289014, Best Rate: 0.3
Fault: [2,1,1,3,4,5], logL: -31.051011, Exp of LogL: 0.000000, Normalized LogL: -1.242040, Exp of Normalized LogL: 0.288794, Best Rate: 0.3
Fault: [2,1,4,3,4,5], logL: -31.141525, Exp of LogL: 0.000000, Normalized LogL: -1.245661, Exp of Normalized LogL: 0.287751, Best Rate: 0.3
Fault: [2,1,3,3,4,5], logL: -31.141525, Exp of LogL: 0.000000, Normalized LogL: -1.245661, Exp of Normalized LogL: 0.287751, Best Rate: 0.3
Fault: [4,1,2,3,4,5], logL: -32.542746, Exp of LogL: 0.000000, Normalized LogL: -1.301710, Exp of Normalized LogL: 0.272066, Best Rate: 0.3
Fault: [5,1,2,3,4,5], logL: -32.542746, Exp of LogL: 0.000000, Normalized LogL: -1.301710, Exp of Normalized LogL: 0.272066, Best Rate: 0.3
Fault: [0,1,2,3,4,5], logL: -34.301822, Exp of LogL: 0.000000, Normalized LogL: -1.372073, Exp of Normalized LogL: 0.253581, Best Rate: 0.3
Fault: [3,1,2,3,4,5], logL: -35.451338, Exp of LogL: 0.000000, Normalized LogL: -1.418054, Exp of Normalized LogL: 0.242185, Best Rate: 0.3
Fault: [1,1,2,3,4,5], logL: -35.876236, Exp of LogL: 0.000000, Normalized LogL: -1.435049, Exp of Normalized LogL: 0.238104, Best Rate: 0.3

========= ADAPTIVE MC DEBUG =========
Total calls: 250
Avg tries: 180.60
Confidence stops: 250
Max stops: 0
Max stop rate: 0.000
Real Fault Rank 1
===== SEED 50 | FR=0.3 | VR=80 =====
executing with fault mode: [2,1,2,3,4,5]

executing with fault mode: [2,1,2,3,4,5]

Fault scores (higher is better):
Fault: [2,1,2,3,4,5], logL: -35.326494, Exp of LogL: 0.000000, Normalized LogL: -1.070500, Exp of Normalized LogL: 0.342837, Best Rate: 0.3
Fault: [2,1,0,3,4,5], logL: -35.499337, Exp of LogL: 0.000000, Normalized LogL: -1.075737, Exp of Normalized LogL: 0.341046, Best Rate: 0.3
Fault: [2,1,1,3,4,5], logL: -35.518385, Exp of LogL: 0.000000, Normalized LogL: -1.076315, Exp of Normalized LogL: 0.340849, Best Rate: 0.3
Fault: [2,1,4,3,4,5], logL: -35.608899, Exp of LogL: 0.000000, Normalized LogL: -1.079058, Exp of Normalized LogL: 0.339916, Best Rate: 0.3
Fault: [2,1,3,3,4,5], logL: -35.608899, Exp of LogL: 0.000000, Normalized LogL: -1.079058, Exp of Normalized LogL: 0.339916, Best Rate: 0.3
Fault: [4,1,2,3,4,5], logL: -39.169986, Exp of LogL: 0.000000, Normalized LogL: -1.186969, Exp of Normalized LogL: 0.305145, Best Rate: 0.3
Fault: [5,1,2,3,4,5], logL: -39.169986, Exp of LogL: 0.000000, Normalized LogL: -1.186969, Exp of Normalized LogL: 0.305145, Best Rate: 0.3
Fault: [0,1,2,3,4,5], logL: -39.195795, Exp of LogL: 0.000000, Normalized LogL: -1.187751, Exp of Normalized LogL: 0.304906, Best Rate: 0.3
Fault: [1,1,2,3,4,5], logL: -40.889884, Exp of LogL: 0.000000, Normalized LogL: -1.239087, Exp of Normalized LogL: 0.289648, Best Rate: 0.3
Fault: [3,1,2,3,4,5], logL: -42.622636, Exp of LogL: 0.000000, Normalized LogL: -1.291595, Exp of Normalized LogL: 0.274832, Best Rate: 0.3

========= ADAPTIVE MC DEBUG =========
Total calls: 330
Avg tries: 182.12
Confidence stops: 330
Max stops: 0
Max stop rate: 0.000
Real Fault Rank 1
===== SEED 50 | FR=0.3 | VR=100 =====
executing with fault mode: [2,1,2,3,4,5]

executing with fault mode: [2,1,2,3,4,5]

Fault scores (higher is better):
Fault: [2,1,2,3,4,5], logL: -40.742575, Exp of LogL: 0.000000, Normalized LogL: -0.970061, Exp of Normalized LogL: 0.379060, Best Rate: 0.3
Fault: [2,1,0,3,4,5], logL: -40.915418, Exp of LogL: 0.000000, Normalized LogL: -0.974177, Exp of Normalized LogL: 0.377503, Best Rate: 0.3
Fault: [2,1,1,3,4,5], logL: -40.934466, Exp of LogL: 0.000000, Normalized LogL: -0.974630, Exp of Normalized LogL: 0.377332, Best Rate: 0.3
Fault: [2,1,4,3,4,5], logL: -41.024980, Exp of LogL: 0.000000, Normalized LogL: -0.976785, Exp of Normalized LogL: 0.376520, Best Rate: 0.3
Fault: [2,1,3,3,4,5], logL: -41.024980, Exp of LogL: 0.000000, Normalized LogL: -0.976785, Exp of Normalized LogL: 0.376520, Best Rate: 0.3
Fault: [4,1,2,3,4,5], logL: -44.188005, Exp of LogL: 0.000000, Normalized LogL: -1.052095, Exp of Normalized LogL: 0.349205, Best Rate: 0.3
Fault: [5,1,2,3,4,5], logL: -44.188005, Exp of LogL: 0.000000, Normalized LogL: -1.052095, Exp of Normalized LogL: 0.349205, Best Rate: 0.3
Fault: [0,1,2,3,4,5], logL: -45.302261, Exp of LogL: 0.000000, Normalized LogL: -1.078625, Exp of Normalized LogL: 0.340063, Best Rate: 0.3
Fault: [1,1,2,3,4,5], logL: -48.022689, Exp of LogL: 0.000000, Normalized LogL: -1.143397, Exp of Normalized LogL: 0.318734, Best Rate: 0.3
Fault: [3,1,2,3,4,5], logL: -49.929669, Exp of LogL: 0.000000, Normalized LogL: -1.188802, Exp of Normalized LogL: 0.304586, Best Rate: 0.3

========= ADAPTIVE MC DEBUG =========
Total calls: 420
Avg tries: 182.74
Confidence stops: 420
Max stops: 0
Max stop rate: 0.000
Real Fault Rank 1
================= 22/08/2026 04:48:39: SEED 50 END =================
================= 22/08/2026 04:48:39: SEED 51 (49/100), a*=2 fault=[0,1,5,3,4,5] START =================
===== SEED 51 | FR=0.3 | VR=20 =====
executing with fault mode: [0,1,5,3,4,5]

executing with fault mode: [0,1,5,3,4,5]

executing with fault mode: [0,1,5,3,4,5]

Fault scores (higher is better):
Fault: [0,1,5,3,5,5], logL: -5.593032, Exp of LogL: 0.003724, Normalized LogL: -1.398258, Exp of Normalized LogL: 0.247027, Best Rate: 0.3
Fault: [0,1,5,3,1,5], logL: -5.593032, Exp of LogL: 0.003724, Normalized LogL: -1.398258, Exp of Normalized LogL: 0.247027, Best Rate: 0.3
Fault: [0,1,5,3,2,5], logL: -5.593032, Exp of LogL: 0.003724, Normalized LogL: -1.398258, Exp of Normalized LogL: 0.247027, Best Rate: 0.3
Fault: [0,1,5,3,0,5], logL: -5.730233, Exp of LogL: 0.003246, Normalized LogL: -1.432558, Exp of Normalized LogL: 0.238697, Best Rate: 0.3
Fault: [0,1,2,3,4,5], logL: -5.790858, Exp of LogL: 0.003055, Normalized LogL: -1.447714, Exp of Normalized LogL: 0.235107, Best Rate: 0.3
Fault: [0,1,1,3,4,5], logL: -5.790858, Exp of LogL: 0.003055, Normalized LogL: -1.447714, Exp of Normalized LogL: 0.235107, Best Rate: 0.3
Fault: [0,1,4,3,4,5], logL: -5.790858, Exp of LogL: 0.003055, Normalized LogL: -1.447714, Exp of Normalized LogL: 0.235107, Best Rate: 0.3
Fault: [0,1,5,3,4,5], logL: -5.790858, Exp of LogL: 0.003055, Normalized LogL: -1.447714, Exp of Normalized LogL: 0.235107, Best Rate: 0.3
Fault: [0,1,3,3,4,5], logL: -5.889298, Exp of LogL: 0.002769, Normalized LogL: -1.472324, Exp of Normalized LogL: 0.229392, Best Rate: 0.3
Fault: [0,1,0,3,4,5], logL: -5.889298, Exp of LogL: 0.002769, Normalized LogL: -1.472324, Exp of Normalized LogL: 0.229392, Best Rate: 0.3

========= ADAPTIVE MC DEBUG =========
Total calls: 40
Avg tries: 200.00
Confidence stops: 40
Max stops: 0
Max stop rate: 0.000
Real Fault Rank 8
===== SEED 51 | FR=0.3 | VR=40 =====
executing with fault mode: [0,1,5,3,4,5]

executing with fault mode: [0,1,5,3,4,5]

executing with fault mode: [0,1,5,3,4,5]

Fault scores (higher is better):
Fault: [0,1,1,3,4,5], logL: -9.298080, Exp of LogL: 0.000092, Normalized LogL: -1.328297, Exp of Normalized LogL: 0.264928, Best Rate: 0.3
Fault: [0,1,5,3,5,5], logL: -10.070654, Exp of LogL: 0.000042, Normalized LogL: -1.438665, Exp of Normalized LogL: 0.237244, Best Rate: 0.3
Fault: [0,1,5,3,1,5], logL: -10.070654, Exp of LogL: 0.000042, Normalized LogL: -1.438665, Exp of Normalized LogL: 0.237244, Best Rate: 0.3
Fault: [0,1,5,3,2,5], logL: -10.070654, Exp of LogL: 0.000042, Normalized LogL: -1.438665, Exp of Normalized LogL: 0.237244, Best Rate: 0.3
Fault: [0,1,2,3,4,5], logL: -10.136794, Exp of LogL: 0.000040, Normalized LogL: -1.448113, Exp of Normalized LogL: 0.235013, Best Rate: 0.3
Fault: [0,1,4,3,4,5], logL: -10.293797, Exp of LogL: 0.000034, Normalized LogL: -1.470542, Exp of Normalized LogL: 0.229801, Best Rate: 0.3
Fault: [0,1,5,3,4,5], logL: -10.293797, Exp of LogL: 0.000034, Normalized LogL: -1.470542, Exp of Normalized LogL: 0.229801, Best Rate: 0.3
Fault: [0,1,3,3,4,5], logL: -10.314000, Exp of LogL: 0.000033, Normalized LogL: -1.473429, Exp of Normalized LogL: 0.229139, Best Rate: 0.3
Fault: [0,1,5,3,0,5], logL: -10.436898, Exp of LogL: 0.000029, Normalized LogL: -1.490985, Exp of Normalized LogL: 0.225151, Best Rate: 0.3
Fault: [0,1,0,3,4,5], logL: -10.699263, Exp of LogL: 0.000023, Normalized LogL: -1.528466, Exp of Normalized LogL: 0.216868, Best Rate: 0.3

========= ADAPTIVE MC DEBUG =========
Total calls: 70
Avg tries: 173.57
Confidence stops: 70
Max stops: 0
Max stop rate: 0.000
Real Fault Rank 7
===== SEED 51 | FR=0.3 | VR=60 =====
executing with fault mode: [0,1,5,3,4,5]

executing with fault mode: [0,1,5,3,4,5]

executing with fault mode: [0,1,5,3,4,5]

Fault scores (higher is better):
Fault: [0,1,1,3,4,5], logL: -11.952723, Exp of LogL: 0.000006, Normalized LogL: -1.086611, Exp of Normalized LogL: 0.337358, Best Rate: 0.3
Fault: [0,1,5,3,5,5], logL: -12.676507, Exp of LogL: 0.000003, Normalized LogL: -1.152410, Exp of Normalized LogL: 0.315875, Best Rate: 0.3
Fault: [0,1,5,3,1,5], logL: -12.676507, Exp of LogL: 0.000003, Normalized LogL: -1.152410, Exp of Normalized LogL: 0.315875, Best Rate: 0.3
Fault: [0,1,5,3,2,5], logL: -12.676507, Exp of LogL: 0.000003, Normalized LogL: -1.152410, Exp of Normalized LogL: 0.315875, Best Rate: 0.3
Fault: [0,1,2,3,4,5], logL: -12.717329, Exp of LogL: 0.000003, Normalized LogL: -1.156121, Exp of Normalized LogL: 0.314705, Best Rate: 0.3
Fault: [0,1,4,3,4,5], logL: -12.899651, Exp of LogL: 0.000002, Normalized LogL: -1.172696, Exp of Normalized LogL: 0.309531, Best Rate: 0.3
Fault: [0,1,5,3,4,5], logL: -12.899651, Exp of LogL: 0.000002, Normalized LogL: -1.172696, Exp of Normalized LogL: 0.309531, Best Rate: 0.3
Fault: [0,1,5,3,0,5], logL: -13.042751, Exp of LogL: 0.000002, Normalized LogL: -1.185705, Exp of Normalized LogL: 0.305531, Best Rate: 0.3
Fault: [0,1,3,3,4,5], logL: -13.102175, Exp of LogL: 0.000002, Normalized LogL: -1.191107, Exp of Normalized LogL: 0.303885, Best Rate: 0.3
Fault: [0,1,0,3,4,5], logL: -13.305116, Exp of LogL: 0.000002, Normalized LogL: -1.209556, Exp of Normalized LogL: 0.298330, Best Rate: 0.3

========= ADAPTIVE MC DEBUG =========
Total calls: 110
Avg tries: 179.09
Confidence stops: 110
Max stops: 0
Max stop rate: 0.000
Real Fault Rank 7
===== SEED 51 | FR=0.3 | VR=80 =====
executing with fault mode: [0,1,5,3,4,5]

executing with fault mode: [0,1,5,3,4,5]

executing with fault mode: [0,1,5,3,4,5]

Fault scores (higher is better):
Fault: [0,1,4,3,4,5], logL: -13.464865, Exp of LogL: 0.000001, Normalized LogL: -0.961776, Exp of Normalized LogL: 0.382213, Best Rate: 0.3
Fault: [0,1,5,3,4,5], logL: -13.464865, Exp of LogL: 0.000001, Normalized LogL: -0.961776, Exp of Normalized LogL: 0.382213, Best Rate: 0.3
Fault: [0,1,1,3,4,5], logL: -13.525489, Exp of LogL: 0.000001, Normalized LogL: -0.966106, Exp of Normalized LogL: 0.380562, Best Rate: 0.3
Fault: [0,1,5,3,5,5], logL: -13.840771, Exp of LogL: 0.000001, Normalized LogL: -0.988626, Exp of Normalized LogL: 0.372087, Best Rate: 0.3
Fault: [0,1,5,3,1,5], logL: -13.840771, Exp of LogL: 0.000001, Normalized LogL: -0.988626, Exp of Normalized LogL: 0.372087, Best Rate: 0.3
Fault: [0,1,5,3,2,5], logL: -13.840771, Exp of LogL: 0.000001, Normalized LogL: -0.988626, Exp of Normalized LogL: 0.372087, Best Rate: 0.3
Fault: [0,1,5,3,0,5], logL: -13.840771, Exp of LogL: 0.000001, Normalized LogL: -0.988626, Exp of Normalized LogL: 0.372087, Best Rate: 0.3
Fault: [0,1,2,3,4,5], logL: -13.870330, Exp of LogL: 0.000001, Normalized LogL: -0.990738, Exp of Normalized LogL: 0.371303, Best Rate: 0.3
Fault: [0,1,3,3,4,5], logL: -14.352168, Exp of LogL: 0.000001, Normalized LogL: -1.025155, Exp of Normalized LogL: 0.358741, Best Rate: 0.3
Fault: [0,1,0,3,4,5], logL: -14.506318, Exp of LogL: 0.000001, Normalized LogL: -1.036166, Exp of Normalized LogL: 0.354813, Best Rate: 0.3

========= ADAPTIVE MC DEBUG =========
Total calls: 140
Avg tries: 182.50
Confidence stops: 140
Max stops: 0
Max stop rate: 0.000
Real Fault Rank 2
===== SEED 51 | FR=0.3 | VR=100 =====
executing with fault mode: [0,1,5,3,4,5]

executing with fault mode: [0,1,5,3,4,5]

executing with fault mode: [0,1,5,3,4,5]

Fault scores (higher is better):
Fault: [0,1,4,3,4,5], logL: -14.061918, Exp of LogL: 0.000001, Normalized LogL: -0.781218, Exp of Normalized LogL: 0.457848, Best Rate: 0.3
Fault: [0,1,5,3,4,5], logL: -14.061918, Exp of LogL: 0.000001, Normalized LogL: -0.781218, Exp of Normalized LogL: 0.457848, Best Rate: 0.3
Fault: [0,1,5,3,5,5], logL: -14.354054, Exp of LogL: 0.000001, Normalized LogL: -0.797447, Exp of Normalized LogL: 0.450477, Best Rate: 0.3
Fault: [0,1,5,3,1,5], logL: -14.354054, Exp of LogL: 0.000001, Normalized LogL: -0.797447, Exp of Normalized LogL: 0.450477, Best Rate: 0.3
Fault: [0,1,5,3,2,5], logL: -14.354054, Exp of LogL: 0.000001, Normalized LogL: -0.797447, Exp of Normalized LogL: 0.450477, Best Rate: 0.3
Fault: [0,1,5,3,0,5], logL: -14.354054, Exp of LogL: 0.000001, Normalized LogL: -0.797447, Exp of Normalized LogL: 0.450477, Best Rate: 0.3
Fault: [0,1,1,3,4,5], logL: -39.255234, Exp of LogL: 0.000000, Normalized LogL: -2.180846, Exp of Normalized LogL: 0.112946, Best Rate: 0.3
Fault: [0,1,2,3,4,5], logL: -39.688870, Exp of LogL: 0.000000, Normalized LogL: -2.204937, Exp of Normalized LogL: 0.110257, Best Rate: 0.3
Fault: [0,1,3,3,4,5], logL: -40.139071, Exp of LogL: 0.000000, Normalized LogL: -2.229948, Exp of Normalized LogL: 0.107534, Best Rate: 0.3
Fault: [0,1,0,3,4,5], logL: -40.226846, Exp of LogL: 0.000000, Normalized LogL: -2.234825, Exp of Normalized LogL: 0.107011, Best Rate: 0.3

========= ADAPTIVE MC DEBUG =========
Total calls: 180
Avg tries: 180.83
Confidence stops: 180
Max stops: 0
Max stop rate: 0.000
Real Fault Rank 2
================= 22/08/2026 04:48:57: SEED 51 END =================
================= 22/08/2026 04:48:57: SEED 52 (50/100), a*=0 fault=[1,1,2,3,4,5] START =================
===== SEED 52 | FR=0.3 | VR=20 =====
executing with fault mode: [1,1,2,3,4,5]

Fault scores (higher is better):
Fault: [3,1,2,3,4,5], logL: -6.875799, Exp of LogL: 0.001032, Normalized LogL: -1.718950, Exp of Normalized LogL: 0.179254, Best Rate: 0.3
Fault: [4,1,2,3,4,5], logL: -6.897305, Exp of LogL: 0.001011, Normalized LogL: -1.724326, Exp of Normalized LogL: 0.178293, Best Rate: 0.3
Fault: [5,1,2,3,4,5], logL: -6.919284, Exp of LogL: 0.000989, Normalized LogL: -1.729821, Exp of Normalized LogL: 0.177316, Best Rate: 0.3
Fault: [0,1,2,3,4,5], logL: -7.055629, Exp of LogL: 0.000863, Normalized LogL: -1.763907, Exp of Normalized LogL: 0.171374, Best Rate: 0.3
Fault: [2,1,2,3,4,5], logL: -7.088360, Exp of LogL: 0.000835, Normalized LogL: -1.772090, Exp of Normalized LogL: 0.169977, Best Rate: 0.3
Fault: [1,1,1,3,4,5], logL: -7.219290, Exp of LogL: 0.000732, Normalized LogL: -1.804822, Exp of Normalized LogL: 0.164504, Best Rate: 0.3
Fault: [1,1,2,3,4,5], logL: -7.467850, Exp of LogL: 0.000571, Normalized LogL: -1.866962, Exp of Normalized LogL: 0.154593, Best Rate: 0.3
Fault: [1,1,3,3,4,5], logL: -8.556610, Exp of LogL: 0.000192, Normalized LogL: -2.139152, Exp of Normalized LogL: 0.117755, Best Rate: 0.3
Fault: [1,1,0,3,4,5], logL: -8.556610, Exp of LogL: 0.000192, Normalized LogL: -2.139152, Exp of Normalized LogL: 0.117755, Best Rate: 0.3
Fault: [1,1,5,3,4,5], logL: -8.556610, Exp of LogL: 0.000192, Normalized LogL: -2.139152, Exp of Normalized LogL: 0.117755, Best Rate: 0.3

========= ADAPTIVE MC DEBUG =========
Total calls: 40
Avg tries: 200.00
Confidence stops: 40
Max stops: 0
Max stop rate: 0.000
Real Fault Rank 7
===== SEED 52 | FR=0.3 | VR=40 =====
executing with fault mode: [1,1,2,3,4,5]

Fault scores (higher is better):
Fault: [4,1,2,3,4,5], logL: -9.452598, Exp of LogL: 0.000078, Normalized LogL: -1.181575, Exp of Normalized LogL: 0.306795, Best Rate: 0.3
Fault: [3,1,2,3,4,5], logL: -9.452598, Exp of LogL: 0.000078, Normalized LogL: -1.181575, Exp of Normalized LogL: 0.306795, Best Rate: 0.3
Fault: [5,1,2,3,4,5], logL: -9.699458, Exp of LogL: 0.000061, Normalized LogL: -1.212432, Exp of Normalized LogL: 0.297473, Best Rate: 0.3
Fault: [0,1,2,3,4,5], logL: -10.472380, Exp of LogL: 0.000028, Normalized LogL: -1.309047, Exp of Normalized LogL: 0.270077, Best Rate: 0.3
Fault: [2,1,2,3,4,5], logL: -10.748457, Exp of LogL: 0.000021, Normalized LogL: -1.343557, Exp of Normalized LogL: 0.260916, Best Rate: 0.3
Fault: [1,1,2,3,4,5], logL: -10.777703, Exp of LogL: 0.000021, Normalized LogL: -1.347213, Exp of Normalized LogL: 0.259964, Best Rate: 0.3
Fault: [1,1,1,3,4,5], logL: -11.084077, Exp of LogL: 0.000015, Normalized LogL: -1.385510, Exp of Normalized LogL: 0.250196, Best Rate: 0.3
Fault: [1,1,3,3,4,5], logL: -11.172805, Exp of LogL: 0.000014, Normalized LogL: -1.396601, Exp of Normalized LogL: 0.247437, Best Rate: 0.3
Fault: [1,1,0,3,4,5], logL: -11.172805, Exp of LogL: 0.000014, Normalized LogL: -1.396601, Exp of Normalized LogL: 0.247437, Best Rate: 0.3
Fault: [1,1,5,3,4,5], logL: -11.172805, Exp of LogL: 0.000014, Normalized LogL: -1.396601, Exp of Normalized LogL: 0.247437, Best Rate: 0.3

========= ADAPTIVE MC DEBUG =========
Total calls: 80
Avg tries: 185.62
Confidence stops: 80
Max stops: 0
Max stop rate: 0.000
Real Fault Rank 6
===== SEED 52 | FR=0.3 | VR=60 =====
executing with fault mode: [1,1,2,3,4,5]

Fault scores (higher is better):
Fault: [4,1,2,3,4,5], logL: -10.496783, Exp of LogL: 0.000028, Normalized LogL: -0.954253, Exp of Normalized LogL: 0.385100, Best Rate: 0.3
Fault: [3,1,2,3,4,5], logL: -10.496783, Exp of LogL: 0.000028, Normalized LogL: -0.954253, Exp of Normalized LogL: 0.385100, Best Rate: 0.3
Fault: [1,1,2,3,4,5], logL: -11.169563, Exp of LogL: 0.000014, Normalized LogL: -1.015415, Exp of Normalized LogL: 0.362252, Best Rate: 0.3
Fault: [0,1,2,3,4,5], logL: -11.345579, Exp of LogL: 0.000012, Normalized LogL: -1.031416, Exp of Normalized LogL: 0.356502, Best Rate: 0.3
Fault: [2,1,2,3,4,5], logL: -11.397016, Exp of LogL: 0.000011, Normalized LogL: -1.036092, Exp of Normalized LogL: 0.354839, Best Rate: 0.3
Fault: [1,1,1,3,4,5], logL: -11.475938, Exp of LogL: 0.000010, Normalized LogL: -1.043267, Exp of Normalized LogL: 0.352302, Best Rate: 0.3
Fault: [1,1,3,3,4,5], logL: -11.564666, Exp of LogL: 0.000009, Normalized LogL: -1.051333, Exp of Normalized LogL: 0.349472, Best Rate: 0.3
Fault: [1,1,0,3,4,5], logL: -11.564666, Exp of LogL: 0.000009, Normalized LogL: -1.051333, Exp of Normalized LogL: 0.349472, Best Rate: 0.3
Fault: [1,1,5,3,4,5], logL: -11.564666, Exp of LogL: 0.000009, Normalized LogL: -1.051333, Exp of Normalized LogL: 0.349472, Best Rate: 0.3
Fault: [5,1,2,3,4,5], logL: -11.794729, Exp of LogL: 0.000008, Normalized LogL: -1.072248, Exp of Normalized LogL: 0.342238, Best Rate: 0.3

========= ADAPTIVE MC DEBUG =========
Total calls: 110
Avg tries: 186.82
Confidence stops: 110
Max stops: 0
Max stop rate: 0.000
Real Fault Rank 3
===== SEED 52 | FR=0.3 | VR=80 =====
executing with fault mode: [1,1,2,3,4,5]

Fault scores (higher is better):
Fault: [1,1,2,3,4,5], logL: -13.051899, Exp of LogL: 0.000002, Normalized LogL: -0.870127, Exp of Normalized LogL: 0.418899, Best Rate: 0.3
Fault: [1,1,1,3,4,5], logL: -13.358273, Exp of LogL: 0.000002, Normalized LogL: -0.890552, Exp of Normalized LogL: 0.410429, Best Rate: 0.3
Fault: [1,1,3,3,4,5], logL: -13.447001, Exp of LogL: 0.000001, Normalized LogL: -0.896467, Exp of Normalized LogL: 0.408009, Best Rate: 0.3
Fault: [1,1,0,3,4,5], logL: -13.447001, Exp of LogL: 0.000001, Normalized LogL: -0.896467, Exp of Normalized LogL: 0.408009, Best Rate: 0.3
Fault: [1,1,5,3,4,5], logL: -13.447001, Exp of LogL: 0.000001, Normalized LogL: -0.896467, Exp of Normalized LogL: 0.408009, Best Rate: 0.3
Fault: [4,1,2,3,4,5], logL: -13.472868, Exp of LogL: 0.000001, Normalized LogL: -0.898191, Exp of Normalized LogL: 0.407306, Best Rate: 0.3
Fault: [3,1,2,3,4,5], logL: -13.472868, Exp of LogL: 0.000001, Normalized LogL: -0.898191, Exp of Normalized LogL: 0.407306, Best Rate: 0.3
Fault: [0,1,2,3,4,5], logL: -13.523586, Exp of LogL: 0.000001, Normalized LogL: -0.901572, Exp of Normalized LogL: 0.405931, Best Rate: 0.3
Fault: [2,1,2,3,4,5], logL: -14.088595, Exp of LogL: 0.000001, Normalized LogL: -0.939240, Exp of Normalized LogL: 0.390925, Best Rate: 0.3
Fault: [5,1,2,3,4,5], logL: -14.770813, Exp of LogL: 0.000000, Normalized LogL: -0.984721, Exp of Normalized LogL: 0.373543, Best Rate: 0.3

========= ADAPTIVE MC DEBUG =========
Total calls: 150
Avg tries: 187.33
Confidence stops: 150
Max stops: 0
Max stop rate: 0.000
Real Fault Rank 1
===== SEED 52 | FR=0.3 | VR=100 =====
executing with fault mode: [1,1,2,3,4,5]

Fault scores (higher is better):
Fault: [1,1,2,3,4,5], logL: -15.202334, Exp of LogL: 0.000000, Normalized LogL: -0.800123, Exp of Normalized LogL: 0.449274, Best Rate: 0.3
Fault: [1,1,1,3,4,5], logL: -15.508708, Exp of LogL: 0.000000, Normalized LogL: -0.816248, Exp of Normalized LogL: 0.442087, Best Rate: 0.3
Fault: [1,1,3,3,4,5], logL: -15.597436, Exp of LogL: 0.000000, Normalized LogL: -0.820918, Exp of Normalized LogL: 0.440028, Best Rate: 0.3
Fault: [1,1,0,3,4,5], logL: -15.597436, Exp of LogL: 0.000000, Normalized LogL: -0.820918, Exp of Normalized LogL: 0.440028, Best Rate: 0.3
Fault: [1,1,5,3,4,5], logL: -15.597436, Exp of LogL: 0.000000, Normalized LogL: -0.820918, Exp of Normalized LogL: 0.440028, Best Rate: 0.3
Fault: [2,1,2,3,4,5], logL: -17.946607, Exp of LogL: 0.000000, Normalized LogL: -0.944558, Exp of Normalized LogL: 0.388851, Best Rate: 0.3
Fault: [0,1,2,3,4,5], logL: -40.834191, Exp of LogL: 0.000000, Normalized LogL: -2.149168, Exp of Normalized LogL: 0.116581, Best Rate: 0.3
Fault: [4,1,2,3,4,5], logL: -41.154924, Exp of LogL: 0.000000, Normalized LogL: -2.166049, Exp of Normalized LogL: 0.114630, Best Rate: 0.3
Fault: [3,1,2,3,4,5], logL: -41.154924, Exp of LogL: 0.000000, Normalized LogL: -2.166049, Exp of Normalized LogL: 0.114630, Best Rate: 0.3
Fault: [5,1,2,3,4,5], logL: -43.021907, Exp of LogL: 0.000000, Normalized LogL: -2.264311, Exp of Normalized LogL: 0.103902, Best Rate: 0.3

========= ADAPTIVE MC DEBUG =========
Total calls: 190
Avg tries: 183.16
Confidence stops: 190
Max stops: 0
Max stop rate: 0.000
Real Fault Rank 1
================= 22/08/2026 04:49:15: SEED 52 END =================
================= 22/08/2026 04:49:15: SEED 53 (51/100), a*=3 fault=[0,1,2,5,4,5] START =================
===== SEED 53 | FR=0.3 | VR=20 =====
executing with fault mode: [0,1,2,5,4,5]

executing with fault mode: [0,1,2,5,4,5]

Fault scores (higher is better):
Fault: [0,1,2,5,3,5], logL: -7.684163, Exp of LogL: 0.000460, Normalized LogL: -1.921041, Exp of Normalized LogL: 0.146454, Best Rate: 0.3
Fault: [0,1,2,5,1,5], logL: -7.684163, Exp of LogL: 0.000460, Normalized LogL: -1.921041, Exp of Normalized LogL: 0.146454, Best Rate: 0.3
Fault: [0,1,2,5,5,5], logL: -7.684163, Exp of LogL: 0.000460, Normalized LogL: -1.921041, Exp of Normalized LogL: 0.146454, Best Rate: 0.3
Fault: [0,1,2,5,4,5], logL: -7.851217, Exp of LogL: 0.000389, Normalized LogL: -1.962804, Exp of Normalized LogL: 0.140464, Best Rate: 0.3
Fault: [0,1,2,4,4,5], logL: -7.851217, Exp of LogL: 0.000389, Normalized LogL: -1.962804, Exp of Normalized LogL: 0.140464, Best Rate: 0.3
Fault: [0,1,2,5,0,5], logL: -7.946528, Exp of LogL: 0.000354, Normalized LogL: -1.986632, Exp of Normalized LogL: 0.137157, Best Rate: 0.3
Fault: [0,1,2,0,4,5], logL: -32.718618, Exp of LogL: 0.000000, Normalized LogL: -8.179655, Exp of Normalized LogL: 0.000280, Best Rate: 0.3
Fault: [0,1,2,3,4,5], logL: -32.910320, Exp of LogL: 0.000000, Normalized LogL: -8.227580, Exp of Normalized LogL: 0.000267, Best Rate: 0.3
Fault: [0,1,2,2,4,5], logL: -33.010404, Exp of LogL: 0.000000, Normalized LogL: -8.252601, Exp of Normalized LogL: 0.000261, Best Rate: 0.3
Fault: [0,1,2,1,4,5], logL: -33.429114, Exp of LogL: 0.000000, Normalized LogL: -8.357279, Exp of Normalized LogL: 0.000235, Best Rate: 0.3

========= ADAPTIVE MC DEBUG =========
Total calls: 40
Avg tries: 175.00
Confidence stops: 40
Max stops: 0
Max stop rate: 0.000
Real Fault Rank 4
===== SEED 53 | FR=0.3 | VR=40 =====
executing with fault mode: [0,1,2,5,4,5]

executing with fault mode: [0,1,2,5,4,5]

Fault scores (higher is better):
Fault: [0,1,2,5,4,5], logL: -9.931297, Exp of LogL: 0.000049, Normalized LogL: -1.418757, Exp of Normalized LogL: 0.242015, Best Rate: 0.3
Fault: [0,1,2,4,4,5], logL: -9.931297, Exp of LogL: 0.000049, Normalized LogL: -1.418757, Exp of Normalized LogL: 0.242015, Best Rate: 0.3
Fault: [0,1,2,5,3,5], logL: -10.302860, Exp of LogL: 0.000034, Normalized LogL: -1.471837, Exp of Normalized LogL: 0.229503, Best Rate: 0.3
Fault: [0,1,2,5,1,5], logL: -10.302860, Exp of LogL: 0.000034, Normalized LogL: -1.471837, Exp of Normalized LogL: 0.229503, Best Rate: 0.3
Fault: [0,1,2,5,5,5], logL: -10.302860, Exp of LogL: 0.000034, Normalized LogL: -1.471837, Exp of Normalized LogL: 0.229503, Best Rate: 0.3
Fault: [0,1,2,5,0,5], logL: -10.302860, Exp of LogL: 0.000034, Normalized LogL: -1.471837, Exp of Normalized LogL: 0.229503, Best Rate: 0.3
Fault: [0,1,2,3,4,5], logL: -60.449740, Exp of LogL: 0.000000, Normalized LogL: -8.635677, Exp of Normalized LogL: 0.000178, Best Rate: 0.3
Fault: [0,1,2,0,4,5], logL: -60.627583, Exp of LogL: 0.000000, Normalized LogL: -8.661083, Exp of Normalized LogL: 0.000173, Best Rate: 0.3
Fault: [0,1,2,2,4,5], logL: -61.073072, Exp of LogL: 0.000000, Normalized LogL: -8.724725, Exp of Normalized LogL: 0.000163, Best Rate: 0.3
Fault: [0,1,2,1,4,5], logL: -61.555861, Exp of LogL: 0.000000, Normalized LogL: -8.793694, Exp of Normalized LogL: 0.000152, Best Rate: 0.3

========= ADAPTIVE MC DEBUG =========
Total calls: 70
Avg tries: 170.71
Confidence stops: 70
Max stops: 0
Max stop rate: 0.000
Real Fault Rank 1
===== SEED 53 | FR=0.3 | VR=60 =====
executing with fault mode: [0,1,2,5,4,5]

executing with fault mode: [0,1,2,5,4,5]

Fault scores (higher is better):
Fault: [0,1,2,5,4,5], logL: -10.947880, Exp of LogL: 0.000018, Normalized LogL: -1.094788, Exp of Normalized LogL: 0.334611, Best Rate: 0.3
Fault: [0,1,2,4,4,5], logL: -10.947880, Exp of LogL: 0.000018, Normalized LogL: -1.094788, Exp of Normalized LogL: 0.334611, Best Rate: 0.3
Fault: [0,1,2,5,3,5], logL: -11.189042, Exp of LogL: 0.000014, Normalized LogL: -1.118904, Exp of Normalized LogL: 0.326638, Best Rate: 0.3
Fault: [0,1,2,5,1,5], logL: -11.189042, Exp of LogL: 0.000014, Normalized LogL: -1.118904, Exp of Normalized LogL: 0.326638, Best Rate: 0.3
Fault: [0,1,2,5,5,5], logL: -11.189042, Exp of LogL: 0.000014, Normalized LogL: -1.118904, Exp of Normalized LogL: 0.326638, Best Rate: 0.3
Fault: [0,1,2,5,0,5], logL: -11.189042, Exp of LogL: 0.000014, Normalized LogL: -1.118904, Exp of Normalized LogL: 0.326638, Best Rate: 0.3
Fault: [0,1,2,1,4,5], logL: -62.697648, Exp of LogL: 0.000000, Normalized LogL: -6.269765, Exp of Normalized LogL: 0.001893, Best Rate: 0.3
Fault: [0,1,2,3,4,5], logL: -62.733467, Exp of LogL: 0.000000, Normalized LogL: -6.273347, Exp of Normalized LogL: 0.001886, Best Rate: 0.3
Fault: [0,1,2,2,4,5], logL: -63.434668, Exp of LogL: 0.000000, Normalized LogL: -6.343467, Exp of Normalized LogL: 0.001758, Best Rate: 0.3
Fault: [0,1,2,0,4,5], logL: -63.599193, Exp of LogL: 0.000000, Normalized LogL: -6.359919, Exp of Normalized LogL: 0.001730, Best Rate: 0.3

========= ADAPTIVE MC DEBUG =========
Total calls: 100
Avg tries: 186.50
Confidence stops: 100
Max stops: 0
Max stop rate: 0.000
Real Fault Rank 1
===== SEED 53 | FR=0.3 | VR=80 =====
executing with fault mode: [0,1,2,5,4,5]

executing with fault mode: [0,1,2,5,4,5]

Fault scores (higher is better):
Fault: [0,1,2,5,4,5], logL: -11.863690, Exp of LogL: 0.000007, Normalized LogL: -0.912592, Exp of Normalized LogL: 0.401482, Best Rate: 0.3
Fault: [0,1,2,4,4,5], logL: -11.863690, Exp of LogL: 0.000007, Normalized LogL: -0.912592, Exp of Normalized LogL: 0.401482, Best Rate: 0.3
Fault: [0,1,2,5,3,5], logL: -12.227534, Exp of LogL: 0.000005, Normalized LogL: -0.940580, Exp of Normalized LogL: 0.390402, Best Rate: 0.3
Fault: [0,1,2,5,1,5], logL: -12.227534, Exp of LogL: 0.000005, Normalized LogL: -0.940580, Exp of Normalized LogL: 0.390402, Best Rate: 0.3
Fault: [0,1,2,5,5,5], logL: -12.227534, Exp of LogL: 0.000005, Normalized LogL: -0.940580, Exp of Normalized LogL: 0.390402, Best Rate: 0.3
Fault: [0,1,2,5,0,5], logL: -12.227534, Exp of LogL: 0.000005, Normalized LogL: -0.940580, Exp of Normalized LogL: 0.390402, Best Rate: 0.3
Fault: [0,1,2,3,4,5], logL: -62.991848, Exp of LogL: 0.000000, Normalized LogL: -4.845527, Exp of Normalized LogL: 0.007863, Best Rate: 0.3
Fault: [0,1,2,1,4,5], logL: -63.053842, Exp of LogL: 0.000000, Normalized LogL: -4.850296, Exp of Normalized LogL: 0.007826, Best Rate: 0.3
Fault: [0,1,2,0,4,5], logL: -63.832402, Exp of LogL: 0.000000, Normalized LogL: -4.910185, Exp of Normalized LogL: 0.007371, Best Rate: 0.3
Fault: [0,1,2,2,4,5], logL: -64.286112, Exp of LogL: 0.000000, Normalized LogL: -4.945086, Exp of Normalized LogL: 0.007118, Best Rate: 0.3

========= ADAPTIVE MC DEBUG =========
Total calls: 130
Avg tries: 187.69
Confidence stops: 130
Max stops: 0
Max stop rate: 0.000
Real Fault Rank 1
===== SEED 53 | FR=0.3 | VR=100 =====
executing with fault mode: [0,1,2,5,4,5]

executing with fault mode: [0,1,2,5,4,5]

Fault scores (higher is better):
Fault: [0,1,2,5,4,5], logL: -14.195188, Exp of LogL: 0.000001, Normalized LogL: -0.835011, Exp of Normalized LogL: 0.433870, Best Rate: 0.3
Fault: [0,1,2,4,4,5], logL: -14.195188, Exp of LogL: 0.000001, Normalized LogL: -0.835011, Exp of Normalized LogL: 0.433870, Best Rate: 0.3
Fault: [0,1,2,5,3,5], logL: -14.559031, Exp of LogL: 0.000000, Normalized LogL: -0.856414, Exp of Normalized LogL: 0.424682, Best Rate: 0.3
Fault: [0,1,2,5,1,5], logL: -14.559031, Exp of LogL: 0.000000, Normalized LogL: -0.856414, Exp of Normalized LogL: 0.424682, Best Rate: 0.3
Fault: [0,1,2,5,5,5], logL: -14.559031, Exp of LogL: 0.000000, Normalized LogL: -0.856414, Exp of Normalized LogL: 0.424682, Best Rate: 0.3
Fault: [0,1,2,5,0,5], logL: -14.559031, Exp of LogL: 0.000000, Normalized LogL: -0.856414, Exp of Normalized LogL: 0.424682, Best Rate: 0.3
Fault: [0,1,2,1,4,5], logL: -65.400221, Exp of LogL: 0.000000, Normalized LogL: -3.847072, Exp of Normalized LogL: 0.021342, Best Rate: 0.3
Fault: [0,1,2,3,4,5], logL: -65.427439, Exp of LogL: 0.000000, Normalized LogL: -3.848673, Exp of Normalized LogL: 0.021308, Best Rate: 0.3
Fault: [0,1,2,2,4,5], logL: -66.764214, Exp of LogL: 0.000000, Normalized LogL: -3.927307, Exp of Normalized LogL: 0.019697, Best Rate: 0.3
Fault: [0,1,2,0,4,5], logL: -66.798400, Exp of LogL: 0.000000, Normalized LogL: -3.929318, Exp of Normalized LogL: 0.019657, Best Rate: 0.3

========= ADAPTIVE MC DEBUG =========
Total calls: 170
Avg tries: 187.35
Confidence stops: 170
Max stops: 0
Max stop rate: 0.000
Real Fault Rank 1
================= 22/08/2026 04:49:32: SEED 53 END =================
================= 22/08/2026 04:49:32: SEED 54 (52/100), a*=0 fault=[2,1,2,3,4,5] START =================
===== SEED 54 | FR=0.3 | VR=20 =====
executing with fault mode: [2,1,2,3,4,5]

Fault scores (higher is better):
Fault: [2,1,2,1,4,5], logL: -8.823266, Exp of LogL: 0.000147, Normalized LogL: -1.470544, Exp of Normalized LogL: 0.229800, Best Rate: 0.3
Fault: [2,1,2,0,4,5], logL: -9.438095, Exp of LogL: 0.000080, Normalized LogL: -1.573016, Exp of Normalized LogL: 0.207419, Best Rate: 0.3
Fault: [2,1,2,2,4,5], logL: -9.438095, Exp of LogL: 0.000080, Normalized LogL: -1.573016, Exp of Normalized LogL: 0.207419, Best Rate: 0.3
Fault: [2,1,2,5,4,5], logL: -9.438095, Exp of LogL: 0.000080, Normalized LogL: -1.573016, Exp of Normalized LogL: 0.207419, Best Rate: 0.3
Fault: [2,1,2,3,4,5], logL: -10.779891, Exp of LogL: 0.000021, Normalized LogL: -1.796649, Exp of Normalized LogL: 0.165854, Best Rate: 0.3
Fault: [4,1,2,3,4,5], logL: -12.470688, Exp of LogL: 0.000004, Normalized LogL: -2.078448, Exp of Normalized LogL: 0.125124, Best Rate: 0.3
Fault: [5,1,2,3,4,5], logL: -12.470688, Exp of LogL: 0.000004, Normalized LogL: -2.078448, Exp of Normalized LogL: 0.125124, Best Rate: 0.3
Fault: [0,1,2,3,4,5], logL: -14.557512, Exp of LogL: 0.000000, Normalized LogL: -2.426252, Exp of Normalized LogL: 0.088367, Best Rate: 0.3
Fault: [1,1,2,3,4,5], logL: -38.306218, Exp of LogL: 0.000000, Normalized LogL: -6.384370, Exp of Normalized LogL: 0.001688, Best Rate: 0.3
Fault: [3,1,2,3,4,5], logL: -38.521394, Exp of LogL: 0.000000, Normalized LogL: -6.420232, Exp of Normalized LogL: 0.001628, Best Rate: 0.3

========= ADAPTIVE MC DEBUG =========
Total calls: 60
Avg tries: 186.67
Confidence stops: 60
Max stops: 0
Max stop rate: 0.000
Real Fault Rank 5
===== SEED 54 | FR=0.3 | VR=40 =====
executing with fault mode: [2,1,2,3,4,5]

Fault scores (higher is better):
Fault: [2,1,2,1,4,5], logL: -13.831751, Exp of LogL: 0.000001, Normalized LogL: -1.257432, Exp of Normalized LogL: 0.284383, Best Rate: 0.3
Fault: [2,1,2,3,4,5], logL: -14.511032, Exp of LogL: 0.000000, Normalized LogL: -1.319185, Exp of Normalized LogL: 0.267353, Best Rate: 0.3
Fault: [2,1,2,0,4,5], logL: -15.114323, Exp of LogL: 0.000000, Normalized LogL: -1.374029, Exp of Normalized LogL: 0.253085, Best Rate: 0.3
Fault: [2,1,2,2,4,5], logL: -15.114323, Exp of LogL: 0.000000, Normalized LogL: -1.374029, Exp of Normalized LogL: 0.253085, Best Rate: 0.3
Fault: [2,1,2,5,4,5], logL: -15.114323, Exp of LogL: 0.000000, Normalized LogL: -1.374029, Exp of Normalized LogL: 0.253085, Best Rate: 0.3
Fault: [4,1,2,3,4,5], logL: -16.117625, Exp of LogL: 0.000000, Normalized LogL: -1.465239, Exp of Normalized LogL: 0.231023, Best Rate: 0.3
Fault: [5,1,2,3,4,5], logL: -16.117625, Exp of LogL: 0.000000, Normalized LogL: -1.465239, Exp of Normalized LogL: 0.231023, Best Rate: 0.3
Fault: [0,1,2,3,4,5], logL: -20.541078, Exp of LogL: 0.000000, Normalized LogL: -1.867371, Exp of Normalized LogL: 0.154529, Best Rate: 0.3
Fault: [1,1,2,3,4,5], logL: -45.733072, Exp of LogL: 0.000000, Normalized LogL: -4.157552, Exp of Normalized LogL: 0.015646, Best Rate: 0.3
Fault: [3,1,2,3,4,5], logL: -46.844432, Exp of LogL: 0.000000, Normalized LogL: -4.258585, Exp of Normalized LogL: 0.014142, Best Rate: 0.3

========= ADAPTIVE MC DEBUG =========
Total calls: 110
Avg tries: 180.91
Confidence stops: 110
Max stops: 0
Max stop rate: 0.000
Real Fault Rank 2
===== SEED 54 | FR=0.3 | VR=60 =====
executing with fault mode: [2,1,2,3,4,5]

Fault scores (higher is better):
Fault: [2,1,2,1,4,5], logL: -18.660182, Exp of LogL: 0.000000, Normalized LogL: -1.166261, Exp of Normalized LogL: 0.311529, Best Rate: 0.3
Fault: [2,1,2,0,4,5], logL: -18.761480, Exp of LogL: 0.000000, Normalized LogL: -1.172593, Exp of Normalized LogL: 0.309563, Best Rate: 0.3
Fault: [2,1,2,2,4,5], logL: -18.761480, Exp of LogL: 0.000000, Normalized LogL: -1.172593, Exp of Normalized LogL: 0.309563, Best Rate: 0.3
Fault: [2,1,2,5,4,5], logL: -18.761480, Exp of LogL: 0.000000, Normalized LogL: -1.172593, Exp of Normalized LogL: 0.309563, Best Rate: 0.3
Fault: [2,1,2,3,4,5], logL: -19.461407, Exp of LogL: 0.000000, Normalized LogL: -1.216338, Exp of Normalized LogL: 0.296313, Best Rate: 0.3
Fault: [4,1,2,3,4,5], logL: -21.321159, Exp of LogL: 0.000000, Normalized LogL: -1.332572, Exp of Normalized LogL: 0.263798, Best Rate: 0.3
Fault: [5,1,2,3,4,5], logL: -21.321159, Exp of LogL: 0.000000, Normalized LogL: -1.332572, Exp of Normalized LogL: 0.263798, Best Rate: 0.3
Fault: [0,1,2,3,4,5], logL: -25.681142, Exp of LogL: 0.000000, Normalized LogL: -1.605071, Exp of Normalized LogL: 0.200875, Best Rate: 0.3
Fault: [1,1,2,3,4,5], logL: -27.761956, Exp of LogL: 0.000000, Normalized LogL: -1.735122, Exp of Normalized LogL: 0.176379, Best Rate: 0.3
Fault: [3,1,2,3,4,5], logL: -30.034785, Exp of LogL: 0.000000, Normalized LogL: -1.877174, Exp of Normalized LogL: 0.153022, Best Rate: 0.3

========= ADAPTIVE MC DEBUG =========
Total calls: 160
Avg tries: 177.19
Confidence stops: 160
Max stops: 0
Max stop rate: 0.000
Real Fault Rank 5
===== SEED 54 | FR=0.3 | VR=80 =====
executing with fault mode: [2,1,2,3,4,5]

Fault scores (higher is better):
Fault: [2,1,2,1,4,5], logL: -20.166803, Exp of LogL: 0.000000, Normalized LogL: -0.960324, Exp of Normalized LogL: 0.382769, Best Rate: 0.3
Fault: [2,1,2,0,4,5], logL: -20.311239, Exp of LogL: 0.000000, Normalized LogL: -0.967202, Exp of Normalized LogL: 0.380145, Best Rate: 0.3
Fault: [2,1,2,2,4,5], logL: -20.311239, Exp of LogL: 0.000000, Normalized LogL: -0.967202, Exp of Normalized LogL: 0.380145, Best Rate: 0.3
Fault: [2,1,2,5,4,5], logL: -20.311239, Exp of LogL: 0.000000, Normalized LogL: -0.967202, Exp of Normalized LogL: 0.380145, Best Rate: 0.3
Fault: [2,1,2,3,4,5], logL: -20.759437, Exp of LogL: 0.000000, Normalized LogL: -0.988545, Exp of Normalized LogL: 0.372118, Best Rate: 0.3
Fault: [4,1,2,3,4,5], logL: -22.606766, Exp of LogL: 0.000000, Normalized LogL: -1.076513, Exp of Normalized LogL: 0.340782, Best Rate: 0.3
Fault: [5,1,2,3,4,5], logL: -22.606766, Exp of LogL: 0.000000, Normalized LogL: -1.076513, Exp of Normalized LogL: 0.340782, Best Rate: 0.3
Fault: [0,1,2,3,4,5], logL: -27.034750, Exp of LogL: 0.000000, Normalized LogL: -1.287369, Exp of Normalized LogL: 0.275996, Best Rate: 0.3
Fault: [1,1,2,3,4,5], logL: -28.674091, Exp of LogL: 0.000000, Normalized LogL: -1.365433, Exp of Normalized LogL: 0.255270, Best Rate: 0.3
Fault: [3,1,2,3,4,5], logL: -31.323891, Exp of LogL: 0.000000, Normalized LogL: -1.491614, Exp of Normalized LogL: 0.225009, Best Rate: 0.3

========= ADAPTIVE MC DEBUG =========
Total calls: 210
Avg tries: 177.86
Confidence stops: 210
Max stops: 0
Max stop rate: 0.000
Real Fault Rank 5
===== SEED 54 | FR=0.3 | VR=100 =====
executing with fault mode: [2,1,2,3,4,5]

Fault scores (higher is better):
Fault: [2,1,2,0,4,5], logL: -22.121772, Exp of LogL: 0.000000, Normalized LogL: -0.850837, Exp of Normalized LogL: 0.427057, Best Rate: 0.3
Fault: [2,1,2,2,4,5], logL: -22.121772, Exp of LogL: 0.000000, Normalized LogL: -0.850837, Exp of Normalized LogL: 0.427057, Best Rate: 0.3
Fault: [2,1,2,5,4,5], logL: -22.121772, Exp of LogL: 0.000000, Normalized LogL: -0.850837, Exp of Normalized LogL: 0.427057, Best Rate: 0.3
Fault: [2,1,2,1,4,5], logL: -22.286409, Exp of LogL: 0.000000, Normalized LogL: -0.857170, Exp of Normalized LogL: 0.424362, Best Rate: 0.3
Fault: [2,1,2,3,4,5], logL: -22.373948, Exp of LogL: 0.000000, Normalized LogL: -0.860536, Exp of Normalized LogL: 0.422935, Best Rate: 0.3
Fault: [4,1,2,3,4,5], logL: -23.507652, Exp of LogL: 0.000000, Normalized LogL: -0.904140, Exp of Normalized LogL: 0.404890, Best Rate: 0.3
Fault: [5,1,2,3,4,5], logL: -23.507652, Exp of LogL: 0.000000, Normalized LogL: -0.904140, Exp of Normalized LogL: 0.404890, Best Rate: 0.3
Fault: [0,1,2,3,4,5], logL: -30.447455, Exp of LogL: 0.000000, Normalized LogL: -1.171056, Exp of Normalized LogL: 0.310039, Best Rate: 0.3
Fault: [1,1,2,3,4,5], logL: -31.934774, Exp of LogL: 0.000000, Normalized LogL: -1.228261, Exp of Normalized LogL: 0.292801, Best Rate: 0.3
Fault: [3,1,2,3,4,5], logL: -34.762836, Exp of LogL: 0.000000, Normalized LogL: -1.337032, Exp of Normalized LogL: 0.262624, Best Rate: 0.3

========= ADAPTIVE MC DEBUG =========
Total calls: 260
Avg tries: 181.15
Confidence stops: 260
Max stops: 0
Max stop rate: 0.000
Real Fault Rank 5
================= 22/08/2026 04:49:56: SEED 54 END =================
================= 22/08/2026 04:49:56: SEED 55 (53/100), a*=3 fault=[0,1,2,0,4,5] START =================
===== SEED 55 | FR=0.3 | VR=20 =====
executing with fault mode: [0,1,2,0,4,5]

Fault scores (higher is better):
Fault: [0,1,2,0,4,5], logL: -14.470299, Exp of LogL: 0.000001, Normalized LogL: -1.808787, Exp of Normalized LogL: 0.163853, Best Rate: 0.3
Fault: [0,1,2,0,0,5], logL: -14.826974, Exp of LogL: 0.000000, Normalized LogL: -1.853372, Exp of Normalized LogL: 0.156708, Best Rate: 0.3
Fault: [0,1,2,0,2,5], logL: -14.826974, Exp of LogL: 0.000000, Normalized LogL: -1.853372, Exp of Normalized LogL: 0.156708, Best Rate: 0.3
Fault: [0,1,2,0,5,5], logL: -14.826974, Exp of LogL: 0.000000, Normalized LogL: -1.853372, Exp of Normalized LogL: 0.156708, Best Rate: 0.3
Fault: [0,1,2,0,1,5], logL: -14.826974, Exp of LogL: 0.000000, Normalized LogL: -1.853372, Exp of Normalized LogL: 0.156708, Best Rate: 0.3
Fault: [0,1,2,1,4,5], logL: -15.130656, Exp of LogL: 0.000000, Normalized LogL: -1.891332, Exp of Normalized LogL: 0.150871, Best Rate: 0.3
Fault: [0,1,2,3,4,5], logL: -15.550893, Exp of LogL: 0.000000, Normalized LogL: -1.943862, Exp of Normalized LogL: 0.143150, Best Rate: 0.3
Fault: [0,1,2,2,4,5], logL: -16.232205, Exp of LogL: 0.000000, Normalized LogL: -2.029026, Exp of Normalized LogL: 0.131464, Best Rate: 0.3
Fault: [0,1,2,5,4,5], logL: -16.667524, Exp of LogL: 0.000000, Normalized LogL: -2.083440, Exp of Normalized LogL: 0.124501, Best Rate: 0.3
Fault: [0,1,2,4,4,5], logL: -16.667524, Exp of LogL: 0.000000, Normalized LogL: -2.083440, Exp of Normalized LogL: 0.124501, Best Rate: 0.3

========= ADAPTIVE MC DEBUG =========
Total calls: 80
Avg tries: 188.12
Confidence stops: 80
Max stops: 0
Max stop rate: 0.000
Real Fault Rank 1
===== SEED 55 | FR=0.3 | VR=40 =====
executing with fault mode: [0,1,2,0,4,5]

Fault scores (higher is better):
Fault: [0,1,2,2,4,5], logL: -21.361215, Exp of LogL: 0.000000, Normalized LogL: -1.424081, Exp of Normalized LogL: 0.240730, Best Rate: 0.3
Fault: [0,1,2,0,4,5], logL: -43.031708, Exp of LogL: 0.000000, Normalized LogL: -2.868781, Exp of Normalized LogL: 0.056768, Best Rate: 0.3
Fault: [0,1,2,0,0,5], logL: -43.388383, Exp of LogL: 0.000000, Normalized LogL: -2.892559, Exp of Normalized LogL: 0.055434, Best Rate: 0.3
Fault: [0,1,2,0,2,5], logL: -43.388383, Exp of LogL: 0.000000, Normalized LogL: -2.892559, Exp of Normalized LogL: 0.055434, Best Rate: 0.3
Fault: [0,1,2,0,5,5], logL: -43.388383, Exp of LogL: 0.000000, Normalized LogL: -2.892559, Exp of Normalized LogL: 0.055434, Best Rate: 0.3
Fault: [0,1,2,0,1,5], logL: -43.388383, Exp of LogL: 0.000000, Normalized LogL: -2.892559, Exp of Normalized LogL: 0.055434, Best Rate: 0.3
Fault: [0,1,2,3,4,5], logL: -43.786003, Exp of LogL: 0.000000, Normalized LogL: -2.919067, Exp of Normalized LogL: 0.053984, Best Rate: 0.3
Fault: [0,1,2,1,4,5], logL: -44.369862, Exp of LogL: 0.000000, Normalized LogL: -2.957991, Exp of Normalized LogL: 0.051923, Best Rate: 0.3
Fault: [0,1,2,5,4,5], logL: -44.465710, Exp of LogL: 0.000000, Normalized LogL: -2.964381, Exp of Normalized LogL: 0.051592, Best Rate: 0.3
Fault: [0,1,2,4,4,5], logL: -44.465710, Exp of LogL: 0.000000, Normalized LogL: -2.964381, Exp of Normalized LogL: 0.051592, Best Rate: 0.3

========= ADAPTIVE MC DEBUG =========
Total calls: 150
Avg tries: 192.00
Confidence stops: 150
Max stops: 0
Max stop rate: 0.000
Real Fault Rank 2
===== SEED 55 | FR=0.3 | VR=60 =====
executing with fault mode: [0,1,2,0,4,5]

Fault scores (higher is better):
Fault: [0,1,2,0,4,5], logL: -22.989371, Exp of LogL: 0.000000, Normalized LogL: -1.044971, Exp of Normalized LogL: 0.351702, Best Rate: 0.3
Fault: [0,1,2,0,0,5], logL: -23.346046, Exp of LogL: 0.000000, Normalized LogL: -1.061184, Exp of Normalized LogL: 0.346046, Best Rate: 0.3
Fault: [0,1,2,0,2,5], logL: -23.346046, Exp of LogL: 0.000000, Normalized LogL: -1.061184, Exp of Normalized LogL: 0.346046, Best Rate: 0.3
Fault: [0,1,2,0,5,5], logL: -23.346046, Exp of LogL: 0.000000, Normalized LogL: -1.061184, Exp of Normalized LogL: 0.346046, Best Rate: 0.3
Fault: [0,1,2,0,1,5], logL: -23.346046, Exp of LogL: 0.000000, Normalized LogL: -1.061184, Exp of Normalized LogL: 0.346046, Best Rate: 0.3
Fault: [0,1,2,2,4,5], logL: -47.558206, Exp of LogL: 0.000000, Normalized LogL: -2.161737, Exp of Normalized LogL: 0.115125, Best Rate: 0.3
Fault: [0,1,2,5,4,5], logL: -48.329996, Exp of LogL: 0.000000, Normalized LogL: -2.196818, Exp of Normalized LogL: 0.111156, Best Rate: 0.3
Fault: [0,1,2,4,4,5], logL: -48.329996, Exp of LogL: 0.000000, Normalized LogL: -2.196818, Exp of Normalized LogL: 0.111156, Best Rate: 0.3
Fault: [0,1,2,3,4,5], logL: -50.296147, Exp of LogL: 0.000000, Normalized LogL: -2.286188, Exp of Normalized LogL: 0.101653, Best Rate: 0.3
Fault: [0,1,2,1,4,5], logL: -50.569883, Exp of LogL: 0.000000, Normalized LogL: -2.298631, Exp of Normalized LogL: 0.100396, Best Rate: 0.3

========= ADAPTIVE MC DEBUG =========
Total calls: 220
Avg tries: 187.05
Confidence stops: 220
Max stops: 0
Max stop rate: 0.000
Real Fault Rank 1
===== SEED 55 | FR=0.3 | VR=80 =====
executing with fault mode: [0,1,2,0,4,5]

Fault scores (higher is better):
Fault: [0,1,2,0,4,5], logL: -25.821665, Exp of LogL: 0.000000, Normalized LogL: -0.890402, Exp of Normalized LogL: 0.410491, Best Rate: 0.3
Fault: [0,1,2,0,0,5], logL: -26.375699, Exp of LogL: 0.000000, Normalized LogL: -0.909507, Exp of Normalized LogL: 0.402723, Best Rate: 0.3
Fault: [0,1,2,0,2,5], logL: -26.375699, Exp of LogL: 0.000000, Normalized LogL: -0.909507, Exp of Normalized LogL: 0.402723, Best Rate: 0.3
Fault: [0,1,2,0,5,5], logL: -26.375699, Exp of LogL: 0.000000, Normalized LogL: -0.909507, Exp of Normalized LogL: 0.402723, Best Rate: 0.3
Fault: [0,1,2,0,1,5], logL: -26.375699, Exp of LogL: 0.000000, Normalized LogL: -0.909507, Exp of Normalized LogL: 0.402723, Best Rate: 0.3
Fault: [0,1,2,2,4,5], logL: -27.546003, Exp of LogL: 0.000000, Normalized LogL: -0.949862, Exp of Normalized LogL: 0.386794, Best Rate: 0.3
Fault: [0,1,2,5,4,5], logL: -30.263703, Exp of LogL: 0.000000, Normalized LogL: -1.043576, Exp of Normalized LogL: 0.352193, Best Rate: 0.3
Fault: [0,1,2,4,4,5], logL: -30.263703, Exp of LogL: 0.000000, Normalized LogL: -1.043576, Exp of Normalized LogL: 0.352193, Best Rate: 0.3
Fault: [0,1,2,1,4,5], logL: -36.445388, Exp of LogL: 0.000000, Normalized LogL: -1.256738, Exp of Normalized LogL: 0.284581, Best Rate: 0.3
Fault: [0,1,2,3,4,5], logL: -36.482660, Exp of LogL: 0.000000, Normalized LogL: -1.258023, Exp of Normalized LogL: 0.284215, Best Rate: 0.3

========= ADAPTIVE MC DEBUG =========
Total calls: 290
Avg tries: 189.48
Confidence stops: 290
Max stops: 0
Max stop rate: 0.000
Real Fault Rank 1
===== SEED 55 | FR=0.3 | VR=100 =====
executing with fault mode: [0,1,2,0,4,5]

Fault scores (higher is better):
Fault: [0,1,2,0,4,5], logL: -27.612897, Exp of LogL: 0.000000, Normalized LogL: -0.746295, Exp of Normalized LogL: 0.474120, Best Rate: 0.3
Fault: [0,1,2,0,0,5], logL: -27.983961, Exp of LogL: 0.000000, Normalized LogL: -0.756323, Exp of Normalized LogL: 0.469389, Best Rate: 0.3
Fault: [0,1,2,0,2,5], logL: -27.983961, Exp of LogL: 0.000000, Normalized LogL: -0.756323, Exp of Normalized LogL: 0.469389, Best Rate: 0.3
Fault: [0,1,2,0,5,5], logL: -27.983961, Exp of LogL: 0.000000, Normalized LogL: -0.756323, Exp of Normalized LogL: 0.469389, Best Rate: 0.3
Fault: [0,1,2,0,1,5], logL: -27.983961, Exp of LogL: 0.000000, Normalized LogL: -0.756323, Exp of Normalized LogL: 0.469389, Best Rate: 0.3
Fault: [0,1,2,2,4,5], logL: -30.005204, Exp of LogL: 0.000000, Normalized LogL: -0.810951, Exp of Normalized LogL: 0.444435, Best Rate: 0.3
Fault: [0,1,2,5,4,5], logL: -31.159986, Exp of LogL: 0.000000, Normalized LogL: -0.842162, Exp of Normalized LogL: 0.430778, Best Rate: 0.3
Fault: [0,1,2,4,4,5], logL: -31.159986, Exp of LogL: 0.000000, Normalized LogL: -0.842162, Exp of Normalized LogL: 0.430778, Best Rate: 0.3
Fault: [0,1,2,3,4,5], logL: -37.657214, Exp of LogL: 0.000000, Normalized LogL: -1.017763, Exp of Normalized LogL: 0.361403, Best Rate: 0.3
Fault: [0,1,2,1,4,5], logL: -38.766195, Exp of LogL: 0.000000, Normalized LogL: -1.047735, Exp of Normalized LogL: 0.350731, Best Rate: 0.3

========= ADAPTIVE MC DEBUG =========
Total calls: 370
Avg tries: 190.81
Confidence stops: 370
Max stops: 0
Max stop rate: 0.000
Real Fault Rank 1
================= 22/08/2026 04:50:32: SEED 55 END =================
================= 22/08/2026 04:50:32: SEED 56 (54/100), a*=2 fault=[0,1,0,3,4,5] START =================
===== SEED 56 | FR=0.3 | VR=20 =====
executing with fault mode: [0,1,0,3,4,5]

Fault scores (higher is better):
Fault: [0,1,3,3,4,5], logL: -8.154404, Exp of LogL: 0.000287, Normalized LogL: -2.038601, Exp of Normalized LogL: 0.130211, Best Rate: 0.3
Fault: [0,1,1,3,4,5], logL: -9.311856, Exp of LogL: 0.000090, Normalized LogL: -2.327964, Exp of Normalized LogL: 0.097494, Best Rate: 0.3
Fault: [0,1,0,3,4,5], logL: -10.323457, Exp of LogL: 0.000033, Normalized LogL: -2.580864, Exp of Normalized LogL: 0.075709, Best Rate: 0.3
Fault: [0,1,0,3,0,5], logL: -11.016605, Exp of LogL: 0.000016, Normalized LogL: -2.754151, Exp of Normalized LogL: 0.063663, Best Rate: 0.3
Fault: [0,1,0,3,5,5], logL: -11.016605, Exp of LogL: 0.000016, Normalized LogL: -2.754151, Exp of Normalized LogL: 0.063663, Best Rate: 0.3
Fault: [0,1,0,3,3,5], logL: -11.016605, Exp of LogL: 0.000016, Normalized LogL: -2.754151, Exp of Normalized LogL: 0.063663, Best Rate: 0.3
Fault: [0,1,0,3,2,5], logL: -11.016605, Exp of LogL: 0.000016, Normalized LogL: -2.754151, Exp of Normalized LogL: 0.063663, Best Rate: 0.3
Fault: [0,1,2,3,4,5], logL: -33.636990, Exp of LogL: 0.000000, Normalized LogL: -8.409248, Exp of Normalized LogL: 0.000223, Best Rate: 0.3
Fault: [0,1,5,3,4,5], logL: -33.924672, Exp of LogL: 0.000000, Normalized LogL: -8.481168, Exp of Normalized LogL: 0.000207, Best Rate: 0.3
Fault: [0,1,4,3,4,5], logL: -33.924672, Exp of LogL: 0.000000, Normalized LogL: -8.481168, Exp of Normalized LogL: 0.000207, Best Rate: 0.3

========= ADAPTIVE MC DEBUG =========
Total calls: 40
Avg tries: 175.00
Confidence stops: 40
Max stops: 0
Max stop rate: 0.000
Real Fault Rank 3
===== SEED 56 | FR=0.3 | VR=40 =====
executing with fault mode: [0,1,0,3,4,5]

Fault scores (higher is better):
Fault: [0,1,3,3,4,5], logL: -10.078568, Exp of LogL: 0.000042, Normalized LogL: -1.439795, Exp of Normalized LogL: 0.236976, Best Rate: 0.3
Fault: [0,1,1,3,4,5], logL: -11.089417, Exp of LogL: 0.000015, Normalized LogL: -1.584202, Exp of Normalized LogL: 0.205111, Best Rate: 0.3
Fault: [0,1,0,3,0,5], logL: -11.636712, Exp of LogL: 0.000009, Normalized LogL: -1.662387, Exp of Normalized LogL: 0.189686, Best Rate: 0.3
Fault: [0,1,0,3,5,5], logL: -11.636712, Exp of LogL: 0.000009, Normalized LogL: -1.662387, Exp of Normalized LogL: 0.189686, Best Rate: 0.3
Fault: [0,1,0,3,3,5], logL: -11.636712, Exp of LogL: 0.000009, Normalized LogL: -1.662387, Exp of Normalized LogL: 0.189686, Best Rate: 0.3
Fault: [0,1,0,3,2,5], logL: -11.973185, Exp of LogL: 0.000006, Normalized LogL: -1.710455, Exp of Normalized LogL: 0.180784, Best Rate: 0.3
Fault: [0,1,0,3,4,5], logL: -11.973185, Exp of LogL: 0.000006, Normalized LogL: -1.710455, Exp of Normalized LogL: 0.180784, Best Rate: 0.3
Fault: [0,1,2,3,4,5], logL: -35.281730, Exp of LogL: 0.000000, Normalized LogL: -5.040247, Exp of Normalized LogL: 0.006472, Best Rate: 0.3
Fault: [0,1,5,3,4,5], logL: -36.254302, Exp of LogL: 0.000000, Normalized LogL: -5.179186, Exp of Normalized LogL: 0.005633, Best Rate: 0.3
Fault: [0,1,4,3,4,5], logL: -36.254302, Exp of LogL: 0.000000, Normalized LogL: -5.179186, Exp of Normalized LogL: 0.005633, Best Rate: 0.3

========= ADAPTIVE MC DEBUG =========
Total calls: 70
Avg tries: 179.29
Confidence stops: 70
Max stops: 0
Max stop rate: 0.000
Real Fault Rank 7
===== SEED 56 | FR=0.3 | VR=60 =====
executing with fault mode: [0,1,0,3,4,5]

Fault scores (higher is better):
Fault: [0,1,3,3,4,5], logL: -10.936766, Exp of LogL: 0.000018, Normalized LogL: -0.994251, Exp of Normalized LogL: 0.370000, Best Rate: 0.3
Fault: [0,1,1,3,4,5], logL: -11.939238, Exp of LogL: 0.000007, Normalized LogL: -1.085385, Exp of Normalized LogL: 0.337772, Best Rate: 0.3
Fault: [0,1,0,3,0,5], logL: -12.523702, Exp of LogL: 0.000004, Normalized LogL: -1.138518, Exp of Normalized LogL: 0.320293, Best Rate: 0.3
Fault: [0,1,0,3,5,5], logL: -12.523702, Exp of LogL: 0.000004, Normalized LogL: -1.138518, Exp of Normalized LogL: 0.320293, Best Rate: 0.3
Fault: [0,1,0,3,3,5], logL: -12.523702, Exp of LogL: 0.000004, Normalized LogL: -1.138518, Exp of Normalized LogL: 0.320293, Best Rate: 0.3
Fault: [0,1,0,3,2,5], logL: -12.860174, Exp of LogL: 0.000003, Normalized LogL: -1.169107, Exp of Normalized LogL: 0.310644, Best Rate: 0.3
Fault: [0,1,0,3,4,5], logL: -12.911467, Exp of LogL: 0.000002, Normalized LogL: -1.173770, Exp of Normalized LogL: 0.309199, Best Rate: 0.3
Fault: [0,1,2,3,4,5], logL: -36.242866, Exp of LogL: 0.000000, Normalized LogL: -3.294806, Exp of Normalized LogL: 0.037075, Best Rate: 0.3
Fault: [0,1,5,3,4,5], logL: -37.112500, Exp of LogL: 0.000000, Normalized LogL: -3.373864, Exp of Normalized LogL: 0.034257, Best Rate: 0.3
Fault: [0,1,4,3,4,5], logL: -37.112500, Exp of LogL: 0.000000, Normalized LogL: -3.373864, Exp of Normalized LogL: 0.034257, Best Rate: 0.3

========= ADAPTIVE MC DEBUG =========
Total calls: 110
Avg tries: 172.73
Confidence stops: 110
Max stops: 0
Max stop rate: 0.000
Real Fault Rank 7
===== SEED 56 | FR=0.3 | VR=80 =====
executing with fault mode: [0,1,0,3,4,5]

Fault scores (higher is better):
Fault: [0,1,3,3,4,5], logL: -11.783097, Exp of LogL: 0.000008, Normalized LogL: -0.841650, Exp of Normalized LogL: 0.430999, Best Rate: 0.3
Fault: [0,1,1,3,4,5], logL: -12.779589, Exp of LogL: 0.000003, Normalized LogL: -0.912828, Exp of Normalized LogL: 0.401388, Best Rate: 0.3
Fault: [0,1,0,3,4,5], logL: -13.743924, Exp of LogL: 0.000001, Normalized LogL: -0.981709, Exp of Normalized LogL: 0.374670, Best Rate: 0.3
Fault: [0,1,0,3,0,5], logL: -14.381191, Exp of LogL: 0.000001, Normalized LogL: -1.027228, Exp of Normalized LogL: 0.357998, Best Rate: 0.3
Fault: [0,1,0,3,5,5], logL: -14.381191, Exp of LogL: 0.000001, Normalized LogL: -1.027228, Exp of Normalized LogL: 0.357998, Best Rate: 0.3
Fault: [0,1,0,3,3,5], logL: -14.381191, Exp of LogL: 0.000001, Normalized LogL: -1.027228, Exp of Normalized LogL: 0.357998, Best Rate: 0.3
Fault: [0,1,0,3,2,5], logL: -14.381191, Exp of LogL: 0.000001, Normalized LogL: -1.027228, Exp of Normalized LogL: 0.357998, Best Rate: 0.3
Fault: [0,1,2,3,4,5], logL: -37.103304, Exp of LogL: 0.000000, Normalized LogL: -2.650236, Exp of Normalized LogL: 0.070635, Best Rate: 0.3
Fault: [0,1,5,3,4,5], logL: -37.958831, Exp of LogL: 0.000000, Normalized LogL: -2.711345, Exp of Normalized LogL: 0.066447, Best Rate: 0.3
Fault: [0,1,4,3,4,5], logL: -37.958831, Exp of LogL: 0.000000, Normalized LogL: -2.711345, Exp of Normalized LogL: 0.066447, Best Rate: 0.3

========= ADAPTIVE MC DEBUG =========
Total calls: 140
Avg tries: 173.57
Confidence stops: 140
Max stops: 0
Max stop rate: 0.000
Real Fault Rank 3
===== SEED 56 | FR=0.3 | VR=100 =====
executing with fault mode: [0,1,0,3,4,5]

Fault scores (higher is better):
Fault: [0,1,3,3,4,5], logL: -11.900700, Exp of LogL: 0.000007, Normalized LogL: -0.661150, Exp of Normalized LogL: 0.516257, Best Rate: 0.3
Fault: [0,1,1,3,4,5], logL: -12.897193, Exp of LogL: 0.000003, Normalized LogL: -0.716511, Exp of Normalized LogL: 0.488454, Best Rate: 0.3
Fault: [0,1,0,3,4,5], logL: -13.861528, Exp of LogL: 0.000001, Normalized LogL: -0.770085, Exp of Normalized LogL: 0.462974, Best Rate: 0.3
Fault: [0,1,0,3,0,5], logL: -14.239864, Exp of LogL: 0.000001, Normalized LogL: -0.791104, Exp of Normalized LogL: 0.453344, Best Rate: 0.3
Fault: [0,1,0,3,5,5], logL: -14.239864, Exp of LogL: 0.000001, Normalized LogL: -0.791104, Exp of Normalized LogL: 0.453344, Best Rate: 0.3
Fault: [0,1,0,3,3,5], logL: -14.239864, Exp of LogL: 0.000001, Normalized LogL: -0.791104, Exp of Normalized LogL: 0.453344, Best Rate: 0.3
Fault: [0,1,0,3,2,5], logL: -14.239864, Exp of LogL: 0.000001, Normalized LogL: -0.791104, Exp of Normalized LogL: 0.453344, Best Rate: 0.3
Fault: [0,1,2,3,4,5], logL: -37.220907, Exp of LogL: 0.000000, Normalized LogL: -2.067828, Exp of Normalized LogL: 0.126460, Best Rate: 0.3
Fault: [0,1,5,3,4,5], logL: -38.076434, Exp of LogL: 0.000000, Normalized LogL: -2.115357, Exp of Normalized LogL: 0.120590, Best Rate: 0.3
Fault: [0,1,4,3,4,5], logL: -38.076434, Exp of LogL: 0.000000, Normalized LogL: -2.115357, Exp of Normalized LogL: 0.120590, Best Rate: 0.3

========= ADAPTIVE MC DEBUG =========
Total calls: 180
Avg tries: 178.89
Confidence stops: 180
Max stops: 0
Max stop rate: 0.000
Real Fault Rank 3
================= 22/08/2026 04:50:49: SEED 56 END =================
================= 22/08/2026 04:50:49: SEED 57 (55/100), a*=2 fault=[0,1,5,3,4,5] START =================
===== SEED 57 | FR=0.3 | VR=20 =====
executing with fault mode: [0,1,5,3,4,5]

Fault scores (higher is better):
Fault: [0,1,5,3,3,5], logL: -9.694849, Exp of LogL: 0.000062, Normalized LogL: -2.423712, Exp of Normalized LogL: 0.088592, Best Rate: 0.3
Fault: [0,1,5,3,0,5], logL: -9.694849, Exp of LogL: 0.000062, Normalized LogL: -2.423712, Exp of Normalized LogL: 0.088592, Best Rate: 0.3
Fault: [0,1,5,3,4,5], logL: -9.848999, Exp of LogL: 0.000053, Normalized LogL: -2.462250, Exp of Normalized LogL: 0.085243, Best Rate: 0.3
Fault: [0,1,4,3,4,5], logL: -9.848999, Exp of LogL: 0.000053, Normalized LogL: -2.462250, Exp of Normalized LogL: 0.085243, Best Rate: 0.3
Fault: [0,1,5,3,5,5], logL: -9.848999, Exp of LogL: 0.000053, Normalized LogL: -2.462250, Exp of Normalized LogL: 0.085243, Best Rate: 0.3
Fault: [0,1,5,3,2,5], logL: -9.848999, Exp of LogL: 0.000053, Normalized LogL: -2.462250, Exp of Normalized LogL: 0.085243, Best Rate: 0.3
Fault: [0,1,3,3,4,5], logL: -10.542147, Exp of LogL: 0.000026, Normalized LogL: -2.635537, Exp of Normalized LogL: 0.071680, Best Rate: 0.3
Fault: [0,1,1,3,4,5], logL: -10.765290, Exp of LogL: 0.000021, Normalized LogL: -2.691323, Exp of Normalized LogL: 0.067791, Best Rate: 0.3
Fault: [0,1,2,3,4,5], logL: -11.458437, Exp of LogL: 0.000011, Normalized LogL: -2.864609, Exp of Normalized LogL: 0.057005, Best Rate: 0.3
Fault: [0,1,0,3,4,5], logL: -34.366505, Exp of LogL: 0.000000, Normalized LogL: -8.591626, Exp of Normalized LogL: 0.000186, Best Rate: 0.3

========= ADAPTIVE MC DEBUG =========
Total calls: 40
Avg tries: 175.00
Confidence stops: 40
Max stops: 0
Max stop rate: 0.000
Real Fault Rank 3
===== SEED 57 | FR=0.3 | VR=40 =====
executing with fault mode: [0,1,5,3,4,5]

Fault scores (higher is better):
Fault: [0,1,5,3,4,5], logL: -13.933988, Exp of LogL: 0.000001, Normalized LogL: -1.741748, Exp of Normalized LogL: 0.175214, Best Rate: 0.3
Fault: [0,1,4,3,4,5], logL: -13.933988, Exp of LogL: 0.000001, Normalized LogL: -1.741748, Exp of Normalized LogL: 0.175214, Best Rate: 0.3
Fault: [0,1,5,3,3,5], logL: -14.493604, Exp of LogL: 0.000001, Normalized LogL: -1.811700, Exp of Normalized LogL: 0.163376, Best Rate: 0.3
Fault: [0,1,5,3,0,5], logL: -14.493604, Exp of LogL: 0.000001, Normalized LogL: -1.811700, Exp of Normalized LogL: 0.163376, Best Rate: 0.3
Fault: [0,1,5,3,5,5], logL: -14.493604, Exp of LogL: 0.000001, Normalized LogL: -1.811700, Exp of Normalized LogL: 0.163376, Best Rate: 0.3
Fault: [0,1,5,3,2,5], logL: -14.493604, Exp of LogL: 0.000001, Normalized LogL: -1.811700, Exp of Normalized LogL: 0.163376, Best Rate: 0.3
Fault: [0,1,3,3,4,5], logL: -15.214922, Exp of LogL: 0.000000, Normalized LogL: -1.901865, Exp of Normalized LogL: 0.149290, Best Rate: 0.3
Fault: [0,1,1,3,4,5], logL: -38.658939, Exp of LogL: 0.000000, Normalized LogL: -4.832367, Exp of Normalized LogL: 0.007968, Best Rate: 0.3
Fault: [0,1,2,3,4,5], logL: -39.102741, Exp of LogL: 0.000000, Normalized LogL: -4.887843, Exp of Normalized LogL: 0.007538, Best Rate: 0.3
Fault: [0,1,0,3,4,5], logL: -40.045234, Exp of LogL: 0.000000, Normalized LogL: -5.005654, Exp of Normalized LogL: 0.006700, Best Rate: 0.3

========= ADAPTIVE MC DEBUG =========
Total calls: 80
Avg tries: 168.75
Confidence stops: 80
Max stops: 0
Max stop rate: 0.000
Real Fault Rank 1
===== SEED 57 | FR=0.3 | VR=60 =====
executing with fault mode: [0,1,5,3,4,5]

Fault scores (higher is better):
Fault: [0,1,5,3,4,5], logL: -16.736477, Exp of LogL: 0.000000, Normalized LogL: -1.394706, Exp of Normalized LogL: 0.247906, Best Rate: 0.3
Fault: [0,1,4,3,4,5], logL: -16.736477, Exp of LogL: 0.000000, Normalized LogL: -1.394706, Exp of Normalized LogL: 0.247906, Best Rate: 0.3
Fault: [0,1,5,3,3,5], logL: -17.050135, Exp of LogL: 0.000000, Normalized LogL: -1.420845, Exp of Normalized LogL: 0.241510, Best Rate: 0.3
Fault: [0,1,5,3,0,5], logL: -17.050135, Exp of LogL: 0.000000, Normalized LogL: -1.420845, Exp of Normalized LogL: 0.241510, Best Rate: 0.3
Fault: [0,1,5,3,5,5], logL: -17.050135, Exp of LogL: 0.000000, Normalized LogL: -1.420845, Exp of Normalized LogL: 0.241510, Best Rate: 0.3
Fault: [0,1,5,3,2,5], logL: -17.050135, Exp of LogL: 0.000000, Normalized LogL: -1.420845, Exp of Normalized LogL: 0.241510, Best Rate: 0.3
Fault: [0,1,3,3,4,5], logL: -17.429624, Exp of LogL: 0.000000, Normalized LogL: -1.452469, Exp of Normalized LogL: 0.233992, Best Rate: 0.3
Fault: [0,1,0,3,4,5], logL: -20.073187, Exp of LogL: 0.000000, Normalized LogL: -1.672766, Exp of Normalized LogL: 0.187727, Best Rate: 0.3
Fault: [0,1,1,3,4,5], logL: -41.507949, Exp of LogL: 0.000000, Normalized LogL: -3.458996, Exp of Normalized LogL: 0.031461, Best Rate: 0.3
Fault: [0,1,2,3,4,5], logL: -66.769360, Exp of LogL: 0.000000, Normalized LogL: -5.564113, Exp of Normalized LogL: 0.003833, Best Rate: 0.3

========= ADAPTIVE MC DEBUG =========
Total calls: 120
Avg tries: 173.75
Confidence stops: 120
Max stops: 0
Max stop rate: 0.000
Real Fault Rank 1
===== SEED 57 | FR=0.3 | VR=80 =====
executing with fault mode: [0,1,5,3,4,5]

Fault scores (higher is better):
Fault: [0,1,5,3,4,5], logL: -18.190713, Exp of LogL: 0.000000, Normalized LogL: -1.136920, Exp of Normalized LogL: 0.320806, Best Rate: 0.3
Fault: [0,1,4,3,4,5], logL: -18.190713, Exp of LogL: 0.000000, Normalized LogL: -1.136920, Exp of Normalized LogL: 0.320806, Best Rate: 0.3
Fault: [0,1,5,3,3,5], logL: -18.504371, Exp of LogL: 0.000000, Normalized LogL: -1.156523, Exp of Normalized LogL: 0.314578, Best Rate: 0.3
Fault: [0,1,5,3,0,5], logL: -18.504371, Exp of LogL: 0.000000, Normalized LogL: -1.156523, Exp of Normalized LogL: 0.314578, Best Rate: 0.3
Fault: [0,1,5,3,5,5], logL: -18.504371, Exp of LogL: 0.000000, Normalized LogL: -1.156523, Exp of Normalized LogL: 0.314578, Best Rate: 0.3
Fault: [0,1,5,3,2,5], logL: -18.504371, Exp of LogL: 0.000000, Normalized LogL: -1.156523, Exp of Normalized LogL: 0.314578, Best Rate: 0.3
Fault: [0,1,3,3,4,5], logL: -44.044415, Exp of LogL: 0.000000, Normalized LogL: -2.752776, Exp of Normalized LogL: 0.063751, Best Rate: 0.3
Fault: [0,1,1,3,4,5], logL: -44.633336, Exp of LogL: 0.000000, Normalized LogL: -2.789583, Exp of Normalized LogL: 0.061447, Best Rate: 0.3
Fault: [0,1,0,3,4,5], logL: -45.407659, Exp of LogL: 0.000000, Normalized LogL: -2.837979, Exp of Normalized LogL: 0.058544, Best Rate: 0.3
Fault: [0,1,2,3,4,5], logL: -69.261218, Exp of LogL: 0.000000, Normalized LogL: -4.328826, Exp of Normalized LogL: 0.013183, Best Rate: 0.3

========= ADAPTIVE MC DEBUG =========
Total calls: 160
Avg tries: 176.56
Confidence stops: 160
Max stops: 0
Max stop rate: 0.000
Real Fault Rank 1
===== SEED 57 | FR=0.3 | VR=100 =====
executing with fault mode: [0,1,5,3,4,5]

Fault scores (higher is better):
Fault: [0,1,5,3,4,5], logL: -19.259593, Exp of LogL: 0.000000, Normalized LogL: -0.962980, Exp of Normalized LogL: 0.381754, Best Rate: 0.3
Fault: [0,1,4,3,4,5], logL: -19.259593, Exp of LogL: 0.000000, Normalized LogL: -0.962980, Exp of Normalized LogL: 0.381754, Best Rate: 0.3
Fault: [0,1,5,3,3,5], logL: -19.551729, Exp of LogL: 0.000000, Normalized LogL: -0.977586, Exp of Normalized LogL: 0.376218, Best Rate: 0.3
Fault: [0,1,5,3,0,5], logL: -19.551729, Exp of LogL: 0.000000, Normalized LogL: -0.977586, Exp of Normalized LogL: 0.376218, Best Rate: 0.3
Fault: [0,1,5,3,5,5], logL: -19.551729, Exp of LogL: 0.000000, Normalized LogL: -0.977586, Exp of Normalized LogL: 0.376218, Best Rate: 0.3
Fault: [0,1,5,3,2,5], logL: -19.551729, Exp of LogL: 0.000000, Normalized LogL: -0.977586, Exp of Normalized LogL: 0.376218, Best Rate: 0.3
Fault: [0,1,3,3,4,5], logL: -45.113295, Exp of LogL: 0.000000, Normalized LogL: -2.255665, Exp of Normalized LogL: 0.104804, Best Rate: 0.3
Fault: [0,1,1,3,4,5], logL: -45.703094, Exp of LogL: 0.000000, Normalized LogL: -2.285155, Exp of Normalized LogL: 0.101758, Best Rate: 0.3
Fault: [0,1,0,3,4,5], logL: -46.371955, Exp of LogL: 0.000000, Normalized LogL: -2.318598, Exp of Normalized LogL: 0.098411, Best Rate: 0.3
Fault: [0,1,2,3,4,5], logL: -70.303000, Exp of LogL: 0.000000, Normalized LogL: -3.515150, Exp of Normalized LogL: 0.029743, Best Rate: 0.3

========= ADAPTIVE MC DEBUG =========
Total calls: 200
Avg tries: 178.75
Confidence stops: 200
Max stops: 0
Max stop rate: 0.000
Real Fault Rank 1
================= 22/08/2026 04:51:07: SEED 57 END =================
================= 22/08/2026 04:51:07: SEED 58 (56/100), a*=0 fault=[4,1,2,3,4,5] START =================
===== SEED 58 | FR=0.3 | VR=20 =====
executing with fault mode: [4,1,2,3,4,5]

Fault scores (higher is better):
Fault: [3,1,2,3,4,5], logL: -11.131534, Exp of LogL: 0.000015, Normalized LogL: -2.226307, Exp of Normalized LogL: 0.107926, Best Rate: 0.3
Fault: [4,1,2,3,4,5], logL: -11.131534, Exp of LogL: 0.000015, Normalized LogL: -2.226307, Exp of Normalized LogL: 0.107926, Best Rate: 0.3
Fault: [5,1,2,3,4,5], logL: -11.131534, Exp of LogL: 0.000015, Normalized LogL: -2.226307, Exp of Normalized LogL: 0.107926, Best Rate: 0.3
Fault: [0,1,2,3,4,5], logL: -11.188693, Exp of LogL: 0.000014, Normalized LogL: -2.237739, Exp of Normalized LogL: 0.106700, Best Rate: 0.3
Fault: [4,1,2,3,0,5], logL: -11.456957, Exp of LogL: 0.000011, Normalized LogL: -2.291391, Exp of Normalized LogL: 0.101126, Best Rate: 0.3
Fault: [4,1,2,3,3,5], logL: -11.456957, Exp of LogL: 0.000011, Normalized LogL: -2.291391, Exp of Normalized LogL: 0.101126, Best Rate: 0.3
Fault: [4,1,2,3,5,5], logL: -11.456957, Exp of LogL: 0.000011, Normalized LogL: -2.291391, Exp of Normalized LogL: 0.101126, Best Rate: 0.3
Fault: [4,1,2,3,1,5], logL: -11.624011, Exp of LogL: 0.000009, Normalized LogL: -2.324802, Exp of Normalized LogL: 0.097803, Best Rate: 0.3
Fault: [2,1,2,3,4,5], logL: -11.624011, Exp of LogL: 0.000009, Normalized LogL: -2.324802, Exp of Normalized LogL: 0.097803, Best Rate: 0.3
Fault: [1,1,2,3,4,5], logL: -11.719321, Exp of LogL: 0.000008, Normalized LogL: -2.343864, Exp of Normalized LogL: 0.095956, Best Rate: 0.3

========= ADAPTIVE MC DEBUG =========
Total calls: 50
Avg tries: 170.00
Confidence stops: 50
Max stops: 0
Max stop rate: 0.000
Real Fault Rank 2
===== SEED 58 | FR=0.3 | VR=40 =====
executing with fault mode: [4,1,2,3,4,5]

Fault scores (higher is better):
Fault: [4,1,2,3,4,5], logL: -12.639472, Exp of LogL: 0.000003, Normalized LogL: -1.404386, Exp of Normalized LogL: 0.245518, Best Rate: 0.3
Fault: [5,1,2,3,4,5], logL: -12.639472, Exp of LogL: 0.000003, Normalized LogL: -1.404386, Exp of Normalized LogL: 0.245518, Best Rate: 0.3
Fault: [4,1,2,3,0,5], logL: -12.662229, Exp of LogL: 0.000003, Normalized LogL: -1.406914, Exp of Normalized LogL: 0.244898, Best Rate: 0.3
Fault: [4,1,2,3,3,5], logL: -12.662229, Exp of LogL: 0.000003, Normalized LogL: -1.406914, Exp of Normalized LogL: 0.244898, Best Rate: 0.3
Fault: [4,1,2,3,5,5], logL: -12.662229, Exp of LogL: 0.000003, Normalized LogL: -1.406914, Exp of Normalized LogL: 0.244898, Best Rate: 0.3
Fault: [3,1,2,3,4,5], logL: -12.927154, Exp of LogL: 0.000002, Normalized LogL: -1.436350, Exp of Normalized LogL: 0.237794, Best Rate: 0.3
Fault: [4,1,2,3,1,5], logL: -13.010535, Exp of LogL: 0.000002, Normalized LogL: -1.445615, Exp of Normalized LogL: 0.235601, Best Rate: 0.3
Fault: [0,1,2,3,4,5], logL: -13.332619, Exp of LogL: 0.000002, Normalized LogL: -1.481402, Exp of Normalized LogL: 0.227319, Best Rate: 0.3
Fault: [1,1,2,3,4,5], logL: -13.514940, Exp of LogL: 0.000001, Normalized LogL: -1.501660, Exp of Normalized LogL: 0.222760, Best Rate: 0.3
Fault: [2,1,2,3,4,5], logL: -13.738084, Exp of LogL: 0.000001, Normalized LogL: -1.526454, Exp of Normalized LogL: 0.217305, Best Rate: 0.3

========= ADAPTIVE MC DEBUG =========
Total calls: 90
Avg tries: 174.44
Confidence stops: 90
Max stops: 0
Max stop rate: 0.000
Real Fault Rank 1
===== SEED 58 | FR=0.3 | VR=60 =====
executing with fault mode: [4,1,2,3,4,5]

Fault scores (higher is better):
Fault: [4,1,2,3,4,5], logL: -13.893797, Exp of LogL: 0.000001, Normalized LogL: -1.068754, Exp of Normalized LogL: 0.343436, Best Rate: 0.3
Fault: [5,1,2,3,4,5], logL: -13.893797, Exp of LogL: 0.000001, Normalized LogL: -1.068754, Exp of Normalized LogL: 0.343436, Best Rate: 0.3
Fault: [4,1,2,3,0,5], logL: -13.916554, Exp of LogL: 0.000001, Normalized LogL: -1.070504, Exp of Normalized LogL: 0.342836, Best Rate: 0.3
Fault: [4,1,2,3,3,5], logL: -13.916554, Exp of LogL: 0.000001, Normalized LogL: -1.070504, Exp of Normalized LogL: 0.342836, Best Rate: 0.3
Fault: [4,1,2,3,5,5], logL: -13.916554, Exp of LogL: 0.000001, Normalized LogL: -1.070504, Exp of Normalized LogL: 0.342836, Best Rate: 0.3
Fault: [3,1,2,3,4,5], logL: -14.181479, Exp of LogL: 0.000001, Normalized LogL: -1.090883, Exp of Normalized LogL: 0.335920, Best Rate: 0.3
Fault: [4,1,2,3,1,5], logL: -14.264861, Exp of LogL: 0.000001, Normalized LogL: -1.097297, Exp of Normalized LogL: 0.333772, Best Rate: 0.3
Fault: [0,1,2,3,4,5], logL: -14.586944, Exp of LogL: 0.000000, Normalized LogL: -1.122073, Exp of Normalized LogL: 0.325604, Best Rate: 0.3
Fault: [1,1,2,3,4,5], logL: -14.769266, Exp of LogL: 0.000000, Normalized LogL: -1.136097, Exp of Normalized LogL: 0.321070, Best Rate: 0.3
Fault: [2,1,2,3,4,5], logL: -14.992409, Exp of LogL: 0.000000, Normalized LogL: -1.153262, Exp of Normalized LogL: 0.315605, Best Rate: 0.3

========= ADAPTIVE MC DEBUG =========
Total calls: 130
Avg tries: 174.62
Confidence stops: 130
Max stops: 0
Max stop rate: 0.000
Real Fault Rank 1
===== SEED 58 | FR=0.3 | VR=80 =====
executing with fault mode: [4,1,2,3,4,5]

Fault scores (higher is better):
Fault: [4,1,2,3,4,5], logL: -13.620533, Exp of LogL: 0.000001, Normalized LogL: -0.801208, Exp of Normalized LogL: 0.448787, Best Rate: 0.3
Fault: [5,1,2,3,4,5], logL: -13.620533, Exp of LogL: 0.000001, Normalized LogL: -0.801208, Exp of Normalized LogL: 0.448787, Best Rate: 0.3
Fault: [4,1,2,3,0,5], logL: -13.991597, Exp of LogL: 0.000001, Normalized LogL: -0.823035, Exp of Normalized LogL: 0.439097, Best Rate: 0.3
Fault: [4,1,2,3,3,5], logL: -13.991597, Exp of LogL: 0.000001, Normalized LogL: -0.823035, Exp of Normalized LogL: 0.439097, Best Rate: 0.3
Fault: [4,1,2,3,1,5], logL: -13.991597, Exp of LogL: 0.000001, Normalized LogL: -0.823035, Exp of Normalized LogL: 0.439097, Best Rate: 0.3
Fault: [4,1,2,3,5,5], logL: -13.991597, Exp of LogL: 0.000001, Normalized LogL: -0.823035, Exp of Normalized LogL: 0.439097, Best Rate: 0.3
Fault: [3,1,2,3,4,5], logL: -14.115610, Exp of LogL: 0.000001, Normalized LogL: -0.830330, Exp of Normalized LogL: 0.435905, Best Rate: 0.3
Fault: [0,1,2,3,4,5], logL: -14.645638, Exp of LogL: 0.000000, Normalized LogL: -0.861508, Exp of Normalized LogL: 0.422524, Best Rate: 0.3
Fault: [1,1,2,3,4,5], logL: -15.384121, Exp of LogL: 0.000000, Normalized LogL: -0.904948, Exp of Normalized LogL: 0.404563, Best Rate: 0.3
Fault: [2,1,2,3,4,5], logL: -15.582792, Exp of LogL: 0.000000, Normalized LogL: -0.916635, Exp of Normalized LogL: 0.399862, Best Rate: 0.3

========= ADAPTIVE MC DEBUG =========
Total calls: 170
Avg tries: 182.06
Confidence stops: 170
Max stops: 0
Max stop rate: 0.000
Real Fault Rank 1
===== SEED 58 | FR=0.3 | VR=100 =====
executing with fault mode: [4,1,2,3,4,5]

Fault scores (higher is better):
Fault: [3,1,2,3,4,5], logL: -15.843342, Exp of LogL: 0.000000, Normalized LogL: -0.720152, Exp of Normalized LogL: 0.486678, Best Rate: 0.3
Fault: [4,1,2,3,4,5], logL: -15.932687, Exp of LogL: 0.000000, Normalized LogL: -0.724213, Exp of Normalized LogL: 0.484706, Best Rate: 0.3
Fault: [5,1,2,3,4,5], logL: -15.932687, Exp of LogL: 0.000000, Normalized LogL: -0.724213, Exp of Normalized LogL: 0.484706, Best Rate: 0.3
Fault: [4,1,2,3,0,5], logL: -16.303751, Exp of LogL: 0.000000, Normalized LogL: -0.741080, Exp of Normalized LogL: 0.476599, Best Rate: 0.3
Fault: [4,1,2,3,3,5], logL: -16.303751, Exp of LogL: 0.000000, Normalized LogL: -0.741080, Exp of Normalized LogL: 0.476599, Best Rate: 0.3
Fault: [4,1,2,3,1,5], logL: -16.303751, Exp of LogL: 0.000000, Normalized LogL: -0.741080, Exp of Normalized LogL: 0.476599, Best Rate: 0.3
Fault: [4,1,2,3,5,5], logL: -16.303751, Exp of LogL: 0.000000, Normalized LogL: -0.741080, Exp of Normalized LogL: 0.476599, Best Rate: 0.3
Fault: [0,1,2,3,4,5], logL: -16.493809, Exp of LogL: 0.000000, Normalized LogL: -0.749719, Exp of Normalized LogL: 0.472499, Best Rate: 0.3
Fault: [1,1,2,3,4,5], logL: -17.115181, Exp of LogL: 0.000000, Normalized LogL: -0.777963, Exp of Normalized LogL: 0.459341, Best Rate: 0.3
Fault: [2,1,2,3,4,5], logL: -17.213577, Exp of LogL: 0.000000, Normalized LogL: -0.782435, Exp of Normalized LogL: 0.457291, Best Rate: 0.3

========= ADAPTIVE MC DEBUG =========
Total calls: 220
Avg tries: 181.82
Confidence stops: 220
Max stops: 0
Max stop rate: 0.000
Real Fault Rank 2
================= 22/08/2026 04:51:28: SEED 58 END =================
================= 22/08/2026 04:51:28: SEED 59 (57/100), a*=3 fault=[0,1,2,2,4,5] START =================
===== SEED 59 | FR=0.3 | VR=20 =====
executing with fault mode: [0,1,2,2,4,5]

executing with fault mode: [0,1,2,2,4,5]

Fault scores (higher is better):
Fault: [0,1,2,2,5,5], logL: -15.233449, Exp of LogL: 0.000000, Normalized LogL: -2.176207, Exp of Normalized LogL: 0.113471, Best Rate: 0.3
Fault: [0,1,2,2,3,5], logL: -15.233449, Exp of LogL: 0.000000, Normalized LogL: -2.176207, Exp of Normalized LogL: 0.113471, Best Rate: 0.3
Fault: [0,1,2,2,0,5], logL: -15.333532, Exp of LogL: 0.000000, Normalized LogL: -2.190505, Exp of Normalized LogL: 0.111860, Best Rate: 0.3
Fault: [0,1,2,2,2,5], logL: -15.387599, Exp of LogL: 0.000000, Normalized LogL: -2.198228, Exp of Normalized LogL: 0.111000, Best Rate: 0.3
Fault: [0,1,2,2,4,5], logL: -15.638914, Exp of LogL: 0.000000, Normalized LogL: -2.234131, Exp of Normalized LogL: 0.107085, Best Rate: 0.3
Fault: [0,1,2,0,4,5], logL: -15.926937, Exp of LogL: 0.000000, Normalized LogL: -2.275277, Exp of Normalized LogL: 0.102768, Best Rate: 0.3
Fault: [0,1,2,5,4,5], logL: -39.845615, Exp of LogL: 0.000000, Normalized LogL: -5.692231, Exp of Normalized LogL: 0.003372, Best Rate: 0.3
Fault: [0,1,2,4,4,5], logL: -39.845615, Exp of LogL: 0.000000, Normalized LogL: -5.692231, Exp of Normalized LogL: 0.003372, Best Rate: 0.3
Fault: [0,1,2,3,4,5], logL: -40.611922, Exp of LogL: 0.000000, Normalized LogL: -5.801703, Exp of Normalized LogL: 0.003022, Best Rate: 0.3
Fault: [0,1,2,1,4,5], logL: -64.267330, Exp of LogL: 0.000000, Normalized LogL: -9.181047, Exp of Normalized LogL: 0.000103, Best Rate: 0.3

========= ADAPTIVE MC DEBUG =========
Total calls: 70
Avg tries: 180.71
Confidence stops: 70
Max stops: 0
Max stop rate: 0.000
Real Fault Rank 5
===== SEED 59 | FR=0.3 | VR=40 =====
executing with fault mode: [0,1,2,2,4,5]

executing with fault mode: [0,1,2,2,4,5]

Fault scores (higher is better):
Fault: [0,1,2,2,4,5], logL: -20.258486, Exp of LogL: 0.000000, Normalized LogL: -1.447035, Exp of Normalized LogL: 0.235267, Best Rate: 0.3
Fault: [0,1,2,2,0,5], logL: -20.552726, Exp of LogL: 0.000000, Normalized LogL: -1.468052, Exp of Normalized LogL: 0.230374, Best Rate: 0.3
Fault: [0,1,2,2,5,5], logL: -20.552726, Exp of LogL: 0.000000, Normalized LogL: -1.468052, Exp of Normalized LogL: 0.230374, Best Rate: 0.3
Fault: [0,1,2,2,3,5], logL: -20.552726, Exp of LogL: 0.000000, Normalized LogL: -1.468052, Exp of Normalized LogL: 0.230374, Best Rate: 0.3
Fault: [0,1,2,2,2,5], logL: -20.552726, Exp of LogL: 0.000000, Normalized LogL: -1.468052, Exp of Normalized LogL: 0.230374, Best Rate: 0.3
Fault: [0,1,2,0,4,5], logL: -22.408004, Exp of LogL: 0.000000, Normalized LogL: -1.600572, Exp of Normalized LogL: 0.201781, Best Rate: 0.3
Fault: [0,1,2,5,4,5], logL: -22.792345, Exp of LogL: 0.000000, Normalized LogL: -1.628025, Exp of Normalized LogL: 0.196317, Best Rate: 0.3
Fault: [0,1,2,4,4,5], logL: -22.792345, Exp of LogL: 0.000000, Normalized LogL: -1.628025, Exp of Normalized LogL: 0.196317, Best Rate: 0.3
Fault: [0,1,2,1,4,5], logL: -46.359531, Exp of LogL: 0.000000, Normalized LogL: -3.311395, Exp of Normalized LogL: 0.036465, Best Rate: 0.3
Fault: [0,1,2,3,4,5], logL: -48.961938, Exp of LogL: 0.000000, Normalized LogL: -3.497281, Exp of Normalized LogL: 0.030280, Best Rate: 0.3

========= ADAPTIVE MC DEBUG =========
Total calls: 140
Avg tries: 185.71
Confidence stops: 140
Max stops: 0
Max stop rate: 0.000
Real Fault Rank 1
===== SEED 59 | FR=0.3 | VR=60 =====
executing with fault mode: [0,1,2,2,4,5]

executing with fault mode: [0,1,2,2,4,5]

Fault scores (higher is better):
Fault: [0,1,2,2,4,5], logL: -23.756691, Exp of LogL: 0.000000, Normalized LogL: -1.187835, Exp of Normalized LogL: 0.304881, Best Rate: 0.3
Fault: [0,1,2,2,0,5], logL: -24.050931, Exp of LogL: 0.000000, Normalized LogL: -1.202547, Exp of Normalized LogL: 0.300428, Best Rate: 0.3
Fault: [0,1,2,2,5,5], logL: -24.050931, Exp of LogL: 0.000000, Normalized LogL: -1.202547, Exp of Normalized LogL: 0.300428, Best Rate: 0.3
Fault: [0,1,2,2,3,5], logL: -24.050931, Exp of LogL: 0.000000, Normalized LogL: -1.202547, Exp of Normalized LogL: 0.300428, Best Rate: 0.3
Fault: [0,1,2,2,2,5], logL: -24.050931, Exp of LogL: 0.000000, Normalized LogL: -1.202547, Exp of Normalized LogL: 0.300428, Best Rate: 0.3
Fault: [0,1,2,0,4,5], logL: -26.343274, Exp of LogL: 0.000000, Normalized LogL: -1.317164, Exp of Normalized LogL: 0.267894, Best Rate: 0.3
Fault: [0,1,2,1,4,5], logL: -51.075265, Exp of LogL: 0.000000, Normalized LogL: -2.553763, Exp of Normalized LogL: 0.077788, Best Rate: 0.3
Fault: [0,1,2,5,4,5], logL: -51.803531, Exp of LogL: 0.000000, Normalized LogL: -2.590177, Exp of Normalized LogL: 0.075007, Best Rate: 0.3
Fault: [0,1,2,4,4,5], logL: -51.803531, Exp of LogL: 0.000000, Normalized LogL: -2.590177, Exp of Normalized LogL: 0.075007, Best Rate: 0.3
Fault: [0,1,2,3,4,5], logL: -77.636980, Exp of LogL: 0.000000, Normalized LogL: -3.881849, Exp of Normalized LogL: 0.020613, Best Rate: 0.3

========= ADAPTIVE MC DEBUG =========
Total calls: 200
Avg tries: 183.25
Confidence stops: 200
Max stops: 0
Max stop rate: 0.000
Real Fault Rank 1
===== SEED 59 | FR=0.3 | VR=80 =====
executing with fault mode: [0,1,2,2,4,5]

executing with fault mode: [0,1,2,2,4,5]

Fault scores (higher is better):
Fault: [0,1,2,2,4,5], logL: -28.403722, Exp of LogL: 0.000000, Normalized LogL: -1.051990, Exp of Normalized LogL: 0.349242, Best Rate: 0.3
Fault: [0,1,2,2,0,5], logL: -28.697962, Exp of LogL: 0.000000, Normalized LogL: -1.062887, Exp of Normalized LogL: 0.345457, Best Rate: 0.3
Fault: [0,1,2,2,5,5], logL: -28.697962, Exp of LogL: 0.000000, Normalized LogL: -1.062887, Exp of Normalized LogL: 0.345457, Best Rate: 0.3
Fault: [0,1,2,2,3,5], logL: -28.697962, Exp of LogL: 0.000000, Normalized LogL: -1.062887, Exp of Normalized LogL: 0.345457, Best Rate: 0.3
Fault: [0,1,2,2,2,5], logL: -28.697962, Exp of LogL: 0.000000, Normalized LogL: -1.062887, Exp of Normalized LogL: 0.345457, Best Rate: 0.3
Fault: [0,1,2,0,4,5], logL: -32.264727, Exp of LogL: 0.000000, Normalized LogL: -1.194990, Exp of Normalized LogL: 0.302707, Best Rate: 0.3
Fault: [0,1,2,1,4,5], logL: -33.581434, Exp of LogL: 0.000000, Normalized LogL: -1.243757, Exp of Normalized LogL: 0.288299, Best Rate: 0.3
Fault: [0,1,2,5,4,5], logL: -83.108134, Exp of LogL: 0.000000, Normalized LogL: -3.078079, Exp of Normalized LogL: 0.046048, Best Rate: 0.3
Fault: [0,1,2,4,4,5], logL: -83.108134, Exp of LogL: 0.000000, Normalized LogL: -3.078079, Exp of Normalized LogL: 0.046048, Best Rate: 0.3
Fault: [0,1,2,3,4,5], logL: -108.023318, Exp of LogL: 0.000000, Normalized LogL: -4.000864, Exp of Normalized LogL: 0.018300, Best Rate: 0.3

========= ADAPTIVE MC DEBUG =========
Total calls: 270
Avg tries: 182.59
Confidence stops: 270
Max stops: 0
Max stop rate: 0.000
Real Fault Rank 1
===== SEED 59 | FR=0.3 | VR=100 =====
executing with fault mode: [0,1,2,2,4,5]

executing with fault mode: [0,1,2,2,4,5]

Fault scores (higher is better):
Fault: [0,1,2,2,4,5], logL: -30.654578, Exp of LogL: 0.000000, Normalized LogL: -0.901605, Exp of Normalized LogL: 0.405918, Best Rate: 0.3
Fault: [0,1,2,2,0,5], logL: -30.997068, Exp of LogL: 0.000000, Normalized LogL: -0.911678, Exp of Normalized LogL: 0.401849, Best Rate: 0.3
Fault: [0,1,2,2,5,5], logL: -30.997068, Exp of LogL: 0.000000, Normalized LogL: -0.911678, Exp of Normalized LogL: 0.401849, Best Rate: 0.3
Fault: [0,1,2,2,3,5], logL: -30.997068, Exp of LogL: 0.000000, Normalized LogL: -0.911678, Exp of Normalized LogL: 0.401849, Best Rate: 0.3
Fault: [0,1,2,2,2,5], logL: -30.997068, Exp of LogL: 0.000000, Normalized LogL: -0.911678, Exp of Normalized LogL: 0.401849, Best Rate: 0.3
Fault: [0,1,2,0,4,5], logL: -35.393940, Exp of LogL: 0.000000, Normalized LogL: -1.040998, Exp of Normalized LogL: 0.353102, Best Rate: 0.3
Fault: [0,1,2,1,4,5], logL: -36.270699, Exp of LogL: 0.000000, Normalized LogL: -1.066785, Exp of Normalized LogL: 0.344113, Best Rate: 0.3
Fault: [0,1,2,5,4,5], logL: -109.429386, Exp of LogL: 0.000000, Normalized LogL: -3.218511, Exp of Normalized LogL: 0.040015, Best Rate: 0.3
Fault: [0,1,2,4,4,5], logL: -109.429386, Exp of LogL: 0.000000, Normalized LogL: -3.218511, Exp of Normalized LogL: 0.040015, Best Rate: 0.3
Fault: [0,1,2,3,4,5], logL: -134.505163, Exp of LogL: 0.000000, Normalized LogL: -3.956034, Exp of Normalized LogL: 0.019139, Best Rate: 0.3

========= ADAPTIVE MC DEBUG =========
Total calls: 340
Avg tries: 181.03
Confidence stops: 340
Max stops: 0
Max stop rate: 0.000
Real Fault Rank 1
================= 22/08/2026 04:52:00: SEED 59 END =================
================= 22/08/2026 04:52:00: SEED 60 (58/100), a*=0 fault=[1,1,2,3,4,5] START =================
===== SEED 60 | FR=0.3 | VR=20 =====
executing with fault mode: [1,1,2,3,4,5]

Fault scores (higher is better):
Fault: [1,1,2,3,4,5], logL: -9.767144, Exp of LogL: 0.000057, Normalized LogL: -1.953429, Exp of Normalized LogL: 0.141787, Best Rate: 0.3
Fault: [1,1,2,3,3,5], logL: -10.261163, Exp of LogL: 0.000035, Normalized LogL: -2.052233, Exp of Normalized LogL: 0.128448, Best Rate: 0.3
Fault: [1,1,2,3,5,5], logL: -10.261163, Exp of LogL: 0.000035, Normalized LogL: -2.052233, Exp of Normalized LogL: 0.128448, Best Rate: 0.3
Fault: [1,1,2,3,2,5], logL: -10.261163, Exp of LogL: 0.000035, Normalized LogL: -2.052233, Exp of Normalized LogL: 0.128448, Best Rate: 0.3
Fault: [1,1,2,3,0,5], logL: -10.261163, Exp of LogL: 0.000035, Normalized LogL: -2.052233, Exp of Normalized LogL: 0.128448, Best Rate: 0.3
Fault: [2,1,2,3,4,5], logL: -11.141086, Exp of LogL: 0.000015, Normalized LogL: -2.228217, Exp of Normalized LogL: 0.107720, Best Rate: 0.3
Fault: [3,1,2,3,4,5], logL: -11.542097, Exp of LogL: 0.000010, Normalized LogL: -2.308419, Exp of Normalized LogL: 0.099418, Best Rate: 0.3
Fault: [5,1,2,3,4,5], logL: -12.198876, Exp of LogL: 0.000005, Normalized LogL: -2.439775, Exp of Normalized LogL: 0.087180, Best Rate: 0.3
Fault: [4,1,2,3,4,5], logL: -12.198876, Exp of LogL: 0.000005, Normalized LogL: -2.439775, Exp of Normalized LogL: 0.087180, Best Rate: 0.3
Fault: [0,1,2,3,4,5], logL: -34.363647, Exp of LogL: 0.000000, Normalized LogL: -6.872729, Exp of Normalized LogL: 0.001036, Best Rate: 0.3

========= ADAPTIVE MC DEBUG =========
Total calls: 50
Avg tries: 173.00
Confidence stops: 50
Max stops: 0
Max stop rate: 0.000
Real Fault Rank 1
===== SEED 60 | FR=0.3 | VR=40 =====
executing with fault mode: [1,1,2,3,4,5]

Fault scores (higher is better):
Fault: [1,1,2,3,4,5], logL: -13.224371, Exp of LogL: 0.000002, Normalized LogL: -1.322437, Exp of Normalized LogL: 0.266485, Best Rate: 0.3
Fault: [1,1,2,3,3,5], logL: -13.602707, Exp of LogL: 0.000001, Normalized LogL: -1.360271, Exp of Normalized LogL: 0.256591, Best Rate: 0.3
Fault: [1,1,2,3,5,5], logL: -13.602707, Exp of LogL: 0.000001, Normalized LogL: -1.360271, Exp of Normalized LogL: 0.256591, Best Rate: 0.3
Fault: [1,1,2,3,2,5], logL: -13.602707, Exp of LogL: 0.000001, Normalized LogL: -1.360271, Exp of Normalized LogL: 0.256591, Best Rate: 0.3
Fault: [1,1,2,3,0,5], logL: -13.602707, Exp of LogL: 0.000001, Normalized LogL: -1.360271, Exp of Normalized LogL: 0.256591, Best Rate: 0.3
Fault: [2,1,2,3,4,5], logL: -15.404788, Exp of LogL: 0.000000, Normalized LogL: -1.540479, Exp of Normalized LogL: 0.214278, Best Rate: 0.3
Fault: [5,1,2,3,4,5], logL: -16.608761, Exp of LogL: 0.000000, Normalized LogL: -1.660876, Exp of Normalized LogL: 0.189972, Best Rate: 0.3
Fault: [4,1,2,3,4,5], logL: -16.608761, Exp of LogL: 0.000000, Normalized LogL: -1.660876, Exp of Normalized LogL: 0.189972, Best Rate: 0.3
Fault: [3,1,2,3,4,5], logL: -16.735883, Exp of LogL: 0.000000, Normalized LogL: -1.673588, Exp of Normalized LogL: 0.187573, Best Rate: 0.3
Fault: [0,1,2,3,4,5], logL: -39.925416, Exp of LogL: 0.000000, Normalized LogL: -3.992542, Exp of Normalized LogL: 0.018453, Best Rate: 0.3

========= ADAPTIVE MC DEBUG =========
Total calls: 100
Avg tries: 165.00
Confidence stops: 100
Max stops: 0
Max stop rate: 0.000
Real Fault Rank 1
===== SEED 60 | FR=0.3 | VR=60 =====
executing with fault mode: [1,1,2,3,4,5]

Fault scores (higher is better):
Fault: [2,1,2,3,4,5], logL: -16.012823, Exp of LogL: 0.000000, Normalized LogL: -1.143773, Exp of Normalized LogL: 0.318615, Best Rate: 0.3
Fault: [1,1,2,3,4,5], logL: -16.686410, Exp of LogL: 0.000000, Normalized LogL: -1.191886, Exp of Normalized LogL: 0.303648, Best Rate: 0.3
Fault: [1,1,2,3,3,5], logL: -17.064746, Exp of LogL: 0.000000, Normalized LogL: -1.218910, Exp of Normalized LogL: 0.295552, Best Rate: 0.3
Fault: [1,1,2,3,5,5], logL: -17.064746, Exp of LogL: 0.000000, Normalized LogL: -1.218910, Exp of Normalized LogL: 0.295552, Best Rate: 0.3
Fault: [1,1,2,3,2,5], logL: -17.064746, Exp of LogL: 0.000000, Normalized LogL: -1.218910, Exp of Normalized LogL: 0.295552, Best Rate: 0.3
Fault: [1,1,2,3,0,5], logL: -17.064746, Exp of LogL: 0.000000, Normalized LogL: -1.218910, Exp of Normalized LogL: 0.295552, Best Rate: 0.3
Fault: [5,1,2,3,4,5], logL: -17.873576, Exp of LogL: 0.000000, Normalized LogL: -1.276684, Exp of Normalized LogL: 0.278961, Best Rate: 0.3
Fault: [4,1,2,3,4,5], logL: -17.873576, Exp of LogL: 0.000000, Normalized LogL: -1.276684, Exp of Normalized LogL: 0.278961, Best Rate: 0.3
Fault: [3,1,2,3,4,5], logL: -18.415875, Exp of LogL: 0.000000, Normalized LogL: -1.315420, Exp of Normalized LogL: 0.268362, Best Rate: 0.3
Fault: [0,1,2,3,4,5], logL: -19.771439, Exp of LogL: 0.000000, Normalized LogL: -1.412246, Exp of Normalized LogL: 0.243596, Best Rate: 0.3

========= ADAPTIVE MC DEBUG =========
Total calls: 140
Avg tries: 174.29
Confidence stops: 140
Max stops: 0
Max stop rate: 0.000
Real Fault Rank 2
===== SEED 60 | FR=0.3 | VR=80 =====
executing with fault mode: [1,1,2,3,4,5]

Fault scores (higher is better):
Fault: [2,1,2,3,4,5], logL: -18.707533, Exp of LogL: 0.000000, Normalized LogL: -0.984607, Exp of Normalized LogL: 0.373586, Best Rate: 0.3
Fault: [1,1,2,3,4,5], logL: -19.983738, Exp of LogL: 0.000000, Normalized LogL: -1.051776, Exp of Normalized LogL: 0.349317, Best Rate: 0.3
Fault: [1,1,2,3,3,5], logL: -20.362074, Exp of LogL: 0.000000, Normalized LogL: -1.071688, Exp of Normalized LogL: 0.342430, Best Rate: 0.3
Fault: [1,1,2,3,5,5], logL: -20.362074, Exp of LogL: 0.000000, Normalized LogL: -1.071688, Exp of Normalized LogL: 0.342430, Best Rate: 0.3
Fault: [1,1,2,3,2,5], logL: -20.362074, Exp of LogL: 0.000000, Normalized LogL: -1.071688, Exp of Normalized LogL: 0.342430, Best Rate: 0.3
Fault: [1,1,2,3,0,5], logL: -20.362074, Exp of LogL: 0.000000, Normalized LogL: -1.071688, Exp of Normalized LogL: 0.342430, Best Rate: 0.3
Fault: [5,1,2,3,4,5], logL: -21.203215, Exp of LogL: 0.000000, Normalized LogL: -1.115959, Exp of Normalized LogL: 0.327601, Best Rate: 0.3
Fault: [4,1,2,3,4,5], logL: -21.203215, Exp of LogL: 0.000000, Normalized LogL: -1.115959, Exp of Normalized LogL: 0.327601, Best Rate: 0.3
Fault: [3,1,2,3,4,5], logL: -21.611029, Exp of LogL: 0.000000, Normalized LogL: -1.137423, Exp of Normalized LogL: 0.320644, Best Rate: 0.3
Fault: [0,1,2,3,4,5], logL: -21.982155, Exp of LogL: 0.000000, Normalized LogL: -1.156956, Exp of Normalized LogL: 0.314442, Best Rate: 0.3

========= ADAPTIVE MC DEBUG =========
Total calls: 190
Avg tries: 179.21
Confidence stops: 190
Max stops: 0
Max stop rate: 0.000
Real Fault Rank 2
===== SEED 60 | FR=0.3 | VR=100 =====
executing with fault mode: [1,1,2,3,4,5]

Fault scores (higher is better):
Fault: [1,1,2,3,4,5], logL: -21.852692, Exp of LogL: 0.000000, Normalized LogL: -0.910529, Exp of Normalized LogL: 0.402311, Best Rate: 0.3
Fault: [1,1,2,3,3,5], logL: -22.231029, Exp of LogL: 0.000000, Normalized LogL: -0.926293, Exp of Normalized LogL: 0.396019, Best Rate: 0.3
Fault: [1,1,2,3,5,5], logL: -22.231029, Exp of LogL: 0.000000, Normalized LogL: -0.926293, Exp of Normalized LogL: 0.396019, Best Rate: 0.3
Fault: [1,1,2,3,2,5], logL: -22.231029, Exp of LogL: 0.000000, Normalized LogL: -0.926293, Exp of Normalized LogL: 0.396019, Best Rate: 0.3
Fault: [1,1,2,3,0,5], logL: -22.231029, Exp of LogL: 0.000000, Normalized LogL: -0.926293, Exp of Normalized LogL: 0.396019, Best Rate: 0.3
Fault: [3,1,2,3,4,5], logL: -25.564098, Exp of LogL: 0.000000, Normalized LogL: -1.065171, Exp of Normalized LogL: 0.344669, Best Rate: 0.3
Fault: [2,1,2,3,4,5], logL: -72.173367, Exp of LogL: 0.000000, Normalized LogL: -3.007224, Exp of Normalized LogL: 0.049429, Best Rate: 0.3
Fault: [0,1,2,3,4,5], logL: -73.036008, Exp of LogL: 0.000000, Normalized LogL: -3.043167, Exp of Normalized LogL: 0.047684, Best Rate: 0.3
Fault: [5,1,2,3,4,5], logL: -74.514898, Exp of LogL: 0.000000, Normalized LogL: -3.104787, Exp of Normalized LogL: 0.044834, Best Rate: 0.3
Fault: [4,1,2,3,4,5], logL: -74.514898, Exp of LogL: 0.000000, Normalized LogL: -3.104787, Exp of Normalized LogL: 0.044834, Best Rate: 0.3

========= ADAPTIVE MC DEBUG =========
Total calls: 240
Avg tries: 179.58
Confidence stops: 240
Max stops: 0
Max stop rate: 0.000
Real Fault Rank 1
================= 22/08/2026 04:52:22: SEED 60 END =================
================= 22/08/2026 04:52:22: SEED 61 (59/100), a*=0 fault=[4,1,2,3,4,5] START =================
===== SEED 61 | FR=0.3 | VR=20 =====
executing with fault mode: [4,1,2,3,4,5]

executing with fault mode: [4,1,2,3,4,5]

executing with fault mode: [4,1,2,3,4,5]

Fault scores (higher is better):
Fault: [2,1,2,3,4,5], logL: -7.842465, Exp of LogL: 0.000393, Normalized LogL: -1.960616, Exp of Normalized LogL: 0.140772, Best Rate: 0.3
Fault: [4,1,2,3,4,5], logL: -8.276750, Exp of LogL: 0.000254, Normalized LogL: -2.069188, Exp of Normalized LogL: 0.126288, Best Rate: 0.3
Fault: [5,1,2,3,4,5], logL: -8.276750, Exp of LogL: 0.000254, Normalized LogL: -2.069188, Exp of Normalized LogL: 0.126288, Best Rate: 0.3
Fault: [4,1,5,3,4,5], logL: -8.455158, Exp of LogL: 0.000213, Normalized LogL: -2.113789, Exp of Normalized LogL: 0.120779, Best Rate: 0.3
Fault: [4,1,4,3,4,5], logL: -8.455158, Exp of LogL: 0.000213, Normalized LogL: -2.113789, Exp of Normalized LogL: 0.120779, Best Rate: 0.3
Fault: [4,1,1,3,4,5], logL: -8.470906, Exp of LogL: 0.000209, Normalized LogL: -2.117727, Exp of Normalized LogL: 0.120305, Best Rate: 0.3
Fault: [4,1,0,3,4,5], logL: -9.120134, Exp of LogL: 0.000109, Normalized LogL: -2.280034, Exp of Normalized LogL: 0.102281, Best Rate: 0.3
Fault: [0,1,2,3,4,5], logL: -10.289150, Exp of LogL: 0.000034, Normalized LogL: -2.572288, Exp of Normalized LogL: 0.076361, Best Rate: 0.3
Fault: [1,1,2,3,4,5], logL: -10.358143, Exp of LogL: 0.000032, Normalized LogL: -2.589536, Exp of Normalized LogL: 0.075055, Best Rate: 0.3
Fault: [3,1,2,3,4,5], logL: -10.400703, Exp of LogL: 0.000030, Normalized LogL: -2.600176, Exp of Normalized LogL: 0.074261, Best Rate: 0.3

========= ADAPTIVE MC DEBUG =========
Total calls: 40
Avg tries: 180.00
Confidence stops: 40
Max stops: 0
Max stop rate: 0.000
Real Fault Rank 2
===== SEED 61 | FR=0.3 | VR=40 =====
executing with fault mode: [4,1,2,3,4,5]

executing with fault mode: [4,1,2,3,4,5]

executing with fault mode: [4,1,2,3,4,5]

Fault scores (higher is better):
Fault: [2,1,2,3,4,5], logL: -10.180894, Exp of LogL: 0.000038, Normalized LogL: -1.272612, Exp of Normalized LogL: 0.280099, Best Rate: 0.3
Fault: [4,1,2,3,4,5], logL: -10.795398, Exp of LogL: 0.000020, Normalized LogL: -1.349425, Exp of Normalized LogL: 0.259389, Best Rate: 0.3
Fault: [5,1,2,3,4,5], logL: -10.795398, Exp of LogL: 0.000020, Normalized LogL: -1.349425, Exp of Normalized LogL: 0.259389, Best Rate: 0.3
Fault: [4,1,5,3,4,5], logL: -11.024450, Exp of LogL: 0.000016, Normalized LogL: -1.378056, Exp of Normalized LogL: 0.252068, Best Rate: 0.3
Fault: [4,1,4,3,4,5], logL: -11.024450, Exp of LogL: 0.000016, Normalized LogL: -1.378056, Exp of Normalized LogL: 0.252068, Best Rate: 0.3
Fault: [4,1,1,3,4,5], logL: -11.052621, Exp of LogL: 0.000016, Normalized LogL: -1.381578, Exp of Normalized LogL: 0.251182, Best Rate: 0.3
Fault: [4,1,0,3,4,5], logL: -11.349873, Exp of LogL: 0.000012, Normalized LogL: -1.418734, Exp of Normalized LogL: 0.242020, Best Rate: 0.3
Fault: [1,1,2,3,4,5], logL: -13.658770, Exp of LogL: 0.000001, Normalized LogL: -1.707346, Exp of Normalized LogL: 0.181346, Best Rate: 0.3
Fault: [0,1,2,3,4,5], logL: -14.006044, Exp of LogL: 0.000001, Normalized LogL: -1.750756, Exp of Normalized LogL: 0.173643, Best Rate: 0.3
Fault: [3,1,2,3,4,5], logL: -15.209367, Exp of LogL: 0.000000, Normalized LogL: -1.901171, Exp of Normalized LogL: 0.149394, Best Rate: 0.3

========= ADAPTIVE MC DEBUG =========
Total calls: 80
Avg tries: 183.75
Confidence stops: 80
Max stops: 0
Max stop rate: 0.000
Real Fault Rank 2
===== SEED 61 | FR=0.3 | VR=60 =====
executing with fault mode: [4,1,2,3,4,5]

executing with fault mode: [4,1,2,3,4,5]

executing with fault mode: [4,1,2,3,4,5]

Fault scores (higher is better):
Fault: [2,1,2,3,4,5], logL: -12.078663, Exp of LogL: 0.000006, Normalized LogL: -1.006555, Exp of Normalized LogL: 0.365476, Best Rate: 0.3
Fault: [4,1,2,3,4,5], logL: -12.886304, Exp of LogL: 0.000003, Normalized LogL: -1.073859, Exp of Normalized LogL: 0.341688, Best Rate: 0.3
Fault: [5,1,2,3,4,5], logL: -12.886304, Exp of LogL: 0.000003, Normalized LogL: -1.073859, Exp of Normalized LogL: 0.341688, Best Rate: 0.3
Fault: [4,1,0,3,4,5], logL: -13.881652, Exp of LogL: 0.000001, Normalized LogL: -1.156804, Exp of Normalized LogL: 0.314490, Best Rate: 0.3
Fault: [4,1,1,3,4,5], logL: -13.991797, Exp of LogL: 0.000001, Normalized LogL: -1.165983, Exp of Normalized LogL: 0.311616, Best Rate: 0.3
Fault: [4,1,5,3,4,5], logL: -14.172880, Exp of LogL: 0.000001, Normalized LogL: -1.181073, Exp of Normalized LogL: 0.306949, Best Rate: 0.3
Fault: [4,1,4,3,4,5], logL: -14.172880, Exp of LogL: 0.000001, Normalized LogL: -1.181073, Exp of Normalized LogL: 0.306949, Best Rate: 0.3
Fault: [0,1,2,3,4,5], logL: -14.887531, Exp of LogL: 0.000000, Normalized LogL: -1.240628, Exp of Normalized LogL: 0.289203, Best Rate: 0.3
Fault: [1,1,2,3,4,5], logL: -14.940949, Exp of LogL: 0.000000, Normalized LogL: -1.245079, Exp of Normalized LogL: 0.287918, Best Rate: 0.3
Fault: [3,1,2,3,4,5], logL: -16.161416, Exp of LogL: 0.000000, Normalized LogL: -1.346785, Exp of Normalized LogL: 0.260075, Best Rate: 0.3

========= ADAPTIVE MC DEBUG =========
Total calls: 120
Avg tries: 179.58
Confidence stops: 120
Max stops: 0
Max stop rate: 0.000
Real Fault Rank 2
===== SEED 61 | FR=0.3 | VR=80 =====
executing with fault mode: [4,1,2,3,4,5]

executing with fault mode: [4,1,2,3,4,5]

executing with fault mode: [4,1,2,3,4,5]

Fault scores (higher is better):
Fault: [2,1,2,3,4,5], logL: -14.355553, Exp of LogL: 0.000001, Normalized LogL: -0.897222, Exp of Normalized LogL: 0.407701, Best Rate: 0.3
Fault: [4,1,2,3,4,5], logL: -15.215838, Exp of LogL: 0.000000, Normalized LogL: -0.950990, Exp of Normalized LogL: 0.386358, Best Rate: 0.3
Fault: [5,1,2,3,4,5], logL: -15.215838, Exp of LogL: 0.000000, Normalized LogL: -0.950990, Exp of Normalized LogL: 0.386358, Best Rate: 0.3
Fault: [4,1,0,3,4,5], logL: -16.000891, Exp of LogL: 0.000000, Normalized LogL: -1.000056, Exp of Normalized LogL: 0.367859, Best Rate: 0.3
Fault: [4,1,1,3,4,5], logL: -16.078600, Exp of LogL: 0.000000, Normalized LogL: -1.004912, Exp of Normalized LogL: 0.366077, Best Rate: 0.3
Fault: [4,1,5,3,4,5], logL: -16.214732, Exp of LogL: 0.000000, Normalized LogL: -1.013421, Exp of Normalized LogL: 0.362975, Best Rate: 0.3
Fault: [4,1,4,3,4,5], logL: -16.214732, Exp of LogL: 0.000000, Normalized LogL: -1.013421, Exp of Normalized LogL: 0.362975, Best Rate: 0.3
Fault: [1,1,2,3,4,5], logL: -17.649466, Exp of LogL: 0.000000, Normalized LogL: -1.103092, Exp of Normalized LogL: 0.331844, Best Rate: 0.3
Fault: [0,1,2,3,4,5], logL: -17.670306, Exp of LogL: 0.000000, Normalized LogL: -1.104394, Exp of Normalized LogL: 0.331412, Best Rate: 0.3
Fault: [3,1,2,3,4,5], logL: -19.291102, Exp of LogL: 0.000000, Normalized LogL: -1.205694, Exp of Normalized LogL: 0.299484, Best Rate: 0.3

========= ADAPTIVE MC DEBUG =========
Total calls: 160
Avg tries: 181.56
Confidence stops: 160
Max stops: 0
Max stop rate: 0.000
Real Fault Rank 2
===== SEED 61 | FR=0.3 | VR=100 =====
executing with fault mode: [4,1,2,3,4,5]

executing with fault mode: [4,1,2,3,4,5]

executing with fault mode: [4,1,2,3,4,5]

Fault scores (higher is better):
Fault: [2,1,2,3,4,5], logL: -16.337585, Exp of LogL: 0.000000, Normalized LogL: -0.816879, Exp of Normalized LogL: 0.441808, Best Rate: 0.3
Fault: [4,1,2,3,4,5], logL: -17.482007, Exp of LogL: 0.000000, Normalized LogL: -0.874100, Exp of Normalized LogL: 0.417237, Best Rate: 0.3
Fault: [5,1,2,3,4,5], logL: -17.482007, Exp of LogL: 0.000000, Normalized LogL: -0.874100, Exp of Normalized LogL: 0.417237, Best Rate: 0.3
Fault: [4,1,1,3,4,5], logL: -17.964127, Exp of LogL: 0.000000, Normalized LogL: -0.898206, Exp of Normalized LogL: 0.407300, Best Rate: 0.3
Fault: [4,1,0,3,4,5], logL: -17.991778, Exp of LogL: 0.000000, Normalized LogL: -0.899589, Exp of Normalized LogL: 0.406737, Best Rate: 0.3
Fault: [4,1,5,3,4,5], logL: -18.156348, Exp of LogL: 0.000000, Normalized LogL: -0.907817, Exp of Normalized LogL: 0.403404, Best Rate: 0.3
Fault: [4,1,4,3,4,5], logL: -18.156348, Exp of LogL: 0.000000, Normalized LogL: -0.907817, Exp of Normalized LogL: 0.403404, Best Rate: 0.3
Fault: [0,1,2,3,4,5], logL: -18.854841, Exp of LogL: 0.000000, Normalized LogL: -0.942742, Exp of Normalized LogL: 0.389558, Best Rate: 0.3
Fault: [1,1,2,3,4,5], logL: -19.860508, Exp of LogL: 0.000000, Normalized LogL: -0.993025, Exp of Normalized LogL: 0.370454, Best Rate: 0.3
Fault: [3,1,2,3,4,5], logL: -20.773719, Exp of LogL: 0.000000, Normalized LogL: -1.038686, Exp of Normalized LogL: 0.353919, Best Rate: 0.3

========= ADAPTIVE MC DEBUG =========
Total calls: 200
Avg tries: 183.00
Confidence stops: 200
Max stops: 0
Max stop rate: 0.000
Real Fault Rank 2
================= 22/08/2026 04:52:41: SEED 61 END =================
================= 22/08/2026 04:52:41: SEED 62 (60/100), a*=3 fault=[0,1,2,4,4,5] START =================
===== SEED 62 | FR=0.3 | VR=20 =====
executing with fault mode: [0,1,2,4,4,5]

Fault scores (higher is better):
Fault: [0,1,2,5,4,5], logL: -6.382725, Exp of LogL: 0.001691, Normalized LogL: -1.595681, Exp of Normalized LogL: 0.202770, Best Rate: 0.3
Fault: [0,1,2,4,4,5], logL: -6.382725, Exp of LogL: 0.001691, Normalized LogL: -1.595681, Exp of Normalized LogL: 0.202770, Best Rate: 0.3
Fault: [0,1,1,4,4,5], logL: -6.412578, Exp of LogL: 0.001641, Normalized LogL: -1.603144, Exp of Normalized LogL: 0.201263, Best Rate: 0.3
Fault: [0,1,2,1,4,5], logL: -6.619114, Exp of LogL: 0.001335, Normalized LogL: -1.654778, Exp of Normalized LogL: 0.191134, Best Rate: 0.3
Fault: [0,1,2,0,4,5], logL: -6.619114, Exp of LogL: 0.001335, Normalized LogL: -1.654778, Exp of Normalized LogL: 0.191134, Best Rate: 0.3
Fault: [0,1,2,3,4,5], logL: -6.619114, Exp of LogL: 0.001335, Normalized LogL: -1.654778, Exp of Normalized LogL: 0.191134, Best Rate: 0.3
Fault: [0,1,3,4,4,5], logL: -6.650989, Exp of LogL: 0.001293, Normalized LogL: -1.662747, Exp of Normalized LogL: 0.189617, Best Rate: 0.3
Fault: [0,1,2,2,4,5], logL: -6.842257, Exp of LogL: 0.001068, Normalized LogL: -1.710564, Exp of Normalized LogL: 0.180764, Best Rate: 0.3
Fault: [0,1,5,4,4,5], logL: -6.864563, Exp of LogL: 0.001044, Normalized LogL: -1.716141, Exp of Normalized LogL: 0.179759, Best Rate: 0.3
Fault: [0,1,4,4,4,5], logL: -6.864563, Exp of LogL: 0.001044, Normalized LogL: -1.716141, Exp of Normalized LogL: 0.179759, Best Rate: 0.3

========= ADAPTIVE MC DEBUG =========
Total calls: 40
Avg tries: 187.50
Confidence stops: 40
Max stops: 0
Max stop rate: 0.000
Real Fault Rank 2
===== SEED 62 | FR=0.3 | VR=40 =====
executing with fault mode: [0,1,2,4,4,5]

Fault scores (higher is better):
Fault: [0,1,2,5,4,5], logL: -13.362871, Exp of LogL: 0.000002, Normalized LogL: -1.670359, Exp of Normalized LogL: 0.188180, Best Rate: 0.3
Fault: [0,1,2,4,4,5], logL: -13.362871, Exp of LogL: 0.000002, Normalized LogL: -1.670359, Exp of Normalized LogL: 0.188180, Best Rate: 0.3
Fault: [0,1,2,3,4,5], logL: -13.362871, Exp of LogL: 0.000002, Normalized LogL: -1.670359, Exp of Normalized LogL: 0.188180, Best Rate: 0.3
Fault: [0,1,2,1,4,5], logL: -13.529925, Exp of LogL: 0.000001, Normalized LogL: -1.691241, Exp of Normalized LogL: 0.184291, Best Rate: 0.3
Fault: [0,1,2,0,4,5], logL: -13.529925, Exp of LogL: 0.000001, Normalized LogL: -1.691241, Exp of Normalized LogL: 0.184291, Best Rate: 0.3
Fault: [0,1,1,4,4,5], logL: -13.557027, Exp of LogL: 0.000001, Normalized LogL: -1.694628, Exp of Normalized LogL: 0.183667, Best Rate: 0.3
Fault: [0,1,3,4,4,5], logL: -13.798189, Exp of LogL: 0.000001, Normalized LogL: -1.724774, Exp of Normalized LogL: 0.178213, Best Rate: 0.3
Fault: [0,1,5,4,4,5], logL: -13.798189, Exp of LogL: 0.000001, Normalized LogL: -1.724774, Exp of Normalized LogL: 0.178213, Best Rate: 0.3
Fault: [0,1,4,4,4,5], logL: -13.798189, Exp of LogL: 0.000001, Normalized LogL: -1.724774, Exp of Normalized LogL: 0.178213, Best Rate: 0.3
Fault: [0,1,2,2,4,5], logL: -13.848379, Exp of LogL: 0.000001, Normalized LogL: -1.731047, Exp of Normalized LogL: 0.177099, Best Rate: 0.3

========= ADAPTIVE MC DEBUG =========
Total calls: 80
Avg tries: 175.00
Confidence stops: 80
Max stops: 0
Max stop rate: 0.000
Real Fault Rank 2
===== SEED 62 | FR=0.3 | VR=60 =====
executing with fault mode: [0,1,2,4,4,5]

Fault scores (higher is better):
Fault: [0,1,2,3,4,5], logL: -16.565779, Exp of LogL: 0.000000, Normalized LogL: -1.380482, Exp of Normalized LogL: 0.251457, Best Rate: 0.3
Fault: [0,1,2,1,4,5], logL: -16.682088, Exp of LogL: 0.000000, Normalized LogL: -1.390174, Exp of Normalized LogL: 0.249032, Best Rate: 0.3
Fault: [0,1,2,5,4,5], logL: -16.695914, Exp of LogL: 0.000000, Normalized LogL: -1.391326, Exp of Normalized LogL: 0.248745, Best Rate: 0.3
Fault: [0,1,2,4,4,5], logL: -16.695914, Exp of LogL: 0.000000, Normalized LogL: -1.391326, Exp of Normalized LogL: 0.248745, Best Rate: 0.3
Fault: [0,1,1,4,4,5], logL: -16.890070, Exp of LogL: 0.000000, Normalized LogL: -1.407506, Exp of Normalized LogL: 0.244753, Best Rate: 0.3
Fault: [0,1,3,4,4,5], logL: -17.131233, Exp of LogL: 0.000000, Normalized LogL: -1.427603, Exp of Normalized LogL: 0.239883, Best Rate: 0.3
Fault: [0,1,5,4,4,5], logL: -17.131233, Exp of LogL: 0.000000, Normalized LogL: -1.427603, Exp of Normalized LogL: 0.239883, Best Rate: 0.3
Fault: [0,1,4,4,4,5], logL: -17.131233, Exp of LogL: 0.000000, Normalized LogL: -1.427603, Exp of Normalized LogL: 0.239883, Best Rate: 0.3
Fault: [0,1,2,2,4,5], logL: -17.447902, Exp of LogL: 0.000000, Normalized LogL: -1.453992, Exp of Normalized LogL: 0.233636, Best Rate: 0.3
Fault: [0,1,2,0,4,5], logL: -17.884867, Exp of LogL: 0.000000, Normalized LogL: -1.490406, Exp of Normalized LogL: 0.225281, Best Rate: 0.3

========= ADAPTIVE MC DEBUG =========
Total calls: 120
Avg tries: 175.42
Confidence stops: 120
Max stops: 0
Max stop rate: 0.000
Real Fault Rank 4
===== SEED 62 | FR=0.3 | VR=80 =====
executing with fault mode: [0,1,2,4,4,5]

Fault scores (higher is better):
Fault: [0,1,2,5,4,5], logL: -17.458494, Exp of LogL: 0.000000, Normalized LogL: -1.091156, Exp of Normalized LogL: 0.335828, Best Rate: 0.3
Fault: [0,1,2,4,4,5], logL: -17.458494, Exp of LogL: 0.000000, Normalized LogL: -1.091156, Exp of Normalized LogL: 0.335828, Best Rate: 0.3
Fault: [0,1,1,4,4,5], logL: -17.601595, Exp of LogL: 0.000000, Normalized LogL: -1.100100, Exp of Normalized LogL: 0.332838, Best Rate: 0.3
Fault: [0,1,3,4,4,5], logL: -17.748648, Exp of LogL: 0.000000, Normalized LogL: -1.109291, Exp of Normalized LogL: 0.329793, Best Rate: 0.3
Fault: [0,1,5,4,4,5], logL: -17.748648, Exp of LogL: 0.000000, Normalized LogL: -1.109291, Exp of Normalized LogL: 0.329793, Best Rate: 0.3
Fault: [0,1,4,4,4,5], logL: -17.748648, Exp of LogL: 0.000000, Normalized LogL: -1.109291, Exp of Normalized LogL: 0.329793, Best Rate: 0.3
Fault: [0,1,2,1,4,5], logL: -42.632929, Exp of LogL: 0.000000, Normalized LogL: -2.664558, Exp of Normalized LogL: 0.069630, Best Rate: 0.3
Fault: [0,1,2,3,4,5], logL: -42.859193, Exp of LogL: 0.000000, Normalized LogL: -2.678700, Exp of Normalized LogL: 0.068652, Best Rate: 0.3
Fault: [0,1,2,2,4,5], logL: -43.328197, Exp of LogL: 0.000000, Normalized LogL: -2.708012, Exp of Normalized LogL: 0.066669, Best Rate: 0.3
Fault: [0,1,2,0,4,5], logL: -43.752909, Exp of LogL: 0.000000, Normalized LogL: -2.734557, Exp of Normalized LogL: 0.064923, Best Rate: 0.3

========= ADAPTIVE MC DEBUG =========
Total calls: 160
Avg tries: 183.44
Confidence stops: 160
Max stops: 0
Max stop rate: 0.000
Real Fault Rank 2
===== SEED 62 | FR=0.3 | VR=100 =====
executing with fault mode: [0,1,2,4,4,5]

Fault scores (higher is better):
Fault: [0,1,2,5,4,5], logL: -18.161300, Exp of LogL: 0.000000, Normalized LogL: -0.908065, Exp of Normalized LogL: 0.403304, Best Rate: 0.3
Fault: [0,1,2,4,4,5], logL: -18.161300, Exp of LogL: 0.000000, Normalized LogL: -0.908065, Exp of Normalized LogL: 0.403304, Best Rate: 0.3
Fault: [0,1,1,4,4,5], logL: -18.304401, Exp of LogL: 0.000000, Normalized LogL: -0.915220, Exp of Normalized LogL: 0.400429, Best Rate: 0.3
Fault: [0,1,3,4,4,5], logL: -18.451454, Exp of LogL: 0.000000, Normalized LogL: -0.922573, Exp of Normalized LogL: 0.397495, Best Rate: 0.3
Fault: [0,1,5,4,4,5], logL: -18.451454, Exp of LogL: 0.000000, Normalized LogL: -0.922573, Exp of Normalized LogL: 0.397495, Best Rate: 0.3
Fault: [0,1,4,4,4,5], logL: -18.451454, Exp of LogL: 0.000000, Normalized LogL: -0.922573, Exp of Normalized LogL: 0.397495, Best Rate: 0.3
Fault: [0,1,2,1,4,5], logL: -43.319454, Exp of LogL: 0.000000, Normalized LogL: -2.165973, Exp of Normalized LogL: 0.114638, Best Rate: 0.3
Fault: [0,1,2,3,4,5], logL: -43.341890, Exp of LogL: 0.000000, Normalized LogL: -2.167095, Exp of Normalized LogL: 0.114510, Best Rate: 0.3
Fault: [0,1,2,2,4,5], logL: -44.077523, Exp of LogL: 0.000000, Normalized LogL: -2.203876, Exp of Normalized LogL: 0.110375, Best Rate: 0.3
Fault: [0,1,2,0,4,5], logL: -44.439434, Exp of LogL: 0.000000, Normalized LogL: -2.221972, Exp of Normalized LogL: 0.108395, Best Rate: 0.3

========= ADAPTIVE MC DEBUG =========
Total calls: 200
Avg tries: 181.75
Confidence stops: 200
Max stops: 0
Max stop rate: 0.000
Real Fault Rank 2
================= 22/08/2026 04:53:00: SEED 62 END =================
================= 22/08/2026 04:53:00: SEED 63 (61/100), a*=1 fault=[0,4,2,3,4,5] START =================
===== SEED 63 | FR=0.3 | VR=20 =====
executing with fault mode: [0,4,2,3,4,5]

Fault scores (higher is better):
Fault: [0,4,2,3,4,5], logL: -18.427305, Exp of LogL: 0.000000, Normalized LogL: -2.047478, Exp of Normalized LogL: 0.129060, Best Rate: 0.3
Fault: [0,5,2,3,4,5], logL: -18.427305, Exp of LogL: 0.000000, Normalized LogL: -2.047478, Exp of Normalized LogL: 0.129060, Best Rate: 0.3
Fault: [0,4,2,3,2,5], logL: -18.618361, Exp of LogL: 0.000000, Normalized LogL: -2.068707, Exp of Normalized LogL: 0.126349, Best Rate: 0.3
Fault: [0,4,2,3,1,5], logL: -18.618361, Exp of LogL: 0.000000, Normalized LogL: -2.068707, Exp of Normalized LogL: 0.126349, Best Rate: 0.3
Fault: [0,4,2,3,5,5], logL: -18.618361, Exp of LogL: 0.000000, Normalized LogL: -2.068707, Exp of Normalized LogL: 0.126349, Best Rate: 0.3
Fault: [0,4,2,3,3,5], logL: -18.618361, Exp of LogL: 0.000000, Normalized LogL: -2.068707, Exp of Normalized LogL: 0.126349, Best Rate: 0.3
Fault: [0,1,2,3,4,5], logL: -18.931576, Exp of LogL: 0.000000, Normalized LogL: -2.103508, Exp of Normalized LogL: 0.122028, Best Rate: 0.3
Fault: [0,3,2,3,4,5], logL: -18.997850, Exp of LogL: 0.000000, Normalized LogL: -2.110872, Exp of Normalized LogL: 0.121132, Best Rate: 0.3
Fault: [0,2,2,3,4,5], logL: -19.386156, Exp of LogL: 0.000000, Normalized LogL: -2.154017, Exp of Normalized LogL: 0.116017, Best Rate: 0.3
Fault: [0,0,2,3,4,5], logL: -20.524812, Exp of LogL: 0.000000, Normalized LogL: -2.280535, Exp of Normalized LogL: 0.102230, Best Rate: 0.3

========= ADAPTIVE MC DEBUG =========
Total calls: 90
Avg tries: 177.78
Confidence stops: 90
Max stops: 0
Max stop rate: 0.000
Real Fault Rank 1
===== SEED 63 | FR=0.3 | VR=40 =====
executing with fault mode: [0,4,2,3,4,5]

Fault scores (higher is better):
Fault: [0,4,2,3,4,5], logL: -24.913736, Exp of LogL: 0.000000, Normalized LogL: -1.465514, Exp of Normalized LogL: 0.230959, Best Rate: 0.3
Fault: [0,5,2,3,4,5], logL: -24.913736, Exp of LogL: 0.000000, Normalized LogL: -1.465514, Exp of Normalized LogL: 0.230959, Best Rate: 0.3
Fault: [0,4,2,3,2,5], logL: -25.222924, Exp of LogL: 0.000000, Normalized LogL: -1.483701, Exp of Normalized LogL: 0.226797, Best Rate: 0.3
Fault: [0,4,2,3,1,5], logL: -25.222924, Exp of LogL: 0.000000, Normalized LogL: -1.483701, Exp of Normalized LogL: 0.226797, Best Rate: 0.3
Fault: [0,4,2,3,5,5], logL: -25.222924, Exp of LogL: 0.000000, Normalized LogL: -1.483701, Exp of Normalized LogL: 0.226797, Best Rate: 0.3
Fault: [0,4,2,3,3,5], logL: -25.222924, Exp of LogL: 0.000000, Normalized LogL: -1.483701, Exp of Normalized LogL: 0.226797, Best Rate: 0.3
Fault: [0,2,2,3,4,5], logL: -26.003862, Exp of LogL: 0.000000, Normalized LogL: -1.529639, Exp of Normalized LogL: 0.216614, Best Rate: 0.3
Fault: [0,1,2,3,4,5], logL: -27.820271, Exp of LogL: 0.000000, Normalized LogL: -1.636487, Exp of Normalized LogL: 0.194663, Best Rate: 0.3
Fault: [0,0,2,3,4,5], logL: -27.911346, Exp of LogL: 0.000000, Normalized LogL: -1.641844, Exp of Normalized LogL: 0.193623, Best Rate: 0.3
Fault: [0,3,2,3,4,5], logL: -29.400473, Exp of LogL: 0.000000, Normalized LogL: -1.729440, Exp of Normalized LogL: 0.177384, Best Rate: 0.3

========= ADAPTIVE MC DEBUG =========
Total calls: 170
Avg tries: 171.76
Confidence stops: 170
Max stops: 0
Max stop rate: 0.000
Real Fault Rank 1
===== SEED 63 | FR=0.3 | VR=60 =====
executing with fault mode: [0,4,2,3,4,5]

Fault scores (higher is better):
Fault: [0,4,2,3,4,5], logL: -31.166638, Exp of LogL: 0.000000, Normalized LogL: -1.198717, Exp of Normalized LogL: 0.301581, Best Rate: 0.3
Fault: [0,5,2,3,4,5], logL: -31.166638, Exp of LogL: 0.000000, Normalized LogL: -1.198717, Exp of Normalized LogL: 0.301581, Best Rate: 0.3
Fault: [0,4,2,3,2,5], logL: -31.432341, Exp of LogL: 0.000000, Normalized LogL: -1.208936, Exp of Normalized LogL: 0.298515, Best Rate: 0.3
Fault: [0,4,2,3,1,5], logL: -31.432341, Exp of LogL: 0.000000, Normalized LogL: -1.208936, Exp of Normalized LogL: 0.298515, Best Rate: 0.3
Fault: [0,4,2,3,5,5], logL: -31.432341, Exp of LogL: 0.000000, Normalized LogL: -1.208936, Exp of Normalized LogL: 0.298515, Best Rate: 0.3
Fault: [0,4,2,3,3,5], logL: -31.432341, Exp of LogL: 0.000000, Normalized LogL: -1.208936, Exp of Normalized LogL: 0.298515, Best Rate: 0.3
Fault: [0,2,2,3,4,5], logL: -32.292700, Exp of LogL: 0.000000, Normalized LogL: -1.242027, Exp of Normalized LogL: 0.288798, Best Rate: 0.3
Fault: [0,0,2,3,4,5], logL: -34.424347, Exp of LogL: 0.000000, Normalized LogL: -1.324013, Exp of Normalized LogL: 0.266065, Best Rate: 0.3
Fault: [0,1,2,3,4,5], logL: -34.511878, Exp of LogL: 0.000000, Normalized LogL: -1.327380, Exp of Normalized LogL: 0.265171, Best Rate: 0.3
Fault: [0,3,2,3,4,5], logL: -35.653375, Exp of LogL: 0.000000, Normalized LogL: -1.371284, Exp of Normalized LogL: 0.253781, Best Rate: 0.3

========= ADAPTIVE MC DEBUG =========
Total calls: 260
Avg tries: 171.92
Confidence stops: 260
Max stops: 0
Max stop rate: 0.000
Real Fault Rank 1
===== SEED 63 | FR=0.3 | VR=80 =====
executing with fault mode: [0,4,2,3,4,5]

Fault scores (higher is better):
Fault: [0,4,2,3,4,5], logL: -65.680165, Exp of LogL: 0.000000, Normalized LogL: -1.931770, Exp of Normalized LogL: 0.144892, Best Rate: 0.3
Fault: [0,5,2,3,4,5], logL: -65.680165, Exp of LogL: 0.000000, Normalized LogL: -1.931770, Exp of Normalized LogL: 0.144892, Best Rate: 0.3
Fault: [0,4,2,3,2,5], logL: -65.945868, Exp of LogL: 0.000000, Normalized LogL: -1.939584, Exp of Normalized LogL: 0.143764, Best Rate: 0.3
Fault: [0,4,2,3,1,5], logL: -65.945868, Exp of LogL: 0.000000, Normalized LogL: -1.939584, Exp of Normalized LogL: 0.143764, Best Rate: 0.3
Fault: [0,4,2,3,5,5], logL: -65.945868, Exp of LogL: 0.000000, Normalized LogL: -1.939584, Exp of Normalized LogL: 0.143764, Best Rate: 0.3
Fault: [0,4,2,3,3,5], logL: -65.945868, Exp of LogL: 0.000000, Normalized LogL: -1.939584, Exp of Normalized LogL: 0.143764, Best Rate: 0.3
Fault: [0,2,2,3,4,5], logL: -65.966915, Exp of LogL: 0.000000, Normalized LogL: -1.940203, Exp of Normalized LogL: 0.143675, Best Rate: 0.3
Fault: [0,1,2,3,4,5], logL: -66.974243, Exp of LogL: 0.000000, Normalized LogL: -1.969831, Exp of Normalized LogL: 0.139480, Best Rate: 0.3
Fault: [0,0,2,3,4,5], logL: -69.048391, Exp of LogL: 0.000000, Normalized LogL: -2.030835, Exp of Normalized LogL: 0.131226, Best Rate: 0.3
Fault: [0,3,2,3,4,5], logL: -69.895639, Exp of LogL: 0.000000, Normalized LogL: -2.055754, Exp of Normalized LogL: 0.127996, Best Rate: 0.3

========= ADAPTIVE MC DEBUG =========
Total calls: 340
Avg tries: 170.74
Confidence stops: 340
Max stops: 0
Max stop rate: 0.000
Real Fault Rank 1
===== SEED 63 | FR=0.3 | VR=100 =====
executing with fault mode: [0,4,2,3,4,5]

Fault scores (higher is better):
Fault: [0,4,2,3,4,5], logL: -44.461398, Exp of LogL: 0.000000, Normalized LogL: -1.033986, Exp of Normalized LogL: 0.355587, Best Rate: 0.3
Fault: [0,5,2,3,4,5], logL: -44.461398, Exp of LogL: 0.000000, Normalized LogL: -1.033986, Exp of Normalized LogL: 0.355587, Best Rate: 0.3
Fault: [0,4,2,3,2,5], logL: -44.727101, Exp of LogL: 0.000000, Normalized LogL: -1.040165, Exp of Normalized LogL: 0.353396, Best Rate: 0.3
Fault: [0,4,2,3,1,5], logL: -44.727101, Exp of LogL: 0.000000, Normalized LogL: -1.040165, Exp of Normalized LogL: 0.353396, Best Rate: 0.3
Fault: [0,4,2,3,5,5], logL: -44.727101, Exp of LogL: 0.000000, Normalized LogL: -1.040165, Exp of Normalized LogL: 0.353396, Best Rate: 0.3
Fault: [0,4,2,3,3,5], logL: -44.727101, Exp of LogL: 0.000000, Normalized LogL: -1.040165, Exp of Normalized LogL: 0.353396, Best Rate: 0.3
Fault: [0,2,2,3,4,5], logL: -45.396559, Exp of LogL: 0.000000, Normalized LogL: -1.055734, Exp of Normalized LogL: 0.347937, Best Rate: 0.3
Fault: [0,1,2,3,4,5], logL: -46.264125, Exp of LogL: 0.000000, Normalized LogL: -1.075910, Exp of Normalized LogL: 0.340987, Best Rate: 0.3
Fault: [0,0,2,3,4,5], logL: -48.295713, Exp of LogL: 0.000000, Normalized LogL: -1.123156, Exp of Normalized LogL: 0.325252, Best Rate: 0.3
Fault: [0,3,2,3,4,5], logL: -48.676871, Exp of LogL: 0.000000, Normalized LogL: -1.132020, Exp of Normalized LogL: 0.322381, Best Rate: 0.3

========= ADAPTIVE MC DEBUG =========
Total calls: 430
Avg tries: 174.19
Confidence stops: 430
Max stops: 0
Max stop rate: 0.000
Real Fault Rank 1
================= 22/08/2026 04:53:39: SEED 63 END =================
================= 22/08/2026 04:53:39: SEED 64 (62/100), a*=1 fault=[0,4,2,3,4,5] START =================
===== SEED 64 | FR=0.3 | VR=20 =====
executing with fault mode: [0,4,2,3,4,5]

executing with fault mode: [0,4,2,3,4,5]

Fault scores (higher is better):
Fault: [0,4,2,3,1,5], logL: -7.645063, Exp of LogL: 0.000478, Normalized LogL: -1.911266, Exp of Normalized LogL: 0.147893, Best Rate: 0.3
Fault: [0,4,2,3,0,5], logL: -7.645063, Exp of LogL: 0.000478, Normalized LogL: -1.911266, Exp of Normalized LogL: 0.147893, Best Rate: 0.3
Fault: [0,4,2,3,2,5], logL: -7.645063, Exp of LogL: 0.000478, Normalized LogL: -1.911266, Exp of Normalized LogL: 0.147893, Best Rate: 0.3
Fault: [0,4,2,3,5,5], logL: -7.645063, Exp of LogL: 0.000478, Normalized LogL: -1.911266, Exp of Normalized LogL: 0.147893, Best Rate: 0.3
Fault: [0,2,2,3,4,5], logL: -7.853818, Exp of LogL: 0.000388, Normalized LogL: -1.963455, Exp of Normalized LogL: 0.140373, Best Rate: 0.3
Fault: [0,4,2,3,4,5], logL: -7.932745, Exp of LogL: 0.000359, Normalized LogL: -1.983186, Exp of Normalized LogL: 0.137630, Best Rate: 0.3
Fault: [0,5,2,3,4,5], logL: -7.932745, Exp of LogL: 0.000359, Normalized LogL: -1.983186, Exp of Normalized LogL: 0.137630, Best Rate: 0.3
Fault: [0,1,2,3,4,5], logL: -8.822029, Exp of LogL: 0.000147, Normalized LogL: -2.205507, Exp of Normalized LogL: 0.110195, Best Rate: 0.3
Fault: [0,0,2,3,4,5], logL: -9.372284, Exp of LogL: 0.000085, Normalized LogL: -2.343071, Exp of Normalized LogL: 0.096032, Best Rate: 0.3
Fault: [0,3,2,3,4,5], logL: -9.617407, Exp of LogL: 0.000067, Normalized LogL: -2.404352, Exp of Normalized LogL: 0.090324, Best Rate: 0.3

========= ADAPTIVE MC DEBUG =========
Total calls: 40
Avg tries: 171.25
Confidence stops: 40
Max stops: 0
Max stop rate: 0.000
Real Fault Rank 6
===== SEED 64 | FR=0.3 | VR=40 =====
executing with fault mode: [0,4,2,3,4,5]

executing with fault mode: [0,4,2,3,4,5]

Fault scores (higher is better):
Fault: [0,2,2,3,4,5], logL: -11.057346, Exp of LogL: 0.000016, Normalized LogL: -1.579621, Exp of Normalized LogL: 0.206053, Best Rate: 0.3
Fault: [0,4,2,3,4,5], logL: -11.071734, Exp of LogL: 0.000016, Normalized LogL: -1.581676, Exp of Normalized LogL: 0.205630, Best Rate: 0.3
Fault: [0,5,2,3,4,5], logL: -11.071734, Exp of LogL: 0.000016, Normalized LogL: -1.581676, Exp of Normalized LogL: 0.205630, Best Rate: 0.3
Fault: [0,4,2,3,1,5], logL: -11.631350, Exp of LogL: 0.000009, Normalized LogL: -1.661621, Exp of Normalized LogL: 0.189831, Best Rate: 0.3
Fault: [0,4,2,3,0,5], logL: -11.631350, Exp of LogL: 0.000009, Normalized LogL: -1.661621, Exp of Normalized LogL: 0.189831, Best Rate: 0.3
Fault: [0,4,2,3,2,5], logL: -11.631350, Exp of LogL: 0.000009, Normalized LogL: -1.661621, Exp of Normalized LogL: 0.189831, Best Rate: 0.3
Fault: [0,4,2,3,5,5], logL: -11.631350, Exp of LogL: 0.000009, Normalized LogL: -1.661621, Exp of Normalized LogL: 0.189831, Best Rate: 0.3
Fault: [0,1,2,3,4,5], logL: -11.922797, Exp of LogL: 0.000007, Normalized LogL: -1.703257, Exp of Normalized LogL: 0.182090, Best Rate: 0.3
Fault: [0,0,2,3,4,5], logL: -12.773638, Exp of LogL: 0.000003, Normalized LogL: -1.824805, Exp of Normalized LogL: 0.161249, Best Rate: 0.3
Fault: [0,3,2,3,4,5], logL: -13.201082, Exp of LogL: 0.000002, Normalized LogL: -1.885869, Exp of Normalized LogL: 0.151697, Best Rate: 0.3

========= ADAPTIVE MC DEBUG =========
Total calls: 70
Avg tries: 167.14
Confidence stops: 70
Max stops: 0
Max stop rate: 0.000
Real Fault Rank 2
===== SEED 64 | FR=0.3 | VR=60 =====
executing with fault mode: [0,4,2,3,4,5]

executing with fault mode: [0,4,2,3,4,5]

Fault scores (higher is better):
Fault: [0,2,2,3,4,5], logL: -12.898788, Exp of LogL: 0.000003, Normalized LogL: -1.172617, Exp of Normalized LogL: 0.309556, Best Rate: 0.3
Fault: [0,4,2,3,4,5], logL: -12.913176, Exp of LogL: 0.000002, Normalized LogL: -1.173925, Exp of Normalized LogL: 0.309151, Best Rate: 0.3
Fault: [0,5,2,3,4,5], logL: -12.913176, Exp of LogL: 0.000002, Normalized LogL: -1.173925, Exp of Normalized LogL: 0.309151, Best Rate: 0.3
Fault: [0,4,2,3,1,5], logL: -13.235950, Exp of LogL: 0.000002, Normalized LogL: -1.203268, Exp of Normalized LogL: 0.300211, Best Rate: 0.3
Fault: [0,4,2,3,0,5], logL: -13.235950, Exp of LogL: 0.000002, Normalized LogL: -1.203268, Exp of Normalized LogL: 0.300211, Best Rate: 0.3
Fault: [0,4,2,3,2,5], logL: -13.235950, Exp of LogL: 0.000002, Normalized LogL: -1.203268, Exp of Normalized LogL: 0.300211, Best Rate: 0.3
Fault: [0,4,2,3,5,5], logL: -13.235950, Exp of LogL: 0.000002, Normalized LogL: -1.203268, Exp of Normalized LogL: 0.300211, Best Rate: 0.3
Fault: [0,1,2,3,4,5], logL: -13.849162, Exp of LogL: 0.000001, Normalized LogL: -1.259015, Exp of Normalized LogL: 0.283934, Best Rate: 0.3
Fault: [0,0,2,3,4,5], logL: -14.615080, Exp of LogL: 0.000000, Normalized LogL: -1.328644, Exp of Normalized LogL: 0.264836, Best Rate: 0.3
Fault: [0,3,2,3,4,5], logL: -14.933721, Exp of LogL: 0.000000, Normalized LogL: -1.357611, Exp of Normalized LogL: 0.257275, Best Rate: 0.3

========= ADAPTIVE MC DEBUG =========
Total calls: 110
Avg tries: 165.45
Confidence stops: 110
Max stops: 0
Max stop rate: 0.000
Real Fault Rank 2
===== SEED 64 | FR=0.3 | VR=80 =====
executing with fault mode: [0,4,2,3,4,5]

executing with fault mode: [0,4,2,3,4,5]

Fault scores (higher is better):
Fault: [0,4,2,3,4,5], logL: -14.683647, Exp of LogL: 0.000000, Normalized LogL: -1.048832, Exp of Normalized LogL: 0.350347, Best Rate: 0.3
Fault: [0,5,2,3,4,5], logL: -14.683647, Exp of LogL: 0.000000, Normalized LogL: -1.048832, Exp of Normalized LogL: 0.350347, Best Rate: 0.3
Fault: [0,2,2,3,4,5], logL: -14.683647, Exp of LogL: 0.000000, Normalized LogL: -1.048832, Exp of Normalized LogL: 0.350347, Best Rate: 0.3
Fault: [0,4,2,3,1,5], logL: -15.061983, Exp of LogL: 0.000000, Normalized LogL: -1.075856, Exp of Normalized LogL: 0.341006, Best Rate: 0.3
Fault: [0,4,2,3,0,5], logL: -15.061983, Exp of LogL: 0.000000, Normalized LogL: -1.075856, Exp of Normalized LogL: 0.341006, Best Rate: 0.3
Fault: [0,4,2,3,2,5], logL: -15.061983, Exp of LogL: 0.000000, Normalized LogL: -1.075856, Exp of Normalized LogL: 0.341006, Best Rate: 0.3
Fault: [0,4,2,3,5,5], logL: -15.061983, Exp of LogL: 0.000000, Normalized LogL: -1.075856, Exp of Normalized LogL: 0.341006, Best Rate: 0.3
Fault: [0,1,2,3,4,5], logL: -15.747338, Exp of LogL: 0.000000, Normalized LogL: -1.124810, Exp of Normalized LogL: 0.324714, Best Rate: 0.3
Fault: [0,0,2,3,4,5], logL: -16.580859, Exp of LogL: 0.000000, Normalized LogL: -1.184347, Exp of Normalized LogL: 0.305946, Best Rate: 0.3
Fault: [0,3,2,3,4,5], logL: -16.885600, Exp of LogL: 0.000000, Normalized LogL: -1.206114, Exp of Normalized LogL: 0.299358, Best Rate: 0.3

========= ADAPTIVE MC DEBUG =========
Total calls: 140
Avg tries: 170.71
Confidence stops: 140
Max stops: 0
Max stop rate: 0.000
Real Fault Rank 1
===== SEED 64 | FR=0.3 | VR=100 =====
executing with fault mode: [0,4,2,3,4,5]

executing with fault mode: [0,4,2,3,4,5]

Fault scores (higher is better):
Fault: [0,4,2,3,4,5], logL: -15.590211, Exp of LogL: 0.000000, Normalized LogL: -0.866123, Exp of Normalized LogL: 0.420579, Best Rate: 0.3
Fault: [0,5,2,3,4,5], logL: -15.590211, Exp of LogL: 0.000000, Normalized LogL: -0.866123, Exp of Normalized LogL: 0.420579, Best Rate: 0.3
Fault: [0,2,2,3,4,5], logL: -15.590211, Exp of LogL: 0.000000, Normalized LogL: -0.866123, Exp of Normalized LogL: 0.420579, Best Rate: 0.3
Fault: [0,4,2,3,1,5], logL: -15.968548, Exp of LogL: 0.000000, Normalized LogL: -0.887142, Exp of Normalized LogL: 0.411831, Best Rate: 0.3
Fault: [0,4,2,3,0,5], logL: -15.968548, Exp of LogL: 0.000000, Normalized LogL: -0.887142, Exp of Normalized LogL: 0.411831, Best Rate: 0.3
Fault: [0,4,2,3,2,5], logL: -15.968548, Exp of LogL: 0.000000, Normalized LogL: -0.887142, Exp of Normalized LogL: 0.411831, Best Rate: 0.3
Fault: [0,4,2,3,5,5], logL: -15.968548, Exp of LogL: 0.000000, Normalized LogL: -0.887142, Exp of Normalized LogL: 0.411831, Best Rate: 0.3
Fault: [0,1,2,3,4,5], logL: -16.933487, Exp of LogL: 0.000000, Normalized LogL: -0.940749, Exp of Normalized LogL: 0.390335, Best Rate: 0.3
Fault: [0,0,2,3,4,5], logL: -17.709850, Exp of LogL: 0.000000, Normalized LogL: -0.983881, Exp of Normalized LogL: 0.373858, Best Rate: 0.3
Fault: [0,3,2,3,4,5], logL: -18.151792, Exp of LogL: 0.000000, Normalized LogL: -1.008433, Exp of Normalized LogL: 0.364790, Best Rate: 0.3

========= ADAPTIVE MC DEBUG =========
Total calls: 180
Avg tries: 177.22
Confidence stops: 180
Max stops: 0
Max stop rate: 0.000
Real Fault Rank 1
================= 22/08/2026 04:53:55: SEED 64 END =================
================= 22/08/2026 04:53:55: SEED 65 (63/100), a*=2 fault=[0,1,5,3,4,5] START =================
===== SEED 65 | FR=0.3 | VR=20 =====
executing with fault mode: [0,1,5,3,4,5]

Fault scores (higher is better):
Fault: [0,1,5,3,4,5], logL: -6.337318, Exp of LogL: 0.001769, Normalized LogL: -1.584330, Exp of Normalized LogL: 0.205085, Best Rate: 0.3
Fault: [0,1,4,3,4,5], logL: -6.337318, Exp of LogL: 0.001769, Normalized LogL: -1.584330, Exp of Normalized LogL: 0.205085, Best Rate: 0.3
Fault: [0,1,5,3,0,5], logL: -6.725084, Exp of LogL: 0.001200, Normalized LogL: -1.681271, Exp of Normalized LogL: 0.186137, Best Rate: 0.3
Fault: [0,1,5,3,5,5], logL: -6.725084, Exp of LogL: 0.001200, Normalized LogL: -1.681271, Exp of Normalized LogL: 0.186137, Best Rate: 0.3
Fault: [0,1,5,3,3,5], logL: -6.725084, Exp of LogL: 0.001200, Normalized LogL: -1.681271, Exp of Normalized LogL: 0.186137, Best Rate: 0.3
Fault: [0,1,5,3,1,5], logL: -6.725084, Exp of LogL: 0.001200, Normalized LogL: -1.681271, Exp of Normalized LogL: 0.186137, Best Rate: 0.3
Fault: [0,1,1,3,4,5], logL: -32.253541, Exp of LogL: 0.000000, Normalized LogL: -8.063385, Exp of Normalized LogL: 0.000315, Best Rate: 0.3
Fault: [0,1,2,3,4,5], logL: -32.327649, Exp of LogL: 0.000000, Normalized LogL: -8.081912, Exp of Normalized LogL: 0.000309, Best Rate: 0.3
Fault: [0,1,3,3,4,5], logL: -32.590013, Exp of LogL: 0.000000, Normalized LogL: -8.147503, Exp of Normalized LogL: 0.000289, Best Rate: 0.3
Fault: [0,1,0,3,4,5], logL: -32.659006, Exp of LogL: 0.000000, Normalized LogL: -8.164752, Exp of Normalized LogL: 0.000285, Best Rate: 0.3

========= ADAPTIVE MC DEBUG =========
Total calls: 40
Avg tries: 185.00
Confidence stops: 40
Max stops: 0
Max stop rate: 0.000
Real Fault Rank 1
===== SEED 65 | FR=0.3 | VR=40 =====
executing with fault mode: [0,1,5,3,4,5]

Fault scores (higher is better):
Fault: [0,1,5,3,4,5], logL: -10.563803, Exp of LogL: 0.000026, Normalized LogL: -1.320475, Exp of Normalized LogL: 0.267008, Best Rate: 0.3
Fault: [0,1,4,3,4,5], logL: -10.563803, Exp of LogL: 0.000026, Normalized LogL: -1.320475, Exp of Normalized LogL: 0.267008, Best Rate: 0.3
Fault: [0,1,5,3,0,5], logL: -10.949466, Exp of LogL: 0.000018, Normalized LogL: -1.368683, Exp of Normalized LogL: 0.254442, Best Rate: 0.3
Fault: [0,1,5,3,5,5], logL: -10.949466, Exp of LogL: 0.000018, Normalized LogL: -1.368683, Exp of Normalized LogL: 0.254442, Best Rate: 0.3
Fault: [0,1,5,3,3,5], logL: -10.949466, Exp of LogL: 0.000018, Normalized LogL: -1.368683, Exp of Normalized LogL: 0.254442, Best Rate: 0.3
Fault: [0,1,5,3,1,5], logL: -10.949466, Exp of LogL: 0.000018, Normalized LogL: -1.368683, Exp of Normalized LogL: 0.254442, Best Rate: 0.3
Fault: [0,1,1,3,4,5], logL: -36.365251, Exp of LogL: 0.000000, Normalized LogL: -4.545656, Exp of Normalized LogL: 0.010613, Best Rate: 0.3
Fault: [0,1,2,3,4,5], logL: -36.414643, Exp of LogL: 0.000000, Normalized LogL: -4.551830, Exp of Normalized LogL: 0.010548, Best Rate: 0.3
Fault: [0,1,3,3,4,5], logL: -36.813799, Exp of LogL: 0.000000, Normalized LogL: -4.601725, Exp of Normalized LogL: 0.010035, Best Rate: 0.3
Fault: [0,1,0,3,4,5], logL: -36.885491, Exp of LogL: 0.000000, Normalized LogL: -4.610686, Exp of Normalized LogL: 0.009945, Best Rate: 0.3

========= ADAPTIVE MC DEBUG =========
Total calls: 80
Avg tries: 170.62
Confidence stops: 80
Max stops: 0
Max stop rate: 0.000
Real Fault Rank 1
===== SEED 65 | FR=0.3 | VR=60 =====
executing with fault mode: [0,1,5,3,4,5]

Fault scores (higher is better):
Fault: [0,1,5,3,4,5], logL: -11.340055, Exp of LogL: 0.000012, Normalized LogL: -1.030914, Exp of Normalized LogL: 0.356681, Best Rate: 0.3
Fault: [0,1,4,3,4,5], logL: -11.340055, Exp of LogL: 0.000012, Normalized LogL: -1.030914, Exp of Normalized LogL: 0.356681, Best Rate: 0.3
Fault: [0,1,5,3,0,5], logL: -11.725718, Exp of LogL: 0.000008, Normalized LogL: -1.065974, Exp of Normalized LogL: 0.344392, Best Rate: 0.3
Fault: [0,1,5,3,5,5], logL: -11.725718, Exp of LogL: 0.000008, Normalized LogL: -1.065974, Exp of Normalized LogL: 0.344392, Best Rate: 0.3
Fault: [0,1,5,3,3,5], logL: -11.725718, Exp of LogL: 0.000008, Normalized LogL: -1.065974, Exp of Normalized LogL: 0.344392, Best Rate: 0.3
Fault: [0,1,5,3,1,5], logL: -11.725718, Exp of LogL: 0.000008, Normalized LogL: -1.065974, Exp of Normalized LogL: 0.344392, Best Rate: 0.3
Fault: [0,1,2,3,4,5], logL: -37.365172, Exp of LogL: 0.000000, Normalized LogL: -3.396834, Exp of Normalized LogL: 0.033479, Best Rate: 0.3
Fault: [0,1,0,3,4,5], logL: -37.592750, Exp of LogL: 0.000000, Normalized LogL: -3.417523, Exp of Normalized LogL: 0.032794, Best Rate: 0.3
Fault: [0,1,1,3,4,5], logL: -37.626652, Exp of LogL: 0.000000, Normalized LogL: -3.420605, Exp of Normalized LogL: 0.032693, Best Rate: 0.3
Fault: [0,1,3,3,4,5], logL: -37.661743, Exp of LogL: 0.000000, Normalized LogL: -3.423795, Exp of Normalized LogL: 0.032589, Best Rate: 0.3

========= ADAPTIVE MC DEBUG =========
Total calls: 110
Avg tries: 167.73
Confidence stops: 110
Max stops: 0
Max stop rate: 0.000
Real Fault Rank 1
===== SEED 65 | FR=0.3 | VR=80 =====
executing with fault mode: [0,1,5,3,4,5]

Fault scores (higher is better):
Fault: [0,1,5,3,4,5], logL: -12.739410, Exp of LogL: 0.000003, Normalized LogL: -0.849294, Exp of Normalized LogL: 0.427717, Best Rate: 0.3
Fault: [0,1,4,3,4,5], logL: -12.739410, Exp of LogL: 0.000003, Normalized LogL: -0.849294, Exp of Normalized LogL: 0.427717, Best Rate: 0.3
Fault: [0,1,5,3,0,5], logL: -13.125073, Exp of LogL: 0.000002, Normalized LogL: -0.875005, Exp of Normalized LogL: 0.416860, Best Rate: 0.3
Fault: [0,1,5,3,5,5], logL: -13.125073, Exp of LogL: 0.000002, Normalized LogL: -0.875005, Exp of Normalized LogL: 0.416860, Best Rate: 0.3
Fault: [0,1,5,3,3,5], logL: -13.125073, Exp of LogL: 0.000002, Normalized LogL: -0.875005, Exp of Normalized LogL: 0.416860, Best Rate: 0.3
Fault: [0,1,5,3,1,5], logL: -13.125073, Exp of LogL: 0.000002, Normalized LogL: -0.875005, Exp of Normalized LogL: 0.416860, Best Rate: 0.3
Fault: [0,1,2,3,4,5], logL: -38.242184, Exp of LogL: 0.000000, Normalized LogL: -2.549479, Exp of Normalized LogL: 0.078122, Best Rate: 0.3
Fault: [0,1,1,3,4,5], logL: -38.866569, Exp of LogL: 0.000000, Normalized LogL: -2.591105, Exp of Normalized LogL: 0.074937, Best Rate: 0.3
Fault: [0,1,0,3,4,5], logL: -38.886156, Exp of LogL: 0.000000, Normalized LogL: -2.592410, Exp of Normalized LogL: 0.074839, Best Rate: 0.3
Fault: [0,1,3,3,4,5], logL: -39.023358, Exp of LogL: 0.000000, Normalized LogL: -2.601557, Exp of Normalized LogL: 0.074158, Best Rate: 0.3

========= ADAPTIVE MC DEBUG =========
Total calls: 150
Avg tries: 176.33
Confidence stops: 150
Max stops: 0
Max stop rate: 0.000
Real Fault Rank 1
===== SEED 65 | FR=0.3 | VR=100 =====
executing with fault mode: [0,1,5,3,4,5]

Fault scores (higher is better):
Fault: [0,1,5,3,4,5], logL: -14.343885, Exp of LogL: 0.000001, Normalized LogL: -0.754941, Exp of Normalized LogL: 0.470038, Best Rate: 0.3
Fault: [0,1,4,3,4,5], logL: -14.343885, Exp of LogL: 0.000001, Normalized LogL: -0.754941, Exp of Normalized LogL: 0.470038, Best Rate: 0.3
Fault: [0,1,5,3,0,5], logL: -14.729548, Exp of LogL: 0.000000, Normalized LogL: -0.775239, Exp of Normalized LogL: 0.460594, Best Rate: 0.3
Fault: [0,1,5,3,5,5], logL: -14.729548, Exp of LogL: 0.000000, Normalized LogL: -0.775239, Exp of Normalized LogL: 0.460594, Best Rate: 0.3
Fault: [0,1,5,3,3,5], logL: -14.729548, Exp of LogL: 0.000000, Normalized LogL: -0.775239, Exp of Normalized LogL: 0.460594, Best Rate: 0.3
Fault: [0,1,5,3,1,5], logL: -14.729548, Exp of LogL: 0.000000, Normalized LogL: -0.775239, Exp of Normalized LogL: 0.460594, Best Rate: 0.3
Fault: [0,1,2,3,4,5], logL: -39.846659, Exp of LogL: 0.000000, Normalized LogL: -2.097193, Exp of Normalized LogL: 0.122801, Best Rate: 0.3
Fault: [0,1,1,3,4,5], logL: -40.471045, Exp of LogL: 0.000000, Normalized LogL: -2.130055, Exp of Normalized LogL: 0.118831, Best Rate: 0.3
Fault: [0,1,0,3,4,5], logL: -40.490632, Exp of LogL: 0.000000, Normalized LogL: -2.131086, Exp of Normalized LogL: 0.118708, Best Rate: 0.3
Fault: [0,1,3,3,4,5], logL: -40.627833, Exp of LogL: 0.000000, Normalized LogL: -2.138307, Exp of Normalized LogL: 0.117854, Best Rate: 0.3

========= ADAPTIVE MC DEBUG =========
Total calls: 190
Avg tries: 176.05
Confidence stops: 190
Max stops: 0
Max stop rate: 0.000
Real Fault Rank 1
================= 22/08/2026 04:54:12: SEED 65 END =================
================= 22/08/2026 04:54:12: SEED 66 (64/100), a*=2 fault=[0,1,5,3,4,5] START =================
===== SEED 66 | FR=0.3 | VR=20 =====
executing with fault mode: [0,1,5,3,4,5]

Fault scores (higher is better):
Fault: [0,1,5,3,1,5], logL: -35.851564, Exp of LogL: 0.000000, Normalized LogL: -5.121652, Exp of Normalized LogL: 0.005966, Best Rate: 0.3
Fault: [0,1,5,3,2,5], logL: -36.033886, Exp of LogL: 0.000000, Normalized LogL: -5.147698, Exp of Normalized LogL: 0.005813, Best Rate: 0.3
Fault: [0,1,0,3,4,5], logL: -36.062873, Exp of LogL: 0.000000, Normalized LogL: -5.151839, Exp of Normalized LogL: 0.005789, Best Rate: 0.3
Fault: [0,1,5,3,4,5], logL: -36.245195, Exp of LogL: 0.000000, Normalized LogL: -5.177885, Exp of Normalized LogL: 0.005640, Best Rate: 0.3
Fault: [0,1,4,3,4,5], logL: -36.245195, Exp of LogL: 0.000000, Normalized LogL: -5.177885, Exp of Normalized LogL: 0.005640, Best Rate: 0.3
Fault: [0,1,1,3,4,5], logL: -36.245195, Exp of LogL: 0.000000, Normalized LogL: -5.177885, Exp of Normalized LogL: 0.005640, Best Rate: 0.3
Fault: [0,1,5,3,3,5], logL: -36.275048, Exp of LogL: 0.000000, Normalized LogL: -5.182150, Exp of Normalized LogL: 0.005616, Best Rate: 0.3
Fault: [0,1,5,3,5,5], logL: -36.275048, Exp of LogL: 0.000000, Normalized LogL: -5.182150, Exp of Normalized LogL: 0.005616, Best Rate: 0.3
Fault: [0,1,3,3,4,5], logL: -36.468339, Exp of LogL: 0.000000, Normalized LogL: -5.209763, Exp of Normalized LogL: 0.005463, Best Rate: 0.3
Fault: [0,1,2,3,4,5], logL: -36.756021, Exp of LogL: 0.000000, Normalized LogL: -5.250860, Exp of Normalized LogL: 0.005243, Best Rate: 0.3

========= ADAPTIVE MC DEBUG =========
Total calls: 70
Avg tries: 192.86
Confidence stops: 70
Max stops: 0
Max stop rate: 0.000
Real Fault Rank 4
===== SEED 66 | FR=0.3 | VR=40 =====
executing with fault mode: [0,1,5,3,4,5]

Fault scores (higher is better):
Fault: [0,1,5,3,4,5], logL: -41.516395, Exp of LogL: 0.000000, Normalized LogL: -3.193569, Exp of Normalized LogL: 0.041025, Best Rate: 0.3
Fault: [0,1,4,3,4,5], logL: -41.516395, Exp of LogL: 0.000000, Normalized LogL: -3.193569, Exp of Normalized LogL: 0.041025, Best Rate: 0.3
Fault: [0,1,5,3,3,5], logL: -41.844899, Exp of LogL: 0.000000, Normalized LogL: -3.218838, Exp of Normalized LogL: 0.040001, Best Rate: 0.3
Fault: [0,1,5,3,2,5], logL: -41.844899, Exp of LogL: 0.000000, Normalized LogL: -3.218838, Exp of Normalized LogL: 0.040001, Best Rate: 0.3
Fault: [0,1,5,3,5,5], logL: -41.844899, Exp of LogL: 0.000000, Normalized LogL: -3.218838, Exp of Normalized LogL: 0.040001, Best Rate: 0.3
Fault: [0,1,5,3,1,5], logL: -41.844899, Exp of LogL: 0.000000, Normalized LogL: -3.218838, Exp of Normalized LogL: 0.040001, Best Rate: 0.3
Fault: [0,1,0,3,4,5], logL: -42.670718, Exp of LogL: 0.000000, Normalized LogL: -3.282363, Exp of Normalized LogL: 0.037539, Best Rate: 0.3
Fault: [0,1,3,3,4,5], logL: -44.507598, Exp of LogL: 0.000000, Normalized LogL: -3.423661, Exp of Normalized LogL: 0.032593, Best Rate: 0.3
Fault: [0,1,1,3,4,5], logL: -44.853344, Exp of LogL: 0.000000, Normalized LogL: -3.450257, Exp of Normalized LogL: 0.031737, Best Rate: 0.3
Fault: [0,1,2,3,4,5], logL: -45.090397, Exp of LogL: 0.000000, Normalized LogL: -3.468492, Exp of Normalized LogL: 0.031164, Best Rate: 0.3

========= ADAPTIVE MC DEBUG =========
Total calls: 130
Avg tries: 178.46
Confidence stops: 130
Max stops: 0
Max stop rate: 0.000
Real Fault Rank 1
===== SEED 66 | FR=0.3 | VR=60 =====
executing with fault mode: [0,1,5,3,4,5]

Fault scores (higher is better):
Fault: [0,1,5,3,4,5], logL: -25.807889, Exp of LogL: 0.000000, Normalized LogL: -1.358310, Exp of Normalized LogL: 0.257095, Best Rate: 0.3
Fault: [0,1,4,3,4,5], logL: -25.807889, Exp of LogL: 0.000000, Normalized LogL: -1.358310, Exp of Normalized LogL: 0.257095, Best Rate: 0.3
Fault: [0,1,5,3,3,5], logL: -26.136393, Exp of LogL: 0.000000, Normalized LogL: -1.375600, Exp of Normalized LogL: 0.252688, Best Rate: 0.3
Fault: [0,1,5,3,2,5], logL: -26.136393, Exp of LogL: 0.000000, Normalized LogL: -1.375600, Exp of Normalized LogL: 0.252688, Best Rate: 0.3
Fault: [0,1,5,3,5,5], logL: -26.136393, Exp of LogL: 0.000000, Normalized LogL: -1.375600, Exp of Normalized LogL: 0.252688, Best Rate: 0.3
Fault: [0,1,5,3,1,5], logL: -26.136393, Exp of LogL: 0.000000, Normalized LogL: -1.375600, Exp of Normalized LogL: 0.252688, Best Rate: 0.3
Fault: [0,1,0,3,4,5], logL: -105.734997, Exp of LogL: 0.000000, Normalized LogL: -5.565000, Exp of Normalized LogL: 0.003830, Best Rate: 0.3
Fault: [0,1,1,3,4,5], logL: -106.833610, Exp of LogL: 0.000000, Normalized LogL: -5.622822, Exp of Normalized LogL: 0.003614, Best Rate: 0.3
Fault: [0,1,2,3,4,5], logL: -106.833610, Exp of LogL: 0.000000, Normalized LogL: -5.622822, Exp of Normalized LogL: 0.003614, Best Rate: 0.3
Fault: [0,1,3,3,4,5], logL: -107.121292, Exp of LogL: 0.000000, Normalized LogL: -5.637963, Exp of Normalized LogL: 0.003560, Best Rate: 0.3

========= ADAPTIVE MC DEBUG =========
Total calls: 190
Avg tries: 175.26
Confidence stops: 190
Max stops: 0
Max stop rate: 0.000
Real Fault Rank 1
===== SEED 66 | FR=0.3 | VR=80 =====
executing with fault mode: [0,1,5,3,4,5]

Fault scores (higher is better):
Fault: [0,1,5,3,4,5], logL: -27.849481, Exp of LogL: 0.000000, Normalized LogL: -1.113979, Exp of Normalized LogL: 0.328250, Best Rate: 0.3
Fault: [0,1,4,3,4,5], logL: -27.849481, Exp of LogL: 0.000000, Normalized LogL: -1.113979, Exp of Normalized LogL: 0.328250, Best Rate: 0.3
Fault: [0,1,5,3,3,5], logL: -28.177985, Exp of LogL: 0.000000, Normalized LogL: -1.127119, Exp of Normalized LogL: 0.323965, Best Rate: 0.3
Fault: [0,1,5,3,2,5], logL: -28.177985, Exp of LogL: 0.000000, Normalized LogL: -1.127119, Exp of Normalized LogL: 0.323965, Best Rate: 0.3
Fault: [0,1,5,3,5,5], logL: -28.177985, Exp of LogL: 0.000000, Normalized LogL: -1.127119, Exp of Normalized LogL: 0.323965, Best Rate: 0.3
Fault: [0,1,5,3,1,5], logL: -28.177985, Exp of LogL: 0.000000, Normalized LogL: -1.127119, Exp of Normalized LogL: 0.323965, Best Rate: 0.3
Fault: [0,1,0,3,4,5], logL: -131.427726, Exp of LogL: 0.000000, Normalized LogL: -5.257109, Exp of Normalized LogL: 0.005210, Best Rate: 0.3
Fault: [0,1,3,3,4,5], logL: -132.279682, Exp of LogL: 0.000000, Normalized LogL: -5.291187, Exp of Normalized LogL: 0.005036, Best Rate: 0.3
Fault: [0,1,2,3,4,5], logL: -132.282502, Exp of LogL: 0.000000, Normalized LogL: -5.291300, Exp of Normalized LogL: 0.005035, Best Rate: 0.3
Fault: [0,1,1,3,4,5], logL: -132.372909, Exp of LogL: 0.000000, Normalized LogL: -5.294916, Exp of Normalized LogL: 0.005017, Best Rate: 0.3

========= ADAPTIVE MC DEBUG =========
Total calls: 250
Avg tries: 176.60
Confidence stops: 250
Max stops: 0
Max stop rate: 0.000
Real Fault Rank 1
===== SEED 66 | FR=0.3 | VR=100 =====
executing with fault mode: [0,1,5,3,4,5]

Fault scores (higher is better):
Fault: [0,1,5,3,4,5], logL: -30.672797, Exp of LogL: 0.000000, Normalized LogL: -0.958525, Exp of Normalized LogL: 0.383458, Best Rate: 0.3
Fault: [0,1,4,3,4,5], logL: -30.672797, Exp of LogL: 0.000000, Normalized LogL: -0.958525, Exp of Normalized LogL: 0.383458, Best Rate: 0.3
Fault: [0,1,5,3,3,5], logL: -31.001301, Exp of LogL: 0.000000, Normalized LogL: -0.968791, Exp of Normalized LogL: 0.379542, Best Rate: 0.3
Fault: [0,1,5,3,2,5], logL: -31.001301, Exp of LogL: 0.000000, Normalized LogL: -0.968791, Exp of Normalized LogL: 0.379542, Best Rate: 0.3
Fault: [0,1,5,3,5,5], logL: -31.001301, Exp of LogL: 0.000000, Normalized LogL: -0.968791, Exp of Normalized LogL: 0.379542, Best Rate: 0.3
Fault: [0,1,5,3,1,5], logL: -31.001301, Exp of LogL: 0.000000, Normalized LogL: -0.968791, Exp of Normalized LogL: 0.379542, Best Rate: 0.3
Fault: [0,1,0,3,4,5], logL: -188.285463, Exp of LogL: 0.000000, Normalized LogL: -5.883921, Exp of Normalized LogL: 0.002784, Best Rate: 0.3
Fault: [0,1,2,3,4,5], logL: -188.572454, Exp of LogL: 0.000000, Normalized LogL: -5.892889, Exp of Normalized LogL: 0.002759, Best Rate: 0.3
Fault: [0,1,3,3,4,5], logL: -189.115885, Exp of LogL: 0.000000, Normalized LogL: -5.909871, Exp of Normalized LogL: 0.002713, Best Rate: 0.3
Fault: [0,1,1,3,4,5], logL: -189.234668, Exp of LogL: 0.000000, Normalized LogL: -5.913583, Exp of Normalized LogL: 0.002702, Best Rate: 0.3

========= ADAPTIVE MC DEBUG =========
Total calls: 320
Avg tries: 179.69
Confidence stops: 320
Max stops: 0
Max stop rate: 0.000
Real Fault Rank 1
================= 22/08/2026 04:54:42: SEED 66 END =================
================= 22/08/2026 04:54:42: SEED 67 (65/100), a*=0 fault=[5,1,2,3,4,5] START =================
===== SEED 67 | FR=0.3 | VR=20 =====
executing with fault mode: [5,1,2,3,4,5]

executing with fault mode: [5,1,2,3,4,5]

executing with fault mode: [5,1,2,3,4,5]

Fault scores (higher is better):
Fault: [4,1,2,3,4,5], logL: -11.579336, Exp of LogL: 0.000009, Normalized LogL: -1.929889, Exp of Normalized LogL: 0.145164, Best Rate: 0.3
Fault: [5,1,2,3,4,5], logL: -11.579336, Exp of LogL: 0.000009, Normalized LogL: -1.929889, Exp of Normalized LogL: 0.145164, Best Rate: 0.3
Fault: [5,1,2,3,0,5], logL: -11.642515, Exp of LogL: 0.000009, Normalized LogL: -1.940419, Exp of Normalized LogL: 0.143644, Best Rate: 0.3
Fault: [5,1,2,3,5,5], logL: -11.642515, Exp of LogL: 0.000009, Normalized LogL: -1.940419, Exp of Normalized LogL: 0.143644, Best Rate: 0.3
Fault: [3,1,2,3,4,5], logL: -11.700697, Exp of LogL: 0.000008, Normalized LogL: -1.950116, Exp of Normalized LogL: 0.142258, Best Rate: 0.3
Fault: [5,1,2,3,1,5], logL: -11.757584, Exp of LogL: 0.000008, Normalized LogL: -1.959597, Exp of Normalized LogL: 0.140915, Best Rate: 0.3
Fault: [5,1,2,3,2,5], logL: -11.833570, Exp of LogL: 0.000007, Normalized LogL: -1.972262, Exp of Normalized LogL: 0.139142, Best Rate: 0.3
Fault: [0,1,2,3,4,5], logL: -12.264931, Exp of LogL: 0.000005, Normalized LogL: -2.044155, Exp of Normalized LogL: 0.129490, Best Rate: 0.3
Fault: [1,1,2,3,4,5], logL: -12.558805, Exp of LogL: 0.000004, Normalized LogL: -2.093134, Exp of Normalized LogL: 0.123300, Best Rate: 0.3
Fault: [2,1,2,3,4,5], logL: -12.639625, Exp of LogL: 0.000003, Normalized LogL: -2.106604, Exp of Normalized LogL: 0.121650, Best Rate: 0.3

========= ADAPTIVE MC DEBUG =========
Total calls: 60
Avg tries: 200.00
Confidence stops: 60
Max stops: 0
Max stop rate: 0.000
Real Fault Rank 2
===== SEED 67 | FR=0.3 | VR=40 =====
executing with fault mode: [5,1,2,3,4,5]

executing with fault mode: [5,1,2,3,4,5]

executing with fault mode: [5,1,2,3,4,5]

Fault scores (higher is better):
Fault: [3,1,2,3,4,5], logL: -15.600950, Exp of LogL: 0.000000, Normalized LogL: -1.418268, Exp of Normalized LogL: 0.242133, Best Rate: 0.3
Fault: [5,1,2,3,0,5], logL: -15.674281, Exp of LogL: 0.000000, Normalized LogL: -1.424935, Exp of Normalized LogL: 0.240524, Best Rate: 0.3
Fault: [4,1,2,3,4,5], logL: -15.674281, Exp of LogL: 0.000000, Normalized LogL: -1.424935, Exp of Normalized LogL: 0.240524, Best Rate: 0.3
Fault: [5,1,2,3,4,5], logL: -15.674281, Exp of LogL: 0.000000, Normalized LogL: -1.424935, Exp of Normalized LogL: 0.240524, Best Rate: 0.3
Fault: [5,1,2,3,5,5], logL: -15.674281, Exp of LogL: 0.000000, Normalized LogL: -1.424935, Exp of Normalized LogL: 0.240524, Best Rate: 0.3
Fault: [5,1,2,3,2,5], logL: -15.802114, Exp of LogL: 0.000000, Normalized LogL: -1.436556, Exp of Normalized LogL: 0.237745, Best Rate: 0.3
Fault: [5,1,2,3,1,5], logL: -15.848634, Exp of LogL: 0.000000, Normalized LogL: -1.440785, Exp of Normalized LogL: 0.236742, Best Rate: 0.3
Fault: [0,1,2,3,4,5], logL: -16.940405, Exp of LogL: 0.000000, Normalized LogL: -1.540037, Exp of Normalized LogL: 0.214373, Best Rate: 0.3
Fault: [1,1,2,3,4,5], logL: -17.743251, Exp of LogL: 0.000000, Normalized LogL: -1.613023, Exp of Normalized LogL: 0.199284, Best Rate: 0.3
Fault: [2,1,2,3,4,5], logL: -18.343066, Exp of LogL: 0.000000, Normalized LogL: -1.667551, Exp of Normalized LogL: 0.188709, Best Rate: 0.3

========= ADAPTIVE MC DEBUG =========
Total calls: 110
Avg tries: 180.45
Confidence stops: 110
Max stops: 0
Max stop rate: 0.000
Real Fault Rank 4
===== SEED 67 | FR=0.3 | VR=60 =====
executing with fault mode: [5,1,2,3,4,5]

executing with fault mode: [5,1,2,3,4,5]

executing with fault mode: [5,1,2,3,4,5]

Fault scores (higher is better):
Fault: [5,1,2,3,0,5], logL: -19.430213, Exp of LogL: 0.000000, Normalized LogL: -1.214388, Exp of Normalized LogL: 0.296892, Best Rate: 0.3
Fault: [5,1,2,3,5,5], logL: -19.430213, Exp of LogL: 0.000000, Normalized LogL: -1.214388, Exp of Normalized LogL: 0.296892, Best Rate: 0.3
Fault: [3,1,2,3,4,5], logL: -19.731575, Exp of LogL: 0.000000, Normalized LogL: -1.233223, Exp of Normalized LogL: 0.291352, Best Rate: 0.3
Fault: [4,1,2,3,4,5], logL: -19.804906, Exp of LogL: 0.000000, Normalized LogL: -1.237807, Exp of Normalized LogL: 0.290020, Best Rate: 0.3
Fault: [5,1,2,3,4,5], logL: -19.804906, Exp of LogL: 0.000000, Normalized LogL: -1.237807, Exp of Normalized LogL: 0.290020, Best Rate: 0.3
Fault: [5,1,2,3,1,5], logL: -19.900216, Exp of LogL: 0.000000, Normalized LogL: -1.243764, Exp of Normalized LogL: 0.288297, Best Rate: 0.3
Fault: [5,1,2,3,2,5], logL: -19.951510, Exp of LogL: 0.000000, Normalized LogL: -1.246969, Exp of Normalized LogL: 0.287374, Best Rate: 0.3
Fault: [0,1,2,3,4,5], logL: -20.502141, Exp of LogL: 0.000000, Normalized LogL: -1.281384, Exp of Normalized LogL: 0.277653, Best Rate: 0.3
Fault: [1,1,2,3,4,5], logL: -21.363051, Exp of LogL: 0.000000, Normalized LogL: -1.335191, Exp of Normalized LogL: 0.263108, Best Rate: 0.3
Fault: [2,1,2,3,4,5], logL: -21.909944, Exp of LogL: 0.000000, Normalized LogL: -1.369371, Exp of Normalized LogL: 0.254267, Best Rate: 0.3

========= ADAPTIVE MC DEBUG =========
Total calls: 160
Avg tries: 177.19
Confidence stops: 160
Max stops: 0
Max stop rate: 0.000
Real Fault Rank 5
===== SEED 67 | FR=0.3 | VR=80 =====
executing with fault mode: [5,1,2,3,4,5]

executing with fault mode: [5,1,2,3,4,5]

executing with fault mode: [5,1,2,3,4,5]

Fault scores (higher is better):
Fault: [5,1,2,3,0,5], logL: -21.087159, Exp of LogL: 0.000000, Normalized LogL: -1.004150, Exp of Normalized LogL: 0.366356, Best Rate: 0.3
Fault: [5,1,2,3,5,5], logL: -21.087159, Exp of LogL: 0.000000, Normalized LogL: -1.004150, Exp of Normalized LogL: 0.366356, Best Rate: 0.3
Fault: [3,1,2,3,4,5], logL: -21.387544, Exp of LogL: 0.000000, Normalized LogL: -1.018454, Exp of Normalized LogL: 0.361153, Best Rate: 0.3
Fault: [4,1,2,3,4,5], logL: -21.460875, Exp of LogL: 0.000000, Normalized LogL: -1.021946, Exp of Normalized LogL: 0.359894, Best Rate: 0.3
Fault: [5,1,2,3,4,5], logL: -21.460875, Exp of LogL: 0.000000, Normalized LogL: -1.021946, Exp of Normalized LogL: 0.359894, Best Rate: 0.3
Fault: [5,1,2,3,1,5], logL: -21.594406, Exp of LogL: 0.000000, Normalized LogL: -1.028305, Exp of Normalized LogL: 0.357613, Best Rate: 0.3
Fault: [5,1,2,3,2,5], logL: -21.630774, Exp of LogL: 0.000000, Normalized LogL: -1.030037, Exp of Normalized LogL: 0.356994, Best Rate: 0.3
Fault: [0,1,2,3,4,5], logL: -22.158110, Exp of LogL: 0.000000, Normalized LogL: -1.055148, Exp of Normalized LogL: 0.348141, Best Rate: 0.3
Fault: [1,1,2,3,4,5], logL: -23.019020, Exp of LogL: 0.000000, Normalized LogL: -1.096144, Exp of Normalized LogL: 0.334157, Best Rate: 0.3
Fault: [2,1,2,3,4,5], logL: -23.565912, Exp of LogL: 0.000000, Normalized LogL: -1.122186, Exp of Normalized LogL: 0.325567, Best Rate: 0.3

========= ADAPTIVE MC DEBUG =========
Total calls: 210
Avg tries: 180.71
Confidence stops: 210
Max stops: 0
Max stop rate: 0.000
Real Fault Rank 5
===== SEED 67 | FR=0.3 | VR=100 =====
executing with fault mode: [5,1,2,3,4,5]

executing with fault mode: [5,1,2,3,4,5]

executing with fault mode: [5,1,2,3,4,5]

Fault scores (higher is better):
Fault: [3,1,2,3,4,5], logL: -26.487657, Exp of LogL: 0.000000, Normalized LogL: -0.981024, Exp of Normalized LogL: 0.374927, Best Rate: 0.3
Fault: [4,1,2,3,4,5], logL: -26.560988, Exp of LogL: 0.000000, Normalized LogL: -0.983740, Exp of Normalized LogL: 0.373910, Best Rate: 0.3
Fault: [5,1,2,3,4,5], logL: -26.560988, Exp of LogL: 0.000000, Normalized LogL: -0.983740, Exp of Normalized LogL: 0.373910, Best Rate: 0.3
Fault: [5,1,2,3,0,5], logL: -26.961466, Exp of LogL: 0.000000, Normalized LogL: -0.998573, Exp of Normalized LogL: 0.368405, Best Rate: 0.3
Fault: [5,1,2,3,1,5], logL: -26.961466, Exp of LogL: 0.000000, Normalized LogL: -0.998573, Exp of Normalized LogL: 0.368405, Best Rate: 0.3
Fault: [5,1,2,3,5,5], logL: -26.961466, Exp of LogL: 0.000000, Normalized LogL: -0.998573, Exp of Normalized LogL: 0.368405, Best Rate: 0.3
Fault: [5,1,2,3,2,5], logL: -26.961466, Exp of LogL: 0.000000, Normalized LogL: -0.998573, Exp of Normalized LogL: 0.368405, Best Rate: 0.3
Fault: [0,1,2,3,4,5], logL: -27.258223, Exp of LogL: 0.000000, Normalized LogL: -1.009564, Exp of Normalized LogL: 0.364378, Best Rate: 0.3
Fault: [1,1,2,3,4,5], logL: -28.119133, Exp of LogL: 0.000000, Normalized LogL: -1.041449, Exp of Normalized LogL: 0.352943, Best Rate: 0.3
Fault: [2,1,2,3,4,5], logL: -28.666026, Exp of LogL: 0.000000, Normalized LogL: -1.061705, Exp of Normalized LogL: 0.345866, Best Rate: 0.3

========= ADAPTIVE MC DEBUG =========
Total calls: 270
Avg tries: 176.11
Confidence stops: 270
Max stops: 0
Max stop rate: 0.000
Real Fault Rank 3
================= 22/08/2026 04:55:07: SEED 67 END =================
================= 22/08/2026 04:55:07: SEED 68 (66/100), a*=2 fault=[0,1,4,3,4,5] START =================
===== SEED 68 | FR=0.3 | VR=20 =====
executing with fault mode: [0,1,4,3,4,5]

executing with fault mode: [0,1,4,3,4,5]

Fault scores (higher is better):
Fault: [0,0,4,3,4,5], logL: -7.086882, Exp of LogL: 0.000836, Normalized LogL: -0.177172, Exp of Normalized LogL: 0.837636, Best Rate: 0.3
Fault: [0,2,4,3,4,5], logL: -7.092159, Exp of LogL: 0.000832, Normalized LogL: -0.177304, Exp of Normalized LogL: 0.837525, Best Rate: 0.3
Fault: [0,1,0,3,4,5], logL: -8.230512, Exp of LogL: 0.000266, Normalized LogL: -0.205763, Exp of Normalized LogL: 0.814026, Best Rate: 0.3
Fault: [0,5,4,3,4,5], logL: -8.239561, Exp of LogL: 0.000264, Normalized LogL: -0.205989, Exp of Normalized LogL: 0.813842, Best Rate: 0.3
Fault: [0,4,4,3,4,5], logL: -8.239561, Exp of LogL: 0.000264, Normalized LogL: -0.205989, Exp of Normalized LogL: 0.813842, Best Rate: 0.3
Fault: [0,1,4,3,4,5], logL: -8.317523, Exp of LogL: 0.000244, Normalized LogL: -0.207938, Exp of Normalized LogL: 0.812257, Best Rate: 0.3
Fault: [0,1,5,3,4,5], logL: -8.317523, Exp of LogL: 0.000244, Normalized LogL: -0.207938, Exp of Normalized LogL: 0.812257, Best Rate: 0.3
Fault: [0,1,3,3,4,5], logL: -8.635977, Exp of LogL: 0.000178, Normalized LogL: -0.215899, Exp of Normalized LogL: 0.805816, Best Rate: 0.3
Fault: [0,1,2,3,4,5], logL: -9.105980, Exp of LogL: 0.000111, Normalized LogL: -0.227650, Exp of Normalized LogL: 0.796403, Best Rate: 0.3
Fault: [0,1,1,3,4,5], logL: -9.105980, Exp of LogL: 0.000111, Normalized LogL: -0.227650, Exp of Normalized LogL: 0.796403, Best Rate: 0.3

========= ADAPTIVE MC DEBUG =========
Total calls: 400
Avg tries: 172.50
Confidence stops: 400
Max stops: 0
Max stop rate: 0.000
Real Fault Rank 6
===== SEED 68 | FR=0.3 | VR=40 =====
executing with fault mode: [0,1,4,3,4,5]

executing with fault mode: [0,1,4,3,4,5]

Fault scores (higher is better):
Fault: [0,1,0,3,4,5], logL: -10.835608, Exp of LogL: 0.000020, Normalized LogL: -0.137160, Exp of Normalized LogL: 0.871831, Best Rate: 0.3
Fault: [0,2,4,3,4,5], logL: -11.104052, Exp of LogL: 0.000015, Normalized LogL: -0.140558, Exp of Normalized LogL: 0.868874, Best Rate: 0.3
Fault: [0,5,4,3,4,5], logL: -11.380110, Exp of LogL: 0.000011, Normalized LogL: -0.144052, Exp of Normalized LogL: 0.865843, Best Rate: 0.3
Fault: [0,4,4,3,4,5], logL: -11.380110, Exp of LogL: 0.000011, Normalized LogL: -0.144052, Exp of Normalized LogL: 0.865843, Best Rate: 0.3
Fault: [0,1,3,3,4,5], logL: -11.708925, Exp of LogL: 0.000008, Normalized LogL: -0.148214, Exp of Normalized LogL: 0.862246, Best Rate: 0.3
Fault: [0,1,4,3,4,5], logL: -11.835677, Exp of LogL: 0.000007, Normalized LogL: -0.149819, Exp of Normalized LogL: 0.860864, Best Rate: 0.3
Fault: [0,1,5,3,4,5], logL: -11.835677, Exp of LogL: 0.000007, Normalized LogL: -0.149819, Exp of Normalized LogL: 0.860864, Best Rate: 0.3
Fault: [0,0,4,3,4,5], logL: -11.905774, Exp of LogL: 0.000007, Normalized LogL: -0.150706, Exp of Normalized LogL: 0.860101, Best Rate: 0.3
Fault: [0,1,2,3,4,5], logL: -12.537874, Exp of LogL: 0.000004, Normalized LogL: -0.158707, Exp of Normalized LogL: 0.853246, Best Rate: 0.3
Fault: [0,1,1,3,4,5], logL: -13.079471, Exp of LogL: 0.000002, Normalized LogL: -0.165563, Exp of Normalized LogL: 0.847417, Best Rate: 0.3

========= ADAPTIVE MC DEBUG =========
Total calls: 790
Avg tries: 155.70
Confidence stops: 790
Max stops: 0
Max stop rate: 0.000
Real Fault Rank 6
===== SEED 68 | FR=0.3 | VR=60 =====
executing with fault mode: [0,1,4,3,4,5]

executing with fault mode: [0,1,4,3,4,5]

Fault scores (higher is better):
Fault: [0,5,4,3,4,5], logL: -15.377250, Exp of LogL: 0.000000, Normalized LogL: -0.129221, Exp of Normalized LogL: 0.878780, Best Rate: 0.3
Fault: [0,4,4,3,4,5], logL: -15.377250, Exp of LogL: 0.000000, Normalized LogL: -0.129221, Exp of Normalized LogL: 0.878780, Best Rate: 0.3
Fault: [0,2,4,3,4,5], logL: -15.461442, Exp of LogL: 0.000000, Normalized LogL: -0.129928, Exp of Normalized LogL: 0.878159, Best Rate: 0.3
Fault: [0,1,4,3,4,5], logL: -16.754213, Exp of LogL: 0.000000, Normalized LogL: -0.140792, Exp of Normalized LogL: 0.868670, Best Rate: 0.3
Fault: [0,1,5,3,4,5], logL: -16.754213, Exp of LogL: 0.000000, Normalized LogL: -0.140792, Exp of Normalized LogL: 0.868670, Best Rate: 0.3
Fault: [0,0,4,3,4,5], logL: -17.327860, Exp of LogL: 0.000000, Normalized LogL: -0.145612, Exp of Normalized LogL: 0.864493, Best Rate: 0.3
Fault: [0,1,0,3,4,5], logL: -69.566008, Exp of LogL: 0.000000, Normalized LogL: -0.584588, Exp of Normalized LogL: 0.557335, Best Rate: 0.3
Fault: [0,1,2,3,4,5], logL: -70.020263, Exp of LogL: 0.000000, Normalized LogL: -0.588406, Exp of Normalized LogL: 0.555212, Best Rate: 0.3
Fault: [0,1,3,3,4,5], logL: -70.320367, Exp of LogL: 0.000000, Normalized LogL: -0.590927, Exp of Normalized LogL: 0.553813, Best Rate: 0.3
Fault: [0,1,1,3,4,5], logL: -70.549781, Exp of LogL: 0.000000, Normalized LogL: -0.592855, Exp of Normalized LogL: 0.552747, Best Rate: 0.3

========= ADAPTIVE MC DEBUG =========
Total calls: 1190
Avg tries: 152.90
Confidence stops: 1190
Max stops: 0
Max stop rate: 0.000
Real Fault Rank 4
===== SEED 68 | FR=0.3 | VR=80 =====
executing with fault mode: [0,1,4,3,4,5]

executing with fault mode: [0,1,4,3,4,5]

Fault scores (higher is better):
Fault: [0,5,4,3,4,5], logL: -15.307257, Exp of LogL: 0.000000, Normalized LogL: -0.096881, Exp of Normalized LogL: 0.907664, Best Rate: 0.3
Fault: [0,4,4,3,4,5], logL: -15.307257, Exp of LogL: 0.000000, Normalized LogL: -0.096881, Exp of Normalized LogL: 0.907664, Best Rate: 0.3
Fault: [0,2,4,3,4,5], logL: -15.657153, Exp of LogL: 0.000000, Normalized LogL: -0.099096, Exp of Normalized LogL: 0.905656, Best Rate: 0.3
Fault: [0,1,4,3,4,5], logL: -16.767602, Exp of LogL: 0.000000, Normalized LogL: -0.106124, Exp of Normalized LogL: 0.899313, Best Rate: 0.3
Fault: [0,1,5,3,4,5], logL: -16.767602, Exp of LogL: 0.000000, Normalized LogL: -0.106124, Exp of Normalized LogL: 0.899313, Best Rate: 0.3
Fault: [0,0,4,3,4,5], logL: -17.523571, Exp of LogL: 0.000000, Normalized LogL: -0.110909, Exp of Normalized LogL: 0.895020, Best Rate: 0.3
Fault: [0,1,0,3,4,5], logL: -69.579397, Exp of LogL: 0.000000, Normalized LogL: -0.440376, Exp of Normalized LogL: 0.643794, Best Rate: 0.3
Fault: [0,1,2,3,4,5], logL: -70.033652, Exp of LogL: 0.000000, Normalized LogL: -0.443251, Exp of Normalized LogL: 0.641946, Best Rate: 0.3
Fault: [0,1,3,3,4,5], logL: -70.333757, Exp of LogL: 0.000000, Normalized LogL: -0.445150, Exp of Normalized LogL: 0.640728, Best Rate: 0.3
Fault: [0,1,1,3,4,5], logL: -70.563170, Exp of LogL: 0.000000, Normalized LogL: -0.446602, Exp of Normalized LogL: 0.639798, Best Rate: 0.3

========= ADAPTIVE MC DEBUG =========
Total calls: 1580
Avg tries: 152.50
Confidence stops: 1580
Max stops: 0
Max stop rate: 0.000
Real Fault Rank 4
===== SEED 68 | FR=0.3 | VR=100 =====
executing with fault mode: [0,1,4,3,4,5]

executing with fault mode: [0,1,4,3,4,5]

Fault scores (higher is better):
Fault: [0,5,4,3,4,5], logL: -16.401687, Exp of LogL: 0.000000, Normalized LogL: -0.082837, Exp of Normalized LogL: 0.920501, Best Rate: 0.3
Fault: [0,4,4,3,4,5], logL: -16.401687, Exp of LogL: 0.000000, Normalized LogL: -0.082837, Exp of Normalized LogL: 0.920501, Best Rate: 0.3
Fault: [0,2,4,3,4,5], logL: -17.930668, Exp of LogL: 0.000000, Normalized LogL: -0.090559, Exp of Normalized LogL: 0.913421, Best Rate: 0.3
Fault: [0,1,4,3,4,5], logL: -18.832518, Exp of LogL: 0.000000, Normalized LogL: -0.095114, Exp of Normalized LogL: 0.909270, Best Rate: 0.3
Fault: [0,1,5,3,4,5], logL: -18.832518, Exp of LogL: 0.000000, Normalized LogL: -0.095114, Exp of Normalized LogL: 0.909270, Best Rate: 0.3
Fault: [0,0,4,3,4,5], logL: -19.188473, Exp of LogL: 0.000000, Normalized LogL: -0.096911, Exp of Normalized LogL: 0.907636, Best Rate: 0.3
Fault: [0,1,0,3,4,5], logL: -70.404622, Exp of LogL: 0.000000, Normalized LogL: -0.355579, Exp of Normalized LogL: 0.700768, Best Rate: 0.3
Fault: [0,1,2,3,4,5], logL: -70.858877, Exp of LogL: 0.000000, Normalized LogL: -0.357873, Exp of Normalized LogL: 0.699162, Best Rate: 0.3
Fault: [0,1,3,3,4,5], logL: -71.158982, Exp of LogL: 0.000000, Normalized LogL: -0.359389, Exp of Normalized LogL: 0.698103, Best Rate: 0.3
Fault: [0,1,1,3,4,5], logL: -71.388395, Exp of LogL: 0.000000, Normalized LogL: -0.360547, Exp of Normalized LogL: 0.697294, Best Rate: 0.3

========= ADAPTIVE MC DEBUG =========
Total calls: 1980
Avg tries: 152.50
Confidence stops: 1980
Max stops: 0
Max stop rate: 0.000
Real Fault Rank 4
================= 22/08/2026 04:57:48: SEED 68 END =================
================= 22/08/2026 04:57:48: SEED 69 (67/100), a*=2 fault=[0,1,1,3,4,5] START =================
===== SEED 69 | FR=0.3 | VR=20 =====
executing with fault mode: [0,1,1,3,4,5]

Fault scores (higher is better):
Fault: [0,1,1,3,4,5], logL: -7.210124, Exp of LogL: 0.000739, Normalized LogL: -1.442025, Exp of Normalized LogL: 0.236449, Best Rate: 0.3
Fault: [0,1,1,3,2,5], logL: -7.353225, Exp of LogL: 0.000641, Normalized LogL: -1.470645, Exp of Normalized LogL: 0.229777, Best Rate: 0.3
Fault: [0,1,1,3,0,5], logL: -7.353225, Exp of LogL: 0.000641, Normalized LogL: -1.470645, Exp of Normalized LogL: 0.229777, Best Rate: 0.3
Fault: [0,1,1,3,5,5], logL: -7.433267, Exp of LogL: 0.000591, Normalized LogL: -1.486653, Exp of Normalized LogL: 0.226128, Best Rate: 0.3
Fault: [0,1,1,3,1,5], logL: -7.433267, Exp of LogL: 0.000591, Normalized LogL: -1.486653, Exp of Normalized LogL: 0.226128, Best Rate: 0.3
Fault: [0,1,2,3,4,5], logL: -7.461438, Exp of LogL: 0.000575, Normalized LogL: -1.492288, Exp of Normalized LogL: 0.224858, Best Rate: 0.3
Fault: [0,1,0,3,4,5], logL: -7.666882, Exp of LogL: 0.000468, Normalized LogL: -1.533376, Exp of Normalized LogL: 0.215806, Best Rate: 0.3
Fault: [0,1,4,3,4,5], logL: -8.504481, Exp of LogL: 0.000203, Normalized LogL: -1.700896, Exp of Normalized LogL: 0.182520, Best Rate: 0.3
Fault: [0,1,5,3,4,5], logL: -8.504481, Exp of LogL: 0.000203, Normalized LogL: -1.700896, Exp of Normalized LogL: 0.182520, Best Rate: 0.3
Fault: [0,1,3,3,4,5], logL: -8.847733, Exp of LogL: 0.000144, Normalized LogL: -1.769547, Exp of Normalized LogL: 0.170410, Best Rate: 0.3

========= ADAPTIVE MC DEBUG =========
Total calls: 50
Avg tries: 200.00
Confidence stops: 50
Max stops: 0
Max stop rate: 0.000
Real Fault Rank 1
===== SEED 69 | FR=0.3 | VR=40 =====
executing with fault mode: [0,1,1,3,4,5]

Fault scores (higher is better):
Fault: [0,1,1,3,4,5], logL: -11.058768, Exp of LogL: 0.000016, Normalized LogL: -1.105877, Exp of Normalized LogL: 0.330921, Best Rate: 0.3
Fault: [0,1,1,3,2,5], logL: -11.241090, Exp of LogL: 0.000013, Normalized LogL: -1.124109, Exp of Normalized LogL: 0.324942, Best Rate: 0.3
Fault: [0,1,1,3,5,5], logL: -11.263562, Exp of LogL: 0.000013, Normalized LogL: -1.126356, Exp of Normalized LogL: 0.324212, Best Rate: 0.3
Fault: [0,1,1,3,1,5], logL: -11.263562, Exp of LogL: 0.000013, Normalized LogL: -1.126356, Exp of Normalized LogL: 0.324212, Best Rate: 0.3
Fault: [0,1,1,3,0,5], logL: -11.286552, Exp of LogL: 0.000013, Normalized LogL: -1.128655, Exp of Normalized LogL: 0.323468, Best Rate: 0.3
Fault: [0,1,2,3,4,5], logL: -11.931911, Exp of LogL: 0.000007, Normalized LogL: -1.193191, Exp of Normalized LogL: 0.303252, Best Rate: 0.3
Fault: [0,1,4,3,4,5], logL: -12.274382, Exp of LogL: 0.000005, Normalized LogL: -1.227438, Exp of Normalized LogL: 0.293042, Best Rate: 0.3
Fault: [0,1,5,3,4,5], logL: -12.274382, Exp of LogL: 0.000005, Normalized LogL: -1.227438, Exp of Normalized LogL: 0.293042, Best Rate: 0.3
Fault: [0,1,3,3,4,5], logL: -12.313385, Exp of LogL: 0.000004, Normalized LogL: -1.231338, Exp of Normalized LogL: 0.291902, Best Rate: 0.3
Fault: [0,1,0,3,4,5], logL: -12.572615, Exp of LogL: 0.000003, Normalized LogL: -1.257262, Exp of Normalized LogL: 0.284432, Best Rate: 0.3

========= ADAPTIVE MC DEBUG =========
Total calls: 100
Avg tries: 184.00
Confidence stops: 100
Max stops: 0
Max stop rate: 0.000
Real Fault Rank 1
===== SEED 69 | FR=0.3 | VR=60 =====
executing with fault mode: [0,1,1,3,4,5]

Fault scores (higher is better):
Fault: [0,1,1,3,4,5], logL: -15.360372, Exp of LogL: 0.000000, Normalized LogL: -1.097169, Exp of Normalized LogL: 0.333815, Best Rate: 0.3
Fault: [0,1,4,3,4,5], logL: -15.482489, Exp of LogL: 0.000000, Normalized LogL: -1.105892, Exp of Normalized LogL: 0.330916, Best Rate: 0.3
Fault: [0,1,5,3,4,5], logL: -15.482489, Exp of LogL: 0.000000, Normalized LogL: -1.105892, Exp of Normalized LogL: 0.330916, Best Rate: 0.3
Fault: [0,1,1,3,5,5], logL: -15.508792, Exp of LogL: 0.000000, Normalized LogL: -1.107771, Exp of Normalized LogL: 0.330294, Best Rate: 0.3
Fault: [0,1,1,3,1,5], logL: -15.508792, Exp of LogL: 0.000000, Normalized LogL: -1.107771, Exp of Normalized LogL: 0.330294, Best Rate: 0.3
Fault: [0,1,3,3,4,5], logL: -15.521491, Exp of LogL: 0.000000, Normalized LogL: -1.108678, Exp of Normalized LogL: 0.329995, Best Rate: 0.3
Fault: [0,1,1,3,2,5], logL: -15.683145, Exp of LogL: 0.000000, Normalized LogL: -1.120225, Exp of Normalized LogL: 0.326207, Best Rate: 0.3
Fault: [0,1,1,3,0,5], logL: -15.783229, Exp of LogL: 0.000000, Normalized LogL: -1.127373, Exp of Normalized LogL: 0.323883, Best Rate: 0.3
Fault: [0,1,2,3,4,5], logL: -16.521197, Exp of LogL: 0.000000, Normalized LogL: -1.180086, Exp of Normalized LogL: 0.307252, Best Rate: 0.3
Fault: [0,1,0,3,4,5], logL: -16.813960, Exp of LogL: 0.000000, Normalized LogL: -1.200997, Exp of Normalized LogL: 0.300894, Best Rate: 0.3

========= ADAPTIVE MC DEBUG =========
Total calls: 140
Avg tries: 178.93
Confidence stops: 140
Max stops: 0
Max stop rate: 0.000
Real Fault Rank 1
===== SEED 69 | FR=0.3 | VR=80 =====
executing with fault mode: [0,1,1,3,4,5]

Fault scores (higher is better):
Fault: [0,1,1,3,4,5], logL: -17.363550, Exp of LogL: 0.000000, Normalized LogL: -0.913871, Exp of Normalized LogL: 0.400969, Best Rate: 0.3
Fault: [0,1,3,3,4,5], logL: -17.379438, Exp of LogL: 0.000000, Normalized LogL: -0.914707, Exp of Normalized LogL: 0.400634, Best Rate: 0.3
Fault: [0,1,1,3,5,5], logL: -17.740577, Exp of LogL: 0.000000, Normalized LogL: -0.933715, Exp of Normalized LogL: 0.393091, Best Rate: 0.3
Fault: [0,1,1,3,2,5], logL: -17.740577, Exp of LogL: 0.000000, Normalized LogL: -0.933715, Exp of Normalized LogL: 0.393091, Best Rate: 0.3
Fault: [0,1,1,3,0,5], logL: -17.740577, Exp of LogL: 0.000000, Normalized LogL: -0.933715, Exp of Normalized LogL: 0.393091, Best Rate: 0.3
Fault: [0,1,1,3,1,5], logL: -17.740577, Exp of LogL: 0.000000, Normalized LogL: -0.933715, Exp of Normalized LogL: 0.393091, Best Rate: 0.3
Fault: [0,1,4,3,4,5], logL: -18.583410, Exp of LogL: 0.000000, Normalized LogL: -0.978074, Exp of Normalized LogL: 0.376035, Best Rate: 0.3
Fault: [0,1,5,3,4,5], logL: -18.583410, Exp of LogL: 0.000000, Normalized LogL: -0.978074, Exp of Normalized LogL: 0.376035, Best Rate: 0.3
Fault: [0,1,2,3,4,5], logL: -18.675145, Exp of LogL: 0.000000, Normalized LogL: -0.982902, Exp of Normalized LogL: 0.374223, Best Rate: 0.3
Fault: [0,1,0,3,4,5], logL: -19.077968, Exp of LogL: 0.000000, Normalized LogL: -1.004104, Exp of Normalized LogL: 0.366373, Best Rate: 0.3

========= ADAPTIVE MC DEBUG =========
Total calls: 190
Avg tries: 183.68
Confidence stops: 190
Max stops: 0
Max stop rate: 0.000
Real Fault Rank 1
===== SEED 69 | FR=0.3 | VR=100 =====
executing with fault mode: [0,1,1,3,4,5]

Fault scores (higher is better):
Fault: [0,1,1,3,4,5], logL: -17.800170, Exp of LogL: 0.000000, Normalized LogL: -0.741674, Exp of Normalized LogL: 0.476316, Best Rate: 0.3
Fault: [0,1,1,3,5,5], logL: -18.156845, Exp of LogL: 0.000000, Normalized LogL: -0.756535, Exp of Normalized LogL: 0.469290, Best Rate: 0.3
Fault: [0,1,1,3,2,5], logL: -18.156845, Exp of LogL: 0.000000, Normalized LogL: -0.756535, Exp of Normalized LogL: 0.469290, Best Rate: 0.3
Fault: [0,1,1,3,0,5], logL: -18.156845, Exp of LogL: 0.000000, Normalized LogL: -0.756535, Exp of Normalized LogL: 0.469290, Best Rate: 0.3
Fault: [0,1,1,3,1,5], logL: -18.156845, Exp of LogL: 0.000000, Normalized LogL: -0.756535, Exp of Normalized LogL: 0.469290, Best Rate: 0.3
Fault: [0,1,2,3,4,5], logL: -18.555879, Exp of LogL: 0.000000, Normalized LogL: -0.773162, Exp of Normalized LogL: 0.461552, Best Rate: 0.3
Fault: [0,1,3,3,4,5], logL: -19.499661, Exp of LogL: 0.000000, Normalized LogL: -0.812486, Exp of Normalized LogL: 0.443754, Best Rate: 0.3
Fault: [0,1,0,3,4,5], logL: -19.892689, Exp of LogL: 0.000000, Normalized LogL: -0.828862, Exp of Normalized LogL: 0.436546, Best Rate: 0.3
Fault: [0,1,4,3,4,5], logL: -20.085994, Exp of LogL: 0.000000, Normalized LogL: -0.836916, Exp of Normalized LogL: 0.433044, Best Rate: 0.3
Fault: [0,1,5,3,4,5], logL: -20.085994, Exp of LogL: 0.000000, Normalized LogL: -0.836916, Exp of Normalized LogL: 0.433044, Best Rate: 0.3

========= ADAPTIVE MC DEBUG =========
Total calls: 240
Avg tries: 184.17
Confidence stops: 240
Max stops: 0
Max stop rate: 0.000
Real Fault Rank 1
================= 22/08/2026 04:58:11: SEED 69 END =================
================= 22/08/2026 04:58:11: SEED 70 (68/100), a*=0 fault=[3,1,2,3,4,5] START =================
===== SEED 70 | FR=0.3 | VR=20 =====
executing with fault mode: [3,1,2,3,4,5]

Fault scores (higher is better):
Fault: [1,1,2,3,4,5], logL: -9.741637, Exp of LogL: 0.000059, Normalized LogL: -1.391662, Exp of Normalized LogL: 0.248662, Best Rate: 0.3
Fault: [3,1,2,3,3,5], logL: -9.857187, Exp of LogL: 0.000052, Normalized LogL: -1.408170, Exp of Normalized LogL: 0.244591, Best Rate: 0.3
Fault: [3,1,2,3,2,5], logL: -9.857187, Exp of LogL: 0.000052, Normalized LogL: -1.408170, Exp of Normalized LogL: 0.244591, Best Rate: 0.3
Fault: [3,1,2,3,5,5], logL: -9.857187, Exp of LogL: 0.000052, Normalized LogL: -1.408170, Exp of Normalized LogL: 0.244591, Best Rate: 0.3
Fault: [2,1,2,3,4,5], logL: -9.908691, Exp of LogL: 0.000050, Normalized LogL: -1.415527, Exp of Normalized LogL: 0.242798, Best Rate: 0.3
Fault: [3,1,2,3,1,5], logL: -10.104529, Exp of LogL: 0.000041, Normalized LogL: -1.443504, Exp of Normalized LogL: 0.236099, Best Rate: 0.3
Fault: [3,1,2,3,4,5], logL: -10.196373, Exp of LogL: 0.000037, Normalized LogL: -1.456625, Exp of Normalized LogL: 0.233021, Best Rate: 0.3
Fault: [4,1,2,3,4,5], logL: -10.196373, Exp of LogL: 0.000037, Normalized LogL: -1.456625, Exp of Normalized LogL: 0.233021, Best Rate: 0.3
Fault: [5,1,2,3,4,5], logL: -10.196373, Exp of LogL: 0.000037, Normalized LogL: -1.456625, Exp of Normalized LogL: 0.233021, Best Rate: 0.3
Fault: [0,1,2,3,4,5], logL: -10.317001, Exp of LogL: 0.000033, Normalized LogL: -1.473857, Exp of Normalized LogL: 0.229040, Best Rate: 0.3

========= ADAPTIVE MC DEBUG =========
Total calls: 70
Avg tries: 207.14
Confidence stops: 70
Max stops: 0
Max stop rate: 0.000
Real Fault Rank 7
===== SEED 70 | FR=0.3 | VR=40 =====
executing with fault mode: [3,1,2,3,4,5]

Fault scores (higher is better):
Fault: [3,1,2,3,3,5], logL: -16.071279, Exp of LogL: 0.000000, Normalized LogL: -1.236252, Exp of Normalized LogL: 0.290471, Best Rate: 0.3
Fault: [3,1,2,3,2,5], logL: -16.071279, Exp of LogL: 0.000000, Normalized LogL: -1.236252, Exp of Normalized LogL: 0.290471, Best Rate: 0.3
Fault: [3,1,2,3,5,5], logL: -16.071279, Exp of LogL: 0.000000, Normalized LogL: -1.236252, Exp of Normalized LogL: 0.290471, Best Rate: 0.3
Fault: [3,1,2,3,1,5], logL: -16.910380, Exp of LogL: 0.000000, Normalized LogL: -1.300798, Exp of Normalized LogL: 0.272314, Best Rate: 0.3
Fault: [4,1,2,3,4,5], logL: -16.933702, Exp of LogL: 0.000000, Normalized LogL: -1.302592, Exp of Normalized LogL: 0.271826, Best Rate: 0.3
Fault: [5,1,2,3,4,5], logL: -16.933702, Exp of LogL: 0.000000, Normalized LogL: -1.302592, Exp of Normalized LogL: 0.271826, Best Rate: 0.3
Fault: [3,1,2,3,4,5], logL: -16.994327, Exp of LogL: 0.000000, Normalized LogL: -1.307256, Exp of Normalized LogL: 0.270561, Best Rate: 0.3
Fault: [0,1,2,3,4,5], logL: -17.201966, Exp of LogL: 0.000000, Normalized LogL: -1.323228, Exp of Normalized LogL: 0.266274, Best Rate: 0.3
Fault: [2,1,2,3,4,5], logL: -17.282009, Exp of LogL: 0.000000, Normalized LogL: -1.329385, Exp of Normalized LogL: 0.264640, Best Rate: 0.3
Fault: [1,1,2,3,4,5], logL: -17.975156, Exp of LogL: 0.000000, Normalized LogL: -1.382704, Exp of Normalized LogL: 0.250899, Best Rate: 0.3

========= ADAPTIVE MC DEBUG =========
Total calls: 130
Avg tries: 184.23
Confidence stops: 130
Max stops: 0
Max stop rate: 0.000
Real Fault Rank 7
===== SEED 70 | FR=0.3 | VR=60 =====
executing with fault mode: [3,1,2,3,4,5]

Fault scores (higher is better):
Fault: [3,1,2,3,3,5], logL: -20.353300, Exp of LogL: 0.000000, Normalized LogL: -1.071226, Exp of Normalized LogL: 0.342588, Best Rate: 0.3
Fault: [3,1,2,3,2,5], logL: -20.353300, Exp of LogL: 0.000000, Normalized LogL: -1.071226, Exp of Normalized LogL: 0.342588, Best Rate: 0.3
Fault: [3,1,2,3,5,5], logL: -20.353300, Exp of LogL: 0.000000, Normalized LogL: -1.071226, Exp of Normalized LogL: 0.342588, Best Rate: 0.3
Fault: [2,1,2,3,4,5], logL: -20.368277, Exp of LogL: 0.000000, Normalized LogL: -1.072015, Exp of Normalized LogL: 0.342318, Best Rate: 0.3
Fault: [3,1,2,3,4,5], logL: -20.753100, Exp of LogL: 0.000000, Normalized LogL: -1.092268, Exp of Normalized LogL: 0.335455, Best Rate: 0.3
Fault: [4,1,2,3,4,5], logL: -20.790141, Exp of LogL: 0.000000, Normalized LogL: -1.094218, Exp of Normalized LogL: 0.334801, Best Rate: 0.3
Fault: [5,1,2,3,4,5], logL: -20.790141, Exp of LogL: 0.000000, Normalized LogL: -1.094218, Exp of Normalized LogL: 0.334801, Best Rate: 0.3
Fault: [0,1,2,3,4,5], logL: -20.956247, Exp of LogL: 0.000000, Normalized LogL: -1.102960, Exp of Normalized LogL: 0.331887, Best Rate: 0.3
Fault: [3,1,2,3,1,5], logL: -20.987607, Exp of LogL: 0.000000, Normalized LogL: -1.104611, Exp of Normalized LogL: 0.331340, Best Rate: 0.3
Fault: [1,1,2,3,4,5], logL: -21.245237, Exp of LogL: 0.000000, Normalized LogL: -1.118170, Exp of Normalized LogL: 0.326877, Best Rate: 0.3

========= ADAPTIVE MC DEBUG =========
Total calls: 190
Avg tries: 183.95
Confidence stops: 190
Max stops: 0
Max stop rate: 0.000
Real Fault Rank 5
===== SEED 70 | FR=0.3 | VR=80 =====
executing with fault mode: [3,1,2,3,4,5]

Fault scores (higher is better):
Fault: [0,1,2,3,4,5], logL: -22.963537, Exp of LogL: 0.000000, Normalized LogL: -0.918541, Exp of Normalized LogL: 0.399101, Best Rate: 0.3
Fault: [3,1,2,3,3,5], logL: -23.219555, Exp of LogL: 0.000000, Normalized LogL: -0.928782, Exp of Normalized LogL: 0.395034, Best Rate: 0.3
Fault: [3,1,2,3,2,5], logL: -23.219555, Exp of LogL: 0.000000, Normalized LogL: -0.928782, Exp of Normalized LogL: 0.395034, Best Rate: 0.3
Fault: [3,1,2,3,5,5], logL: -23.219555, Exp of LogL: 0.000000, Normalized LogL: -0.928782, Exp of Normalized LogL: 0.395034, Best Rate: 0.3
Fault: [2,1,2,3,4,5], logL: -23.296138, Exp of LogL: 0.000000, Normalized LogL: -0.931846, Exp of Normalized LogL: 0.393826, Best Rate: 0.3
Fault: [3,1,2,3,4,5], logL: -23.619354, Exp of LogL: 0.000000, Normalized LogL: -0.944774, Exp of Normalized LogL: 0.388767, Best Rate: 0.3
Fault: [3,1,2,3,1,5], logL: -23.853862, Exp of LogL: 0.000000, Normalized LogL: -0.954154, Exp of Normalized LogL: 0.385138, Best Rate: 0.3
Fault: [4,1,2,3,4,5], logL: -23.928543, Exp of LogL: 0.000000, Normalized LogL: -0.957142, Exp of Normalized LogL: 0.383989, Best Rate: 0.3
Fault: [5,1,2,3,4,5], logL: -23.928543, Exp of LogL: 0.000000, Normalized LogL: -0.957142, Exp of Normalized LogL: 0.383989, Best Rate: 0.3
Fault: [1,1,2,3,4,5], logL: -24.112130, Exp of LogL: 0.000000, Normalized LogL: -0.964485, Exp of Normalized LogL: 0.381179, Best Rate: 0.3

========= ADAPTIVE MC DEBUG =========
Total calls: 250
Avg tries: 186.40
Confidence stops: 250
Max stops: 0
Max stop rate: 0.000
Real Fault Rank 6
===== SEED 70 | FR=0.3 | VR=100 =====
executing with fault mode: [3,1,2,3,4,5]

Fault scores (higher is better):
Fault: [0,1,2,3,4,5], logL: -26.960510, Exp of LogL: 0.000000, Normalized LogL: -0.869694, Exp of Normalized LogL: 0.419080, Best Rate: 0.3
Fault: [2,1,2,3,4,5], logL: -27.130890, Exp of LogL: 0.000000, Normalized LogL: -0.875190, Exp of Normalized LogL: 0.416783, Best Rate: 0.3
Fault: [3,1,2,3,4,5], logL: -27.272351, Exp of LogL: 0.000000, Normalized LogL: -0.879753, Exp of Normalized LogL: 0.414885, Best Rate: 0.3
Fault: [3,1,2,3,3,5], logL: -27.695471, Exp of LogL: 0.000000, Normalized LogL: -0.893402, Exp of Normalized LogL: 0.409261, Best Rate: 0.3
Fault: [3,1,2,3,2,5], logL: -27.695471, Exp of LogL: 0.000000, Normalized LogL: -0.893402, Exp of Normalized LogL: 0.409261, Best Rate: 0.3
Fault: [3,1,2,3,1,5], logL: -27.695471, Exp of LogL: 0.000000, Normalized LogL: -0.893402, Exp of Normalized LogL: 0.409261, Best Rate: 0.3
Fault: [3,1,2,3,5,5], logL: -27.695471, Exp of LogL: 0.000000, Normalized LogL: -0.893402, Exp of Normalized LogL: 0.409261, Best Rate: 0.3
Fault: [1,1,2,3,4,5], logL: -28.033612, Exp of LogL: 0.000000, Normalized LogL: -0.904310, Exp of Normalized LogL: 0.404821, Best Rate: 0.3
Fault: [4,1,2,3,4,5], logL: -28.296855, Exp of LogL: 0.000000, Normalized LogL: -0.912802, Exp of Normalized LogL: 0.401398, Best Rate: 0.3
Fault: [5,1,2,3,4,5], logL: -28.296855, Exp of LogL: 0.000000, Normalized LogL: -0.912802, Exp of Normalized LogL: 0.401398, Best Rate: 0.3

========= ADAPTIVE MC DEBUG =========
Total calls: 310
Avg tries: 185.32
Confidence stops: 310
Max stops: 0
Max stop rate: 0.000
Real Fault Rank 3
================= 22/08/2026 04:58:42: SEED 70 END =================
================= 22/08/2026 04:58:42: SEED 71 (69/100), a*=3 fault=[0,1,2,0,4,5] START =================
===== SEED 71 | FR=0.3 | VR=20 =====
executing with fault mode: [0,1,2,0,4,5]

Fault scores (higher is better):
Fault: [0,1,2,1,4,5], logL: -10.030838, Exp of LogL: 0.000044, Normalized LogL: -2.006168, Exp of Normalized LogL: 0.134503, Best Rate: 0.3
Fault: [0,1,2,2,4,5], logL: -10.062091, Exp of LogL: 0.000043, Normalized LogL: -2.012418, Exp of Normalized LogL: 0.133665, Best Rate: 0.3
Fault: [0,1,2,5,4,5], logL: -10.739489, Exp of LogL: 0.000022, Normalized LogL: -2.147898, Exp of Normalized LogL: 0.116729, Best Rate: 0.3
Fault: [0,1,2,4,4,5], logL: -10.739489, Exp of LogL: 0.000022, Normalized LogL: -2.147898, Exp of Normalized LogL: 0.116729, Best Rate: 0.3
Fault: [0,1,3,0,4,5], logL: -11.114183, Exp of LogL: 0.000015, Normalized LogL: -2.222837, Exp of Normalized LogL: 0.108301, Best Rate: 0.3
Fault: [0,1,5,0,4,5], logL: -11.114183, Exp of LogL: 0.000015, Normalized LogL: -2.222837, Exp of Normalized LogL: 0.108301, Best Rate: 0.3
Fault: [0,1,2,0,4,5], logL: -11.114183, Exp of LogL: 0.000015, Normalized LogL: -2.222837, Exp of Normalized LogL: 0.108301, Best Rate: 0.3
Fault: [0,1,0,0,4,5], logL: -11.114183, Exp of LogL: 0.000015, Normalized LogL: -2.222837, Exp of Normalized LogL: 0.108301, Best Rate: 0.3
Fault: [0,1,4,0,4,5], logL: -11.114183, Exp of LogL: 0.000015, Normalized LogL: -2.222837, Exp of Normalized LogL: 0.108301, Best Rate: 0.3
Fault: [0,1,2,3,4,5], logL: -11.132532, Exp of LogL: 0.000015, Normalized LogL: -2.226506, Exp of Normalized LogL: 0.107905, Best Rate: 0.3

========= ADAPTIVE MC DEBUG =========
Total calls: 50
Avg tries: 190.00
Confidence stops: 50
Max stops: 0
Max stop rate: 0.000
Real Fault Rank 7
===== SEED 71 | FR=0.3 | VR=40 =====
executing with fault mode: [0,1,2,0,4,5]

Fault scores (higher is better):
Fault: [0,1,2,1,4,5], logL: -14.347044, Exp of LogL: 0.000001, Normalized LogL: -1.594116, Exp of Normalized LogL: 0.203088, Best Rate: 0.3
Fault: [0,1,2,3,4,5], logL: -14.586158, Exp of LogL: 0.000000, Normalized LogL: -1.620684, Exp of Normalized LogL: 0.197763, Best Rate: 0.3
Fault: [0,1,3,0,4,5], logL: -15.732900, Exp of LogL: 0.000000, Normalized LogL: -1.748100, Exp of Normalized LogL: 0.174104, Best Rate: 0.3
Fault: [0,1,5,0,4,5], logL: -15.732900, Exp of LogL: 0.000000, Normalized LogL: -1.748100, Exp of Normalized LogL: 0.174104, Best Rate: 0.3
Fault: [0,1,0,0,4,5], logL: -15.732900, Exp of LogL: 0.000000, Normalized LogL: -1.748100, Exp of Normalized LogL: 0.174104, Best Rate: 0.3
Fault: [0,1,4,0,4,5], logL: -15.732900, Exp of LogL: 0.000000, Normalized LogL: -1.748100, Exp of Normalized LogL: 0.174104, Best Rate: 0.3
Fault: [0,1,2,0,4,5], logL: -15.771615, Exp of LogL: 0.000000, Normalized LogL: -1.752402, Exp of Normalized LogL: 0.173357, Best Rate: 0.3
Fault: [0,1,2,2,4,5], logL: -15.866925, Exp of LogL: 0.000000, Normalized LogL: -1.762992, Exp of Normalized LogL: 0.171531, Best Rate: 0.3
Fault: [0,1,2,5,4,5], logL: -15.972285, Exp of LogL: 0.000000, Normalized LogL: -1.774698, Exp of Normalized LogL: 0.169535, Best Rate: 0.3
Fault: [0,1,2,4,4,5], logL: -15.972285, Exp of LogL: 0.000000, Normalized LogL: -1.774698, Exp of Normalized LogL: 0.169535, Best Rate: 0.3

========= ADAPTIVE MC DEBUG =========
Total calls: 90
Avg tries: 176.67
Confidence stops: 90
Max stops: 0
Max stop rate: 0.000
Real Fault Rank 7
===== SEED 71 | FR=0.3 | VR=60 =====
executing with fault mode: [0,1,2,0,4,5]

Fault scores (higher is better):
Fault: [0,1,2,1,4,5], logL: -19.968467, Exp of LogL: 0.000000, Normalized LogL: -1.536036, Exp of Normalized LogL: 0.215233, Best Rate: 0.3
Fault: [0,1,2,3,4,5], logL: -20.102220, Exp of LogL: 0.000000, Normalized LogL: -1.546325, Exp of Normalized LogL: 0.213030, Best Rate: 0.3
Fault: [0,1,3,0,4,5], logL: -21.449633, Exp of LogL: 0.000000, Normalized LogL: -1.649972, Exp of Normalized LogL: 0.192055, Best Rate: 0.3
Fault: [0,1,5,0,4,5], logL: -21.449633, Exp of LogL: 0.000000, Normalized LogL: -1.649972, Exp of Normalized LogL: 0.192055, Best Rate: 0.3
Fault: [0,1,0,0,4,5], logL: -21.449633, Exp of LogL: 0.000000, Normalized LogL: -1.649972, Exp of Normalized LogL: 0.192055, Best Rate: 0.3
Fault: [0,1,4,0,4,5], logL: -21.449633, Exp of LogL: 0.000000, Normalized LogL: -1.649972, Exp of Normalized LogL: 0.192055, Best Rate: 0.3
Fault: [0,1,2,0,4,5], logL: -21.488347, Exp of LogL: 0.000000, Normalized LogL: -1.652950, Exp of Normalized LogL: 0.191484, Best Rate: 0.3
Fault: [0,1,2,2,4,5], logL: -21.488347, Exp of LogL: 0.000000, Normalized LogL: -1.652950, Exp of Normalized LogL: 0.191484, Best Rate: 0.3
Fault: [0,1,2,5,4,5], logL: -21.593708, Exp of LogL: 0.000000, Normalized LogL: -1.661054, Exp of Normalized LogL: 0.189939, Best Rate: 0.3
Fault: [0,1,2,4,4,5], logL: -21.593708, Exp of LogL: 0.000000, Normalized LogL: -1.661054, Exp of Normalized LogL: 0.189939, Best Rate: 0.3

========= ADAPTIVE MC DEBUG =========
Total calls: 130
Avg tries: 172.31
Confidence stops: 130
Max stops: 0
Max stop rate: 0.000
Real Fault Rank 7
===== SEED 71 | FR=0.3 | VR=80 =====
executing with fault mode: [0,1,2,0,4,5]

Fault scores (higher is better):
Fault: [0,1,2,1,4,5], logL: -21.738631, Exp of LogL: 0.000000, Normalized LogL: -1.278743, Exp of Normalized LogL: 0.278387, Best Rate: 0.3
Fault: [0,1,2,3,4,5], logL: -22.214865, Exp of LogL: 0.000000, Normalized LogL: -1.306757, Exp of Normalized LogL: 0.270697, Best Rate: 0.3
Fault: [0,1,2,0,4,5], logL: -22.652136, Exp of LogL: 0.000000, Normalized LogL: -1.332479, Exp of Normalized LogL: 0.263823, Best Rate: 0.3
Fault: [0,1,2,2,4,5], logL: -22.902187, Exp of LogL: 0.000000, Normalized LogL: -1.347187, Exp of Normalized LogL: 0.259970, Best Rate: 0.3
Fault: [0,1,3,0,4,5], logL: -22.932650, Exp of LogL: 0.000000, Normalized LogL: -1.348979, Exp of Normalized LogL: 0.259505, Best Rate: 0.3
Fault: [0,1,5,0,4,5], logL: -22.932650, Exp of LogL: 0.000000, Normalized LogL: -1.348979, Exp of Normalized LogL: 0.259505, Best Rate: 0.3
Fault: [0,1,0,0,4,5], logL: -22.932650, Exp of LogL: 0.000000, Normalized LogL: -1.348979, Exp of Normalized LogL: 0.259505, Best Rate: 0.3
Fault: [0,1,4,0,4,5], logL: -22.932650, Exp of LogL: 0.000000, Normalized LogL: -1.348979, Exp of Normalized LogL: 0.259505, Best Rate: 0.3
Fault: [0,1,2,5,4,5], logL: -22.960684, Exp of LogL: 0.000000, Normalized LogL: -1.350628, Exp of Normalized LogL: 0.259077, Best Rate: 0.3
Fault: [0,1,2,4,4,5], logL: -22.960684, Exp of LogL: 0.000000, Normalized LogL: -1.350628, Exp of Normalized LogL: 0.259077, Best Rate: 0.3

========= ADAPTIVE MC DEBUG =========
Total calls: 170
Avg tries: 176.18
Confidence stops: 170
Max stops: 0
Max stop rate: 0.000
Real Fault Rank 3
===== SEED 71 | FR=0.3 | VR=100 =====
executing with fault mode: [0,1,2,0,4,5]

Fault scores (higher is better):
Fault: [0,1,2,1,4,5], logL: -22.332344, Exp of LogL: 0.000000, Normalized LogL: -1.015107, Exp of Normalized LogL: 0.362364, Best Rate: 0.3
Fault: [0,1,2,3,4,5], logL: -22.806765, Exp of LogL: 0.000000, Normalized LogL: -1.036671, Exp of Normalized LogL: 0.354633, Best Rate: 0.3
Fault: [0,1,2,0,4,5], logL: -23.395803, Exp of LogL: 0.000000, Normalized LogL: -1.063446, Exp of Normalized LogL: 0.345264, Best Rate: 0.3
Fault: [0,1,2,5,4,5], logL: -23.576890, Exp of LogL: 0.000000, Normalized LogL: -1.071677, Exp of Normalized LogL: 0.342434, Best Rate: 0.3
Fault: [0,1,2,4,4,5], logL: -23.576890, Exp of LogL: 0.000000, Normalized LogL: -1.071677, Exp of Normalized LogL: 0.342434, Best Rate: 0.3
Fault: [0,1,2,2,4,5], logL: -23.576890, Exp of LogL: 0.000000, Normalized LogL: -1.071677, Exp of Normalized LogL: 0.342434, Best Rate: 0.3
Fault: [0,1,3,0,4,5], logL: -23.676316, Exp of LogL: 0.000000, Normalized LogL: -1.076196, Exp of Normalized LogL: 0.340890, Best Rate: 0.3
Fault: [0,1,5,0,4,5], logL: -23.676316, Exp of LogL: 0.000000, Normalized LogL: -1.076196, Exp of Normalized LogL: 0.340890, Best Rate: 0.3
Fault: [0,1,0,0,4,5], logL: -23.676316, Exp of LogL: 0.000000, Normalized LogL: -1.076196, Exp of Normalized LogL: 0.340890, Best Rate: 0.3
Fault: [0,1,4,0,4,5], logL: -23.676316, Exp of LogL: 0.000000, Normalized LogL: -1.076196, Exp of Normalized LogL: 0.340890, Best Rate: 0.3

========= ADAPTIVE MC DEBUG =========
Total calls: 220
Avg tries: 174.77
Confidence stops: 220
Max stops: 0
Max stop rate: 0.000
Real Fault Rank 3
================= 22/08/2026 04:59:02: SEED 71 END =================
================= 22/08/2026 04:59:02: SEED 72 (70/100), a*=2 fault=[0,1,5,3,4,5] START =================
===== SEED 72 | FR=0.3 | VR=20 =====
executing with fault mode: [0,1,5,3,4,5]

Fault scores (higher is better):
Fault: [0,1,4,3,4,5], logL: -4.837102, Exp of LogL: 0.007930, Normalized LogL: -1.612367, Exp of Normalized LogL: 0.199415, Best Rate: 0.3
Fault: [0,1,5,3,4,5], logL: -4.837102, Exp of LogL: 0.007930, Normalized LogL: -1.612367, Exp of Normalized LogL: 0.199415, Best Rate: 0.3
Fault: [2,1,5,3,4,5], logL: -5.161768, Exp of LogL: 0.005732, Normalized LogL: -1.720589, Exp of Normalized LogL: 0.178961, Best Rate: 0.3
Fault: [4,1,5,3,4,5], logL: -5.194558, Exp of LogL: 0.005547, Normalized LogL: -1.731519, Exp of Normalized LogL: 0.177015, Best Rate: 0.3
Fault: [5,1,5,3,4,5], logL: -5.194558, Exp of LogL: 0.005547, Normalized LogL: -1.731519, Exp of Normalized LogL: 0.177015, Best Rate: 0.3
Fault: [1,1,5,3,4,5], logL: -5.228460, Exp of LogL: 0.005362, Normalized LogL: -1.742820, Exp of Normalized LogL: 0.175026, Best Rate: 0.3
Fault: [0,1,3,3,4,5], logL: -5.427971, Exp of LogL: 0.004392, Normalized LogL: -1.809324, Exp of Normalized LogL: 0.163765, Best Rate: 0.3
Fault: [0,1,0,3,4,5], logL: -5.758212, Exp of LogL: 0.003157, Normalized LogL: -1.919404, Exp of Normalized LogL: 0.146694, Best Rate: 0.3
Fault: [0,1,1,3,4,5], logL: -6.178276, Exp of LogL: 0.002074, Normalized LogL: -2.059425, Exp of Normalized LogL: 0.127527, Best Rate: 0.3
Fault: [0,1,2,3,4,5], logL: -6.668082, Exp of LogL: 0.001271, Normalized LogL: -2.222694, Exp of Normalized LogL: 0.108317, Best Rate: 0.3

========= ADAPTIVE MC DEBUG =========
Total calls: 30
Avg tries: 178.33
Confidence stops: 30
Max stops: 0
Max stop rate: 0.000
Real Fault Rank 2
===== SEED 72 | FR=0.3 | VR=40 =====
executing with fault mode: [0,1,5,3,4,5]

Fault scores (higher is better):
Fault: [0,1,4,3,4,5], logL: -6.779175, Exp of LogL: 0.001137, Normalized LogL: -1.129863, Exp of Normalized LogL: 0.323078, Best Rate: 0.3
Fault: [0,1,5,3,4,5], logL: -6.779175, Exp of LogL: 0.001137, Normalized LogL: -1.129863, Exp of Normalized LogL: 0.323078, Best Rate: 0.3
Fault: [0,1,3,3,4,5], logL: -6.962625, Exp of LogL: 0.000947, Normalized LogL: -1.160438, Exp of Normalized LogL: 0.313349, Best Rate: 0.3
Fault: [1,1,5,3,4,5], logL: -7.118151, Exp of LogL: 0.000810, Normalized LogL: -1.186358, Exp of Normalized LogL: 0.305331, Best Rate: 0.3
Fault: [4,1,5,3,4,5], logL: -7.118151, Exp of LogL: 0.000810, Normalized LogL: -1.186358, Exp of Normalized LogL: 0.305331, Best Rate: 0.3
Fault: [5,1,5,3,4,5], logL: -7.118151, Exp of LogL: 0.000810, Normalized LogL: -1.186358, Exp of Normalized LogL: 0.305331, Best Rate: 0.3
Fault: [2,1,5,3,4,5], logL: -7.118151, Exp of LogL: 0.000810, Normalized LogL: -1.186358, Exp of Normalized LogL: 0.305331, Best Rate: 0.3
Fault: [0,1,0,3,4,5], logL: -8.055526, Exp of LogL: 0.000317, Normalized LogL: -1.342588, Exp of Normalized LogL: 0.261169, Best Rate: 0.3
Fault: [0,1,1,3,4,5], logL: -8.602929, Exp of LogL: 0.000184, Normalized LogL: -1.433821, Exp of Normalized LogL: 0.238396, Best Rate: 0.3
Fault: [0,1,2,3,4,5], logL: -32.479027, Exp of LogL: 0.000000, Normalized LogL: -5.413171, Exp of Normalized LogL: 0.004457, Best Rate: 0.3

========= ADAPTIVE MC DEBUG =========
Total calls: 60
Avg tries: 183.33
Confidence stops: 60
Max stops: 0
Max stop rate: 0.000
Real Fault Rank 2
===== SEED 72 | FR=0.3 | VR=60 =====
executing with fault mode: [0,1,5,3,4,5]

Fault scores (higher is better):
Fault: [0,1,4,3,4,5], logL: -8.960941, Exp of LogL: 0.000128, Normalized LogL: -0.995660, Exp of Normalized LogL: 0.369479, Best Rate: 0.3
Fault: [0,1,5,3,4,5], logL: -8.960941, Exp of LogL: 0.000128, Normalized LogL: -0.995660, Exp of Normalized LogL: 0.369479, Best Rate: 0.3
Fault: [1,1,5,3,4,5], logL: -9.336992, Exp of LogL: 0.000088, Normalized LogL: -1.037444, Exp of Normalized LogL: 0.354359, Best Rate: 0.3
Fault: [4,1,5,3,4,5], logL: -9.336992, Exp of LogL: 0.000088, Normalized LogL: -1.037444, Exp of Normalized LogL: 0.354359, Best Rate: 0.3
Fault: [5,1,5,3,4,5], logL: -9.336992, Exp of LogL: 0.000088, Normalized LogL: -1.037444, Exp of Normalized LogL: 0.354359, Best Rate: 0.3
Fault: [2,1,5,3,4,5], logL: -9.336992, Exp of LogL: 0.000088, Normalized LogL: -1.037444, Exp of Normalized LogL: 0.354359, Best Rate: 0.3
Fault: [0,1,3,3,4,5], logL: -62.489853, Exp of LogL: 0.000000, Normalized LogL: -6.943317, Exp of Normalized LogL: 0.000965, Best Rate: 0.3
Fault: [0,1,0,3,4,5], logL: -63.624713, Exp of LogL: 0.000000, Normalized LogL: -7.069413, Exp of Normalized LogL: 0.000851, Best Rate: 0.3
Fault: [0,1,1,3,4,5], logL: -63.648674, Exp of LogL: 0.000000, Normalized LogL: -7.072075, Exp of Normalized LogL: 0.000848, Best Rate: 0.3
Fault: [0,1,2,3,4,5], logL: -86.892803, Exp of LogL: 0.000000, Normalized LogL: -9.654756, Exp of Normalized LogL: 0.000064, Best Rate: 0.3

========= ADAPTIVE MC DEBUG =========
Total calls: 90
Avg tries: 178.89
Confidence stops: 90
Max stops: 0
Max stop rate: 0.000
Real Fault Rank 2
===== SEED 72 | FR=0.3 | VR=80 =====
executing with fault mode: [0,1,5,3,4,5]

Fault scores (higher is better):
Fault: [0,1,4,3,4,5], logL: -10.343636, Exp of LogL: 0.000032, Normalized LogL: -0.861970, Exp of Normalized LogL: 0.422329, Best Rate: 0.3
Fault: [0,1,5,3,4,5], logL: -10.343636, Exp of LogL: 0.000032, Normalized LogL: -0.861970, Exp of Normalized LogL: 0.422329, Best Rate: 0.3
Fault: [1,1,5,3,4,5], logL: -10.719688, Exp of LogL: 0.000022, Normalized LogL: -0.893307, Exp of Normalized LogL: 0.409300, Best Rate: 0.3
Fault: [4,1,5,3,4,5], logL: -10.719688, Exp of LogL: 0.000022, Normalized LogL: -0.893307, Exp of Normalized LogL: 0.409300, Best Rate: 0.3
Fault: [5,1,5,3,4,5], logL: -10.719688, Exp of LogL: 0.000022, Normalized LogL: -0.893307, Exp of Normalized LogL: 0.409300, Best Rate: 0.3
Fault: [2,1,5,3,4,5], logL: -10.719688, Exp of LogL: 0.000022, Normalized LogL: -0.893307, Exp of Normalized LogL: 0.409300, Best Rate: 0.3
Fault: [0,1,3,3,4,5], logL: -63.101659, Exp of LogL: 0.000000, Normalized LogL: -5.258472, Exp of Normalized LogL: 0.005203, Best Rate: 0.3
Fault: [0,1,1,3,4,5], logL: -64.591600, Exp of LogL: 0.000000, Normalized LogL: -5.382633, Exp of Normalized LogL: 0.004596, Best Rate: 0.3
Fault: [0,1,0,3,4,5], logL: -64.641330, Exp of LogL: 0.000000, Normalized LogL: -5.386777, Exp of Normalized LogL: 0.004577, Best Rate: 0.3
Fault: [0,1,2,3,4,5], logL: -87.821774, Exp of LogL: 0.000000, Normalized LogL: -7.318481, Exp of Normalized LogL: 0.000663, Best Rate: 0.3

========= ADAPTIVE MC DEBUG =========
Total calls: 120
Avg tries: 184.17
Confidence stops: 120
Max stops: 0
Max stop rate: 0.000
Real Fault Rank 2
===== SEED 72 | FR=0.3 | VR=100 =====
executing with fault mode: [0,1,5,3,4,5]

Fault scores (higher is better):
Fault: [0,1,4,3,4,5], logL: -10.476212, Exp of LogL: 0.000028, Normalized LogL: -0.698414, Exp of Normalized LogL: 0.497373, Best Rate: 0.3
Fault: [0,1,5,3,4,5], logL: -10.476212, Exp of LogL: 0.000028, Normalized LogL: -0.698414, Exp of Normalized LogL: 0.497373, Best Rate: 0.3
Fault: [1,1,5,3,4,5], logL: -10.852263, Exp of LogL: 0.000019, Normalized LogL: -0.723484, Exp of Normalized LogL: 0.485059, Best Rate: 0.3
Fault: [4,1,5,3,4,5], logL: -10.852263, Exp of LogL: 0.000019, Normalized LogL: -0.723484, Exp of Normalized LogL: 0.485059, Best Rate: 0.3
Fault: [5,1,5,3,4,5], logL: -10.852263, Exp of LogL: 0.000019, Normalized LogL: -0.723484, Exp of Normalized LogL: 0.485059, Best Rate: 0.3
Fault: [2,1,5,3,4,5], logL: -10.852263, Exp of LogL: 0.000019, Normalized LogL: -0.723484, Exp of Normalized LogL: 0.485059, Best Rate: 0.3
Fault: [0,1,3,3,4,5], logL: -63.329197, Exp of LogL: 0.000000, Normalized LogL: -4.221946, Exp of Normalized LogL: 0.014670, Best Rate: 0.3
Fault: [0,1,0,3,4,5], logL: -64.876106, Exp of LogL: 0.000000, Normalized LogL: -4.325074, Exp of Normalized LogL: 0.013233, Best Rate: 0.3
Fault: [0,1,1,3,4,5], logL: -65.140202, Exp of LogL: 0.000000, Normalized LogL: -4.342680, Exp of Normalized LogL: 0.013002, Best Rate: 0.3
Fault: [0,1,2,3,4,5], logL: -88.044161, Exp of LogL: 0.000000, Normalized LogL: -5.869611, Exp of Normalized LogL: 0.002824, Best Rate: 0.3

========= ADAPTIVE MC DEBUG =========
Total calls: 150
Avg tries: 186.00
Confidence stops: 150
Max stops: 0
Max stop rate: 0.000
Real Fault Rank 2
================= 22/08/2026 04:59:16: SEED 72 END =================
================= 22/08/2026 04:59:16: SEED 73 (71/100), a*=0 fault=[2,1,2,3,4,5] START =================
===== SEED 73 | FR=0.3 | VR=20 =====
executing with fault mode: [2,1,2,3,4,5]

Fault scores (higher is better):
Fault: [2,1,2,3,4,5], logL: -6.949578, Exp of LogL: 0.000959, Normalized LogL: -1.737394, Exp of Normalized LogL: 0.175978, Best Rate: 0.3
Fault: [2,1,2,3,0,5], logL: -6.981326, Exp of LogL: 0.000929, Normalized LogL: -1.745332, Exp of Normalized LogL: 0.174587, Best Rate: 0.3
Fault: [2,1,2,3,2,5], logL: -6.981326, Exp of LogL: 0.000929, Normalized LogL: -1.745332, Exp of Normalized LogL: 0.174587, Best Rate: 0.3
Fault: [2,1,2,3,5,5], logL: -6.981326, Exp of LogL: 0.000929, Normalized LogL: -1.745332, Exp of Normalized LogL: 0.174587, Best Rate: 0.3
Fault: [2,1,2,3,1,5], logL: -7.119477, Exp of LogL: 0.000809, Normalized LogL: -1.779869, Exp of Normalized LogL: 0.168660, Best Rate: 0.3
Fault: [1,1,2,3,4,5], logL: -7.869782, Exp of LogL: 0.000382, Normalized LogL: -1.967446, Exp of Normalized LogL: 0.139814, Best Rate: 0.3
Fault: [4,1,2,3,4,5], logL: -8.305100, Exp of LogL: 0.000247, Normalized LogL: -2.076275, Exp of Normalized LogL: 0.125396, Best Rate: 0.3
Fault: [5,1,2,3,4,5], logL: -8.305100, Exp of LogL: 0.000247, Normalized LogL: -2.076275, Exp of Normalized LogL: 0.125396, Best Rate: 0.3
Fault: [3,1,2,3,4,5], logL: -8.911236, Exp of LogL: 0.000135, Normalized LogL: -2.227809, Exp of Normalized LogL: 0.107764, Best Rate: 0.3
Fault: [0,1,2,3,4,5], logL: -9.499023, Exp of LogL: 0.000075, Normalized LogL: -2.374756, Exp of Normalized LogL: 0.093037, Best Rate: 0.3

========= ADAPTIVE MC DEBUG =========
Total calls: 40
Avg tries: 187.50
Confidence stops: 40
Max stops: 0
Max stop rate: 0.000
Real Fault Rank 1
===== SEED 73 | FR=0.3 | VR=40 =====
executing with fault mode: [2,1,2,3,4,5]

Fault scores (higher is better):
Fault: [2,1,2,3,4,5], logL: -9.758719, Exp of LogL: 0.000058, Normalized LogL: -1.219840, Exp of Normalized LogL: 0.295277, Best Rate: 0.3
Fault: [2,1,2,3,0,5], logL: -10.174547, Exp of LogL: 0.000038, Normalized LogL: -1.271818, Exp of Normalized LogL: 0.280321, Best Rate: 0.3
Fault: [2,1,2,3,2,5], logL: -10.174547, Exp of LogL: 0.000038, Normalized LogL: -1.271818, Exp of Normalized LogL: 0.280321, Best Rate: 0.3
Fault: [2,1,2,3,1,5], logL: -10.174547, Exp of LogL: 0.000038, Normalized LogL: -1.271818, Exp of Normalized LogL: 0.280321, Best Rate: 0.3
Fault: [2,1,2,3,5,5], logL: -10.174547, Exp of LogL: 0.000038, Normalized LogL: -1.271818, Exp of Normalized LogL: 0.280321, Best Rate: 0.3
Fault: [4,1,2,3,4,5], logL: -11.129737, Exp of LogL: 0.000015, Normalized LogL: -1.391217, Exp of Normalized LogL: 0.248772, Best Rate: 0.3
Fault: [5,1,2,3,4,5], logL: -11.129737, Exp of LogL: 0.000015, Normalized LogL: -1.391217, Exp of Normalized LogL: 0.248772, Best Rate: 0.3
Fault: [1,1,2,3,4,5], logL: -11.243770, Exp of LogL: 0.000013, Normalized LogL: -1.405471, Exp of Normalized LogL: 0.245251, Best Rate: 0.3
Fault: [0,1,2,3,4,5], logL: -12.544583, Exp of LogL: 0.000004, Normalized LogL: -1.568073, Exp of Normalized LogL: 0.208446, Best Rate: 0.3
Fault: [3,1,2,3,4,5], logL: -12.778315, Exp of LogL: 0.000003, Normalized LogL: -1.597289, Exp of Normalized LogL: 0.202445, Best Rate: 0.3

========= ADAPTIVE MC DEBUG =========
Total calls: 80
Avg tries: 168.75
Confidence stops: 80
Max stops: 0
Max stop rate: 0.000
Real Fault Rank 1
===== SEED 73 | FR=0.3 | VR=60 =====
executing with fault mode: [2,1,2,3,4,5]

Fault scores (higher is better):
Fault: [2,1,2,3,4,5], logL: -12.380143, Exp of LogL: 0.000004, Normalized LogL: -1.031679, Exp of Normalized LogL: 0.356408, Best Rate: 0.3
Fault: [2,1,2,3,0,5], logL: -12.795971, Exp of LogL: 0.000003, Normalized LogL: -1.066331, Exp of Normalized LogL: 0.344269, Best Rate: 0.3
Fault: [2,1,2,3,2,5], logL: -12.795971, Exp of LogL: 0.000003, Normalized LogL: -1.066331, Exp of Normalized LogL: 0.344269, Best Rate: 0.3
Fault: [2,1,2,3,1,5], logL: -12.795971, Exp of LogL: 0.000003, Normalized LogL: -1.066331, Exp of Normalized LogL: 0.344269, Best Rate: 0.3
Fault: [2,1,2,3,5,5], logL: -12.795971, Exp of LogL: 0.000003, Normalized LogL: -1.066331, Exp of Normalized LogL: 0.344269, Best Rate: 0.3
Fault: [4,1,2,3,4,5], logL: -13.619599, Exp of LogL: 0.000001, Normalized LogL: -1.134967, Exp of Normalized LogL: 0.321433, Best Rate: 0.3
Fault: [5,1,2,3,4,5], logL: -13.619599, Exp of LogL: 0.000001, Normalized LogL: -1.134967, Exp of Normalized LogL: 0.321433, Best Rate: 0.3
Fault: [0,1,2,3,4,5], logL: -14.519047, Exp of LogL: 0.000000, Normalized LogL: -1.209921, Exp of Normalized LogL: 0.298221, Best Rate: 0.3
Fault: [1,1,2,3,4,5], logL: -14.537912, Exp of LogL: 0.000000, Normalized LogL: -1.211493, Exp of Normalized LogL: 0.297753, Best Rate: 0.3
Fault: [3,1,2,3,4,5], logL: -15.222223, Exp of LogL: 0.000000, Normalized LogL: -1.268519, Exp of Normalized LogL: 0.281248, Best Rate: 0.3

========= ADAPTIVE MC DEBUG =========
Total calls: 120
Avg tries: 176.25
Confidence stops: 120
Max stops: 0
Max stop rate: 0.000
Real Fault Rank 1
===== SEED 73 | FR=0.3 | VR=80 =====
executing with fault mode: [2,1,2,3,4,5]

Fault scores (higher is better):
Fault: [2,1,2,3,4,5], logL: -13.272442, Exp of LogL: 0.000002, Normalized LogL: -0.829528, Exp of Normalized LogL: 0.436255, Best Rate: 0.3
Fault: [2,1,2,3,0,5], logL: -13.742445, Exp of LogL: 0.000001, Normalized LogL: -0.858903, Exp of Normalized LogL: 0.423627, Best Rate: 0.3
Fault: [2,1,2,3,2,5], logL: -13.742445, Exp of LogL: 0.000001, Normalized LogL: -0.858903, Exp of Normalized LogL: 0.423627, Best Rate: 0.3
Fault: [2,1,2,3,1,5], logL: -13.742445, Exp of LogL: 0.000001, Normalized LogL: -0.858903, Exp of Normalized LogL: 0.423627, Best Rate: 0.3
Fault: [2,1,2,3,5,5], logL: -13.742445, Exp of LogL: 0.000001, Normalized LogL: -0.858903, Exp of Normalized LogL: 0.423627, Best Rate: 0.3
Fault: [4,1,2,3,4,5], logL: -14.397487, Exp of LogL: 0.000001, Normalized LogL: -0.899843, Exp of Normalized LogL: 0.406634, Best Rate: 0.3
Fault: [5,1,2,3,4,5], logL: -14.397487, Exp of LogL: 0.000001, Normalized LogL: -0.899843, Exp of Normalized LogL: 0.406634, Best Rate: 0.3
Fault: [0,1,2,3,4,5], logL: -16.489154, Exp of LogL: 0.000000, Normalized LogL: -1.030572, Exp of Normalized LogL: 0.356803, Best Rate: 0.3
Fault: [1,1,2,3,4,5], logL: -17.176798, Exp of LogL: 0.000000, Normalized LogL: -1.073550, Exp of Normalized LogL: 0.341793, Best Rate: 0.3
Fault: [3,1,2,3,4,5], logL: -17.964284, Exp of LogL: 0.000000, Normalized LogL: -1.122768, Exp of Normalized LogL: 0.325378, Best Rate: 0.3

========= ADAPTIVE MC DEBUG =========
Total calls: 160
Avg tries: 180.62
Confidence stops: 160
Max stops: 0
Max stop rate: 0.000
Real Fault Rank 1
===== SEED 73 | FR=0.3 | VR=100 =====
executing with fault mode: [2,1,2,3,4,5]

Fault scores (higher is better):
Fault: [2,1,2,3,4,5], logL: -14.962105, Exp of LogL: 0.000000, Normalized LogL: -0.748105, Exp of Normalized LogL: 0.473262, Best Rate: 0.3
Fault: [2,1,2,3,0,5], logL: -15.432109, Exp of LogL: 0.000000, Normalized LogL: -0.771605, Exp of Normalized LogL: 0.462270, Best Rate: 0.3
Fault: [2,1,2,3,2,5], logL: -15.432109, Exp of LogL: 0.000000, Normalized LogL: -0.771605, Exp of Normalized LogL: 0.462270, Best Rate: 0.3
Fault: [2,1,2,3,1,5], logL: -15.432109, Exp of LogL: 0.000000, Normalized LogL: -0.771605, Exp of Normalized LogL: 0.462270, Best Rate: 0.3
Fault: [2,1,2,3,5,5], logL: -15.432109, Exp of LogL: 0.000000, Normalized LogL: -0.771605, Exp of Normalized LogL: 0.462270, Best Rate: 0.3
Fault: [4,1,2,3,4,5], logL: -15.947389, Exp of LogL: 0.000000, Normalized LogL: -0.797369, Exp of Normalized LogL: 0.450513, Best Rate: 0.3
Fault: [5,1,2,3,4,5], logL: -15.947389, Exp of LogL: 0.000000, Normalized LogL: -0.797369, Exp of Normalized LogL: 0.450513, Best Rate: 0.3
Fault: [0,1,2,3,4,5], logL: -18.113272, Exp of LogL: 0.000000, Normalized LogL: -0.905664, Exp of Normalized LogL: 0.404274, Best Rate: 0.3
Fault: [1,1,2,3,4,5], logL: -19.718530, Exp of LogL: 0.000000, Normalized LogL: -0.985926, Exp of Normalized LogL: 0.373093, Best Rate: 0.3
Fault: [3,1,2,3,4,5], logL: -20.087870, Exp of LogL: 0.000000, Normalized LogL: -1.004393, Exp of Normalized LogL: 0.366267, Best Rate: 0.3

========= ADAPTIVE MC DEBUG =========
Total calls: 200
Avg tries: 181.50
Confidence stops: 200
Max stops: 0
Max stop rate: 0.000
Real Fault Rank 1
================= 22/08/2026 04:59:35: SEED 73 END =================
================= 22/08/2026 04:59:35: SEED 74 (72/100), a*=1 fault=[0,4,2,3,4,5] START =================
===== SEED 74 | FR=0.3 | VR=20 =====
executing with fault mode: [0,4,2,3,4,5]

Fault scores (higher is better):
Fault: [0,0,2,3,4,5], logL: -5.880102, Exp of LogL: 0.002794, Normalized LogL: -1.470026, Exp of Normalized LogL: 0.229920, Best Rate: 0.3
Fault: [0,3,2,3,4,5], logL: -5.997885, Exp of LogL: 0.002484, Normalized LogL: -1.499471, Exp of Normalized LogL: 0.223248, Best Rate: 0.3
Fault: [0,4,2,3,3,5], logL: -6.103246, Exp of LogL: 0.002236, Normalized LogL: -1.525811, Exp of Normalized LogL: 0.217445, Best Rate: 0.3
Fault: [0,4,2,3,2,5], logL: -6.459921, Exp of LogL: 0.001565, Normalized LogL: -1.614980, Exp of Normalized LogL: 0.198895, Best Rate: 0.3
Fault: [0,4,2,3,5,5], logL: -6.459921, Exp of LogL: 0.001565, Normalized LogL: -1.614980, Exp of Normalized LogL: 0.198895, Best Rate: 0.3
Fault: [0,4,2,3,0,5], logL: -6.614071, Exp of LogL: 0.001341, Normalized LogL: -1.653518, Exp of Normalized LogL: 0.191375, Best Rate: 0.3
Fault: [0,5,2,3,4,5], logL: -6.691032, Exp of LogL: 0.001242, Normalized LogL: -1.672758, Exp of Normalized LogL: 0.187729, Best Rate: 0.3
Fault: [0,4,2,3,4,5], logL: -6.691032, Exp of LogL: 0.001242, Normalized LogL: -1.672758, Exp of Normalized LogL: 0.187729, Best Rate: 0.3
Fault: [0,2,2,3,4,5], logL: -6.978714, Exp of LogL: 0.000931, Normalized LogL: -1.744679, Exp of Normalized LogL: 0.174701, Best Rate: 0.3
Fault: [0,1,2,3,4,5], logL: -7.971966, Exp of LogL: 0.000345, Normalized LogL: -1.992992, Exp of Normalized LogL: 0.136287, Best Rate: 0.3

========= ADAPTIVE MC DEBUG =========
Total calls: 40
Avg tries: 192.50
Confidence stops: 40
Max stops: 0
Max stop rate: 0.000
Real Fault Rank 8
===== SEED 74 | FR=0.3 | VR=40 =====
executing with fault mode: [0,4,2,3,4,5]

Fault scores (higher is better):
Fault: [0,0,2,3,4,5], logL: -9.640634, Exp of LogL: 0.000065, Normalized LogL: -1.205079, Exp of Normalized LogL: 0.299668, Best Rate: 0.3
Fault: [0,5,2,3,4,5], logL: -10.385075, Exp of LogL: 0.000031, Normalized LogL: -1.298134, Exp of Normalized LogL: 0.273041, Best Rate: 0.3
Fault: [0,4,2,3,4,5], logL: -10.385075, Exp of LogL: 0.000031, Normalized LogL: -1.298134, Exp of Normalized LogL: 0.273041, Best Rate: 0.3
Fault: [0,2,2,3,4,5], logL: -10.385075, Exp of LogL: 0.000031, Normalized LogL: -1.298134, Exp of Normalized LogL: 0.273041, Best Rate: 0.3
Fault: [0,4,2,3,2,5], logL: -10.713579, Exp of LogL: 0.000022, Normalized LogL: -1.339197, Exp of Normalized LogL: 0.262056, Best Rate: 0.3
Fault: [0,4,2,3,5,5], logL: -10.713579, Exp of LogL: 0.000022, Normalized LogL: -1.339197, Exp of Normalized LogL: 0.262056, Best Rate: 0.3
Fault: [0,4,2,3,3,5], logL: -10.713579, Exp of LogL: 0.000022, Normalized LogL: -1.339197, Exp of Normalized LogL: 0.262056, Best Rate: 0.3
Fault: [0,4,2,3,0,5], logL: -10.713579, Exp of LogL: 0.000022, Normalized LogL: -1.339197, Exp of Normalized LogL: 0.262056, Best Rate: 0.3
Fault: [0,3,2,3,4,5], logL: -10.754995, Exp of LogL: 0.000021, Normalized LogL: -1.344374, Exp of Normalized LogL: 0.260703, Best Rate: 0.3
Fault: [0,1,2,3,4,5], logL: -11.273789, Exp of LogL: 0.000013, Normalized LogL: -1.409224, Exp of Normalized LogL: 0.244333, Best Rate: 0.3

========= ADAPTIVE MC DEBUG =========
Total calls: 80
Avg tries: 172.50
Confidence stops: 80
Max stops: 0
Max stop rate: 0.000
Real Fault Rank 3
===== SEED 74 | FR=0.3 | VR=60 =====
executing with fault mode: [0,4,2,3,4,5]

Fault scores (higher is better):
Fault: [0,3,2,3,4,5], logL: -11.647195, Exp of LogL: 0.000009, Normalized LogL: -0.970600, Exp of Normalized LogL: 0.378856, Best Rate: 0.3
Fault: [0,1,2,3,4,5], logL: -11.840566, Exp of LogL: 0.000007, Normalized LogL: -0.986714, Exp of Normalized LogL: 0.372800, Best Rate: 0.3
Fault: [0,0,2,3,4,5], logL: -11.999171, Exp of LogL: 0.000006, Normalized LogL: -0.999931, Exp of Normalized LogL: 0.367905, Best Rate: 0.3
Fault: [0,5,2,3,4,5], logL: -12.538168, Exp of LogL: 0.000004, Normalized LogL: -1.044847, Exp of Normalized LogL: 0.351746, Best Rate: 0.3
Fault: [0,4,2,3,4,5], logL: -12.538168, Exp of LogL: 0.000004, Normalized LogL: -1.044847, Exp of Normalized LogL: 0.351746, Best Rate: 0.3
Fault: [0,2,2,3,4,5], logL: -12.538168, Exp of LogL: 0.000004, Normalized LogL: -1.044847, Exp of Normalized LogL: 0.351746, Best Rate: 0.3
Fault: [0,4,2,3,2,5], logL: -12.866672, Exp of LogL: 0.000003, Normalized LogL: -1.072223, Exp of Normalized LogL: 0.342247, Best Rate: 0.3
Fault: [0,4,2,3,5,5], logL: -12.866672, Exp of LogL: 0.000003, Normalized LogL: -1.072223, Exp of Normalized LogL: 0.342247, Best Rate: 0.3
Fault: [0,4,2,3,3,5], logL: -12.866672, Exp of LogL: 0.000003, Normalized LogL: -1.072223, Exp of Normalized LogL: 0.342247, Best Rate: 0.3
Fault: [0,4,2,3,0,5], logL: -12.866672, Exp of LogL: 0.000003, Normalized LogL: -1.072223, Exp of Normalized LogL: 0.342247, Best Rate: 0.3

========= ADAPTIVE MC DEBUG =========
Total calls: 120
Avg tries: 185.83
Confidence stops: 120
Max stops: 0
Max stop rate: 0.000
Real Fault Rank 5
===== SEED 74 | FR=0.3 | VR=80 =====
executing with fault mode: [0,4,2,3,4,5]

Fault scores (higher is better):
Fault: [0,3,2,3,4,5], logL: -14.424905, Exp of LogL: 0.000001, Normalized LogL: -0.901557, Exp of Normalized LogL: 0.405937, Best Rate: 0.3
Fault: [0,1,2,3,4,5], logL: -14.954446, Exp of LogL: 0.000000, Normalized LogL: -0.934653, Exp of Normalized LogL: 0.392722, Best Rate: 0.3
Fault: [0,5,2,3,4,5], logL: -15.405845, Exp of LogL: 0.000000, Normalized LogL: -0.962865, Exp of Normalized LogL: 0.381797, Best Rate: 0.3
Fault: [0,4,2,3,4,5], logL: -15.405845, Exp of LogL: 0.000000, Normalized LogL: -0.962865, Exp of Normalized LogL: 0.381797, Best Rate: 0.3
Fault: [0,2,2,3,4,5], logL: -15.405845, Exp of LogL: 0.000000, Normalized LogL: -0.962865, Exp of Normalized LogL: 0.381797, Best Rate: 0.3
Fault: [0,0,2,3,4,5], logL: -15.434432, Exp of LogL: 0.000000, Normalized LogL: -0.964652, Exp of Normalized LogL: 0.381116, Best Rate: 0.3
Fault: [0,4,2,3,2,5], logL: -15.734349, Exp of LogL: 0.000000, Normalized LogL: -0.983397, Exp of Normalized LogL: 0.374038, Best Rate: 0.3
Fault: [0,4,2,3,5,5], logL: -15.734349, Exp of LogL: 0.000000, Normalized LogL: -0.983397, Exp of Normalized LogL: 0.374038, Best Rate: 0.3
Fault: [0,4,2,3,3,5], logL: -15.734349, Exp of LogL: 0.000000, Normalized LogL: -0.983397, Exp of Normalized LogL: 0.374038, Best Rate: 0.3
Fault: [0,4,2,3,0,5], logL: -15.734349, Exp of LogL: 0.000000, Normalized LogL: -0.983397, Exp of Normalized LogL: 0.374038, Best Rate: 0.3

========= ADAPTIVE MC DEBUG =========
Total calls: 160
Avg tries: 185.00
Confidence stops: 160
Max stops: 0
Max stop rate: 0.000
Real Fault Rank 4
===== SEED 74 | FR=0.3 | VR=100 =====
executing with fault mode: [0,4,2,3,4,5]

Fault scores (higher is better):
Fault: [0,3,2,3,4,5], logL: -16.572942, Exp of LogL: 0.000000, Normalized LogL: -0.828647, Exp of Normalized LogL: 0.436640, Best Rate: 0.3
Fault: [0,1,2,3,4,5], logL: -18.016481, Exp of LogL: 0.000000, Normalized LogL: -0.900824, Exp of Normalized LogL: 0.406235, Best Rate: 0.3
Fault: [0,0,2,3,4,5], logL: -18.823501, Exp of LogL: 0.000000, Normalized LogL: -0.941175, Exp of Normalized LogL: 0.390169, Best Rate: 0.3
Fault: [0,5,2,3,4,5], logL: -19.103215, Exp of LogL: 0.000000, Normalized LogL: -0.955161, Exp of Normalized LogL: 0.384750, Best Rate: 0.3
Fault: [0,4,2,3,4,5], logL: -19.103215, Exp of LogL: 0.000000, Normalized LogL: -0.955161, Exp of Normalized LogL: 0.384750, Best Rate: 0.3
Fault: [0,2,2,3,4,5], logL: -19.103215, Exp of LogL: 0.000000, Normalized LogL: -0.955161, Exp of Normalized LogL: 0.384750, Best Rate: 0.3
Fault: [0,4,2,3,2,5], logL: -19.431719, Exp of LogL: 0.000000, Normalized LogL: -0.971586, Exp of Normalized LogL: 0.378482, Best Rate: 0.3
Fault: [0,4,2,3,5,5], logL: -19.431719, Exp of LogL: 0.000000, Normalized LogL: -0.971586, Exp of Normalized LogL: 0.378482, Best Rate: 0.3
Fault: [0,4,2,3,3,5], logL: -19.431719, Exp of LogL: 0.000000, Normalized LogL: -0.971586, Exp of Normalized LogL: 0.378482, Best Rate: 0.3
Fault: [0,4,2,3,0,5], logL: -19.431719, Exp of LogL: 0.000000, Normalized LogL: -0.971586, Exp of Normalized LogL: 0.378482, Best Rate: 0.3

========= ADAPTIVE MC DEBUG =========
Total calls: 200
Avg tries: 180.75
Confidence stops: 200
Max stops: 0
Max stop rate: 0.000
Real Fault Rank 5
================= 22/08/2026 04:59:54: SEED 74 END =================
================= 22/08/2026 04:59:54: SEED 75 (73/100), a*=0 fault=[4,1,2,3,4,5] START =================
===== SEED 75 | FR=0.3 | VR=20 =====
executing with fault mode: [4,1,2,3,4,5]

Fault scores (higher is better):
Fault: [4,1,2,3,5,5], logL: -4.563037, Exp of LogL: 0.010430, Normalized LogL: -1.521012, Exp of Normalized LogL: 0.218491, Best Rate: 0.3
Fault: [4,1,2,3,0,5], logL: -4.563037, Exp of LogL: 0.010430, Normalized LogL: -1.521012, Exp of Normalized LogL: 0.218491, Best Rate: 0.3
Fault: [4,1,2,3,3,5], logL: -4.563037, Exp of LogL: 0.010430, Normalized LogL: -1.521012, Exp of Normalized LogL: 0.218491, Best Rate: 0.3
Fault: [0,1,2,3,4,5], logL: -4.626394, Exp of LogL: 0.009790, Normalized LogL: -1.542131, Exp of Normalized LogL: 0.213925, Best Rate: 0.3
Fault: [4,1,2,3,1,5], logL: -4.685639, Exp of LogL: 0.009227, Normalized LogL: -1.561880, Exp of Normalized LogL: 0.209741, Best Rate: 0.3
Fault: [2,1,2,3,4,5], logL: -4.791500, Exp of LogL: 0.008300, Normalized LogL: -1.597167, Exp of Normalized LogL: 0.202469, Best Rate: 0.3
Fault: [5,1,2,3,4,5], logL: -4.825401, Exp of LogL: 0.008023, Normalized LogL: -1.608467, Exp of Normalized LogL: 0.200194, Best Rate: 0.3
Fault: [4,1,2,3,4,5], logL: -4.825401, Exp of LogL: 0.008023, Normalized LogL: -1.608467, Exp of Normalized LogL: 0.200194, Best Rate: 0.3
Fault: [3,1,2,3,4,5], logL: -5.249527, Exp of LogL: 0.005250, Normalized LogL: -1.749842, Exp of Normalized LogL: 0.173801, Best Rate: 0.3
Fault: [1,1,2,3,4,5], logL: -5.531511, Exp of LogL: 0.003960, Normalized LogL: -1.843837, Exp of Normalized LogL: 0.158209, Best Rate: 0.3

========= ADAPTIVE MC DEBUG =========
Total calls: 30
Avg tries: 181.67
Confidence stops: 30
Max stops: 0
Max stop rate: 0.000
Real Fault Rank 8
===== SEED 75 | FR=0.3 | VR=40 =====
executing with fault mode: [4,1,2,3,4,5]

Fault scores (higher is better):
Fault: [0,1,2,3,4,5], logL: -7.476341, Exp of LogL: 0.000566, Normalized LogL: -1.246057, Exp of Normalized LogL: 0.287637, Best Rate: 0.3
Fault: [2,1,2,3,4,5], logL: -7.600160, Exp of LogL: 0.000500, Normalized LogL: -1.266693, Exp of Normalized LogL: 0.281762, Best Rate: 0.3
Fault: [5,1,2,3,4,5], logL: -7.613064, Exp of LogL: 0.000494, Normalized LogL: -1.268844, Exp of Normalized LogL: 0.281156, Best Rate: 0.3
Fault: [4,1,2,3,4,5], logL: -7.613064, Exp of LogL: 0.000494, Normalized LogL: -1.268844, Exp of Normalized LogL: 0.281156, Best Rate: 0.3
Fault: [4,1,2,3,5,5], logL: -7.824373, Exp of LogL: 0.000400, Normalized LogL: -1.304062, Exp of Normalized LogL: 0.271427, Best Rate: 0.3
Fault: [4,1,2,3,0,5], logL: -7.824373, Exp of LogL: 0.000400, Normalized LogL: -1.304062, Exp of Normalized LogL: 0.271427, Best Rate: 0.3
Fault: [4,1,2,3,1,5], logL: -7.824373, Exp of LogL: 0.000400, Normalized LogL: -1.304062, Exp of Normalized LogL: 0.271427, Best Rate: 0.3
Fault: [4,1,2,3,3,5], logL: -7.824373, Exp of LogL: 0.000400, Normalized LogL: -1.304062, Exp of Normalized LogL: 0.271427, Best Rate: 0.3
Fault: [3,1,2,3,4,5], logL: -8.218626, Exp of LogL: 0.000270, Normalized LogL: -1.369771, Exp of Normalized LogL: 0.254165, Best Rate: 0.3
Fault: [1,1,2,3,4,5], logL: -8.361374, Exp of LogL: 0.000234, Normalized LogL: -1.393562, Exp of Normalized LogL: 0.248190, Best Rate: 0.3

========= ADAPTIVE MC DEBUG =========
Total calls: 60
Avg tries: 180.83
Confidence stops: 60
Max stops: 0
Max stop rate: 0.000
Real Fault Rank 4
===== SEED 75 | FR=0.3 | VR=60 =====
executing with fault mode: [4,1,2,3,4,5]

Fault scores (higher is better):
Fault: [0,1,2,3,4,5], logL: -7.983916, Exp of LogL: 0.000341, Normalized LogL: -0.997990, Exp of Normalized LogL: 0.368620, Best Rate: 0.3
Fault: [2,1,2,3,4,5], logL: -8.107735, Exp of LogL: 0.000301, Normalized LogL: -1.013467, Exp of Normalized LogL: 0.362958, Best Rate: 0.3
Fault: [5,1,2,3,4,5], logL: -8.120639, Exp of LogL: 0.000297, Normalized LogL: -1.015080, Exp of Normalized LogL: 0.362373, Best Rate: 0.3
Fault: [4,1,2,3,4,5], logL: -8.120639, Exp of LogL: 0.000297, Normalized LogL: -1.015080, Exp of Normalized LogL: 0.362373, Best Rate: 0.3
Fault: [4,1,2,3,5,5], logL: -8.528607, Exp of LogL: 0.000198, Normalized LogL: -1.066076, Exp of Normalized LogL: 0.344357, Best Rate: 0.3
Fault: [4,1,2,3,0,5], logL: -8.528607, Exp of LogL: 0.000198, Normalized LogL: -1.066076, Exp of Normalized LogL: 0.344357, Best Rate: 0.3
Fault: [4,1,2,3,1,5], logL: -8.528607, Exp of LogL: 0.000198, Normalized LogL: -1.066076, Exp of Normalized LogL: 0.344357, Best Rate: 0.3
Fault: [4,1,2,3,3,5], logL: -8.528607, Exp of LogL: 0.000198, Normalized LogL: -1.066076, Exp of Normalized LogL: 0.344357, Best Rate: 0.3
Fault: [3,1,2,3,4,5], logL: -8.726201, Exp of LogL: 0.000162, Normalized LogL: -1.090775, Exp of Normalized LogL: 0.335956, Best Rate: 0.3
Fault: [1,1,2,3,4,5], logL: -8.868949, Exp of LogL: 0.000141, Normalized LogL: -1.108619, Exp of Normalized LogL: 0.330015, Best Rate: 0.3

========= ADAPTIVE MC DEBUG =========
Total calls: 80
Avg tries: 175.62
Confidence stops: 80
Max stops: 0
Max stop rate: 0.000
Real Fault Rank 4
===== SEED 75 | FR=0.3 | VR=80 =====
executing with fault mode: [4,1,2,3,4,5]

Fault scores (higher is better):
Fault: [5,1,2,3,4,5], logL: -8.983145, Exp of LogL: 0.000126, Normalized LogL: -0.816650, Exp of Normalized LogL: 0.441910, Best Rate: 0.3
Fault: [4,1,2,3,4,5], logL: -8.983145, Exp of LogL: 0.000126, Normalized LogL: -0.816650, Exp of Normalized LogL: 0.441910, Best Rate: 0.3
Fault: [2,1,2,3,4,5], logL: -8.983145, Exp of LogL: 0.000126, Normalized LogL: -0.816650, Exp of Normalized LogL: 0.441910, Best Rate: 0.3
Fault: [0,1,2,3,4,5], logL: -9.244616, Exp of LogL: 0.000097, Normalized LogL: -0.840420, Exp of Normalized LogL: 0.431529, Best Rate: 0.3
Fault: [4,1,2,3,5,5], logL: -9.391113, Exp of LogL: 0.000083, Normalized LogL: -0.853738, Exp of Normalized LogL: 0.425820, Best Rate: 0.3
Fault: [4,1,2,3,0,5], logL: -9.391113, Exp of LogL: 0.000083, Normalized LogL: -0.853738, Exp of Normalized LogL: 0.425820, Best Rate: 0.3
Fault: [4,1,2,3,1,5], logL: -9.391113, Exp of LogL: 0.000083, Normalized LogL: -0.853738, Exp of Normalized LogL: 0.425820, Best Rate: 0.3
Fault: [4,1,2,3,3,5], logL: -9.391113, Exp of LogL: 0.000083, Normalized LogL: -0.853738, Exp of Normalized LogL: 0.425820, Best Rate: 0.3
Fault: [1,1,2,3,4,5], logL: -9.794075, Exp of LogL: 0.000056, Normalized LogL: -0.890370, Exp of Normalized LogL: 0.410504, Best Rate: 0.3
Fault: [3,1,2,3,4,5], logL: -10.222997, Exp of LogL: 0.000036, Normalized LogL: -0.929363, Exp of Normalized LogL: 0.394805, Best Rate: 0.3

========= ADAPTIVE MC DEBUG =========
Total calls: 110
Avg tries: 177.73
Confidence stops: 110
Max stops: 0
Max stop rate: 0.000
Real Fault Rank 2
===== SEED 75 | FR=0.3 | VR=100 =====
executing with fault mode: [4,1,2,3,4,5]

Fault scores (higher is better):
Fault: [5,1,2,3,4,5], logL: -10.572077, Exp of LogL: 0.000026, Normalized LogL: -0.755148, Exp of Normalized LogL: 0.469941, Best Rate: 0.3
Fault: [4,1,2,3,4,5], logL: -10.572077, Exp of LogL: 0.000026, Normalized LogL: -0.755148, Exp of Normalized LogL: 0.469941, Best Rate: 0.3
Fault: [2,1,2,3,4,5], logL: -10.572077, Exp of LogL: 0.000026, Normalized LogL: -0.755148, Exp of Normalized LogL: 0.469941, Best Rate: 0.3
Fault: [0,1,2,3,4,5], logL: -10.833548, Exp of LogL: 0.000020, Normalized LogL: -0.773825, Exp of Normalized LogL: 0.461245, Best Rate: 0.3
Fault: [4,1,2,3,5,5], logL: -10.980045, Exp of LogL: 0.000017, Normalized LogL: -0.784289, Exp of Normalized LogL: 0.456444, Best Rate: 0.3
Fault: [4,1,2,3,0,5], logL: -10.980045, Exp of LogL: 0.000017, Normalized LogL: -0.784289, Exp of Normalized LogL: 0.456444, Best Rate: 0.3
Fault: [4,1,2,3,1,5], logL: -10.980045, Exp of LogL: 0.000017, Normalized LogL: -0.784289, Exp of Normalized LogL: 0.456444, Best Rate: 0.3
Fault: [4,1,2,3,3,5], logL: -10.980045, Exp of LogL: 0.000017, Normalized LogL: -0.784289, Exp of Normalized LogL: 0.456444, Best Rate: 0.3
Fault: [1,1,2,3,4,5], logL: -11.383007, Exp of LogL: 0.000011, Normalized LogL: -0.813072, Exp of Normalized LogL: 0.443494, Best Rate: 0.3
Fault: [3,1,2,3,4,5], logL: -11.811929, Exp of LogL: 0.000007, Normalized LogL: -0.843709, Exp of Normalized LogL: 0.430112, Best Rate: 0.3

========= ADAPTIVE MC DEBUG =========
Total calls: 140
Avg tries: 182.50
Confidence stops: 140
Max stops: 0
Max stop rate: 0.000
Real Fault Rank 2
================= 22/08/2026 05:00:07: SEED 75 END =================
================= 22/08/2026 05:00:07: SEED 76 (74/100), a*=0 fault=[5,1,2,3,4,5] START =================
===== SEED 76 | FR=0.3 | VR=20 =====
executing with fault mode: [5,1,2,3,4,5]

executing with fault mode: [5,1,2,3,4,5]

executing with fault mode: [5,1,2,3,4,5]

Fault scores (higher is better):
Fault: [4,1,2,3,4,5], logL: -4.140886, Exp of LogL: 0.015909, Normalized LogL: -1.380295, Exp of Normalized LogL: 0.251504, Best Rate: 0.3
Fault: [1,1,2,3,4,5], logL: -4.187406, Exp of LogL: 0.015186, Normalized LogL: -1.395802, Exp of Normalized LogL: 0.247634, Best Rate: 0.3
Fault: [2,1,2,3,4,5], logL: -4.287489, Exp of LogL: 0.013739, Normalized LogL: -1.429163, Exp of Normalized LogL: 0.239509, Best Rate: 0.3
Fault: [5,1,5,3,4,5], logL: -4.485315, Exp of LogL: 0.011273, Normalized LogL: -1.495105, Exp of Normalized LogL: 0.224225, Best Rate: 0.3
Fault: [5,1,4,3,4,5], logL: -4.485315, Exp of LogL: 0.011273, Normalized LogL: -1.495105, Exp of Normalized LogL: 0.224225, Best Rate: 0.3
Fault: [0,1,2,3,4,5], logL: -4.608375, Exp of LogL: 0.009968, Normalized LogL: -1.536125, Exp of Normalized LogL: 0.215213, Best Rate: 0.3
Fault: [5,1,1,3,4,5], logL: -4.827065, Exp of LogL: 0.008010, Normalized LogL: -1.609022, Exp of Normalized LogL: 0.200083, Best Rate: 0.3
Fault: [3,1,2,3,4,5], logL: -4.841990, Exp of LogL: 0.007891, Normalized LogL: -1.613997, Exp of Normalized LogL: 0.199090, Best Rate: 0.3
Fault: [5,1,2,3,4,5], logL: -4.904026, Exp of LogL: 0.007417, Normalized LogL: -1.634675, Exp of Normalized LogL: 0.195016, Best Rate: 0.3
Fault: [5,1,0,3,4,5], logL: -4.987407, Exp of LogL: 0.006823, Normalized LogL: -1.662469, Exp of Normalized LogL: 0.189670, Best Rate: 0.3

========= ADAPTIVE MC DEBUG =========
Total calls: 30
Avg tries: 188.33
Confidence stops: 30
Max stops: 0
Max stop rate: 0.000
Real Fault Rank 9
===== SEED 76 | FR=0.3 | VR=40 =====
executing with fault mode: [5,1,2,3,4,5]

executing with fault mode: [5,1,2,3,4,5]

executing with fault mode: [5,1,2,3,4,5]

Fault scores (higher is better):
Fault: [4,1,2,3,4,5], logL: -7.117405, Exp of LogL: 0.000811, Normalized LogL: -1.186234, Exp of Normalized LogL: 0.305369, Best Rate: 0.3
Fault: [5,1,2,3,4,5], logL: -7.490677, Exp of LogL: 0.000558, Normalized LogL: -1.248446, Exp of Normalized LogL: 0.286950, Best Rate: 0.3
Fault: [5,1,0,3,4,5], logL: -7.741991, Exp of LogL: 0.000434, Normalized LogL: -1.290332, Exp of Normalized LogL: 0.275179, Best Rate: 0.3
Fault: [5,1,1,3,4,5], logL: -7.770979, Exp of LogL: 0.000422, Normalized LogL: -1.295163, Exp of Normalized LogL: 0.273853, Best Rate: 0.3
Fault: [5,1,5,3,4,5], logL: -7.874163, Exp of LogL: 0.000380, Normalized LogL: -1.312361, Exp of Normalized LogL: 0.269184, Best Rate: 0.3
Fault: [5,1,4,3,4,5], logL: -7.874163, Exp of LogL: 0.000380, Normalized LogL: -1.312361, Exp of Normalized LogL: 0.269184, Best Rate: 0.3
Fault: [3,1,2,3,4,5], logL: -8.325654, Exp of LogL: 0.000242, Normalized LogL: -1.387609, Exp of Normalized LogL: 0.249672, Best Rate: 0.3
Fault: [1,1,2,3,4,5], logL: -8.349549, Exp of LogL: 0.000237, Normalized LogL: -1.391591, Exp of Normalized LogL: 0.248679, Best Rate: 0.3
Fault: [2,1,2,3,4,5], logL: -8.605978, Exp of LogL: 0.000183, Normalized LogL: -1.434330, Exp of Normalized LogL: 0.238275, Best Rate: 0.3
Fault: [0,1,2,3,4,5], logL: -8.964734, Exp of LogL: 0.000128, Normalized LogL: -1.494122, Exp of Normalized LogL: 0.224445, Best Rate: 0.3

========= ADAPTIVE MC DEBUG =========
Total calls: 60
Avg tries: 177.50
Confidence stops: 60
Max stops: 0
Max stop rate: 0.000
Real Fault Rank 2
===== SEED 76 | FR=0.3 | VR=60 =====
executing with fault mode: [5,1,2,3,4,5]

executing with fault mode: [5,1,2,3,4,5]

executing with fault mode: [5,1,2,3,4,5]

Fault scores (higher is better):
Fault: [4,1,2,3,4,5], logL: -7.229262, Exp of LogL: 0.000725, Normalized LogL: -0.803251, Exp of Normalized LogL: 0.447870, Best Rate: 0.3
Fault: [5,1,2,3,4,5], logL: -7.602534, Exp of LogL: 0.000499, Normalized LogL: -0.844726, Exp of Normalized LogL: 0.429675, Best Rate: 0.3
Fault: [5,1,0,3,4,5], logL: -7.853848, Exp of LogL: 0.000388, Normalized LogL: -0.872650, Exp of Normalized LogL: 0.417843, Best Rate: 0.3
Fault: [5,1,1,3,4,5], logL: -7.882836, Exp of LogL: 0.000377, Normalized LogL: -0.875871, Exp of Normalized LogL: 0.416499, Best Rate: 0.3
Fault: [5,1,5,3,4,5], logL: -7.986020, Exp of LogL: 0.000340, Normalized LogL: -0.887336, Exp of Normalized LogL: 0.411751, Best Rate: 0.3
Fault: [5,1,4,3,4,5], logL: -7.986020, Exp of LogL: 0.000340, Normalized LogL: -0.887336, Exp of Normalized LogL: 0.411751, Best Rate: 0.3
Fault: [1,1,2,3,4,5], logL: -8.084644, Exp of LogL: 0.000308, Normalized LogL: -0.898294, Exp of Normalized LogL: 0.407264, Best Rate: 0.3
Fault: [3,1,2,3,4,5], logL: -8.437511, Exp of LogL: 0.000217, Normalized LogL: -0.937501, Exp of Normalized LogL: 0.391605, Best Rate: 0.3
Fault: [2,1,2,3,4,5], logL: -8.530694, Exp of LogL: 0.000197, Normalized LogL: -0.947855, Exp of Normalized LogL: 0.387572, Best Rate: 0.3
Fault: [0,1,2,3,4,5], logL: -8.746349, Exp of LogL: 0.000159, Normalized LogL: -0.971817, Exp of Normalized LogL: 0.378395, Best Rate: 0.3

========= ADAPTIVE MC DEBUG =========
Total calls: 90
Avg tries: 188.89
Confidence stops: 90
Max stops: 0
Max stop rate: 0.000
Real Fault Rank 2
===== SEED 76 | FR=0.3 | VR=80 =====
executing with fault mode: [5,1,2,3,4,5]

executing with fault mode: [5,1,2,3,4,5]

executing with fault mode: [5,1,2,3,4,5]

Fault scores (higher is better):
Fault: [4,1,2,3,4,5], logL: -7.802764, Exp of LogL: 0.000409, Normalized LogL: -0.650230, Exp of Normalized LogL: 0.521926, Best Rate: 0.3
Fault: [5,1,2,3,4,5], logL: -8.553762, Exp of LogL: 0.000193, Normalized LogL: -0.712813, Exp of Normalized LogL: 0.490263, Best Rate: 0.3
Fault: [1,1,2,3,4,5], logL: -8.658146, Exp of LogL: 0.000174, Normalized LogL: -0.721512, Exp of Normalized LogL: 0.486017, Best Rate: 0.3
Fault: [5,1,0,3,4,5], logL: -8.805076, Exp of LogL: 0.000150, Normalized LogL: -0.733756, Exp of Normalized LogL: 0.480102, Best Rate: 0.3
Fault: [5,1,1,3,4,5], logL: -8.834064, Exp of LogL: 0.000146, Normalized LogL: -0.736172, Exp of Normalized LogL: 0.478944, Best Rate: 0.3
Fault: [5,1,5,3,4,5], logL: -8.937248, Exp of LogL: 0.000131, Normalized LogL: -0.744771, Exp of Normalized LogL: 0.474843, Best Rate: 0.3
Fault: [5,1,4,3,4,5], logL: -8.937248, Exp of LogL: 0.000131, Normalized LogL: -0.744771, Exp of Normalized LogL: 0.474843, Best Rate: 0.3
Fault: [2,1,2,3,4,5], logL: -9.104196, Exp of LogL: 0.000111, Normalized LogL: -0.758683, Exp of Normalized LogL: 0.468283, Best Rate: 0.3
Fault: [3,1,2,3,4,5], logL: -9.271063, Exp of LogL: 0.000094, Normalized LogL: -0.772589, Exp of Normalized LogL: 0.461816, Best Rate: 0.3
Fault: [0,1,2,3,4,5], logL: -9.765583, Exp of LogL: 0.000057, Normalized LogL: -0.813799, Exp of Normalized LogL: 0.443171, Best Rate: 0.3

========= ADAPTIVE MC DEBUG =========
Total calls: 120
Avg tries: 193.75
Confidence stops: 120
Max stops: 0
Max stop rate: 0.000
Real Fault Rank 2
===== SEED 76 | FR=0.3 | VR=100 =====
executing with fault mode: [5,1,2,3,4,5]

executing with fault mode: [5,1,2,3,4,5]

executing with fault mode: [5,1,2,3,4,5]

Fault scores (higher is better):
Fault: [5,1,2,3,4,5], logL: -8.704408, Exp of LogL: 0.000166, Normalized LogL: -0.580294, Exp of Normalized LogL: 0.559734, Best Rate: 0.3
Fault: [5,1,0,3,4,5], logL: -8.955723, Exp of LogL: 0.000129, Normalized LogL: -0.597048, Exp of Normalized LogL: 0.550434, Best Rate: 0.3
Fault: [5,1,1,3,4,5], logL: -8.984710, Exp of LogL: 0.000125, Normalized LogL: -0.598981, Exp of Normalized LogL: 0.549371, Best Rate: 0.3
Fault: [5,1,5,3,4,5], logL: -9.087894, Exp of LogL: 0.000113, Normalized LogL: -0.605860, Exp of Normalized LogL: 0.545605, Best Rate: 0.3
Fault: [5,1,4,3,4,5], logL: -9.087894, Exp of LogL: 0.000113, Normalized LogL: -0.605860, Exp of Normalized LogL: 0.545605, Best Rate: 0.3
Fault: [4,1,2,3,4,5], logL: -34.090510, Exp of LogL: 0.000000, Normalized LogL: -2.272701, Exp of Normalized LogL: 0.103034, Best Rate: 0.3
Fault: [3,1,2,3,4,5], logL: -34.765511, Exp of LogL: 0.000000, Normalized LogL: -2.317701, Exp of Normalized LogL: 0.098500, Best Rate: 0.3
Fault: [0,1,2,3,4,5], logL: -34.872224, Exp of LogL: 0.000000, Normalized LogL: -2.324815, Exp of Normalized LogL: 0.097802, Best Rate: 0.3
Fault: [1,1,2,3,4,5], logL: -34.945892, Exp of LogL: 0.000000, Normalized LogL: -2.329726, Exp of Normalized LogL: 0.097322, Best Rate: 0.3
Fault: [2,1,2,3,4,5], logL: -35.402992, Exp of LogL: 0.000000, Normalized LogL: -2.360199, Exp of Normalized LogL: 0.094401, Best Rate: 0.3

========= ADAPTIVE MC DEBUG =========
Total calls: 150
Avg tries: 185.00
Confidence stops: 150
Max stops: 0
Max stop rate: 0.000
Real Fault Rank 1
================= 22/08/2026 05:00:22: SEED 76 END =================
================= 22/08/2026 05:00:22: SEED 77 (75/100), a*=2 fault=[0,1,4,3,4,5] START =================
===== SEED 77 | FR=0.3 | VR=20 =====
executing with fault mode: [0,1,4,3,4,5]

Fault scores (higher is better):
Fault: [0,1,2,3,4,5], logL: -3.763334, Exp of LogL: 0.023206, Normalized LogL: -1.254445, Exp of Normalized LogL: 0.285234, Best Rate: 0.3
Fault: [0,1,1,3,4,5], logL: -3.801500, Exp of LogL: 0.022337, Normalized LogL: -1.267167, Exp of Normalized LogL: 0.281628, Best Rate: 0.3
Fault: [0,1,4,3,4,5], logL: -4.085945, Exp of LogL: 0.016807, Normalized LogL: -1.361982, Exp of Normalized LogL: 0.256153, Best Rate: 0.3
Fault: [0,1,5,3,4,5], logL: -4.085945, Exp of LogL: 0.016807, Normalized LogL: -1.361982, Exp of Normalized LogL: 0.256153, Best Rate: 0.3
Fault: [0,1,4,3,2,5], logL: -4.176917, Exp of LogL: 0.015346, Normalized LogL: -1.392306, Exp of Normalized LogL: 0.248502, Best Rate: 0.3
Fault: [0,1,4,3,5,5], logL: -4.176917, Exp of LogL: 0.015346, Normalized LogL: -1.392306, Exp of Normalized LogL: 0.248502, Best Rate: 0.3
Fault: [0,1,4,3,3,5], logL: -4.448850, Exp of LogL: 0.011692, Normalized LogL: -1.482950, Exp of Normalized LogL: 0.226967, Best Rate: 0.3
Fault: [0,1,4,3,0,5], logL: -4.513389, Exp of LogL: 0.010961, Normalized LogL: -1.504463, Exp of Normalized LogL: 0.222137, Best Rate: 0.3
Fault: [0,1,0,3,4,5], logL: -4.616749, Exp of LogL: 0.009885, Normalized LogL: -1.538916, Exp of Normalized LogL: 0.214614, Best Rate: 0.3
Fault: [0,1,3,3,4,5], logL: -4.736533, Exp of LogL: 0.008769, Normalized LogL: -1.578844, Exp of Normalized LogL: 0.206213, Best Rate: 0.3

========= ADAPTIVE MC DEBUG =========
Total calls: 30
Avg tries: 200.00
Confidence stops: 30
Max stops: 0
Max stop rate: 0.000
Real Fault Rank 3
===== SEED 77 | FR=0.3 | VR=40 =====
executing with fault mode: [0,1,4,3,4,5]

Fault scores (higher is better):
Fault: [0,1,4,3,4,5], logL: -5.453194, Exp of LogL: 0.004283, Normalized LogL: -0.908866, Exp of Normalized LogL: 0.402981, Best Rate: 0.3
Fault: [0,1,5,3,4,5], logL: -5.453194, Exp of LogL: 0.004283, Normalized LogL: -0.908866, Exp of Normalized LogL: 0.402981, Best Rate: 0.3
Fault: [0,1,4,3,3,5], logL: -5.812139, Exp of LogL: 0.002991, Normalized LogL: -0.968690, Exp of Normalized LogL: 0.379580, Best Rate: 0.3
Fault: [0,1,4,3,2,5], logL: -5.812139, Exp of LogL: 0.002991, Normalized LogL: -0.968690, Exp of Normalized LogL: 0.379580, Best Rate: 0.3
Fault: [0,1,4,3,5,5], logL: -5.812139, Exp of LogL: 0.002991, Normalized LogL: -0.968690, Exp of Normalized LogL: 0.379580, Best Rate: 0.3
Fault: [0,1,4,3,0,5], logL: -5.812139, Exp of LogL: 0.002991, Normalized LogL: -0.968690, Exp of Normalized LogL: 0.379580, Best Rate: 0.3
Fault: [0,1,2,3,4,5], logL: -30.867444, Exp of LogL: 0.000000, Normalized LogL: -5.144574, Exp of Normalized LogL: 0.005831, Best Rate: 0.3
Fault: [0,1,1,3,4,5], logL: -31.407072, Exp of LogL: 0.000000, Normalized LogL: -5.234512, Exp of Normalized LogL: 0.005329, Best Rate: 0.3
Fault: [0,1,0,3,4,5], logL: -31.650732, Exp of LogL: 0.000000, Normalized LogL: -5.275122, Exp of Normalized LogL: 0.005117, Best Rate: 0.3
Fault: [0,1,3,3,4,5], logL: -31.784783, Exp of LogL: 0.000000, Normalized LogL: -5.297464, Exp of Normalized LogL: 0.005004, Best Rate: 0.3

========= ADAPTIVE MC DEBUG =========
Total calls: 60
Avg tries: 193.33
Confidence stops: 60
Max stops: 0
Max stop rate: 0.000
Real Fault Rank 1
===== SEED 77 | FR=0.3 | VR=60 =====
executing with fault mode: [0,1,4,3,4,5]

Fault scores (higher is better):
Fault: [0,1,4,3,4,5], logL: -6.708327, Exp of LogL: 0.001221, Normalized LogL: -0.838541, Exp of Normalized LogL: 0.432341, Best Rate: 0.3
Fault: [0,1,5,3,4,5], logL: -6.708327, Exp of LogL: 0.001221, Normalized LogL: -0.838541, Exp of Normalized LogL: 0.432341, Best Rate: 0.3
Fault: [0,1,4,3,3,5], logL: -7.067272, Exp of LogL: 0.000853, Normalized LogL: -0.883409, Exp of Normalized LogL: 0.413371, Best Rate: 0.3
Fault: [0,1,4,3,2,5], logL: -7.067272, Exp of LogL: 0.000853, Normalized LogL: -0.883409, Exp of Normalized LogL: 0.413371, Best Rate: 0.3
Fault: [0,1,4,3,5,5], logL: -7.067272, Exp of LogL: 0.000853, Normalized LogL: -0.883409, Exp of Normalized LogL: 0.413371, Best Rate: 0.3
Fault: [0,1,4,3,0,5], logL: -7.067272, Exp of LogL: 0.000853, Normalized LogL: -0.883409, Exp of Normalized LogL: 0.413371, Best Rate: 0.3
Fault: [0,1,2,3,4,5], logL: -32.122577, Exp of LogL: 0.000000, Normalized LogL: -4.015322, Exp of Normalized LogL: 0.018037, Best Rate: 0.3
Fault: [0,1,1,3,4,5], logL: -32.662205, Exp of LogL: 0.000000, Normalized LogL: -4.082776, Exp of Normalized LogL: 0.016861, Best Rate: 0.3
Fault: [0,1,0,3,4,5], logL: -32.905865, Exp of LogL: 0.000000, Normalized LogL: -4.113233, Exp of Normalized LogL: 0.016355, Best Rate: 0.3
Fault: [0,1,3,3,4,5], logL: -33.039916, Exp of LogL: 0.000000, Normalized LogL: -4.129989, Exp of Normalized LogL: 0.016083, Best Rate: 0.3

========= ADAPTIVE MC DEBUG =========
Total calls: 80
Avg tries: 188.75
Confidence stops: 80
Max stops: 0
Max stop rate: 0.000
Real Fault Rank 1
===== SEED 77 | FR=0.3 | VR=80 =====
executing with fault mode: [0,1,4,3,4,5]

Fault scores (higher is better):
Fault: [0,1,4,3,4,5], logL: -8.517961, Exp of LogL: 0.000200, Normalized LogL: -0.774360, Exp of Normalized LogL: 0.460999, Best Rate: 0.3
Fault: [0,1,5,3,4,5], logL: -8.517961, Exp of LogL: 0.000200, Normalized LogL: -0.774360, Exp of Normalized LogL: 0.460999, Best Rate: 0.3
Fault: [0,1,4,3,3,5], logL: -8.974318, Exp of LogL: 0.000127, Normalized LogL: -0.815847, Exp of Normalized LogL: 0.442265, Best Rate: 0.3
Fault: [0,1,4,3,2,5], logL: -8.974318, Exp of LogL: 0.000127, Normalized LogL: -0.815847, Exp of Normalized LogL: 0.442265, Best Rate: 0.3
Fault: [0,1,4,3,5,5], logL: -8.974318, Exp of LogL: 0.000127, Normalized LogL: -0.815847, Exp of Normalized LogL: 0.442265, Best Rate: 0.3
Fault: [0,1,4,3,0,5], logL: -8.974318, Exp of LogL: 0.000127, Normalized LogL: -0.815847, Exp of Normalized LogL: 0.442265, Best Rate: 0.3
Fault: [0,1,2,3,4,5], logL: -34.224455, Exp of LogL: 0.000000, Normalized LogL: -3.111314, Exp of Normalized LogL: 0.044542, Best Rate: 0.3
Fault: [0,1,1,3,4,5], logL: -34.683369, Exp of LogL: 0.000000, Normalized LogL: -3.153034, Exp of Normalized LogL: 0.042722, Best Rate: 0.3
Fault: [0,1,0,3,4,5], logL: -34.712808, Exp of LogL: 0.000000, Normalized LogL: -3.155710, Exp of Normalized LogL: 0.042608, Best Rate: 0.3
Fault: [0,1,3,3,4,5], logL: -34.911108, Exp of LogL: 0.000000, Normalized LogL: -3.173737, Exp of Normalized LogL: 0.041847, Best Rate: 0.3

========= ADAPTIVE MC DEBUG =========
Total calls: 110
Avg tries: 189.09
Confidence stops: 110
Max stops: 0
Max stop rate: 0.000
Real Fault Rank 1
===== SEED 77 | FR=0.3 | VR=100 =====
executing with fault mode: [0,1,4,3,4,5]

Fault scores (higher is better):
Fault: [0,1,4,3,4,5], logL: -9.168802, Exp of LogL: 0.000104, Normalized LogL: -0.654914, Exp of Normalized LogL: 0.519487, Best Rate: 0.3
Fault: [0,1,5,3,4,5], logL: -9.168802, Exp of LogL: 0.000104, Normalized LogL: -0.654914, Exp of Normalized LogL: 0.519487, Best Rate: 0.3
Fault: [0,1,4,3,3,5], logL: -9.561844, Exp of LogL: 0.000070, Normalized LogL: -0.682989, Exp of Normalized LogL: 0.505105, Best Rate: 0.3
Fault: [0,1,4,3,2,5], logL: -9.561844, Exp of LogL: 0.000070, Normalized LogL: -0.682989, Exp of Normalized LogL: 0.505105, Best Rate: 0.3
Fault: [0,1,4,3,5,5], logL: -9.561844, Exp of LogL: 0.000070, Normalized LogL: -0.682989, Exp of Normalized LogL: 0.505105, Best Rate: 0.3
Fault: [0,1,4,3,0,5], logL: -9.561844, Exp of LogL: 0.000070, Normalized LogL: -0.682989, Exp of Normalized LogL: 0.505105, Best Rate: 0.3
Fault: [0,1,2,3,4,5], logL: -34.857872, Exp of LogL: 0.000000, Normalized LogL: -2.489848, Exp of Normalized LogL: 0.082923, Best Rate: 0.3
Fault: [0,1,0,3,4,5], logL: -35.353228, Exp of LogL: 0.000000, Normalized LogL: -2.525231, Exp of Normalized LogL: 0.080040, Best Rate: 0.3
Fault: [0,1,1,3,4,5], logL: -35.429778, Exp of LogL: 0.000000, Normalized LogL: -2.530698, Exp of Normalized LogL: 0.079603, Best Rate: 0.3
Fault: [0,1,3,3,4,5], logL: -35.561949, Exp of LogL: 0.000000, Normalized LogL: -2.540139, Exp of Normalized LogL: 0.078855, Best Rate: 0.3

========= ADAPTIVE MC DEBUG =========
Total calls: 140
Avg tries: 189.29
Confidence stops: 140
Max stops: 0
Max stop rate: 0.000
Real Fault Rank 1
================= 22/08/2026 05:00:35: SEED 77 END =================
================= 22/08/2026 05:00:35: SEED 78 (76/100), a*=0 fault=[5,1,2,3,4,5] START =================
===== SEED 78 | FR=0.3 | VR=20 =====
executing with fault mode: [5,1,2,3,4,5]

executing with fault mode: [5,1,2,3,4,5]

Fault scores (higher is better):
Fault: [0,1,2,3,4,5], logL: -11.484591, Exp of LogL: 0.000010, Normalized LogL: -1.640656, Exp of Normalized LogL: 0.193853, Best Rate: 0.3
Fault: [2,1,2,3,4,5], logL: -11.728937, Exp of LogL: 0.000008, Normalized LogL: -1.675562, Exp of Normalized LogL: 0.187203, Best Rate: 0.3
Fault: [5,1,2,3,0,5], logL: -11.947626, Exp of LogL: 0.000006, Normalized LogL: -1.706804, Exp of Normalized LogL: 0.181445, Best Rate: 0.3
Fault: [5,1,2,3,2,5], logL: -11.947626, Exp of LogL: 0.000006, Normalized LogL: -1.706804, Exp of Normalized LogL: 0.181445, Best Rate: 0.3
Fault: [5,1,2,3,3,5], logL: -11.947626, Exp of LogL: 0.000006, Normalized LogL: -1.706804, Exp of Normalized LogL: 0.181445, Best Rate: 0.3
Fault: [5,1,2,3,1,5], logL: -11.947626, Exp of LogL: 0.000006, Normalized LogL: -1.706804, Exp of Normalized LogL: 0.181445, Best Rate: 0.3
Fault: [4,1,2,3,4,5], logL: -11.998919, Exp of LogL: 0.000006, Normalized LogL: -1.714131, Exp of Normalized LogL: 0.180120, Best Rate: 0.3
Fault: [5,1,2,3,4,5], logL: -11.998919, Exp of LogL: 0.000006, Normalized LogL: -1.714131, Exp of Normalized LogL: 0.180120, Best Rate: 0.3
Fault: [3,1,2,3,4,5], logL: -12.052986, Exp of LogL: 0.000006, Normalized LogL: -1.721855, Exp of Normalized LogL: 0.178734, Best Rate: 0.3
Fault: [1,1,2,3,4,5], logL: -12.297981, Exp of LogL: 0.000005, Normalized LogL: -1.756854, Exp of Normalized LogL: 0.172587, Best Rate: 0.3

========= ADAPTIVE MC DEBUG =========
Total calls: 70
Avg tries: 193.57
Confidence stops: 70
Max stops: 0
Max stop rate: 0.000
Real Fault Rank 8
===== SEED 78 | FR=0.3 | VR=40 =====
executing with fault mode: [5,1,2,3,4,5]

executing with fault mode: [5,1,2,3,4,5]

Fault scores (higher is better):
Fault: [4,1,2,3,4,5], logL: -21.940313, Exp of LogL: 0.000000, Normalized LogL: -1.567165, Exp of Normalized LogL: 0.208636, Best Rate: 0.3
Fault: [5,1,2,3,4,5], logL: -21.940313, Exp of LogL: 0.000000, Normalized LogL: -1.567165, Exp of Normalized LogL: 0.208636, Best Rate: 0.3
Fault: [3,1,2,3,4,5], logL: -22.288619, Exp of LogL: 0.000000, Normalized LogL: -1.592044, Exp of Normalized LogL: 0.203509, Best Rate: 0.3
Fault: [5,1,2,3,0,5], logL: -22.429861, Exp of LogL: 0.000000, Normalized LogL: -1.602133, Exp of Normalized LogL: 0.201466, Best Rate: 0.3
Fault: [5,1,2,3,2,5], logL: -22.429861, Exp of LogL: 0.000000, Normalized LogL: -1.602133, Exp of Normalized LogL: 0.201466, Best Rate: 0.3
Fault: [5,1,2,3,3,5], logL: -22.429861, Exp of LogL: 0.000000, Normalized LogL: -1.602133, Exp of Normalized LogL: 0.201466, Best Rate: 0.3
Fault: [5,1,2,3,1,5], logL: -22.429861, Exp of LogL: 0.000000, Normalized LogL: -1.602133, Exp of Normalized LogL: 0.201466, Best Rate: 0.3
Fault: [0,1,2,3,4,5], logL: -23.473050, Exp of LogL: 0.000000, Normalized LogL: -1.676646, Exp of Normalized LogL: 0.187000, Best Rate: 0.3
Fault: [1,1,2,3,4,5], logL: -24.645687, Exp of LogL: 0.000000, Normalized LogL: -1.760406, Exp of Normalized LogL: 0.171975, Best Rate: 0.3
Fault: [2,1,2,3,4,5], logL: -25.200743, Exp of LogL: 0.000000, Normalized LogL: -1.800053, Exp of Normalized LogL: 0.165290, Best Rate: 0.3

========= ADAPTIVE MC DEBUG =========
Total calls: 140
Avg tries: 170.71
Confidence stops: 140
Max stops: 0
Max stop rate: 0.000
Real Fault Rank 2
===== SEED 78 | FR=0.3 | VR=60 =====
executing with fault mode: [5,1,2,3,4,5]

executing with fault mode: [5,1,2,3,4,5]

Fault scores (higher is better):
Fault: [4,1,2,3,4,5], logL: -26.257519, Exp of LogL: 0.000000, Normalized LogL: -1.312876, Exp of Normalized LogL: 0.269045, Best Rate: 0.3
Fault: [5,1,2,3,4,5], logL: -26.257519, Exp of LogL: 0.000000, Normalized LogL: -1.312876, Exp of Normalized LogL: 0.269045, Best Rate: 0.3
Fault: [3,1,2,3,4,5], logL: -26.526080, Exp of LogL: 0.000000, Normalized LogL: -1.326304, Exp of Normalized LogL: 0.265457, Best Rate: 0.3
Fault: [5,1,2,3,0,5], logL: -26.635855, Exp of LogL: 0.000000, Normalized LogL: -1.331793, Exp of Normalized LogL: 0.264004, Best Rate: 0.3
Fault: [5,1,2,3,2,5], logL: -26.635855, Exp of LogL: 0.000000, Normalized LogL: -1.331793, Exp of Normalized LogL: 0.264004, Best Rate: 0.3
Fault: [5,1,2,3,3,5], logL: -26.635855, Exp of LogL: 0.000000, Normalized LogL: -1.331793, Exp of Normalized LogL: 0.264004, Best Rate: 0.3
Fault: [5,1,2,3,1,5], logL: -26.635855, Exp of LogL: 0.000000, Normalized LogL: -1.331793, Exp of Normalized LogL: 0.264004, Best Rate: 0.3
Fault: [0,1,2,3,4,5], logL: -27.923604, Exp of LogL: 0.000000, Normalized LogL: -1.396180, Exp of Normalized LogL: 0.247541, Best Rate: 0.3
Fault: [1,1,2,3,4,5], logL: -29.058500, Exp of LogL: 0.000000, Normalized LogL: -1.452925, Exp of Normalized LogL: 0.233885, Best Rate: 0.3
Fault: [2,1,2,3,4,5], logL: -29.417812, Exp of LogL: 0.000000, Normalized LogL: -1.470891, Exp of Normalized LogL: 0.229721, Best Rate: 0.3

========= ADAPTIVE MC DEBUG =========
Total calls: 200
Avg tries: 171.75
Confidence stops: 200
Max stops: 0
Max stop rate: 0.000
Real Fault Rank 2
===== SEED 78 | FR=0.3 | VR=80 =====
executing with fault mode: [5,1,2,3,4,5]

executing with fault mode: [5,1,2,3,4,5]

Fault scores (higher is better):
Fault: [4,1,2,3,4,5], logL: -28.122862, Exp of LogL: 0.000000, Normalized LogL: -1.041587, Exp of Normalized LogL: 0.352894, Best Rate: 0.3
Fault: [5,1,2,3,4,5], logL: -28.122862, Exp of LogL: 0.000000, Normalized LogL: -1.041587, Exp of Normalized LogL: 0.352894, Best Rate: 0.3
Fault: [5,1,2,3,0,5], logL: -28.501198, Exp of LogL: 0.000000, Normalized LogL: -1.055600, Exp of Normalized LogL: 0.347984, Best Rate: 0.3
Fault: [5,1,2,3,2,5], logL: -28.501198, Exp of LogL: 0.000000, Normalized LogL: -1.055600, Exp of Normalized LogL: 0.347984, Best Rate: 0.3
Fault: [5,1,2,3,3,5], logL: -28.501198, Exp of LogL: 0.000000, Normalized LogL: -1.055600, Exp of Normalized LogL: 0.347984, Best Rate: 0.3
Fault: [5,1,2,3,1,5], logL: -28.501198, Exp of LogL: 0.000000, Normalized LogL: -1.055600, Exp of Normalized LogL: 0.347984, Best Rate: 0.3
Fault: [3,1,2,3,4,5], logL: -28.843408, Exp of LogL: 0.000000, Normalized LogL: -1.068274, Exp of Normalized LogL: 0.343601, Best Rate: 0.3
Fault: [0,1,2,3,4,5], logL: -29.928850, Exp of LogL: 0.000000, Normalized LogL: -1.108476, Exp of Normalized LogL: 0.330062, Best Rate: 0.3
Fault: [1,1,2,3,4,5], logL: -30.923843, Exp of LogL: 0.000000, Normalized LogL: -1.145328, Exp of Normalized LogL: 0.318120, Best Rate: 0.3
Fault: [2,1,2,3,4,5], logL: -31.463643, Exp of LogL: 0.000000, Normalized LogL: -1.165320, Exp of Normalized LogL: 0.311823, Best Rate: 0.3

========= ADAPTIVE MC DEBUG =========
Total calls: 270
Avg tries: 177.22
Confidence stops: 270
Max stops: 0
Max stop rate: 0.000
Real Fault Rank 2
===== SEED 78 | FR=0.3 | VR=100 =====
executing with fault mode: [5,1,2,3,4,5]

executing with fault mode: [5,1,2,3,4,5]

Fault scores (higher is better):
Fault: [4,1,2,3,4,5], logL: -31.722539, Exp of LogL: 0.000000, Normalized LogL: -0.933016, Exp of Normalized LogL: 0.393366, Best Rate: 0.3
Fault: [5,1,2,3,4,5], logL: -31.722539, Exp of LogL: 0.000000, Normalized LogL: -0.933016, Exp of Normalized LogL: 0.393366, Best Rate: 0.3
Fault: [5,1,2,3,0,5], logL: -32.100876, Exp of LogL: 0.000000, Normalized LogL: -0.944143, Exp of Normalized LogL: 0.389013, Best Rate: 0.3
Fault: [5,1,2,3,2,5], logL: -32.100876, Exp of LogL: 0.000000, Normalized LogL: -0.944143, Exp of Normalized LogL: 0.389013, Best Rate: 0.3
Fault: [5,1,2,3,3,5], logL: -32.100876, Exp of LogL: 0.000000, Normalized LogL: -0.944143, Exp of Normalized LogL: 0.389013, Best Rate: 0.3
Fault: [5,1,2,3,1,5], logL: -32.100876, Exp of LogL: 0.000000, Normalized LogL: -0.944143, Exp of Normalized LogL: 0.389013, Best Rate: 0.3
Fault: [3,1,2,3,4,5], logL: -58.032697, Exp of LogL: 0.000000, Normalized LogL: -1.706844, Exp of Normalized LogL: 0.181438, Best Rate: 0.3
Fault: [0,1,2,3,4,5], logL: -58.078331, Exp of LogL: 0.000000, Normalized LogL: -1.708186, Exp of Normalized LogL: 0.181194, Best Rate: 0.3
Fault: [1,1,2,3,4,5], logL: -59.219964, Exp of LogL: 0.000000, Normalized LogL: -1.741764, Exp of Normalized LogL: 0.175211, Best Rate: 0.3
Fault: [2,1,2,3,4,5], logL: -59.579821, Exp of LogL: 0.000000, Normalized LogL: -1.752348, Exp of Normalized LogL: 0.173366, Best Rate: 0.3

========= ADAPTIVE MC DEBUG =========
Total calls: 340
Avg tries: 177.50
Confidence stops: 340
Max stops: 0
Max stop rate: 0.000
Real Fault Rank 2
================= 22/08/2026 05:01:07: SEED 78 END =================
================= 22/08/2026 05:01:07: SEED 79 (77/100), a*=3 fault=[0,1,2,0,4,5] START =================
===== SEED 79 | FR=0.3 | VR=20 =====
executing with fault mode: [0,1,2,0,4,5]

Fault scores (higher is better):
Fault: [0,1,2,5,4,5], logL: -9.413069, Exp of LogL: 0.000082, Normalized LogL: -2.353267, Exp of Normalized LogL: 0.095058, Best Rate: 0.3
Fault: [0,1,2,4,4,5], logL: -9.413069, Exp of LogL: 0.000082, Normalized LogL: -2.353267, Exp of Normalized LogL: 0.095058, Best Rate: 0.3
Fault: [0,1,2,1,4,5], logL: -9.636212, Exp of LogL: 0.000065, Normalized LogL: -2.409053, Exp of Normalized LogL: 0.089900, Best Rate: 0.3
Fault: [0,1,2,2,4,5], logL: -9.769744, Exp of LogL: 0.000057, Normalized LogL: -2.442436, Exp of Normalized LogL: 0.086949, Best Rate: 0.3
Fault: [0,1,2,0,4,5], logL: -31.718961, Exp of LogL: 0.000000, Normalized LogL: -7.929740, Exp of Normalized LogL: 0.000360, Best Rate: 0.3
Fault: [0,1,2,0,5,5], logL: -32.011349, Exp of LogL: 0.000000, Normalized LogL: -8.002837, Exp of Normalized LogL: 0.000335, Best Rate: 0.3
Fault: [0,1,2,0,1,5], logL: -32.011349, Exp of LogL: 0.000000, Normalized LogL: -8.002837, Exp of Normalized LogL: 0.000335, Best Rate: 0.3
Fault: [0,1,2,0,2,5], logL: -32.011349, Exp of LogL: 0.000000, Normalized LogL: -8.002837, Exp of Normalized LogL: 0.000335, Best Rate: 0.3
Fault: [0,1,2,0,0,5], logL: -32.011349, Exp of LogL: 0.000000, Normalized LogL: -8.002837, Exp of Normalized LogL: 0.000335, Best Rate: 0.3
Fault: [0,1,2,3,4,5], logL: -32.331822, Exp of LogL: 0.000000, Normalized LogL: -8.082955, Exp of Normalized LogL: 0.000309, Best Rate: 0.3

========= ADAPTIVE MC DEBUG =========
Total calls: 40
Avg tries: 200.00
Confidence stops: 40
Max stops: 0
Max stop rate: 0.000
Real Fault Rank 5
===== SEED 79 | FR=0.3 | VR=40 =====
executing with fault mode: [0,1,2,0,4,5]

Fault scores (higher is better):
Fault: [0,1,2,0,4,5], logL: -9.005484, Exp of LogL: 0.000123, Normalized LogL: -1.286498, Exp of Normalized LogL: 0.276237, Best Rate: 0.3
Fault: [0,1,2,0,5,5], logL: -9.299855, Exp of LogL: 0.000091, Normalized LogL: -1.328551, Exp of Normalized LogL: 0.264861, Best Rate: 0.3
Fault: [0,1,2,0,1,5], logL: -9.299855, Exp of LogL: 0.000091, Normalized LogL: -1.328551, Exp of Normalized LogL: 0.264861, Best Rate: 0.3
Fault: [0,1,2,0,2,5], logL: -9.299855, Exp of LogL: 0.000091, Normalized LogL: -1.328551, Exp of Normalized LogL: 0.264861, Best Rate: 0.3
Fault: [0,1,2,0,0,5], logL: -9.299855, Exp of LogL: 0.000091, Normalized LogL: -1.328551, Exp of Normalized LogL: 0.264861, Best Rate: 0.3
Fault: [0,1,2,5,4,5], logL: -10.251773, Exp of LogL: 0.000035, Normalized LogL: -1.464539, Exp of Normalized LogL: 0.231185, Best Rate: 0.3
Fault: [0,1,2,4,4,5], logL: -10.251773, Exp of LogL: 0.000035, Normalized LogL: -1.464539, Exp of Normalized LogL: 0.231185, Best Rate: 0.3
Fault: [0,1,2,1,4,5], logL: -10.474916, Exp of LogL: 0.000028, Normalized LogL: -1.496417, Exp of Normalized LogL: 0.223931, Best Rate: 0.3
Fault: [0,1,2,2,4,5], logL: -10.608448, Exp of LogL: 0.000025, Normalized LogL: -1.515493, Exp of Normalized LogL: 0.219700, Best Rate: 0.3
Fault: [0,1,2,3,4,5], logL: -11.089136, Exp of LogL: 0.000015, Normalized LogL: -1.584162, Exp of Normalized LogL: 0.205120, Best Rate: 0.3

========= ADAPTIVE MC DEBUG =========
Total calls: 70
Avg tries: 185.00
Confidence stops: 70
Max stops: 0
Max stop rate: 0.000
Real Fault Rank 1
===== SEED 79 | FR=0.3 | VR=60 =====
executing with fault mode: [0,1,2,0,4,5]

Fault scores (higher is better):
Fault: [0,1,2,0,4,5], logL: -11.147201, Exp of LogL: 0.000014, Normalized LogL: -1.114720, Exp of Normalized LogL: 0.328007, Best Rate: 0.3
Fault: [0,1,2,0,5,5], logL: -11.441572, Exp of LogL: 0.000011, Normalized LogL: -1.144157, Exp of Normalized LogL: 0.318492, Best Rate: 0.3
Fault: [0,1,2,0,1,5], logL: -11.441572, Exp of LogL: 0.000011, Normalized LogL: -1.144157, Exp of Normalized LogL: 0.318492, Best Rate: 0.3
Fault: [0,1,2,0,2,5], logL: -11.441572, Exp of LogL: 0.000011, Normalized LogL: -1.144157, Exp of Normalized LogL: 0.318492, Best Rate: 0.3
Fault: [0,1,2,0,0,5], logL: -11.441572, Exp of LogL: 0.000011, Normalized LogL: -1.144157, Exp of Normalized LogL: 0.318492, Best Rate: 0.3
Fault: [0,1,2,3,4,5], logL: -13.044077, Exp of LogL: 0.000002, Normalized LogL: -1.304408, Exp of Normalized LogL: 0.271333, Best Rate: 0.3
Fault: [0,1,2,1,4,5], logL: -14.221617, Exp of LogL: 0.000001, Normalized LogL: -1.422162, Exp of Normalized LogL: 0.241192, Best Rate: 0.3
Fault: [0,1,2,2,4,5], logL: -14.221617, Exp of LogL: 0.000001, Normalized LogL: -1.422162, Exp of Normalized LogL: 0.241192, Best Rate: 0.3
Fault: [0,1,2,5,4,5], logL: -14.295725, Exp of LogL: 0.000001, Normalized LogL: -1.429572, Exp of Normalized LogL: 0.239411, Best Rate: 0.3
Fault: [0,1,2,4,4,5], logL: -14.295725, Exp of LogL: 0.000001, Normalized LogL: -1.429572, Exp of Normalized LogL: 0.239411, Best Rate: 0.3

========= ADAPTIVE MC DEBUG =========
Total calls: 100
Avg tries: 184.50
Confidence stops: 100
Max stops: 0
Max stop rate: 0.000
Real Fault Rank 1
===== SEED 79 | FR=0.3 | VR=80 =====
executing with fault mode: [0,1,2,0,4,5]

Fault scores (higher is better):
Fault: [0,1,2,0,4,5], logL: -12.980273, Exp of LogL: 0.000002, Normalized LogL: -0.998483, Exp of Normalized LogL: 0.368438, Best Rate: 0.3
Fault: [0,1,2,0,5,5], logL: -13.274644, Exp of LogL: 0.000002, Normalized LogL: -1.021126, Exp of Normalized LogL: 0.360189, Best Rate: 0.3
Fault: [0,1,2,0,1,5], logL: -13.274644, Exp of LogL: 0.000002, Normalized LogL: -1.021126, Exp of Normalized LogL: 0.360189, Best Rate: 0.3
Fault: [0,1,2,0,2,5], logL: -13.274644, Exp of LogL: 0.000002, Normalized LogL: -1.021126, Exp of Normalized LogL: 0.360189, Best Rate: 0.3
Fault: [0,1,2,0,0,5], logL: -13.274644, Exp of LogL: 0.000002, Normalized LogL: -1.021126, Exp of Normalized LogL: 0.360189, Best Rate: 0.3
Fault: [0,1,2,3,4,5], logL: -15.166194, Exp of LogL: 0.000000, Normalized LogL: -1.166630, Exp of Normalized LogL: 0.311415, Best Rate: 0.3
Fault: [0,1,2,2,4,5], logL: -16.721028, Exp of LogL: 0.000000, Normalized LogL: -1.286233, Exp of Normalized LogL: 0.276310, Best Rate: 0.3
Fault: [0,1,2,1,4,5], logL: -17.010732, Exp of LogL: 0.000000, Normalized LogL: -1.308518, Exp of Normalized LogL: 0.270220, Best Rate: 0.3
Fault: [0,1,2,5,4,5], logL: -17.108794, Exp of LogL: 0.000000, Normalized LogL: -1.316061, Exp of Normalized LogL: 0.268190, Best Rate: 0.3
Fault: [0,1,2,4,4,5], logL: -17.108794, Exp of LogL: 0.000000, Normalized LogL: -1.316061, Exp of Normalized LogL: 0.268190, Best Rate: 0.3

========= ADAPTIVE MC DEBUG =========
Total calls: 130
Avg tries: 182.31
Confidence stops: 130
Max stops: 0
Max stop rate: 0.000
Real Fault Rank 1
===== SEED 79 | FR=0.3 | VR=100 =====
executing with fault mode: [0,1,2,0,4,5]

Fault scores (higher is better):
Fault: [0,1,2,0,4,5], logL: -13.644365, Exp of LogL: 0.000001, Normalized LogL: -0.802610, Exp of Normalized LogL: 0.448158, Best Rate: 0.3
Fault: [0,1,2,0,5,5], logL: -13.938736, Exp of LogL: 0.000001, Normalized LogL: -0.819926, Exp of Normalized LogL: 0.440464, Best Rate: 0.3
Fault: [0,1,2,0,1,5], logL: -13.938736, Exp of LogL: 0.000001, Normalized LogL: -0.819926, Exp of Normalized LogL: 0.440464, Best Rate: 0.3
Fault: [0,1,2,0,2,5], logL: -13.938736, Exp of LogL: 0.000001, Normalized LogL: -0.819926, Exp of Normalized LogL: 0.440464, Best Rate: 0.3
Fault: [0,1,2,0,0,5], logL: -13.938736, Exp of LogL: 0.000001, Normalized LogL: -0.819926, Exp of Normalized LogL: 0.440464, Best Rate: 0.3
Fault: [0,1,2,3,4,5], logL: -15.112006, Exp of LogL: 0.000000, Normalized LogL: -0.888942, Exp of Normalized LogL: 0.411091, Best Rate: 0.3
Fault: [0,1,2,2,4,5], logL: -16.656856, Exp of LogL: 0.000000, Normalized LogL: -0.979815, Exp of Normalized LogL: 0.375381, Best Rate: 0.3
Fault: [0,1,2,1,4,5], logL: -16.947353, Exp of LogL: 0.000000, Normalized LogL: -0.996903, Exp of Normalized LogL: 0.369020, Best Rate: 0.3
Fault: [0,1,2,5,4,5], logL: -17.044621, Exp of LogL: 0.000000, Normalized LogL: -1.002625, Exp of Normalized LogL: 0.366915, Best Rate: 0.3
Fault: [0,1,2,4,4,5], logL: -17.044621, Exp of LogL: 0.000000, Normalized LogL: -1.002625, Exp of Normalized LogL: 0.366915, Best Rate: 0.3

========= ADAPTIVE MC DEBUG =========
Total calls: 170
Avg tries: 185.00
Confidence stops: 170
Max stops: 0
Max stop rate: 0.000
Real Fault Rank 1
================= 22/08/2026 05:01:23: SEED 79 END =================
================= 22/08/2026 05:01:23: SEED 81 (78/100), a*=2 fault=[0,1,3,3,4,5] START =================
===== SEED 81 | FR=0.3 | VR=20 =====
executing with fault mode: [0,1,3,3,4,5]

executing with fault mode: [0,1,3,3,4,5]

Fault scores (higher is better):
Fault: [0,1,1,3,4,5], logL: -9.744246, Exp of LogL: 0.000059, Normalized LogL: -1.624041, Exp of Normalized LogL: 0.197101, Best Rate: 0.3
Fault: [0,1,4,3,4,5], logL: -9.772417, Exp of LogL: 0.000057, Normalized LogL: -1.628736, Exp of Normalized LogL: 0.196177, Best Rate: 0.3
Fault: [0,1,5,3,4,5], logL: -9.772417, Exp of LogL: 0.000057, Normalized LogL: -1.628736, Exp of Normalized LogL: 0.196177, Best Rate: 0.3
Fault: [0,1,3,3,0,5], logL: -9.926568, Exp of LogL: 0.000049, Normalized LogL: -1.654428, Exp of Normalized LogL: 0.191201, Best Rate: 0.3
Fault: [0,1,0,3,4,5], logL: -9.926568, Exp of LogL: 0.000049, Normalized LogL: -1.654428, Exp of Normalized LogL: 0.191201, Best Rate: 0.3
Fault: [0,1,3,3,5,5], logL: -9.960469, Exp of LogL: 0.000047, Normalized LogL: -1.660078, Exp of Normalized LogL: 0.190124, Best Rate: 0.3
Fault: [0,1,3,3,2,5], logL: -9.960469, Exp of LogL: 0.000047, Normalized LogL: -1.660078, Exp of Normalized LogL: 0.190124, Best Rate: 0.3
Fault: [0,1,2,3,4,5], logL: -10.031928, Exp of LogL: 0.000044, Normalized LogL: -1.671988, Exp of Normalized LogL: 0.187873, Best Rate: 0.3
Fault: [0,1,3,3,3,5], logL: -10.069669, Exp of LogL: 0.000042, Normalized LogL: -1.678278, Exp of Normalized LogL: 0.186695, Best Rate: 0.3
Fault: [0,1,3,3,4,5], logL: -10.069669, Exp of LogL: 0.000042, Normalized LogL: -1.678278, Exp of Normalized LogL: 0.186695, Best Rate: 0.3

========= ADAPTIVE MC DEBUG =========
Total calls: 60
Avg tries: 191.67
Confidence stops: 60
Max stops: 0
Max stop rate: 0.000
Real Fault Rank 10
===== SEED 81 | FR=0.3 | VR=40 =====
executing with fault mode: [0,1,3,3,4,5]

executing with fault mode: [0,1,3,3,4,5]

Fault scores (higher is better):
Fault: [0,1,1,3,4,5], logL: -16.876718, Exp of LogL: 0.000000, Normalized LogL: -1.534247, Exp of Normalized LogL: 0.215618, Best Rate: 0.3
Fault: [0,1,4,3,4,5], logL: -16.904888, Exp of LogL: 0.000000, Normalized LogL: -1.536808, Exp of Normalized LogL: 0.215066, Best Rate: 0.3
Fault: [0,1,5,3,4,5], logL: -16.904888, Exp of LogL: 0.000000, Normalized LogL: -1.536808, Exp of Normalized LogL: 0.215066, Best Rate: 0.3
Fault: [0,1,3,3,0,5], logL: -17.059039, Exp of LogL: 0.000000, Normalized LogL: -1.550822, Exp of Normalized LogL: 0.212074, Best Rate: 0.3
Fault: [0,1,0,3,4,5], logL: -17.059039, Exp of LogL: 0.000000, Normalized LogL: -1.550822, Exp of Normalized LogL: 0.212074, Best Rate: 0.3
Fault: [0,1,3,3,5,5], logL: -17.092941, Exp of LogL: 0.000000, Normalized LogL: -1.553904, Exp of Normalized LogL: 0.211421, Best Rate: 0.3
Fault: [0,1,3,3,2,5], logL: -17.092941, Exp of LogL: 0.000000, Normalized LogL: -1.553904, Exp of Normalized LogL: 0.211421, Best Rate: 0.3
Fault: [0,1,2,3,4,5], logL: -17.164400, Exp of LogL: 0.000000, Normalized LogL: -1.560400, Exp of Normalized LogL: 0.210052, Best Rate: 0.3
Fault: [0,1,3,3,3,5], logL: -17.202140, Exp of LogL: 0.000000, Normalized LogL: -1.563831, Exp of Normalized LogL: 0.209333, Best Rate: 0.3
Fault: [0,1,3,3,4,5], logL: -17.202140, Exp of LogL: 0.000000, Normalized LogL: -1.563831, Exp of Normalized LogL: 0.209333, Best Rate: 0.3

========= ADAPTIVE MC DEBUG =========
Total calls: 110
Avg tries: 168.18
Confidence stops: 110
Max stops: 0
Max stop rate: 0.000
Real Fault Rank 10
===== SEED 81 | FR=0.3 | VR=60 =====
executing with fault mode: [0,1,3,3,4,5]

executing with fault mode: [0,1,3,3,4,5]

Fault scores (higher is better):
Fault: [0,1,1,3,4,5], logL: -20.983486, Exp of LogL: 0.000000, Normalized LogL: -1.311468, Exp of Normalized LogL: 0.269424, Best Rate: 0.3
Fault: [0,1,4,3,4,5], logL: -21.018577, Exp of LogL: 0.000000, Normalized LogL: -1.313661, Exp of Normalized LogL: 0.268834, Best Rate: 0.3
Fault: [0,1,5,3,4,5], logL: -21.018577, Exp of LogL: 0.000000, Normalized LogL: -1.313661, Exp of Normalized LogL: 0.268834, Best Rate: 0.3
Fault: [0,1,3,3,5,5], logL: -21.131906, Exp of LogL: 0.000000, Normalized LogL: -1.320744, Exp of Normalized LogL: 0.266937, Best Rate: 0.3
Fault: [0,1,3,3,2,5], logL: -21.131906, Exp of LogL: 0.000000, Normalized LogL: -1.320744, Exp of Normalized LogL: 0.266937, Best Rate: 0.3
Fault: [0,1,3,3,4,5], logL: -21.131906, Exp of LogL: 0.000000, Normalized LogL: -1.320744, Exp of Normalized LogL: 0.266937, Best Rate: 0.3
Fault: [0,1,3,3,3,5], logL: -21.215288, Exp of LogL: 0.000000, Normalized LogL: -1.325955, Exp of Normalized LogL: 0.265549, Best Rate: 0.3
Fault: [0,1,3,3,0,5], logL: -21.215288, Exp of LogL: 0.000000, Normalized LogL: -1.325955, Exp of Normalized LogL: 0.265549, Best Rate: 0.3
Fault: [0,1,2,3,4,5], logL: -21.700016, Exp of LogL: 0.000000, Normalized LogL: -1.356251, Exp of Normalized LogL: 0.257625, Best Rate: 0.3
Fault: [0,1,0,3,4,5], logL: -22.103459, Exp of LogL: 0.000000, Normalized LogL: -1.381466, Exp of Normalized LogL: 0.251210, Best Rate: 0.3

========= ADAPTIVE MC DEBUG =========
Total calls: 160
Avg tries: 168.12
Confidence stops: 160
Max stops: 0
Max stop rate: 0.000
Real Fault Rank 6
===== SEED 81 | FR=0.3 | VR=80 =====
executing with fault mode: [0,1,3,3,4,5]

executing with fault mode: [0,1,3,3,4,5]

Fault scores (higher is better):
Fault: [0,1,3,3,4,5], logL: -24.191965, Exp of LogL: 0.000000, Normalized LogL: -1.151998, Exp of Normalized LogL: 0.316005, Best Rate: 0.3
Fault: [0,1,3,3,3,5], logL: -24.262234, Exp of LogL: 0.000000, Normalized LogL: -1.155344, Exp of Normalized LogL: 0.314949, Best Rate: 0.3
Fault: [0,1,2,3,4,5], logL: -24.291483, Exp of LogL: 0.000000, Normalized LogL: -1.156737, Exp of Normalized LogL: 0.314511, Best Rate: 0.3
Fault: [0,1,1,3,4,5], logL: -24.346116, Exp of LogL: 0.000000, Normalized LogL: -1.159339, Exp of Normalized LogL: 0.313694, Best Rate: 0.3
Fault: [0,1,3,3,0,5], logL: -24.380017, Exp of LogL: 0.000000, Normalized LogL: -1.160953, Exp of Normalized LogL: 0.313188, Best Rate: 0.3
Fault: [0,1,0,3,4,5], logL: -24.401378, Exp of LogL: 0.000000, Normalized LogL: -1.161970, Exp of Normalized LogL: 0.312869, Best Rate: 0.3
Fault: [0,1,3,3,5,5], logL: -24.513549, Exp of LogL: 0.000000, Normalized LogL: -1.167312, Exp of Normalized LogL: 0.311202, Best Rate: 0.3
Fault: [0,1,3,3,2,5], logL: -24.513549, Exp of LogL: 0.000000, Normalized LogL: -1.167312, Exp of Normalized LogL: 0.311202, Best Rate: 0.3
Fault: [0,1,4,3,4,5], logL: -24.528437, Exp of LogL: 0.000000, Normalized LogL: -1.168021, Exp of Normalized LogL: 0.310982, Best Rate: 0.3
Fault: [0,1,5,3,4,5], logL: -24.528437, Exp of LogL: 0.000000, Normalized LogL: -1.168021, Exp of Normalized LogL: 0.310982, Best Rate: 0.3

========= ADAPTIVE MC DEBUG =========
Total calls: 210
Avg tries: 169.52
Confidence stops: 210
Max stops: 0
Max stop rate: 0.000
Real Fault Rank 1
===== SEED 81 | FR=0.3 | VR=100 =====
executing with fault mode: [0,1,3,3,4,5]

executing with fault mode: [0,1,3,3,4,5]

Fault scores (higher is better):
Fault: [0,1,3,3,4,5], logL: -23.986162, Exp of LogL: 0.000000, Normalized LogL: -0.888376, Exp of Normalized LogL: 0.411323, Best Rate: 0.3
Fault: [0,1,1,3,4,5], logL: -24.237168, Exp of LogL: 0.000000, Normalized LogL: -0.897673, Exp of Normalized LogL: 0.407517, Best Rate: 0.3
Fault: [0,1,3,3,3,5], logL: -24.307745, Exp of LogL: 0.000000, Normalized LogL: -0.900287, Exp of Normalized LogL: 0.406453, Best Rate: 0.3
Fault: [0,1,3,3,0,5], logL: -24.307745, Exp of LogL: 0.000000, Normalized LogL: -0.900287, Exp of Normalized LogL: 0.406453, Best Rate: 0.3
Fault: [0,1,3,3,5,5], logL: -24.307745, Exp of LogL: 0.000000, Normalized LogL: -0.900287, Exp of Normalized LogL: 0.406453, Best Rate: 0.3
Fault: [0,1,3,3,2,5], logL: -24.307745, Exp of LogL: 0.000000, Normalized LogL: -0.900287, Exp of Normalized LogL: 0.406453, Best Rate: 0.3
Fault: [0,1,2,3,4,5], logL: -24.382626, Exp of LogL: 0.000000, Normalized LogL: -0.903060, Exp of Normalized LogL: 0.405327, Best Rate: 0.3
Fault: [0,1,4,3,4,5], logL: -24.409018, Exp of LogL: 0.000000, Normalized LogL: -0.904038, Exp of Normalized LogL: 0.404931, Best Rate: 0.3
Fault: [0,1,5,3,4,5], logL: -24.409018, Exp of LogL: 0.000000, Normalized LogL: -0.904038, Exp of Normalized LogL: 0.404931, Best Rate: 0.3
Fault: [0,1,0,3,4,5], logL: -24.644890, Exp of LogL: 0.000000, Normalized LogL: -0.912774, Exp of Normalized LogL: 0.401409, Best Rate: 0.3

========= ADAPTIVE MC DEBUG =========
Total calls: 270
Avg tries: 174.63
Confidence stops: 270
Max stops: 0
Max stop rate: 0.000
Real Fault Rank 1
================= 22/08/2026 05:01:47: SEED 81 END =================
================= 22/08/2026 05:01:47: SEED 82 (79/100), a*=3 fault=[0,1,2,2,4,5] START =================
===== SEED 82 | FR=0.3 | VR=20 =====
executing with fault mode: [0,1,2,2,4,5]

Fault scores (higher is better):
Fault: [0,1,2,5,4,5], logL: -10.816174, Exp of LogL: 0.000020, Normalized LogL: -1.802696, Exp of Normalized LogL: 0.164854, Best Rate: 0.3
Fault: [0,1,2,4,4,5], logL: -10.816174, Exp of LogL: 0.000020, Normalized LogL: -1.802696, Exp of Normalized LogL: 0.164854, Best Rate: 0.3
Fault: [0,1,2,2,3,5], logL: -11.235694, Exp of LogL: 0.000013, Normalized LogL: -1.872616, Exp of Normalized LogL: 0.153721, Best Rate: 0.3
Fault: [0,1,2,2,5,5], logL: -11.235694, Exp of LogL: 0.000013, Normalized LogL: -1.872616, Exp of Normalized LogL: 0.153721, Best Rate: 0.3
Fault: [0,1,2,2,1,5], logL: -11.235694, Exp of LogL: 0.000013, Normalized LogL: -1.872616, Exp of Normalized LogL: 0.153721, Best Rate: 0.3
Fault: [0,1,2,2,2,5], logL: -11.490586, Exp of LogL: 0.000010, Normalized LogL: -1.915098, Exp of Normalized LogL: 0.147327, Best Rate: 0.3
Fault: [0,1,2,0,4,5], logL: -11.550187, Exp of LogL: 0.000010, Normalized LogL: -1.925031, Exp of Normalized LogL: 0.145871, Best Rate: 0.3
Fault: [0,1,2,2,4,5], logL: -12.151985, Exp of LogL: 0.000005, Normalized LogL: -2.025331, Exp of Normalized LogL: 0.131950, Best Rate: 0.3
Fault: [0,1,2,3,4,5], logL: -12.427832, Exp of LogL: 0.000004, Normalized LogL: -2.071305, Exp of Normalized LogL: 0.126021, Best Rate: 0.3
Fault: [0,1,2,1,4,5], logL: -13.836599, Exp of LogL: 0.000001, Normalized LogL: -2.306100, Exp of Normalized LogL: 0.099649, Best Rate: 0.3

========= ADAPTIVE MC DEBUG =========
Total calls: 60
Avg tries: 175.00
Confidence stops: 60
Max stops: 0
Max stop rate: 0.000
Real Fault Rank 8
===== SEED 82 | FR=0.3 | VR=40 =====
executing with fault mode: [0,1,2,2,4,5]

Fault scores (higher is better):
Fault: [0,1,2,2,2,5], logL: -15.894380, Exp of LogL: 0.000000, Normalized LogL: -1.444944, Exp of Normalized LogL: 0.235759, Best Rate: 0.3
Fault: [0,1,2,2,3,5], logL: -15.927169, Exp of LogL: 0.000000, Normalized LogL: -1.447924, Exp of Normalized LogL: 0.235058, Best Rate: 0.3
Fault: [0,1,2,2,5,5], logL: -15.927169, Exp of LogL: 0.000000, Normalized LogL: -1.447924, Exp of Normalized LogL: 0.235058, Best Rate: 0.3
Fault: [0,1,2,2,1,5], logL: -15.927169, Exp of LogL: 0.000000, Normalized LogL: -1.447924, Exp of Normalized LogL: 0.235058, Best Rate: 0.3
Fault: [0,1,2,2,4,5], logL: -16.283844, Exp of LogL: 0.000000, Normalized LogL: -1.480349, Exp of Normalized LogL: 0.227558, Best Rate: 0.3
Fault: [0,1,2,0,4,5], logL: -16.405972, Exp of LogL: 0.000000, Normalized LogL: -1.491452, Exp of Normalized LogL: 0.225046, Best Rate: 0.3
Fault: [0,1,2,1,4,5], logL: -18.155289, Exp of LogL: 0.000000, Normalized LogL: -1.650481, Exp of Normalized LogL: 0.191958, Best Rate: 0.3
Fault: [0,1,2,5,4,5], logL: -40.563039, Exp of LogL: 0.000000, Normalized LogL: -3.687549, Exp of Normalized LogL: 0.025033, Best Rate: 0.3
Fault: [0,1,2,4,4,5], logL: -40.563039, Exp of LogL: 0.000000, Normalized LogL: -3.687549, Exp of Normalized LogL: 0.025033, Best Rate: 0.3
Fault: [0,1,2,3,4,5], logL: -41.310168, Exp of LogL: 0.000000, Normalized LogL: -3.755470, Exp of Normalized LogL: 0.023389, Best Rate: 0.3

========= ADAPTIVE MC DEBUG =========
Total calls: 110
Avg tries: 177.27
Confidence stops: 110
Max stops: 0
Max stop rate: 0.000
Real Fault Rank 5
===== SEED 82 | FR=0.3 | VR=60 =====
executing with fault mode: [0,1,2,2,4,5]

Fault scores (higher is better):
Fault: [0,1,2,0,4,5], logL: -17.981794, Exp of LogL: 0.000000, Normalized LogL: -1.123862, Exp of Normalized LogL: 0.325022, Best Rate: 0.3
Fault: [0,1,2,2,2,5], logL: -18.948545, Exp of LogL: 0.000000, Normalized LogL: -1.184284, Exp of Normalized LogL: 0.305965, Best Rate: 0.3
Fault: [0,1,2,2,3,5], logL: -18.981335, Exp of LogL: 0.000000, Normalized LogL: -1.186333, Exp of Normalized LogL: 0.305339, Best Rate: 0.3
Fault: [0,1,2,2,5,5], logL: -18.981335, Exp of LogL: 0.000000, Normalized LogL: -1.186333, Exp of Normalized LogL: 0.305339, Best Rate: 0.3
Fault: [0,1,2,2,1,5], logL: -18.981335, Exp of LogL: 0.000000, Normalized LogL: -1.186333, Exp of Normalized LogL: 0.305339, Best Rate: 0.3
Fault: [0,1,2,2,4,5], logL: -19.338010, Exp of LogL: 0.000000, Normalized LogL: -1.208626, Exp of Normalized LogL: 0.298607, Best Rate: 0.3
Fault: [0,1,2,1,4,5], logL: -21.905940, Exp of LogL: 0.000000, Normalized LogL: -1.369121, Exp of Normalized LogL: 0.254330, Best Rate: 0.3
Fault: [0,1,2,3,4,5], logL: -44.998384, Exp of LogL: 0.000000, Normalized LogL: -2.812399, Exp of Normalized LogL: 0.060061, Best Rate: 0.3
Fault: [0,1,2,5,4,5], logL: -45.261650, Exp of LogL: 0.000000, Normalized LogL: -2.828853, Exp of Normalized LogL: 0.059081, Best Rate: 0.3
Fault: [0,1,2,4,4,5], logL: -45.261650, Exp of LogL: 0.000000, Normalized LogL: -2.828853, Exp of Normalized LogL: 0.059081, Best Rate: 0.3

========= ADAPTIVE MC DEBUG =========
Total calls: 160
Avg tries: 175.94
Confidence stops: 160
Max stops: 0
Max stop rate: 0.000
Real Fault Rank 6
===== SEED 82 | FR=0.3 | VR=80 =====
executing with fault mode: [0,1,2,2,4,5]

Fault scores (higher is better):
Fault: [0,1,2,0,4,5], logL: -19.086406, Exp of LogL: 0.000000, Normalized LogL: -0.908876, Exp of Normalized LogL: 0.402977, Best Rate: 0.3
Fault: [0,1,2,2,2,5], logL: -20.397997, Exp of LogL: 0.000000, Normalized LogL: -0.971333, Exp of Normalized LogL: 0.378578, Best Rate: 0.3
Fault: [0,1,2,2,3,5], logL: -20.430787, Exp of LogL: 0.000000, Normalized LogL: -0.972895, Exp of Normalized LogL: 0.377987, Best Rate: 0.3
Fault: [0,1,2,2,5,5], logL: -20.430787, Exp of LogL: 0.000000, Normalized LogL: -0.972895, Exp of Normalized LogL: 0.377987, Best Rate: 0.3
Fault: [0,1,2,2,1,5], logL: -20.430787, Exp of LogL: 0.000000, Normalized LogL: -0.972895, Exp of Normalized LogL: 0.377987, Best Rate: 0.3
Fault: [0,1,2,2,4,5], logL: -20.787462, Exp of LogL: 0.000000, Normalized LogL: -0.989879, Exp of Normalized LogL: 0.371622, Best Rate: 0.3
Fault: [0,1,2,1,4,5], logL: -23.558909, Exp of LogL: 0.000000, Normalized LogL: -1.121853, Exp of Normalized LogL: 0.325676, Best Rate: 0.3
Fault: [0,1,2,3,4,5], logL: -46.265151, Exp of LogL: 0.000000, Normalized LogL: -2.203102, Exp of Normalized LogL: 0.110460, Best Rate: 0.3
Fault: [0,1,2,5,4,5], logL: -47.146420, Exp of LogL: 0.000000, Normalized LogL: -2.245068, Exp of Normalized LogL: 0.105920, Best Rate: 0.3
Fault: [0,1,2,4,4,5], logL: -47.146420, Exp of LogL: 0.000000, Normalized LogL: -2.245068, Exp of Normalized LogL: 0.105920, Best Rate: 0.3

========= ADAPTIVE MC DEBUG =========
Total calls: 210
Avg tries: 181.43
Confidence stops: 210
Max stops: 0
Max stop rate: 0.000
Real Fault Rank 6
===== SEED 82 | FR=0.3 | VR=100 =====
executing with fault mode: [0,1,2,2,4,5]

Fault scores (higher is better):
Fault: [0,1,2,0,4,5], logL: -19.747102, Exp of LogL: 0.000000, Normalized LogL: -0.731374, Exp of Normalized LogL: 0.481247, Best Rate: 0.3
Fault: [0,1,2,2,4,5], logL: -22.288196, Exp of LogL: 0.000000, Normalized LogL: -0.825489, Exp of Normalized LogL: 0.438021, Best Rate: 0.3
Fault: [0,1,2,2,3,5], logL: -22.602907, Exp of LogL: 0.000000, Normalized LogL: -0.837145, Exp of Normalized LogL: 0.432945, Best Rate: 0.3
Fault: [0,1,2,2,5,5], logL: -22.602907, Exp of LogL: 0.000000, Normalized LogL: -0.837145, Exp of Normalized LogL: 0.432945, Best Rate: 0.3
Fault: [0,1,2,2,2,5], logL: -22.602907, Exp of LogL: 0.000000, Normalized LogL: -0.837145, Exp of Normalized LogL: 0.432945, Best Rate: 0.3
Fault: [0,1,2,2,1,5], logL: -22.602907, Exp of LogL: 0.000000, Normalized LogL: -0.837145, Exp of Normalized LogL: 0.432945, Best Rate: 0.3
Fault: [0,1,2,1,4,5], logL: -24.783603, Exp of LogL: 0.000000, Normalized LogL: -0.917911, Exp of Normalized LogL: 0.399352, Best Rate: 0.3
Fault: [0,1,2,3,4,5], logL: -47.385134, Exp of LogL: 0.000000, Normalized LogL: -1.755005, Exp of Normalized LogL: 0.172906, Best Rate: 0.3
Fault: [0,1,2,5,4,5], logL: -49.472646, Exp of LogL: 0.000000, Normalized LogL: -1.832320, Exp of Normalized LogL: 0.160042, Best Rate: 0.3
Fault: [0,1,2,4,4,5], logL: -49.472646, Exp of LogL: 0.000000, Normalized LogL: -1.832320, Exp of Normalized LogL: 0.160042, Best Rate: 0.3

========= ADAPTIVE MC DEBUG =========
Total calls: 270
Avg tries: 179.07
Confidence stops: 270
Max stops: 0
Max stop rate: 0.000
Real Fault Rank 2
================= 22/08/2026 05:02:12: SEED 82 END =================
================= 22/08/2026 05:02:12: SEED 83 (80/100), a*=0 fault=[2,1,2,3,4,5] START =================
===== SEED 83 | FR=0.3 | VR=20 =====
executing with fault mode: [2,1,2,3,4,5]

Fault scores (higher is better):
Fault: [2,1,2,3,4,5], logL: -11.048236, Exp of LogL: 0.000016, Normalized LogL: -1.841373, Exp of Normalized LogL: 0.158600, Best Rate: 0.3
Fault: [4,1,2,3,4,5], logL: -11.295740, Exp of LogL: 0.000012, Normalized LogL: -1.882623, Exp of Normalized LogL: 0.152190, Best Rate: 0.3
Fault: [5,1,2,3,4,5], logL: -11.295740, Exp of LogL: 0.000012, Normalized LogL: -1.882623, Exp of Normalized LogL: 0.152190, Best Rate: 0.3
Fault: [3,1,2,3,4,5], logL: -11.303697, Exp of LogL: 0.000012, Normalized LogL: -1.883949, Exp of Normalized LogL: 0.151989, Best Rate: 0.3
Fault: [2,1,1,3,4,5], logL: -11.335918, Exp of LogL: 0.000012, Normalized LogL: -1.889320, Exp of Normalized LogL: 0.151175, Best Rate: 0.3
Fault: [2,1,5,3,4,5], logL: -11.422929, Exp of LogL: 0.000011, Normalized LogL: -1.903822, Exp of Normalized LogL: 0.148998, Best Rate: 0.3
Fault: [2,1,0,3,4,5], logL: -11.518240, Exp of LogL: 0.000010, Normalized LogL: -1.919707, Exp of Normalized LogL: 0.146650, Best Rate: 0.3
Fault: [2,1,3,3,4,5], logL: -11.680758, Exp of LogL: 0.000008, Normalized LogL: -1.946793, Exp of Normalized LogL: 0.142731, Best Rate: 0.3
Fault: [1,1,2,3,4,5], logL: -11.694236, Exp of LogL: 0.000008, Normalized LogL: -1.949039, Exp of Normalized LogL: 0.142411, Best Rate: 0.3
Fault: [0,1,2,3,4,5], logL: -12.124482, Exp of LogL: 0.000005, Normalized LogL: -2.020747, Exp of Normalized LogL: 0.132556, Best Rate: 0.3

========= ADAPTIVE MC DEBUG =========
Total calls: 60
Avg tries: 180.00
Confidence stops: 60
Max stops: 0
Max stop rate: 0.000
Real Fault Rank 1
===== SEED 83 | FR=0.3 | VR=40 =====
executing with fault mode: [2,1,2,3,4,5]

Fault scores (higher is better):
Fault: [2,1,2,3,4,5], logL: -17.462614, Exp of LogL: 0.000000, Normalized LogL: -1.587510, Exp of Normalized LogL: 0.204434, Best Rate: 0.3
Fault: [2,1,0,3,4,5], logL: -17.764818, Exp of LogL: 0.000000, Normalized LogL: -1.614983, Exp of Normalized LogL: 0.198894, Best Rate: 0.3
Fault: [2,1,5,3,4,5], logL: -17.786687, Exp of LogL: 0.000000, Normalized LogL: -1.616972, Exp of Normalized LogL: 0.198499, Best Rate: 0.3
Fault: [2,1,1,3,4,5], logL: -17.788138, Exp of LogL: 0.000000, Normalized LogL: -1.617103, Exp of Normalized LogL: 0.198473, Best Rate: 0.3
Fault: [2,1,3,3,4,5], logL: -17.888469, Exp of LogL: 0.000000, Normalized LogL: -1.626224, Exp of Normalized LogL: 0.196671, Best Rate: 0.3
Fault: [4,1,2,3,4,5], logL: -18.141499, Exp of LogL: 0.000000, Normalized LogL: -1.649227, Exp of Normalized LogL: 0.192198, Best Rate: 0.3
Fault: [5,1,2,3,4,5], logL: -18.141499, Exp of LogL: 0.000000, Normalized LogL: -1.649227, Exp of Normalized LogL: 0.192198, Best Rate: 0.3
Fault: [0,1,2,3,4,5], logL: -18.985309, Exp of LogL: 0.000000, Normalized LogL: -1.725937, Exp of Normalized LogL: 0.178006, Best Rate: 0.3
Fault: [3,1,2,3,4,5], logL: -19.657932, Exp of LogL: 0.000000, Normalized LogL: -1.787085, Exp of Normalized LogL: 0.167448, Best Rate: 0.3
Fault: [1,1,2,3,4,5], logL: -20.299645, Exp of LogL: 0.000000, Normalized LogL: -1.845422, Exp of Normalized LogL: 0.157959, Best Rate: 0.3

========= ADAPTIVE MC DEBUG =========
Total calls: 110
Avg tries: 175.91
Confidence stops: 110
Max stops: 0
Max stop rate: 0.000
Real Fault Rank 1
===== SEED 83 | FR=0.3 | VR=60 =====
executing with fault mode: [2,1,2,3,4,5]

Fault scores (higher is better):
Fault: [2,1,2,3,4,5], logL: -17.846848, Exp of LogL: 0.000000, Normalized LogL: -1.115428, Exp of Normalized LogL: 0.327775, Best Rate: 0.3
Fault: [2,1,0,3,4,5], logL: -18.149051, Exp of LogL: 0.000000, Normalized LogL: -1.134316, Exp of Normalized LogL: 0.321642, Best Rate: 0.3
Fault: [2,1,5,3,4,5], logL: -18.170920, Exp of LogL: 0.000000, Normalized LogL: -1.135682, Exp of Normalized LogL: 0.321203, Best Rate: 0.3
Fault: [2,1,1,3,4,5], logL: -18.172371, Exp of LogL: 0.000000, Normalized LogL: -1.135773, Exp of Normalized LogL: 0.321174, Best Rate: 0.3
Fault: [2,1,3,3,4,5], logL: -18.272703, Exp of LogL: 0.000000, Normalized LogL: -1.142044, Exp of Normalized LogL: 0.319166, Best Rate: 0.3
Fault: [4,1,2,3,4,5], logL: -18.610289, Exp of LogL: 0.000000, Normalized LogL: -1.163143, Exp of Normalized LogL: 0.312502, Best Rate: 0.3
Fault: [5,1,2,3,4,5], logL: -18.610289, Exp of LogL: 0.000000, Normalized LogL: -1.163143, Exp of Normalized LogL: 0.312502, Best Rate: 0.3
Fault: [0,1,2,3,4,5], logL: -19.669441, Exp of LogL: 0.000000, Normalized LogL: -1.229340, Exp of Normalized LogL: 0.292486, Best Rate: 0.3
Fault: [3,1,2,3,4,5], logL: -20.126722, Exp of LogL: 0.000000, Normalized LogL: -1.257920, Exp of Normalized LogL: 0.284245, Best Rate: 0.3
Fault: [1,1,2,3,4,5], logL: -20.768436, Exp of LogL: 0.000000, Normalized LogL: -1.298027, Exp of Normalized LogL: 0.273070, Best Rate: 0.3

========= ADAPTIVE MC DEBUG =========
Total calls: 160
Avg tries: 177.19
Confidence stops: 160
Max stops: 0
Max stop rate: 0.000
Real Fault Rank 1
===== SEED 83 | FR=0.3 | VR=80 =====
executing with fault mode: [2,1,2,3,4,5]

Fault scores (higher is better):
Fault: [2,1,2,3,4,5], logL: -21.606371, Exp of LogL: 0.000000, Normalized LogL: -1.028875, Exp of Normalized LogL: 0.357409, Best Rate: 0.3
Fault: [2,1,0,3,4,5], logL: -21.752325, Exp of LogL: 0.000000, Normalized LogL: -1.035825, Exp of Normalized LogL: 0.354933, Best Rate: 0.3
Fault: [2,1,1,3,4,5], logL: -21.766714, Exp of LogL: 0.000000, Normalized LogL: -1.036510, Exp of Normalized LogL: 0.354690, Best Rate: 0.3
Fault: [2,1,5,3,4,5], logL: -21.841937, Exp of LogL: 0.000000, Normalized LogL: -1.040092, Exp of Normalized LogL: 0.353422, Best Rate: 0.3
Fault: [2,1,3,3,4,5], logL: -21.841937, Exp of LogL: 0.000000, Normalized LogL: -1.040092, Exp of Normalized LogL: 0.353422, Best Rate: 0.3
Fault: [4,1,2,3,4,5], logL: -22.576310, Exp of LogL: 0.000000, Normalized LogL: -1.075062, Exp of Normalized LogL: 0.341276, Best Rate: 0.3
Fault: [5,1,2,3,4,5], logL: -22.576310, Exp of LogL: 0.000000, Normalized LogL: -1.075062, Exp of Normalized LogL: 0.341276, Best Rate: 0.3
Fault: [0,1,2,3,4,5], logL: -24.627728, Exp of LogL: 0.000000, Normalized LogL: -1.172749, Exp of Normalized LogL: 0.309515, Best Rate: 0.3
Fault: [1,1,2,3,4,5], logL: -25.917386, Exp of LogL: 0.000000, Normalized LogL: -1.234161, Exp of Normalized LogL: 0.291079, Best Rate: 0.3
Fault: [3,1,2,3,4,5], logL: -26.218281, Exp of LogL: 0.000000, Normalized LogL: -1.248490, Exp of Normalized LogL: 0.286938, Best Rate: 0.3

========= ADAPTIVE MC DEBUG =========
Total calls: 210
Avg tries: 177.62
Confidence stops: 210
Max stops: 0
Max stop rate: 0.000
Real Fault Rank 1
===== SEED 83 | FR=0.3 | VR=100 =====
executing with fault mode: [2,1,2,3,4,5]

Fault scores (higher is better):
Fault: [2,1,2,3,4,5], logL: -21.767913, Exp of LogL: 0.000000, Normalized LogL: -0.837227, Exp of Normalized LogL: 0.432909, Best Rate: 0.3
Fault: [2,1,0,3,4,5], logL: -21.882106, Exp of LogL: 0.000000, Normalized LogL: -0.841619, Exp of Normalized LogL: 0.431012, Best Rate: 0.3
Fault: [2,1,1,3,4,5], logL: -21.957455, Exp of LogL: 0.000000, Normalized LogL: -0.844518, Exp of Normalized LogL: 0.429765, Best Rate: 0.3
Fault: [2,1,5,3,4,5], logL: -22.011039, Exp of LogL: 0.000000, Normalized LogL: -0.846578, Exp of Normalized LogL: 0.428880, Best Rate: 0.3
Fault: [2,1,3,3,4,5], logL: -22.011039, Exp of LogL: 0.000000, Normalized LogL: -0.846578, Exp of Normalized LogL: 0.428880, Best Rate: 0.3
Fault: [4,1,2,3,4,5], logL: -23.120170, Exp of LogL: 0.000000, Normalized LogL: -0.889237, Exp of Normalized LogL: 0.410969, Best Rate: 0.3
Fault: [5,1,2,3,4,5], logL: -23.120170, Exp of LogL: 0.000000, Normalized LogL: -0.889237, Exp of Normalized LogL: 0.410969, Best Rate: 0.3
Fault: [0,1,2,3,4,5], logL: -25.095692, Exp of LogL: 0.000000, Normalized LogL: -0.965219, Exp of Normalized LogL: 0.380900, Best Rate: 0.3
Fault: [1,1,2,3,4,5], logL: -26.753314, Exp of LogL: 0.000000, Normalized LogL: -1.028974, Exp of Normalized LogL: 0.357374, Best Rate: 0.3
Fault: [3,1,2,3,4,5], logL: -27.715777, Exp of LogL: 0.000000, Normalized LogL: -1.065991, Exp of Normalized LogL: 0.344386, Best Rate: 0.3

========= ADAPTIVE MC DEBUG =========
Total calls: 260
Avg tries: 179.62
Confidence stops: 260
Max stops: 0
Max stop rate: 0.000
Real Fault Rank 1
================= 22/08/2026 05:02:37: SEED 83 END =================
================= 22/08/2026 05:02:37: SEED 84 (81/100), a*=3 fault=[0,1,2,4,4,5] START =================
===== SEED 84 | FR=0.3 | VR=20 =====
executing with fault mode: [0,1,2,4,4,5]

Fault scores (higher is better):
Fault: [0,1,2,2,4,5], logL: -13.742425, Exp of LogL: 0.000001, Normalized LogL: -2.290404, Exp of Normalized LogL: 0.101226, Best Rate: 0.3
Fault: [0,1,2,4,3,5], logL: -13.830836, Exp of LogL: 0.000001, Normalized LogL: -2.305139, Exp of Normalized LogL: 0.099745, Best Rate: 0.3
Fault: [0,1,2,4,2,5], logL: -13.830836, Exp of LogL: 0.000001, Normalized LogL: -2.305139, Exp of Normalized LogL: 0.099745, Best Rate: 0.3
Fault: [0,1,2,4,0,5], logL: -13.830836, Exp of LogL: 0.000001, Normalized LogL: -2.305139, Exp of Normalized LogL: 0.099745, Best Rate: 0.3
Fault: [0,1,2,4,1,5], logL: -13.920448, Exp of LogL: 0.000001, Normalized LogL: -2.320075, Exp of Normalized LogL: 0.098266, Best Rate: 0.3
Fault: [0,1,2,5,4,5], logL: -14.128088, Exp of LogL: 0.000001, Normalized LogL: -2.354681, Exp of Normalized LogL: 0.094924, Best Rate: 0.3
Fault: [0,1,2,4,4,5], logL: -14.128088, Exp of LogL: 0.000001, Normalized LogL: -2.354681, Exp of Normalized LogL: 0.094924, Best Rate: 0.3
Fault: [0,1,2,1,4,5], logL: -14.293946, Exp of LogL: 0.000001, Normalized LogL: -2.382324, Exp of Normalized LogL: 0.092336, Best Rate: 0.3
Fault: [0,1,2,3,4,5], logL: -36.222381, Exp of LogL: 0.000000, Normalized LogL: -6.037063, Exp of Normalized LogL: 0.002389, Best Rate: 0.3
Fault: [0,1,2,0,4,5], logL: -36.439351, Exp of LogL: 0.000000, Normalized LogL: -6.073225, Exp of Normalized LogL: 0.002304, Best Rate: 0.3

========= ADAPTIVE MC DEBUG =========
Total calls: 60
Avg tries: 175.00
Confidence stops: 60
Max stops: 0
Max stop rate: 0.000
Real Fault Rank 7
===== SEED 84 | FR=0.3 | VR=40 =====
executing with fault mode: [0,1,2,4,4,5]

Fault scores (higher is better):
Fault: [0,1,2,2,4,5], logL: -16.858206, Exp of LogL: 0.000000, Normalized LogL: -1.532564, Exp of Normalized LogL: 0.215981, Best Rate: 0.3
Fault: [0,1,2,5,4,5], logL: -17.243868, Exp of LogL: 0.000000, Normalized LogL: -1.567624, Exp of Normalized LogL: 0.208540, Best Rate: 0.3
Fault: [0,1,2,4,4,5], logL: -17.243868, Exp of LogL: 0.000000, Normalized LogL: -1.567624, Exp of Normalized LogL: 0.208540, Best Rate: 0.3
Fault: [0,1,2,4,3,5], logL: -17.272856, Exp of LogL: 0.000000, Normalized LogL: -1.570260, Exp of Normalized LogL: 0.207991, Best Rate: 0.3
Fault: [0,1,2,4,2,5], logL: -17.272856, Exp of LogL: 0.000000, Normalized LogL: -1.570260, Exp of Normalized LogL: 0.207991, Best Rate: 0.3
Fault: [0,1,2,4,0,5], logL: -17.272856, Exp of LogL: 0.000000, Normalized LogL: -1.570260, Exp of Normalized LogL: 0.207991, Best Rate: 0.3
Fault: [0,1,2,1,4,5], logL: -17.367425, Exp of LogL: 0.000000, Normalized LogL: -1.578857, Exp of Normalized LogL: 0.206211, Best Rate: 0.3
Fault: [0,1,2,4,1,5], logL: -17.449312, Exp of LogL: 0.000000, Normalized LogL: -1.586301, Exp of Normalized LogL: 0.204681, Best Rate: 0.3
Fault: [0,1,2,3,4,5], logL: -39.192161, Exp of LogL: 0.000000, Normalized LogL: -3.562924, Exp of Normalized LogL: 0.028356, Best Rate: 0.3
Fault: [0,1,2,0,4,5], logL: -39.475089, Exp of LogL: 0.000000, Normalized LogL: -3.588644, Exp of Normalized LogL: 0.027636, Best Rate: 0.3

========= ADAPTIVE MC DEBUG =========
Total calls: 110
Avg tries: 186.36
Confidence stops: 110
Max stops: 0
Max stop rate: 0.000
Real Fault Rank 3
===== SEED 84 | FR=0.3 | VR=60 =====
executing with fault mode: [0,1,2,4,4,5]

Fault scores (higher is better):
Fault: [0,1,2,5,4,5], logL: -22.450988, Exp of LogL: 0.000000, Normalized LogL: -1.320646, Exp of Normalized LogL: 0.266963, Best Rate: 0.3
Fault: [0,1,2,4,4,5], logL: -22.450988, Exp of LogL: 0.000000, Normalized LogL: -1.320646, Exp of Normalized LogL: 0.266963, Best Rate: 0.3
Fault: [0,1,2,4,1,5], logL: -22.813893, Exp of LogL: 0.000000, Normalized LogL: -1.341994, Exp of Normalized LogL: 0.261324, Best Rate: 0.3
Fault: [0,1,2,4,3,5], logL: -22.813893, Exp of LogL: 0.000000, Normalized LogL: -1.341994, Exp of Normalized LogL: 0.261324, Best Rate: 0.3
Fault: [0,1,2,4,2,5], logL: -22.813893, Exp of LogL: 0.000000, Normalized LogL: -1.341994, Exp of Normalized LogL: 0.261324, Best Rate: 0.3
Fault: [0,1,2,4,0,5], logL: -22.813893, Exp of LogL: 0.000000, Normalized LogL: -1.341994, Exp of Normalized LogL: 0.261324, Best Rate: 0.3
Fault: [0,1,2,2,4,5], logL: -76.540353, Exp of LogL: 0.000000, Normalized LogL: -4.502374, Exp of Normalized LogL: 0.011083, Best Rate: 0.3
Fault: [0,1,2,1,4,5], logL: -77.458160, Exp of LogL: 0.000000, Normalized LogL: -4.556362, Exp of Normalized LogL: 0.010500, Best Rate: 0.3
Fault: [0,1,2,0,4,5], logL: -78.315654, Exp of LogL: 0.000000, Normalized LogL: -4.606803, Exp of Normalized LogL: 0.009984, Best Rate: 0.3
Fault: [0,1,2,3,4,5], logL: -101.560067, Exp of LogL: 0.000000, Normalized LogL: -5.974122, Exp of Normalized LogL: 0.002544, Best Rate: 0.3

========= ADAPTIVE MC DEBUG =========
Total calls: 170
Avg tries: 178.53
Confidence stops: 170
Max stops: 0
Max stop rate: 0.000
Real Fault Rank 2
===== SEED 84 | FR=0.3 | VR=80 =====
executing with fault mode: [0,1,2,4,4,5]

Fault scores (higher is better):
Fault: [0,1,2,5,4,5], logL: -26.672801, Exp of LogL: 0.000000, Normalized LogL: -1.212400, Exp of Normalized LogL: 0.297482, Best Rate: 0.3
Fault: [0,1,2,4,4,5], logL: -26.672801, Exp of LogL: 0.000000, Normalized LogL: -1.212400, Exp of Normalized LogL: 0.297482, Best Rate: 0.3
Fault: [0,1,2,4,1,5], logL: -27.010672, Exp of LogL: 0.000000, Normalized LogL: -1.227758, Exp of Normalized LogL: 0.292949, Best Rate: 0.3
Fault: [0,1,2,4,3,5], logL: -27.010672, Exp of LogL: 0.000000, Normalized LogL: -1.227758, Exp of Normalized LogL: 0.292949, Best Rate: 0.3
Fault: [0,1,2,4,2,5], logL: -27.010672, Exp of LogL: 0.000000, Normalized LogL: -1.227758, Exp of Normalized LogL: 0.292949, Best Rate: 0.3
Fault: [0,1,2,4,0,5], logL: -27.010672, Exp of LogL: 0.000000, Normalized LogL: -1.227758, Exp of Normalized LogL: 0.292949, Best Rate: 0.3
Fault: [0,1,2,2,4,5], logL: -105.090686, Exp of LogL: 0.000000, Normalized LogL: -4.776849, Exp of Normalized LogL: 0.008422, Best Rate: 0.3
Fault: [0,1,2,1,4,5], logL: -105.945176, Exp of LogL: 0.000000, Normalized LogL: -4.815690, Exp of Normalized LogL: 0.008102, Best Rate: 0.3
Fault: [0,1,2,0,4,5], logL: -107.039556, Exp of LogL: 0.000000, Normalized LogL: -4.865434, Exp of Normalized LogL: 0.007708, Best Rate: 0.3
Fault: [0,1,2,3,4,5], logL: -129.831798, Exp of LogL: 0.000000, Normalized LogL: -5.901445, Exp of Normalized LogL: 0.002735, Best Rate: 0.3

========= ADAPTIVE MC DEBUG =========
Total calls: 220
Avg tries: 175.91
Confidence stops: 220
Max stops: 0
Max stop rate: 0.000
Real Fault Rank 2
===== SEED 84 | FR=0.3 | VR=100 =====
executing with fault mode: [0,1,2,4,4,5]

Fault scores (higher is better):
Fault: [0,1,2,5,4,5], logL: -27.416517, Exp of LogL: 0.000000, Normalized LogL: -0.979161, Exp of Normalized LogL: 0.375626, Best Rate: 0.3
Fault: [0,1,2,4,4,5], logL: -27.416517, Exp of LogL: 0.000000, Normalized LogL: -0.979161, Exp of Normalized LogL: 0.375626, Best Rate: 0.3
Fault: [0,1,2,4,1,5], logL: -27.731228, Exp of LogL: 0.000000, Normalized LogL: -0.990401, Exp of Normalized LogL: 0.371428, Best Rate: 0.3
Fault: [0,1,2,4,3,5], logL: -27.731228, Exp of LogL: 0.000000, Normalized LogL: -0.990401, Exp of Normalized LogL: 0.371428, Best Rate: 0.3
Fault: [0,1,2,4,2,5], logL: -27.731228, Exp of LogL: 0.000000, Normalized LogL: -0.990401, Exp of Normalized LogL: 0.371428, Best Rate: 0.3
Fault: [0,1,2,4,0,5], logL: -27.731228, Exp of LogL: 0.000000, Normalized LogL: -0.990401, Exp of Normalized LogL: 0.371428, Best Rate: 0.3
Fault: [0,1,2,2,4,5], logL: -158.958482, Exp of LogL: 0.000000, Normalized LogL: -5.677089, Exp of Normalized LogL: 0.003424, Best Rate: 0.3
Fault: [0,1,2,1,4,5], logL: -159.961866, Exp of LogL: 0.000000, Normalized LogL: -5.712924, Exp of Normalized LogL: 0.003303, Best Rate: 0.3
Fault: [0,1,2,0,4,5], logL: -160.985565, Exp of LogL: 0.000000, Normalized LogL: -5.749484, Exp of Normalized LogL: 0.003184, Best Rate: 0.3
Fault: [0,1,2,3,4,5], logL: -183.714325, Exp of LogL: 0.000000, Normalized LogL: -6.561226, Exp of Normalized LogL: 0.001414, Best Rate: 0.3

========= ADAPTIVE MC DEBUG =========
Total calls: 280
Avg tries: 180.18
Confidence stops: 280
Max stops: 0
Max stop rate: 0.000
Real Fault Rank 2
================= 22/08/2026 05:03:03: SEED 84 END =================
================= 22/08/2026 05:03:03: SEED 85 (82/100), a*=3 fault=[0,1,2,5,4,5] START =================
===== SEED 85 | FR=0.3 | VR=20 =====
executing with fault mode: [0,1,2,5,4,5]

Fault scores (higher is better):
Fault: [0,1,2,5,0,5], logL: -9.771810, Exp of LogL: 0.000057, Normalized LogL: -1.954362, Exp of Normalized LogL: 0.141655, Best Rate: 0.3
Fault: [0,1,2,5,5,5], logL: -9.771810, Exp of LogL: 0.000057, Normalized LogL: -1.954362, Exp of Normalized LogL: 0.141655, Best Rate: 0.3
Fault: [0,1,2,5,1,5], logL: -9.818330, Exp of LogL: 0.000054, Normalized LogL: -1.963666, Exp of Normalized LogL: 0.140343, Best Rate: 0.3
Fault: [0,1,2,5,2,5], logL: -9.818330, Exp of LogL: 0.000054, Normalized LogL: -1.963666, Exp of Normalized LogL: 0.140343, Best Rate: 0.3
Fault: [0,1,2,5,4,5], logL: -9.972480, Exp of LogL: 0.000047, Normalized LogL: -1.994496, Exp of Normalized LogL: 0.136082, Best Rate: 0.3
Fault: [0,1,2,4,4,5], logL: -9.972480, Exp of LogL: 0.000047, Normalized LogL: -1.994496, Exp of Normalized LogL: 0.136082, Best Rate: 0.3
Fault: [0,1,2,0,4,5], logL: -11.206544, Exp of LogL: 0.000014, Normalized LogL: -2.241309, Exp of Normalized LogL: 0.106319, Best Rate: 0.3
Fault: [0,1,2,2,4,5], logL: -11.237316, Exp of LogL: 0.000013, Normalized LogL: -2.247463, Exp of Normalized LogL: 0.105667, Best Rate: 0.3
Fault: [0,1,2,1,4,5], logL: -11.296739, Exp of LogL: 0.000012, Normalized LogL: -2.259348, Exp of Normalized LogL: 0.104419, Best Rate: 0.3
Fault: [0,1,2,3,4,5], logL: -11.577138, Exp of LogL: 0.000009, Normalized LogL: -2.315428, Exp of Normalized LogL: 0.098724, Best Rate: 0.3

========= ADAPTIVE MC DEBUG =========
Total calls: 50
Avg tries: 174.00
Confidence stops: 50
Max stops: 0
Max stop rate: 0.000
Real Fault Rank 5
===== SEED 85 | FR=0.3 | VR=40 =====
executing with fault mode: [0,1,2,5,4,5]

Fault scores (higher is better):
Fault: [0,1,2,5,2,5], logL: -13.428165, Exp of LogL: 0.000001, Normalized LogL: -1.492018, Exp of Normalized LogL: 0.224918, Best Rate: 0.3
Fault: [0,1,2,5,1,5], logL: -13.485323, Exp of LogL: 0.000001, Normalized LogL: -1.498369, Exp of Normalized LogL: 0.223494, Best Rate: 0.3
Fault: [0,1,2,2,4,5], logL: -13.637957, Exp of LogL: 0.000001, Normalized LogL: -1.515329, Exp of Normalized LogL: 0.219736, Best Rate: 0.3
Fault: [0,1,2,0,4,5], logL: -13.656720, Exp of LogL: 0.000001, Normalized LogL: -1.517413, Exp of Normalized LogL: 0.219278, Best Rate: 0.3
Fault: [0,1,2,5,0,5], logL: -13.753587, Exp of LogL: 0.000001, Normalized LogL: -1.528176, Exp of Normalized LogL: 0.216931, Best Rate: 0.3
Fault: [0,1,2,5,5,5], logL: -13.753587, Exp of LogL: 0.000001, Normalized LogL: -1.528176, Exp of Normalized LogL: 0.216931, Best Rate: 0.3
Fault: [0,1,2,5,4,5], logL: -14.015952, Exp of LogL: 0.000001, Normalized LogL: -1.557328, Exp of Normalized LogL: 0.210698, Best Rate: 0.3
Fault: [0,1,2,4,4,5], logL: -14.015952, Exp of LogL: 0.000001, Normalized LogL: -1.557328, Exp of Normalized LogL: 0.210698, Best Rate: 0.3
Fault: [0,1,2,1,4,5], logL: -14.422597, Exp of LogL: 0.000001, Normalized LogL: -1.602511, Exp of Normalized LogL: 0.201390, Best Rate: 0.3
Fault: [0,1,2,3,4,5], logL: -14.480777, Exp of LogL: 0.000001, Normalized LogL: -1.608975, Exp of Normalized LogL: 0.200093, Best Rate: 0.3

========= ADAPTIVE MC DEBUG =========
Total calls: 90
Avg tries: 173.33
Confidence stops: 90
Max stops: 0
Max stop rate: 0.000
Real Fault Rank 7
===== SEED 85 | FR=0.3 | VR=60 =====
executing with fault mode: [0,1,2,5,4,5]

Fault scores (higher is better):
Fault: [0,1,2,5,4,5], logL: -15.599589, Exp of LogL: 0.000000, Normalized LogL: -1.199968, Exp of Normalized LogL: 0.301204, Best Rate: 0.3
Fault: [0,1,2,4,4,5], logL: -15.599589, Exp of LogL: 0.000000, Normalized LogL: -1.199968, Exp of Normalized LogL: 0.301204, Best Rate: 0.3
Fault: [0,1,2,2,4,5], logL: -15.610858, Exp of LogL: 0.000000, Normalized LogL: -1.200835, Exp of Normalized LogL: 0.300943, Best Rate: 0.3
Fault: [0,1,2,5,1,5], logL: -15.900694, Exp of LogL: 0.000000, Normalized LogL: -1.223130, Exp of Normalized LogL: 0.294307, Best Rate: 0.3
Fault: [0,1,2,5,2,5], logL: -15.900694, Exp of LogL: 0.000000, Normalized LogL: -1.223130, Exp of Normalized LogL: 0.294307, Best Rate: 0.3
Fault: [0,1,2,5,0,5], logL: -15.900694, Exp of LogL: 0.000000, Normalized LogL: -1.223130, Exp of Normalized LogL: 0.294307, Best Rate: 0.3
Fault: [0,1,2,5,5,5], logL: -15.900694, Exp of LogL: 0.000000, Normalized LogL: -1.223130, Exp of Normalized LogL: 0.294307, Best Rate: 0.3
Fault: [0,1,2,0,4,5], logL: -16.017942, Exp of LogL: 0.000000, Normalized LogL: -1.232149, Exp of Normalized LogL: 0.291665, Best Rate: 0.3
Fault: [0,1,2,3,4,5], logL: -16.321494, Exp of LogL: 0.000000, Normalized LogL: -1.255500, Exp of Normalized LogL: 0.284933, Best Rate: 0.3
Fault: [0,1,2,1,4,5], logL: -16.665933, Exp of LogL: 0.000000, Normalized LogL: -1.281995, Exp of Normalized LogL: 0.277483, Best Rate: 0.3

========= ADAPTIVE MC DEBUG =========
Total calls: 130
Avg tries: 174.23
Confidence stops: 130
Max stops: 0
Max stop rate: 0.000
Real Fault Rank 1
===== SEED 85 | FR=0.3 | VR=80 =====
executing with fault mode: [0,1,2,5,4,5]

Fault scores (higher is better):
Fault: [0,1,2,3,4,5], logL: -17.607273, Exp of LogL: 0.000000, Normalized LogL: -1.035722, Exp of Normalized LogL: 0.354970, Best Rate: 0.3
Fault: [0,1,2,2,4,5], logL: -17.776013, Exp of LogL: 0.000000, Normalized LogL: -1.045648, Exp of Normalized LogL: 0.351464, Best Rate: 0.3
Fault: [0,1,2,0,4,5], logL: -18.068900, Exp of LogL: 0.000000, Normalized LogL: -1.062876, Exp of Normalized LogL: 0.345461, Best Rate: 0.3
Fault: [0,1,2,5,4,5], logL: -18.163778, Exp of LogL: 0.000000, Normalized LogL: -1.068458, Exp of Normalized LogL: 0.343538, Best Rate: 0.3
Fault: [0,1,2,4,4,5], logL: -18.163778, Exp of LogL: 0.000000, Normalized LogL: -1.068458, Exp of Normalized LogL: 0.343538, Best Rate: 0.3
Fault: [0,1,2,5,1,5], logL: -18.464883, Exp of LogL: 0.000000, Normalized LogL: -1.086170, Exp of Normalized LogL: 0.337507, Best Rate: 0.3
Fault: [0,1,2,5,2,5], logL: -18.464883, Exp of LogL: 0.000000, Normalized LogL: -1.086170, Exp of Normalized LogL: 0.337507, Best Rate: 0.3
Fault: [0,1,2,5,0,5], logL: -18.464883, Exp of LogL: 0.000000, Normalized LogL: -1.086170, Exp of Normalized LogL: 0.337507, Best Rate: 0.3
Fault: [0,1,2,5,5,5], logL: -18.464883, Exp of LogL: 0.000000, Normalized LogL: -1.086170, Exp of Normalized LogL: 0.337507, Best Rate: 0.3
Fault: [0,1,2,1,4,5], logL: -18.761914, Exp of LogL: 0.000000, Normalized LogL: -1.103642, Exp of Normalized LogL: 0.331661, Best Rate: 0.3

========= ADAPTIVE MC DEBUG =========
Total calls: 170
Avg tries: 179.41
Confidence stops: 170
Max stops: 0
Max stop rate: 0.000
Real Fault Rank 4
===== SEED 85 | FR=0.3 | VR=100 =====
executing with fault mode: [0,1,2,5,4,5]

Fault scores (higher is better):
Fault: [0,1,2,3,4,5], logL: -21.010472, Exp of LogL: 0.000000, Normalized LogL: -0.955021, Exp of Normalized LogL: 0.384804, Best Rate: 0.3
Fault: [0,1,2,0,4,5], logL: -21.647676, Exp of LogL: 0.000000, Normalized LogL: -0.983985, Exp of Normalized LogL: 0.373818, Best Rate: 0.3
Fault: [0,1,2,1,4,5], logL: -22.270091, Exp of LogL: 0.000000, Normalized LogL: -1.012277, Exp of Normalized LogL: 0.363391, Best Rate: 0.3
Fault: [0,1,2,2,4,5], logL: -22.275281, Exp of LogL: 0.000000, Normalized LogL: -1.012513, Exp of Normalized LogL: 0.363305, Best Rate: 0.3
Fault: [0,1,2,5,4,5], logL: -22.663047, Exp of LogL: 0.000000, Normalized LogL: -1.030138, Exp of Normalized LogL: 0.356958, Best Rate: 0.3
Fault: [0,1,2,4,4,5], logL: -22.663047, Exp of LogL: 0.000000, Normalized LogL: -1.030138, Exp of Normalized LogL: 0.356958, Best Rate: 0.3
Fault: [0,1,2,5,1,5], logL: -22.964152, Exp of LogL: 0.000000, Normalized LogL: -1.043825, Exp of Normalized LogL: 0.352105, Best Rate: 0.3
Fault: [0,1,2,5,2,5], logL: -22.964152, Exp of LogL: 0.000000, Normalized LogL: -1.043825, Exp of Normalized LogL: 0.352105, Best Rate: 0.3
Fault: [0,1,2,5,0,5], logL: -22.964152, Exp of LogL: 0.000000, Normalized LogL: -1.043825, Exp of Normalized LogL: 0.352105, Best Rate: 0.3
Fault: [0,1,2,5,5,5], logL: -22.964152, Exp of LogL: 0.000000, Normalized LogL: -1.043825, Exp of Normalized LogL: 0.352105, Best Rate: 0.3

========= ADAPTIVE MC DEBUG =========
Total calls: 220
Avg tries: 177.95
Confidence stops: 220
Max stops: 0
Max stop rate: 0.000
Real Fault Rank 5
================= 22/08/2026 05:03:23: SEED 85 END =================
================= 22/08/2026 05:03:23: SEED 86 (83/100), a*=0 fault=[3,1,2,3,4,5] START =================
===== SEED 86 | FR=0.3 | VR=20 =====
executing with fault mode: [3,1,2,3,4,5]

Fault scores (higher is better):
Fault: [2,1,2,3,4,5], logL: -8.146320, Exp of LogL: 0.000290, Normalized LogL: -2.036580, Exp of Normalized LogL: 0.130474, Best Rate: 0.3
Fault: [0,1,2,3,4,5], logL: -8.312893, Exp of LogL: 0.000245, Normalized LogL: -2.078223, Exp of Normalized LogL: 0.125152, Best Rate: 0.3
Fault: [4,1,2,3,4,5], logL: -8.460813, Exp of LogL: 0.000212, Normalized LogL: -2.115203, Exp of Normalized LogL: 0.120609, Best Rate: 0.3
Fault: [1,1,2,3,4,5], logL: -8.460813, Exp of LogL: 0.000212, Normalized LogL: -2.115203, Exp of Normalized LogL: 0.120609, Best Rate: 0.3
Fault: [3,1,2,3,4,5], logL: -8.578596, Exp of LogL: 0.000188, Normalized LogL: -2.144649, Exp of Normalized LogL: 0.117109, Best Rate: 0.3
Fault: [5,1,2,3,4,5], logL: -8.643134, Exp of LogL: 0.000176, Normalized LogL: -2.160784, Exp of Normalized LogL: 0.115235, Best Rate: 0.3
Fault: [3,1,2,3,0,5], logL: -8.712127, Exp of LogL: 0.000165, Normalized LogL: -2.178032, Exp of Normalized LogL: 0.113264, Best Rate: 0.3
Fault: [3,1,2,3,1,5], logL: -8.786235, Exp of LogL: 0.000153, Normalized LogL: -2.196559, Exp of Normalized LogL: 0.111185, Best Rate: 0.3
Fault: [3,1,2,3,2,5], logL: -8.786235, Exp of LogL: 0.000153, Normalized LogL: -2.196559, Exp of Normalized LogL: 0.111185, Best Rate: 0.3
Fault: [3,1,2,3,3,5], logL: -8.866278, Exp of LogL: 0.000141, Normalized LogL: -2.216569, Exp of Normalized LogL: 0.108982, Best Rate: 0.3

========= ADAPTIVE MC DEBUG =========
Total calls: 40
Avg tries: 175.00
Confidence stops: 40
Max stops: 0
Max stop rate: 0.000
Real Fault Rank 5
===== SEED 86 | FR=0.3 | VR=40 =====
executing with fault mode: [3,1,2,3,4,5]

Fault scores (higher is better):
Fault: [3,1,2,3,0,5], logL: -12.086579, Exp of LogL: 0.000006, Normalized LogL: -1.510822, Exp of Normalized LogL: 0.220728, Best Rate: 0.3
Fault: [3,1,2,3,1,5], logL: -12.688801, Exp of LogL: 0.000003, Normalized LogL: -1.586100, Exp of Normalized LogL: 0.204722, Best Rate: 0.3
Fault: [3,1,2,3,2,5], logL: -12.688801, Exp of LogL: 0.000003, Normalized LogL: -1.586100, Exp of Normalized LogL: 0.204722, Best Rate: 0.3
Fault: [0,1,2,3,4,5], logL: -12.800592, Exp of LogL: 0.000003, Normalized LogL: -1.600074, Exp of Normalized LogL: 0.201882, Best Rate: 0.3
Fault: [3,1,2,3,3,5], logL: -12.804632, Exp of LogL: 0.000003, Normalized LogL: -1.600579, Exp of Normalized LogL: 0.201780, Best Rate: 0.3
Fault: [3,1,2,3,4,5], logL: -12.822332, Exp of LogL: 0.000003, Normalized LogL: -1.602791, Exp of Normalized LogL: 0.201334, Best Rate: 0.3
Fault: [2,1,2,3,4,5], logL: -13.644312, Exp of LogL: 0.000001, Normalized LogL: -1.705539, Exp of Normalized LogL: 0.181674, Best Rate: 0.3
Fault: [4,1,2,3,4,5], logL: -13.787413, Exp of LogL: 0.000001, Normalized LogL: -1.723427, Exp of Normalized LogL: 0.178454, Best Rate: 0.3
Fault: [1,1,2,3,4,5], logL: -13.787413, Exp of LogL: 0.000001, Normalized LogL: -1.723427, Exp of Normalized LogL: 0.178454, Best Rate: 0.3
Fault: [5,1,2,3,4,5], logL: -13.920944, Exp of LogL: 0.000001, Normalized LogL: -1.740118, Exp of Normalized LogL: 0.175500, Best Rate: 0.3

========= ADAPTIVE MC DEBUG =========
Total calls: 80
Avg tries: 169.38
Confidence stops: 80
Max stops: 0
Max stop rate: 0.000
Real Fault Rank 6
===== SEED 86 | FR=0.3 | VR=60 =====
executing with fault mode: [3,1,2,3,4,5]

Fault scores (higher is better):
Fault: [3,1,2,3,0,5], logL: -12.029553, Exp of LogL: 0.000006, Normalized LogL: -1.093596, Exp of Normalized LogL: 0.335010, Best Rate: 0.3
Fault: [3,1,2,3,1,5], logL: -12.631775, Exp of LogL: 0.000003, Normalized LogL: -1.148343, Exp of Normalized LogL: 0.317162, Best Rate: 0.3
Fault: [3,1,2,3,2,5], logL: -12.631775, Exp of LogL: 0.000003, Normalized LogL: -1.148343, Exp of Normalized LogL: 0.317162, Best Rate: 0.3
Fault: [3,1,2,3,3,5], logL: -12.747607, Exp of LogL: 0.000003, Normalized LogL: -1.158873, Exp of Normalized LogL: 0.313840, Best Rate: 0.3
Fault: [3,1,2,3,4,5], logL: -12.765307, Exp of LogL: 0.000003, Normalized LogL: -1.160482, Exp of Normalized LogL: 0.313335, Best Rate: 0.3
Fault: [0,1,2,3,4,5], logL: -12.940076, Exp of LogL: 0.000002, Normalized LogL: -1.176371, Exp of Normalized LogL: 0.308396, Best Rate: 0.3
Fault: [2,1,2,3,4,5], logL: -13.633224, Exp of LogL: 0.000001, Normalized LogL: -1.239384, Exp of Normalized LogL: 0.289563, Best Rate: 0.3
Fault: [4,1,2,3,4,5], logL: -13.730387, Exp of LogL: 0.000001, Normalized LogL: -1.248217, Exp of Normalized LogL: 0.287016, Best Rate: 0.3
Fault: [1,1,2,3,4,5], logL: -13.730387, Exp of LogL: 0.000001, Normalized LogL: -1.248217, Exp of Normalized LogL: 0.287016, Best Rate: 0.3
Fault: [5,1,2,3,4,5], logL: -13.863919, Exp of LogL: 0.000001, Normalized LogL: -1.260356, Exp of Normalized LogL: 0.283553, Best Rate: 0.3

========= ADAPTIVE MC DEBUG =========
Total calls: 110
Avg tries: 177.73
Confidence stops: 110
Max stops: 0
Max stop rate: 0.000
Real Fault Rank 5
===== SEED 86 | FR=0.3 | VR=80 =====
executing with fault mode: [3,1,2,3,4,5]

Fault scores (higher is better):
Fault: [3,1,2,3,4,5], logL: -14.261611, Exp of LogL: 0.000001, Normalized LogL: -0.950774, Exp of Normalized LogL: 0.386442, Best Rate: 0.3
Fault: [0,1,2,3,4,5], logL: -14.505374, Exp of LogL: 0.000001, Normalized LogL: -0.967025, Exp of Normalized LogL: 0.380213, Best Rate: 0.3
Fault: [2,1,2,3,4,5], logL: -14.569913, Exp of LogL: 0.000000, Normalized LogL: -0.971328, Exp of Normalized LogL: 0.378580, Best Rate: 0.3
Fault: [3,1,2,3,1,5], logL: -14.583195, Exp of LogL: 0.000000, Normalized LogL: -0.972213, Exp of Normalized LogL: 0.378245, Best Rate: 0.3
Fault: [3,1,2,3,2,5], logL: -14.583195, Exp of LogL: 0.000000, Normalized LogL: -0.972213, Exp of Normalized LogL: 0.378245, Best Rate: 0.3
Fault: [3,1,2,3,0,5], logL: -14.583195, Exp of LogL: 0.000000, Normalized LogL: -0.972213, Exp of Normalized LogL: 0.378245, Best Rate: 0.3
Fault: [3,1,2,3,3,5], logL: -14.583195, Exp of LogL: 0.000000, Normalized LogL: -0.972213, Exp of Normalized LogL: 0.378245, Best Rate: 0.3
Fault: [4,1,2,3,4,5], logL: -14.667076, Exp of LogL: 0.000000, Normalized LogL: -0.977805, Exp of Normalized LogL: 0.376136, Best Rate: 0.3
Fault: [1,1,2,3,4,5], logL: -14.667076, Exp of LogL: 0.000000, Normalized LogL: -0.977805, Exp of Normalized LogL: 0.376136, Best Rate: 0.3
Fault: [5,1,2,3,4,5], logL: -15.871049, Exp of LogL: 0.000000, Normalized LogL: -1.058070, Exp of Normalized LogL: 0.347125, Best Rate: 0.3

========= ADAPTIVE MC DEBUG =========
Total calls: 150
Avg tries: 181.33
Confidence stops: 150
Max stops: 0
Max stop rate: 0.000
Real Fault Rank 1
===== SEED 86 | FR=0.3 | VR=100 =====
executing with fault mode: [3,1,2,3,4,5]

Fault scores (higher is better):
Fault: [3,1,2,3,4,5], logL: -15.825500, Exp of LogL: 0.000000, Normalized LogL: -0.832921, Exp of Normalized LogL: 0.434777, Best Rate: 0.3
Fault: [0,1,2,3,4,5], logL: -16.031443, Exp of LogL: 0.000000, Normalized LogL: -0.843760, Exp of Normalized LogL: 0.430090, Best Rate: 0.3
Fault: [3,1,2,3,1,5], logL: -16.147084, Exp of LogL: 0.000000, Normalized LogL: -0.849847, Exp of Normalized LogL: 0.427481, Best Rate: 0.3
Fault: [3,1,2,3,2,5], logL: -16.147084, Exp of LogL: 0.000000, Normalized LogL: -0.849847, Exp of Normalized LogL: 0.427481, Best Rate: 0.3
Fault: [3,1,2,3,0,5], logL: -16.147084, Exp of LogL: 0.000000, Normalized LogL: -0.849847, Exp of Normalized LogL: 0.427481, Best Rate: 0.3
Fault: [3,1,2,3,3,5], logL: -16.147084, Exp of LogL: 0.000000, Normalized LogL: -0.849847, Exp of Normalized LogL: 0.427481, Best Rate: 0.3
Fault: [2,1,2,3,4,5], logL: -16.750793, Exp of LogL: 0.000000, Normalized LogL: -0.881621, Exp of Normalized LogL: 0.414111, Best Rate: 0.3
Fault: [4,1,2,3,4,5], logL: -16.909297, Exp of LogL: 0.000000, Normalized LogL: -0.889963, Exp of Normalized LogL: 0.410671, Best Rate: 0.3
Fault: [5,1,2,3,4,5], logL: -16.909297, Exp of LogL: 0.000000, Normalized LogL: -0.889963, Exp of Normalized LogL: 0.410671, Best Rate: 0.3
Fault: [1,1,2,3,4,5], logL: -16.909297, Exp of LogL: 0.000000, Normalized LogL: -0.889963, Exp of Normalized LogL: 0.410671, Best Rate: 0.3

========= ADAPTIVE MC DEBUG =========
Total calls: 190
Avg tries: 181.32
Confidence stops: 190
Max stops: 0
Max stop rate: 0.000
Real Fault Rank 1
================= 22/08/2026 05:03:41: SEED 86 END =================
================= 22/08/2026 05:03:41: SEED 87 (84/100), a*=3 fault=[0,1,2,1,4,5] START =================
===== SEED 87 | FR=0.3 | VR=20 =====
executing with fault mode: [0,1,2,1,4,5]

Fault scores (higher is better):
Fault: [4,1,2,1,4,5], logL: -7.257504, Exp of LogL: 0.000705, Normalized LogL: -1.451501, Exp of Normalized LogL: 0.234218, Best Rate: 0.3
Fault: [3,1,2,1,4,5], logL: -7.257504, Exp of LogL: 0.000705, Normalized LogL: -1.451501, Exp of Normalized LogL: 0.234218, Best Rate: 0.3
Fault: [5,1,2,1,4,5], logL: -7.257504, Exp of LogL: 0.000705, Normalized LogL: -1.451501, Exp of Normalized LogL: 0.234218, Best Rate: 0.3
Fault: [0,1,2,1,4,5], logL: -7.549641, Exp of LogL: 0.000526, Normalized LogL: -1.509928, Exp of Normalized LogL: 0.220926, Best Rate: 0.3
Fault: [0,1,2,2,4,5], logL: -8.078485, Exp of LogL: 0.000310, Normalized LogL: -1.615697, Exp of Normalized LogL: 0.198752, Best Rate: 0.3
Fault: [0,1,2,3,4,5], logL: -8.407840, Exp of LogL: 0.000223, Normalized LogL: -1.681568, Exp of Normalized LogL: 0.186082, Best Rate: 0.3
Fault: [0,1,2,0,4,5], logL: -8.442609, Exp of LogL: 0.000215, Normalized LogL: -1.688522, Exp of Normalized LogL: 0.184792, Best Rate: 0.3
Fault: [1,1,2,1,4,5], logL: -8.579260, Exp of LogL: 0.000188, Normalized LogL: -1.715852, Exp of Normalized LogL: 0.179810, Best Rate: 0.3
Fault: [0,1,2,5,4,5], logL: -9.272407, Exp of LogL: 0.000094, Normalized LogL: -1.854481, Exp of Normalized LogL: 0.156534, Best Rate: 0.3
Fault: [0,1,2,4,4,5], logL: -9.272407, Exp of LogL: 0.000094, Normalized LogL: -1.854481, Exp of Normalized LogL: 0.156534, Best Rate: 0.3

========= ADAPTIVE MC DEBUG =========
Total calls: 50
Avg tries: 210.00
Confidence stops: 50
Max stops: 0
Max stop rate: 0.000
Real Fault Rank 4
===== SEED 87 | FR=0.3 | VR=40 =====
executing with fault mode: [0,1,2,1,4,5]

Fault scores (higher is better):
Fault: [0,1,2,3,4,5], logL: -14.416151, Exp of LogL: 0.000001, Normalized LogL: -1.441615, Exp of Normalized LogL: 0.236545, Best Rate: 0.3
Fault: [0,1,2,5,4,5], logL: -14.532241, Exp of LogL: 0.000000, Normalized LogL: -1.453224, Exp of Normalized LogL: 0.233815, Best Rate: 0.3
Fault: [0,1,2,4,4,5], logL: -14.532241, Exp of LogL: 0.000000, Normalized LogL: -1.453224, Exp of Normalized LogL: 0.233815, Best Rate: 0.3
Fault: [0,1,2,1,4,5], logL: -14.604706, Exp of LogL: 0.000000, Normalized LogL: -1.460471, Exp of Normalized LogL: 0.232127, Best Rate: 0.3
Fault: [4,1,2,1,4,5], logL: -14.655589, Exp of LogL: 0.000000, Normalized LogL: -1.465559, Exp of Normalized LogL: 0.230949, Best Rate: 0.3
Fault: [3,1,2,1,4,5], logL: -14.655589, Exp of LogL: 0.000000, Normalized LogL: -1.465559, Exp of Normalized LogL: 0.230949, Best Rate: 0.3
Fault: [5,1,2,1,4,5], logL: -14.655589, Exp of LogL: 0.000000, Normalized LogL: -1.465559, Exp of Normalized LogL: 0.230949, Best Rate: 0.3
Fault: [0,1,2,2,4,5], logL: -15.189243, Exp of LogL: 0.000000, Normalized LogL: -1.518924, Exp of Normalized LogL: 0.218947, Best Rate: 0.3
Fault: [0,1,2,0,4,5], logL: -15.469902, Exp of LogL: 0.000000, Normalized LogL: -1.546990, Exp of Normalized LogL: 0.212888, Best Rate: 0.3
Fault: [1,1,2,1,4,5], logL: -15.906670, Exp of LogL: 0.000000, Normalized LogL: -1.590667, Exp of Normalized LogL: 0.203790, Best Rate: 0.3

========= ADAPTIVE MC DEBUG =========
Total calls: 100
Avg tries: 188.00
Confidence stops: 100
Max stops: 0
Max stop rate: 0.000
Real Fault Rank 4
===== SEED 87 | FR=0.3 | VR=60 =====
executing with fault mode: [0,1,2,1,4,5]

Fault scores (higher is better):
Fault: [4,1,2,1,4,5], logL: -16.404491, Exp of LogL: 0.000000, Normalized LogL: -1.171749, Exp of Normalized LogL: 0.309824, Best Rate: 0.3
Fault: [3,1,2,1,4,5], logL: -16.404491, Exp of LogL: 0.000000, Normalized LogL: -1.171749, Exp of Normalized LogL: 0.309824, Best Rate: 0.3
Fault: [5,1,2,1,4,5], logL: -16.404491, Exp of LogL: 0.000000, Normalized LogL: -1.171749, Exp of Normalized LogL: 0.309824, Best Rate: 0.3
Fault: [0,1,2,3,4,5], logL: -16.418622, Exp of LogL: 0.000000, Normalized LogL: -1.172759, Exp of Normalized LogL: 0.309512, Best Rate: 0.3
Fault: [0,1,2,1,4,5], logL: -16.543264, Exp of LogL: 0.000000, Normalized LogL: -1.181662, Exp of Normalized LogL: 0.306769, Best Rate: 0.3
Fault: [0,1,2,0,4,5], logL: -16.687880, Exp of LogL: 0.000000, Normalized LogL: -1.191991, Exp of Normalized LogL: 0.303616, Best Rate: 0.3
Fault: [0,1,2,5,4,5], logL: -17.094788, Exp of LogL: 0.000000, Normalized LogL: -1.221056, Exp of Normalized LogL: 0.294918, Best Rate: 0.3
Fault: [0,1,2,4,4,5], logL: -17.094788, Exp of LogL: 0.000000, Normalized LogL: -1.221056, Exp of Normalized LogL: 0.294918, Best Rate: 0.3
Fault: [0,1,2,2,4,5], logL: -17.469001, Exp of LogL: 0.000000, Normalized LogL: -1.247786, Exp of Normalized LogL: 0.287140, Best Rate: 0.3
Fault: [1,1,2,1,4,5], logL: -17.546906, Exp of LogL: 0.000000, Normalized LogL: -1.253350, Exp of Normalized LogL: 0.285546, Best Rate: 0.3

========= ADAPTIVE MC DEBUG =========
Total calls: 140
Avg tries: 181.43
Confidence stops: 140
Max stops: 0
Max stop rate: 0.000
Real Fault Rank 5
===== SEED 87 | FR=0.3 | VR=80 =====
executing with fault mode: [0,1,2,1,4,5]

Fault scores (higher is better):
Fault: [0,1,2,3,4,5], logL: -18.010935, Exp of LogL: 0.000000, Normalized LogL: -0.947944, Exp of Normalized LogL: 0.387537, Best Rate: 0.3
Fault: [0,1,2,0,4,5], logL: -18.167155, Exp of LogL: 0.000000, Normalized LogL: -0.956166, Exp of Normalized LogL: 0.384364, Best Rate: 0.3
Fault: [0,1,2,1,4,5], logL: -18.714622, Exp of LogL: 0.000000, Normalized LogL: -0.984980, Exp of Normalized LogL: 0.373447, Best Rate: 0.3
Fault: [4,1,2,1,4,5], logL: -18.789811, Exp of LogL: 0.000000, Normalized LogL: -0.988937, Exp of Normalized LogL: 0.371972, Best Rate: 0.3
Fault: [3,1,2,1,4,5], logL: -18.789811, Exp of LogL: 0.000000, Normalized LogL: -0.988937, Exp of Normalized LogL: 0.371972, Best Rate: 0.3
Fault: [5,1,2,1,4,5], logL: -18.789811, Exp of LogL: 0.000000, Normalized LogL: -0.988937, Exp of Normalized LogL: 0.371972, Best Rate: 0.3
Fault: [1,1,2,1,4,5], logL: -19.549234, Exp of LogL: 0.000000, Normalized LogL: -1.028907, Exp of Normalized LogL: 0.357397, Best Rate: 0.3
Fault: [0,1,2,2,4,5], logL: -19.915878, Exp of LogL: 0.000000, Normalized LogL: -1.048204, Exp of Normalized LogL: 0.350567, Best Rate: 0.3
Fault: [0,1,2,5,4,5], logL: -20.792462, Exp of LogL: 0.000000, Normalized LogL: -1.094340, Exp of Normalized LogL: 0.334760, Best Rate: 0.3
Fault: [0,1,2,4,4,5], logL: -20.792462, Exp of LogL: 0.000000, Normalized LogL: -1.094340, Exp of Normalized LogL: 0.334760, Best Rate: 0.3

========= ADAPTIVE MC DEBUG =========
Total calls: 190
Avg tries: 185.53
Confidence stops: 190
Max stops: 0
Max stop rate: 0.000
Real Fault Rank 3
===== SEED 87 | FR=0.3 | VR=100 =====
executing with fault mode: [0,1,2,1,4,5]

Fault scores (higher is better):
Fault: [0,1,2,1,4,5], logL: -19.567631, Exp of LogL: 0.000000, Normalized LogL: -0.815318, Exp of Normalized LogL: 0.442499, Best Rate: 0.3
Fault: [0,1,2,3,4,5], logL: -19.973427, Exp of LogL: 0.000000, Normalized LogL: -0.832226, Exp of Normalized LogL: 0.435080, Best Rate: 0.3
Fault: [4,1,2,1,4,5], logL: -20.390577, Exp of LogL: 0.000000, Normalized LogL: -0.849607, Exp of Normalized LogL: 0.427583, Best Rate: 0.3
Fault: [3,1,2,1,4,5], logL: -20.390577, Exp of LogL: 0.000000, Normalized LogL: -0.849607, Exp of Normalized LogL: 0.427583, Best Rate: 0.3
Fault: [5,1,2,1,4,5], logL: -20.390577, Exp of LogL: 0.000000, Normalized LogL: -0.849607, Exp of Normalized LogL: 0.427583, Best Rate: 0.3
Fault: [0,1,2,0,4,5], logL: -20.671036, Exp of LogL: 0.000000, Normalized LogL: -0.861293, Exp of Normalized LogL: 0.422615, Best Rate: 0.3
Fault: [1,1,2,1,4,5], logL: -21.106197, Exp of LogL: 0.000000, Normalized LogL: -0.879425, Exp of Normalized LogL: 0.415022, Best Rate: 0.3
Fault: [0,1,2,2,4,5], logL: -21.795982, Exp of LogL: 0.000000, Normalized LogL: -0.908166, Exp of Normalized LogL: 0.403263, Best Rate: 0.3
Fault: [0,1,2,5,4,5], logL: -23.125328, Exp of LogL: 0.000000, Normalized LogL: -0.963555, Exp of Normalized LogL: 0.381534, Best Rate: 0.3
Fault: [0,1,2,4,4,5], logL: -23.125328, Exp of LogL: 0.000000, Normalized LogL: -0.963555, Exp of Normalized LogL: 0.381534, Best Rate: 0.3

========= ADAPTIVE MC DEBUG =========
Total calls: 240
Avg tries: 185.42
Confidence stops: 240
Max stops: 0
Max stop rate: 0.000
Real Fault Rank 1
================= 22/08/2026 05:04:04: SEED 87 END =================
================= 22/08/2026 05:04:04: SEED 88 (85/100), a*=0 fault=[4,1,2,3,4,5] START =================
===== SEED 88 | FR=0.3 | VR=20 =====
executing with fault mode: [4,1,2,3,4,5]

Fault scores (higher is better):
Fault: [0,1,2,3,4,5], logL: -4.957019, Exp of LogL: 0.007034, Normalized LogL: -1.239255, Exp of Normalized LogL: 0.289600, Best Rate: 0.3
Fault: [3,1,2,3,4,5], logL: -5.112913, Exp of LogL: 0.006019, Normalized LogL: -1.278228, Exp of Normalized LogL: 0.278530, Best Rate: 0.3
Fault: [1,1,2,3,4,5], logL: -5.123827, Exp of LogL: 0.005953, Normalized LogL: -1.280957, Exp of Normalized LogL: 0.277771, Best Rate: 0.3
Fault: [2,1,2,3,4,5], logL: -5.160618, Exp of LogL: 0.005738, Normalized LogL: -1.290155, Exp of Normalized LogL: 0.275228, Best Rate: 0.3
Fault: [5,1,2,3,4,5], logL: -5.174471, Exp of LogL: 0.005659, Normalized LogL: -1.293618, Exp of Normalized LogL: 0.274277, Best Rate: 0.3
Fault: [4,1,2,3,4,5], logL: -5.190471, Exp of LogL: 0.005569, Normalized LogL: -1.297618, Exp of Normalized LogL: 0.273182, Best Rate: 0.3
Fault: [4,1,2,0,4,5], logL: -5.914237, Exp of LogL: 0.002701, Normalized LogL: -1.478559, Exp of Normalized LogL: 0.227966, Best Rate: 0.3
Fault: [4,1,2,4,4,5], logL: -5.945986, Exp of LogL: 0.002616, Normalized LogL: -1.486496, Exp of Normalized LogL: 0.226164, Best Rate: 0.3
Fault: [4,1,2,5,4,5], logL: -5.945986, Exp of LogL: 0.002616, Normalized LogL: -1.486496, Exp of Normalized LogL: 0.226164, Best Rate: 0.3
Fault: [4,1,2,2,4,5], logL: -5.945986, Exp of LogL: 0.002616, Normalized LogL: -1.486496, Exp of Normalized LogL: 0.226164, Best Rate: 0.3

========= ADAPTIVE MC DEBUG =========
Total calls: 40
Avg tries: 197.50
Confidence stops: 40
Max stops: 0
Max stop rate: 0.000
Real Fault Rank 6
===== SEED 88 | FR=0.3 | VR=40 =====
executing with fault mode: [4,1,2,3,4,5]

Fault scores (higher is better):
Fault: [5,1,2,3,4,5], logL: -6.498870, Exp of LogL: 0.001505, Normalized LogL: -0.812359, Exp of Normalized LogL: 0.443810, Best Rate: 0.3
Fault: [1,1,2,3,4,5], logL: -6.563544, Exp of LogL: 0.001411, Normalized LogL: -0.820443, Exp of Normalized LogL: 0.440237, Best Rate: 0.3
Fault: [3,1,2,3,4,5], logL: -6.871546, Exp of LogL: 0.001037, Normalized LogL: -0.858943, Exp of Normalized LogL: 0.423610, Best Rate: 0.3
Fault: [4,1,2,3,4,5], logL: -6.999646, Exp of LogL: 0.000912, Normalized LogL: -0.874956, Exp of Normalized LogL: 0.416880, Best Rate: 0.3
Fault: [2,1,2,3,4,5], logL: -7.253349, Exp of LogL: 0.000708, Normalized LogL: -0.906669, Exp of Normalized LogL: 0.403867, Best Rate: 0.3
Fault: [4,1,2,0,4,5], logL: -7.559241, Exp of LogL: 0.000521, Normalized LogL: -0.944905, Exp of Normalized LogL: 0.388716, Best Rate: 0.3
Fault: [4,1,2,4,4,5], logL: -7.573839, Exp of LogL: 0.000514, Normalized LogL: -0.946730, Exp of Normalized LogL: 0.388008, Best Rate: 0.3
Fault: [4,1,2,5,4,5], logL: -7.573839, Exp of LogL: 0.000514, Normalized LogL: -0.946730, Exp of Normalized LogL: 0.388008, Best Rate: 0.3
Fault: [4,1,2,2,4,5], logL: -7.573839, Exp of LogL: 0.000514, Normalized LogL: -0.946730, Exp of Normalized LogL: 0.388008, Best Rate: 0.3
Fault: [0,1,2,3,4,5], logL: -9.365691, Exp of LogL: 0.000086, Normalized LogL: -1.170711, Exp of Normalized LogL: 0.310146, Best Rate: 0.3

========= ADAPTIVE MC DEBUG =========
Total calls: 80
Avg tries: 188.75
Confidence stops: 80
Max stops: 0
Max stop rate: 0.000
Real Fault Rank 4
===== SEED 88 | FR=0.3 | VR=60 =====
executing with fault mode: [4,1,2,3,4,5]

Fault scores (higher is better):
Fault: [4,1,2,3,4,5], logL: -8.996065, Exp of LogL: 0.000124, Normalized LogL: -0.817824, Exp of Normalized LogL: 0.441391, Best Rate: 0.3
Fault: [3,1,2,3,4,5], logL: -9.065058, Exp of LogL: 0.000116, Normalized LogL: -0.824096, Exp of Normalized LogL: 0.438631, Best Rate: 0.3
Fault: [4,1,2,0,4,5], logL: -9.555660, Exp of LogL: 0.000071, Normalized LogL: -0.868696, Exp of Normalized LogL: 0.419498, Best Rate: 0.3
Fault: [4,1,2,4,4,5], logL: -9.570259, Exp of LogL: 0.000070, Normalized LogL: -0.870024, Exp of Normalized LogL: 0.418942, Best Rate: 0.3
Fault: [4,1,2,5,4,5], logL: -9.570259, Exp of LogL: 0.000070, Normalized LogL: -0.870024, Exp of Normalized LogL: 0.418942, Best Rate: 0.3
Fault: [4,1,2,2,4,5], logL: -9.570259, Exp of LogL: 0.000070, Normalized LogL: -0.870024, Exp of Normalized LogL: 0.418942, Best Rate: 0.3
Fault: [1,1,2,3,4,5], logL: -10.747677, Exp of LogL: 0.000021, Normalized LogL: -0.977062, Exp of Normalized LogL: 0.376416, Best Rate: 0.3
Fault: [5,1,2,3,4,5], logL: -12.023563, Exp of LogL: 0.000006, Normalized LogL: -1.093051, Exp of Normalized LogL: 0.335192, Best Rate: 0.3
Fault: [0,1,2,3,4,5], logL: -12.202643, Exp of LogL: 0.000005, Normalized LogL: -1.109331, Exp of Normalized LogL: 0.329779, Best Rate: 0.3
Fault: [2,1,2,3,4,5], logL: -12.424269, Exp of LogL: 0.000004, Normalized LogL: -1.129479, Exp of Normalized LogL: 0.323202, Best Rate: 0.3

========= ADAPTIVE MC DEBUG =========
Total calls: 110
Avg tries: 191.36
Confidence stops: 110
Max stops: 0
Max stop rate: 0.000
Real Fault Rank 1
===== SEED 88 | FR=0.3 | VR=80 =====
executing with fault mode: [4,1,2,3,4,5]

Fault scores (higher is better):
Fault: [4,1,2,3,4,5], logL: -10.397003, Exp of LogL: 0.000031, Normalized LogL: -0.693134, Exp of Normalized LogL: 0.500007, Best Rate: 0.3
Fault: [3,1,2,3,4,5], logL: -10.737472, Exp of LogL: 0.000022, Normalized LogL: -0.715831, Exp of Normalized LogL: 0.488786, Best Rate: 0.3
Fault: [4,1,2,0,4,5], logL: -10.956598, Exp of LogL: 0.000017, Normalized LogL: -0.730440, Exp of Normalized LogL: 0.481697, Best Rate: 0.3
Fault: [4,1,2,4,4,5], logL: -10.971196, Exp of LogL: 0.000017, Normalized LogL: -0.731413, Exp of Normalized LogL: 0.481228, Best Rate: 0.3
Fault: [4,1,2,5,4,5], logL: -10.971196, Exp of LogL: 0.000017, Normalized LogL: -0.731413, Exp of Normalized LogL: 0.481228, Best Rate: 0.3
Fault: [4,1,2,2,4,5], logL: -10.971196, Exp of LogL: 0.000017, Normalized LogL: -0.731413, Exp of Normalized LogL: 0.481228, Best Rate: 0.3
Fault: [1,1,2,3,4,5], logL: -11.925472, Exp of LogL: 0.000007, Normalized LogL: -0.795031, Exp of Normalized LogL: 0.451567, Best Rate: 0.3
Fault: [2,1,2,3,4,5], logL: -12.537352, Exp of LogL: 0.000004, Normalized LogL: -0.835823, Exp of Normalized LogL: 0.433517, Best Rate: 0.3
Fault: [5,1,2,3,4,5], logL: -13.424500, Exp of LogL: 0.000001, Normalized LogL: -0.894967, Exp of Normalized LogL: 0.408621, Best Rate: 0.3
Fault: [0,1,2,3,4,5], logL: -14.124792, Exp of LogL: 0.000001, Normalized LogL: -0.941653, Exp of Normalized LogL: 0.389983, Best Rate: 0.3

========= ADAPTIVE MC DEBUG =========
Total calls: 150
Avg tries: 190.33
Confidence stops: 150
Max stops: 0
Max stop rate: 0.000
Real Fault Rank 1
===== SEED 88 | FR=0.3 | VR=100 =====
executing with fault mode: [4,1,2,3,4,5]

Fault scores (higher is better):
Fault: [3,1,2,3,4,5], logL: -12.468645, Exp of LogL: 0.000004, Normalized LogL: -0.656244, Exp of Normalized LogL: 0.518796, Best Rate: 0.3
Fault: [4,1,2,3,4,5], logL: -12.598179, Exp of LogL: 0.000003, Normalized LogL: -0.663062, Exp of Normalized LogL: 0.515271, Best Rate: 0.3
Fault: [4,1,2,4,4,5], logL: -12.937533, Exp of LogL: 0.000002, Normalized LogL: -0.680923, Exp of Normalized LogL: 0.506150, Best Rate: 0.3
Fault: [4,1,2,5,4,5], logL: -12.937533, Exp of LogL: 0.000002, Normalized LogL: -0.680923, Exp of Normalized LogL: 0.506150, Best Rate: 0.3
Fault: [4,1,2,0,4,5], logL: -12.937533, Exp of LogL: 0.000002, Normalized LogL: -0.680923, Exp of Normalized LogL: 0.506150, Best Rate: 0.3
Fault: [4,1,2,2,4,5], logL: -12.937533, Exp of LogL: 0.000002, Normalized LogL: -0.680923, Exp of Normalized LogL: 0.506150, Best Rate: 0.3
Fault: [1,1,2,3,4,5], logL: -14.152623, Exp of LogL: 0.000001, Normalized LogL: -0.744875, Exp of Normalized LogL: 0.474794, Best Rate: 0.3
Fault: [5,1,2,3,4,5], logL: -15.625676, Exp of LogL: 0.000000, Normalized LogL: -0.822404, Exp of Normalized LogL: 0.439374, Best Rate: 0.3
Fault: [0,1,2,3,4,5], logL: -15.753685, Exp of LogL: 0.000000, Normalized LogL: -0.829141, Exp of Normalized LogL: 0.436424, Best Rate: 0.3
Fault: [2,1,2,3,4,5], logL: -16.072024, Exp of LogL: 0.000000, Normalized LogL: -0.845896, Exp of Normalized LogL: 0.429173, Best Rate: 0.3

========= ADAPTIVE MC DEBUG =========
Total calls: 190
Avg tries: 186.58
Confidence stops: 190
Max stops: 0
Max stop rate: 0.000
Real Fault Rank 2
================= 22/08/2026 05:04:23: SEED 88 END =================
================= 22/08/2026 05:04:23: SEED 89 (86/100), a*=3 fault=[0,1,2,2,4,5] START =================
===== SEED 89 | FR=0.3 | VR=20 =====
executing with fault mode: [0,1,2,2,4,5]

Fault scores (higher is better):
Fault: [0,1,2,1,4,5], logL: -14.158590, Exp of LogL: 0.000001, Normalized LogL: -2.022656, Exp of Normalized LogL: 0.132304, Best Rate: 0.3
Fault: [0,1,2,5,4,5], logL: -14.290611, Exp of LogL: 0.000001, Normalized LogL: -2.041516, Exp of Normalized LogL: 0.129832, Best Rate: 0.3
Fault: [0,1,2,4,4,5], logL: -14.468731, Exp of LogL: 0.000001, Normalized LogL: -2.066962, Exp of Normalized LogL: 0.126570, Best Rate: 0.3
Fault: [0,1,2,3,4,5], logL: -14.916626, Exp of LogL: 0.000000, Normalized LogL: -2.130947, Exp of Normalized LogL: 0.118725, Best Rate: 0.3
Fault: [0,1,2,0,4,5], logL: -15.424583, Exp of LogL: 0.000000, Normalized LogL: -2.203512, Exp of Normalized LogL: 0.110415, Best Rate: 0.3
Fault: [0,1,2,2,4,5], logL: -15.510396, Exp of LogL: 0.000000, Normalized LogL: -2.215771, Exp of Normalized LogL: 0.109069, Best Rate: 0.3
Fault: [0,3,2,2,4,5], logL: -15.919642, Exp of LogL: 0.000000, Normalized LogL: -2.274235, Exp of Normalized LogL: 0.102876, Best Rate: 0.3
Fault: [0,4,2,2,4,5], logL: -15.966162, Exp of LogL: 0.000000, Normalized LogL: -2.280880, Exp of Normalized LogL: 0.102194, Best Rate: 0.3
Fault: [0,5,2,2,4,5], logL: -15.966162, Exp of LogL: 0.000000, Normalized LogL: -2.280880, Exp of Normalized LogL: 0.102194, Best Rate: 0.3
Fault: [0,0,2,2,4,5], logL: -16.407995, Exp of LogL: 0.000000, Normalized LogL: -2.343999, Exp of Normalized LogL: 0.095943, Best Rate: 0.3

========= ADAPTIVE MC DEBUG =========
Total calls: 70
Avg tries: 182.14
Confidence stops: 70
Max stops: 0
Max stop rate: 0.000
Real Fault Rank 6
===== SEED 89 | FR=0.3 | VR=40 =====
executing with fault mode: [0,1,2,2,4,5]

Fault scores (higher is better):
Fault: [0,1,2,1,4,5], logL: -17.986475, Exp of LogL: 0.000000, Normalized LogL: -1.383575, Exp of Normalized LogL: 0.250681, Best Rate: 0.3
Fault: [0,1,2,5,4,5], logL: -18.539373, Exp of LogL: 0.000000, Normalized LogL: -1.426106, Exp of Normalized LogL: 0.240243, Best Rate: 0.3
Fault: [0,1,2,4,4,5], logL: -18.612132, Exp of LogL: 0.000000, Normalized LogL: -1.431702, Exp of Normalized LogL: 0.238902, Best Rate: 0.3
Fault: [0,1,2,3,4,5], logL: -18.791289, Exp of LogL: 0.000000, Normalized LogL: -1.445484, Exp of Normalized LogL: 0.235632, Best Rate: 0.3
Fault: [0,1,2,0,4,5], logL: -19.439625, Exp of LogL: 0.000000, Normalized LogL: -1.495356, Exp of Normalized LogL: 0.224169, Best Rate: 0.3
Fault: [0,1,2,2,4,5], logL: -19.817427, Exp of LogL: 0.000000, Normalized LogL: -1.524417, Exp of Normalized LogL: 0.217748, Best Rate: 0.3
Fault: [0,0,2,2,4,5], logL: -20.063385, Exp of LogL: 0.000000, Normalized LogL: -1.543337, Exp of Normalized LogL: 0.213667, Best Rate: 0.3
Fault: [0,3,2,2,4,5], logL: -20.076288, Exp of LogL: 0.000000, Normalized LogL: -1.544330, Exp of Normalized LogL: 0.213455, Best Rate: 0.3
Fault: [0,4,2,2,4,5], logL: -20.132378, Exp of LogL: 0.000000, Normalized LogL: -1.548644, Exp of Normalized LogL: 0.212536, Best Rate: 0.3
Fault: [0,5,2,2,4,5], logL: -20.132378, Exp of LogL: 0.000000, Normalized LogL: -1.548644, Exp of Normalized LogL: 0.212536, Best Rate: 0.3

========= ADAPTIVE MC DEBUG =========
Total calls: 130
Avg tries: 171.54
Confidence stops: 130
Max stops: 0
Max stop rate: 0.000
Real Fault Rank 6
===== SEED 89 | FR=0.3 | VR=60 =====
executing with fault mode: [0,1,2,2,4,5]

Fault scores (higher is better):
Fault: [0,1,2,1,4,5], logL: -21.954854, Exp of LogL: 0.000000, Normalized LogL: -1.155519, Exp of Normalized LogL: 0.314894, Best Rate: 0.3
Fault: [0,1,2,5,4,5], logL: -22.404021, Exp of LogL: 0.000000, Normalized LogL: -1.179159, Exp of Normalized LogL: 0.307537, Best Rate: 0.3
Fault: [0,1,2,4,4,5], logL: -22.476781, Exp of LogL: 0.000000, Normalized LogL: -1.182988, Exp of Normalized LogL: 0.306362, Best Rate: 0.3
Fault: [0,1,2,3,4,5], logL: -22.740234, Exp of LogL: 0.000000, Normalized LogL: -1.196854, Exp of Normalized LogL: 0.302143, Best Rate: 0.3
Fault: [0,1,2,0,4,5], logL: -23.320876, Exp of LogL: 0.000000, Normalized LogL: -1.227415, Exp of Normalized LogL: 0.293049, Best Rate: 0.3
Fault: [0,1,2,2,4,5], logL: -23.682075, Exp of LogL: 0.000000, Normalized LogL: -1.246425, Exp of Normalized LogL: 0.287531, Best Rate: 0.3
Fault: [0,3,2,2,4,5], logL: -23.831371, Exp of LogL: 0.000000, Normalized LogL: -1.254283, Exp of Normalized LogL: 0.285280, Best Rate: 0.3
Fault: [0,0,2,2,4,5], logL: -23.948096, Exp of LogL: 0.000000, Normalized LogL: -1.260426, Exp of Normalized LogL: 0.283533, Best Rate: 0.3
Fault: [0,4,2,2,4,5], logL: -23.948096, Exp of LogL: 0.000000, Normalized LogL: -1.260426, Exp of Normalized LogL: 0.283533, Best Rate: 0.3
Fault: [0,5,2,2,4,5], logL: -23.948096, Exp of LogL: 0.000000, Normalized LogL: -1.260426, Exp of Normalized LogL: 0.283533, Best Rate: 0.3

========= ADAPTIVE MC DEBUG =========
Total calls: 190
Avg tries: 177.63
Confidence stops: 190
Max stops: 0
Max stop rate: 0.000
Real Fault Rank 6
===== SEED 89 | FR=0.3 | VR=80 =====
executing with fault mode: [0,1,2,2,4,5]

Fault scores (higher is better):
Fault: [0,1,2,1,4,5], logL: -27.092970, Exp of LogL: 0.000000, Normalized LogL: -1.083719, Exp of Normalized LogL: 0.338335, Best Rate: 0.3
Fault: [0,1,2,4,4,5], logL: -27.369295, Exp of LogL: 0.000000, Normalized LogL: -1.094772, Exp of Normalized LogL: 0.334616, Best Rate: 0.3
Fault: [0,1,2,3,4,5], logL: -28.005010, Exp of LogL: 0.000000, Normalized LogL: -1.120200, Exp of Normalized LogL: 0.326214, Best Rate: 0.3
Fault: [0,1,2,2,4,5], logL: -28.526428, Exp of LogL: 0.000000, Normalized LogL: -1.141057, Exp of Normalized LogL: 0.319481, Best Rate: 0.3
Fault: [0,3,2,2,4,5], logL: -28.675725, Exp of LogL: 0.000000, Normalized LogL: -1.147029, Exp of Normalized LogL: 0.317579, Best Rate: 0.3
Fault: [0,1,2,0,4,5], logL: -28.681089, Exp of LogL: 0.000000, Normalized LogL: -1.147244, Exp of Normalized LogL: 0.317511, Best Rate: 0.3
Fault: [0,0,2,2,4,5], logL: -28.792449, Exp of LogL: 0.000000, Normalized LogL: -1.151698, Exp of Normalized LogL: 0.316100, Best Rate: 0.3
Fault: [0,4,2,2,4,5], logL: -28.792449, Exp of LogL: 0.000000, Normalized LogL: -1.151698, Exp of Normalized LogL: 0.316100, Best Rate: 0.3
Fault: [0,5,2,2,4,5], logL: -28.792449, Exp of LogL: 0.000000, Normalized LogL: -1.151698, Exp of Normalized LogL: 0.316100, Best Rate: 0.3
Fault: [0,1,2,5,4,5], logL: -29.287064, Exp of LogL: 0.000000, Normalized LogL: -1.171483, Exp of Normalized LogL: 0.309907, Best Rate: 0.3

========= ADAPTIVE MC DEBUG =========
Total calls: 250
Avg tries: 179.80
Confidence stops: 250
Max stops: 0
Max stop rate: 0.000
Real Fault Rank 4
===== SEED 89 | FR=0.3 | VR=100 =====
executing with fault mode: [0,1,2,2,4,5]

Fault scores (higher is better):
Fault: [0,1,2,1,4,5], logL: -28.122660, Exp of LogL: 0.000000, Normalized LogL: -0.907183, Exp of Normalized LogL: 0.403660, Best Rate: 0.3
Fault: [0,1,2,4,4,5], logL: -28.418991, Exp of LogL: 0.000000, Normalized LogL: -0.916742, Exp of Normalized LogL: 0.399820, Best Rate: 0.3
Fault: [0,1,2,3,4,5], logL: -29.196433, Exp of LogL: 0.000000, Normalized LogL: -0.941820, Exp of Normalized LogL: 0.389917, Best Rate: 0.3
Fault: [0,1,2,2,4,5], logL: -29.209880, Exp of LogL: 0.000000, Normalized LogL: -0.942254, Exp of Normalized LogL: 0.389748, Best Rate: 0.3
Fault: [0,3,2,2,4,5], logL: -29.359177, Exp of LogL: 0.000000, Normalized LogL: -0.947070, Exp of Normalized LogL: 0.387876, Best Rate: 0.3
Fault: [0,0,2,2,4,5], logL: -29.475901, Exp of LogL: 0.000000, Normalized LogL: -0.950836, Exp of Normalized LogL: 0.386418, Best Rate: 0.3
Fault: [0,4,2,2,4,5], logL: -29.475901, Exp of LogL: 0.000000, Normalized LogL: -0.950836, Exp of Normalized LogL: 0.386418, Best Rate: 0.3
Fault: [0,5,2,2,4,5], logL: -29.475901, Exp of LogL: 0.000000, Normalized LogL: -0.950836, Exp of Normalized LogL: 0.386418, Best Rate: 0.3
Fault: [0,1,2,0,4,5], logL: -29.762966, Exp of LogL: 0.000000, Normalized LogL: -0.960096, Exp of Normalized LogL: 0.382856, Best Rate: 0.3
Fault: [0,1,2,5,4,5], logL: -31.115065, Exp of LogL: 0.000000, Normalized LogL: -1.003712, Exp of Normalized LogL: 0.366516, Best Rate: 0.3

========= ADAPTIVE MC DEBUG =========
Total calls: 310
Avg tries: 177.10
Confidence stops: 310
Max stops: 0
Max stop rate: 0.000
Real Fault Rank 4
================= 22/08/2026 05:04:52: SEED 89 END =================
================= 22/08/2026 05:04:52: SEED 90 (87/100), a*=1 fault=[0,0,2,3,4,5] START =================
===== SEED 90 | FR=0.3 | VR=20 =====
executing with fault mode: [0,0,2,3,4,5]

Fault scores (higher is better):
Fault: [0,3,2,3,4,5], logL: -6.564804, Exp of LogL: 0.001409, Normalized LogL: -1.641201, Exp of Normalized LogL: 0.193747, Best Rate: 0.3
Fault: [0,1,2,3,4,5], logL: -6.873470, Exp of LogL: 0.001035, Normalized LogL: -1.718367, Exp of Normalized LogL: 0.179359, Best Rate: 0.3
Fault: [0,0,2,3,0,5], logL: -7.446569, Exp of LogL: 0.000583, Normalized LogL: -1.861642, Exp of Normalized LogL: 0.155417, Best Rate: 0.3
Fault: [0,0,2,3,4,5], logL: -7.466372, Exp of LogL: 0.000572, Normalized LogL: -1.866593, Exp of Normalized LogL: 0.154650, Best Rate: 0.3
Fault: [0,0,2,3,3,5], logL: -7.605634, Exp of LogL: 0.000498, Normalized LogL: -1.901408, Exp of Normalized LogL: 0.149358, Best Rate: 0.3
Fault: [0,2,2,3,4,5], logL: -7.648693, Exp of LogL: 0.000477, Normalized LogL: -1.912173, Exp of Normalized LogL: 0.147759, Best Rate: 0.3
Fault: [0,5,2,3,4,5], logL: -7.771295, Exp of LogL: 0.000422, Normalized LogL: -1.942824, Exp of Normalized LogL: 0.143299, Best Rate: 0.3
Fault: [0,4,2,3,4,5], logL: -7.771295, Exp of LogL: 0.000422, Normalized LogL: -1.942824, Exp of Normalized LogL: 0.143299, Best Rate: 0.3
Fault: [0,0,2,3,5,5], logL: -7.794876, Exp of LogL: 0.000412, Normalized LogL: -1.948719, Exp of Normalized LogL: 0.142456, Best Rate: 0.3
Fault: [0,0,2,3,1,5], logL: -7.794876, Exp of LogL: 0.000412, Normalized LogL: -1.948719, Exp of Normalized LogL: 0.142456, Best Rate: 0.3

========= ADAPTIVE MC DEBUG =========
Total calls: 40
Avg tries: 176.25
Confidence stops: 40
Max stops: 0
Max stop rate: 0.000
Real Fault Rank 4
===== SEED 90 | FR=0.3 | VR=40 =====
executing with fault mode: [0,0,2,3,4,5]

Fault scores (higher is better):
Fault: [0,3,2,3,4,5], logL: -7.265569, Exp of LogL: 0.000699, Normalized LogL: -0.908196, Exp of Normalized LogL: 0.403251, Best Rate: 0.3
Fault: [0,0,2,3,4,5], logL: -7.884167, Exp of LogL: 0.000377, Normalized LogL: -0.985521, Exp of Normalized LogL: 0.373245, Best Rate: 0.3
Fault: [0,2,2,3,4,5], logL: -7.919758, Exp of LogL: 0.000363, Normalized LogL: -0.989970, Exp of Normalized LogL: 0.371588, Best Rate: 0.3
Fault: [0,5,2,3,4,5], logL: -8.046509, Exp of LogL: 0.000320, Normalized LogL: -1.005814, Exp of Normalized LogL: 0.365747, Best Rate: 0.3
Fault: [0,4,2,3,4,5], logL: -8.046509, Exp of LogL: 0.000320, Normalized LogL: -1.005814, Exp of Normalized LogL: 0.365747, Best Rate: 0.3
Fault: [0,0,2,3,0,5], logL: -8.117323, Exp of LogL: 0.000298, Normalized LogL: -1.014665, Exp of Normalized LogL: 0.362524, Best Rate: 0.3
Fault: [0,1,2,3,4,5], logL: -8.139442, Exp of LogL: 0.000292, Normalized LogL: -1.017430, Exp of Normalized LogL: 0.361523, Best Rate: 0.3
Fault: [0,0,2,3,3,5], logL: -8.145494, Exp of LogL: 0.000290, Normalized LogL: -1.018187, Exp of Normalized LogL: 0.361249, Best Rate: 0.3
Fault: [0,0,2,3,5,5], logL: -8.204334, Exp of LogL: 0.000273, Normalized LogL: -1.025542, Exp of Normalized LogL: 0.358602, Best Rate: 0.3
Fault: [0,0,2,3,1,5], logL: -8.204334, Exp of LogL: 0.000273, Normalized LogL: -1.025542, Exp of Normalized LogL: 0.358602, Best Rate: 0.3

========= ADAPTIVE MC DEBUG =========
Total calls: 80
Avg tries: 181.88
Confidence stops: 80
Max stops: 0
Max stop rate: 0.000
Real Fault Rank 2
===== SEED 90 | FR=0.3 | VR=60 =====
executing with fault mode: [0,0,2,3,4,5]

Fault scores (higher is better):
Fault: [0,3,2,3,4,5], logL: -10.344881, Exp of LogL: 0.000032, Normalized LogL: -0.862073, Exp of Normalized LogL: 0.422286, Best Rate: 0.3
Fault: [0,2,2,3,4,5], logL: -11.099153, Exp of LogL: 0.000015, Normalized LogL: -0.924929, Exp of Normalized LogL: 0.396559, Best Rate: 0.3
Fault: [0,5,2,3,4,5], logL: -11.099153, Exp of LogL: 0.000015, Normalized LogL: -0.924929, Exp of Normalized LogL: 0.396559, Best Rate: 0.3
Fault: [0,4,2,3,4,5], logL: -11.099153, Exp of LogL: 0.000015, Normalized LogL: -0.924929, Exp of Normalized LogL: 0.396559, Best Rate: 0.3
Fault: [0,1,2,3,4,5], logL: -11.136516, Exp of LogL: 0.000015, Normalized LogL: -0.928043, Exp of Normalized LogL: 0.395327, Best Rate: 0.3
Fault: [0,0,2,3,4,5], logL: -11.286706, Exp of LogL: 0.000013, Normalized LogL: -0.940559, Exp of Normalized LogL: 0.390410, Best Rate: 0.3
Fault: [0,0,2,3,0,5], logL: -11.489924, Exp of LogL: 0.000010, Normalized LogL: -0.957494, Exp of Normalized LogL: 0.383854, Best Rate: 0.3
Fault: [0,0,2,3,3,5], logL: -11.518095, Exp of LogL: 0.000010, Normalized LogL: -0.959841, Exp of Normalized LogL: 0.382954, Best Rate: 0.3
Fault: [0,0,2,3,5,5], logL: -11.576936, Exp of LogL: 0.000009, Normalized LogL: -0.964745, Exp of Normalized LogL: 0.381080, Best Rate: 0.3
Fault: [0,0,2,3,1,5], logL: -11.576936, Exp of LogL: 0.000009, Normalized LogL: -0.964745, Exp of Normalized LogL: 0.381080, Best Rate: 0.3

========= ADAPTIVE MC DEBUG =========
Total calls: 120
Avg tries: 181.25
Confidence stops: 120
Max stops: 0
Max stop rate: 0.000
Real Fault Rank 6
===== SEED 90 | FR=0.3 | VR=80 =====
executing with fault mode: [0,0,2,3,4,5]

Fault scores (higher is better):
Fault: [0,3,2,3,4,5], logL: -12.526028, Exp of LogL: 0.000004, Normalized LogL: -0.782877, Exp of Normalized LogL: 0.457089, Best Rate: 0.3
Fault: [0,2,2,3,4,5], logL: -13.196918, Exp of LogL: 0.000002, Normalized LogL: -0.824807, Exp of Normalized LogL: 0.438319, Best Rate: 0.3
Fault: [0,5,2,3,4,5], logL: -13.196918, Exp of LogL: 0.000002, Normalized LogL: -0.824807, Exp of Normalized LogL: 0.438319, Best Rate: 0.3
Fault: [0,4,2,3,4,5], logL: -13.196918, Exp of LogL: 0.000002, Normalized LogL: -0.824807, Exp of Normalized LogL: 0.438319, Best Rate: 0.3
Fault: [0,0,2,3,4,5], logL: -13.384471, Exp of LogL: 0.000002, Normalized LogL: -0.836529, Exp of Normalized LogL: 0.433211, Best Rate: 0.3
Fault: [0,1,2,3,4,5], logL: -13.548774, Exp of LogL: 0.000001, Normalized LogL: -0.846798, Exp of Normalized LogL: 0.428786, Best Rate: 0.3
Fault: [0,0,2,3,0,5], logL: -13.587689, Exp of LogL: 0.000001, Normalized LogL: -0.849231, Exp of Normalized LogL: 0.427744, Best Rate: 0.3
Fault: [0,0,2,3,3,5], logL: -13.615860, Exp of LogL: 0.000001, Normalized LogL: -0.850991, Exp of Normalized LogL: 0.426991, Best Rate: 0.3
Fault: [0,0,2,3,5,5], logL: -13.674700, Exp of LogL: 0.000001, Normalized LogL: -0.854669, Exp of Normalized LogL: 0.425424, Best Rate: 0.3
Fault: [0,0,2,3,1,5], logL: -13.674700, Exp of LogL: 0.000001, Normalized LogL: -0.854669, Exp of Normalized LogL: 0.425424, Best Rate: 0.3

========= ADAPTIVE MC DEBUG =========
Total calls: 160
Avg tries: 182.81
Confidence stops: 160
Max stops: 0
Max stop rate: 0.000
Real Fault Rank 5
===== SEED 90 | FR=0.3 | VR=100 =====
executing with fault mode: [0,0,2,3,4,5]

Fault scores (higher is better):
Fault: [0,0,2,3,4,5], logL: -14.990379, Exp of LogL: 0.000000, Normalized LogL: -0.749519, Exp of Normalized LogL: 0.472594, Best Rate: 0.3
Fault: [0,0,2,3,0,5], logL: -15.347054, Exp of LogL: 0.000000, Normalized LogL: -0.767353, Exp of Normalized LogL: 0.464240, Best Rate: 0.3
Fault: [0,0,2,3,5,5], logL: -15.347054, Exp of LogL: 0.000000, Normalized LogL: -0.767353, Exp of Normalized LogL: 0.464240, Best Rate: 0.3
Fault: [0,0,2,3,1,5], logL: -15.347054, Exp of LogL: 0.000000, Normalized LogL: -0.767353, Exp of Normalized LogL: 0.464240, Best Rate: 0.3
Fault: [0,0,2,3,3,5], logL: -15.347054, Exp of LogL: 0.000000, Normalized LogL: -0.767353, Exp of Normalized LogL: 0.464240, Best Rate: 0.3
Fault: [0,3,2,3,4,5], logL: -15.569471, Exp of LogL: 0.000000, Normalized LogL: -0.778474, Exp of Normalized LogL: 0.459106, Best Rate: 0.3
Fault: [0,1,2,3,4,5], logL: -40.254444, Exp of LogL: 0.000000, Normalized LogL: -2.012722, Exp of Normalized LogL: 0.133624, Best Rate: 0.3
Fault: [0,2,2,3,4,5], logL: -41.369637, Exp of LogL: 0.000000, Normalized LogL: -2.068482, Exp of Normalized LogL: 0.126377, Best Rate: 0.3
Fault: [0,5,2,3,4,5], logL: -41.369637, Exp of LogL: 0.000000, Normalized LogL: -2.068482, Exp of Normalized LogL: 0.126377, Best Rate: 0.3
Fault: [0,4,2,3,4,5], logL: -41.369637, Exp of LogL: 0.000000, Normalized LogL: -2.068482, Exp of Normalized LogL: 0.126377, Best Rate: 0.3

========= ADAPTIVE MC DEBUG =========
Total calls: 200
Avg tries: 183.75
Confidence stops: 200
Max stops: 0
Max stop rate: 0.000
Real Fault Rank 1
================= 22/08/2026 05:05:11: SEED 90 END =================
================= 22/08/2026 05:05:11: SEED 91 (88/100), a*=2 fault=[0,1,1,3,4,5] START =================
===== SEED 91 | FR=0.3 | VR=20 =====
executing with fault mode: [0,1,1,3,4,5]

Fault scores (higher is better):
Fault: [0,1,2,3,4,5], logL: -6.171815, Exp of LogL: 0.002087, Normalized LogL: -1.234363, Exp of Normalized LogL: 0.291020, Best Rate: 0.3
Fault: [0,1,1,3,4,5], logL: -6.631348, Exp of LogL: 0.001318, Normalized LogL: -1.326270, Exp of Normalized LogL: 0.265466, Best Rate: 0.3
Fault: [0,1,4,3,4,5], logL: -6.718359, Exp of LogL: 0.001209, Normalized LogL: -1.343672, Exp of Normalized LogL: 0.260886, Best Rate: 0.3
Fault: [0,1,5,3,4,5], logL: -6.718359, Exp of LogL: 0.001209, Normalized LogL: -1.343672, Exp of Normalized LogL: 0.260886, Best Rate: 0.3
Fault: [0,1,1,3,1,5], logL: -6.718359, Exp of LogL: 0.001209, Normalized LogL: -1.343672, Exp of Normalized LogL: 0.260886, Best Rate: 0.3
Fault: [0,1,1,3,5,5], logL: -6.718359, Exp of LogL: 0.001209, Normalized LogL: -1.343672, Exp of Normalized LogL: 0.260886, Best Rate: 0.3
Fault: [0,1,1,3,2,5], logL: -6.718359, Exp of LogL: 0.001209, Normalized LogL: -1.343672, Exp of Normalized LogL: 0.260886, Best Rate: 0.3
Fault: [0,1,1,3,0,5], logL: -6.813669, Exp of LogL: 0.001099, Normalized LogL: -1.362734, Exp of Normalized LogL: 0.255960, Best Rate: 0.3
Fault: [0,1,0,3,4,5], logL: -7.170344, Exp of LogL: 0.000769, Normalized LogL: -1.434069, Exp of Normalized LogL: 0.238337, Best Rate: 0.3
Fault: [0,1,3,3,4,5], logL: -7.506816, Exp of LogL: 0.000549, Normalized LogL: -1.501363, Exp of Normalized LogL: 0.222826, Best Rate: 0.3

========= ADAPTIVE MC DEBUG =========
Total calls: 50
Avg tries: 200.00
Confidence stops: 50
Max stops: 0
Max stop rate: 0.000
Real Fault Rank 2
===== SEED 91 | FR=0.3 | VR=40 =====
executing with fault mode: [0,1,1,3,4,5]

Fault scores (higher is better):
Fault: [0,1,2,3,4,5], logL: -34.527345, Exp of LogL: 0.000000, Normalized LogL: -3.836372, Exp of Normalized LogL: 0.021572, Best Rate: 0.3
Fault: [0,1,1,3,4,5], logL: -35.126966, Exp of LogL: 0.000000, Normalized LogL: -3.902996, Exp of Normalized LogL: 0.020181, Best Rate: 0.3
Fault: [0,1,1,3,0,5], logL: -35.240294, Exp of LogL: 0.000000, Normalized LogL: -3.915588, Exp of Normalized LogL: 0.019929, Best Rate: 0.3
Fault: [0,1,1,3,1,5], logL: -35.240294, Exp of LogL: 0.000000, Normalized LogL: -3.915588, Exp of Normalized LogL: 0.019929, Best Rate: 0.3
Fault: [0,1,1,3,5,5], logL: -35.240294, Exp of LogL: 0.000000, Normalized LogL: -3.915588, Exp of Normalized LogL: 0.019929, Best Rate: 0.3
Fault: [0,1,1,3,2,5], logL: -35.240294, Exp of LogL: 0.000000, Normalized LogL: -3.915588, Exp of Normalized LogL: 0.019929, Best Rate: 0.3
Fault: [0,1,0,3,4,5], logL: -35.820113, Exp of LogL: 0.000000, Normalized LogL: -3.980013, Exp of Normalized LogL: 0.018685, Best Rate: 0.3
Fault: [0,1,3,3,4,5], logL: -35.974264, Exp of LogL: 0.000000, Normalized LogL: -3.997140, Exp of Normalized LogL: 0.018368, Best Rate: 0.3
Fault: [0,1,4,3,4,5], logL: -36.261946, Exp of LogL: 0.000000, Normalized LogL: -4.029105, Exp of Normalized LogL: 0.017790, Best Rate: 0.3
Fault: [0,1,5,3,4,5], logL: -36.261946, Exp of LogL: 0.000000, Normalized LogL: -4.029105, Exp of Normalized LogL: 0.017790, Best Rate: 0.3

========= ADAPTIVE MC DEBUG =========
Total calls: 90
Avg tries: 188.89
Confidence stops: 90
Max stops: 0
Max stop rate: 0.000
Real Fault Rank 2
===== SEED 91 | FR=0.3 | VR=60 =====
executing with fault mode: [0,1,1,3,4,5]

Fault scores (higher is better):
Fault: [0,1,2,3,4,5], logL: -13.345517, Exp of LogL: 0.000002, Normalized LogL: -1.026578, Exp of Normalized LogL: 0.358231, Best Rate: 0.3
Fault: [0,1,1,3,4,5], logL: -14.054138, Exp of LogL: 0.000001, Normalized LogL: -1.081088, Exp of Normalized LogL: 0.339226, Best Rate: 0.3
Fault: [0,1,0,3,4,5], logL: -14.416759, Exp of LogL: 0.000001, Normalized LogL: -1.108981, Exp of Normalized LogL: 0.329895, Best Rate: 0.3
Fault: [0,1,1,3,0,5], logL: -14.433627, Exp of LogL: 0.000001, Normalized LogL: -1.110279, Exp of Normalized LogL: 0.329467, Best Rate: 0.3
Fault: [0,1,1,3,1,5], logL: -14.433627, Exp of LogL: 0.000001, Normalized LogL: -1.110279, Exp of Normalized LogL: 0.329467, Best Rate: 0.3
Fault: [0,1,1,3,5,5], logL: -14.433627, Exp of LogL: 0.000001, Normalized LogL: -1.110279, Exp of Normalized LogL: 0.329467, Best Rate: 0.3
Fault: [0,1,1,3,2,5], logL: -14.433627, Exp of LogL: 0.000001, Normalized LogL: -1.110279, Exp of Normalized LogL: 0.329467, Best Rate: 0.3
Fault: [0,1,3,3,4,5], logL: -14.706625, Exp of LogL: 0.000000, Normalized LogL: -1.131279, Exp of Normalized LogL: 0.322620, Best Rate: 0.3
Fault: [0,1,4,3,4,5], logL: -14.755415, Exp of LogL: 0.000000, Normalized LogL: -1.135032, Exp of Normalized LogL: 0.321412, Best Rate: 0.3
Fault: [0,1,5,3,4,5], logL: -14.755415, Exp of LogL: 0.000000, Normalized LogL: -1.135032, Exp of Normalized LogL: 0.321412, Best Rate: 0.3

========= ADAPTIVE MC DEBUG =========
Total calls: 130
Avg tries: 185.00
Confidence stops: 130
Max stops: 0
Max stop rate: 0.000
Real Fault Rank 2
===== SEED 91 | FR=0.3 | VR=80 =====
executing with fault mode: [0,1,1,3,4,5]

Fault scores (higher is better):
Fault: [0,1,1,3,4,5], logL: -15.949011, Exp of LogL: 0.000000, Normalized LogL: -0.938177, Exp of Normalized LogL: 0.391341, Best Rate: 0.3
Fault: [0,1,2,3,4,5], logL: -16.105085, Exp of LogL: 0.000000, Normalized LogL: -0.947358, Exp of Normalized LogL: 0.387764, Best Rate: 0.3
Fault: [0,1,1,3,0,5], logL: -16.334673, Exp of LogL: 0.000000, Normalized LogL: -0.960863, Exp of Normalized LogL: 0.382563, Best Rate: 0.3
Fault: [0,1,1,3,1,5], logL: -16.334673, Exp of LogL: 0.000000, Normalized LogL: -0.960863, Exp of Normalized LogL: 0.382563, Best Rate: 0.3
Fault: [0,1,1,3,5,5], logL: -16.334673, Exp of LogL: 0.000000, Normalized LogL: -0.960863, Exp of Normalized LogL: 0.382563, Best Rate: 0.3
Fault: [0,1,1,3,2,5], logL: -16.334673, Exp of LogL: 0.000000, Normalized LogL: -0.960863, Exp of Normalized LogL: 0.382563, Best Rate: 0.3
Fault: [0,1,3,3,4,5], logL: -17.731201, Exp of LogL: 0.000000, Normalized LogL: -1.043012, Exp of Normalized LogL: 0.352392, Best Rate: 0.3
Fault: [0,1,0,3,4,5], logL: -17.791429, Exp of LogL: 0.000000, Normalized LogL: -1.046555, Exp of Normalized LogL: 0.351145, Best Rate: 0.3
Fault: [0,1,4,3,4,5], logL: -17.954344, Exp of LogL: 0.000000, Normalized LogL: -1.056138, Exp of Normalized LogL: 0.347796, Best Rate: 0.3
Fault: [0,1,5,3,4,5], logL: -17.954344, Exp of LogL: 0.000000, Normalized LogL: -1.056138, Exp of Normalized LogL: 0.347796, Best Rate: 0.3

========= ADAPTIVE MC DEBUG =========
Total calls: 170
Avg tries: 183.53
Confidence stops: 170
Max stops: 0
Max stop rate: 0.000
Real Fault Rank 1
===== SEED 91 | FR=0.3 | VR=100 =====
executing with fault mode: [0,1,1,3,4,5]

Fault scores (higher is better):
Fault: [0,1,2,3,4,5], logL: -16.399249, Exp of LogL: 0.000000, Normalized LogL: -0.745420, Exp of Normalized LogL: 0.474535, Best Rate: 0.3
Fault: [0,1,1,3,4,5], logL: -16.443989, Exp of LogL: 0.000000, Normalized LogL: -0.747454, Exp of Normalized LogL: 0.473571, Best Rate: 0.3
Fault: [0,1,1,3,0,5], logL: -16.829651, Exp of LogL: 0.000000, Normalized LogL: -0.764984, Exp of Normalized LogL: 0.465341, Best Rate: 0.3
Fault: [0,1,1,3,1,5], logL: -16.829651, Exp of LogL: 0.000000, Normalized LogL: -0.764984, Exp of Normalized LogL: 0.465341, Best Rate: 0.3
Fault: [0,1,1,3,5,5], logL: -16.829651, Exp of LogL: 0.000000, Normalized LogL: -0.764984, Exp of Normalized LogL: 0.465341, Best Rate: 0.3
Fault: [0,1,1,3,2,5], logL: -16.829651, Exp of LogL: 0.000000, Normalized LogL: -0.764984, Exp of Normalized LogL: 0.465341, Best Rate: 0.3
Fault: [0,1,3,3,4,5], logL: -17.756175, Exp of LogL: 0.000000, Normalized LogL: -0.807099, Exp of Normalized LogL: 0.446151, Best Rate: 0.3
Fault: [0,1,0,3,4,5], logL: -17.806251, Exp of LogL: 0.000000, Normalized LogL: -0.809375, Exp of Normalized LogL: 0.445136, Best Rate: 0.3
Fault: [0,1,4,3,4,5], logL: -18.066330, Exp of LogL: 0.000000, Normalized LogL: -0.821197, Exp of Normalized LogL: 0.439905, Best Rate: 0.3
Fault: [0,1,5,3,4,5], logL: -18.066330, Exp of LogL: 0.000000, Normalized LogL: -0.821197, Exp of Normalized LogL: 0.439905, Best Rate: 0.3

========= ADAPTIVE MC DEBUG =========
Total calls: 220
Avg tries: 186.14
Confidence stops: 220
Max stops: 0
Max stop rate: 0.000
Real Fault Rank 2
================= 22/08/2026 05:05:32: SEED 91 END =================
================= 22/08/2026 05:05:32: SEED 92 (89/100), a*=2 fault=[0,1,0,3,4,5] START =================
===== SEED 92 | FR=0.3 | VR=20 =====
executing with fault mode: [0,1,0,3,4,5]

executing with fault mode: [0,1,0,3,4,5]

Fault scores (higher is better):
Fault: [0,1,4,3,4,5], logL: -2.929074, Exp of LogL: 0.053447, Normalized LogL: -0.976358, Exp of Normalized LogL: 0.376680, Best Rate: 0.3
Fault: [0,1,5,3,4,5], logL: -2.929074, Exp of LogL: 0.053447, Normalized LogL: -0.976358, Exp of Normalized LogL: 0.376680, Best Rate: 0.3
Fault: [0,1,0,4,4,5], logL: -3.042635, Exp of LogL: 0.047709, Normalized LogL: -1.014212, Exp of Normalized LogL: 0.362688, Best Rate: 0.3
Fault: [0,1,0,5,4,5], logL: -3.042635, Exp of LogL: 0.047709, Normalized LogL: -1.014212, Exp of Normalized LogL: 0.362688, Best Rate: 0.3
Fault: [0,1,0,2,4,5], logL: -3.042635, Exp of LogL: 0.047709, Normalized LogL: -1.014212, Exp of Normalized LogL: 0.362688, Best Rate: 0.3
Fault: [0,1,3,3,4,5], logL: -3.321116, Exp of LogL: 0.036113, Normalized LogL: -1.107039, Exp of Normalized LogL: 0.330536, Best Rate: 0.3
Fault: [0,1,0,0,4,5], logL: -3.341128, Exp of LogL: 0.035397, Normalized LogL: -1.113709, Exp of Normalized LogL: 0.328339, Best Rate: 0.3
Fault: [0,1,2,3,4,5], logL: -3.387975, Exp of LogL: 0.033777, Normalized LogL: -1.129325, Exp of Normalized LogL: 0.323251, Best Rate: 0.3
Fault: [0,1,0,3,4,5], logL: -3.432100, Exp of LogL: 0.032319, Normalized LogL: -1.144033, Exp of Normalized LogL: 0.318532, Best Rate: 0.3
Fault: [0,1,1,3,4,5], logL: -3.506208, Exp of LogL: 0.030010, Normalized LogL: -1.168736, Exp of Normalized LogL: 0.310759, Best Rate: 0.3

========= ADAPTIVE MC DEBUG =========
Total calls: 30
Avg tries: 200.00
Confidence stops: 30
Max stops: 0
Max stop rate: 0.000
Real Fault Rank 9
===== SEED 92 | FR=0.3 | VR=40 =====
executing with fault mode: [0,1,0,3,4,5]

executing with fault mode: [0,1,0,3,4,5]

Fault scores (higher is better):
Fault: [0,1,4,3,4,5], logL: -4.224219, Exp of LogL: 0.014637, Normalized LogL: -0.844844, Exp of Normalized LogL: 0.429624, Best Rate: 0.3
Fault: [0,1,5,3,4,5], logL: -4.224219, Exp of LogL: 0.014637, Normalized LogL: -0.844844, Exp of Normalized LogL: 0.429624, Best Rate: 0.3
Fault: [0,1,2,3,4,5], logL: -4.400829, Exp of LogL: 0.012267, Normalized LogL: -0.880166, Exp of Normalized LogL: 0.414714, Best Rate: 0.3
Fault: [0,1,0,4,4,5], logL: -4.416783, Exp of LogL: 0.012073, Normalized LogL: -0.883357, Exp of Normalized LogL: 0.413393, Best Rate: 0.3
Fault: [0,1,0,5,4,5], logL: -4.416783, Exp of LogL: 0.012073, Normalized LogL: -0.883357, Exp of Normalized LogL: 0.413393, Best Rate: 0.3
Fault: [0,1,0,2,4,5], logL: -4.416783, Exp of LogL: 0.012073, Normalized LogL: -0.883357, Exp of Normalized LogL: 0.413393, Best Rate: 0.3
Fault: [0,1,0,3,4,5], logL: -4.674612, Exp of LogL: 0.009329, Normalized LogL: -0.934922, Exp of Normalized LogL: 0.392616, Best Rate: 0.3
Fault: [0,1,0,0,4,5], logL: -4.735237, Exp of LogL: 0.008780, Normalized LogL: -0.947047, Exp of Normalized LogL: 0.387885, Best Rate: 0.3
Fault: [0,1,1,3,4,5], logL: -4.945071, Exp of LogL: 0.007118, Normalized LogL: -0.989014, Exp of Normalized LogL: 0.371943, Best Rate: 0.3
Fault: [0,1,3,3,4,5], logL: -5.034416, Exp of LogL: 0.006510, Normalized LogL: -1.006883, Exp of Normalized LogL: 0.365356, Best Rate: 0.3

========= ADAPTIVE MC DEBUG =========
Total calls: 50
Avg tries: 190.00
Confidence stops: 50
Max stops: 0
Max stop rate: 0.000
Real Fault Rank 7
===== SEED 92 | FR=0.3 | VR=60 =====
executing with fault mode: [0,1,0,3,4,5]

executing with fault mode: [0,1,0,3,4,5]

Fault scores (higher is better):
Fault: [0,1,2,3,4,5], logL: -5.014191, Exp of LogL: 0.006643, Normalized LogL: -0.716313, Exp of Normalized LogL: 0.488550, Best Rate: 0.3
Fault: [0,1,0,4,4,5], logL: -5.162277, Exp of LogL: 0.005729, Normalized LogL: -0.737468, Exp of Normalized LogL: 0.478323, Best Rate: 0.3
Fault: [0,1,0,5,4,5], logL: -5.162277, Exp of LogL: 0.005729, Normalized LogL: -0.737468, Exp of Normalized LogL: 0.478323, Best Rate: 0.3
Fault: [0,1,0,2,4,5], logL: -5.162277, Exp of LogL: 0.005729, Normalized LogL: -0.737468, Exp of Normalized LogL: 0.478323, Best Rate: 0.3
Fault: [0,1,0,3,4,5], logL: -5.355567, Exp of LogL: 0.004722, Normalized LogL: -0.765081, Exp of Normalized LogL: 0.465296, Best Rate: 0.3
Fault: [0,1,1,3,4,5], logL: -5.555588, Exp of LogL: 0.003866, Normalized LogL: -0.793655, Exp of Normalized LogL: 0.452189, Best Rate: 0.3
Fault: [0,1,0,0,4,5], logL: -5.790885, Exp of LogL: 0.003055, Normalized LogL: -0.827269, Exp of Normalized LogL: 0.437242, Best Rate: 0.3
Fault: [0,1,3,3,4,5], logL: -5.888940, Exp of LogL: 0.002770, Normalized LogL: -0.841277, Exp of Normalized LogL: 0.431159, Best Rate: 0.3
Fault: [0,1,4,3,4,5], logL: -5.936193, Exp of LogL: 0.002642, Normalized LogL: -0.848028, Exp of Normalized LogL: 0.428259, Best Rate: 0.3
Fault: [0,1,5,3,4,5], logL: -5.936193, Exp of LogL: 0.002642, Normalized LogL: -0.848028, Exp of Normalized LogL: 0.428259, Best Rate: 0.3

========= ADAPTIVE MC DEBUG =========
Total calls: 70
Avg tries: 185.00
Confidence stops: 70
Max stops: 0
Max stop rate: 0.000
Real Fault Rank 5
===== SEED 92 | FR=0.3 | VR=80 =====
executing with fault mode: [0,1,0,3,4,5]

executing with fault mode: [0,1,0,3,4,5]

Fault scores (higher is better):
Fault: [0,1,2,3,4,5], logL: -5.003526, Exp of LogL: 0.006714, Normalized LogL: -0.555947, Exp of Normalized LogL: 0.573529, Best Rate: 0.3
Fault: [0,1,0,4,4,5], logL: -5.434010, Exp of LogL: 0.004366, Normalized LogL: -0.603779, Exp of Normalized LogL: 0.546742, Best Rate: 0.3
Fault: [0,1,0,5,4,5], logL: -5.434010, Exp of LogL: 0.004366, Normalized LogL: -0.603779, Exp of Normalized LogL: 0.546742, Best Rate: 0.3
Fault: [0,1,0,2,4,5], logL: -5.434010, Exp of LogL: 0.004366, Normalized LogL: -0.603779, Exp of Normalized LogL: 0.546742, Best Rate: 0.3
Fault: [0,1,0,3,4,5], logL: -5.627300, Exp of LogL: 0.003598, Normalized LogL: -0.625256, Exp of Normalized LogL: 0.535125, Best Rate: 0.3
Fault: [0,1,1,3,4,5], logL: -5.641491, Exp of LogL: 0.003548, Normalized LogL: -0.626832, Exp of Normalized LogL: 0.534282, Best Rate: 0.3
Fault: [0,1,3,3,4,5], logL: -5.989682, Exp of LogL: 0.002504, Normalized LogL: -0.665520, Exp of Normalized LogL: 0.514006, Best Rate: 0.3
Fault: [0,1,4,3,4,5], logL: -6.036935, Exp of LogL: 0.002389, Normalized LogL: -0.670771, Exp of Normalized LogL: 0.511314, Best Rate: 0.3
Fault: [0,1,5,3,4,5], logL: -6.036935, Exp of LogL: 0.002389, Normalized LogL: -0.670771, Exp of Normalized LogL: 0.511314, Best Rate: 0.3
Fault: [0,1,0,0,4,5], logL: -6.062618, Exp of LogL: 0.002328, Normalized LogL: -0.673624, Exp of Normalized LogL: 0.509857, Best Rate: 0.3

========= ADAPTIVE MC DEBUG =========
Total calls: 90
Avg tries: 190.00
Confidence stops: 90
Max stops: 0
Max stop rate: 0.000
Real Fault Rank 5
===== SEED 92 | FR=0.3 | VR=100 =====
executing with fault mode: [0,1,0,3,4,5]

executing with fault mode: [0,1,0,3,4,5]

Fault scores (higher is better):
Fault: [0,1,2,3,4,5], logL: -6.724987, Exp of LogL: 0.001201, Normalized LogL: -0.560416, Exp of Normalized LogL: 0.570972, Best Rate: 0.3
Fault: [0,1,0,3,4,5], logL: -6.802844, Exp of LogL: 0.001111, Normalized LogL: -0.566904, Exp of Normalized LogL: 0.567279, Best Rate: 0.3
Fault: [0,1,0,0,4,5], logL: -7.090526, Exp of LogL: 0.000833, Normalized LogL: -0.590877, Exp of Normalized LogL: 0.553841, Best Rate: 0.3
Fault: [0,1,0,4,4,5], logL: -7.160731, Exp of LogL: 0.000776, Normalized LogL: -0.596728, Exp of Normalized LogL: 0.550611, Best Rate: 0.3
Fault: [0,1,0,5,4,5], logL: -7.160731, Exp of LogL: 0.000776, Normalized LogL: -0.596728, Exp of Normalized LogL: 0.550611, Best Rate: 0.3
Fault: [0,1,0,2,4,5], logL: -7.160731, Exp of LogL: 0.000776, Normalized LogL: -0.596728, Exp of Normalized LogL: 0.550611, Best Rate: 0.3
Fault: [0,1,3,3,4,5], logL: -7.577612, Exp of LogL: 0.000512, Normalized LogL: -0.631468, Exp of Normalized LogL: 0.531811, Best Rate: 0.3
Fault: [0,1,1,3,4,5], logL: -7.789036, Exp of LogL: 0.000414, Normalized LogL: -0.649086, Exp of Normalized LogL: 0.522523, Best Rate: 0.3
Fault: [0,1,4,3,4,5], logL: -8.063119, Exp of LogL: 0.000315, Normalized LogL: -0.671927, Exp of Normalized LogL: 0.510724, Best Rate: 0.3
Fault: [0,1,5,3,4,5], logL: -8.063119, Exp of LogL: 0.000315, Normalized LogL: -0.671927, Exp of Normalized LogL: 0.510724, Best Rate: 0.3

========= ADAPTIVE MC DEBUG =========
Total calls: 120
Avg tries: 182.50
Confidence stops: 120
Max stops: 0
Max stop rate: 0.000
Real Fault Rank 2
================= 22/08/2026 05:05:44: SEED 92 END =================
================= 22/08/2026 05:05:44: SEED 93 (90/100), a*=2 fault=[0,1,1,3,4,5] START =================
===== SEED 93 | FR=0.3 | VR=20 =====
executing with fault mode: [0,1,1,3,4,5]

Fault scores (higher is better):
Fault: [0,1,0,3,4,5], logL: -9.915556, Exp of LogL: 0.000049, Normalized LogL: -1.652593, Exp of Normalized LogL: 0.191553, Best Rate: 0.3
Fault: [0,1,1,3,0,5], logL: -9.930155, Exp of LogL: 0.000049, Normalized LogL: -1.655026, Exp of Normalized LogL: 0.191087, Best Rate: 0.3
Fault: [0,1,1,3,5,5], logL: -9.930155, Exp of LogL: 0.000049, Normalized LogL: -1.655026, Exp of Normalized LogL: 0.191087, Best Rate: 0.3
Fault: [0,1,2,3,4,5], logL: -10.033339, Exp of LogL: 0.000044, Normalized LogL: -1.672223, Exp of Normalized LogL: 0.187829, Best Rate: 0.3
Fault: [0,1,1,3,1,5], logL: -10.153298, Exp of LogL: 0.000039, Normalized LogL: -1.692216, Exp of Normalized LogL: 0.184111, Best Rate: 0.3
Fault: [0,1,1,3,2,5], logL: -10.195858, Exp of LogL: 0.000037, Normalized LogL: -1.699310, Exp of Normalized LogL: 0.182810, Best Rate: 0.3
Fault: [0,1,1,3,4,5], logL: -10.195858, Exp of LogL: 0.000037, Normalized LogL: -1.699310, Exp of Normalized LogL: 0.182810, Best Rate: 0.3
Fault: [0,1,5,3,4,5], logL: -10.303779, Exp of LogL: 0.000034, Normalized LogL: -1.717297, Exp of Normalized LogL: 0.179551, Best Rate: 0.3
Fault: [0,1,4,3,4,5], logL: -10.303779, Exp of LogL: 0.000034, Normalized LogL: -1.717297, Exp of Normalized LogL: 0.179551, Best Rate: 0.3
Fault: [0,1,3,3,4,5], logL: -10.490097, Exp of LogL: 0.000028, Normalized LogL: -1.748350, Exp of Normalized LogL: 0.174061, Best Rate: 0.3

========= ADAPTIVE MC DEBUG =========
Total calls: 60
Avg tries: 184.17
Confidence stops: 60
Max stops: 0
Max stop rate: 0.000
Real Fault Rank 7
===== SEED 93 | FR=0.3 | VR=40 =====
executing with fault mode: [0,1,1,3,4,5]

Fault scores (higher is better):
Fault: [0,1,0,3,4,5], logL: -12.456466, Exp of LogL: 0.000004, Normalized LogL: -1.132406, Exp of Normalized LogL: 0.322257, Best Rate: 0.3
Fault: [0,1,2,3,4,5], logL: -13.926030, Exp of LogL: 0.000001, Normalized LogL: -1.266003, Exp of Normalized LogL: 0.281956, Best Rate: 0.3
Fault: [0,1,1,3,4,5], logL: -14.389068, Exp of LogL: 0.000001, Normalized LogL: -1.308097, Exp of Normalized LogL: 0.270334, Best Rate: 0.3
Fault: [0,1,3,3,4,5], logL: -14.444688, Exp of LogL: 0.000001, Normalized LogL: -1.313153, Exp of Normalized LogL: 0.268971, Best Rate: 0.3
Fault: [0,1,1,3,0,5], logL: -14.781288, Exp of LogL: 0.000000, Normalized LogL: -1.343753, Exp of Normalized LogL: 0.260865, Best Rate: 0.3
Fault: [0,1,1,3,2,5], logL: -14.781288, Exp of LogL: 0.000000, Normalized LogL: -1.343753, Exp of Normalized LogL: 0.260865, Best Rate: 0.3
Fault: [0,1,1,3,1,5], logL: -14.781288, Exp of LogL: 0.000000, Normalized LogL: -1.343753, Exp of Normalized LogL: 0.260865, Best Rate: 0.3
Fault: [0,1,1,3,5,5], logL: -14.781288, Exp of LogL: 0.000000, Normalized LogL: -1.343753, Exp of Normalized LogL: 0.260865, Best Rate: 0.3
Fault: [0,1,5,3,4,5], logL: -15.137835, Exp of LogL: 0.000000, Normalized LogL: -1.376167, Exp of Normalized LogL: 0.252545, Best Rate: 0.3
Fault: [0,1,4,3,4,5], logL: -15.137835, Exp of LogL: 0.000000, Normalized LogL: -1.376167, Exp of Normalized LogL: 0.252545, Best Rate: 0.3

========= ADAPTIVE MC DEBUG =========
Total calls: 110
Avg tries: 180.00
Confidence stops: 110
Max stops: 0
Max stop rate: 0.000
Real Fault Rank 3
===== SEED 93 | FR=0.3 | VR=60 =====
executing with fault mode: [0,1,1,3,4,5]

Fault scores (higher is better):
Fault: [0,1,0,3,4,5], logL: -14.077940, Exp of LogL: 0.000001, Normalized LogL: -0.879871, Exp of Normalized LogL: 0.414836, Best Rate: 0.3
Fault: [0,1,2,3,4,5], logL: -15.298891, Exp of LogL: 0.000000, Normalized LogL: -0.956181, Exp of Normalized LogL: 0.384358, Best Rate: 0.3
Fault: [0,1,3,3,4,5], logL: -16.009921, Exp of LogL: 0.000000, Normalized LogL: -1.000620, Exp of Normalized LogL: 0.367651, Best Rate: 0.3
Fault: [0,1,5,3,4,5], logL: -16.415386, Exp of LogL: 0.000000, Normalized LogL: -1.025962, Exp of Normalized LogL: 0.358452, Best Rate: 0.3
Fault: [0,1,4,3,4,5], logL: -16.415386, Exp of LogL: 0.000000, Normalized LogL: -1.025962, Exp of Normalized LogL: 0.358452, Best Rate: 0.3
Fault: [0,1,1,3,4,5], logL: -16.483247, Exp of LogL: 0.000000, Normalized LogL: -1.030203, Exp of Normalized LogL: 0.356935, Best Rate: 0.3
Fault: [0,1,1,3,0,5], logL: -16.883725, Exp of LogL: 0.000000, Normalized LogL: -1.055233, Exp of Normalized LogL: 0.348111, Best Rate: 0.3
Fault: [0,1,1,3,2,5], logL: -16.883725, Exp of LogL: 0.000000, Normalized LogL: -1.055233, Exp of Normalized LogL: 0.348111, Best Rate: 0.3
Fault: [0,1,1,3,1,5], logL: -16.883725, Exp of LogL: 0.000000, Normalized LogL: -1.055233, Exp of Normalized LogL: 0.348111, Best Rate: 0.3
Fault: [0,1,1,3,5,5], logL: -16.883725, Exp of LogL: 0.000000, Normalized LogL: -1.055233, Exp of Normalized LogL: 0.348111, Best Rate: 0.3

========= ADAPTIVE MC DEBUG =========
Total calls: 160
Avg tries: 182.50
Confidence stops: 160
Max stops: 0
Max stop rate: 0.000
Real Fault Rank 6
===== SEED 93 | FR=0.3 | VR=80 =====
executing with fault mode: [0,1,1,3,4,5]

Fault scores (higher is better):
Fault: [0,1,0,3,4,5], logL: -17.822272, Exp of LogL: 0.000000, Normalized LogL: -0.848680, Exp of Normalized LogL: 0.427980, Best Rate: 0.3
Fault: [0,1,2,3,4,5], logL: -18.086147, Exp of LogL: 0.000000, Normalized LogL: -0.861245, Exp of Normalized LogL: 0.422636, Best Rate: 0.3
Fault: [0,1,3,3,4,5], logL: -18.725293, Exp of LogL: 0.000000, Normalized LogL: -0.891681, Exp of Normalized LogL: 0.409966, Best Rate: 0.3
Fault: [0,1,5,3,4,5], logL: -19.706123, Exp of LogL: 0.000000, Normalized LogL: -0.938387, Exp of Normalized LogL: 0.391259, Best Rate: 0.3
Fault: [0,1,4,3,4,5], logL: -19.706123, Exp of LogL: 0.000000, Normalized LogL: -0.938387, Exp of Normalized LogL: 0.391259, Best Rate: 0.3
Fault: [0,1,1,3,4,5], logL: -20.128295, Exp of LogL: 0.000000, Normalized LogL: -0.958490, Exp of Normalized LogL: 0.383471, Best Rate: 0.3
Fault: [0,1,1,3,0,5], logL: -20.528772, Exp of LogL: 0.000000, Normalized LogL: -0.977561, Exp of Normalized LogL: 0.376228, Best Rate: 0.3
Fault: [0,1,1,3,2,5], logL: -20.528772, Exp of LogL: 0.000000, Normalized LogL: -0.977561, Exp of Normalized LogL: 0.376228, Best Rate: 0.3
Fault: [0,1,1,3,1,5], logL: -20.528772, Exp of LogL: 0.000000, Normalized LogL: -0.977561, Exp of Normalized LogL: 0.376228, Best Rate: 0.3
Fault: [0,1,1,3,5,5], logL: -20.528772, Exp of LogL: 0.000000, Normalized LogL: -0.977561, Exp of Normalized LogL: 0.376228, Best Rate: 0.3

========= ADAPTIVE MC DEBUG =========
Total calls: 210
Avg tries: 182.62
Confidence stops: 210
Max stops: 0
Max stop rate: 0.000
Real Fault Rank 6
===== SEED 93 | FR=0.3 | VR=100 =====
executing with fault mode: [0,1,1,3,4,5]

Fault scores (higher is better):
Fault: [0,1,0,3,4,5], logL: -19.597442, Exp of LogL: 0.000000, Normalized LogL: -0.753748, Exp of Normalized LogL: 0.470600, Best Rate: 0.3
Fault: [0,1,3,3,4,5], logL: -21.075202, Exp of LogL: 0.000000, Normalized LogL: -0.810585, Exp of Normalized LogL: 0.444598, Best Rate: 0.3
Fault: [0,1,1,3,4,5], logL: -22.377543, Exp of LogL: 0.000000, Normalized LogL: -0.860675, Exp of Normalized LogL: 0.422877, Best Rate: 0.3
Fault: [0,1,1,3,0,5], logL: -22.778021, Exp of LogL: 0.000000, Normalized LogL: -0.876078, Exp of Normalized LogL: 0.416413, Best Rate: 0.3
Fault: [0,1,1,3,2,5], logL: -22.778021, Exp of LogL: 0.000000, Normalized LogL: -0.876078, Exp of Normalized LogL: 0.416413, Best Rate: 0.3
Fault: [0,1,1,3,1,5], logL: -22.778021, Exp of LogL: 0.000000, Normalized LogL: -0.876078, Exp of Normalized LogL: 0.416413, Best Rate: 0.3
Fault: [0,1,1,3,5,5], logL: -22.778021, Exp of LogL: 0.000000, Normalized LogL: -0.876078, Exp of Normalized LogL: 0.416413, Best Rate: 0.3
Fault: [0,1,2,3,4,5], logL: -44.988543, Exp of LogL: 0.000000, Normalized LogL: -1.730329, Exp of Normalized LogL: 0.177226, Best Rate: 0.3
Fault: [0,1,5,3,4,5], logL: -47.119258, Exp of LogL: 0.000000, Normalized LogL: -1.812279, Exp of Normalized LogL: 0.163282, Best Rate: 0.3
Fault: [0,1,4,3,4,5], logL: -47.119258, Exp of LogL: 0.000000, Normalized LogL: -1.812279, Exp of Normalized LogL: 0.163282, Best Rate: 0.3

========= ADAPTIVE MC DEBUG =========
Total calls: 260
Avg tries: 183.65
Confidence stops: 260
Max stops: 0
Max stop rate: 0.000
Real Fault Rank 3
================= 22/08/2026 05:06:09: SEED 93 END =================
================= 22/08/2026 05:06:09: SEED 94 (91/100), a*=0 fault=[5,1,2,3,4,5] START =================
===== SEED 94 | FR=0.3 | VR=20 =====
executing with fault mode: [5,1,2,3,4,5]

executing with fault mode: [5,1,2,3,4,5]

Fault scores (higher is better):
Fault: [5,1,2,3,3,5], logL: -7.556465, Exp of LogL: 0.000523, Normalized LogL: -1.889116, Exp of Normalized LogL: 0.151205, Best Rate: 0.3
Fault: [5,1,2,3,0,5], logL: -7.602985, Exp of LogL: 0.000499, Normalized LogL: -1.900746, Exp of Normalized LogL: 0.149457, Best Rate: 0.3
Fault: [4,1,2,3,4,5], logL: -7.757135, Exp of LogL: 0.000428, Normalized LogL: -1.939284, Exp of Normalized LogL: 0.143807, Best Rate: 0.3
Fault: [2,1,2,3,4,5], logL: -7.757135, Exp of LogL: 0.000428, Normalized LogL: -1.939284, Exp of Normalized LogL: 0.143807, Best Rate: 0.3
Fault: [5,1,2,3,4,5], logL: -7.757135, Exp of LogL: 0.000428, Normalized LogL: -1.939284, Exp of Normalized LogL: 0.143807, Best Rate: 0.3
Fault: [1,1,2,3,4,5], logL: -7.757135, Exp of LogL: 0.000428, Normalized LogL: -1.939284, Exp of Normalized LogL: 0.143807, Best Rate: 0.3
Fault: [5,1,2,3,5,5], logL: -7.785306, Exp of LogL: 0.000416, Normalized LogL: -1.946327, Exp of Normalized LogL: 0.142798, Best Rate: 0.3
Fault: [5,1,2,3,1,5], logL: -7.785306, Exp of LogL: 0.000416, Normalized LogL: -1.946327, Exp of Normalized LogL: 0.142798, Best Rate: 0.3
Fault: [0,1,2,3,4,5], logL: -8.219759, Exp of LogL: 0.000269, Normalized LogL: -2.054940, Exp of Normalized LogL: 0.128101, Best Rate: 0.3
Fault: [3,1,2,3,4,5], logL: -8.413915, Exp of LogL: 0.000222, Normalized LogL: -2.103479, Exp of Normalized LogL: 0.122031, Best Rate: 0.3

========= ADAPTIVE MC DEBUG =========
Total calls: 40
Avg tries: 175.00
Confidence stops: 40
Max stops: 0
Max stop rate: 0.000
Real Fault Rank 5
===== SEED 94 | FR=0.3 | VR=40 =====
executing with fault mode: [5,1,2,3,4,5]

executing with fault mode: [5,1,2,3,4,5]

Fault scores (higher is better):
Fault: [5,1,2,3,5,5], logL: -8.350115, Exp of LogL: 0.000236, Normalized LogL: -1.192874, Exp of Normalized LogL: 0.303348, Best Rate: 0.3
Fault: [5,1,2,3,1,5], logL: -8.350115, Exp of LogL: 0.000236, Normalized LogL: -1.192874, Exp of Normalized LogL: 0.303348, Best Rate: 0.3
Fault: [5,1,2,3,0,5], logL: -8.397743, Exp of LogL: 0.000225, Normalized LogL: -1.199678, Exp of Normalized LogL: 0.301291, Best Rate: 0.3
Fault: [5,1,2,3,4,5], logL: -8.447754, Exp of LogL: 0.000214, Normalized LogL: -1.206822, Exp of Normalized LogL: 0.299146, Best Rate: 0.3
Fault: [5,1,2,3,3,5], logL: -8.473729, Exp of LogL: 0.000209, Normalized LogL: -1.210533, Exp of Normalized LogL: 0.298038, Best Rate: 0.3
Fault: [4,1,2,3,4,5], logL: -8.645580, Exp of LogL: 0.000176, Normalized LogL: -1.235083, Exp of Normalized LogL: 0.290811, Best Rate: 0.3
Fault: [2,1,2,3,4,5], logL: -8.645580, Exp of LogL: 0.000176, Normalized LogL: -1.235083, Exp of Normalized LogL: 0.290811, Best Rate: 0.3
Fault: [1,1,2,3,4,5], logL: -8.645580, Exp of LogL: 0.000176, Normalized LogL: -1.235083, Exp of Normalized LogL: 0.290811, Best Rate: 0.3
Fault: [0,1,2,3,4,5], logL: -9.123951, Exp of LogL: 0.000109, Normalized LogL: -1.303422, Exp of Normalized LogL: 0.271601, Best Rate: 0.3
Fault: [3,1,2,3,4,5], logL: -9.318107, Exp of LogL: 0.000090, Normalized LogL: -1.331158, Exp of Normalized LogL: 0.264171, Best Rate: 0.3

========= ADAPTIVE MC DEBUG =========
Total calls: 70
Avg tries: 178.57
Confidence stops: 70
Max stops: 0
Max stop rate: 0.000
Real Fault Rank 4
===== SEED 94 | FR=0.3 | VR=60 =====
executing with fault mode: [5,1,2,3,4,5]

executing with fault mode: [5,1,2,3,4,5]

Fault scores (higher is better):
Fault: [5,1,2,3,4,5], logL: -9.489743, Exp of LogL: 0.000076, Normalized LogL: -0.948974, Exp of Normalized LogL: 0.387138, Best Rate: 0.3
Fault: [5,1,2,3,0,5], logL: -9.507398, Exp of LogL: 0.000074, Normalized LogL: -0.950740, Exp of Normalized LogL: 0.386455, Best Rate: 0.3
Fault: [5,1,2,3,5,5], logL: -9.667741, Exp of LogL: 0.000063, Normalized LogL: -0.966774, Exp of Normalized LogL: 0.380308, Best Rate: 0.3
Fault: [5,1,2,3,3,5], logL: -9.667741, Exp of LogL: 0.000063, Normalized LogL: -0.966774, Exp of Normalized LogL: 0.380308, Best Rate: 0.3
Fault: [5,1,2,3,1,5], logL: -9.667741, Exp of LogL: 0.000063, Normalized LogL: -0.966774, Exp of Normalized LogL: 0.380308, Best Rate: 0.3
Fault: [0,1,2,3,4,5], logL: -10.422371, Exp of LogL: 0.000030, Normalized LogL: -1.042237, Exp of Normalized LogL: 0.352665, Best Rate: 0.3
Fault: [3,1,2,3,4,5], logL: -10.616527, Exp of LogL: 0.000025, Normalized LogL: -1.061653, Exp of Normalized LogL: 0.345884, Best Rate: 0.3
Fault: [4,1,2,3,4,5], logL: -10.770677, Exp of LogL: 0.000021, Normalized LogL: -1.077068, Exp of Normalized LogL: 0.340593, Best Rate: 0.3
Fault: [2,1,2,3,4,5], logL: -10.770677, Exp of LogL: 0.000021, Normalized LogL: -1.077068, Exp of Normalized LogL: 0.340593, Best Rate: 0.3
Fault: [1,1,2,3,4,5], logL: -10.770677, Exp of LogL: 0.000021, Normalized LogL: -1.077068, Exp of Normalized LogL: 0.340593, Best Rate: 0.3

========= ADAPTIVE MC DEBUG =========
Total calls: 100
Avg tries: 182.00
Confidence stops: 100
Max stops: 0
Max stop rate: 0.000
Real Fault Rank 1
===== SEED 94 | FR=0.3 | VR=80 =====
executing with fault mode: [5,1,2,3,4,5]

executing with fault mode: [5,1,2,3,4,5]

Fault scores (higher is better):
Fault: [5,1,2,3,4,5], logL: -9.791989, Exp of LogL: 0.000056, Normalized LogL: -0.753230, Exp of Normalized LogL: 0.470843, Best Rate: 0.3
Fault: [5,1,2,3,0,5], logL: -10.257108, Exp of LogL: 0.000035, Normalized LogL: -0.789008, Exp of Normalized LogL: 0.454295, Best Rate: 0.3
Fault: [5,1,2,3,3,5], logL: -10.333094, Exp of LogL: 0.000033, Normalized LogL: -0.794853, Exp of Normalized LogL: 0.451647, Best Rate: 0.3
Fault: [5,1,2,3,5,5], logL: -10.359762, Exp of LogL: 0.000032, Normalized LogL: -0.796905, Exp of Normalized LogL: 0.450722, Best Rate: 0.3
Fault: [5,1,2,3,1,5], logL: -10.359762, Exp of LogL: 0.000032, Normalized LogL: -0.796905, Exp of Normalized LogL: 0.450722, Best Rate: 0.3
Fault: [0,1,2,3,4,5], logL: -37.239590, Exp of LogL: 0.000000, Normalized LogL: -2.864584, Exp of Normalized LogL: 0.057007, Best Rate: 0.3
Fault: [3,1,2,3,4,5], logL: -37.388886, Exp of LogL: 0.000000, Normalized LogL: -2.876068, Exp of Normalized LogL: 0.056356, Best Rate: 0.3
Fault: [4,1,2,3,4,5], logL: -37.468223, Exp of LogL: 0.000000, Normalized LogL: -2.882171, Exp of Normalized LogL: 0.056013, Best Rate: 0.3
Fault: [2,1,2,3,4,5], logL: -37.468223, Exp of LogL: 0.000000, Normalized LogL: -2.882171, Exp of Normalized LogL: 0.056013, Best Rate: 0.3
Fault: [1,1,2,3,4,5], logL: -37.468223, Exp of LogL: 0.000000, Normalized LogL: -2.882171, Exp of Normalized LogL: 0.056013, Best Rate: 0.3

========= ADAPTIVE MC DEBUG =========
Total calls: 130
Avg tries: 183.85
Confidence stops: 130
Max stops: 0
Max stop rate: 0.000
Real Fault Rank 1
===== SEED 94 | FR=0.3 | VR=100 =====
executing with fault mode: [5,1,2,3,4,5]

executing with fault mode: [5,1,2,3,4,5]

Fault scores (higher is better):
Fault: [5,1,2,3,4,5], logL: -10.223209, Exp of LogL: 0.000036, Normalized LogL: -0.601365, Exp of Normalized LogL: 0.548063, Best Rate: 0.3
Fault: [5,1,2,3,5,5], logL: -11.317471, Exp of LogL: 0.000012, Normalized LogL: -0.665734, Exp of Normalized LogL: 0.513896, Best Rate: 0.3
Fault: [5,1,2,3,3,5], logL: -11.317471, Exp of LogL: 0.000012, Normalized LogL: -0.665734, Exp of Normalized LogL: 0.513896, Best Rate: 0.3
Fault: [5,1,2,3,0,5], logL: -11.317471, Exp of LogL: 0.000012, Normalized LogL: -0.665734, Exp of Normalized LogL: 0.513896, Best Rate: 0.3
Fault: [5,1,2,3,1,5], logL: -11.317471, Exp of LogL: 0.000012, Normalized LogL: -0.665734, Exp of Normalized LogL: 0.513896, Best Rate: 0.3
Fault: [0,1,2,3,4,5], logL: -63.022626, Exp of LogL: 0.000000, Normalized LogL: -3.707213, Exp of Normalized LogL: 0.024546, Best Rate: 0.3
Fault: [3,1,2,3,4,5], logL: -63.171923, Exp of LogL: 0.000000, Normalized LogL: -3.715995, Exp of Normalized LogL: 0.024331, Best Rate: 0.3
Fault: [4,1,2,3,4,5], logL: -63.251259, Exp of LogL: 0.000000, Normalized LogL: -3.720662, Exp of Normalized LogL: 0.024218, Best Rate: 0.3
Fault: [2,1,2,3,4,5], logL: -63.251259, Exp of LogL: 0.000000, Normalized LogL: -3.720662, Exp of Normalized LogL: 0.024218, Best Rate: 0.3
Fault: [1,1,2,3,4,5], logL: -63.251259, Exp of LogL: 0.000000, Normalized LogL: -3.720662, Exp of Normalized LogL: 0.024218, Best Rate: 0.3

========= ADAPTIVE MC DEBUG =========
Total calls: 170
Avg tries: 185.88
Confidence stops: 170
Max stops: 0
Max stop rate: 0.000
Real Fault Rank 1
================= 22/08/2026 05:06:25: SEED 94 END =================
================= 22/08/2026 05:06:25: SEED 95 (92/100), a*=2 fault=[0,1,0,3,4,5] START =================
===== SEED 95 | FR=0.3 | VR=20 =====
executing with fault mode: [0,1,0,3,4,5]

executing with fault mode: [0,1,0,3,4,5]

executing with fault mode: [0,1,0,3,4,5]

executing with fault mode: [0,1,0,3,4,5]

executing with fault mode: [0,1,0,3,4,5]

Fault scores (higher is better):
Fault: [0,1,0,3,1,5], logL: -13.966644, Exp of LogL: 0.000001, Normalized LogL: -2.327774, Exp of Normalized LogL: 0.097513, Best Rate: 0.3
Fault: [0,1,0,3,0,5], logL: -14.249211, Exp of LogL: 0.000001, Normalized LogL: -2.374868, Exp of Normalized LogL: 0.093027, Best Rate: 0.3
Fault: [0,1,0,3,2,5], logL: -14.249211, Exp of LogL: 0.000001, Normalized LogL: -2.374868, Exp of Normalized LogL: 0.093027, Best Rate: 0.3
Fault: [0,1,0,3,3,5], logL: -14.249211, Exp of LogL: 0.000001, Normalized LogL: -2.374868, Exp of Normalized LogL: 0.093027, Best Rate: 0.3
Fault: [0,1,0,3,4,5], logL: -14.735006, Exp of LogL: 0.000000, Normalized LogL: -2.455834, Exp of Normalized LogL: 0.085792, Best Rate: 0.3
Fault: [0,1,2,3,4,5], logL: -15.381634, Exp of LogL: 0.000000, Normalized LogL: -2.563606, Exp of Normalized LogL: 0.077027, Best Rate: 0.3
Fault: [0,1,5,3,4,5], logL: -15.764626, Exp of LogL: 0.000000, Normalized LogL: -2.627438, Exp of Normalized LogL: 0.072263, Best Rate: 0.3
Fault: [0,1,4,3,4,5], logL: -15.764626, Exp of LogL: 0.000000, Normalized LogL: -2.627438, Exp of Normalized LogL: 0.072263, Best Rate: 0.3
Fault: [0,1,3,3,4,5], logL: -16.393234, Exp of LogL: 0.000000, Normalized LogL: -2.732206, Exp of Normalized LogL: 0.065076, Best Rate: 0.3
Fault: [0,1,1,3,4,5], logL: -39.131403, Exp of LogL: 0.000000, Normalized LogL: -6.521901, Exp of Normalized LogL: 0.001471, Best Rate: 0.3

========= ADAPTIVE MC DEBUG =========
Total calls: 60
Avg tries: 175.00
Confidence stops: 60
Max stops: 0
Max stop rate: 0.000
Real Fault Rank 5
===== SEED 95 | FR=0.3 | VR=40 =====
executing with fault mode: [0,1,0,3,4,5]

executing with fault mode: [0,1,0,3,4,5]

executing with fault mode: [0,1,0,3,4,5]

executing with fault mode: [0,1,0,3,4,5]

executing with fault mode: [0,1,0,3,4,5]

Fault scores (higher is better):
Fault: [0,1,0,3,1,5], logL: -15.657440, Exp of LogL: 0.000000, Normalized LogL: -1.304787, Exp of Normalized LogL: 0.271230, Best Rate: 0.3
Fault: [0,1,0,3,2,5], logL: -15.760263, Exp of LogL: 0.000000, Normalized LogL: -1.313355, Exp of Normalized LogL: 0.268916, Best Rate: 0.3
Fault: [0,1,0,3,0,5], logL: -15.793052, Exp of LogL: 0.000000, Normalized LogL: -1.316088, Exp of Normalized LogL: 0.268182, Best Rate: 0.3
Fault: [0,1,0,3,3,5], logL: -15.793052, Exp of LogL: 0.000000, Normalized LogL: -1.316088, Exp of Normalized LogL: 0.268182, Best Rate: 0.3
Fault: [0,1,0,3,4,5], logL: -16.278848, Exp of LogL: 0.000000, Normalized LogL: -1.356571, Exp of Normalized LogL: 0.257542, Best Rate: 0.3
Fault: [0,1,3,3,4,5], logL: -16.939206, Exp of LogL: 0.000000, Normalized LogL: -1.411600, Exp of Normalized LogL: 0.243753, Best Rate: 0.3
Fault: [0,1,5,3,4,5], logL: -16.943246, Exp of LogL: 0.000000, Normalized LogL: -1.411937, Exp of Normalized LogL: 0.243671, Best Rate: 0.3
Fault: [0,1,4,3,4,5], logL: -16.943246, Exp of LogL: 0.000000, Normalized LogL: -1.411937, Exp of Normalized LogL: 0.243671, Best Rate: 0.3
Fault: [0,1,2,3,4,5], logL: -16.965765, Exp of LogL: 0.000000, Normalized LogL: -1.413814, Exp of Normalized LogL: 0.243214, Best Rate: 0.3
Fault: [0,1,1,3,4,5], logL: -17.514570, Exp of LogL: 0.000000, Normalized LogL: -1.459547, Exp of Normalized LogL: 0.232341, Best Rate: 0.3

========= ADAPTIVE MC DEBUG =========
Total calls: 120
Avg tries: 181.25
Confidence stops: 120
Max stops: 0
Max stop rate: 0.000
Real Fault Rank 5
===== SEED 95 | FR=0.3 | VR=60 =====
executing with fault mode: [0,1,0,3,4,5]

executing with fault mode: [0,1,0,3,4,5]

executing with fault mode: [0,1,0,3,4,5]

executing with fault mode: [0,1,0,3,4,5]

executing with fault mode: [0,1,0,3,4,5]

Fault scores (higher is better):
Fault: [0,1,0,3,2,5], logL: -19.920514, Exp of LogL: 0.000000, Normalized LogL: -1.106695, Exp of Normalized LogL: 0.330650, Best Rate: 0.3
Fault: [0,1,1,3,4,5], logL: -20.436984, Exp of LogL: 0.000000, Normalized LogL: -1.135388, Exp of Normalized LogL: 0.321297, Best Rate: 0.3
Fault: [0,1,0,3,1,5], logL: -20.480130, Exp of LogL: 0.000000, Normalized LogL: -1.137785, Exp of Normalized LogL: 0.320528, Best Rate: 0.3
Fault: [0,1,0,3,4,5], logL: -20.595589, Exp of LogL: 0.000000, Normalized LogL: -1.144199, Exp of Normalized LogL: 0.318479, Best Rate: 0.3
Fault: [0,1,5,3,4,5], logL: -20.735635, Exp of LogL: 0.000000, Normalized LogL: -1.151980, Exp of Normalized LogL: 0.316011, Best Rate: 0.3
Fault: [0,1,4,3,4,5], logL: -20.735635, Exp of LogL: 0.000000, Normalized LogL: -1.151980, Exp of Normalized LogL: 0.316011, Best Rate: 0.3
Fault: [0,1,0,3,0,5], logL: -20.950134, Exp of LogL: 0.000000, Normalized LogL: -1.163896, Exp of Normalized LogL: 0.312267, Best Rate: 0.3
Fault: [0,1,0,3,3,5], logL: -20.950134, Exp of LogL: 0.000000, Normalized LogL: -1.163896, Exp of Normalized LogL: 0.312267, Best Rate: 0.3
Fault: [0,1,3,3,4,5], logL: -21.097812, Exp of LogL: 0.000000, Normalized LogL: -1.172101, Exp of Normalized LogL: 0.309716, Best Rate: 0.3
Fault: [0,1,2,3,4,5], logL: -21.300626, Exp of LogL: 0.000000, Normalized LogL: -1.183368, Exp of Normalized LogL: 0.306246, Best Rate: 0.3

========= ADAPTIVE MC DEBUG =========
Total calls: 180
Avg tries: 176.94
Confidence stops: 180
Max stops: 0
Max stop rate: 0.000
Real Fault Rank 4
===== SEED 95 | FR=0.3 | VR=80 =====
executing with fault mode: [0,1,0,3,4,5]

executing with fault mode: [0,1,0,3,4,5]

executing with fault mode: [0,1,0,3,4,5]

executing with fault mode: [0,1,0,3,4,5]

executing with fault mode: [0,1,0,3,4,5]

Fault scores (higher is better):
Fault: [0,1,0,3,2,5], logL: -22.882901, Exp of LogL: 0.000000, Normalized LogL: -0.953454, Exp of Normalized LogL: 0.385407, Best Rate: 0.3
Fault: [0,1,5,3,4,5], logL: -23.291208, Exp of LogL: 0.000000, Normalized LogL: -0.970467, Exp of Normalized LogL: 0.378906, Best Rate: 0.3
Fault: [0,1,4,3,4,5], logL: -23.291208, Exp of LogL: 0.000000, Normalized LogL: -0.970467, Exp of Normalized LogL: 0.378906, Best Rate: 0.3
Fault: [0,1,1,3,4,5], logL: -23.304506, Exp of LogL: 0.000000, Normalized LogL: -0.971021, Exp of Normalized LogL: 0.378696, Best Rate: 0.3
Fault: [0,1,0,3,1,5], logL: -23.442517, Exp of LogL: 0.000000, Normalized LogL: -0.976772, Exp of Normalized LogL: 0.376525, Best Rate: 0.3
Fault: [0,1,0,3,4,5], logL: -23.526858, Exp of LogL: 0.000000, Normalized LogL: -0.980286, Exp of Normalized LogL: 0.375204, Best Rate: 0.3
Fault: [0,1,2,3,4,5], logL: -23.586620, Exp of LogL: 0.000000, Normalized LogL: -0.982776, Exp of Normalized LogL: 0.374271, Best Rate: 0.3
Fault: [0,1,3,3,4,5], logL: -23.814051, Exp of LogL: 0.000000, Normalized LogL: -0.992252, Exp of Normalized LogL: 0.370741, Best Rate: 0.3
Fault: [0,1,0,3,0,5], logL: -23.912521, Exp of LogL: 0.000000, Normalized LogL: -0.996355, Exp of Normalized LogL: 0.369223, Best Rate: 0.3
Fault: [0,1,0,3,3,5], logL: -23.912521, Exp of LogL: 0.000000, Normalized LogL: -0.996355, Exp of Normalized LogL: 0.369223, Best Rate: 0.3

========= ADAPTIVE MC DEBUG =========
Total calls: 240
Avg tries: 181.88
Confidence stops: 240
Max stops: 0
Max stop rate: 0.000
Real Fault Rank 6
===== SEED 95 | FR=0.3 | VR=100 =====
executing with fault mode: [0,1,0,3,4,5]

executing with fault mode: [0,1,0,3,4,5]

executing with fault mode: [0,1,0,3,4,5]

executing with fault mode: [0,1,0,3,4,5]

executing with fault mode: [0,1,0,3,4,5]

Fault scores (higher is better):
Fault: [0,1,0,3,4,5], logL: -26.048725, Exp of LogL: 0.000000, Normalized LogL: -0.868291, Exp of Normalized LogL: 0.419668, Best Rate: 0.3
Fault: [0,1,2,3,4,5], logL: -26.099234, Exp of LogL: 0.000000, Normalized LogL: -0.869974, Exp of Normalized LogL: 0.418962, Best Rate: 0.3
Fault: [0,1,1,3,4,5], logL: -26.320698, Exp of LogL: 0.000000, Normalized LogL: -0.877357, Exp of Normalized LogL: 0.415881, Best Rate: 0.3
Fault: [0,1,0,3,0,5], logL: -26.434387, Exp of LogL: 0.000000, Normalized LogL: -0.881146, Exp of Normalized LogL: 0.414308, Best Rate: 0.3
Fault: [0,1,0,3,1,5], logL: -26.434387, Exp of LogL: 0.000000, Normalized LogL: -0.881146, Exp of Normalized LogL: 0.414308, Best Rate: 0.3
Fault: [0,1,0,3,2,5], logL: -26.434387, Exp of LogL: 0.000000, Normalized LogL: -0.881146, Exp of Normalized LogL: 0.414308, Best Rate: 0.3
Fault: [0,1,0,3,3,5], logL: -26.434387, Exp of LogL: 0.000000, Normalized LogL: -0.881146, Exp of Normalized LogL: 0.414308, Best Rate: 0.3
Fault: [0,1,3,3,4,5], logL: -26.829864, Exp of LogL: 0.000000, Normalized LogL: -0.894329, Exp of Normalized LogL: 0.408882, Best Rate: 0.3
Fault: [0,1,5,3,4,5], logL: -28.374270, Exp of LogL: 0.000000, Normalized LogL: -0.945809, Exp of Normalized LogL: 0.388365, Best Rate: 0.3
Fault: [0,1,4,3,4,5], logL: -28.374270, Exp of LogL: 0.000000, Normalized LogL: -0.945809, Exp of Normalized LogL: 0.388365, Best Rate: 0.3

========= ADAPTIVE MC DEBUG =========
Total calls: 300
Avg tries: 182.67
Confidence stops: 300
Max stops: 0
Max stop rate: 0.000
Real Fault Rank 1
================= 22/08/2026 05:06:54: SEED 95 END =================
================= 22/08/2026 05:06:54: SEED 96 (93/100), a*=1 fault=[0,5,2,3,4,5] START =================
===== SEED 96 | FR=0.3 | VR=20 =====
executing with fault mode: [0,5,2,3,4,5]

Fault scores (higher is better):
Fault: [0,4,2,3,4,5], logL: -5.167247, Exp of LogL: 0.005700, Normalized LogL: -1.291812, Exp of Normalized LogL: 0.274773, Best Rate: 0.3
Fault: [0,5,2,3,4,5], logL: -5.167247, Exp of LogL: 0.005700, Normalized LogL: -1.291812, Exp of Normalized LogL: 0.274773, Best Rate: 0.3
Fault: [0,5,2,3,3,5], logL: -5.454929, Exp of LogL: 0.004275, Normalized LogL: -1.363732, Exp of Normalized LogL: 0.255705, Best Rate: 0.3
Fault: [0,5,2,3,5,5], logL: -5.454929, Exp of LogL: 0.004275, Normalized LogL: -1.363732, Exp of Normalized LogL: 0.255705, Best Rate: 0.3
Fault: [0,5,2,3,2,5], logL: -5.534972, Exp of LogL: 0.003946, Normalized LogL: -1.383743, Exp of Normalized LogL: 0.250639, Best Rate: 0.3
Fault: [0,5,2,3,0,5], logL: -5.534972, Exp of LogL: 0.003946, Normalized LogL: -1.383743, Exp of Normalized LogL: 0.250639, Best Rate: 0.3
Fault: [0,3,2,3,4,5], logL: -5.651639, Exp of LogL: 0.003512, Normalized LogL: -1.412910, Exp of Normalized LogL: 0.243434, Best Rate: 0.3
Fault: [0,1,2,3,4,5], logL: -5.766709, Exp of LogL: 0.003130, Normalized LogL: -1.441677, Exp of Normalized LogL: 0.236531, Best Rate: 0.3
Fault: [0,2,2,3,4,5], logL: -5.791401, Exp of LogL: 0.003054, Normalized LogL: -1.447850, Exp of Normalized LogL: 0.235075, Best Rate: 0.3
Fault: [0,0,2,3,4,5], logL: -6.046294, Exp of LogL: 0.002367, Normalized LogL: -1.511573, Exp of Normalized LogL: 0.220563, Best Rate: 0.3

========= ADAPTIVE MC DEBUG =========
Total calls: 40
Avg tries: 187.50
Confidence stops: 40
Max stops: 0
Max stop rate: 0.000
Real Fault Rank 2
===== SEED 96 | FR=0.3 | VR=40 =====
executing with fault mode: [0,5,2,3,4,5]

Fault scores (higher is better):
Fault: [0,4,2,3,4,5], logL: -8.237395, Exp of LogL: 0.000265, Normalized LogL: -1.176771, Exp of Normalized LogL: 0.308273, Best Rate: 0.3
Fault: [0,5,2,3,4,5], logL: -8.237395, Exp of LogL: 0.000265, Normalized LogL: -1.176771, Exp of Normalized LogL: 0.308273, Best Rate: 0.3
Fault: [0,5,2,3,2,5], logL: -8.754086, Exp of LogL: 0.000158, Normalized LogL: -1.250584, Exp of Normalized LogL: 0.286338, Best Rate: 0.3
Fault: [0,5,2,3,3,5], logL: -8.754086, Exp of LogL: 0.000158, Normalized LogL: -1.250584, Exp of Normalized LogL: 0.286338, Best Rate: 0.3
Fault: [0,5,2,3,5,5], logL: -8.754086, Exp of LogL: 0.000158, Normalized LogL: -1.250584, Exp of Normalized LogL: 0.286338, Best Rate: 0.3
Fault: [0,5,2,3,0,5], logL: -8.754086, Exp of LogL: 0.000158, Normalized LogL: -1.250584, Exp of Normalized LogL: 0.286338, Best Rate: 0.3
Fault: [0,1,2,3,4,5], logL: -33.771129, Exp of LogL: 0.000000, Normalized LogL: -4.824447, Exp of Normalized LogL: 0.008031, Best Rate: 0.3
Fault: [0,3,2,3,4,5], logL: -34.272738, Exp of LogL: 0.000000, Normalized LogL: -4.896105, Exp of Normalized LogL: 0.007476, Best Rate: 0.3
Fault: [0,2,2,3,4,5], logL: -34.482122, Exp of LogL: 0.000000, Normalized LogL: -4.926017, Exp of Normalized LogL: 0.007255, Best Rate: 0.3
Fault: [0,0,2,3,4,5], logL: -34.574435, Exp of LogL: 0.000000, Normalized LogL: -4.939205, Exp of Normalized LogL: 0.007160, Best Rate: 0.3

========= ADAPTIVE MC DEBUG =========
Total calls: 70
Avg tries: 180.00
Confidence stops: 70
Max stops: 0
Max stop rate: 0.000
Real Fault Rank 2
===== SEED 96 | FR=0.3 | VR=60 =====
executing with fault mode: [0,5,2,3,4,5]

Fault scores (higher is better):
Fault: [0,4,2,3,4,5], logL: -9.125424, Exp of LogL: 0.000109, Normalized LogL: -0.912542, Exp of Normalized LogL: 0.401502, Best Rate: 0.3
Fault: [0,5,2,3,4,5], logL: -9.125424, Exp of LogL: 0.000109, Normalized LogL: -0.912542, Exp of Normalized LogL: 0.401502, Best Rate: 0.3
Fault: [0,5,2,3,2,5], logL: -9.642115, Exp of LogL: 0.000065, Normalized LogL: -0.964211, Exp of Normalized LogL: 0.381284, Best Rate: 0.3
Fault: [0,5,2,3,3,5], logL: -9.642115, Exp of LogL: 0.000065, Normalized LogL: -0.964211, Exp of Normalized LogL: 0.381284, Best Rate: 0.3
Fault: [0,5,2,3,5,5], logL: -9.642115, Exp of LogL: 0.000065, Normalized LogL: -0.964211, Exp of Normalized LogL: 0.381284, Best Rate: 0.3
Fault: [0,5,2,3,0,5], logL: -9.642115, Exp of LogL: 0.000065, Normalized LogL: -0.964211, Exp of Normalized LogL: 0.381284, Best Rate: 0.3
Fault: [0,1,2,3,4,5], logL: -34.659158, Exp of LogL: 0.000000, Normalized LogL: -3.465916, Exp of Normalized LogL: 0.031244, Best Rate: 0.3
Fault: [0,3,2,3,4,5], logL: -35.160767, Exp of LogL: 0.000000, Normalized LogL: -3.516077, Exp of Normalized LogL: 0.029716, Best Rate: 0.3
Fault: [0,2,2,3,4,5], logL: -35.370151, Exp of LogL: 0.000000, Normalized LogL: -3.537015, Exp of Normalized LogL: 0.029100, Best Rate: 0.3
Fault: [0,0,2,3,4,5], logL: -35.462464, Exp of LogL: 0.000000, Normalized LogL: -3.546246, Exp of Normalized LogL: 0.028833, Best Rate: 0.3

========= ADAPTIVE MC DEBUG =========
Total calls: 100
Avg tries: 191.00
Confidence stops: 100
Max stops: 0
Max stop rate: 0.000
Real Fault Rank 2
===== SEED 96 | FR=0.3 | VR=80 =====
executing with fault mode: [0,5,2,3,4,5]

Fault scores (higher is better):
Fault: [0,4,2,3,4,5], logL: -9.298736, Exp of LogL: 0.000092, Normalized LogL: -0.715287, Exp of Normalized LogL: 0.489052, Best Rate: 0.3
Fault: [0,5,2,3,4,5], logL: -9.298736, Exp of LogL: 0.000092, Normalized LogL: -0.715287, Exp of Normalized LogL: 0.489052, Best Rate: 0.3
Fault: [0,5,2,3,2,5], logL: -9.548960, Exp of LogL: 0.000071, Normalized LogL: -0.734535, Exp of Normalized LogL: 0.479728, Best Rate: 0.3
Fault: [0,5,2,3,3,5], logL: -9.548960, Exp of LogL: 0.000071, Normalized LogL: -0.734535, Exp of Normalized LogL: 0.479728, Best Rate: 0.3
Fault: [0,5,2,3,5,5], logL: -9.548960, Exp of LogL: 0.000071, Normalized LogL: -0.734535, Exp of Normalized LogL: 0.479728, Best Rate: 0.3
Fault: [0,5,2,3,0,5], logL: -9.548960, Exp of LogL: 0.000071, Normalized LogL: -0.734535, Exp of Normalized LogL: 0.479728, Best Rate: 0.3
Fault: [0,1,2,3,4,5], logL: -34.919868, Exp of LogL: 0.000000, Normalized LogL: -2.686144, Exp of Normalized LogL: 0.068143, Best Rate: 0.3
Fault: [0,3,2,3,4,5], logL: -35.496879, Exp of LogL: 0.000000, Normalized LogL: -2.730529, Exp of Normalized LogL: 0.065185, Best Rate: 0.3
Fault: [0,2,2,3,4,5], logL: -35.543462, Exp of LogL: 0.000000, Normalized LogL: -2.734112, Exp of Normalized LogL: 0.064952, Best Rate: 0.3
Fault: [0,0,2,3,4,5], logL: -35.674491, Exp of LogL: 0.000000, Normalized LogL: -2.744192, Exp of Normalized LogL: 0.064300, Best Rate: 0.3

========= ADAPTIVE MC DEBUG =========
Total calls: 130
Avg tries: 194.62
Confidence stops: 130
Max stops: 0
Max stop rate: 0.000
Real Fault Rank 2
===== SEED 96 | FR=0.3 | VR=100 =====
executing with fault mode: [0,5,2,3,4,5]

Fault scores (higher is better):
Fault: [0,4,2,3,4,5], logL: -10.513042, Exp of LogL: 0.000027, Normalized LogL: -0.618414, Exp of Normalized LogL: 0.538798, Best Rate: 0.3
Fault: [0,5,2,3,4,5], logL: -10.513042, Exp of LogL: 0.000027, Normalized LogL: -0.618414, Exp of Normalized LogL: 0.538798, Best Rate: 0.3
Fault: [0,5,2,3,2,5], logL: -10.906085, Exp of LogL: 0.000018, Normalized LogL: -0.641534, Exp of Normalized LogL: 0.526484, Best Rate: 0.3
Fault: [0,5,2,3,3,5], logL: -10.906085, Exp of LogL: 0.000018, Normalized LogL: -0.641534, Exp of Normalized LogL: 0.526484, Best Rate: 0.3
Fault: [0,5,2,3,5,5], logL: -10.906085, Exp of LogL: 0.000018, Normalized LogL: -0.641534, Exp of Normalized LogL: 0.526484, Best Rate: 0.3
Fault: [0,5,2,3,0,5], logL: -10.906085, Exp of LogL: 0.000018, Normalized LogL: -0.641534, Exp of Normalized LogL: 0.526484, Best Rate: 0.3
Fault: [0,1,2,3,4,5], logL: -36.134175, Exp of LogL: 0.000000, Normalized LogL: -2.125540, Exp of Normalized LogL: 0.119369, Best Rate: 0.3
Fault: [0,3,2,3,4,5], logL: -36.711185, Exp of LogL: 0.000000, Normalized LogL: -2.159481, Exp of Normalized LogL: 0.115385, Best Rate: 0.3
Fault: [0,2,2,3,4,5], logL: -36.757769, Exp of LogL: 0.000000, Normalized LogL: -2.162222, Exp of Normalized LogL: 0.115069, Best Rate: 0.3
Fault: [0,0,2,3,4,5], logL: -36.888797, Exp of LogL: 0.000000, Normalized LogL: -2.169929, Exp of Normalized LogL: 0.114186, Best Rate: 0.3

========= ADAPTIVE MC DEBUG =========
Total calls: 170
Avg tries: 188.24
Confidence stops: 170
Max stops: 0
Max stop rate: 0.000
Real Fault Rank 2
================= 22/08/2026 05:07:10: SEED 96 END =================
================= 22/08/2026 05:07:10: SEED 97 (94/100), a*=0 fault=[3,1,2,3,4,5] START =================
===== SEED 97 | FR=0.3 | VR=20 =====
executing with fault mode: [3,1,2,3,4,5]

Fault scores (higher is better):
Fault: [2,1,2,3,4,5], logL: -7.689078, Exp of LogL: 0.000458, Normalized LogL: -1.537816, Exp of Normalized LogL: 0.214850, Best Rate: 0.3
Fault: [3,1,0,3,4,5], logL: -7.810664, Exp of LogL: 0.000405, Normalized LogL: -1.562133, Exp of Normalized LogL: 0.209688, Best Rate: 0.3
Fault: [4,1,2,3,4,5], logL: -7.928447, Exp of LogL: 0.000360, Normalized LogL: -1.585689, Exp of Normalized LogL: 0.204807, Best Rate: 0.3
Fault: [3,1,5,3,4,5], logL: -7.928447, Exp of LogL: 0.000360, Normalized LogL: -1.585689, Exp of Normalized LogL: 0.204807, Best Rate: 0.3
Fault: [3,1,2,3,4,5], logL: -7.928447, Exp of LogL: 0.000360, Normalized LogL: -1.585689, Exp of Normalized LogL: 0.204807, Best Rate: 0.3
Fault: [3,1,4,3,4,5], logL: -7.928447, Exp of LogL: 0.000360, Normalized LogL: -1.585689, Exp of Normalized LogL: 0.204807, Best Rate: 0.3
Fault: [5,1,2,3,4,5], logL: -7.928447, Exp of LogL: 0.000360, Normalized LogL: -1.585689, Exp of Normalized LogL: 0.204807, Best Rate: 0.3
Fault: [3,1,3,3,4,5], logL: -8.175307, Exp of LogL: 0.000282, Normalized LogL: -1.635061, Exp of Normalized LogL: 0.194940, Best Rate: 0.3
Fault: [0,1,2,3,4,5], logL: -8.414685, Exp of LogL: 0.000222, Normalized LogL: -1.682937, Exp of Normalized LogL: 0.185827, Best Rate: 0.3
Fault: [1,1,2,3,4,5], logL: -8.538213, Exp of LogL: 0.000196, Normalized LogL: -1.707643, Exp of Normalized LogL: 0.181293, Best Rate: 0.3

========= ADAPTIVE MC DEBUG =========
Total calls: 50
Avg tries: 190.00
Confidence stops: 50
Max stops: 0
Max stop rate: 0.000
Real Fault Rank 5
===== SEED 97 | FR=0.3 | VR=40 =====
executing with fault mode: [3,1,2,3,4,5]

Fault scores (higher is better):
Fault: [2,1,2,3,4,5], logL: -10.039223, Exp of LogL: 0.000044, Normalized LogL: -1.115469, Exp of Normalized LogL: 0.327761, Best Rate: 0.3
Fault: [4,1,2,3,4,5], logL: -11.163030, Exp of LogL: 0.000014, Normalized LogL: -1.240337, Exp of Normalized LogL: 0.289287, Best Rate: 0.3
Fault: [5,1,2,3,4,5], logL: -11.163030, Exp of LogL: 0.000014, Normalized LogL: -1.240337, Exp of Normalized LogL: 0.289287, Best Rate: 0.3
Fault: [0,1,2,3,4,5], logL: -11.509398, Exp of LogL: 0.000010, Normalized LogL: -1.278822, Exp of Normalized LogL: 0.278365, Best Rate: 0.3
Fault: [3,1,2,3,4,5], logL: -11.597628, Exp of LogL: 0.000009, Normalized LogL: -1.288625, Exp of Normalized LogL: 0.275649, Best Rate: 0.3
Fault: [3,1,5,3,4,5], logL: -11.779950, Exp of LogL: 0.000008, Normalized LogL: -1.308883, Exp of Normalized LogL: 0.270122, Best Rate: 0.3
Fault: [3,1,4,3,4,5], logL: -11.779950, Exp of LogL: 0.000008, Normalized LogL: -1.308883, Exp of Normalized LogL: 0.270122, Best Rate: 0.3
Fault: [3,1,3,3,4,5], logL: -12.003093, Exp of LogL: 0.000006, Normalized LogL: -1.333677, Exp of Normalized LogL: 0.263507, Best Rate: 0.3
Fault: [3,1,0,3,4,5], logL: -12.003093, Exp of LogL: 0.000006, Normalized LogL: -1.333677, Exp of Normalized LogL: 0.263507, Best Rate: 0.3
Fault: [1,1,2,3,4,5], logL: -12.325841, Exp of LogL: 0.000004, Normalized LogL: -1.369538, Exp of Normalized LogL: 0.254224, Best Rate: 0.3

========= ADAPTIVE MC DEBUG =========
Total calls: 90
Avg tries: 187.78
Confidence stops: 90
Max stops: 0
Max stop rate: 0.000
Real Fault Rank 5
===== SEED 97 | FR=0.3 | VR=60 =====
executing with fault mode: [3,1,2,3,4,5]

Fault scores (higher is better):
Fault: [2,1,2,3,4,5], logL: -11.776794, Exp of LogL: 0.000008, Normalized LogL: -0.905907, Exp of Normalized LogL: 0.404175, Best Rate: 0.3
Fault: [4,1,2,3,4,5], logL: -12.673328, Exp of LogL: 0.000003, Normalized LogL: -0.974871, Exp of Normalized LogL: 0.377241, Best Rate: 0.3
Fault: [5,1,2,3,4,5], logL: -12.673328, Exp of LogL: 0.000003, Normalized LogL: -0.974871, Exp of Normalized LogL: 0.377241, Best Rate: 0.3
Fault: [0,1,2,3,4,5], logL: -13.591362, Exp of LogL: 0.000001, Normalized LogL: -1.045489, Exp of Normalized LogL: 0.351520, Best Rate: 0.3
Fault: [3,1,2,3,4,5], logL: -14.146535, Exp of LogL: 0.000001, Normalized LogL: -1.088195, Exp of Normalized LogL: 0.336824, Best Rate: 0.3
Fault: [3,1,0,3,4,5], logL: -14.347206, Exp of LogL: 0.000001, Normalized LogL: -1.103631, Exp of Normalized LogL: 0.331665, Best Rate: 0.3
Fault: [3,1,3,3,4,5], logL: -14.464989, Exp of LogL: 0.000001, Normalized LogL: -1.112691, Exp of Normalized LogL: 0.328673, Best Rate: 0.3
Fault: [3,1,5,3,4,5], logL: -14.464989, Exp of LogL: 0.000001, Normalized LogL: -1.112691, Exp of Normalized LogL: 0.328673, Best Rate: 0.3
Fault: [3,1,4,3,4,5], logL: -14.464989, Exp of LogL: 0.000001, Normalized LogL: -1.112691, Exp of Normalized LogL: 0.328673, Best Rate: 0.3
Fault: [1,1,2,3,4,5], logL: -14.681699, Exp of LogL: 0.000000, Normalized LogL: -1.129361, Exp of Normalized LogL: 0.323240, Best Rate: 0.3

========= ADAPTIVE MC DEBUG =========
Total calls: 130
Avg tries: 181.54
Confidence stops: 130
Max stops: 0
Max stop rate: 0.000
Real Fault Rank 5
===== SEED 97 | FR=0.3 | VR=80 =====
executing with fault mode: [3,1,2,3,4,5]

Fault scores (higher is better):
Fault: [2,1,2,3,4,5], logL: -14.886295, Exp of LogL: 0.000000, Normalized LogL: -0.875664, Exp of Normalized LogL: 0.416585, Best Rate: 0.3
Fault: [4,1,2,3,4,5], logL: -15.674662, Exp of LogL: 0.000000, Normalized LogL: -0.922039, Exp of Normalized LogL: 0.397707, Best Rate: 0.3
Fault: [5,1,2,3,4,5], logL: -15.674662, Exp of LogL: 0.000000, Normalized LogL: -0.922039, Exp of Normalized LogL: 0.397707, Best Rate: 0.3
Fault: [3,1,2,3,4,5], logL: -16.590618, Exp of LogL: 0.000000, Normalized LogL: -0.975919, Exp of Normalized LogL: 0.376846, Best Rate: 0.3
Fault: [0,1,2,3,4,5], logL: -16.638735, Exp of LogL: 0.000000, Normalized LogL: -0.978749, Exp of Normalized LogL: 0.375781, Best Rate: 0.3
Fault: [1,1,2,3,4,5], logL: -16.981570, Exp of LogL: 0.000000, Normalized LogL: -0.998916, Exp of Normalized LogL: 0.368278, Best Rate: 0.3
Fault: [3,1,0,3,4,5], logL: -17.140223, Exp of LogL: 0.000000, Normalized LogL: -1.008248, Exp of Normalized LogL: 0.364857, Best Rate: 0.3
Fault: [3,1,3,3,4,5], logL: -17.284117, Exp of LogL: 0.000000, Normalized LogL: -1.016713, Exp of Normalized LogL: 0.361782, Best Rate: 0.3
Fault: [3,1,5,3,4,5], logL: -17.284117, Exp of LogL: 0.000000, Normalized LogL: -1.016713, Exp of Normalized LogL: 0.361782, Best Rate: 0.3
Fault: [3,1,4,3,4,5], logL: -17.284117, Exp of LogL: 0.000000, Normalized LogL: -1.016713, Exp of Normalized LogL: 0.361782, Best Rate: 0.3

========= ADAPTIVE MC DEBUG =========
Total calls: 170
Avg tries: 183.82
Confidence stops: 170
Max stops: 0
Max stop rate: 0.000
Real Fault Rank 4
===== SEED 97 | FR=0.3 | VR=100 =====
executing with fault mode: [3,1,2,3,4,5]

Fault scores (higher is better):
Fault: [2,1,2,3,4,5], logL: -15.230087, Exp of LogL: 0.000000, Normalized LogL: -0.725242, Exp of Normalized LogL: 0.484207, Best Rate: 0.3
Fault: [0,1,2,3,4,5], logL: -16.534649, Exp of LogL: 0.000000, Normalized LogL: -0.787364, Exp of Normalized LogL: 0.455043, Best Rate: 0.3
Fault: [4,1,2,3,4,5], logL: -16.770476, Exp of LogL: 0.000000, Normalized LogL: -0.798594, Exp of Normalized LogL: 0.449961, Best Rate: 0.3
Fault: [5,1,2,3,4,5], logL: -16.770476, Exp of LogL: 0.000000, Normalized LogL: -0.798594, Exp of Normalized LogL: 0.449961, Best Rate: 0.3
Fault: [3,1,2,3,4,5], logL: -17.162582, Exp of LogL: 0.000000, Normalized LogL: -0.817266, Exp of Normalized LogL: 0.441638, Best Rate: 0.3
Fault: [3,1,0,3,4,5], logL: -17.788491, Exp of LogL: 0.000000, Normalized LogL: -0.847071, Exp of Normalized LogL: 0.428669, Best Rate: 0.3
Fault: [3,1,3,3,4,5], logL: -17.971605, Exp of LogL: 0.000000, Normalized LogL: -0.855791, Exp of Normalized LogL: 0.424947, Best Rate: 0.3
Fault: [3,1,5,3,4,5], logL: -17.971605, Exp of LogL: 0.000000, Normalized LogL: -0.855791, Exp of Normalized LogL: 0.424947, Best Rate: 0.3
Fault: [3,1,4,3,4,5], logL: -17.971605, Exp of LogL: 0.000000, Normalized LogL: -0.855791, Exp of Normalized LogL: 0.424947, Best Rate: 0.3
Fault: [1,1,2,3,4,5], logL: -18.031685, Exp of LogL: 0.000000, Normalized LogL: -0.858652, Exp of Normalized LogL: 0.423733, Best Rate: 0.3

========= ADAPTIVE MC DEBUG =========
Total calls: 210
Avg tries: 185.24
Confidence stops: 210
Max stops: 0
Max stop rate: 0.000
Real Fault Rank 5
================= 22/08/2026 05:07:31: SEED 97 END =================
================= 22/08/2026 05:07:31: SEED 98 (95/100), a*=2 fault=[0,1,0,3,4,5] START =================
===== SEED 98 | FR=0.3 | VR=20 =====
executing with fault mode: [0,1,0,3,4,5]

Fault scores (higher is better):
Fault: [0,1,2,3,4,5], logL: -7.293958, Exp of LogL: 0.000680, Normalized LogL: -1.823490, Exp of Normalized LogL: 0.161461, Best Rate: 0.3
Fault: [0,1,1,3,4,5], logL: -7.711988, Exp of LogL: 0.000447, Normalized LogL: -1.927997, Exp of Normalized LogL: 0.145439, Best Rate: 0.3
Fault: [0,1,5,3,4,5], logL: -7.885449, Exp of LogL: 0.000376, Normalized LogL: -1.971362, Exp of Normalized LogL: 0.139267, Best Rate: 0.3
Fault: [0,1,4,3,4,5], logL: -7.885449, Exp of LogL: 0.000376, Normalized LogL: -1.971362, Exp of Normalized LogL: 0.139267, Best Rate: 0.3
Fault: [0,1,0,3,4,5], logL: -7.974352, Exp of LogL: 0.000344, Normalized LogL: -1.993588, Exp of Normalized LogL: 0.136206, Best Rate: 0.3
Fault: [0,1,3,3,4,5], logL: -7.976420, Exp of LogL: 0.000343, Normalized LogL: -1.994105, Exp of Normalized LogL: 0.136135, Best Rate: 0.3
Fault: [0,1,0,3,1,5], logL: -8.038891, Exp of LogL: 0.000323, Normalized LogL: -2.009723, Exp of Normalized LogL: 0.134026, Best Rate: 0.3
Fault: [0,1,0,3,0,5], logL: -8.107884, Exp of LogL: 0.000301, Normalized LogL: -2.026971, Exp of Normalized LogL: 0.131734, Best Rate: 0.3
Fault: [0,1,0,3,3,5], logL: -8.107884, Exp of LogL: 0.000301, Normalized LogL: -2.026971, Exp of Normalized LogL: 0.131734, Best Rate: 0.3
Fault: [0,1,0,3,5,5], logL: -8.107884, Exp of LogL: 0.000301, Normalized LogL: -2.026971, Exp of Normalized LogL: 0.131734, Best Rate: 0.3

========= ADAPTIVE MC DEBUG =========
Total calls: 40
Avg tries: 173.75
Confidence stops: 40
Max stops: 0
Max stop rate: 0.000
Real Fault Rank 5
===== SEED 98 | FR=0.3 | VR=40 =====
executing with fault mode: [0,1,0,3,4,5]

Fault scores (higher is better):
Fault: [0,1,2,3,4,5], logL: -9.828812, Exp of LogL: 0.000054, Normalized LogL: -1.404116, Exp of Normalized LogL: 0.245584, Best Rate: 0.3
Fault: [0,1,0,3,4,5], logL: -10.120548, Exp of LogL: 0.000040, Normalized LogL: -1.445793, Exp of Normalized LogL: 0.235559, Best Rate: 0.3
Fault: [0,1,0,3,0,5], logL: -10.254079, Exp of LogL: 0.000035, Normalized LogL: -1.464868, Exp of Normalized LogL: 0.231108, Best Rate: 0.3
Fault: [0,1,0,3,3,5], logL: -10.254079, Exp of LogL: 0.000035, Normalized LogL: -1.464868, Exp of Normalized LogL: 0.231108, Best Rate: 0.3
Fault: [0,1,0,3,5,5], logL: -10.254079, Exp of LogL: 0.000035, Normalized LogL: -1.464868, Exp of Normalized LogL: 0.231108, Best Rate: 0.3
Fault: [0,1,0,3,1,5], logL: -10.590551, Exp of LogL: 0.000025, Normalized LogL: -1.512936, Exp of Normalized LogL: 0.220262, Best Rate: 0.3
Fault: [0,1,3,3,4,5], logL: -10.763865, Exp of LogL: 0.000021, Normalized LogL: -1.537695, Exp of Normalized LogL: 0.214876, Best Rate: 0.3
Fault: [0,1,1,3,4,5], logL: -10.964321, Exp of LogL: 0.000017, Normalized LogL: -1.566332, Exp of Normalized LogL: 0.208810, Best Rate: 0.3
Fault: [0,1,5,3,4,5], logL: -11.063969, Exp of LogL: 0.000016, Normalized LogL: -1.580567, Exp of Normalized LogL: 0.205858, Best Rate: 0.3
Fault: [0,1,4,3,4,5], logL: -11.063969, Exp of LogL: 0.000016, Normalized LogL: -1.580567, Exp of Normalized LogL: 0.205858, Best Rate: 0.3

========= ADAPTIVE MC DEBUG =========
Total calls: 70
Avg tries: 175.00
Confidence stops: 70
Max stops: 0
Max stop rate: 0.000
Real Fault Rank 2
===== SEED 98 | FR=0.3 | VR=60 =====
executing with fault mode: [0,1,0,3,4,5]

Fault scores (higher is better):
Fault: [0,1,0,3,0,5], logL: -10.598573, Exp of LogL: 0.000025, Normalized LogL: -0.963507, Exp of Normalized LogL: 0.381553, Best Rate: 0.3
Fault: [0,1,0,3,3,5], logL: -10.598573, Exp of LogL: 0.000025, Normalized LogL: -0.963507, Exp of Normalized LogL: 0.381553, Best Rate: 0.3
Fault: [0,1,0,3,5,5], logL: -10.598573, Exp of LogL: 0.000025, Normalized LogL: -0.963507, Exp of Normalized LogL: 0.381553, Best Rate: 0.3
Fault: [0,1,2,3,4,5], logL: -10.776868, Exp of LogL: 0.000021, Normalized LogL: -0.979715, Exp of Normalized LogL: 0.375418, Best Rate: 0.3
Fault: [0,1,0,3,4,5], logL: -10.941518, Exp of LogL: 0.000018, Normalized LogL: -0.994683, Exp of Normalized LogL: 0.369840, Best Rate: 0.3
Fault: [0,1,0,3,1,5], logL: -11.259972, Exp of LogL: 0.000013, Normalized LogL: -1.023634, Exp of Normalized LogL: 0.359287, Best Rate: 0.3
Fault: [0,1,3,3,4,5], logL: -11.576779, Exp of LogL: 0.000009, Normalized LogL: -1.052434, Exp of Normalized LogL: 0.349087, Best Rate: 0.3
Fault: [0,1,1,3,4,5], logL: -11.686851, Exp of LogL: 0.000008, Normalized LogL: -1.062441, Exp of Normalized LogL: 0.345611, Best Rate: 0.3
Fault: [0,1,5,3,4,5], logL: -11.876884, Exp of LogL: 0.000007, Normalized LogL: -1.079717, Exp of Normalized LogL: 0.339692, Best Rate: 0.3
Fault: [0,1,4,3,4,5], logL: -11.876884, Exp of LogL: 0.000007, Normalized LogL: -1.079717, Exp of Normalized LogL: 0.339692, Best Rate: 0.3

========= ADAPTIVE MC DEBUG =========
Total calls: 110
Avg tries: 185.00
Confidence stops: 110
Max stops: 0
Max stop rate: 0.000
Real Fault Rank 5
===== SEED 98 | FR=0.3 | VR=80 =====
executing with fault mode: [0,1,0,3,4,5]

Fault scores (higher is better):
Fault: [0,1,2,3,4,5], logL: -13.401147, Exp of LogL: 0.000002, Normalized LogL: -0.957225, Exp of Normalized LogL: 0.383957, Best Rate: 0.3
Fault: [0,1,0,3,4,5], logL: -13.565798, Exp of LogL: 0.000001, Normalized LogL: -0.968986, Exp of Normalized LogL: 0.379468, Best Rate: 0.3
Fault: [0,1,0,3,1,5], logL: -13.862530, Exp of LogL: 0.000001, Normalized LogL: -0.990181, Exp of Normalized LogL: 0.371510, Best Rate: 0.3
Fault: [0,1,0,3,0,5], logL: -13.862530, Exp of LogL: 0.000001, Normalized LogL: -0.990181, Exp of Normalized LogL: 0.371510, Best Rate: 0.3
Fault: [0,1,0,3,3,5], logL: -13.862530, Exp of LogL: 0.000001, Normalized LogL: -0.990181, Exp of Normalized LogL: 0.371510, Best Rate: 0.3
Fault: [0,1,0,3,5,5], logL: -13.862530, Exp of LogL: 0.000001, Normalized LogL: -0.990181, Exp of Normalized LogL: 0.371510, Best Rate: 0.3
Fault: [0,1,3,3,4,5], logL: -14.201059, Exp of LogL: 0.000001, Normalized LogL: -1.014361, Exp of Normalized LogL: 0.362634, Best Rate: 0.3
Fault: [0,1,1,3,4,5], logL: -14.311131, Exp of LogL: 0.000001, Normalized LogL: -1.022224, Exp of Normalized LogL: 0.359794, Best Rate: 0.3
Fault: [0,1,5,3,4,5], logL: -14.501164, Exp of LogL: 0.000001, Normalized LogL: -1.035797, Exp of Normalized LogL: 0.354943, Best Rate: 0.3
Fault: [0,1,4,3,4,5], logL: -14.501164, Exp of LogL: 0.000001, Normalized LogL: -1.035797, Exp of Normalized LogL: 0.354943, Best Rate: 0.3

========= ADAPTIVE MC DEBUG =========
Total calls: 140
Avg tries: 183.57
Confidence stops: 140
Max stops: 0
Max stop rate: 0.000
Real Fault Rank 2
===== SEED 98 | FR=0.3 | VR=100 =====
executing with fault mode: [0,1,0,3,4,5]

Fault scores (higher is better):
Fault: [0,1,0,3,4,5], logL: -13.985088, Exp of LogL: 0.000001, Normalized LogL: -0.776949, Exp of Normalized LogL: 0.459807, Best Rate: 0.3
Fault: [0,1,0,3,1,5], logL: -14.439218, Exp of LogL: 0.000001, Normalized LogL: -0.802179, Exp of Normalized LogL: 0.448351, Best Rate: 0.3
Fault: [0,1,0,3,0,5], logL: -14.439218, Exp of LogL: 0.000001, Normalized LogL: -0.802179, Exp of Normalized LogL: 0.448351, Best Rate: 0.3
Fault: [0,1,0,3,3,5], logL: -14.439218, Exp of LogL: 0.000001, Normalized LogL: -0.802179, Exp of Normalized LogL: 0.448351, Best Rate: 0.3
Fault: [0,1,0,3,5,5], logL: -14.439218, Exp of LogL: 0.000001, Normalized LogL: -0.802179, Exp of Normalized LogL: 0.448351, Best Rate: 0.3
Fault: [0,1,2,3,4,5], logL: -14.445662, Exp of LogL: 0.000001, Normalized LogL: -0.802537, Exp of Normalized LogL: 0.448191, Best Rate: 0.3
Fault: [0,1,3,3,4,5], logL: -14.879080, Exp of LogL: 0.000000, Normalized LogL: -0.826616, Exp of Normalized LogL: 0.437528, Best Rate: 0.3
Fault: [0,1,1,3,4,5], logL: -15.270728, Exp of LogL: 0.000000, Normalized LogL: -0.848374, Exp of Normalized LogL: 0.428111, Best Rate: 0.3
Fault: [0,1,5,3,4,5], logL: -15.389905, Exp of LogL: 0.000000, Normalized LogL: -0.854995, Exp of Normalized LogL: 0.425285, Best Rate: 0.3
Fault: [0,1,4,3,4,5], logL: -15.389905, Exp of LogL: 0.000000, Normalized LogL: -0.854995, Exp of Normalized LogL: 0.425285, Best Rate: 0.3

========= ADAPTIVE MC DEBUG =========
Total calls: 180
Avg tries: 185.56
Confidence stops: 180
Max stops: 0
Max stop rate: 0.000
Real Fault Rank 1
================= 22/08/2026 05:07:48: SEED 98 END =================
================= 22/08/2026 05:07:48: SEED 99 (96/100), a*=1 fault=[0,0,2,3,4,5] START =================
===== SEED 99 | FR=0.3 | VR=20 =====
executing with fault mode: [0,0,2,3,4,5]

Fault scores (higher is better):
Fault: [0,2,2,3,4,5], logL: -17.275076, Exp of LogL: 0.000000, Normalized LogL: -1.919453, Exp of Normalized LogL: 0.146687, Best Rate: 0.3
Fault: [0,0,2,1,4,5], logL: -18.800210, Exp of LogL: 0.000000, Normalized LogL: -2.088912, Exp of Normalized LogL: 0.123822, Best Rate: 0.3
Fault: [0,0,2,3,4,5], logL: -19.188757, Exp of LogL: 0.000000, Normalized LogL: -2.132084, Exp of Normalized LogL: 0.118590, Best Rate: 0.3
Fault: [0,0,2,4,4,5], logL: -20.787043, Exp of LogL: 0.000000, Normalized LogL: -2.309671, Exp of Normalized LogL: 0.099294, Best Rate: 0.3
Fault: [0,0,2,2,4,5], logL: -20.894593, Exp of LogL: 0.000000, Normalized LogL: -2.321621, Exp of Normalized LogL: 0.098114, Best Rate: 0.3
Fault: [0,0,2,0,4,5], logL: -20.994528, Exp of LogL: 0.000000, Normalized LogL: -2.332725, Exp of Normalized LogL: 0.097031, Best Rate: 0.3
Fault: [0,3,2,3,4,5], logL: -22.879306, Exp of LogL: 0.000000, Normalized LogL: -2.542145, Exp of Normalized LogL: 0.078697, Best Rate: 0.3
Fault: [0,4,2,3,4,5], logL: -24.129753, Exp of LogL: 0.000000, Normalized LogL: -2.681084, Exp of Normalized LogL: 0.068489, Best Rate: 0.3
Fault: [0,5,2,3,4,5], logL: -24.129753, Exp of LogL: 0.000000, Normalized LogL: -2.681084, Exp of Normalized LogL: 0.068489, Best Rate: 0.3
Fault: [0,1,2,3,4,5], logL: -45.616883, Exp of LogL: 0.000000, Normalized LogL: -5.068543, Exp of Normalized LogL: 0.006292, Best Rate: 0.3

========= ADAPTIVE MC DEBUG =========
Total calls: 90
Avg tries: 182.78
Confidence stops: 90
Max stops: 0
Max stop rate: 0.000
Real Fault Rank 3
===== SEED 99 | FR=0.3 | VR=40 =====
executing with fault mode: [0,0,2,3,4,5]

Fault scores (higher is better):
Fault: [0,0,2,1,4,5], logL: -30.969830, Exp of LogL: 0.000000, Normalized LogL: -1.720546, Exp of Normalized LogL: 0.178968, Best Rate: 0.3
Fault: [0,0,2,2,4,5], logL: -33.674224, Exp of LogL: 0.000000, Normalized LogL: -1.870790, Exp of Normalized LogL: 0.154002, Best Rate: 0.3
Fault: [0,0,2,4,4,5], logL: -34.341932, Exp of LogL: 0.000000, Normalized LogL: -1.907885, Exp of Normalized LogL: 0.148394, Best Rate: 0.3
Fault: [0,2,2,3,4,5], logL: -53.079688, Exp of LogL: 0.000000, Normalized LogL: -2.948872, Exp of Normalized LogL: 0.052399, Best Rate: 0.3
Fault: [0,0,2,3,4,5], logL: -54.517520, Exp of LogL: 0.000000, Normalized LogL: -3.028751, Exp of Normalized LogL: 0.048376, Best Rate: 0.3
Fault: [0,0,2,0,4,5], logL: -56.707141, Exp of LogL: 0.000000, Normalized LogL: -3.150397, Exp of Normalized LogL: 0.042835, Best Rate: 0.3
Fault: [0,3,2,3,4,5], logL: -60.854777, Exp of LogL: 0.000000, Normalized LogL: -3.380821, Exp of Normalized LogL: 0.034020, Best Rate: 0.3
Fault: [0,1,2,3,4,5], logL: -81.836826, Exp of LogL: 0.000000, Normalized LogL: -4.546490, Exp of Normalized LogL: 0.010604, Best Rate: 0.3
Fault: [0,4,2,3,4,5], logL: -83.651503, Exp of LogL: 0.000000, Normalized LogL: -4.647306, Exp of Normalized LogL: 0.009587, Best Rate: 0.3
Fault: [0,5,2,3,4,5], logL: -83.651503, Exp of LogL: 0.000000, Normalized LogL: -4.647306, Exp of Normalized LogL: 0.009587, Best Rate: 0.3

========= ADAPTIVE MC DEBUG =========
Total calls: 180
Avg tries: 170.00
Confidence stops: 180
Max stops: 0
Max stop rate: 0.000
Real Fault Rank 5
===== SEED 99 | FR=0.3 | VR=60 =====
executing with fault mode: [0,0,2,3,4,5]

Fault scores (higher is better):
Fault: [0,0,2,3,4,5], logL: -39.911839, Exp of LogL: 0.000000, Normalized LogL: -1.535071, Exp of Normalized LogL: 0.215440, Best Rate: 0.3
Fault: [0,0,2,1,4,5], logL: -40.388197, Exp of LogL: 0.000000, Normalized LogL: -1.553392, Exp of Normalized LogL: 0.211529, Best Rate: 0.3
Fault: [0,0,2,0,4,5], logL: -42.104667, Exp of LogL: 0.000000, Normalized LogL: -1.619410, Exp of Normalized LogL: 0.198015, Best Rate: 0.3
Fault: [0,0,2,2,4,5], logL: -42.195525, Exp of LogL: 0.000000, Normalized LogL: -1.622905, Exp of Normalized LogL: 0.197325, Best Rate: 0.3
Fault: [0,0,2,4,4,5], logL: -43.495498, Exp of LogL: 0.000000, Normalized LogL: -1.672904, Exp of Normalized LogL: 0.187701, Best Rate: 0.3
Fault: [0,3,2,3,4,5], logL: -50.162567, Exp of LogL: 0.000000, Normalized LogL: -1.929330, Exp of Normalized LogL: 0.145246, Best Rate: 0.3
Fault: [0,2,2,3,4,5], logL: -87.968785, Exp of LogL: 0.000000, Normalized LogL: -3.383415, Exp of Normalized LogL: 0.033931, Best Rate: 0.3
Fault: [0,1,2,3,4,5], logL: -117.402808, Exp of LogL: 0.000000, Normalized LogL: -4.515493, Exp of Normalized LogL: 0.010938, Best Rate: 0.3
Fault: [0,4,2,3,4,5], logL: -120.631194, Exp of LogL: 0.000000, Normalized LogL: -4.639661, Exp of Normalized LogL: 0.009661, Best Rate: 0.3
Fault: [0,5,2,3,4,5], logL: -120.631194, Exp of LogL: 0.000000, Normalized LogL: -4.639661, Exp of Normalized LogL: 0.009661, Best Rate: 0.3

========= ADAPTIVE MC DEBUG =========
Total calls: 260
Avg tries: 167.31
Confidence stops: 260
Max stops: 0
Max stop rate: 0.000
Real Fault Rank 1
===== SEED 99 | FR=0.3 | VR=80 =====
executing with fault mode: [0,0,2,3,4,5]

Fault scores (higher is better):
Fault: [0,0,2,3,4,5], logL: -44.833582, Exp of LogL: 0.000000, Normalized LogL: -1.280959, Exp of Normalized LogL: 0.277771, Best Rate: 0.3
Fault: [0,0,2,1,4,5], logL: -45.780129, Exp of LogL: 0.000000, Normalized LogL: -1.308004, Exp of Normalized LogL: 0.270359, Best Rate: 0.3
Fault: [0,0,2,0,4,5], logL: -46.981929, Exp of LogL: 0.000000, Normalized LogL: -1.342341, Exp of Normalized LogL: 0.261233, Best Rate: 0.3
Fault: [0,0,2,2,4,5], logL: -47.634533, Exp of LogL: 0.000000, Normalized LogL: -1.360987, Exp of Normalized LogL: 0.256408, Best Rate: 0.3
Fault: [0,0,2,4,4,5], logL: -48.851124, Exp of LogL: 0.000000, Normalized LogL: -1.395746, Exp of Normalized LogL: 0.247648, Best Rate: 0.3
Fault: [0,2,2,3,4,5], logL: -68.732641, Exp of LogL: 0.000000, Normalized LogL: -1.963790, Exp of Normalized LogL: 0.140326, Best Rate: 0.3
Fault: [0,3,2,3,4,5], logL: -77.809059, Exp of LogL: 0.000000, Normalized LogL: -2.223116, Exp of Normalized LogL: 0.108271, Best Rate: 0.3
Fault: [0,1,2,3,4,5], logL: -122.087768, Exp of LogL: 0.000000, Normalized LogL: -3.488222, Exp of Normalized LogL: 0.030555, Best Rate: 0.3
Fault: [0,4,2,3,4,5], logL: -127.002233, Exp of LogL: 0.000000, Normalized LogL: -3.628635, Exp of Normalized LogL: 0.026552, Best Rate: 0.3
Fault: [0,5,2,3,4,5], logL: -127.002233, Exp of LogL: 0.000000, Normalized LogL: -3.628635, Exp of Normalized LogL: 0.026552, Best Rate: 0.3

========= ADAPTIVE MC DEBUG =========
Total calls: 350
Avg tries: 171.43
Confidence stops: 350
Max stops: 0
Max stop rate: 0.000
Real Fault Rank 1
===== SEED 99 | FR=0.3 | VR=100 =====
executing with fault mode: [0,0,2,3,4,5]

Fault scores (higher is better):
Fault: [0,0,2,3,4,5], logL: -49.060316, Exp of LogL: 0.000000, Normalized LogL: -1.115007, Exp of Normalized LogL: 0.327913, Best Rate: 0.3
Fault: [0,0,2,1,4,5], logL: -49.943895, Exp of LogL: 0.000000, Normalized LogL: -1.135089, Exp of Normalized LogL: 0.321394, Best Rate: 0.3
Fault: [0,0,2,0,4,5], logL: -51.615510, Exp of LogL: 0.000000, Normalized LogL: -1.173080, Exp of Normalized LogL: 0.309413, Best Rate: 0.3
Fault: [0,0,2,2,4,5], logL: -52.154444, Exp of LogL: 0.000000, Normalized LogL: -1.185328, Exp of Normalized LogL: 0.305646, Best Rate: 0.3
Fault: [0,0,2,4,4,5], logL: -53.014360, Exp of LogL: 0.000000, Normalized LogL: -1.204872, Exp of Normalized LogL: 0.299730, Best Rate: 0.3
Fault: [0,3,2,3,4,5], logL: -84.618652, Exp of LogL: 0.000000, Normalized LogL: -1.923151, Exp of Normalized LogL: 0.146146, Best Rate: 0.3
Fault: [0,2,2,3,4,5], logL: -98.790490, Exp of LogL: 0.000000, Normalized LogL: -2.245238, Exp of Normalized LogL: 0.105902, Best Rate: 0.3
Fault: [0,1,2,3,4,5], logL: -177.121522, Exp of LogL: 0.000000, Normalized LogL: -4.025489, Exp of Normalized LogL: 0.017855, Best Rate: 0.3
Fault: [0,4,2,3,4,5], logL: -183.266408, Exp of LogL: 0.000000, Normalized LogL: -4.165146, Exp of Normalized LogL: 0.015527, Best Rate: 0.3
Fault: [0,5,2,3,4,5], logL: -183.266408, Exp of LogL: 0.000000, Normalized LogL: -4.165146, Exp of Normalized LogL: 0.015527, Best Rate: 0.3

========= ADAPTIVE MC DEBUG =========
Total calls: 440
Avg tries: 171.25
Confidence stops: 440
Max stops: 0
Max stop rate: 0.000
Real Fault Rank 1
================= 22/08/2026 05:08:27: SEED 99 END =================
================= 22/08/2026 05:08:27: SEED 100 (97/100), a*=3 fault=[0,1,2,0,4,5] START =================
===== SEED 100 | FR=0.3 | VR=20 =====
executing with fault mode: [0,1,2,0,4,5]

Fault scores (higher is better):
Fault: [0,1,2,3,4,5], logL: -3.835062, Exp of LogL: 0.021600, Normalized LogL: -1.278354, Exp of Normalized LogL: 0.278495, Best Rate: 0.3
Fault: [0,1,2,4,4,5], logL: -3.982267, Exp of LogL: 0.018643, Normalized LogL: -1.327422, Exp of Normalized LogL: 0.265160, Best Rate: 0.3
Fault: [0,1,2,5,4,5], logL: -3.982267, Exp of LogL: 0.018643, Normalized LogL: -1.327422, Exp of Normalized LogL: 0.265160, Best Rate: 0.3
Fault: [0,1,2,1,4,5], logL: -3.983949, Exp of LogL: 0.018612, Normalized LogL: -1.327983, Exp of Normalized LogL: 0.265011, Best Rate: 0.3
Fault: [0,1,2,0,4,5], logL: -4.020207, Exp of LogL: 0.017949, Normalized LogL: -1.340069, Exp of Normalized LogL: 0.261828, Best Rate: 0.3
Fault: [0,1,2,0,1,5], logL: -4.142097, Exp of LogL: 0.015890, Normalized LogL: -1.380699, Exp of Normalized LogL: 0.251403, Best Rate: 0.3
Fault: [0,1,2,0,0,5], logL: -4.160789, Exp of LogL: 0.015595, Normalized LogL: -1.386930, Exp of Normalized LogL: 0.249841, Best Rate: 0.3
Fault: [0,1,2,0,3,5], logL: -4.160789, Exp of LogL: 0.015595, Normalized LogL: -1.386930, Exp of Normalized LogL: 0.249841, Best Rate: 0.3
Fault: [0,1,2,0,5,5], logL: -4.160789, Exp of LogL: 0.015595, Normalized LogL: -1.386930, Exp of Normalized LogL: 0.249841, Best Rate: 0.3
Fault: [0,1,2,2,4,5], logL: -4.261580, Exp of LogL: 0.014100, Normalized LogL: -1.420527, Exp of Normalized LogL: 0.241587, Best Rate: 0.3

========= ADAPTIVE MC DEBUG =========
Total calls: 30
Avg tries: 193.33
Confidence stops: 30
Max stops: 0
Max stop rate: 0.000
Real Fault Rank 5
===== SEED 100 | FR=0.3 | VR=40 =====
executing with fault mode: [0,1,2,0,4,5]

Fault scores (higher is better):
Fault: [0,1,2,1,4,5], logL: -7.129846, Exp of LogL: 0.000801, Normalized LogL: -1.188308, Exp of Normalized LogL: 0.304737, Best Rate: 0.3
Fault: [0,1,2,3,4,5], logL: -7.451435, Exp of LogL: 0.000581, Normalized LogL: -1.241906, Exp of Normalized LogL: 0.288833, Best Rate: 0.3
Fault: [0,1,2,0,4,5], logL: -7.694352, Exp of LogL: 0.000455, Normalized LogL: -1.282392, Exp of Normalized LogL: 0.277373, Best Rate: 0.3
Fault: [0,1,2,0,1,5], logL: -8.009063, Exp of LogL: 0.000332, Normalized LogL: -1.334844, Exp of Normalized LogL: 0.263199, Best Rate: 0.3
Fault: [0,1,2,0,0,5], logL: -8.009063, Exp of LogL: 0.000332, Normalized LogL: -1.334844, Exp of Normalized LogL: 0.263199, Best Rate: 0.3
Fault: [0,1,2,0,3,5], logL: -8.009063, Exp of LogL: 0.000332, Normalized LogL: -1.334844, Exp of Normalized LogL: 0.263199, Best Rate: 0.3
Fault: [0,1,2,0,5,5], logL: -8.009063, Exp of LogL: 0.000332, Normalized LogL: -1.334844, Exp of Normalized LogL: 0.263199, Best Rate: 0.3
Fault: [0,1,2,2,4,5], logL: -8.183030, Exp of LogL: 0.000279, Normalized LogL: -1.363838, Exp of Normalized LogL: 0.255677, Best Rate: 0.3
Fault: [0,1,2,4,4,5], logL: -8.993373, Exp of LogL: 0.000124, Normalized LogL: -1.498895, Exp of Normalized LogL: 0.223377, Best Rate: 0.3
Fault: [0,1,2,5,4,5], logL: -8.993373, Exp of LogL: 0.000124, Normalized LogL: -1.498895, Exp of Normalized LogL: 0.223377, Best Rate: 0.3

========= ADAPTIVE MC DEBUG =========
Total calls: 60
Avg tries: 170.00
Confidence stops: 60
Max stops: 0
Max stop rate: 0.000
Real Fault Rank 3
===== SEED 100 | FR=0.3 | VR=60 =====
executing with fault mode: [0,1,2,0,4,5]

Fault scores (higher is better):
Fault: [0,1,2,0,4,5], logL: -8.633272, Exp of LogL: 0.000178, Normalized LogL: -1.079159, Exp of Normalized LogL: 0.339881, Best Rate: 0.3
Fault: [0,1,2,1,4,5], logL: -8.776986, Exp of LogL: 0.000154, Normalized LogL: -1.097123, Exp of Normalized LogL: 0.333830, Best Rate: 0.3
Fault: [0,1,2,0,1,5], logL: -8.947983, Exp of LogL: 0.000130, Normalized LogL: -1.118498, Exp of Normalized LogL: 0.326770, Best Rate: 0.3
Fault: [0,1,2,0,0,5], logL: -8.947983, Exp of LogL: 0.000130, Normalized LogL: -1.118498, Exp of Normalized LogL: 0.326770, Best Rate: 0.3
Fault: [0,1,2,0,3,5], logL: -8.947983, Exp of LogL: 0.000130, Normalized LogL: -1.118498, Exp of Normalized LogL: 0.326770, Best Rate: 0.3
Fault: [0,1,2,0,5,5], logL: -8.947983, Exp of LogL: 0.000130, Normalized LogL: -1.118498, Exp of Normalized LogL: 0.326770, Best Rate: 0.3
Fault: [0,1,2,3,4,5], logL: -8.948065, Exp of LogL: 0.000130, Normalized LogL: -1.118508, Exp of Normalized LogL: 0.326767, Best Rate: 0.3
Fault: [0,1,2,2,4,5], logL: -9.460695, Exp of LogL: 0.000078, Normalized LogL: -1.182587, Exp of Normalized LogL: 0.306485, Best Rate: 0.3
Fault: [0,1,2,4,4,5], logL: -10.525271, Exp of LogL: 0.000027, Normalized LogL: -1.315659, Exp of Normalized LogL: 0.268297, Best Rate: 0.3
Fault: [0,1,2,5,4,5], logL: -10.525271, Exp of LogL: 0.000027, Normalized LogL: -1.315659, Exp of Normalized LogL: 0.268297, Best Rate: 0.3

========= ADAPTIVE MC DEBUG =========
Total calls: 80
Avg tries: 180.00
Confidence stops: 80
Max stops: 0
Max stop rate: 0.000
Real Fault Rank 1
===== SEED 100 | FR=0.3 | VR=80 =====
executing with fault mode: [0,1,2,0,4,5]

Fault scores (higher is better):
Fault: [0,1,2,0,4,5], logL: -9.622541, Exp of LogL: 0.000066, Normalized LogL: -0.874776, Exp of Normalized LogL: 0.416955, Best Rate: 0.3
Fault: [0,1,2,0,1,5], logL: -9.937252, Exp of LogL: 0.000048, Normalized LogL: -0.903387, Exp of Normalized LogL: 0.405195, Best Rate: 0.3
Fault: [0,1,2,0,0,5], logL: -9.937252, Exp of LogL: 0.000048, Normalized LogL: -0.903387, Exp of Normalized LogL: 0.405195, Best Rate: 0.3
Fault: [0,1,2,0,3,5], logL: -9.937252, Exp of LogL: 0.000048, Normalized LogL: -0.903387, Exp of Normalized LogL: 0.405195, Best Rate: 0.3
Fault: [0,1,2,0,5,5], logL: -9.937252, Exp of LogL: 0.000048, Normalized LogL: -0.903387, Exp of Normalized LogL: 0.405195, Best Rate: 0.3
Fault: [0,1,2,3,4,5], logL: -10.489080, Exp of LogL: 0.000028, Normalized LogL: -0.953553, Exp of Normalized LogL: 0.385369, Best Rate: 0.3
Fault: [0,1,2,1,4,5], logL: -10.532083, Exp of LogL: 0.000027, Normalized LogL: -0.957462, Exp of Normalized LogL: 0.383866, Best Rate: 0.3
Fault: [0,1,2,2,4,5], logL: -11.194028, Exp of LogL: 0.000014, Normalized LogL: -1.017639, Exp of Normalized LogL: 0.361447, Best Rate: 0.3
Fault: [0,1,2,4,4,5], logL: -12.274941, Exp of LogL: 0.000005, Normalized LogL: -1.115904, Exp of Normalized LogL: 0.327619, Best Rate: 0.3
Fault: [0,1,2,5,4,5], logL: -12.274941, Exp of LogL: 0.000005, Normalized LogL: -1.115904, Exp of Normalized LogL: 0.327619, Best Rate: 0.3

========= ADAPTIVE MC DEBUG =========
Total calls: 110
Avg tries: 185.45
Confidence stops: 110
Max stops: 0
Max stop rate: 0.000
Real Fault Rank 1
===== SEED 100 | FR=0.3 | VR=100 =====
executing with fault mode: [0,1,2,0,4,5]

Fault scores (higher is better):
Fault: [0,1,2,0,4,5], logL: -10.264210, Exp of LogL: 0.000035, Normalized LogL: -0.733158, Exp of Normalized LogL: 0.480390, Best Rate: 0.3
Fault: [0,1,2,0,1,5], logL: -10.578920, Exp of LogL: 0.000025, Normalized LogL: -0.755637, Exp of Normalized LogL: 0.469711, Best Rate: 0.3
Fault: [0,1,2,0,0,5], logL: -10.578920, Exp of LogL: 0.000025, Normalized LogL: -0.755637, Exp of Normalized LogL: 0.469711, Best Rate: 0.3
Fault: [0,1,2,0,3,5], logL: -10.578920, Exp of LogL: 0.000025, Normalized LogL: -0.755637, Exp of Normalized LogL: 0.469711, Best Rate: 0.3
Fault: [0,1,2,0,5,5], logL: -10.578920, Exp of LogL: 0.000025, Normalized LogL: -0.755637, Exp of Normalized LogL: 0.469711, Best Rate: 0.3
Fault: [0,1,2,3,4,5], logL: -11.513399, Exp of LogL: 0.000010, Normalized LogL: -0.822386, Exp of Normalized LogL: 0.439382, Best Rate: 0.3
Fault: [0,1,2,1,4,5], logL: -12.504675, Exp of LogL: 0.000004, Normalized LogL: -0.893191, Exp of Normalized LogL: 0.409347, Best Rate: 0.3
Fault: [0,1,2,2,4,5], logL: -13.166621, Exp of LogL: 0.000002, Normalized LogL: -0.940473, Exp of Normalized LogL: 0.390443, Best Rate: 0.3
Fault: [0,1,2,4,4,5], logL: -14.247534, Exp of LogL: 0.000001, Normalized LogL: -1.017681, Exp of Normalized LogL: 0.361432, Best Rate: 0.3
Fault: [0,1,2,5,4,5], logL: -14.247534, Exp of LogL: 0.000001, Normalized LogL: -1.017681, Exp of Normalized LogL: 0.361432, Best Rate: 0.3

========= ADAPTIVE MC DEBUG =========
Total calls: 140
Avg tries: 188.93
Confidence stops: 140
Max stops: 0
Max stop rate: 0.000
Real Fault Rank 1
================= 22/08/2026 05:08:41: SEED 100 END =================
================= 22/08/2026 05:08:41: SEED 101 (98/100), a*=1 fault=[0,5,2,3,4,5] START =================
===== SEED 101 | FR=0.3 | VR=20 =====
executing with fault mode: [0,5,2,3,4,5]

Fault scores (higher is better):
Fault: [0,0,2,3,4,5], logL: -10.501786, Exp of LogL: 0.000027, Normalized LogL: -2.100357, Exp of Normalized LogL: 0.122413, Best Rate: 0.3
Fault: [0,4,2,3,4,5], logL: -10.837021, Exp of LogL: 0.000020, Normalized LogL: -2.167404, Exp of Normalized LogL: 0.114474, Best Rate: 0.3
Fault: [0,2,2,3,4,5], logL: -10.837021, Exp of LogL: 0.000020, Normalized LogL: -2.167404, Exp of Normalized LogL: 0.114474, Best Rate: 0.3
Fault: [0,5,2,3,4,5], logL: -10.991172, Exp of LogL: 0.000017, Normalized LogL: -2.198234, Exp of Normalized LogL: 0.110999, Best Rate: 0.3
Fault: [0,3,2,3,4,5], logL: -11.220013, Exp of LogL: 0.000013, Normalized LogL: -2.244003, Exp of Normalized LogL: 0.106033, Best Rate: 0.3
Fault: [0,5,2,0,4,5], logL: -11.277537, Exp of LogL: 0.000013, Normalized LogL: -2.255507, Exp of Normalized LogL: 0.104820, Best Rate: 0.3
Fault: [0,5,2,2,4,5], logL: -11.350297, Exp of LogL: 0.000012, Normalized LogL: -2.270059, Exp of Normalized LogL: 0.103306, Best Rate: 0.3
Fault: [0,5,2,4,4,5], logL: -11.350297, Exp of LogL: 0.000012, Normalized LogL: -2.270059, Exp of Normalized LogL: 0.103306, Best Rate: 0.3
Fault: [0,5,2,5,4,5], logL: -11.350297, Exp of LogL: 0.000012, Normalized LogL: -2.270059, Exp of Normalized LogL: 0.103306, Best Rate: 0.3
Fault: [0,1,2,3,4,5], logL: -32.942262, Exp of LogL: 0.000000, Normalized LogL: -6.588452, Exp of Normalized LogL: 0.001376, Best Rate: 0.3

========= ADAPTIVE MC DEBUG =========
Total calls: 50
Avg tries: 190.00
Confidence stops: 50
Max stops: 0
Max stop rate: 0.000
Real Fault Rank 4
===== SEED 101 | FR=0.3 | VR=40 =====
executing with fault mode: [0,5,2,3,4,5]

Fault scores (higher is better):
Fault: [0,0,2,3,4,5], logL: -15.201168, Exp of LogL: 0.000000, Normalized LogL: -1.520117, Exp of Normalized LogL: 0.218686, Best Rate: 0.3
Fault: [0,3,2,3,4,5], logL: -15.805588, Exp of LogL: 0.000000, Normalized LogL: -1.580559, Exp of Normalized LogL: 0.205860, Best Rate: 0.3
Fault: [0,4,2,3,4,5], logL: -15.894316, Exp of LogL: 0.000000, Normalized LogL: -1.589432, Exp of Normalized LogL: 0.204042, Best Rate: 0.3
Fault: [0,2,2,3,4,5], logL: -15.894316, Exp of LogL: 0.000000, Normalized LogL: -1.589432, Exp of Normalized LogL: 0.204042, Best Rate: 0.3
Fault: [0,5,2,3,4,5], logL: -15.894316, Exp of LogL: 0.000000, Normalized LogL: -1.589432, Exp of Normalized LogL: 0.204042, Best Rate: 0.3
Fault: [0,5,2,0,4,5], logL: -16.442882, Exp of LogL: 0.000000, Normalized LogL: -1.644288, Exp of Normalized LogL: 0.193150, Best Rate: 0.3
Fault: [0,5,2,2,4,5], logL: -16.576413, Exp of LogL: 0.000000, Normalized LogL: -1.657641, Exp of Normalized LogL: 0.190588, Best Rate: 0.3
Fault: [0,5,2,4,4,5], logL: -16.576413, Exp of LogL: 0.000000, Normalized LogL: -1.657641, Exp of Normalized LogL: 0.190588, Best Rate: 0.3
Fault: [0,5,2,5,4,5], logL: -16.576413, Exp of LogL: 0.000000, Normalized LogL: -1.657641, Exp of Normalized LogL: 0.190588, Best Rate: 0.3
Fault: [0,1,2,3,4,5], logL: -36.995702, Exp of LogL: 0.000000, Normalized LogL: -3.699570, Exp of Normalized LogL: 0.024734, Best Rate: 0.3

========= ADAPTIVE MC DEBUG =========
Total calls: 100
Avg tries: 185.00
Confidence stops: 100
Max stops: 0
Max stop rate: 0.000
Real Fault Rank 5
===== SEED 101 | FR=0.3 | VR=60 =====
executing with fault mode: [0,5,2,3,4,5]

Fault scores (higher is better):
Fault: [0,1,2,3,4,5], logL: -18.342141, Exp of LogL: 0.000000, Normalized LogL: -1.222809, Exp of Normalized LogL: 0.294402, Best Rate: 0.3
Fault: [0,4,2,3,4,5], logL: -18.604802, Exp of LogL: 0.000000, Normalized LogL: -1.240320, Exp of Normalized LogL: 0.289292, Best Rate: 0.3
Fault: [0,2,2,3,4,5], logL: -18.604802, Exp of LogL: 0.000000, Normalized LogL: -1.240320, Exp of Normalized LogL: 0.289292, Best Rate: 0.3
Fault: [0,5,2,3,4,5], logL: -18.604802, Exp of LogL: 0.000000, Normalized LogL: -1.240320, Exp of Normalized LogL: 0.289292, Best Rate: 0.3
Fault: [0,5,2,0,4,5], logL: -18.843213, Exp of LogL: 0.000000, Normalized LogL: -1.256214, Exp of Normalized LogL: 0.284730, Best Rate: 0.3
Fault: [0,5,2,2,4,5], logL: -18.976744, Exp of LogL: 0.000000, Normalized LogL: -1.265116, Exp of Normalized LogL: 0.282206, Best Rate: 0.3
Fault: [0,5,2,4,4,5], logL: -18.976744, Exp of LogL: 0.000000, Normalized LogL: -1.265116, Exp of Normalized LogL: 0.282206, Best Rate: 0.3
Fault: [0,5,2,5,4,5], logL: -18.976744, Exp of LogL: 0.000000, Normalized LogL: -1.265116, Exp of Normalized LogL: 0.282206, Best Rate: 0.3
Fault: [0,0,2,3,4,5], logL: -19.517085, Exp of LogL: 0.000000, Normalized LogL: -1.301139, Exp of Normalized LogL: 0.272222, Best Rate: 0.3
Fault: [0,3,2,3,4,5], logL: -19.912865, Exp of LogL: 0.000000, Normalized LogL: -1.327524, Exp of Normalized LogL: 0.265133, Best Rate: 0.3

========= ADAPTIVE MC DEBUG =========
Total calls: 150
Avg tries: 182.33
Confidence stops: 150
Max stops: 0
Max stop rate: 0.000
Real Fault Rank 4
===== SEED 101 | FR=0.3 | VR=80 =====
executing with fault mode: [0,5,2,3,4,5]

Fault scores (higher is better):
Fault: [0,1,2,3,4,5], logL: -19.449717, Exp of LogL: 0.000000, Normalized LogL: -0.972486, Exp of Normalized LogL: 0.378142, Best Rate: 0.3
Fault: [0,4,2,3,4,5], logL: -19.830254, Exp of LogL: 0.000000, Normalized LogL: -0.991513, Exp of Normalized LogL: 0.371015, Best Rate: 0.3
Fault: [0,2,2,3,4,5], logL: -19.830254, Exp of LogL: 0.000000, Normalized LogL: -0.991513, Exp of Normalized LogL: 0.371015, Best Rate: 0.3
Fault: [0,5,2,3,4,5], logL: -19.830254, Exp of LogL: 0.000000, Normalized LogL: -0.991513, Exp of Normalized LogL: 0.371015, Best Rate: 0.3
Fault: [0,5,2,0,4,5], logL: -20.068665, Exp of LogL: 0.000000, Normalized LogL: -1.003433, Exp of Normalized LogL: 0.366619, Best Rate: 0.3
Fault: [0,5,2,2,4,5], logL: -20.202196, Exp of LogL: 0.000000, Normalized LogL: -1.010110, Exp of Normalized LogL: 0.364179, Best Rate: 0.3
Fault: [0,5,2,4,4,5], logL: -20.202196, Exp of LogL: 0.000000, Normalized LogL: -1.010110, Exp of Normalized LogL: 0.364179, Best Rate: 0.3
Fault: [0,5,2,5,4,5], logL: -20.202196, Exp of LogL: 0.000000, Normalized LogL: -1.010110, Exp of Normalized LogL: 0.364179, Best Rate: 0.3
Fault: [0,0,2,3,4,5], logL: -20.742536, Exp of LogL: 0.000000, Normalized LogL: -1.037127, Exp of Normalized LogL: 0.354472, Best Rate: 0.3
Fault: [0,3,2,3,4,5], logL: -21.119967, Exp of LogL: 0.000000, Normalized LogL: -1.055998, Exp of Normalized LogL: 0.347845, Best Rate: 0.3

========= ADAPTIVE MC DEBUG =========
Total calls: 200
Avg tries: 181.50
Confidence stops: 200
Max stops: 0
Max stop rate: 0.000
Real Fault Rank 4
===== SEED 101 | FR=0.3 | VR=100 =====
executing with fault mode: [0,5,2,3,4,5]

Fault scores (higher is better):
Fault: [0,4,2,3,4,5], logL: -23.563342, Exp of LogL: 0.000000, Normalized LogL: -0.942534, Exp of Normalized LogL: 0.389639, Best Rate: 0.3
Fault: [0,2,2,3,4,5], logL: -23.563342, Exp of LogL: 0.000000, Normalized LogL: -0.942534, Exp of Normalized LogL: 0.389639, Best Rate: 0.3
Fault: [0,5,2,3,4,5], logL: -23.563342, Exp of LogL: 0.000000, Normalized LogL: -0.942534, Exp of Normalized LogL: 0.389639, Best Rate: 0.3
Fault: [0,5,2,0,4,5], logL: -23.801753, Exp of LogL: 0.000000, Normalized LogL: -0.952070, Exp of Normalized LogL: 0.385941, Best Rate: 0.3
Fault: [0,5,2,2,4,5], logL: -23.935284, Exp of LogL: 0.000000, Normalized LogL: -0.957411, Exp of Normalized LogL: 0.383885, Best Rate: 0.3
Fault: [0,5,2,4,4,5], logL: -23.935284, Exp of LogL: 0.000000, Normalized LogL: -0.957411, Exp of Normalized LogL: 0.383885, Best Rate: 0.3
Fault: [0,5,2,5,4,5], logL: -23.935284, Exp of LogL: 0.000000, Normalized LogL: -0.957411, Exp of Normalized LogL: 0.383885, Best Rate: 0.3
Fault: [0,1,2,3,4,5], logL: -25.686487, Exp of LogL: 0.000000, Normalized LogL: -1.027459, Exp of Normalized LogL: 0.357915, Best Rate: 0.3
Fault: [0,0,2,3,4,5], logL: -26.694301, Exp of LogL: 0.000000, Normalized LogL: -1.067772, Exp of Normalized LogL: 0.343774, Best Rate: 0.3
Fault: [0,3,2,3,4,5], logL: -27.793797, Exp of LogL: 0.000000, Normalized LogL: -1.111752, Exp of Normalized LogL: 0.328982, Best Rate: 0.3

========= ADAPTIVE MC DEBUG =========
Total calls: 250
Avg tries: 180.00
Confidence stops: 250
Max stops: 0
Max stop rate: 0.000
Real Fault Rank 3
================= 22/08/2026 05:09:04: SEED 101 END =================
================= 22/08/2026 05:09:04: SEED 102 (99/100), a*=2 fault=[0,1,3,3,4,5] START =================
===== SEED 102 | FR=0.3 | VR=20 =====
executing with fault mode: [0,1,3,3,4,5]

executing with fault mode: [0,1,3,3,4,5]

executing with fault mode: [0,1,3,3,4,5]

executing with fault mode: [0,1,3,3,4,5]

Fault scores (higher is better):
Fault: [0,1,3,3,3,5], logL: -12.149568, Exp of LogL: 0.000005, Normalized LogL: -1.735653, Exp of Normalized LogL: 0.176285, Best Rate: 0.3
Fault: [0,1,3,3,1,5], logL: -12.149568, Exp of LogL: 0.000005, Normalized LogL: -1.735653, Exp of Normalized LogL: 0.176285, Best Rate: 0.3
Fault: [0,1,3,3,5,5], logL: -12.149568, Exp of LogL: 0.000005, Normalized LogL: -1.735653, Exp of Normalized LogL: 0.176285, Best Rate: 0.3
Fault: [0,1,3,3,4,5], logL: -12.497875, Exp of LogL: 0.000004, Normalized LogL: -1.785411, Exp of Normalized LogL: 0.167728, Best Rate: 0.3
Fault: [0,1,3,3,2,5], logL: -12.584886, Exp of LogL: 0.000003, Normalized LogL: -1.797841, Exp of Normalized LogL: 0.165656, Best Rate: 0.3
Fault: [0,1,1,3,4,5], logL: -13.680693, Exp of LogL: 0.000001, Normalized LogL: -1.954385, Exp of Normalized LogL: 0.141652, Best Rate: 0.3
Fault: [0,1,4,3,4,5], logL: -13.946762, Exp of LogL: 0.000001, Normalized LogL: -1.992395, Exp of Normalized LogL: 0.136368, Best Rate: 0.3
Fault: [0,1,5,3,4,5], logL: -13.946762, Exp of LogL: 0.000001, Normalized LogL: -1.992395, Exp of Normalized LogL: 0.136368, Best Rate: 0.3
Fault: [0,1,0,3,4,5], logL: -15.075598, Exp of LogL: 0.000000, Normalized LogL: -2.153657, Exp of Normalized LogL: 0.116059, Best Rate: 0.3
Fault: [0,1,2,3,4,5], logL: -16.636463, Exp of LogL: 0.000000, Normalized LogL: -2.376638, Exp of Normalized LogL: 0.092862, Best Rate: 0.3

========= ADAPTIVE MC DEBUG =========
Total calls: 70
Avg tries: 177.86
Confidence stops: 70
Max stops: 0
Max stop rate: 0.000
Real Fault Rank 4
===== SEED 102 | FR=0.3 | VR=40 =====
executing with fault mode: [0,1,3,3,4,5]

executing with fault mode: [0,1,3,3,4,5]

executing with fault mode: [0,1,3,3,4,5]

executing with fault mode: [0,1,3,3,4,5]

Fault scores (higher is better):
Fault: [0,1,3,3,4,5], logL: -17.590748, Exp of LogL: 0.000000, Normalized LogL: -1.353134, Exp of Normalized LogL: 0.258429, Best Rate: 0.3
Fault: [0,1,3,3,3,5], logL: -17.969085, Exp of LogL: 0.000000, Normalized LogL: -1.382237, Exp of Normalized LogL: 0.251016, Best Rate: 0.3
Fault: [0,1,3,3,2,5], logL: -17.969085, Exp of LogL: 0.000000, Normalized LogL: -1.382237, Exp of Normalized LogL: 0.251016, Best Rate: 0.3
Fault: [0,1,3,3,1,5], logL: -17.969085, Exp of LogL: 0.000000, Normalized LogL: -1.382237, Exp of Normalized LogL: 0.251016, Best Rate: 0.3
Fault: [0,1,3,3,5,5], logL: -17.969085, Exp of LogL: 0.000000, Normalized LogL: -1.382237, Exp of Normalized LogL: 0.251016, Best Rate: 0.3
Fault: [0,1,1,3,4,5], logL: -19.942201, Exp of LogL: 0.000000, Normalized LogL: -1.534015, Exp of Normalized LogL: 0.215668, Best Rate: 0.3
Fault: [0,1,0,3,4,5], logL: -21.229996, Exp of LogL: 0.000000, Normalized LogL: -1.633077, Exp of Normalized LogL: 0.195328, Best Rate: 0.3
Fault: [0,1,4,3,4,5], logL: -43.517030, Exp of LogL: 0.000000, Normalized LogL: -3.347464, Exp of Normalized LogL: 0.035173, Best Rate: 0.3
Fault: [0,1,5,3,4,5], logL: -43.517030, Exp of LogL: 0.000000, Normalized LogL: -3.347464, Exp of Normalized LogL: 0.035173, Best Rate: 0.3
Fault: [0,1,2,3,4,5], logL: -46.685473, Exp of LogL: 0.000000, Normalized LogL: -3.591190, Exp of Normalized LogL: 0.027566, Best Rate: 0.3

========= ADAPTIVE MC DEBUG =========
Total calls: 130
Avg tries: 173.08
Confidence stops: 130
Max stops: 0
Max stop rate: 0.000
Real Fault Rank 1
===== SEED 102 | FR=0.3 | VR=60 =====
executing with fault mode: [0,1,3,3,4,5]

executing with fault mode: [0,1,3,3,4,5]

executing with fault mode: [0,1,3,3,4,5]

executing with fault mode: [0,1,3,3,4,5]

Fault scores (higher is better):
Fault: [0,1,3,3,4,5], logL: -20.397218, Exp of LogL: 0.000000, Normalized LogL: -1.073538, Exp of Normalized LogL: 0.341797, Best Rate: 0.3
Fault: [0,1,3,3,3,5], logL: -20.775554, Exp of LogL: 0.000000, Normalized LogL: -1.093450, Exp of Normalized LogL: 0.335058, Best Rate: 0.3
Fault: [0,1,3,3,2,5], logL: -20.775554, Exp of LogL: 0.000000, Normalized LogL: -1.093450, Exp of Normalized LogL: 0.335058, Best Rate: 0.3
Fault: [0,1,3,3,1,5], logL: -20.775554, Exp of LogL: 0.000000, Normalized LogL: -1.093450, Exp of Normalized LogL: 0.335058, Best Rate: 0.3
Fault: [0,1,3,3,5,5], logL: -20.775554, Exp of LogL: 0.000000, Normalized LogL: -1.093450, Exp of Normalized LogL: 0.335058, Best Rate: 0.3
Fault: [0,1,0,3,4,5], logL: -24.451094, Exp of LogL: 0.000000, Normalized LogL: -1.286900, Exp of Normalized LogL: 0.276126, Best Rate: 0.3
Fault: [0,1,1,3,4,5], logL: -27.304863, Exp of LogL: 0.000000, Normalized LogL: -1.437098, Exp of Normalized LogL: 0.237616, Best Rate: 0.3
Fault: [0,1,4,3,4,5], logL: -74.144763, Exp of LogL: 0.000000, Normalized LogL: -3.902356, Exp of Normalized LogL: 0.020194, Best Rate: 0.3
Fault: [0,1,5,3,4,5], logL: -74.144763, Exp of LogL: 0.000000, Normalized LogL: -3.902356, Exp of Normalized LogL: 0.020194, Best Rate: 0.3
Fault: [0,1,2,3,4,5], logL: -99.633580, Exp of LogL: 0.000000, Normalized LogL: -5.243873, Exp of Normalized LogL: 0.005280, Best Rate: 0.3

========= ADAPTIVE MC DEBUG =========
Total calls: 190
Avg tries: 171.84
Confidence stops: 190
Max stops: 0
Max stop rate: 0.000
Real Fault Rank 1
===== SEED 102 | FR=0.3 | VR=80 =====
executing with fault mode: [0,1,3,3,4,5]

executing with fault mode: [0,1,3,3,4,5]

executing with fault mode: [0,1,3,3,4,5]

executing with fault mode: [0,1,3,3,4,5]

Fault scores (higher is better):
Fault: [0,1,3,3,4,5], logL: -26.896697, Exp of LogL: 0.000000, Normalized LogL: -1.075868, Exp of Normalized LogL: 0.341002, Best Rate: 0.3
Fault: [0,1,3,3,3,5], logL: -27.275033, Exp of LogL: 0.000000, Normalized LogL: -1.091001, Exp of Normalized LogL: 0.335880, Best Rate: 0.3
Fault: [0,1,3,3,2,5], logL: -27.275033, Exp of LogL: 0.000000, Normalized LogL: -1.091001, Exp of Normalized LogL: 0.335880, Best Rate: 0.3
Fault: [0,1,3,3,1,5], logL: -27.275033, Exp of LogL: 0.000000, Normalized LogL: -1.091001, Exp of Normalized LogL: 0.335880, Best Rate: 0.3
Fault: [0,1,3,3,5,5], logL: -27.275033, Exp of LogL: 0.000000, Normalized LogL: -1.091001, Exp of Normalized LogL: 0.335880, Best Rate: 0.3
Fault: [0,1,0,3,4,5], logL: -30.590927, Exp of LogL: 0.000000, Normalized LogL: -1.223637, Exp of Normalized LogL: 0.294158, Best Rate: 0.3
Fault: [0,1,1,3,4,5], logL: -31.141648, Exp of LogL: 0.000000, Normalized LogL: -1.245666, Exp of Normalized LogL: 0.287749, Best Rate: 0.3
Fault: [0,1,4,3,4,5], logL: -80.727126, Exp of LogL: 0.000000, Normalized LogL: -3.229085, Exp of Normalized LogL: 0.039594, Best Rate: 0.3
Fault: [0,1,5,3,4,5], logL: -80.727126, Exp of LogL: 0.000000, Normalized LogL: -3.229085, Exp of Normalized LogL: 0.039594, Best Rate: 0.3
Fault: [0,1,2,3,4,5], logL: -104.137533, Exp of LogL: 0.000000, Normalized LogL: -4.165501, Exp of Normalized LogL: 0.015522, Best Rate: 0.3

========= ADAPTIVE MC DEBUG =========
Total calls: 250
Avg tries: 173.80
Confidence stops: 250
Max stops: 0
Max stop rate: 0.000
Real Fault Rank 1
===== SEED 102 | FR=0.3 | VR=100 =====
executing with fault mode: [0,1,3,3,4,5]

executing with fault mode: [0,1,3,3,4,5]

executing with fault mode: [0,1,3,3,4,5]

executing with fault mode: [0,1,3,3,4,5]

Fault scores (higher is better):
Fault: [0,1,3,3,4,5], logL: -31.586711, Exp of LogL: 0.000000, Normalized LogL: -0.987085, Exp of Normalized LogL: 0.372662, Best Rate: 0.3
Fault: [0,1,3,3,3,5], logL: -31.965047, Exp of LogL: 0.000000, Normalized LogL: -0.998908, Exp of Normalized LogL: 0.368281, Best Rate: 0.3
Fault: [0,1,3,3,2,5], logL: -31.965047, Exp of LogL: 0.000000, Normalized LogL: -0.998908, Exp of Normalized LogL: 0.368281, Best Rate: 0.3
Fault: [0,1,3,3,1,5], logL: -31.965047, Exp of LogL: 0.000000, Normalized LogL: -0.998908, Exp of Normalized LogL: 0.368281, Best Rate: 0.3
Fault: [0,1,3,3,5,5], logL: -31.965047, Exp of LogL: 0.000000, Normalized LogL: -0.998908, Exp of Normalized LogL: 0.368281, Best Rate: 0.3
Fault: [0,1,0,3,4,5], logL: -34.611809, Exp of LogL: 0.000000, Normalized LogL: -1.081619, Exp of Normalized LogL: 0.339046, Best Rate: 0.3
Fault: [0,1,1,3,4,5], logL: -36.029133, Exp of LogL: 0.000000, Normalized LogL: -1.125910, Exp of Normalized LogL: 0.324357, Best Rate: 0.3
Fault: [0,1,4,3,4,5], logL: -85.501440, Exp of LogL: 0.000000, Normalized LogL: -2.671920, Exp of Normalized LogL: 0.069119, Best Rate: 0.3
Fault: [0,1,5,3,4,5], logL: -85.501440, Exp of LogL: 0.000000, Normalized LogL: -2.671920, Exp of Normalized LogL: 0.069119, Best Rate: 0.3
Fault: [0,1,2,3,4,5], logL: -108.377156, Exp of LogL: 0.000000, Normalized LogL: -3.386786, Exp of Normalized LogL: 0.033817, Best Rate: 0.3

========= ADAPTIVE MC DEBUG =========
Total calls: 320
Avg tries: 177.19
Confidence stops: 320
Max stops: 0
Max stop rate: 0.000
Real Fault Rank 1
================= 22/08/2026 05:09:33: SEED 102 END =================
================= 22/08/2026 05:09:33: SEED 103 (100/100), a*=0 fault=[4,1,2,3,4,5] START =================
===== SEED 103 | FR=0.3 | VR=20 =====
executing with fault mode: [4,1,2,3,4,5]

executing with fault mode: [4,1,2,3,4,5]

Fault scores (higher is better):
Fault: [3,1,2,3,4,5], logL: -9.625187, Exp of LogL: 0.000066, Normalized LogL: -1.604198, Exp of Normalized LogL: 0.201051, Best Rate: 0.3
Fault: [1,1,2,3,4,5], logL: -10.002481, Exp of LogL: 0.000045, Normalized LogL: -1.667080, Exp of Normalized LogL: 0.188798, Best Rate: 0.3
Fault: [4,1,2,3,4,5], logL: -10.559496, Exp of LogL: 0.000026, Normalized LogL: -1.759916, Exp of Normalized LogL: 0.172059, Best Rate: 0.3
Fault: [5,1,2,3,4,5], logL: -10.559496, Exp of LogL: 0.000026, Normalized LogL: -1.759916, Exp of Normalized LogL: 0.172059, Best Rate: 0.3
Fault: [0,1,2,3,4,5], logL: -10.615586, Exp of LogL: 0.000025, Normalized LogL: -1.769264, Exp of Normalized LogL: 0.170458, Best Rate: 0.3
Fault: [4,1,2,3,3,5], logL: -10.782640, Exp of LogL: 0.000021, Normalized LogL: -1.797107, Exp of Normalized LogL: 0.165778, Best Rate: 0.3
Fault: [4,1,2,3,5,5], logL: -10.782640, Exp of LogL: 0.000021, Normalized LogL: -1.797107, Exp of Normalized LogL: 0.165778, Best Rate: 0.3
Fault: [4,1,2,3,2,5], logL: -10.856748, Exp of LogL: 0.000019, Normalized LogL: -1.809458, Exp of Normalized LogL: 0.163743, Best Rate: 0.3
Fault: [4,1,2,3,1,5], logL: -10.856748, Exp of LogL: 0.000019, Normalized LogL: -1.809458, Exp of Normalized LogL: 0.163743, Best Rate: 0.3
Fault: [2,1,2,3,4,5], logL: -10.946943, Exp of LogL: 0.000018, Normalized LogL: -1.824490, Exp of Normalized LogL: 0.161300, Best Rate: 0.3

========= ADAPTIVE MC DEBUG =========
Total calls: 60
Avg tries: 193.33
Confidence stops: 60
Max stops: 0
Max stop rate: 0.000
Real Fault Rank 3
===== SEED 103 | FR=0.3 | VR=40 =====
executing with fault mode: [4,1,2,3,4,5]

executing with fault mode: [4,1,2,3,4,5]

Fault scores (higher is better):
Fault: [4,1,2,3,4,5], logL: -12.801933, Exp of LogL: 0.000003, Normalized LogL: -1.163812, Exp of Normalized LogL: 0.312293, Best Rate: 0.3
Fault: [5,1,2,3,4,5], logL: -12.801933, Exp of LogL: 0.000003, Normalized LogL: -1.163812, Exp of Normalized LogL: 0.312293, Best Rate: 0.3
Fault: [4,1,2,3,3,5], logL: -13.187595, Exp of LogL: 0.000002, Normalized LogL: -1.198872, Exp of Normalized LogL: 0.301534, Best Rate: 0.3
Fault: [4,1,2,3,5,5], logL: -13.187595, Exp of LogL: 0.000002, Normalized LogL: -1.198872, Exp of Normalized LogL: 0.301534, Best Rate: 0.3
Fault: [4,1,2,3,2,5], logL: -13.187595, Exp of LogL: 0.000002, Normalized LogL: -1.198872, Exp of Normalized LogL: 0.301534, Best Rate: 0.3
Fault: [4,1,2,3,1,5], logL: -13.187595, Exp of LogL: 0.000002, Normalized LogL: -1.198872, Exp of Normalized LogL: 0.301534, Best Rate: 0.3
Fault: [1,1,2,3,4,5], logL: -13.931966, Exp of LogL: 0.000001, Normalized LogL: -1.266542, Exp of Normalized LogL: 0.281804, Best Rate: 0.3
Fault: [0,1,2,3,4,5], logL: -13.950643, Exp of LogL: 0.000001, Normalized LogL: -1.268240, Exp of Normalized LogL: 0.281326, Best Rate: 0.3
Fault: [2,1,2,3,4,5], logL: -15.234984, Exp of LogL: 0.000000, Normalized LogL: -1.384999, Exp of Normalized LogL: 0.250324, Best Rate: 0.3
Fault: [3,1,2,3,4,5], logL: -36.585800, Exp of LogL: 0.000000, Normalized LogL: -3.325982, Exp of Normalized LogL: 0.035937, Best Rate: 0.3

========= ADAPTIVE MC DEBUG =========
Total calls: 110
Avg tries: 180.45
Confidence stops: 110
Max stops: 0
Max stop rate: 0.000
Real Fault Rank 1
===== SEED 103 | FR=0.3 | VR=60 =====
executing with fault mode: [4,1,2,3,4,5]

executing with fault mode: [4,1,2,3,4,5]

Fault scores (higher is better):
Fault: [4,1,2,3,4,5], logL: -17.284408, Exp of LogL: 0.000000, Normalized LogL: -1.016730, Exp of Normalized LogL: 0.361776, Best Rate: 0.3
Fault: [5,1,2,3,4,5], logL: -17.284408, Exp of LogL: 0.000000, Normalized LogL: -1.016730, Exp of Normalized LogL: 0.361776, Best Rate: 0.3
Fault: [4,1,2,3,3,5], logL: -17.670070, Exp of LogL: 0.000000, Normalized LogL: -1.039416, Exp of Normalized LogL: 0.353661, Best Rate: 0.3
Fault: [4,1,2,3,5,5], logL: -17.670070, Exp of LogL: 0.000000, Normalized LogL: -1.039416, Exp of Normalized LogL: 0.353661, Best Rate: 0.3
Fault: [4,1,2,3,2,5], logL: -17.670070, Exp of LogL: 0.000000, Normalized LogL: -1.039416, Exp of Normalized LogL: 0.353661, Best Rate: 0.3
Fault: [4,1,2,3,1,5], logL: -17.670070, Exp of LogL: 0.000000, Normalized LogL: -1.039416, Exp of Normalized LogL: 0.353661, Best Rate: 0.3
Fault: [0,1,2,3,4,5], logL: -39.746528, Exp of LogL: 0.000000, Normalized LogL: -2.338031, Exp of Normalized LogL: 0.096517, Best Rate: 0.3
Fault: [3,1,2,3,4,5], logL: -40.519160, Exp of LogL: 0.000000, Normalized LogL: -2.383480, Exp of Normalized LogL: 0.092229, Best Rate: 0.3
Fault: [2,1,2,3,4,5], logL: -41.058458, Exp of LogL: 0.000000, Normalized LogL: -2.415203, Exp of Normalized LogL: 0.089349, Best Rate: 0.3
Fault: [1,1,2,3,4,5], logL: -41.101326, Exp of LogL: 0.000000, Normalized LogL: -2.417725, Exp of Normalized LogL: 0.089124, Best Rate: 0.3

========= ADAPTIVE MC DEBUG =========
Total calls: 170
Avg tries: 186.47
Confidence stops: 170
Max stops: 0
Max stop rate: 0.000
Real Fault Rank 1
===== SEED 103 | FR=0.3 | VR=80 =====
executing with fault mode: [4,1,2,3,4,5]

executing with fault mode: [4,1,2,3,4,5]

Fault scores (higher is better):
Fault: [4,1,2,3,4,5], logL: -20.083625, Exp of LogL: 0.000000, Normalized LogL: -0.912892, Exp of Normalized LogL: 0.401362, Best Rate: 0.3
Fault: [5,1,2,3,4,5], logL: -20.083625, Exp of LogL: 0.000000, Normalized LogL: -0.912892, Exp of Normalized LogL: 0.401362, Best Rate: 0.3
Fault: [4,1,2,3,3,5], logL: -20.469288, Exp of LogL: 0.000000, Normalized LogL: -0.930422, Exp of Normalized LogL: 0.394387, Best Rate: 0.3
Fault: [4,1,2,3,5,5], logL: -20.469288, Exp of LogL: 0.000000, Normalized LogL: -0.930422, Exp of Normalized LogL: 0.394387, Best Rate: 0.3
Fault: [4,1,2,3,2,5], logL: -20.469288, Exp of LogL: 0.000000, Normalized LogL: -0.930422, Exp of Normalized LogL: 0.394387, Best Rate: 0.3
Fault: [4,1,2,3,1,5], logL: -20.469288, Exp of LogL: 0.000000, Normalized LogL: -0.930422, Exp of Normalized LogL: 0.394387, Best Rate: 0.3
Fault: [0,1,2,3,4,5], logL: -42.545746, Exp of LogL: 0.000000, Normalized LogL: -1.933898, Exp of Normalized LogL: 0.144584, Best Rate: 0.3
Fault: [3,1,2,3,4,5], logL: -43.318377, Exp of LogL: 0.000000, Normalized LogL: -1.969017, Exp of Normalized LogL: 0.139594, Best Rate: 0.3
Fault: [2,1,2,3,4,5], logL: -43.857676, Exp of LogL: 0.000000, Normalized LogL: -1.993531, Exp of Normalized LogL: 0.136214, Best Rate: 0.3
Fault: [1,1,2,3,4,5], logL: -43.973303, Exp of LogL: 0.000000, Normalized LogL: -1.998787, Exp of Normalized LogL: 0.135500, Best Rate: 0.3

========= ADAPTIVE MC DEBUG =========
Total calls: 220
Avg tries: 187.27
Confidence stops: 220
Max stops: 0
Max stop rate: 0.000
Real Fault Rank 1
===== SEED 103 | FR=0.3 | VR=100 =====
executing with fault mode: [4,1,2,3,4,5]

executing with fault mode: [4,1,2,3,4,5]

Fault scores (higher is better):
Fault: [4,1,2,3,4,5], logL: -23.173518, Exp of LogL: 0.000000, Normalized LogL: -0.827626, Exp of Normalized LogL: 0.437086, Best Rate: 0.3
Fault: [5,1,2,3,4,5], logL: -23.173518, Exp of LogL: 0.000000, Normalized LogL: -0.827626, Exp of Normalized LogL: 0.437086, Best Rate: 0.3
Fault: [4,1,2,3,3,5], logL: -23.559181, Exp of LogL: 0.000000, Normalized LogL: -0.841399, Exp of Normalized LogL: 0.431107, Best Rate: 0.3
Fault: [4,1,2,3,5,5], logL: -23.559181, Exp of LogL: 0.000000, Normalized LogL: -0.841399, Exp of Normalized LogL: 0.431107, Best Rate: 0.3
Fault: [4,1,2,3,2,5], logL: -23.559181, Exp of LogL: 0.000000, Normalized LogL: -0.841399, Exp of Normalized LogL: 0.431107, Best Rate: 0.3
Fault: [4,1,2,3,1,5], logL: -23.559181, Exp of LogL: 0.000000, Normalized LogL: -0.841399, Exp of Normalized LogL: 0.431107, Best Rate: 0.3
Fault: [0,1,2,3,4,5], logL: -47.536789, Exp of LogL: 0.000000, Normalized LogL: -1.697742, Exp of Normalized LogL: 0.183096, Best Rate: 0.3
Fault: [3,1,2,3,4,5], logL: -48.691196, Exp of LogL: 0.000000, Normalized LogL: -1.738971, Exp of Normalized LogL: 0.175701, Best Rate: 0.3
Fault: [2,1,2,3,4,5], logL: -49.272670, Exp of LogL: 0.000000, Normalized LogL: -1.759738, Exp of Normalized LogL: 0.172090, Best Rate: 0.3
Fault: [1,1,2,3,4,5], logL: -49.375610, Exp of LogL: 0.000000, Normalized LogL: -1.763415, Exp of Normalized LogL: 0.171458, Best Rate: 0.3

========= ADAPTIVE MC DEBUG =========
Total calls: 280
Avg tries: 183.93
Confidence stops: 280
Max stops: 0
Max stop rate: 0.000
Real Fault Rank 1
================= 22/08/2026 05:10:01: SEED 103 END =================

Number of diagnosis runs: 500 (skipped 0)
Total diagnosis time: 0:39:49 (2389.89 sec)
Average diagnosis time: 0:00:04 (4.78 sec)
file was written at: experimental results/Taxi_v4/hard_class2_epsweep/taxi_v4_hard_class2_PO_known_fr_epsilon_0_07_SEEDS_100.xlsx
finished gracefully1
Traceback (most recent call last):
  File "/home/ahmade/rldx_repo/rldx-sifu/main.py", line 140, in <module>
    mixer.init()
pygame.error: dsp: No such audio device
DONE eps=0.07 status=1 Sat 22 Aug 2026 05:10:02 IDT
