------------------------------------
Sat 22 Aug 2026 04:29:38 IDT
SLURM_JOBID:		20476125
SLURM_JOB_NODELIST:	ise-cpu-intl-11
SLURM_SCRATCH_DIR:	
Allocated Resouces:	cpu - 2 / mem - 8192 MB / gpu - 
SLURM_GPU_INDEX:	
Running as ahmade from sternron account with normal QOS
------------------------------------
JOBID=20476125 ARRAY=20476121 TASK=0 EPS=0.1 NODE=ise-cpu-intl-11 START=Sat 22 Aug 2026 04:29:38 IDT
d1dcbd6 Fix MC seed-block overflow: SEED_BLOCK 1M -> 10M
pygame 2.6.1 (SDL 2.28.4, Python 3.11.15)
Hello from the pygame community. https://www.pygame.org/contribute.html
At main
Running with epsilon=0.1
unknown_fault_rate=False
maps_num=49
[TaxiHardcodedPolicy] tabulated 500 states from environments/Taxi_v4/models/PPO/Taxi_v4__PPO.zip
Running Taxi-v4 PO diagnosis (HARD class-2) | epsilon=0.1 | num_seeds=100 | fault_rate=[0.3] | visibility=[20, 40, 60, 80, 100]


================= 22/08/2026 04:29:49: SEED 1 (1/100), a*=0 fault=[1,1,2,3,4,5] START =================
===== SEED 1 | FR=0.3 | VR=20 =====
executing with fault mode: [1,1,2,3,4,5]

Fault scores (higher is better):
Fault: [4,1,2,3,4,5], logL: -8.801638, Exp of LogL: 0.000150, Normalized LogL: -1.760328, Exp of Normalized LogL: 0.171989, Best Rate: 0.3
Fault: [2,1,2,3,4,5], logL: -8.857208, Exp of LogL: 0.000142, Normalized LogL: -1.771442, Exp of Normalized LogL: 0.170088, Best Rate: 0.3
Fault: [5,1,2,3,4,5], logL: -8.978569, Exp of LogL: 0.000126, Normalized LogL: -1.795714, Exp of Normalized LogL: 0.166009, Best Rate: 0.3
Fault: [0,1,2,3,4,5], logL: -9.011358, Exp of LogL: 0.000122, Normalized LogL: -1.802272, Exp of Normalized LogL: 0.164924, Best Rate: 0.3
Fault: [3,1,2,3,4,5], logL: -9.579342, Exp of LogL: 0.000069, Normalized LogL: -1.915868, Exp of Normalized LogL: 0.147214, Best Rate: 0.3
Fault: [1,1,2,3,4,5], logL: -10.215331, Exp of LogL: 0.000037, Normalized LogL: -2.043066, Exp of Normalized LogL: 0.129631, Best Rate: 0.3
Fault: [1,1,2,3,5,5], logL: -10.420126, Exp of LogL: 0.000030, Normalized LogL: -2.084025, Exp of Normalized LogL: 0.124428, Best Rate: 0.3
Fault: [1,1,2,3,3,5], logL: -10.420126, Exp of LogL: 0.000030, Normalized LogL: -2.084025, Exp of Normalized LogL: 0.124428, Best Rate: 0.3
Fault: [1,1,2,3,1,5], logL: -10.420126, Exp of LogL: 0.000030, Normalized LogL: -2.084025, Exp of Normalized LogL: 0.124428, Best Rate: 0.3
Fault: [1,1,2,3,0,5], logL: -10.566729, Exp of LogL: 0.000026, Normalized LogL: -2.113346, Exp of Normalized LogL: 0.120833, Best Rate: 0.3

========= ADAPTIVE MC DEBUG =========
Total calls: 50
Avg tries: 170.00
Confidence stops: 50
Max stops: 0
Max stop rate: 0.000
Real Fault Rank 6
===== SEED 1 | FR=0.3 | VR=40 =====
executing with fault mode: [1,1,2,3,4,5]

Fault scores (higher is better):
Fault: [0,1,2,3,4,5], logL: -11.675666, Exp of LogL: 0.000008, Normalized LogL: -1.167567, Exp of Normalized LogL: 0.311123, Best Rate: 0.3
Fault: [2,1,2,3,4,5], logL: -12.144394, Exp of LogL: 0.000005, Normalized LogL: -1.214439, Exp of Normalized LogL: 0.296876, Best Rate: 0.3
Fault: [4,1,2,3,4,5], logL: -12.372652, Exp of LogL: 0.000004, Normalized LogL: -1.237265, Exp of Normalized LogL: 0.290177, Best Rate: 0.3
Fault: [5,1,2,3,4,5], logL: -12.372652, Exp of LogL: 0.000004, Normalized LogL: -1.237265, Exp of Normalized LogL: 0.290177, Best Rate: 0.3
Fault: [1,1,2,3,5,5], logL: -12.965416, Exp of LogL: 0.000002, Normalized LogL: -1.296542, Exp of Normalized LogL: 0.273476, Best Rate: 0.3
Fault: [1,1,2,3,3,5], logL: -12.965416, Exp of LogL: 0.000002, Normalized LogL: -1.296542, Exp of Normalized LogL: 0.273476, Best Rate: 0.3
Fault: [1,1,2,3,1,5], logL: -12.965416, Exp of LogL: 0.000002, Normalized LogL: -1.296542, Exp of Normalized LogL: 0.273476, Best Rate: 0.3
Fault: [3,1,2,3,4,5], logL: -13.047781, Exp of LogL: 0.000002, Normalized LogL: -1.304778, Exp of Normalized LogL: 0.271233, Best Rate: 0.3
Fault: [1,1,2,3,4,5], logL: -13.351463, Exp of LogL: 0.000002, Normalized LogL: -1.335146, Exp of Normalized LogL: 0.263120, Best Rate: 0.3
Fault: [1,1,2,3,0,5], logL: -13.496045, Exp of LogL: 0.000001, Normalized LogL: -1.349604, Exp of Normalized LogL: 0.259343, Best Rate: 0.3

========= ADAPTIVE MC DEBUG =========
Total calls: 100
Avg tries: 155.00
Confidence stops: 100
Max stops: 0
Max stop rate: 0.000
Real Fault Rank 9
===== SEED 1 | FR=0.3 | VR=60 =====
executing with fault mode: [1,1,2,3,4,5]

Fault scores (higher is better):
Fault: [0,1,2,3,4,5], logL: -12.441752, Exp of LogL: 0.000004, Normalized LogL: -0.888697, Exp of Normalized LogL: 0.411191, Best Rate: 0.3
Fault: [2,1,2,3,4,5], logL: -12.542441, Exp of LogL: 0.000004, Normalized LogL: -0.895889, Exp of Normalized LogL: 0.408245, Best Rate: 0.3
Fault: [1,1,2,3,5,5], logL: -13.941292, Exp of LogL: 0.000001, Normalized LogL: -0.995807, Exp of Normalized LogL: 0.369425, Best Rate: 0.3
Fault: [1,1,2,3,3,5], logL: -13.941292, Exp of LogL: 0.000001, Normalized LogL: -0.995807, Exp of Normalized LogL: 0.369425, Best Rate: 0.3
Fault: [1,1,2,3,1,5], logL: -13.941292, Exp of LogL: 0.000001, Normalized LogL: -0.995807, Exp of Normalized LogL: 0.369425, Best Rate: 0.3
Fault: [4,1,2,3,4,5], logL: -14.147035, Exp of LogL: 0.000001, Normalized LogL: -1.010503, Exp of Normalized LogL: 0.364036, Best Rate: 0.3
Fault: [5,1,2,3,4,5], logL: -14.147035, Exp of LogL: 0.000001, Normalized LogL: -1.010503, Exp of Normalized LogL: 0.364036, Best Rate: 0.3
Fault: [1,1,2,3,4,5], logL: -14.289598, Exp of LogL: 0.000001, Normalized LogL: -1.020686, Exp of Normalized LogL: 0.360348, Best Rate: 0.3
Fault: [3,1,2,3,4,5], logL: -14.296071, Exp of LogL: 0.000001, Normalized LogL: -1.021148, Exp of Normalized LogL: 0.360181, Best Rate: 0.3
Fault: [1,1,2,3,0,5], logL: -14.471920, Exp of LogL: 0.000001, Normalized LogL: -1.033709, Exp of Normalized LogL: 0.355685, Best Rate: 0.3

========= ADAPTIVE MC DEBUG =========
Total calls: 140
Avg tries: 150.00
Confidence stops: 140
Max stops: 0
Max stop rate: 0.000
Real Fault Rank 8
===== SEED 1 | FR=0.3 | VR=80 =====
executing with fault mode: [1,1,2,3,4,5]

Fault scores (higher is better):
Fault: [0,1,2,3,4,5], logL: -16.737226, Exp of LogL: 0.000000, Normalized LogL: -0.880907, Exp of Normalized LogL: 0.414407, Best Rate: 0.3
Fault: [2,1,2,3,4,5], logL: -17.038079, Exp of LogL: 0.000000, Normalized LogL: -0.896741, Exp of Normalized LogL: 0.407897, Best Rate: 0.3
Fault: [1,1,2,3,4,5], logL: -17.513907, Exp of LogL: 0.000000, Normalized LogL: -0.921785, Exp of Normalized LogL: 0.397808, Best Rate: 0.3
Fault: [3,1,2,3,4,5], logL: -17.863489, Exp of LogL: 0.000000, Normalized LogL: -0.940184, Exp of Normalized LogL: 0.390556, Best Rate: 0.3
Fault: [1,1,2,3,5,5], logL: -17.919372, Exp of LogL: 0.000000, Normalized LogL: -0.943125, Exp of Normalized LogL: 0.389409, Best Rate: 0.3
Fault: [1,1,2,3,3,5], logL: -17.919372, Exp of LogL: 0.000000, Normalized LogL: -0.943125, Exp of Normalized LogL: 0.389409, Best Rate: 0.3
Fault: [1,1,2,3,1,5], logL: -17.919372, Exp of LogL: 0.000000, Normalized LogL: -0.943125, Exp of Normalized LogL: 0.389409, Best Rate: 0.3
Fault: [1,1,2,3,0,5], logL: -17.919372, Exp of LogL: 0.000000, Normalized LogL: -0.943125, Exp of Normalized LogL: 0.389409, Best Rate: 0.3
Fault: [4,1,2,3,4,5], logL: -18.306236, Exp of LogL: 0.000000, Normalized LogL: -0.963486, Exp of Normalized LogL: 0.381560, Best Rate: 0.3
Fault: [5,1,2,3,4,5], logL: -18.306236, Exp of LogL: 0.000000, Normalized LogL: -0.963486, Exp of Normalized LogL: 0.381560, Best Rate: 0.3

========= ADAPTIVE MC DEBUG =========
Total calls: 190
Avg tries: 150.00
Confidence stops: 190
Max stops: 0
Max stop rate: 0.000
Real Fault Rank 3
===== SEED 1 | FR=0.3 | VR=100 =====
executing with fault mode: [1,1,2,3,4,5]

Fault scores (higher is better):
Fault: [1,1,2,3,4,5], logL: -18.859118, Exp of LogL: 0.000000, Normalized LogL: -0.785797, Exp of Normalized LogL: 0.455757, Best Rate: 0.3
Fault: [1,1,2,3,5,5], logL: -19.264583, Exp of LogL: 0.000000, Normalized LogL: -0.802691, Exp of Normalized LogL: 0.448121, Best Rate: 0.3
Fault: [1,1,2,3,3,5], logL: -19.264583, Exp of LogL: 0.000000, Normalized LogL: -0.802691, Exp of Normalized LogL: 0.448121, Best Rate: 0.3
Fault: [1,1,2,3,1,5], logL: -19.264583, Exp of LogL: 0.000000, Normalized LogL: -0.802691, Exp of Normalized LogL: 0.448121, Best Rate: 0.3
Fault: [1,1,2,3,0,5], logL: -19.264583, Exp of LogL: 0.000000, Normalized LogL: -0.802691, Exp of Normalized LogL: 0.448121, Best Rate: 0.3
Fault: [2,1,2,3,4,5], logL: -19.591825, Exp of LogL: 0.000000, Normalized LogL: -0.816326, Exp of Normalized LogL: 0.442053, Best Rate: 0.3
Fault: [0,1,2,3,4,5], logL: -43.470117, Exp of LogL: 0.000000, Normalized LogL: -1.811255, Exp of Normalized LogL: 0.163449, Best Rate: 0.3
Fault: [3,1,2,3,4,5], logL: -44.736045, Exp of LogL: 0.000000, Normalized LogL: -1.864002, Exp of Normalized LogL: 0.155051, Best Rate: 0.3
Fault: [4,1,2,3,4,5], logL: -45.720390, Exp of LogL: 0.000000, Normalized LogL: -1.905016, Exp of Normalized LogL: 0.148820, Best Rate: 0.3
Fault: [5,1,2,3,4,5], logL: -45.720390, Exp of LogL: 0.000000, Normalized LogL: -1.905016, Exp of Normalized LogL: 0.148820, Best Rate: 0.3

========= ADAPTIVE MC DEBUG =========
Total calls: 240
Avg tries: 150.00
Confidence stops: 240
Max stops: 0
Max stop rate: 0.000
Real Fault Rank 1
================= 22/08/2026 04:30:08: SEED 1 END =================
================= 22/08/2026 04:30:08: SEED 2 (2/100), a*=0 fault=[1,1,2,3,4,5] START =================
===== SEED 2 | FR=0.3 | VR=20 =====
executing with fault mode: [1,1,2,3,4,5]

Fault scores (higher is better):
Fault: [1,1,2,3,4,5], logL: -10.079100, Exp of LogL: 0.000042, Normalized LogL: -1.439871, Exp of Normalized LogL: 0.236958, Best Rate: 0.3
Fault: [1,1,2,3,0,5], logL: -10.102090, Exp of LogL: 0.000041, Normalized LogL: -1.443156, Exp of Normalized LogL: 0.236181, Best Rate: 0.3
Fault: [1,1,2,3,3,5], logL: -10.149718, Exp of LogL: 0.000039, Normalized LogL: -1.449960, Exp of Normalized LogL: 0.234580, Best Rate: 0.3
Fault: [1,1,2,3,2,5], logL: -10.199728, Exp of LogL: 0.000037, Normalized LogL: -1.457104, Exp of Normalized LogL: 0.232910, Best Rate: 0.3
Fault: [1,1,2,3,1,5], logL: -10.199728, Exp of LogL: 0.000037, Normalized LogL: -1.457104, Exp of Normalized LogL: 0.232910, Best Rate: 0.3
Fault: [2,1,2,3,4,5], logL: -36.118358, Exp of LogL: 0.000000, Normalized LogL: -5.159765, Exp of Normalized LogL: 0.005743, Best Rate: 0.3
Fault: [0,1,2,3,4,5], logL: -36.202851, Exp of LogL: 0.000000, Normalized LogL: -5.171836, Exp of Normalized LogL: 0.005674, Best Rate: 0.3
Fault: [4,1,2,3,4,5], logL: -36.848319, Exp of LogL: 0.000000, Normalized LogL: -5.264046, Exp of Normalized LogL: 0.005174, Best Rate: 0.3
Fault: [5,1,2,3,4,5], logL: -36.848319, Exp of LogL: 0.000000, Normalized LogL: -5.264046, Exp of Normalized LogL: 0.005174, Best Rate: 0.3
Fault: [3,1,2,3,4,5], logL: -36.963249, Exp of LogL: 0.000000, Normalized LogL: -5.280464, Exp of Normalized LogL: 0.005090, Best Rate: 0.3

========= ADAPTIVE MC DEBUG =========
Total calls: 70
Avg tries: 178.57
Confidence stops: 70
Max stops: 0
Max stop rate: 0.000
Real Fault Rank 1
===== SEED 2 | FR=0.3 | VR=40 =====
executing with fault mode: [1,1,2,3,4,5]

Fault scores (higher is better):
Fault: [1,1,2,3,4,5], logL: -16.486238, Exp of LogL: 0.000000, Normalized LogL: -1.268172, Exp of Normalized LogL: 0.281345, Best Rate: 0.3
Fault: [1,1,2,3,0,5], logL: -16.526243, Exp of LogL: 0.000000, Normalized LogL: -1.271249, Exp of Normalized LogL: 0.280481, Best Rate: 0.3
Fault: [1,1,2,3,3,5], logL: -16.807145, Exp of LogL: 0.000000, Normalized LogL: -1.292857, Exp of Normalized LogL: 0.274485, Best Rate: 0.3
Fault: [1,1,2,3,2,5], logL: -16.921556, Exp of LogL: 0.000000, Normalized LogL: -1.301658, Exp of Normalized LogL: 0.272080, Best Rate: 0.3
Fault: [1,1,2,3,1,5], logL: -16.921556, Exp of LogL: 0.000000, Normalized LogL: -1.301658, Exp of Normalized LogL: 0.272080, Best Rate: 0.3
Fault: [2,1,2,3,4,5], logL: -44.658613, Exp of LogL: 0.000000, Normalized LogL: -3.435278, Exp of Normalized LogL: 0.032216, Best Rate: 0.3
Fault: [0,1,2,3,4,5], logL: -68.159862, Exp of LogL: 0.000000, Normalized LogL: -5.243066, Exp of Normalized LogL: 0.005284, Best Rate: 0.3
Fault: [3,1,2,3,4,5], logL: -69.287668, Exp of LogL: 0.000000, Normalized LogL: -5.329821, Exp of Normalized LogL: 0.004845, Best Rate: 0.3
Fault: [4,1,2,3,4,5], logL: -69.380378, Exp of LogL: 0.000000, Normalized LogL: -5.336952, Exp of Normalized LogL: 0.004811, Best Rate: 0.3
Fault: [5,1,2,3,4,5], logL: -69.380378, Exp of LogL: 0.000000, Normalized LogL: -5.336952, Exp of Normalized LogL: 0.004811, Best Rate: 0.3

========= ADAPTIVE MC DEBUG =========
Total calls: 130
Avg tries: 153.85
Confidence stops: 130
Max stops: 0
Max stop rate: 0.000
Real Fault Rank 1
===== SEED 2 | FR=0.3 | VR=60 =====
executing with fault mode: [1,1,2,3,4,5]

Fault scores (higher is better):
Fault: [1,1,2,3,0,5], logL: -23.608118, Exp of LogL: 0.000000, Normalized LogL: -1.180406, Exp of Normalized LogL: 0.307154, Best Rate: 0.3
Fault: [1,1,2,3,4,5], logL: -23.741649, Exp of LogL: 0.000000, Normalized LogL: -1.187082, Exp of Normalized LogL: 0.305110, Best Rate: 0.3
Fault: [1,1,2,3,3,5], logL: -23.923971, Exp of LogL: 0.000000, Normalized LogL: -1.196199, Exp of Normalized LogL: 0.302341, Best Rate: 0.3
Fault: [1,1,2,3,2,5], logL: -24.078121, Exp of LogL: 0.000000, Normalized LogL: -1.203906, Exp of Normalized LogL: 0.300020, Best Rate: 0.3
Fault: [1,1,2,3,1,5], logL: -24.078121, Exp of LogL: 0.000000, Normalized LogL: -1.203906, Exp of Normalized LogL: 0.300020, Best Rate: 0.3
Fault: [2,1,2,3,4,5], logL: -52.196576, Exp of LogL: 0.000000, Normalized LogL: -2.609829, Exp of Normalized LogL: 0.073547, Best Rate: 0.3
Fault: [0,1,2,3,4,5], logL: -74.557015, Exp of LogL: 0.000000, Normalized LogL: -3.727851, Exp of Normalized LogL: 0.024044, Best Rate: 0.3
Fault: [3,1,2,3,4,5], logL: -75.281949, Exp of LogL: 0.000000, Normalized LogL: -3.764097, Exp of Normalized LogL: 0.023189, Best Rate: 0.3
Fault: [4,1,2,3,4,5], logL: -76.588200, Exp of LogL: 0.000000, Normalized LogL: -3.829410, Exp of Normalized LogL: 0.021722, Best Rate: 0.3
Fault: [5,1,2,3,4,5], logL: -76.588200, Exp of LogL: 0.000000, Normalized LogL: -3.829410, Exp of Normalized LogL: 0.021722, Best Rate: 0.3

========= ADAPTIVE MC DEBUG =========
Total calls: 200
Avg tries: 150.00
Confidence stops: 200
Max stops: 0
Max stop rate: 0.000
Real Fault Rank 2
===== SEED 2 | FR=0.3 | VR=80 =====
executing with fault mode: [1,1,2,3,4,5]

Fault scores (higher is better):
Fault: [1,1,2,3,0,5], logL: -26.004198, Exp of LogL: 0.000000, Normalized LogL: -1.000161, Exp of Normalized LogL: 0.367820, Best Rate: 0.3
Fault: [1,1,2,3,4,5], logL: -26.686621, Exp of LogL: 0.000000, Normalized LogL: -1.026409, Exp of Normalized LogL: 0.358291, Best Rate: 0.3
Fault: [1,1,2,3,3,5], logL: -26.929967, Exp of LogL: 0.000000, Normalized LogL: -1.035768, Exp of Normalized LogL: 0.354954, Best Rate: 0.3
Fault: [1,1,2,3,2,5], logL: -26.978757, Exp of LogL: 0.000000, Normalized LogL: -1.037645, Exp of Normalized LogL: 0.354288, Best Rate: 0.3
Fault: [1,1,2,3,1,5], logL: -26.978757, Exp of LogL: 0.000000, Normalized LogL: -1.037645, Exp of Normalized LogL: 0.354288, Best Rate: 0.3
Fault: [2,1,2,3,4,5], logL: -53.794112, Exp of LogL: 0.000000, Normalized LogL: -2.069004, Exp of Normalized LogL: 0.126311, Best Rate: 0.3
Fault: [0,1,2,3,4,5], logL: -76.884676, Exp of LogL: 0.000000, Normalized LogL: -2.957103, Exp of Normalized LogL: 0.051969, Best Rate: 0.3
Fault: [3,1,2,3,4,5], logL: -78.552343, Exp of LogL: 0.000000, Normalized LogL: -3.021244, Exp of Normalized LogL: 0.048741, Best Rate: 0.3
Fault: [4,1,2,3,4,5], logL: -79.858595, Exp of LogL: 0.000000, Normalized LogL: -3.071484, Exp of Normalized LogL: 0.046352, Best Rate: 0.3
Fault: [5,1,2,3,4,5], logL: -79.858595, Exp of LogL: 0.000000, Normalized LogL: -3.071484, Exp of Normalized LogL: 0.046352, Best Rate: 0.3

========= ADAPTIVE MC DEBUG =========
Total calls: 260
Avg tries: 150.00
Confidence stops: 260
Max stops: 0
Max stop rate: 0.000
Real Fault Rank 2
===== SEED 2 | FR=0.3 | VR=100 =====
executing with fault mode: [1,1,2,3,4,5]

Fault scores (higher is better):
Fault: [1,1,2,3,4,5], logL: -31.367973, Exp of LogL: 0.000000, Normalized LogL: -0.950545, Exp of Normalized LogL: 0.386530, Best Rate: 0.3
Fault: [1,1,2,3,2,5], logL: -31.660109, Exp of LogL: 0.000000, Normalized LogL: -0.959397, Exp of Normalized LogL: 0.383124, Best Rate: 0.3
Fault: [1,1,2,3,1,5], logL: -31.660109, Exp of LogL: 0.000000, Normalized LogL: -0.959397, Exp of Normalized LogL: 0.383124, Best Rate: 0.3
Fault: [1,1,2,3,3,5], logL: -31.660109, Exp of LogL: 0.000000, Normalized LogL: -0.959397, Exp of Normalized LogL: 0.383124, Best Rate: 0.3
Fault: [1,1,2,3,0,5], logL: -31.660109, Exp of LogL: 0.000000, Normalized LogL: -0.959397, Exp of Normalized LogL: 0.383124, Best Rate: 0.3
Fault: [2,1,2,3,4,5], logL: -57.349398, Exp of LogL: 0.000000, Normalized LogL: -1.737861, Exp of Normalized LogL: 0.175896, Best Rate: 0.3
Fault: [0,1,2,3,4,5], logL: -80.427709, Exp of LogL: 0.000000, Normalized LogL: -2.437203, Exp of Normalized LogL: 0.087405, Best Rate: 0.3
Fault: [3,1,2,3,4,5], logL: -82.946013, Exp of LogL: 0.000000, Normalized LogL: -2.513516, Exp of Normalized LogL: 0.080983, Best Rate: 0.3
Fault: [4,1,2,3,4,5], logL: -84.252264, Exp of LogL: 0.000000, Normalized LogL: -2.553099, Exp of Normalized LogL: 0.077840, Best Rate: 0.3
Fault: [5,1,2,3,4,5], logL: -84.252264, Exp of LogL: 0.000000, Normalized LogL: -2.553099, Exp of Normalized LogL: 0.077840, Best Rate: 0.3

========= ADAPTIVE MC DEBUG =========
Total calls: 330
Avg tries: 150.00
Confidence stops: 330
Max stops: 0
Max stop rate: 0.000
Real Fault Rank 1
================= 22/08/2026 04:30:35: SEED 2 END =================
================= 22/08/2026 04:30:35: SEED 3 (3/100), a*=2 fault=[0,1,0,3,4,5] START =================
===== SEED 3 | FR=0.3 | VR=20 =====
executing with fault mode: [0,1,0,3,4,5]

executing with fault mode: [0,1,0,3,4,5]

Fault scores (higher is better):
Fault: [0,1,0,3,4,5], logL: -22.040712, Exp of LogL: 0.000000, Normalized LogL: -2.448968, Exp of Normalized LogL: 0.086383, Best Rate: 0.3
Fault: [0,1,0,3,0,5], logL: -22.308976, Exp of LogL: 0.000000, Normalized LogL: -2.478775, Exp of Normalized LogL: 0.083846, Best Rate: 0.3
Fault: [0,1,0,3,1,5], logL: -22.308976, Exp of LogL: 0.000000, Normalized LogL: -2.478775, Exp of Normalized LogL: 0.083846, Best Rate: 0.3
Fault: [0,1,0,3,2,5], logL: -22.308976, Exp of LogL: 0.000000, Normalized LogL: -2.478775, Exp of Normalized LogL: 0.083846, Best Rate: 0.3
Fault: [0,1,0,3,5,5], logL: -22.308976, Exp of LogL: 0.000000, Normalized LogL: -2.478775, Exp of Normalized LogL: 0.083846, Best Rate: 0.3
Fault: [0,1,2,3,4,5], logL: -23.489734, Exp of LogL: 0.000000, Normalized LogL: -2.609970, Exp of Normalized LogL: 0.073537, Best Rate: 0.3
Fault: [0,1,1,3,4,5], logL: -24.172410, Exp of LogL: 0.000000, Normalized LogL: -2.685823, Exp of Normalized LogL: 0.068165, Best Rate: 0.3
Fault: [0,1,3,3,4,5], logL: -45.791347, Exp of LogL: 0.000000, Normalized LogL: -5.087927, Exp of Normalized LogL: 0.006171, Best Rate: 0.3
Fault: [0,1,4,3,4,5], logL: -45.880959, Exp of LogL: 0.000000, Normalized LogL: -5.097884, Exp of Normalized LogL: 0.006110, Best Rate: 0.3
Fault: [0,1,5,3,4,5], logL: -45.880959, Exp of LogL: 0.000000, Normalized LogL: -5.097884, Exp of Normalized LogL: 0.006110, Best Rate: 0.3

========= ADAPTIVE MC DEBUG =========
Total calls: 90
Avg tries: 172.22
Confidence stops: 90
Max stops: 0
Max stop rate: 0.000
Real Fault Rank 1
===== SEED 3 | FR=0.3 | VR=40 =====
executing with fault mode: [0,1,0,3,4,5]

executing with fault mode: [0,1,0,3,4,5]

Fault scores (higher is better):
Fault: [0,1,2,3,4,5], logL: -34.712517, Exp of LogL: 0.000000, Normalized LogL: -1.928473, Exp of Normalized LogL: 0.145370, Best Rate: 0.3
Fault: [0,1,0,3,4,5], logL: -56.893097, Exp of LogL: 0.000000, Normalized LogL: -3.160728, Exp of Normalized LogL: 0.042395, Best Rate: 0.3
Fault: [0,1,0,3,0,5], logL: -57.276089, Exp of LogL: 0.000000, Normalized LogL: -3.182005, Exp of Normalized LogL: 0.041502, Best Rate: 0.3
Fault: [0,1,0,3,1,5], logL: -57.276089, Exp of LogL: 0.000000, Normalized LogL: -3.182005, Exp of Normalized LogL: 0.041502, Best Rate: 0.3
Fault: [0,1,0,3,2,5], logL: -57.276089, Exp of LogL: 0.000000, Normalized LogL: -3.182005, Exp of Normalized LogL: 0.041502, Best Rate: 0.3
Fault: [0,1,0,3,5,5], logL: -57.276089, Exp of LogL: 0.000000, Normalized LogL: -3.182005, Exp of Normalized LogL: 0.041502, Best Rate: 0.3
Fault: [0,1,1,3,4,5], logL: -58.314495, Exp of LogL: 0.000000, Normalized LogL: -3.239694, Exp of Normalized LogL: 0.039176, Best Rate: 0.3
Fault: [0,1,3,3,4,5], logL: -81.004500, Exp of LogL: 0.000000, Normalized LogL: -4.500250, Exp of Normalized LogL: 0.011106, Best Rate: 0.3
Fault: [0,1,4,3,4,5], logL: -82.041040, Exp of LogL: 0.000000, Normalized LogL: -4.557836, Exp of Normalized LogL: 0.010485, Best Rate: 0.3
Fault: [0,1,5,3,4,5], logL: -82.041040, Exp of LogL: 0.000000, Normalized LogL: -4.557836, Exp of Normalized LogL: 0.010485, Best Rate: 0.3

========= ADAPTIVE MC DEBUG =========
Total calls: 180
Avg tries: 152.78
Confidence stops: 180
Max stops: 0
Max stop rate: 0.000
Real Fault Rank 2
===== SEED 3 | FR=0.3 | VR=60 =====
executing with fault mode: [0,1,0,3,4,5]

executing with fault mode: [0,1,0,3,4,5]

Fault scores (higher is better):
Fault: [0,1,0,3,4,5], logL: -34.829899, Exp of LogL: 0.000000, Normalized LogL: -1.339612, Exp of Normalized LogL: 0.261947, Best Rate: 0.3
Fault: [0,1,0,3,0,5], logL: -35.409718, Exp of LogL: 0.000000, Normalized LogL: -1.361912, Exp of Normalized LogL: 0.256170, Best Rate: 0.3
Fault: [0,1,0,3,1,5], logL: -35.409718, Exp of LogL: 0.000000, Normalized LogL: -1.361912, Exp of Normalized LogL: 0.256170, Best Rate: 0.3
Fault: [0,1,0,3,2,5], logL: -35.409718, Exp of LogL: 0.000000, Normalized LogL: -1.361912, Exp of Normalized LogL: 0.256170, Best Rate: 0.3
Fault: [0,1,0,3,5,5], logL: -35.409718, Exp of LogL: 0.000000, Normalized LogL: -1.361912, Exp of Normalized LogL: 0.256170, Best Rate: 0.3
Fault: [0,1,2,3,4,5], logL: -35.979035, Exp of LogL: 0.000000, Normalized LogL: -1.383809, Exp of Normalized LogL: 0.250622, Best Rate: 0.3
Fault: [0,1,1,3,4,5], logL: -37.615354, Exp of LogL: 0.000000, Normalized LogL: -1.446744, Exp of Normalized LogL: 0.235335, Best Rate: 0.3
Fault: [0,1,3,3,4,5], logL: -60.229739, Exp of LogL: 0.000000, Normalized LogL: -2.316528, Exp of Normalized LogL: 0.098615, Best Rate: 0.3
Fault: [0,1,4,3,4,5], logL: -61.266278, Exp of LogL: 0.000000, Normalized LogL: -2.356395, Exp of Normalized LogL: 0.094761, Best Rate: 0.3
Fault: [0,1,5,3,4,5], logL: -61.266278, Exp of LogL: 0.000000, Normalized LogL: -2.356395, Exp of Normalized LogL: 0.094761, Best Rate: 0.3

========= ADAPTIVE MC DEBUG =========
Total calls: 260
Avg tries: 151.92
Confidence stops: 260
Max stops: 0
Max stop rate: 0.000
Real Fault Rank 1
===== SEED 3 | FR=0.3 | VR=80 =====
executing with fault mode: [0,1,0,3,4,5]

executing with fault mode: [0,1,0,3,4,5]

Fault scores (higher is better):
Fault: [0,1,0,3,4,5], logL: -36.285294, Exp of LogL: 0.000000, Normalized LogL: -1.036723, Exp of Normalized LogL: 0.354615, Best Rate: 0.3
Fault: [0,1,0,3,0,5], logL: -36.690759, Exp of LogL: 0.000000, Normalized LogL: -1.048307, Exp of Normalized LogL: 0.350531, Best Rate: 0.3
Fault: [0,1,0,3,1,5], logL: -36.690759, Exp of LogL: 0.000000, Normalized LogL: -1.048307, Exp of Normalized LogL: 0.350531, Best Rate: 0.3
Fault: [0,1,0,3,2,5], logL: -36.690759, Exp of LogL: 0.000000, Normalized LogL: -1.048307, Exp of Normalized LogL: 0.350531, Best Rate: 0.3
Fault: [0,1,0,3,5,5], logL: -36.690759, Exp of LogL: 0.000000, Normalized LogL: -1.048307, Exp of Normalized LogL: 0.350531, Best Rate: 0.3
Fault: [0,1,3,3,4,5], logL: -41.304881, Exp of LogL: 0.000000, Normalized LogL: -1.180139, Exp of Normalized LogL: 0.307236, Best Rate: 0.3
Fault: [0,1,2,3,4,5], logL: -41.308510, Exp of LogL: 0.000000, Normalized LogL: -1.180243, Exp of Normalized LogL: 0.307204, Best Rate: 0.3
Fault: [0,1,1,3,4,5], logL: -43.822722, Exp of LogL: 0.000000, Normalized LogL: -1.252078, Exp of Normalized LogL: 0.285910, Best Rate: 0.3
Fault: [0,1,4,3,4,5], logL: -44.238541, Exp of LogL: 0.000000, Normalized LogL: -1.263958, Exp of Normalized LogL: 0.282533, Best Rate: 0.3
Fault: [0,1,5,3,4,5], logL: -44.238541, Exp of LogL: 0.000000, Normalized LogL: -1.263958, Exp of Normalized LogL: 0.282533, Best Rate: 0.3

========= ADAPTIVE MC DEBUG =========
Total calls: 350
Avg tries: 150.00
Confidence stops: 350
Max stops: 0
Max stop rate: 0.000
Real Fault Rank 1
===== SEED 3 | FR=0.3 | VR=100 =====
executing with fault mode: [0,1,0,3,4,5]

executing with fault mode: [0,1,0,3,4,5]

Fault scores (higher is better):
Fault: [0,1,0,3,4,5], logL: -38.724265, Exp of LogL: 0.000000, Normalized LogL: -0.880097, Exp of Normalized LogL: 0.414743, Best Rate: 0.3
Fault: [0,1,0,3,0,5], logL: -39.129731, Exp of LogL: 0.000000, Normalized LogL: -0.889312, Exp of Normalized LogL: 0.410938, Best Rate: 0.3
Fault: [0,1,0,3,1,5], logL: -39.129731, Exp of LogL: 0.000000, Normalized LogL: -0.889312, Exp of Normalized LogL: 0.410938, Best Rate: 0.3
Fault: [0,1,0,3,2,5], logL: -39.129731, Exp of LogL: 0.000000, Normalized LogL: -0.889312, Exp of Normalized LogL: 0.410938, Best Rate: 0.3
Fault: [0,1,0,3,5,5], logL: -39.129731, Exp of LogL: 0.000000, Normalized LogL: -0.889312, Exp of Normalized LogL: 0.410938, Best Rate: 0.3
Fault: [0,1,2,3,4,5], logL: -43.815324, Exp of LogL: 0.000000, Normalized LogL: -0.995803, Exp of Normalized LogL: 0.369427, Best Rate: 0.3
Fault: [0,1,3,3,4,5], logL: -44.367836, Exp of LogL: 0.000000, Normalized LogL: -1.008360, Exp of Normalized LogL: 0.364817, Best Rate: 0.3
Fault: [0,1,1,3,4,5], logL: -46.954657, Exp of LogL: 0.000000, Normalized LogL: -1.067151, Exp of Normalized LogL: 0.343987, Best Rate: 0.3
Fault: [0,1,4,3,4,5], logL: -46.985691, Exp of LogL: 0.000000, Normalized LogL: -1.067857, Exp of Normalized LogL: 0.343745, Best Rate: 0.3
Fault: [0,1,5,3,4,5], logL: -46.985691, Exp of LogL: 0.000000, Normalized LogL: -1.067857, Exp of Normalized LogL: 0.343745, Best Rate: 0.3

========= ADAPTIVE MC DEBUG =========
Total calls: 440
Avg tries: 150.00
Confidence stops: 440
Max stops: 0
Max stop rate: 0.000
Real Fault Rank 1
================= 22/08/2026 04:31:11: SEED 3 END =================
================= 22/08/2026 04:31:11: SEED 4 (4/100), a*=3 fault=[0,1,2,4,4,5] START =================
===== SEED 4 | FR=0.3 | VR=20 =====
executing with fault mode: [0,1,2,4,4,5]

executing with fault mode: [0,1,2,4,4,5]

executing with fault mode: [0,1,2,4,4,5]

Fault scores (higher is better):
Fault: [0,1,2,3,4,5], logL: -3.750358, Exp of LogL: 0.023509, Normalized LogL: -1.250119, Exp of Normalized LogL: 0.286471, Best Rate: 0.3
Fault: [0,1,2,4,4,5], logL: -3.785449, Exp of LogL: 0.022699, Normalized LogL: -1.261816, Exp of Normalized LogL: 0.283139, Best Rate: 0.3
Fault: [0,1,2,5,4,5], logL: -3.785449, Exp of LogL: 0.022699, Normalized LogL: -1.261816, Exp of Normalized LogL: 0.283139, Best Rate: 0.3
Fault: [0,1,2,1,4,5], logL: -3.821817, Exp of LogL: 0.021888, Normalized LogL: -1.273939, Exp of Normalized LogL: 0.279728, Best Rate: 0.3
Fault: [0,1,2,0,4,5], logL: -3.859557, Exp of LogL: 0.021077, Normalized LogL: -1.286519, Exp of Normalized LogL: 0.276231, Best Rate: 0.3
Fault: [0,1,2,2,4,5], logL: -3.898778, Exp of LogL: 0.020267, Normalized LogL: -1.299593, Exp of Normalized LogL: 0.272643, Best Rate: 0.3
Fault: [0,1,2,4,1,5], logL: -3.907146, Exp of LogL: 0.020098, Normalized LogL: -1.302382, Exp of Normalized LogL: 0.271883, Best Rate: 0.3
Fault: [0,1,2,4,5,5], logL: -4.130290, Exp of LogL: 0.016078, Normalized LogL: -1.376763, Exp of Normalized LogL: 0.252394, Best Rate: 0.3
Fault: [0,1,2,4,0,5], logL: -4.130290, Exp of LogL: 0.016078, Normalized LogL: -1.376763, Exp of Normalized LogL: 0.252394, Best Rate: 0.3
Fault: [0,1,2,4,2,5], logL: -4.130290, Exp of LogL: 0.016078, Normalized LogL: -1.376763, Exp of Normalized LogL: 0.252394, Best Rate: 0.3

========= ADAPTIVE MC DEBUG =========
Total calls: 30
Avg tries: 166.67
Confidence stops: 30
Max stops: 0
Max stop rate: 0.000
Real Fault Rank 2
===== SEED 4 | FR=0.3 | VR=40 =====
executing with fault mode: [0,1,2,4,4,5]

executing with fault mode: [0,1,2,4,4,5]

executing with fault mode: [0,1,2,4,4,5]

Fault scores (higher is better):
Fault: [0,1,2,3,4,5], logL: -3.881786, Exp of LogL: 0.020614, Normalized LogL: -0.776357, Exp of Normalized LogL: 0.460079, Best Rate: 0.3
Fault: [0,1,2,4,4,5], logL: -3.916877, Exp of LogL: 0.019903, Normalized LogL: -0.783375, Exp of Normalized LogL: 0.456861, Best Rate: 0.3
Fault: [0,1,2,5,4,5], logL: -3.916877, Exp of LogL: 0.019903, Normalized LogL: -0.783375, Exp of Normalized LogL: 0.456861, Best Rate: 0.3
Fault: [0,1,2,1,4,5], logL: -3.953245, Exp of LogL: 0.019192, Normalized LogL: -0.790649, Exp of Normalized LogL: 0.453550, Best Rate: 0.3
Fault: [0,1,2,0,4,5], logL: -3.990985, Exp of LogL: 0.018481, Normalized LogL: -0.798197, Exp of Normalized LogL: 0.450140, Best Rate: 0.3
Fault: [0,1,2,2,4,5], logL: -4.030206, Exp of LogL: 0.017771, Normalized LogL: -0.806041, Exp of Normalized LogL: 0.446623, Best Rate: 0.3
Fault: [0,1,2,4,1,5], logL: -4.084600, Exp of LogL: 0.016830, Normalized LogL: -0.816920, Exp of Normalized LogL: 0.441790, Best Rate: 0.3
Fault: [0,1,2,4,5,5], logL: -4.307744, Exp of LogL: 0.013464, Normalized LogL: -0.861549, Exp of Normalized LogL: 0.422507, Best Rate: 0.3
Fault: [0,1,2,4,0,5], logL: -4.307744, Exp of LogL: 0.013464, Normalized LogL: -0.861549, Exp of Normalized LogL: 0.422507, Best Rate: 0.3
Fault: [0,1,2,4,2,5], logL: -4.307744, Exp of LogL: 0.013464, Normalized LogL: -0.861549, Exp of Normalized LogL: 0.422507, Best Rate: 0.3

========= ADAPTIVE MC DEBUG =========
Total calls: 50
Avg tries: 160.00
Confidence stops: 50
Max stops: 0
Max stop rate: 0.000
Real Fault Rank 2
===== SEED 4 | FR=0.3 | VR=60 =====
executing with fault mode: [0,1,2,4,4,5]

executing with fault mode: [0,1,2,4,4,5]

executing with fault mode: [0,1,2,4,4,5]

Fault scores (higher is better):
Fault: [0,1,2,4,4,5], logL: -7.813152, Exp of LogL: 0.000404, Normalized LogL: -1.116165, Exp of Normalized LogL: 0.327534, Best Rate: 0.3
Fault: [0,1,2,5,4,5], logL: -7.813152, Exp of LogL: 0.000404, Normalized LogL: -1.116165, Exp of Normalized LogL: 0.327534, Best Rate: 0.3
Fault: [0,1,2,3,4,5], logL: -7.853974, Exp of LogL: 0.000388, Normalized LogL: -1.121996, Exp of Normalized LogL: 0.325629, Best Rate: 0.3
Fault: [0,1,2,4,5,5], logL: -8.204018, Exp of LogL: 0.000274, Normalized LogL: -1.172003, Exp of Normalized LogL: 0.309746, Best Rate: 0.3
Fault: [0,1,2,4,0,5], logL: -8.204018, Exp of LogL: 0.000274, Normalized LogL: -1.172003, Exp of Normalized LogL: 0.309746, Best Rate: 0.3
Fault: [0,1,2,4,1,5], logL: -8.204018, Exp of LogL: 0.000274, Normalized LogL: -1.172003, Exp of Normalized LogL: 0.309746, Best Rate: 0.3
Fault: [0,1,2,4,2,5], logL: -8.204018, Exp of LogL: 0.000274, Normalized LogL: -1.172003, Exp of Normalized LogL: 0.309746, Best Rate: 0.3
Fault: [0,1,2,0,4,5], logL: -8.410989, Exp of LogL: 0.000222, Normalized LogL: -1.201570, Exp of Normalized LogL: 0.300722, Best Rate: 0.3
Fault: [0,1,2,1,4,5], logL: -8.754761, Exp of LogL: 0.000158, Normalized LogL: -1.250680, Exp of Normalized LogL: 0.286310, Best Rate: 0.3
Fault: [0,1,2,2,4,5], logL: -8.921815, Exp of LogL: 0.000133, Normalized LogL: -1.274545, Exp of Normalized LogL: 0.279558, Best Rate: 0.3

========= ADAPTIVE MC DEBUG =========
Total calls: 70
Avg tries: 150.00
Confidence stops: 70
Max stops: 0
Max stop rate: 0.000
Real Fault Rank 1
===== SEED 4 | FR=0.3 | VR=80 =====
executing with fault mode: [0,1,2,4,4,5]

executing with fault mode: [0,1,2,4,4,5]

executing with fault mode: [0,1,2,4,4,5]

Fault scores (higher is better):
Fault: [0,1,2,4,4,5], logL: -8.542244, Exp of LogL: 0.000195, Normalized LogL: -0.949138, Exp of Normalized LogL: 0.387074, Best Rate: 0.3
Fault: [0,1,2,5,4,5], logL: -8.542244, Exp of LogL: 0.000195, Normalized LogL: -0.949138, Exp of Normalized LogL: 0.387074, Best Rate: 0.3
Fault: [0,1,2,4,5,5], logL: -8.933111, Exp of LogL: 0.000132, Normalized LogL: -0.992568, Exp of Normalized LogL: 0.370624, Best Rate: 0.3
Fault: [0,1,2,4,0,5], logL: -8.933111, Exp of LogL: 0.000132, Normalized LogL: -0.992568, Exp of Normalized LogL: 0.370624, Best Rate: 0.3
Fault: [0,1,2,4,1,5], logL: -8.933111, Exp of LogL: 0.000132, Normalized LogL: -0.992568, Exp of Normalized LogL: 0.370624, Best Rate: 0.3
Fault: [0,1,2,4,2,5], logL: -8.933111, Exp of LogL: 0.000132, Normalized LogL: -0.992568, Exp of Normalized LogL: 0.370624, Best Rate: 0.3
Fault: [0,1,2,3,4,5], logL: -34.366580, Exp of LogL: 0.000000, Normalized LogL: -3.818509, Exp of Normalized LogL: 0.021961, Best Rate: 0.3
Fault: [0,1,2,0,4,5], logL: -34.431119, Exp of LogL: 0.000000, Normalized LogL: -3.825680, Exp of Normalized LogL: 0.021804, Best Rate: 0.3
Fault: [0,1,2,1,4,5], logL: -34.917553, Exp of LogL: 0.000000, Normalized LogL: -3.879728, Exp of Normalized LogL: 0.020656, Best Rate: 0.3
Fault: [0,1,2,2,4,5], logL: -35.005660, Exp of LogL: 0.000000, Normalized LogL: -3.889518, Exp of Normalized LogL: 0.020455, Best Rate: 0.3

========= ADAPTIVE MC DEBUG =========
Total calls: 90
Avg tries: 150.00
Confidence stops: 90
Max stops: 0
Max stop rate: 0.000
Real Fault Rank 1
===== SEED 4 | FR=0.3 | VR=100 =====
executing with fault mode: [0,1,2,4,4,5]

executing with fault mode: [0,1,2,4,4,5]

executing with fault mode: [0,1,2,4,4,5]

Fault scores (higher is better):
Fault: [0,1,2,4,4,5], logL: -9.082923, Exp of LogL: 0.000114, Normalized LogL: -0.756910, Exp of Normalized LogL: 0.469114, Best Rate: 0.3
Fault: [0,1,2,5,4,5], logL: -9.082923, Exp of LogL: 0.000114, Normalized LogL: -0.756910, Exp of Normalized LogL: 0.469114, Best Rate: 0.3
Fault: [0,1,2,4,5,5], logL: -9.498438, Exp of LogL: 0.000075, Normalized LogL: -0.791537, Exp of Normalized LogL: 0.453148, Best Rate: 0.3
Fault: [0,1,2,4,0,5], logL: -9.498438, Exp of LogL: 0.000075, Normalized LogL: -0.791537, Exp of Normalized LogL: 0.453148, Best Rate: 0.3
Fault: [0,1,2,4,1,5], logL: -9.498438, Exp of LogL: 0.000075, Normalized LogL: -0.791537, Exp of Normalized LogL: 0.453148, Best Rate: 0.3
Fault: [0,1,2,4,2,5], logL: -9.498438, Exp of LogL: 0.000075, Normalized LogL: -0.791537, Exp of Normalized LogL: 0.453148, Best Rate: 0.3
Fault: [0,1,2,0,4,5], logL: -34.059961, Exp of LogL: 0.000000, Normalized LogL: -2.838330, Exp of Normalized LogL: 0.058523, Best Rate: 0.3
Fault: [0,1,2,3,4,5], logL: -34.578755, Exp of LogL: 0.000000, Normalized LogL: -2.881563, Exp of Normalized LogL: 0.056047, Best Rate: 0.3
Fault: [0,1,2,2,4,5], logL: -35.013534, Exp of LogL: 0.000000, Normalized LogL: -2.917795, Exp of Normalized LogL: 0.054053, Best Rate: 0.3
Fault: [0,1,2,1,4,5], logL: -35.170549, Exp of LogL: 0.000000, Normalized LogL: -2.930879, Exp of Normalized LogL: 0.053350, Best Rate: 0.3

========= ADAPTIVE MC DEBUG =========
Total calls: 120
Avg tries: 150.00
Confidence stops: 120
Max stops: 0
Max stop rate: 0.000
Real Fault Rank 1
================= 22/08/2026 04:31:21: SEED 4 END =================
================= 22/08/2026 04:31:21: SEED 5 (5/100), a*=2 fault=[0,1,3,3,4,5] START =================
===== SEED 5 | FR=0.3 | VR=20 =====
executing with fault mode: [0,1,3,3,4,5]

Fault scores (higher is better):
Fault: [0,1,0,3,4,5], logL: -15.168632, Exp of LogL: 0.000000, Normalized LogL: -2.166947, Exp of Normalized LogL: 0.114527, Best Rate: 0.3
Fault: [0,1,5,3,4,5], logL: -15.522593, Exp of LogL: 0.000000, Normalized LogL: -2.217513, Exp of Normalized LogL: 0.108880, Best Rate: 0.3
Fault: [0,1,4,3,4,5], logL: -15.522593, Exp of LogL: 0.000000, Normalized LogL: -2.217513, Exp of Normalized LogL: 0.108880, Best Rate: 0.3
Fault: [0,1,3,2,4,5], logL: -15.645726, Exp of LogL: 0.000000, Normalized LogL: -2.235104, Exp of Normalized LogL: 0.106981, Best Rate: 0.3
Fault: [0,1,3,0,4,5], logL: -15.645726, Exp of LogL: 0.000000, Normalized LogL: -2.235104, Exp of Normalized LogL: 0.106981, Best Rate: 0.3
Fault: [0,1,3,4,4,5], logL: -15.645726, Exp of LogL: 0.000000, Normalized LogL: -2.235104, Exp of Normalized LogL: 0.106981, Best Rate: 0.3
Fault: [0,1,3,3,4,5], logL: -15.645726, Exp of LogL: 0.000000, Normalized LogL: -2.235104, Exp of Normalized LogL: 0.106981, Best Rate: 0.3
Fault: [0,1,3,1,4,5], logL: -15.645726, Exp of LogL: 0.000000, Normalized LogL: -2.235104, Exp of Normalized LogL: 0.106981, Best Rate: 0.3
Fault: [0,1,2,3,4,5], logL: -16.240433, Exp of LogL: 0.000000, Normalized LogL: -2.320062, Exp of Normalized LogL: 0.098268, Best Rate: 0.3
Fault: [0,1,1,3,4,5], logL: -16.639963, Exp of LogL: 0.000000, Normalized LogL: -2.377138, Exp of Normalized LogL: 0.092816, Best Rate: 0.3

========= ADAPTIVE MC DEBUG =========
Total calls: 70
Avg tries: 171.43
Confidence stops: 70
Max stops: 0
Max stop rate: 0.000
Real Fault Rank 7
===== SEED 5 | FR=0.3 | VR=40 =====
executing with fault mode: [0,1,3,3,4,5]

Fault scores (higher is better):
Fault: [0,1,0,3,4,5], logL: -19.654990, Exp of LogL: 0.000000, Normalized LogL: -1.511922, Exp of Normalized LogL: 0.220486, Best Rate: 0.3
Fault: [0,1,2,3,4,5], logL: -21.377965, Exp of LogL: 0.000000, Normalized LogL: -1.644459, Exp of Normalized LogL: 0.193117, Best Rate: 0.3
Fault: [0,1,3,1,4,5], logL: -21.463137, Exp of LogL: 0.000000, Normalized LogL: -1.651011, Exp of Normalized LogL: 0.191856, Best Rate: 0.3
Fault: [0,1,3,2,4,5], logL: -21.868602, Exp of LogL: 0.000000, Normalized LogL: -1.682200, Exp of Normalized LogL: 0.185964, Best Rate: 0.3
Fault: [0,1,3,0,4,5], logL: -21.868602, Exp of LogL: 0.000000, Normalized LogL: -1.682200, Exp of Normalized LogL: 0.185964, Best Rate: 0.3
Fault: [0,1,3,4,4,5], logL: -21.868602, Exp of LogL: 0.000000, Normalized LogL: -1.682200, Exp of Normalized LogL: 0.185964, Best Rate: 0.3
Fault: [0,1,3,3,4,5], logL: -21.868602, Exp of LogL: 0.000000, Normalized LogL: -1.682200, Exp of Normalized LogL: 0.185964, Best Rate: 0.3
Fault: [0,1,5,3,4,5], logL: -21.894226, Exp of LogL: 0.000000, Normalized LogL: -1.684171, Exp of Normalized LogL: 0.185598, Best Rate: 0.3
Fault: [0,1,4,3,4,5], logL: -21.894226, Exp of LogL: 0.000000, Normalized LogL: -1.684171, Exp of Normalized LogL: 0.185598, Best Rate: 0.3
Fault: [0,1,1,3,4,5], logL: -21.977600, Exp of LogL: 0.000000, Normalized LogL: -1.690585, Exp of Normalized LogL: 0.184412, Best Rate: 0.3

========= ADAPTIVE MC DEBUG =========
Total calls: 130
Avg tries: 153.85
Confidence stops: 130
Max stops: 0
Max stop rate: 0.000
Real Fault Rank 7
===== SEED 5 | FR=0.3 | VR=60 =====
executing with fault mode: [0,1,3,3,4,5]

Fault scores (higher is better):
Fault: [0,1,0,3,4,5], logL: -25.546039, Exp of LogL: 0.000000, Normalized LogL: -1.277302, Exp of Normalized LogL: 0.278788, Best Rate: 0.3
Fault: [0,1,3,2,4,5], logL: -25.981795, Exp of LogL: 0.000000, Normalized LogL: -1.299090, Exp of Normalized LogL: 0.272780, Best Rate: 0.3
Fault: [0,1,3,0,4,5], logL: -25.981795, Exp of LogL: 0.000000, Normalized LogL: -1.299090, Exp of Normalized LogL: 0.272780, Best Rate: 0.3
Fault: [0,1,3,4,4,5], logL: -25.981795, Exp of LogL: 0.000000, Normalized LogL: -1.299090, Exp of Normalized LogL: 0.272780, Best Rate: 0.3
Fault: [0,1,3,3,4,5], logL: -25.981795, Exp of LogL: 0.000000, Normalized LogL: -1.299090, Exp of Normalized LogL: 0.272780, Best Rate: 0.3
Fault: [0,1,3,1,4,5], logL: -25.981795, Exp of LogL: 0.000000, Normalized LogL: -1.299090, Exp of Normalized LogL: 0.272780, Best Rate: 0.3
Fault: [0,1,1,3,4,5], logL: -29.149706, Exp of LogL: 0.000000, Normalized LogL: -1.457485, Exp of Normalized LogL: 0.232821, Best Rate: 0.3
Fault: [0,1,5,3,4,5], logL: -50.914475, Exp of LogL: 0.000000, Normalized LogL: -2.545724, Exp of Normalized LogL: 0.078416, Best Rate: 0.3
Fault: [0,1,4,3,4,5], logL: -50.914475, Exp of LogL: 0.000000, Normalized LogL: -2.545724, Exp of Normalized LogL: 0.078416, Best Rate: 0.3
Fault: [0,1,2,3,4,5], logL: -75.109973, Exp of LogL: 0.000000, Normalized LogL: -3.755499, Exp of Normalized LogL: 0.023389, Best Rate: 0.3

========= ADAPTIVE MC DEBUG =========
Total calls: 200
Avg tries: 150.00
Confidence stops: 200
Max stops: 0
Max stop rate: 0.000
Real Fault Rank 5
===== SEED 5 | FR=0.3 | VR=80 =====
executing with fault mode: [0,1,3,3,4,5]

Fault scores (higher is better):
Fault: [0,1,3,2,4,5], logL: -29.752307, Exp of LogL: 0.000000, Normalized LogL: -1.144320, Exp of Normalized LogL: 0.318441, Best Rate: 0.3
Fault: [0,1,3,0,4,5], logL: -29.752307, Exp of LogL: 0.000000, Normalized LogL: -1.144320, Exp of Normalized LogL: 0.318441, Best Rate: 0.3
Fault: [0,1,3,4,4,5], logL: -29.752307, Exp of LogL: 0.000000, Normalized LogL: -1.144320, Exp of Normalized LogL: 0.318441, Best Rate: 0.3
Fault: [0,1,3,3,4,5], logL: -29.752307, Exp of LogL: 0.000000, Normalized LogL: -1.144320, Exp of Normalized LogL: 0.318441, Best Rate: 0.3
Fault: [0,1,3,1,4,5], logL: -29.752307, Exp of LogL: 0.000000, Normalized LogL: -1.144320, Exp of Normalized LogL: 0.318441, Best Rate: 0.3
Fault: [0,1,0,3,4,5], logL: -32.007779, Exp of LogL: 0.000000, Normalized LogL: -1.231068, Exp of Normalized LogL: 0.291980, Best Rate: 0.3
Fault: [0,1,1,3,4,5], logL: -35.686149, Exp of LogL: 0.000000, Normalized LogL: -1.372544, Exp of Normalized LogL: 0.253461, Best Rate: 0.3
Fault: [0,1,5,3,4,5], logL: -56.473268, Exp of LogL: 0.000000, Normalized LogL: -2.172049, Exp of Normalized LogL: 0.113944, Best Rate: 0.3
Fault: [0,1,4,3,4,5], logL: -56.473268, Exp of LogL: 0.000000, Normalized LogL: -2.172049, Exp of Normalized LogL: 0.113944, Best Rate: 0.3
Fault: [0,1,2,3,4,5], logL: -105.240336, Exp of LogL: 0.000000, Normalized LogL: -4.047705, Exp of Normalized LogL: 0.017462, Best Rate: 0.3

========= ADAPTIVE MC DEBUG =========
Total calls: 260
Avg tries: 150.00
Confidence stops: 260
Max stops: 0
Max stop rate: 0.000
Real Fault Rank 4
===== SEED 5 | FR=0.3 | VR=100 =====
executing with fault mode: [0,1,3,3,4,5]

Fault scores (higher is better):
Fault: [0,1,3,2,4,5], logL: -32.122275, Exp of LogL: 0.000000, Normalized LogL: -0.973402, Exp of Normalized LogL: 0.377795, Best Rate: 0.3
Fault: [0,1,3,0,4,5], logL: -32.122275, Exp of LogL: 0.000000, Normalized LogL: -0.973402, Exp of Normalized LogL: 0.377795, Best Rate: 0.3
Fault: [0,1,3,4,4,5], logL: -32.122275, Exp of LogL: 0.000000, Normalized LogL: -0.973402, Exp of Normalized LogL: 0.377795, Best Rate: 0.3
Fault: [0,1,3,3,4,5], logL: -32.122275, Exp of LogL: 0.000000, Normalized LogL: -0.973402, Exp of Normalized LogL: 0.377795, Best Rate: 0.3
Fault: [0,1,3,1,4,5], logL: -32.122275, Exp of LogL: 0.000000, Normalized LogL: -0.973402, Exp of Normalized LogL: 0.377795, Best Rate: 0.3
Fault: [0,1,0,3,4,5], logL: -34.162572, Exp of LogL: 0.000000, Normalized LogL: -1.035229, Exp of Normalized LogL: 0.355145, Best Rate: 0.3
Fault: [0,1,1,3,4,5], logL: -38.469042, Exp of LogL: 0.000000, Normalized LogL: -1.165729, Exp of Normalized LogL: 0.311695, Best Rate: 0.3
Fault: [0,1,5,3,4,5], logL: -59.631694, Exp of LogL: 0.000000, Normalized LogL: -1.807021, Exp of Normalized LogL: 0.164142, Best Rate: 0.3
Fault: [0,1,4,3,4,5], logL: -59.631694, Exp of LogL: 0.000000, Normalized LogL: -1.807021, Exp of Normalized LogL: 0.164142, Best Rate: 0.3
Fault: [0,1,2,3,4,5], logL: -108.485693, Exp of LogL: 0.000000, Normalized LogL: -3.287445, Exp of Normalized LogL: 0.037349, Best Rate: 0.3

========= ADAPTIVE MC DEBUG =========
Total calls: 330
Avg tries: 150.00
Confidence stops: 330
Max stops: 0
Max stop rate: 0.000
Real Fault Rank 4
================= 22/08/2026 04:31:48: SEED 5 END =================
================= 22/08/2026 04:31:48: SEED 6 (6/100), a*=3 fault=[0,1,2,4,4,5] START =================
===== SEED 6 | FR=0.3 | VR=20 =====
executing with fault mode: [0,1,2,4,4,5]

Fault scores (higher is better):
Fault: [0,1,2,4,2,5], logL: -10.113590, Exp of LogL: 0.000041, Normalized LogL: -1.685598, Exp of Normalized LogL: 0.185334, Best Rate: 0.3
Fault: [0,1,2,4,1,5], logL: -10.113590, Exp of LogL: 0.000041, Normalized LogL: -1.685598, Exp of Normalized LogL: 0.185334, Best Rate: 0.3
Fault: [0,1,2,4,3,5], logL: -10.113590, Exp of LogL: 0.000041, Normalized LogL: -1.685598, Exp of Normalized LogL: 0.185334, Best Rate: 0.3
Fault: [0,1,2,4,5,5], logL: -10.113590, Exp of LogL: 0.000041, Normalized LogL: -1.685598, Exp of Normalized LogL: 0.185334, Best Rate: 0.3
Fault: [0,1,2,5,4,5], logL: -10.231373, Exp of LogL: 0.000036, Normalized LogL: -1.705229, Exp of Normalized LogL: 0.181731, Best Rate: 0.3
Fault: [0,1,2,4,4,5], logL: -10.231373, Exp of LogL: 0.000036, Normalized LogL: -1.705229, Exp of Normalized LogL: 0.181731, Best Rate: 0.3
Fault: [0,1,2,1,4,5], logL: -11.251259, Exp of LogL: 0.000013, Normalized LogL: -1.875210, Exp of Normalized LogL: 0.153323, Best Rate: 0.3
Fault: [0,1,2,2,4,5], logL: -11.338270, Exp of LogL: 0.000012, Normalized LogL: -1.889712, Exp of Normalized LogL: 0.151115, Best Rate: 0.3
Fault: [0,1,2,0,4,5], logL: -11.863578, Exp of LogL: 0.000007, Normalized LogL: -1.977263, Exp of Normalized LogL: 0.138448, Best Rate: 0.3
Fault: [0,1,2,3,4,5], logL: -11.976813, Exp of LogL: 0.000006, Normalized LogL: -1.996135, Exp of Normalized LogL: 0.135859, Best Rate: 0.3

========= ADAPTIVE MC DEBUG =========
Total calls: 60
Avg tries: 166.67
Confidence stops: 60
Max stops: 0
Max stop rate: 0.000
Real Fault Rank 6
===== SEED 6 | FR=0.3 | VR=40 =====
executing with fault mode: [0,1,2,4,4,5]

Fault scores (higher is better):
Fault: [0,1,2,4,2,5], logL: -11.942520, Exp of LogL: 0.000007, Normalized LogL: -1.085684, Exp of Normalized LogL: 0.337671, Best Rate: 0.3
Fault: [0,1,2,4,3,5], logL: -11.942520, Exp of LogL: 0.000007, Normalized LogL: -1.085684, Exp of Normalized LogL: 0.337671, Best Rate: 0.3
Fault: [0,1,2,4,5,5], logL: -11.942520, Exp of LogL: 0.000007, Normalized LogL: -1.085684, Exp of Normalized LogL: 0.337671, Best Rate: 0.3
Fault: [0,1,2,4,1,5], logL: -12.020481, Exp of LogL: 0.000006, Normalized LogL: -1.092771, Exp of Normalized LogL: 0.335286, Best Rate: 0.3
Fault: [0,1,2,5,4,5], logL: -12.165663, Exp of LogL: 0.000005, Normalized LogL: -1.105969, Exp of Normalized LogL: 0.330890, Best Rate: 0.3
Fault: [0,1,2,4,4,5], logL: -12.165663, Exp of LogL: 0.000005, Normalized LogL: -1.105969, Exp of Normalized LogL: 0.330890, Best Rate: 0.3
Fault: [0,1,2,1,4,5], logL: -13.252240, Exp of LogL: 0.000002, Normalized LogL: -1.204749, Exp of Normalized LogL: 0.299767, Best Rate: 0.3
Fault: [0,1,2,2,4,5], logL: -13.339251, Exp of LogL: 0.000002, Normalized LogL: -1.212659, Exp of Normalized LogL: 0.297405, Best Rate: 0.3
Fault: [0,1,2,0,4,5], logL: -13.864560, Exp of LogL: 0.000001, Normalized LogL: -1.260415, Exp of Normalized LogL: 0.283536, Best Rate: 0.3
Fault: [0,1,2,3,4,5], logL: -13.973623, Exp of LogL: 0.000001, Normalized LogL: -1.270329, Exp of Normalized LogL: 0.280739, Best Rate: 0.3

========= ADAPTIVE MC DEBUG =========
Total calls: 110
Avg tries: 159.09
Confidence stops: 110
Max stops: 0
Max stop rate: 0.000
Real Fault Rank 6
===== SEED 6 | FR=0.3 | VR=60 =====
executing with fault mode: [0,1,2,4,4,5]

Fault scores (higher is better):
Fault: [0,1,2,4,2,5], logL: -15.285801, Exp of LogL: 0.000000, Normalized LogL: -0.899165, Exp of Normalized LogL: 0.406909, Best Rate: 0.3
Fault: [0,1,2,4,3,5], logL: -15.285801, Exp of LogL: 0.000000, Normalized LogL: -0.899165, Exp of Normalized LogL: 0.406909, Best Rate: 0.3
Fault: [0,1,2,4,5,5], logL: -15.285801, Exp of LogL: 0.000000, Normalized LogL: -0.899165, Exp of Normalized LogL: 0.406909, Best Rate: 0.3
Fault: [0,1,2,4,1,5], logL: -15.363763, Exp of LogL: 0.000000, Normalized LogL: -0.903751, Exp of Normalized LogL: 0.405048, Best Rate: 0.3
Fault: [0,1,2,5,4,5], logL: -15.508945, Exp of LogL: 0.000000, Normalized LogL: -0.912291, Exp of Normalized LogL: 0.401603, Best Rate: 0.3
Fault: [0,1,2,4,4,5], logL: -15.508945, Exp of LogL: 0.000000, Normalized LogL: -0.912291, Exp of Normalized LogL: 0.401603, Best Rate: 0.3
Fault: [0,1,2,1,4,5], logL: -40.889612, Exp of LogL: 0.000000, Normalized LogL: -2.405271, Exp of Normalized LogL: 0.090241, Best Rate: 0.3
Fault: [0,1,2,2,4,5], logL: -41.011583, Exp of LogL: 0.000000, Normalized LogL: -2.412446, Exp of Normalized LogL: 0.089596, Best Rate: 0.3
Fault: [0,1,2,3,4,5], logL: -41.489269, Exp of LogL: 0.000000, Normalized LogL: -2.440545, Exp of Normalized LogL: 0.087113, Best Rate: 0.3
Fault: [0,1,2,0,4,5], logL: -41.961826, Exp of LogL: 0.000000, Normalized LogL: -2.468343, Exp of Normalized LogL: 0.084725, Best Rate: 0.3

========= ADAPTIVE MC DEBUG =========
Total calls: 170
Avg tries: 152.94
Confidence stops: 170
Max stops: 0
Max stop rate: 0.000
Real Fault Rank 6
===== SEED 6 | FR=0.3 | VR=80 =====
executing with fault mode: [0,1,2,4,4,5]

Fault scores (higher is better):
Fault: [0,1,2,5,4,5], logL: -20.171668, Exp of LogL: 0.000000, Normalized LogL: -0.916894, Exp of Normalized LogL: 0.399759, Best Rate: 0.3
Fault: [0,1,2,4,4,5], logL: -20.171668, Exp of LogL: 0.000000, Normalized LogL: -0.916894, Exp of Normalized LogL: 0.399759, Best Rate: 0.3
Fault: [0,1,2,4,2,5], logL: -20.538293, Exp of LogL: 0.000000, Normalized LogL: -0.933559, Exp of Normalized LogL: 0.393152, Best Rate: 0.3
Fault: [0,1,2,4,1,5], logL: -20.538293, Exp of LogL: 0.000000, Normalized LogL: -0.933559, Exp of Normalized LogL: 0.393152, Best Rate: 0.3
Fault: [0,1,2,4,3,5], logL: -20.538293, Exp of LogL: 0.000000, Normalized LogL: -0.933559, Exp of Normalized LogL: 0.393152, Best Rate: 0.3
Fault: [0,1,2,4,5,5], logL: -20.538293, Exp of LogL: 0.000000, Normalized LogL: -0.933559, Exp of Normalized LogL: 0.393152, Best Rate: 0.3
Fault: [0,1,2,3,4,5], logL: -126.047556, Exp of LogL: 0.000000, Normalized LogL: -5.729434, Exp of Normalized LogL: 0.003249, Best Rate: 0.3
Fault: [0,1,2,1,4,5], logL: -126.461418, Exp of LogL: 0.000000, Normalized LogL: -5.748246, Exp of Normalized LogL: 0.003188, Best Rate: 0.3
Fault: [0,1,2,0,4,5], logL: -126.545795, Exp of LogL: 0.000000, Normalized LogL: -5.752082, Exp of Normalized LogL: 0.003176, Best Rate: 0.3
Fault: [0,1,2,2,4,5], logL: -126.850869, Exp of LogL: 0.000000, Normalized LogL: -5.765949, Exp of Normalized LogL: 0.003132, Best Rate: 0.3

========= ADAPTIVE MC DEBUG =========
Total calls: 220
Avg tries: 150.00
Confidence stops: 220
Max stops: 0
Max stop rate: 0.000
Real Fault Rank 2
===== SEED 6 | FR=0.3 | VR=100 =====
executing with fault mode: [0,1,2,4,4,5]

Fault scores (higher is better):
Fault: [0,1,2,5,4,5], logL: -22.124097, Exp of LogL: 0.000000, Normalized LogL: -0.790146, Exp of Normalized LogL: 0.453778, Best Rate: 0.3
Fault: [0,1,2,4,4,5], logL: -22.124097, Exp of LogL: 0.000000, Normalized LogL: -0.790146, Exp of Normalized LogL: 0.453778, Best Rate: 0.3
Fault: [0,1,2,4,2,5], logL: -22.443384, Exp of LogL: 0.000000, Normalized LogL: -0.801549, Exp of Normalized LogL: 0.448633, Best Rate: 0.3
Fault: [0,1,2,4,1,5], logL: -22.443384, Exp of LogL: 0.000000, Normalized LogL: -0.801549, Exp of Normalized LogL: 0.448633, Best Rate: 0.3
Fault: [0,1,2,4,3,5], logL: -22.443384, Exp of LogL: 0.000000, Normalized LogL: -0.801549, Exp of Normalized LogL: 0.448633, Best Rate: 0.3
Fault: [0,1,2,4,5,5], logL: -22.443384, Exp of LogL: 0.000000, Normalized LogL: -0.801549, Exp of Normalized LogL: 0.448633, Best Rate: 0.3
Fault: [0,1,2,3,4,5], logL: -152.905663, Exp of LogL: 0.000000, Normalized LogL: -5.460917, Exp of Normalized LogL: 0.004250, Best Rate: 0.3
Fault: [0,1,2,1,4,5], logL: -153.234513, Exp of LogL: 0.000000, Normalized LogL: -5.472661, Exp of Normalized LogL: 0.004200, Best Rate: 0.3
Fault: [0,1,2,2,4,5], logL: -153.913180, Exp of LogL: 0.000000, Normalized LogL: -5.496899, Exp of Normalized LogL: 0.004099, Best Rate: 0.3
Fault: [0,1,2,0,4,5], logL: -154.093044, Exp of LogL: 0.000000, Normalized LogL: -5.503323, Exp of Normalized LogL: 0.004073, Best Rate: 0.3

========= ADAPTIVE MC DEBUG =========
Total calls: 280
Avg tries: 150.00
Confidence stops: 280
Max stops: 0
Max stop rate: 0.000
Real Fault Rank 2
================= 22/08/2026 04:32:11: SEED 6 END =================
================= 22/08/2026 04:32:11: SEED 7 (7/100), a*=1 fault=[0,2,2,3,4,5] START =================
===== SEED 7 | FR=0.3 | VR=20 =====
executing with fault mode: [0,2,2,3,4,5]

Fault scores (higher is better):
Fault: [0,2,2,3,3,5], logL: -6.346439, Exp of LogL: 0.001753, Normalized LogL: -1.586610, Exp of Normalized LogL: 0.204618, Best Rate: 0.3
Fault: [0,2,2,3,0,5], logL: -6.346439, Exp of LogL: 0.001753, Normalized LogL: -1.586610, Exp of Normalized LogL: 0.204618, Best Rate: 0.3
Fault: [0,2,2,3,5,5], logL: -6.346439, Exp of LogL: 0.001753, Normalized LogL: -1.586610, Exp of Normalized LogL: 0.204618, Best Rate: 0.3
Fault: [0,1,2,3,4,5], logL: -6.743852, Exp of LogL: 0.001178, Normalized LogL: -1.685963, Exp of Normalized LogL: 0.185266, Best Rate: 0.3
Fault: [0,2,2,3,1,5], logL: -6.779303, Exp of LogL: 0.001137, Normalized LogL: -1.694826, Exp of Normalized LogL: 0.183631, Best Rate: 0.3
Fault: [0,2,2,3,4,5], logL: -6.794665, Exp of LogL: 0.001120, Normalized LogL: -1.698666, Exp of Normalized LogL: 0.182927, Best Rate: 0.3
Fault: [0,3,2,3,4,5], logL: -7.615845, Exp of LogL: 0.000493, Normalized LogL: -1.903961, Exp of Normalized LogL: 0.148977, Best Rate: 0.3
Fault: [0,0,2,3,4,5], logL: -7.724201, Exp of LogL: 0.000442, Normalized LogL: -1.931050, Exp of Normalized LogL: 0.144996, Best Rate: 0.3
Fault: [0,5,2,3,4,5], logL: -7.746674, Exp of LogL: 0.000432, Normalized LogL: -1.936668, Exp of Normalized LogL: 0.144184, Best Rate: 0.3
Fault: [0,4,2,3,4,5], logL: -8.004503, Exp of LogL: 0.000334, Normalized LogL: -2.001126, Exp of Normalized LogL: 0.135183, Best Rate: 0.3

========= ADAPTIVE MC DEBUG =========
Total calls: 40
Avg tries: 175.00
Confidence stops: 40
Max stops: 0
Max stop rate: 0.000
Real Fault Rank 6
===== SEED 7 | FR=0.3 | VR=40 =====
executing with fault mode: [0,2,2,3,4,5]

Fault scores (higher is better):
Fault: [0,1,2,3,4,5], logL: -10.812420, Exp of LogL: 0.000020, Normalized LogL: -1.544631, Exp of Normalized LogL: 0.213391, Best Rate: 0.3
Fault: [0,2,2,3,4,5], logL: -10.853663, Exp of LogL: 0.000019, Normalized LogL: -1.550523, Exp of Normalized LogL: 0.212137, Best Rate: 0.3
Fault: [0,2,2,3,3,5], logL: -11.183142, Exp of LogL: 0.000014, Normalized LogL: -1.597592, Exp of Normalized LogL: 0.202383, Best Rate: 0.3
Fault: [0,2,2,3,0,5], logL: -11.183142, Exp of LogL: 0.000014, Normalized LogL: -1.597592, Exp of Normalized LogL: 0.202383, Best Rate: 0.3
Fault: [0,2,2,3,5,5], logL: -11.183142, Exp of LogL: 0.000014, Normalized LogL: -1.597592, Exp of Normalized LogL: 0.202383, Best Rate: 0.3
Fault: [0,2,2,3,1,5], logL: -11.183142, Exp of LogL: 0.000014, Normalized LogL: -1.597592, Exp of Normalized LogL: 0.202383, Best Rate: 0.3
Fault: [0,3,2,3,4,5], logL: -11.723633, Exp of LogL: 0.000008, Normalized LogL: -1.674805, Exp of Normalized LogL: 0.187345, Best Rate: 0.3
Fault: [0,0,2,3,4,5], logL: -11.831989, Exp of LogL: 0.000007, Normalized LogL: -1.690284, Exp of Normalized LogL: 0.184467, Best Rate: 0.3
Fault: [0,4,2,3,4,5], logL: -12.112291, Exp of LogL: 0.000005, Normalized LogL: -1.730327, Exp of Normalized LogL: 0.177226, Best Rate: 0.3
Fault: [0,5,2,3,4,5], logL: -12.112291, Exp of LogL: 0.000005, Normalized LogL: -1.730327, Exp of Normalized LogL: 0.177226, Best Rate: 0.3

========= ADAPTIVE MC DEBUG =========
Total calls: 70
Avg tries: 150.00
Confidence stops: 70
Max stops: 0
Max stop rate: 0.000
Real Fault Rank 2
===== SEED 7 | FR=0.3 | VR=60 =====
executing with fault mode: [0,2,2,3,4,5]

Fault scores (higher is better):
Fault: [0,1,2,3,4,5], logL: -11.341500, Exp of LogL: 0.000012, Normalized LogL: -1.031045, Exp of Normalized LogL: 0.356634, Best Rate: 0.3
Fault: [0,2,2,3,4,5], logL: -11.403362, Exp of LogL: 0.000011, Normalized LogL: -1.036669, Exp of Normalized LogL: 0.354634, Best Rate: 0.3
Fault: [0,2,2,3,3,5], logL: -11.732841, Exp of LogL: 0.000008, Normalized LogL: -1.066622, Exp of Normalized LogL: 0.344169, Best Rate: 0.3
Fault: [0,2,2,3,0,5], logL: -11.732841, Exp of LogL: 0.000008, Normalized LogL: -1.066622, Exp of Normalized LogL: 0.344169, Best Rate: 0.3
Fault: [0,2,2,3,5,5], logL: -11.732841, Exp of LogL: 0.000008, Normalized LogL: -1.066622, Exp of Normalized LogL: 0.344169, Best Rate: 0.3
Fault: [0,2,2,3,1,5], logL: -11.732841, Exp of LogL: 0.000008, Normalized LogL: -1.066622, Exp of Normalized LogL: 0.344169, Best Rate: 0.3
Fault: [0,3,2,3,4,5], logL: -12.281700, Exp of LogL: 0.000005, Normalized LogL: -1.116518, Exp of Normalized LogL: 0.327418, Best Rate: 0.3
Fault: [0,0,2,3,4,5], logL: -12.390056, Exp of LogL: 0.000004, Normalized LogL: -1.126369, Exp of Normalized LogL: 0.324208, Best Rate: 0.3
Fault: [0,4,2,3,4,5], logL: -12.670358, Exp of LogL: 0.000003, Normalized LogL: -1.151851, Exp of Normalized LogL: 0.316051, Best Rate: 0.3
Fault: [0,5,2,3,4,5], logL: -12.670358, Exp of LogL: 0.000003, Normalized LogL: -1.151851, Exp of Normalized LogL: 0.316051, Best Rate: 0.3

========= ADAPTIVE MC DEBUG =========
Total calls: 110
Avg tries: 150.00
Confidence stops: 110
Max stops: 0
Max stop rate: 0.000
Real Fault Rank 2
===== SEED 7 | FR=0.3 | VR=80 =====
executing with fault mode: [0,2,2,3,4,5]

Fault scores (higher is better):
Fault: [0,2,2,3,4,5], logL: -11.394117, Exp of LogL: 0.000011, Normalized LogL: -0.813866, Exp of Normalized LogL: 0.443142, Best Rate: 0.3
Fault: [0,1,2,3,4,5], logL: -11.444020, Exp of LogL: 0.000011, Normalized LogL: -0.817430, Exp of Normalized LogL: 0.441565, Best Rate: 0.3
Fault: [0,2,2,3,3,5], logL: -11.723597, Exp of LogL: 0.000008, Normalized LogL: -0.837400, Exp of Normalized LogL: 0.432835, Best Rate: 0.3
Fault: [0,2,2,3,0,5], logL: -11.723597, Exp of LogL: 0.000008, Normalized LogL: -0.837400, Exp of Normalized LogL: 0.432835, Best Rate: 0.3
Fault: [0,2,2,3,5,5], logL: -11.723597, Exp of LogL: 0.000008, Normalized LogL: -0.837400, Exp of Normalized LogL: 0.432835, Best Rate: 0.3
Fault: [0,2,2,3,1,5], logL: -11.723597, Exp of LogL: 0.000008, Normalized LogL: -0.837400, Exp of Normalized LogL: 0.432835, Best Rate: 0.3
Fault: [0,0,2,3,4,5], logL: -12.498595, Exp of LogL: 0.000004, Normalized LogL: -0.892757, Exp of Normalized LogL: 0.409525, Best Rate: 0.3
Fault: [0,3,2,3,4,5], logL: -12.541767, Exp of LogL: 0.000004, Normalized LogL: -0.895840, Exp of Normalized LogL: 0.408264, Best Rate: 0.3
Fault: [0,4,2,3,4,5], logL: -12.661114, Exp of LogL: 0.000003, Normalized LogL: -0.904365, Exp of Normalized LogL: 0.404799, Best Rate: 0.3
Fault: [0,5,2,3,4,5], logL: -12.661114, Exp of LogL: 0.000003, Normalized LogL: -0.904365, Exp of Normalized LogL: 0.404799, Best Rate: 0.3

========= ADAPTIVE MC DEBUG =========
Total calls: 140
Avg tries: 150.00
Confidence stops: 140
Max stops: 0
Max stop rate: 0.000
Real Fault Rank 1
===== SEED 7 | FR=0.3 | VR=100 =====
executing with fault mode: [0,2,2,3,4,5]

Fault scores (higher is better):
Fault: [0,2,2,3,4,5], logL: -13.747110, Exp of LogL: 0.000001, Normalized LogL: -0.763728, Exp of Normalized LogL: 0.465926, Best Rate: 0.3
Fault: [0,1,2,3,4,5], logL: -14.093986, Exp of LogL: 0.000001, Normalized LogL: -0.782999, Exp of Normalized LogL: 0.457033, Best Rate: 0.3
Fault: [0,2,2,3,3,5], logL: -14.132772, Exp of LogL: 0.000001, Normalized LogL: -0.785154, Exp of Normalized LogL: 0.456049, Best Rate: 0.3
Fault: [0,2,2,3,0,5], logL: -14.132772, Exp of LogL: 0.000001, Normalized LogL: -0.785154, Exp of Normalized LogL: 0.456049, Best Rate: 0.3
Fault: [0,2,2,3,5,5], logL: -14.132772, Exp of LogL: 0.000001, Normalized LogL: -0.785154, Exp of Normalized LogL: 0.456049, Best Rate: 0.3
Fault: [0,2,2,3,1,5], logL: -14.132772, Exp of LogL: 0.000001, Normalized LogL: -0.785154, Exp of Normalized LogL: 0.456049, Best Rate: 0.3
Fault: [0,3,2,3,4,5], logL: -15.187329, Exp of LogL: 0.000000, Normalized LogL: -0.843740, Exp of Normalized LogL: 0.430099, Best Rate: 0.3
Fault: [0,4,2,3,4,5], logL: -15.334075, Exp of LogL: 0.000000, Normalized LogL: -0.851893, Exp of Normalized LogL: 0.426607, Best Rate: 0.3
Fault: [0,5,2,3,4,5], logL: -15.334075, Exp of LogL: 0.000000, Normalized LogL: -0.851893, Exp of Normalized LogL: 0.426607, Best Rate: 0.3
Fault: [0,0,2,3,4,5], logL: -15.334075, Exp of LogL: 0.000000, Normalized LogL: -0.851893, Exp of Normalized LogL: 0.426607, Best Rate: 0.3

========= ADAPTIVE MC DEBUG =========
Total calls: 180
Avg tries: 150.00
Confidence stops: 180
Max stops: 0
Max stop rate: 0.000
Real Fault Rank 1
================= 22/08/2026 04:32:25: SEED 7 END =================
================= 22/08/2026 04:32:25: SEED 8 (8/100), a*=1 fault=[0,3,2,3,4,5] START =================
===== SEED 8 | FR=0.3 | VR=20 =====
executing with fault mode: [0,3,2,3,4,5]

Fault scores (higher is better):
Fault: [0,3,2,3,4,5], logL: -16.097520, Exp of LogL: 0.000000, Normalized LogL: -2.012190, Exp of Normalized LogL: 0.133696, Best Rate: 0.3
Fault: [0,3,2,3,1,5], logL: -16.195159, Exp of LogL: 0.000000, Normalized LogL: -2.024395, Exp of Normalized LogL: 0.132074, Best Rate: 0.3
Fault: [0,3,2,3,3,5], logL: -16.221134, Exp of LogL: 0.000000, Normalized LogL: -2.027642, Exp of Normalized LogL: 0.131646, Best Rate: 0.3
Fault: [0,3,2,3,2,5], logL: -16.221134, Exp of LogL: 0.000000, Normalized LogL: -2.027642, Exp of Normalized LogL: 0.131646, Best Rate: 0.3
Fault: [0,3,2,3,0,5], logL: -16.221134, Exp of LogL: 0.000000, Normalized LogL: -2.027642, Exp of Normalized LogL: 0.131646, Best Rate: 0.3
Fault: [0,1,2,3,4,5], logL: -16.228023, Exp of LogL: 0.000000, Normalized LogL: -2.028503, Exp of Normalized LogL: 0.131532, Best Rate: 0.3
Fault: [0,2,2,3,4,5], logL: -16.231052, Exp of LogL: 0.000000, Normalized LogL: -2.028881, Exp of Normalized LogL: 0.131483, Best Rate: 0.3
Fault: [0,4,2,3,4,5], logL: -16.237282, Exp of LogL: 0.000000, Normalized LogL: -2.029660, Exp of Normalized LogL: 0.131380, Best Rate: 0.3
Fault: [0,5,2,3,4,5], logL: -16.472122, Exp of LogL: 0.000000, Normalized LogL: -2.059015, Exp of Normalized LogL: 0.127580, Best Rate: 0.3
Fault: [0,0,2,3,4,5], logL: -17.492956, Exp of LogL: 0.000000, Normalized LogL: -2.186620, Exp of Normalized LogL: 0.112296, Best Rate: 0.3

========= ADAPTIVE MC DEBUG =========
Total calls: 80
Avg tries: 175.00
Confidence stops: 80
Max stops: 0
Max stop rate: 0.000
Real Fault Rank 1
===== SEED 8 | FR=0.3 | VR=40 =====
executing with fault mode: [0,3,2,3,4,5]

Fault scores (higher is better):
Fault: [0,1,2,3,4,5], logL: -21.125405, Exp of LogL: 0.000000, Normalized LogL: -1.320338, Exp of Normalized LogL: 0.267045, Best Rate: 0.3
Fault: [0,3,2,3,4,5], logL: -21.465191, Exp of LogL: 0.000000, Normalized LogL: -1.341574, Exp of Normalized LogL: 0.261434, Best Rate: 0.3
Fault: [0,3,2,3,3,5], logL: -21.465191, Exp of LogL: 0.000000, Normalized LogL: -1.341574, Exp of Normalized LogL: 0.261434, Best Rate: 0.3
Fault: [0,3,2,3,2,5], logL: -21.465191, Exp of LogL: 0.000000, Normalized LogL: -1.341574, Exp of Normalized LogL: 0.261434, Best Rate: 0.3
Fault: [0,3,2,3,0,5], logL: -21.465191, Exp of LogL: 0.000000, Normalized LogL: -1.341574, Exp of Normalized LogL: 0.261434, Best Rate: 0.3
Fault: [0,2,2,3,4,5], logL: -21.629798, Exp of LogL: 0.000000, Normalized LogL: -1.351862, Exp of Normalized LogL: 0.258758, Best Rate: 0.3
Fault: [0,3,2,3,1,5], logL: -21.681414, Exp of LogL: 0.000000, Normalized LogL: -1.355088, Exp of Normalized LogL: 0.257924, Best Rate: 0.3
Fault: [0,4,2,3,4,5], logL: -21.730895, Exp of LogL: 0.000000, Normalized LogL: -1.358181, Exp of Normalized LogL: 0.257128, Best Rate: 0.3
Fault: [0,5,2,3,4,5], logL: -21.880426, Exp of LogL: 0.000000, Normalized LogL: -1.367527, Exp of Normalized LogL: 0.254736, Best Rate: 0.3
Fault: [0,0,2,3,4,5], logL: -21.927815, Exp of LogL: 0.000000, Normalized LogL: -1.370488, Exp of Normalized LogL: 0.253983, Best Rate: 0.3

========= ADAPTIVE MC DEBUG =========
Total calls: 160
Avg tries: 159.38
Confidence stops: 160
Max stops: 0
Max stop rate: 0.000
Real Fault Rank 2
===== SEED 8 | FR=0.3 | VR=60 =====
executing with fault mode: [0,3,2,3,4,5]

Fault scores (higher is better):
Fault: [0,1,2,3,4,5], logL: -25.875807, Exp of LogL: 0.000000, Normalized LogL: -1.078159, Exp of Normalized LogL: 0.340221, Best Rate: 0.3
Fault: [0,3,2,3,4,5], logL: -27.061717, Exp of LogL: 0.000000, Normalized LogL: -1.127572, Exp of Normalized LogL: 0.323819, Best Rate: 0.3
Fault: [0,2,2,3,4,5], logL: -27.072105, Exp of LogL: 0.000000, Normalized LogL: -1.128004, Exp of Normalized LogL: 0.323679, Best Rate: 0.3
Fault: [0,3,2,3,1,5], logL: -27.367099, Exp of LogL: 0.000000, Normalized LogL: -1.140296, Exp of Normalized LogL: 0.319724, Best Rate: 0.3
Fault: [0,3,2,3,3,5], logL: -27.367099, Exp of LogL: 0.000000, Normalized LogL: -1.140296, Exp of Normalized LogL: 0.319724, Best Rate: 0.3
Fault: [0,3,2,3,2,5], logL: -27.367099, Exp of LogL: 0.000000, Normalized LogL: -1.140296, Exp of Normalized LogL: 0.319724, Best Rate: 0.3
Fault: [0,3,2,3,0,5], logL: -27.367099, Exp of LogL: 0.000000, Normalized LogL: -1.140296, Exp of Normalized LogL: 0.319724, Best Rate: 0.3
Fault: [0,5,2,3,4,5], logL: -27.386294, Exp of LogL: 0.000000, Normalized LogL: -1.141096, Exp of Normalized LogL: 0.319469, Best Rate: 0.3
Fault: [0,4,2,3,4,5], logL: -27.386294, Exp of LogL: 0.000000, Normalized LogL: -1.141096, Exp of Normalized LogL: 0.319469, Best Rate: 0.3
Fault: [0,0,2,3,4,5], logL: -27.941291, Exp of LogL: 0.000000, Normalized LogL: -1.164220, Exp of Normalized LogL: 0.312166, Best Rate: 0.3

========= ADAPTIVE MC DEBUG =========
Total calls: 240
Avg tries: 152.08
Confidence stops: 240
Max stops: 0
Max stop rate: 0.000
Real Fault Rank 2
===== SEED 8 | FR=0.3 | VR=80 =====
executing with fault mode: [0,3,2,3,4,5]

Fault scores (higher is better):
Fault: [0,1,2,3,4,5], logL: -32.176616, Exp of LogL: 0.000000, Normalized LogL: -1.005519, Exp of Normalized LogL: 0.365855, Best Rate: 0.3
Fault: [0,2,2,3,4,5], logL: -33.618966, Exp of LogL: 0.000000, Normalized LogL: -1.050593, Exp of Normalized LogL: 0.349730, Best Rate: 0.3
Fault: [0,3,2,3,4,5], logL: -33.796387, Exp of LogL: 0.000000, Normalized LogL: -1.056137, Exp of Normalized LogL: 0.347797, Best Rate: 0.3
Fault: [0,5,2,3,4,5], logL: -33.946469, Exp of LogL: 0.000000, Normalized LogL: -1.060827, Exp of Normalized LogL: 0.346169, Best Rate: 0.3
Fault: [0,4,2,3,4,5], logL: -33.946469, Exp of LogL: 0.000000, Normalized LogL: -1.060827, Exp of Normalized LogL: 0.346169, Best Rate: 0.3
Fault: [0,3,2,3,1,5], logL: -34.110045, Exp of LogL: 0.000000, Normalized LogL: -1.065939, Exp of Normalized LogL: 0.344404, Best Rate: 0.3
Fault: [0,3,2,3,3,5], logL: -34.110045, Exp of LogL: 0.000000, Normalized LogL: -1.065939, Exp of Normalized LogL: 0.344404, Best Rate: 0.3
Fault: [0,3,2,3,2,5], logL: -34.110045, Exp of LogL: 0.000000, Normalized LogL: -1.065939, Exp of Normalized LogL: 0.344404, Best Rate: 0.3
Fault: [0,3,2,3,0,5], logL: -34.110045, Exp of LogL: 0.000000, Normalized LogL: -1.065939, Exp of Normalized LogL: 0.344404, Best Rate: 0.3
Fault: [0,0,2,3,4,5], logL: -34.438946, Exp of LogL: 0.000000, Normalized LogL: -1.076217, Exp of Normalized LogL: 0.340883, Best Rate: 0.3

========= ADAPTIVE MC DEBUG =========
Total calls: 320
Avg tries: 150.00
Confidence stops: 320
Max stops: 0
Max stop rate: 0.000
Real Fault Rank 3
===== SEED 8 | FR=0.3 | VR=100 =====
executing with fault mode: [0,3,2,3,4,5]

Fault scores (higher is better):
Fault: [0,1,2,3,4,5], logL: -33.116305, Exp of LogL: 0.000000, Normalized LogL: -0.827908, Exp of Normalized LogL: 0.436963, Best Rate: 0.3
Fault: [0,3,2,3,4,5], logL: -34.941988, Exp of LogL: 0.000000, Normalized LogL: -0.873550, Exp of Normalized LogL: 0.417467, Best Rate: 0.3
Fault: [0,2,2,3,4,5], logL: -35.055873, Exp of LogL: 0.000000, Normalized LogL: -0.876397, Exp of Normalized LogL: 0.416280, Best Rate: 0.3
Fault: [0,5,2,3,4,5], logL: -35.180171, Exp of LogL: 0.000000, Normalized LogL: -0.879504, Exp of Normalized LogL: 0.414989, Best Rate: 0.3
Fault: [0,4,2,3,4,5], logL: -35.180171, Exp of LogL: 0.000000, Normalized LogL: -0.879504, Exp of Normalized LogL: 0.414989, Best Rate: 0.3
Fault: [0,3,2,3,1,5], logL: -35.252143, Exp of LogL: 0.000000, Normalized LogL: -0.881304, Exp of Normalized LogL: 0.414243, Best Rate: 0.3
Fault: [0,3,2,3,3,5], logL: -35.252143, Exp of LogL: 0.000000, Normalized LogL: -0.881304, Exp of Normalized LogL: 0.414243, Best Rate: 0.3
Fault: [0,3,2,3,2,5], logL: -35.252143, Exp of LogL: 0.000000, Normalized LogL: -0.881304, Exp of Normalized LogL: 0.414243, Best Rate: 0.3
Fault: [0,3,2,3,0,5], logL: -35.252143, Exp of LogL: 0.000000, Normalized LogL: -0.881304, Exp of Normalized LogL: 0.414243, Best Rate: 0.3
Fault: [0,0,2,3,4,5], logL: -35.703419, Exp of LogL: 0.000000, Normalized LogL: -0.892585, Exp of Normalized LogL: 0.409595, Best Rate: 0.3

========= ADAPTIVE MC DEBUG =========
Total calls: 400
Avg tries: 150.00
Confidence stops: 400
Max stops: 0
Max stop rate: 0.000
Real Fault Rank 2
================= 22/08/2026 04:32:58: SEED 8 END =================
================= 22/08/2026 04:32:58: SEED 9 (9/100), a*=1 fault=[0,4,2,3,4,5] START =================
===== SEED 9 | FR=0.3 | VR=20 =====
executing with fault mode: [0,4,2,3,4,5]

executing with fault mode: [0,4,2,3,4,5]

Fault scores (higher is better):
Fault: [0,4,2,3,0,5], logL: -4.610250, Exp of LogL: 0.009949, Normalized LogL: -1.152562, Exp of Normalized LogL: 0.315826, Best Rate: 0.3
Fault: [0,4,2,3,2,5], logL: -4.610250, Exp of LogL: 0.009949, Normalized LogL: -1.152562, Exp of Normalized LogL: 0.315826, Best Rate: 0.3
Fault: [0,4,2,3,5,5], logL: -4.610250, Exp of LogL: 0.009949, Normalized LogL: -1.152562, Exp of Normalized LogL: 0.315826, Best Rate: 0.3
Fault: [0,4,2,3,1,5], logL: -5.015715, Exp of LogL: 0.006633, Normalized LogL: -1.253929, Exp of Normalized LogL: 0.285381, Best Rate: 0.3
Fault: [0,3,2,3,4,5], logL: -5.279299, Exp of LogL: 0.005096, Normalized LogL: -1.319825, Exp of Normalized LogL: 0.267182, Best Rate: 0.3
Fault: [0,5,2,3,4,5], logL: -5.328090, Exp of LogL: 0.004853, Normalized LogL: -1.332022, Exp of Normalized LogL: 0.263943, Best Rate: 0.3
Fault: [0,4,2,3,4,5], logL: -5.353407, Exp of LogL: 0.004732, Normalized LogL: -1.338352, Exp of Normalized LogL: 0.262278, Best Rate: 0.3
Fault: [0,2,2,3,4,5], logL: -6.943088, Exp of LogL: 0.000965, Normalized LogL: -1.735772, Exp of Normalized LogL: 0.176264, Best Rate: 0.3
Fault: [0,0,2,3,4,5], logL: -7.075832, Exp of LogL: 0.000845, Normalized LogL: -1.768958, Exp of Normalized LogL: 0.170511, Best Rate: 0.3
Fault: [0,1,2,3,4,5], logL: -8.903183, Exp of LogL: 0.000136, Normalized LogL: -2.225796, Exp of Normalized LogL: 0.107981, Best Rate: 0.3

========= ADAPTIVE MC DEBUG =========
Total calls: 40
Avg tries: 162.50
Confidence stops: 40
Max stops: 0
Max stop rate: 0.000
Real Fault Rank 7
===== SEED 9 | FR=0.3 | VR=40 =====
executing with fault mode: [0,4,2,3,4,5]

executing with fault mode: [0,4,2,3,4,5]

Fault scores (higher is better):
Fault: [0,4,2,3,0,5], logL: -5.984907, Exp of LogL: 0.002516, Normalized LogL: -0.854987, Exp of Normalized LogL: 0.425289, Best Rate: 0.3
Fault: [0,4,2,3,2,5], logL: -5.984907, Exp of LogL: 0.002516, Normalized LogL: -0.854987, Exp of Normalized LogL: 0.425289, Best Rate: 0.3
Fault: [0,4,2,3,5,5], logL: -5.984907, Exp of LogL: 0.002516, Normalized LogL: -0.854987, Exp of Normalized LogL: 0.425289, Best Rate: 0.3
Fault: [0,3,2,3,4,5], logL: -6.290853, Exp of LogL: 0.001853, Normalized LogL: -0.898693, Exp of Normalized LogL: 0.407101, Best Rate: 0.3
Fault: [0,4,2,3,4,5], logL: -6.330858, Exp of LogL: 0.001781, Normalized LogL: -0.904408, Exp of Normalized LogL: 0.404781, Best Rate: 0.3
Fault: [0,5,2,3,4,5], logL: -6.461479, Exp of LogL: 0.001562, Normalized LogL: -0.923068, Exp of Normalized LogL: 0.397298, Best Rate: 0.3
Fault: [0,4,2,3,1,5], logL: -6.485683, Exp of LogL: 0.001525, Normalized LogL: -0.926526, Exp of Normalized LogL: 0.395927, Best Rate: 0.3
Fault: [0,0,2,3,4,5], logL: -8.707094, Exp of LogL: 0.000165, Normalized LogL: -1.243871, Exp of Normalized LogL: 0.288266, Best Rate: 0.3
Fault: [0,2,2,3,4,5], logL: -9.185507, Exp of LogL: 0.000103, Normalized LogL: -1.312215, Exp of Normalized LogL: 0.269223, Best Rate: 0.3
Fault: [0,1,2,3,4,5], logL: -9.518505, Exp of LogL: 0.000073, Normalized LogL: -1.359786, Exp of Normalized LogL: 0.256716, Best Rate: 0.3

========= ADAPTIVE MC DEBUG =========
Total calls: 70
Avg tries: 157.14
Confidence stops: 70
Max stops: 0
Max stop rate: 0.000
Real Fault Rank 5
===== SEED 9 | FR=0.3 | VR=60 =====
executing with fault mode: [0,4,2,3,4,5]

executing with fault mode: [0,4,2,3,4,5]

Fault scores (higher is better):
Fault: [0,4,2,3,0,5], logL: -7.925712, Exp of LogL: 0.000361, Normalized LogL: -0.792571, Exp of Normalized LogL: 0.452679, Best Rate: 0.3
Fault: [0,4,2,3,2,5], logL: -7.925712, Exp of LogL: 0.000361, Normalized LogL: -0.792571, Exp of Normalized LogL: 0.452679, Best Rate: 0.3
Fault: [0,4,2,3,5,5], logL: -7.925712, Exp of LogL: 0.000361, Normalized LogL: -0.792571, Exp of Normalized LogL: 0.452679, Best Rate: 0.3
Fault: [0,3,2,3,4,5], logL: -8.250156, Exp of LogL: 0.000261, Normalized LogL: -0.825016, Exp of Normalized LogL: 0.438228, Best Rate: 0.3
Fault: [0,4,2,3,4,5], logL: -8.271663, Exp of LogL: 0.000256, Normalized LogL: -0.827166, Exp of Normalized LogL: 0.437287, Best Rate: 0.3
Fault: [0,5,2,3,4,5], logL: -8.271663, Exp of LogL: 0.000256, Normalized LogL: -0.827166, Exp of Normalized LogL: 0.437287, Best Rate: 0.3
Fault: [0,4,2,3,1,5], logL: -8.426487, Exp of LogL: 0.000219, Normalized LogL: -0.842649, Exp of Normalized LogL: 0.430569, Best Rate: 0.3
Fault: [0,0,2,3,4,5], logL: -10.831940, Exp of LogL: 0.000020, Normalized LogL: -1.083194, Exp of Normalized LogL: 0.338513, Best Rate: 0.3
Fault: [0,2,2,3,4,5], logL: -11.075759, Exp of LogL: 0.000015, Normalized LogL: -1.107576, Exp of Normalized LogL: 0.330359, Best Rate: 0.3
Fault: [0,1,2,3,4,5], logL: -11.362247, Exp of LogL: 0.000012, Normalized LogL: -1.136225, Exp of Normalized LogL: 0.321029, Best Rate: 0.3

========= ADAPTIVE MC DEBUG =========
Total calls: 100
Avg tries: 150.00
Confidence stops: 100
Max stops: 0
Max stop rate: 0.000
Real Fault Rank 5
===== SEED 9 | FR=0.3 | VR=80 =====
executing with fault mode: [0,4,2,3,4,5]

executing with fault mode: [0,4,2,3,4,5]

Fault scores (higher is better):
Fault: [0,3,2,3,4,5], logL: -9.646605, Exp of LogL: 0.000065, Normalized LogL: -0.742047, Exp of Normalized LogL: 0.476138, Best Rate: 0.3
Fault: [0,4,2,3,4,5], logL: -9.668111, Exp of LogL: 0.000063, Normalized LogL: -0.743701, Exp of Normalized LogL: 0.475351, Best Rate: 0.3
Fault: [0,5,2,3,4,5], logL: -9.668111, Exp of LogL: 0.000063, Normalized LogL: -0.743701, Exp of Normalized LogL: 0.475351, Best Rate: 0.3
Fault: [0,4,2,3,1,5], logL: -10.015307, Exp of LogL: 0.000045, Normalized LogL: -0.770408, Exp of Normalized LogL: 0.462824, Best Rate: 0.3
Fault: [0,4,2,3,0,5], logL: -10.015307, Exp of LogL: 0.000045, Normalized LogL: -0.770408, Exp of Normalized LogL: 0.462824, Best Rate: 0.3
Fault: [0,4,2,3,2,5], logL: -10.015307, Exp of LogL: 0.000045, Normalized LogL: -0.770408, Exp of Normalized LogL: 0.462824, Best Rate: 0.3
Fault: [0,4,2,3,5,5], logL: -10.015307, Exp of LogL: 0.000045, Normalized LogL: -0.770408, Exp of Normalized LogL: 0.462824, Best Rate: 0.3
Fault: [0,0,2,3,4,5], logL: -11.869015, Exp of LogL: 0.000007, Normalized LogL: -0.913001, Exp of Normalized LogL: 0.401318, Best Rate: 0.3
Fault: [0,2,2,3,4,5], logL: -12.317629, Exp of LogL: 0.000004, Normalized LogL: -0.947510, Exp of Normalized LogL: 0.387705, Best Rate: 0.3
Fault: [0,1,2,3,4,5], logL: -13.055513, Exp of LogL: 0.000002, Normalized LogL: -1.004270, Exp of Normalized LogL: 0.366312, Best Rate: 0.3

========= ADAPTIVE MC DEBUG =========
Total calls: 130
Avg tries: 150.00
Confidence stops: 130
Max stops: 0
Max stop rate: 0.000
Real Fault Rank 2
===== SEED 9 | FR=0.3 | VR=100 =====
executing with fault mode: [0,4,2,3,4,5]

executing with fault mode: [0,4,2,3,4,5]

Fault scores (higher is better):
Fault: [0,4,2,3,4,5], logL: -11.026741, Exp of LogL: 0.000016, Normalized LogL: -0.689171, Exp of Normalized LogL: 0.501992, Best Rate: 0.3
Fault: [0,5,2,3,4,5], logL: -11.026741, Exp of LogL: 0.000016, Normalized LogL: -0.689171, Exp of Normalized LogL: 0.501992, Best Rate: 0.3
Fault: [0,3,2,3,4,5], logL: -11.026741, Exp of LogL: 0.000016, Normalized LogL: -0.689171, Exp of Normalized LogL: 0.501992, Best Rate: 0.3
Fault: [0,4,2,3,1,5], logL: -11.373937, Exp of LogL: 0.000011, Normalized LogL: -0.710871, Exp of Normalized LogL: 0.491216, Best Rate: 0.3
Fault: [0,4,2,3,0,5], logL: -11.373937, Exp of LogL: 0.000011, Normalized LogL: -0.710871, Exp of Normalized LogL: 0.491216, Best Rate: 0.3
Fault: [0,4,2,3,2,5], logL: -11.373937, Exp of LogL: 0.000011, Normalized LogL: -0.710871, Exp of Normalized LogL: 0.491216, Best Rate: 0.3
Fault: [0,4,2,3,5,5], logL: -11.373937, Exp of LogL: 0.000011, Normalized LogL: -0.710871, Exp of Normalized LogL: 0.491216, Best Rate: 0.3
Fault: [0,1,2,3,4,5], logL: -14.972207, Exp of LogL: 0.000000, Normalized LogL: -0.935763, Exp of Normalized LogL: 0.392286, Best Rate: 0.3
Fault: [0,2,2,3,4,5], logL: -15.906992, Exp of LogL: 0.000000, Normalized LogL: -0.994187, Exp of Normalized LogL: 0.370024, Best Rate: 0.3
Fault: [0,0,2,3,4,5], logL: -16.057438, Exp of LogL: 0.000000, Normalized LogL: -1.003590, Exp of Normalized LogL: 0.366561, Best Rate: 0.3

========= ADAPTIVE MC DEBUG =========
Total calls: 160
Avg tries: 150.00
Confidence stops: 160
Max stops: 0
Max stop rate: 0.000
Real Fault Rank 1
================= 22/08/2026 04:33:11: SEED 9 END =================
================= 22/08/2026 04:33:11: SEED 10 (10/100), a*=1 fault=[0,5,2,3,4,5] START =================
===== SEED 10 | FR=0.3 | VR=20 =====
executing with fault mode: [0,5,2,3,4,5]

executing with fault mode: [0,5,2,3,4,5]

Fault scores (higher is better):
Fault: [0,1,2,3,4,5], logL: -7.412201, Exp of LogL: 0.000604, Normalized LogL: -1.482440, Exp of Normalized LogL: 0.227083, Best Rate: 0.3
Fault: [0,3,2,3,4,5], logL: -7.460403, Exp of LogL: 0.000575, Normalized LogL: -1.492081, Exp of Normalized LogL: 0.224904, Best Rate: 0.3
Fault: [0,5,2,3,4,5], logL: -7.578186, Exp of LogL: 0.000511, Normalized LogL: -1.515637, Exp of Normalized LogL: 0.219668, Best Rate: 0.3
Fault: [0,4,2,3,4,5], logL: -7.578186, Exp of LogL: 0.000511, Normalized LogL: -1.515637, Exp of Normalized LogL: 0.219668, Best Rate: 0.3
Fault: [0,5,2,3,1,5], logL: -7.695969, Exp of LogL: 0.000455, Normalized LogL: -1.539194, Exp of Normalized LogL: 0.214554, Best Rate: 0.3
Fault: [0,5,2,3,3,5], logL: -7.695969, Exp of LogL: 0.000455, Normalized LogL: -1.539194, Exp of Normalized LogL: 0.214554, Best Rate: 0.3
Fault: [0,5,2,3,0,5], logL: -7.717023, Exp of LogL: 0.000445, Normalized LogL: -1.543405, Exp of Normalized LogL: 0.213652, Best Rate: 0.3
Fault: [0,5,2,3,2,5], logL: -7.760508, Exp of LogL: 0.000426, Normalized LogL: -1.552102, Exp of Normalized LogL: 0.211802, Best Rate: 0.3
Fault: [0,2,2,3,4,5], logL: -7.805970, Exp of LogL: 0.000407, Normalized LogL: -1.561194, Exp of Normalized LogL: 0.209885, Best Rate: 0.3
Fault: [0,0,2,3,4,5], logL: -7.983652, Exp of LogL: 0.000341, Normalized LogL: -1.596730, Exp of Normalized LogL: 0.202558, Best Rate: 0.3

========= ADAPTIVE MC DEBUG =========
Total calls: 50
Avg tries: 170.00
Confidence stops: 50
Max stops: 0
Max stop rate: 0.000
Real Fault Rank 3
===== SEED 10 | FR=0.3 | VR=40 =====
executing with fault mode: [0,5,2,3,4,5]

executing with fault mode: [0,5,2,3,4,5]

Fault scores (higher is better):
Fault: [0,1,2,3,4,5], logL: -12.168286, Exp of LogL: 0.000005, Normalized LogL: -1.216829, Exp of Normalized LogL: 0.296168, Best Rate: 0.3
Fault: [0,3,2,3,4,5], logL: -12.238056, Exp of LogL: 0.000005, Normalized LogL: -1.223806, Exp of Normalized LogL: 0.294109, Best Rate: 0.3
Fault: [0,2,2,3,4,5], logL: -12.240056, Exp of LogL: 0.000005, Normalized LogL: -1.224006, Exp of Normalized LogL: 0.294050, Best Rate: 0.3
Fault: [0,0,2,3,4,5], logL: -12.404028, Exp of LogL: 0.000004, Normalized LogL: -1.240403, Exp of Normalized LogL: 0.289268, Best Rate: 0.3
Fault: [0,5,2,3,2,5], logL: -12.456279, Exp of LogL: 0.000004, Normalized LogL: -1.245628, Exp of Normalized LogL: 0.287760, Best Rate: 0.3
Fault: [0,5,2,3,0,5], logL: -12.491370, Exp of LogL: 0.000004, Normalized LogL: -1.249137, Exp of Normalized LogL: 0.286752, Best Rate: 0.3
Fault: [0,5,2,3,4,5], logL: -12.491370, Exp of LogL: 0.000004, Normalized LogL: -1.249137, Exp of Normalized LogL: 0.286752, Best Rate: 0.3
Fault: [0,4,2,3,4,5], logL: -12.491370, Exp of LogL: 0.000004, Normalized LogL: -1.249137, Exp of Normalized LogL: 0.286752, Best Rate: 0.3
Fault: [0,5,2,3,1,5], logL: -12.491370, Exp of LogL: 0.000004, Normalized LogL: -1.249137, Exp of Normalized LogL: 0.286752, Best Rate: 0.3
Fault: [0,5,2,3,3,5], logL: -12.491370, Exp of LogL: 0.000004, Normalized LogL: -1.249137, Exp of Normalized LogL: 0.286752, Best Rate: 0.3

========= ADAPTIVE MC DEBUG =========
Total calls: 100
Avg tries: 155.00
Confidence stops: 100
Max stops: 0
Max stop rate: 0.000
Real Fault Rank 7
===== SEED 10 | FR=0.3 | VR=60 =====
executing with fault mode: [0,5,2,3,4,5]

executing with fault mode: [0,5,2,3,4,5]

Fault scores (higher is better):
Fault: [0,3,2,3,4,5], logL: -15.645487, Exp of LogL: 0.000000, Normalized LogL: -1.043032, Exp of Normalized LogL: 0.352384, Best Rate: 0.3
Fault: [0,1,2,3,4,5], logL: -15.716999, Exp of LogL: 0.000000, Normalized LogL: -1.047800, Exp of Normalized LogL: 0.350708, Best Rate: 0.3
Fault: [0,5,2,3,4,5], logL: -15.958857, Exp of LogL: 0.000000, Normalized LogL: -1.063924, Exp of Normalized LogL: 0.345099, Best Rate: 0.3
Fault: [0,4,2,3,4,5], logL: -15.958857, Exp of LogL: 0.000000, Normalized LogL: -1.063924, Exp of Normalized LogL: 0.345099, Best Rate: 0.3
Fault: [0,5,2,3,1,5], logL: -15.958857, Exp of LogL: 0.000000, Normalized LogL: -1.063924, Exp of Normalized LogL: 0.345099, Best Rate: 0.3
Fault: [0,5,2,3,3,5], logL: -15.958857, Exp of LogL: 0.000000, Normalized LogL: -1.063924, Exp of Normalized LogL: 0.345099, Best Rate: 0.3
Fault: [0,5,2,3,2,5], logL: -16.364322, Exp of LogL: 0.000000, Normalized LogL: -1.090955, Exp of Normalized LogL: 0.335896, Best Rate: 0.3
Fault: [0,5,2,3,0,5], logL: -16.421481, Exp of LogL: 0.000000, Normalized LogL: -1.094765, Exp of Normalized LogL: 0.334618, Best Rate: 0.3
Fault: [0,0,2,3,4,5], logL: -16.495493, Exp of LogL: 0.000000, Normalized LogL: -1.099700, Exp of Normalized LogL: 0.332971, Best Rate: 0.3
Fault: [0,2,2,3,4,5], logL: -16.615637, Exp of LogL: 0.000000, Normalized LogL: -1.107709, Exp of Normalized LogL: 0.330315, Best Rate: 0.3

========= ADAPTIVE MC DEBUG =========
Total calls: 150
Avg tries: 150.00
Confidence stops: 150
Max stops: 0
Max stop rate: 0.000
Real Fault Rank 3
===== SEED 10 | FR=0.3 | VR=80 =====
executing with fault mode: [0,5,2,3,4,5]

executing with fault mode: [0,5,2,3,4,5]

Fault scores (higher is better):
Fault: [0,1,2,3,4,5], logL: -18.384522, Exp of LogL: 0.000000, Normalized LogL: -0.919226, Exp of Normalized LogL: 0.398828, Best Rate: 0.3
Fault: [0,3,2,3,4,5], logL: -18.634718, Exp of LogL: 0.000000, Normalized LogL: -0.931736, Exp of Normalized LogL: 0.393869, Best Rate: 0.3
Fault: [0,5,2,3,4,5], logL: -18.948088, Exp of LogL: 0.000000, Normalized LogL: -0.947404, Exp of Normalized LogL: 0.387746, Best Rate: 0.3
Fault: [0,4,2,3,4,5], logL: -18.948088, Exp of LogL: 0.000000, Normalized LogL: -0.947404, Exp of Normalized LogL: 0.387746, Best Rate: 0.3
Fault: [0,5,2,3,0,5], logL: -19.181703, Exp of LogL: 0.000000, Normalized LogL: -0.959085, Exp of Normalized LogL: 0.383243, Best Rate: 0.3
Fault: [0,5,2,3,1,5], logL: -19.181703, Exp of LogL: 0.000000, Normalized LogL: -0.959085, Exp of Normalized LogL: 0.383243, Best Rate: 0.3
Fault: [0,5,2,3,3,5], logL: -19.181703, Exp of LogL: 0.000000, Normalized LogL: -0.959085, Exp of Normalized LogL: 0.383243, Best Rate: 0.3
Fault: [0,5,2,3,2,5], logL: -19.181703, Exp of LogL: 0.000000, Normalized LogL: -0.959085, Exp of Normalized LogL: 0.383243, Best Rate: 0.3
Fault: [0,2,2,3,4,5], logL: -19.825253, Exp of LogL: 0.000000, Normalized LogL: -0.991263, Exp of Normalized LogL: 0.371108, Best Rate: 0.3
Fault: [0,0,2,3,4,5], logL: -19.860959, Exp of LogL: 0.000000, Normalized LogL: -0.993048, Exp of Normalized LogL: 0.370446, Best Rate: 0.3

========= ADAPTIVE MC DEBUG =========
Total calls: 200
Avg tries: 150.00
Confidence stops: 200
Max stops: 0
Max stop rate: 0.000
Real Fault Rank 3
===== SEED 10 | FR=0.3 | VR=100 =====
executing with fault mode: [0,5,2,3,4,5]

executing with fault mode: [0,5,2,3,4,5]

Fault scores (higher is better):
Fault: [0,5,2,3,4,5], logL: -20.224769, Exp of LogL: 0.000000, Normalized LogL: -0.808991, Exp of Normalized LogL: 0.445307, Best Rate: 0.3
Fault: [0,4,2,3,4,5], logL: -20.224769, Exp of LogL: 0.000000, Normalized LogL: -0.808991, Exp of Normalized LogL: 0.445307, Best Rate: 0.3
Fault: [0,5,2,3,0,5], logL: -20.456281, Exp of LogL: 0.000000, Normalized LogL: -0.818251, Exp of Normalized LogL: 0.441203, Best Rate: 0.3
Fault: [0,5,2,3,1,5], logL: -20.456281, Exp of LogL: 0.000000, Normalized LogL: -0.818251, Exp of Normalized LogL: 0.441203, Best Rate: 0.3
Fault: [0,5,2,3,3,5], logL: -20.456281, Exp of LogL: 0.000000, Normalized LogL: -0.818251, Exp of Normalized LogL: 0.441203, Best Rate: 0.3
Fault: [0,5,2,3,2,5], logL: -20.456281, Exp of LogL: 0.000000, Normalized LogL: -0.818251, Exp of Normalized LogL: 0.441203, Best Rate: 0.3
Fault: [0,2,2,3,4,5], logL: -21.182847, Exp of LogL: 0.000000, Normalized LogL: -0.847314, Exp of Normalized LogL: 0.428565, Best Rate: 0.3
Fault: [0,1,2,3,4,5], logL: -21.905551, Exp of LogL: 0.000000, Normalized LogL: -0.876222, Exp of Normalized LogL: 0.416353, Best Rate: 0.3
Fault: [0,3,2,3,4,5], logL: -22.899593, Exp of LogL: 0.000000, Normalized LogL: -0.915984, Exp of Normalized LogL: 0.400123, Best Rate: 0.3
Fault: [0,0,2,3,4,5], logL: -23.488815, Exp of LogL: 0.000000, Normalized LogL: -0.939553, Exp of Normalized LogL: 0.390803, Best Rate: 0.3

========= ADAPTIVE MC DEBUG =========
Total calls: 250
Avg tries: 150.00
Confidence stops: 250
Max stops: 0
Max stop rate: 0.000
Real Fault Rank 1
================= 22/08/2026 04:33:32: SEED 10 END =================
================= 22/08/2026 04:33:32: SEED 11 (11/100), a*=2 fault=[0,1,1,3,4,5] START =================
===== SEED 11 | FR=0.3 | VR=20 =====
executing with fault mode: [0,1,1,3,4,5]

executing with fault mode: [0,1,1,3,4,5]

Fault scores (higher is better):
Fault: [0,1,2,3,4,5], logL: -10.699421, Exp of LogL: 0.000023, Normalized LogL: -1.783237, Exp of Normalized LogL: 0.168093, Best Rate: 0.3
Fault: [0,1,4,3,4,5], logL: -10.828633, Exp of LogL: 0.000020, Normalized LogL: -1.804772, Exp of Normalized LogL: 0.164512, Best Rate: 0.3
Fault: [0,1,5,3,4,5], logL: -10.828633, Exp of LogL: 0.000020, Normalized LogL: -1.804772, Exp of Normalized LogL: 0.164512, Best Rate: 0.3
Fault: [0,1,0,3,4,5], logL: -11.305557, Exp of LogL: 0.000012, Normalized LogL: -1.884260, Exp of Normalized LogL: 0.151942, Best Rate: 0.3
Fault: [0,1,3,3,4,5], logL: -11.423340, Exp of LogL: 0.000011, Normalized LogL: -1.903890, Exp of Normalized LogL: 0.148988, Best Rate: 0.3
Fault: [0,1,1,3,5,5], logL: -11.487879, Exp of LogL: 0.000010, Normalized LogL: -1.914646, Exp of Normalized LogL: 0.147394, Best Rate: 0.3
Fault: [0,1,1,3,1,5], logL: -11.487879, Exp of LogL: 0.000010, Normalized LogL: -1.914646, Exp of Normalized LogL: 0.147394, Best Rate: 0.3
Fault: [0,1,1,3,3,5], logL: -11.487879, Exp of LogL: 0.000010, Normalized LogL: -1.914646, Exp of Normalized LogL: 0.147394, Best Rate: 0.3
Fault: [0,1,1,3,4,5], logL: -11.556872, Exp of LogL: 0.000010, Normalized LogL: -1.926145, Exp of Normalized LogL: 0.145709, Best Rate: 0.3
Fault: [0,1,1,3,2,5], logL: -11.798034, Exp of LogL: 0.000008, Normalized LogL: -1.966339, Exp of Normalized LogL: 0.139968, Best Rate: 0.3

========= ADAPTIVE MC DEBUG =========
Total calls: 60
Avg tries: 183.33
Confidence stops: 60
Max stops: 0
Max stop rate: 0.000
Real Fault Rank 9
===== SEED 11 | FR=0.3 | VR=40 =====
executing with fault mode: [0,1,1,3,4,5]

executing with fault mode: [0,1,1,3,4,5]

Fault scores (higher is better):
Fault: [0,1,1,3,5,5], logL: -16.495472, Exp of LogL: 0.000000, Normalized LogL: -1.374623, Exp of Normalized LogL: 0.252935, Best Rate: 0.3
Fault: [0,1,1,3,1,5], logL: -16.495472, Exp of LogL: 0.000000, Normalized LogL: -1.374623, Exp of Normalized LogL: 0.252935, Best Rate: 0.3
Fault: [0,1,1,3,3,5], logL: -16.495472, Exp of LogL: 0.000000, Normalized LogL: -1.374623, Exp of Normalized LogL: 0.252935, Best Rate: 0.3
Fault: [0,1,1,3,4,5], logL: -16.900937, Exp of LogL: 0.000000, Normalized LogL: -1.408411, Exp of Normalized LogL: 0.244531, Best Rate: 0.3
Fault: [0,1,2,3,4,5], logL: -17.248121, Exp of LogL: 0.000000, Normalized LogL: -1.437343, Exp of Normalized LogL: 0.237558, Best Rate: 0.3
Fault: [0,1,1,3,2,5], logL: -17.257612, Exp of LogL: 0.000000, Normalized LogL: -1.438134, Exp of Normalized LogL: 0.237370, Best Rate: 0.3
Fault: [0,1,3,3,4,5], logL: -18.125009, Exp of LogL: 0.000000, Normalized LogL: -1.510417, Exp of Normalized LogL: 0.220818, Best Rate: 0.3
Fault: [0,1,0,3,4,5], logL: -18.371223, Exp of LogL: 0.000000, Normalized LogL: -1.530935, Exp of Normalized LogL: 0.216333, Best Rate: 0.3
Fault: [0,1,4,3,4,5], logL: -18.852058, Exp of LogL: 0.000000, Normalized LogL: -1.571005, Exp of Normalized LogL: 0.207836, Best Rate: 0.3
Fault: [0,1,5,3,4,5], logL: -18.852058, Exp of LogL: 0.000000, Normalized LogL: -1.571005, Exp of Normalized LogL: 0.207836, Best Rate: 0.3

========= ADAPTIVE MC DEBUG =========
Total calls: 120
Avg tries: 150.00
Confidence stops: 120
Max stops: 0
Max stop rate: 0.000
Real Fault Rank 4
===== SEED 11 | FR=0.3 | VR=60 =====
executing with fault mode: [0,1,1,3,4,5]

executing with fault mode: [0,1,1,3,4,5]

Fault scores (higher is better):
Fault: [0,1,1,3,4,5], logL: -17.856829, Exp of LogL: 0.000000, Normalized LogL: -0.992046, Exp of Normalized LogL: 0.370817, Best Rate: 0.3
Fault: [0,1,2,3,4,5], logL: -18.068590, Exp of LogL: 0.000000, Normalized LogL: -1.003811, Exp of Normalized LogL: 0.366480, Best Rate: 0.3
Fault: [0,1,1,3,5,5], logL: -18.324169, Exp of LogL: 0.000000, Normalized LogL: -1.018009, Exp of Normalized LogL: 0.361313, Best Rate: 0.3
Fault: [0,1,1,3,1,5], logL: -18.324169, Exp of LogL: 0.000000, Normalized LogL: -1.018009, Exp of Normalized LogL: 0.361313, Best Rate: 0.3
Fault: [0,1,1,3,3,5], logL: -18.324169, Exp of LogL: 0.000000, Normalized LogL: -1.018009, Exp of Normalized LogL: 0.361313, Best Rate: 0.3
Fault: [0,1,1,3,2,5], logL: -18.324169, Exp of LogL: 0.000000, Normalized LogL: -1.018009, Exp of Normalized LogL: 0.361313, Best Rate: 0.3
Fault: [0,1,3,3,4,5], logL: -18.954562, Exp of LogL: 0.000000, Normalized LogL: -1.053031, Exp of Normalized LogL: 0.348879, Best Rate: 0.3
Fault: [0,1,0,3,4,5], logL: -19.188732, Exp of LogL: 0.000000, Normalized LogL: -1.066041, Exp of Normalized LogL: 0.344369, Best Rate: 0.3
Fault: [0,1,4,3,4,5], logL: -19.647710, Exp of LogL: 0.000000, Normalized LogL: -1.091539, Exp of Normalized LogL: 0.335699, Best Rate: 0.3
Fault: [0,1,5,3,4,5], logL: -19.647710, Exp of LogL: 0.000000, Normalized LogL: -1.091539, Exp of Normalized LogL: 0.335699, Best Rate: 0.3

========= ADAPTIVE MC DEBUG =========
Total calls: 180
Avg tries: 150.00
Confidence stops: 180
Max stops: 0
Max stop rate: 0.000
Real Fault Rank 1
===== SEED 11 | FR=0.3 | VR=80 =====
executing with fault mode: [0,1,1,3,4,5]

executing with fault mode: [0,1,1,3,4,5]

Fault scores (higher is better):
Fault: [0,1,1,3,4,5], logL: -22.093907, Exp of LogL: 0.000000, Normalized LogL: -0.920579, Exp of Normalized LogL: 0.398288, Best Rate: 0.3
Fault: [0,1,1,3,5,5], logL: -22.561248, Exp of LogL: 0.000000, Normalized LogL: -0.940052, Exp of Normalized LogL: 0.390608, Best Rate: 0.3
Fault: [0,1,1,3,1,5], logL: -22.561248, Exp of LogL: 0.000000, Normalized LogL: -0.940052, Exp of Normalized LogL: 0.390608, Best Rate: 0.3
Fault: [0,1,1,3,3,5], logL: -22.561248, Exp of LogL: 0.000000, Normalized LogL: -0.940052, Exp of Normalized LogL: 0.390608, Best Rate: 0.3
Fault: [0,1,1,3,2,5], logL: -22.561248, Exp of LogL: 0.000000, Normalized LogL: -0.940052, Exp of Normalized LogL: 0.390608, Best Rate: 0.3
Fault: [0,1,2,3,4,5], logL: -22.849364, Exp of LogL: 0.000000, Normalized LogL: -0.952057, Exp of Normalized LogL: 0.385946, Best Rate: 0.3
Fault: [0,1,3,3,4,5], logL: -23.747328, Exp of LogL: 0.000000, Normalized LogL: -0.989472, Exp of Normalized LogL: 0.371773, Best Rate: 0.3
Fault: [0,1,0,3,4,5], logL: -24.194551, Exp of LogL: 0.000000, Normalized LogL: -1.008106, Exp of Normalized LogL: 0.364909, Best Rate: 0.3
Fault: [0,1,4,3,4,5], logL: -24.452310, Exp of LogL: 0.000000, Normalized LogL: -1.018846, Exp of Normalized LogL: 0.361011, Best Rate: 0.3
Fault: [0,1,5,3,4,5], logL: -24.452310, Exp of LogL: 0.000000, Normalized LogL: -1.018846, Exp of Normalized LogL: 0.361011, Best Rate: 0.3

========= ADAPTIVE MC DEBUG =========
Total calls: 240
Avg tries: 150.00
Confidence stops: 240
Max stops: 0
Max stop rate: 0.000
Real Fault Rank 1
===== SEED 11 | FR=0.3 | VR=100 =====
executing with fault mode: [0,1,1,3,4,5]

executing with fault mode: [0,1,1,3,4,5]

Fault scores (higher is better):
Fault: [0,1,1,3,4,5], logL: -27.239181, Exp of LogL: 0.000000, Normalized LogL: -0.907973, Exp of Normalized LogL: 0.403341, Best Rate: 0.3
Fault: [0,1,1,3,5,5], logL: -27.706521, Exp of LogL: 0.000000, Normalized LogL: -0.923551, Exp of Normalized LogL: 0.397107, Best Rate: 0.3
Fault: [0,1,1,3,1,5], logL: -27.706521, Exp of LogL: 0.000000, Normalized LogL: -0.923551, Exp of Normalized LogL: 0.397107, Best Rate: 0.3
Fault: [0,1,1,3,3,5], logL: -27.706521, Exp of LogL: 0.000000, Normalized LogL: -0.923551, Exp of Normalized LogL: 0.397107, Best Rate: 0.3
Fault: [0,1,1,3,2,5], logL: -27.706521, Exp of LogL: 0.000000, Normalized LogL: -0.923551, Exp of Normalized LogL: 0.397107, Best Rate: 0.3
Fault: [0,1,2,3,4,5], logL: -28.230786, Exp of LogL: 0.000000, Normalized LogL: -0.941026, Exp of Normalized LogL: 0.390227, Best Rate: 0.3
Fault: [0,1,3,3,4,5], logL: -29.159644, Exp of LogL: 0.000000, Normalized LogL: -0.971988, Exp of Normalized LogL: 0.378330, Best Rate: 0.3
Fault: [0,1,0,3,4,5], logL: -29.516252, Exp of LogL: 0.000000, Normalized LogL: -0.983875, Exp of Normalized LogL: 0.373860, Best Rate: 0.3
Fault: [0,1,4,3,4,5], logL: -29.864626, Exp of LogL: 0.000000, Normalized LogL: -0.995488, Exp of Normalized LogL: 0.369543, Best Rate: 0.3
Fault: [0,1,5,3,4,5], logL: -29.864626, Exp of LogL: 0.000000, Normalized LogL: -0.995488, Exp of Normalized LogL: 0.369543, Best Rate: 0.3

========= ADAPTIVE MC DEBUG =========
Total calls: 300
Avg tries: 150.00
Confidence stops: 300
Max stops: 0
Max stop rate: 0.000
Real Fault Rank 1
================= 22/08/2026 04:33:56: SEED 11 END =================
================= 22/08/2026 04:33:56: SEED 12 (12/100), a*=3 fault=[0,1,2,5,4,5] START =================
===== SEED 12 | FR=0.3 | VR=20 =====
executing with fault mode: [0,1,2,5,4,5]

executing with fault mode: [0,1,2,5,4,5]

executing with fault mode: [0,1,2,5,4,5]

executing with fault mode: [0,1,2,5,4,5]

Fault scores (higher is better):
Fault: [0,1,2,4,4,5], logL: -4.734976, Exp of LogL: 0.008783, Normalized LogL: -1.183744, Exp of Normalized LogL: 0.306130, Best Rate: 0.3
Fault: [0,1,2,5,4,5], logL: -4.734976, Exp of LogL: 0.008783, Normalized LogL: -1.183744, Exp of Normalized LogL: 0.306130, Best Rate: 0.3
Fault: [0,1,2,5,3,5], logL: -4.770067, Exp of LogL: 0.008480, Normalized LogL: -1.192517, Exp of Normalized LogL: 0.303457, Best Rate: 0.3
Fault: [0,1,2,5,5,5], logL: -4.770067, Exp of LogL: 0.008480, Normalized LogL: -1.192517, Exp of Normalized LogL: 0.303457, Best Rate: 0.3
Fault: [0,1,2,5,2,5], logL: -4.770067, Exp of LogL: 0.008480, Normalized LogL: -1.192517, Exp of Normalized LogL: 0.303457, Best Rate: 0.3
Fault: [0,1,2,5,1,5], logL: -4.806435, Exp of LogL: 0.008177, Normalized LogL: -1.201609, Exp of Normalized LogL: 0.300710, Best Rate: 0.3
Fault: [0,1,2,0,4,5], logL: -30.753429, Exp of LogL: 0.000000, Normalized LogL: -7.688357, Exp of Normalized LogL: 0.000458, Best Rate: 0.3
Fault: [0,1,2,1,4,5], logL: -30.886961, Exp of LogL: 0.000000, Normalized LogL: -7.721740, Exp of Normalized LogL: 0.000443, Best Rate: 0.3
Fault: [0,1,2,3,4,5], logL: -30.923328, Exp of LogL: 0.000000, Normalized LogL: -7.730832, Exp of Normalized LogL: 0.000439, Best Rate: 0.3
Fault: [0,1,2,2,4,5], logL: -31.041111, Exp of LogL: 0.000000, Normalized LogL: -7.760278, Exp of Normalized LogL: 0.000426, Best Rate: 0.3

========= ADAPTIVE MC DEBUG =========
Total calls: 40
Avg tries: 187.50
Confidence stops: 40
Max stops: 0
Max stop rate: 0.000
Real Fault Rank 2
===== SEED 12 | FR=0.3 | VR=40 =====
executing with fault mode: [0,1,2,5,4,5]

executing with fault mode: [0,1,2,5,4,5]

executing with fault mode: [0,1,2,5,4,5]

executing with fault mode: [0,1,2,5,4,5]

Fault scores (higher is better):
Fault: [0,1,2,4,4,5], logL: -12.089708, Exp of LogL: 0.000006, Normalized LogL: -1.511214, Exp of Normalized LogL: 0.220642, Best Rate: 0.3
Fault: [0,1,2,5,4,5], logL: -12.089708, Exp of LogL: 0.000006, Normalized LogL: -1.511214, Exp of Normalized LogL: 0.220642, Best Rate: 0.3
Fault: [0,1,2,5,1,5], logL: -12.628705, Exp of LogL: 0.000003, Normalized LogL: -1.578588, Exp of Normalized LogL: 0.206266, Best Rate: 0.3
Fault: [0,1,2,5,3,5], logL: -12.628705, Exp of LogL: 0.000003, Normalized LogL: -1.578588, Exp of Normalized LogL: 0.206266, Best Rate: 0.3
Fault: [0,1,2,5,5,5], logL: -12.628705, Exp of LogL: 0.000003, Normalized LogL: -1.578588, Exp of Normalized LogL: 0.206266, Best Rate: 0.3
Fault: [0,1,2,5,2,5], logL: -12.628705, Exp of LogL: 0.000003, Normalized LogL: -1.578588, Exp of Normalized LogL: 0.206266, Best Rate: 0.3
Fault: [0,1,2,3,4,5], logL: -37.898300, Exp of LogL: 0.000000, Normalized LogL: -4.737288, Exp of Normalized LogL: 0.008762, Best Rate: 0.3
Fault: [0,1,2,1,4,5], logL: -38.076548, Exp of LogL: 0.000000, Normalized LogL: -4.759569, Exp of Normalized LogL: 0.008569, Best Rate: 0.3
Fault: [0,1,2,0,4,5], logL: -38.126559, Exp of LogL: 0.000000, Normalized LogL: -4.765820, Exp of Normalized LogL: 0.008516, Best Rate: 0.3
Fault: [0,1,2,2,4,5], logL: -38.206602, Exp of LogL: 0.000000, Normalized LogL: -4.775825, Exp of Normalized LogL: 0.008431, Best Rate: 0.3

========= ADAPTIVE MC DEBUG =========
Total calls: 80
Avg tries: 150.00
Confidence stops: 80
Max stops: 0
Max stop rate: 0.000
Real Fault Rank 2
===== SEED 12 | FR=0.3 | VR=60 =====
executing with fault mode: [0,1,2,5,4,5]

executing with fault mode: [0,1,2,5,4,5]

executing with fault mode: [0,1,2,5,4,5]

executing with fault mode: [0,1,2,5,4,5]

Fault scores (higher is better):
Fault: [0,1,2,4,4,5], logL: -12.651910, Exp of LogL: 0.000003, Normalized LogL: -1.054326, Exp of Normalized LogL: 0.348427, Best Rate: 0.3
Fault: [0,1,2,5,4,5], logL: -12.651910, Exp of LogL: 0.000003, Normalized LogL: -1.054326, Exp of Normalized LogL: 0.348427, Best Rate: 0.3
Fault: [0,1,2,5,1,5], logL: -13.190907, Exp of LogL: 0.000002, Normalized LogL: -1.099242, Exp of Normalized LogL: 0.333123, Best Rate: 0.3
Fault: [0,1,2,5,3,5], logL: -13.190907, Exp of LogL: 0.000002, Normalized LogL: -1.099242, Exp of Normalized LogL: 0.333123, Best Rate: 0.3
Fault: [0,1,2,5,5,5], logL: -13.190907, Exp of LogL: 0.000002, Normalized LogL: -1.099242, Exp of Normalized LogL: 0.333123, Best Rate: 0.3
Fault: [0,1,2,5,2,5], logL: -13.190907, Exp of LogL: 0.000002, Normalized LogL: -1.099242, Exp of Normalized LogL: 0.333123, Best Rate: 0.3
Fault: [0,1,2,3,4,5], logL: -38.614653, Exp of LogL: 0.000000, Normalized LogL: -3.217888, Exp of Normalized LogL: 0.040040, Best Rate: 0.3
Fault: [0,1,2,1,4,5], logL: -39.018452, Exp of LogL: 0.000000, Normalized LogL: -3.251538, Exp of Normalized LogL: 0.038715, Best Rate: 0.3
Fault: [0,1,2,0,4,5], logL: -39.068462, Exp of LogL: 0.000000, Normalized LogL: -3.255705, Exp of Normalized LogL: 0.038554, Best Rate: 0.3
Fault: [0,1,2,2,4,5], logL: -39.223540, Exp of LogL: 0.000000, Normalized LogL: -3.268628, Exp of Normalized LogL: 0.038059, Best Rate: 0.3

========= ADAPTIVE MC DEBUG =========
Total calls: 120
Avg tries: 150.00
Confidence stops: 120
Max stops: 0
Max stop rate: 0.000
Real Fault Rank 2
===== SEED 12 | FR=0.3 | VR=80 =====
executing with fault mode: [0,1,2,5,4,5]

executing with fault mode: [0,1,2,5,4,5]

executing with fault mode: [0,1,2,5,4,5]

executing with fault mode: [0,1,2,5,4,5]

Fault scores (higher is better):
Fault: [0,1,2,4,4,5], logL: -15.327216, Exp of LogL: 0.000000, Normalized LogL: -0.957951, Exp of Normalized LogL: 0.383678, Best Rate: 0.3
Fault: [0,1,2,5,4,5], logL: -15.327216, Exp of LogL: 0.000000, Normalized LogL: -0.957951, Exp of Normalized LogL: 0.383678, Best Rate: 0.3
Fault: [0,1,2,5,1,5], logL: -15.655720, Exp of LogL: 0.000000, Normalized LogL: -0.978482, Exp of Normalized LogL: 0.375881, Best Rate: 0.3
Fault: [0,1,2,5,3,5], logL: -15.655720, Exp of LogL: 0.000000, Normalized LogL: -0.978482, Exp of Normalized LogL: 0.375881, Best Rate: 0.3
Fault: [0,1,2,5,5,5], logL: -15.655720, Exp of LogL: 0.000000, Normalized LogL: -0.978482, Exp of Normalized LogL: 0.375881, Best Rate: 0.3
Fault: [0,1,2,5,2,5], logL: -15.655720, Exp of LogL: 0.000000, Normalized LogL: -0.978482, Exp of Normalized LogL: 0.375881, Best Rate: 0.3
Fault: [0,1,2,3,4,5], logL: -41.289958, Exp of LogL: 0.000000, Normalized LogL: -2.580622, Exp of Normalized LogL: 0.075727, Best Rate: 0.3
Fault: [0,1,2,1,4,5], logL: -41.693757, Exp of LogL: 0.000000, Normalized LogL: -2.605860, Exp of Normalized LogL: 0.073840, Best Rate: 0.3
Fault: [0,1,2,0,4,5], logL: -41.743767, Exp of LogL: 0.000000, Normalized LogL: -2.608985, Exp of Normalized LogL: 0.073609, Best Rate: 0.3
Fault: [0,1,2,2,4,5], logL: -41.898845, Exp of LogL: 0.000000, Normalized LogL: -2.618678, Exp of Normalized LogL: 0.072899, Best Rate: 0.3

========= ADAPTIVE MC DEBUG =========
Total calls: 160
Avg tries: 150.00
Confidence stops: 160
Max stops: 0
Max stop rate: 0.000
Real Fault Rank 2
===== SEED 12 | FR=0.3 | VR=100 =====
executing with fault mode: [0,1,2,5,4,5]

executing with fault mode: [0,1,2,5,4,5]

executing with fault mode: [0,1,2,5,4,5]

executing with fault mode: [0,1,2,5,4,5]

Fault scores (higher is better):
Fault: [0,1,2,4,4,5], logL: -15.051339, Exp of LogL: 0.000000, Normalized LogL: -0.752567, Exp of Normalized LogL: 0.471156, Best Rate: 0.3
Fault: [0,1,2,5,4,5], logL: -15.051339, Exp of LogL: 0.000000, Normalized LogL: -0.752567, Exp of Normalized LogL: 0.471156, Best Rate: 0.3
Fault: [0,1,2,5,1,5], logL: -15.379843, Exp of LogL: 0.000000, Normalized LogL: -0.768992, Exp of Normalized LogL: 0.463480, Best Rate: 0.3
Fault: [0,1,2,5,3,5], logL: -15.379843, Exp of LogL: 0.000000, Normalized LogL: -0.768992, Exp of Normalized LogL: 0.463480, Best Rate: 0.3
Fault: [0,1,2,5,5,5], logL: -15.379843, Exp of LogL: 0.000000, Normalized LogL: -0.768992, Exp of Normalized LogL: 0.463480, Best Rate: 0.3
Fault: [0,1,2,5,2,5], logL: -15.379843, Exp of LogL: 0.000000, Normalized LogL: -0.768992, Exp of Normalized LogL: 0.463480, Best Rate: 0.3
Fault: [0,1,2,3,4,5], logL: -41.022724, Exp of LogL: 0.000000, Normalized LogL: -2.051136, Exp of Normalized LogL: 0.128589, Best Rate: 0.3
Fault: [0,1,2,1,4,5], logL: -41.455914, Exp of LogL: 0.000000, Normalized LogL: -2.072796, Exp of Normalized LogL: 0.125833, Best Rate: 0.3
Fault: [0,1,2,0,4,5], logL: -41.500865, Exp of LogL: 0.000000, Normalized LogL: -2.075043, Exp of Normalized LogL: 0.125551, Best Rate: 0.3
Fault: [0,1,2,2,4,5], logL: -41.622968, Exp of LogL: 0.000000, Normalized LogL: -2.081148, Exp of Normalized LogL: 0.124787, Best Rate: 0.3

========= ADAPTIVE MC DEBUG =========
Total calls: 200
Avg tries: 150.00
Confidence stops: 200
Max stops: 0
Max stop rate: 0.000
Real Fault Rank 2
================= 22/08/2026 04:34:13: SEED 12 END =================
================= 22/08/2026 04:34:13: SEED 13 (13/100), a*=1 fault=[0,5,2,3,4,5] START =================
===== SEED 13 | FR=0.3 | VR=20 =====
executing with fault mode: [0,5,2,3,4,5]

Fault scores (higher is better):
Fault: [0,5,2,3,4,5], logL: -7.371980, Exp of LogL: 0.000629, Normalized LogL: -1.842995, Exp of Normalized LogL: 0.158342, Best Rate: 0.3
Fault: [3,5,2,3,4,5], logL: -8.065127, Exp of LogL: 0.000314, Normalized LogL: -2.016282, Exp of Normalized LogL: 0.133150, Best Rate: 0.3
Fault: [5,5,2,3,4,5], logL: -8.065127, Exp of LogL: 0.000314, Normalized LogL: -2.016282, Exp of Normalized LogL: 0.133150, Best Rate: 0.3
Fault: [4,5,2,3,4,5], logL: -8.065127, Exp of LogL: 0.000314, Normalized LogL: -2.016282, Exp of Normalized LogL: 0.133150, Best Rate: 0.3
Fault: [1,5,2,3,4,5], logL: -8.065127, Exp of LogL: 0.000314, Normalized LogL: -2.016282, Exp of Normalized LogL: 0.133150, Best Rate: 0.3
Fault: [0,3,2,3,4,5], logL: -31.572816, Exp of LogL: 0.000000, Normalized LogL: -7.893204, Exp of Normalized LogL: 0.000373, Best Rate: 0.3
Fault: [0,1,2,3,4,5], logL: -31.909289, Exp of LogL: 0.000000, Normalized LogL: -7.977322, Exp of Normalized LogL: 0.000343, Best Rate: 0.3
Fault: [0,4,2,3,4,5], logL: -32.420114, Exp of LogL: 0.000000, Normalized LogL: -8.105029, Exp of Normalized LogL: 0.000302, Best Rate: 0.3
Fault: [0,2,2,3,4,5], logL: -32.825579, Exp of LogL: 0.000000, Normalized LogL: -8.206395, Exp of Normalized LogL: 0.000273, Best Rate: 0.3
Fault: [0,0,2,3,4,5], logL: -33.518726, Exp of LogL: 0.000000, Normalized LogL: -8.379682, Exp of Normalized LogL: 0.000229, Best Rate: 0.3

========= ADAPTIVE MC DEBUG =========
Total calls: 40
Avg tries: 175.00
Confidence stops: 40
Max stops: 0
Max stop rate: 0.000
Real Fault Rank 1
===== SEED 13 | FR=0.3 | VR=40 =====
executing with fault mode: [0,5,2,3,4,5]

Fault scores (higher is better):
Fault: [0,5,2,3,4,5], logL: -33.311676, Exp of LogL: 0.000000, Normalized LogL: -4.758811, Exp of Normalized LogL: 0.008576, Best Rate: 0.3
Fault: [3,5,2,3,4,5], logL: -33.362969, Exp of LogL: 0.000000, Normalized LogL: -4.766138, Exp of Normalized LogL: 0.008513, Best Rate: 0.3
Fault: [5,5,2,3,4,5], logL: -33.362969, Exp of LogL: 0.000000, Normalized LogL: -4.766138, Exp of Normalized LogL: 0.008513, Best Rate: 0.3
Fault: [4,5,2,3,4,5], logL: -33.362969, Exp of LogL: 0.000000, Normalized LogL: -4.766138, Exp of Normalized LogL: 0.008513, Best Rate: 0.3
Fault: [1,5,2,3,4,5], logL: -33.362969, Exp of LogL: 0.000000, Normalized LogL: -4.766138, Exp of Normalized LogL: 0.008513, Best Rate: 0.3
Fault: [0,3,2,3,4,5], logL: -36.079823, Exp of LogL: 0.000000, Normalized LogL: -5.154260, Exp of Normalized LogL: 0.005775, Best Rate: 0.3
Fault: [0,1,2,3,4,5], logL: -58.222009, Exp of LogL: 0.000000, Normalized LogL: -8.317430, Exp of Normalized LogL: 0.000244, Best Rate: 0.3
Fault: [0,2,2,3,4,5], logL: -58.750853, Exp of LogL: 0.000000, Normalized LogL: -8.392979, Exp of Normalized LogL: 0.000226, Best Rate: 0.3
Fault: [0,4,2,3,4,5], logL: -58.790593, Exp of LogL: 0.000000, Normalized LogL: -8.398656, Exp of Normalized LogL: 0.000225, Best Rate: 0.3
Fault: [0,0,2,3,4,5], logL: -58.957647, Exp of LogL: 0.000000, Normalized LogL: -8.422521, Exp of Normalized LogL: 0.000220, Best Rate: 0.3

========= ADAPTIVE MC DEBUG =========
Total calls: 70
Avg tries: 157.14
Confidence stops: 70
Max stops: 0
Max stop rate: 0.000
Real Fault Rank 1
===== SEED 13 | FR=0.3 | VR=60 =====
executing with fault mode: [0,5,2,3,4,5]

Fault scores (higher is better):
Fault: [3,5,2,3,4,5], logL: -13.868314, Exp of LogL: 0.000001, Normalized LogL: -1.260756, Exp of Normalized LogL: 0.283440, Best Rate: 0.3
Fault: [0,5,2,3,4,5], logL: -13.868314, Exp of LogL: 0.000001, Normalized LogL: -1.260756, Exp of Normalized LogL: 0.283440, Best Rate: 0.3
Fault: [5,5,2,3,4,5], logL: -13.868314, Exp of LogL: 0.000001, Normalized LogL: -1.260756, Exp of Normalized LogL: 0.283440, Best Rate: 0.3
Fault: [4,5,2,3,4,5], logL: -13.868314, Exp of LogL: 0.000001, Normalized LogL: -1.260756, Exp of Normalized LogL: 0.283440, Best Rate: 0.3
Fault: [1,5,2,3,4,5], logL: -13.868314, Exp of LogL: 0.000001, Normalized LogL: -1.260756, Exp of Normalized LogL: 0.283440, Best Rate: 0.3
Fault: [0,1,2,3,4,5], logL: -92.668076, Exp of LogL: 0.000000, Normalized LogL: -8.424371, Exp of Normalized LogL: 0.000219, Best Rate: 0.3
Fault: [0,3,2,3,4,5], logL: -92.807380, Exp of LogL: 0.000000, Normalized LogL: -8.437035, Exp of Normalized LogL: 0.000217, Best Rate: 0.3
Fault: [0,2,2,3,4,5], logL: -93.186528, Exp of LogL: 0.000000, Normalized LogL: -8.471503, Exp of Normalized LogL: 0.000209, Best Rate: 0.3
Fault: [0,4,2,3,4,5], logL: -93.226268, Exp of LogL: 0.000000, Normalized LogL: -8.475115, Exp of Normalized LogL: 0.000209, Best Rate: 0.3
Fault: [0,0,2,3,4,5], logL: -93.814055, Exp of LogL: 0.000000, Normalized LogL: -8.528550, Exp of Normalized LogL: 0.000198, Best Rate: 0.3

========= ADAPTIVE MC DEBUG =========
Total calls: 110
Avg tries: 150.00
Confidence stops: 110
Max stops: 0
Max stop rate: 0.000
Real Fault Rank 2
===== SEED 13 | FR=0.3 | VR=80 =====
executing with fault mode: [0,5,2,3,4,5]

Fault scores (higher is better):
Fault: [3,5,2,3,4,5], logL: -13.436043, Exp of LogL: 0.000001, Normalized LogL: -0.959717, Exp of Normalized LogL: 0.383001, Best Rate: 0.3
Fault: [0,5,2,3,4,5], logL: -13.436043, Exp of LogL: 0.000001, Normalized LogL: -0.959717, Exp of Normalized LogL: 0.383001, Best Rate: 0.3
Fault: [5,5,2,3,4,5], logL: -13.436043, Exp of LogL: 0.000001, Normalized LogL: -0.959717, Exp of Normalized LogL: 0.383001, Best Rate: 0.3
Fault: [4,5,2,3,4,5], logL: -13.436043, Exp of LogL: 0.000001, Normalized LogL: -0.959717, Exp of Normalized LogL: 0.383001, Best Rate: 0.3
Fault: [1,5,2,3,4,5], logL: -13.436043, Exp of LogL: 0.000001, Normalized LogL: -0.959717, Exp of Normalized LogL: 0.383001, Best Rate: 0.3
Fault: [0,1,2,3,4,5], logL: -91.475604, Exp of LogL: 0.000000, Normalized LogL: -6.533972, Exp of Normalized LogL: 0.001453, Best Rate: 0.3
Fault: [0,3,2,3,4,5], logL: -92.570031, Exp of LogL: 0.000000, Normalized LogL: -6.612145, Exp of Normalized LogL: 0.001344, Best Rate: 0.3
Fault: [0,2,2,3,4,5], logL: -92.603433, Exp of LogL: 0.000000, Normalized LogL: -6.614531, Exp of Normalized LogL: 0.001341, Best Rate: 0.3
Fault: [0,4,2,3,4,5], logL: -92.643174, Exp of LogL: 0.000000, Normalized LogL: -6.617370, Exp of Normalized LogL: 0.001337, Best Rate: 0.3
Fault: [0,0,2,3,4,5], logL: -93.493325, Exp of LogL: 0.000000, Normalized LogL: -6.678095, Exp of Normalized LogL: 0.001258, Best Rate: 0.3

========= ADAPTIVE MC DEBUG =========
Total calls: 140
Avg tries: 150.00
Confidence stops: 140
Max stops: 0
Max stop rate: 0.000
Real Fault Rank 2
===== SEED 13 | FR=0.3 | VR=100 =====
executing with fault mode: [0,5,2,3,4,5]

Fault scores (higher is better):
Fault: [3,5,2,3,4,5], logL: -13.225087, Exp of LogL: 0.000002, Normalized LogL: -0.734727, Exp of Normalized LogL: 0.479636, Best Rate: 0.3
Fault: [0,5,2,3,4,5], logL: -13.225087, Exp of LogL: 0.000002, Normalized LogL: -0.734727, Exp of Normalized LogL: 0.479636, Best Rate: 0.3
Fault: [5,5,2,3,4,5], logL: -13.225087, Exp of LogL: 0.000002, Normalized LogL: -0.734727, Exp of Normalized LogL: 0.479636, Best Rate: 0.3
Fault: [4,5,2,3,4,5], logL: -13.225087, Exp of LogL: 0.000002, Normalized LogL: -0.734727, Exp of Normalized LogL: 0.479636, Best Rate: 0.3
Fault: [1,5,2,3,4,5], logL: -13.225087, Exp of LogL: 0.000002, Normalized LogL: -0.734727, Exp of Normalized LogL: 0.479636, Best Rate: 0.3
Fault: [0,1,2,3,4,5], logL: -91.643330, Exp of LogL: 0.000000, Normalized LogL: -5.091296, Exp of Normalized LogL: 0.006150, Best Rate: 0.3
Fault: [0,3,2,3,4,5], logL: -92.211151, Exp of LogL: 0.000000, Normalized LogL: -5.122842, Exp of Normalized LogL: 0.005959, Best Rate: 0.3
Fault: [0,2,2,3,4,5], logL: -92.550107, Exp of LogL: 0.000000, Normalized LogL: -5.141673, Exp of Normalized LogL: 0.005848, Best Rate: 0.3
Fault: [0,4,2,3,4,5], logL: -92.589847, Exp of LogL: 0.000000, Normalized LogL: -5.143880, Exp of Normalized LogL: 0.005835, Best Rate: 0.3
Fault: [0,0,2,3,4,5], logL: -92.835951, Exp of LogL: 0.000000, Normalized LogL: -5.157553, Exp of Normalized LogL: 0.005756, Best Rate: 0.3

========= ADAPTIVE MC DEBUG =========
Total calls: 180
Avg tries: 150.00
Confidence stops: 180
Max stops: 0
Max stop rate: 0.000
Real Fault Rank 2
================= 22/08/2026 04:34:28: SEED 13 END =================
================= 22/08/2026 04:34:28: SEED 14 (14/100), a*=3 fault=[0,1,2,1,4,5] START =================
===== SEED 14 | FR=0.3 | VR=20 =====
executing with fault mode: [0,1,2,1,4,5]

executing with fault mode: [0,1,2,1,4,5]

Fault scores (higher is better):
Fault: [0,1,2,0,4,5], logL: -5.377495, Exp of LogL: 0.004619, Normalized LogL: -1.344374, Exp of Normalized LogL: 0.260703, Best Rate: 0.3
Fault: [0,1,2,3,4,5], logL: -5.486695, Exp of LogL: 0.004142, Normalized LogL: -1.371674, Exp of Normalized LogL: 0.253682, Best Rate: 0.3
Fault: [0,1,2,5,4,5], logL: -5.486695, Exp of LogL: 0.004142, Normalized LogL: -1.371674, Exp of Normalized LogL: 0.253682, Best Rate: 0.3
Fault: [0,1,2,4,4,5], logL: -5.486695, Exp of LogL: 0.004142, Normalized LogL: -1.371674, Exp of Normalized LogL: 0.253682, Best Rate: 0.3
Fault: [0,1,2,1,2,5], logL: -5.653749, Exp of LogL: 0.003504, Normalized LogL: -1.413437, Exp of Normalized LogL: 0.243306, Best Rate: 0.3
Fault: [0,1,2,1,0,5], logL: -5.653749, Exp of LogL: 0.003504, Normalized LogL: -1.413437, Exp of Normalized LogL: 0.243306, Best Rate: 0.3
Fault: [0,1,2,1,5,5], logL: -5.653749, Exp of LogL: 0.003504, Normalized LogL: -1.413437, Exp of Normalized LogL: 0.243306, Best Rate: 0.3
Fault: [0,1,2,1,1,5], logL: -5.700269, Exp of LogL: 0.003345, Normalized LogL: -1.425067, Exp of Normalized LogL: 0.240492, Best Rate: 0.3
Fault: [0,1,2,1,4,5], logL: -5.700269, Exp of LogL: 0.003345, Normalized LogL: -1.425067, Exp of Normalized LogL: 0.240492, Best Rate: 0.3
Fault: [0,1,2,2,4,5], logL: -5.749059, Exp of LogL: 0.003186, Normalized LogL: -1.437265, Exp of Normalized LogL: 0.237577, Best Rate: 0.3

========= ADAPTIVE MC DEBUG =========
Total calls: 40
Avg tries: 162.50
Confidence stops: 40
Max stops: 0
Max stop rate: 0.000
Real Fault Rank 9
===== SEED 14 | FR=0.3 | VR=40 =====
executing with fault mode: [0,1,2,1,4,5]

executing with fault mode: [0,1,2,1,4,5]

Fault scores (higher is better):
Fault: [0,1,2,0,4,5], logL: -7.869219, Exp of LogL: 0.000382, Normalized LogL: -1.124174, Exp of Normalized LogL: 0.324921, Best Rate: 0.3
Fault: [0,1,2,3,4,5], logL: -7.941248, Exp of LogL: 0.000356, Normalized LogL: -1.134464, Exp of Normalized LogL: 0.321594, Best Rate: 0.3
Fault: [0,1,2,2,4,5], logL: -7.945592, Exp of LogL: 0.000354, Normalized LogL: -1.135085, Exp of Normalized LogL: 0.321395, Best Rate: 0.3
Fault: [0,1,2,1,4,5], logL: -8.352773, Exp of LogL: 0.000236, Normalized LogL: -1.193253, Exp of Normalized LogL: 0.303233, Best Rate: 0.3
Fault: [0,1,2,1,2,5], logL: -8.617466, Exp of LogL: 0.000181, Normalized LogL: -1.231067, Exp of Normalized LogL: 0.291981, Best Rate: 0.3
Fault: [0,1,2,1,1,5], logL: -8.617466, Exp of LogL: 0.000181, Normalized LogL: -1.231067, Exp of Normalized LogL: 0.291981, Best Rate: 0.3
Fault: [0,1,2,1,0,5], logL: -8.617466, Exp of LogL: 0.000181, Normalized LogL: -1.231067, Exp of Normalized LogL: 0.291981, Best Rate: 0.3
Fault: [0,1,2,1,5,5], logL: -8.617466, Exp of LogL: 0.000181, Normalized LogL: -1.231067, Exp of Normalized LogL: 0.291981, Best Rate: 0.3
Fault: [0,1,2,5,4,5], logL: -8.692806, Exp of LogL: 0.000168, Normalized LogL: -1.241829, Exp of Normalized LogL: 0.288855, Best Rate: 0.3
Fault: [0,1,2,4,4,5], logL: -8.692806, Exp of LogL: 0.000168, Normalized LogL: -1.241829, Exp of Normalized LogL: 0.288855, Best Rate: 0.3

========= ADAPTIVE MC DEBUG =========
Total calls: 70
Avg tries: 150.00
Confidence stops: 70
Max stops: 0
Max stop rate: 0.000
Real Fault Rank 4
===== SEED 14 | FR=0.3 | VR=60 =====
executing with fault mode: [0,1,2,1,4,5]

executing with fault mode: [0,1,2,1,4,5]

Fault scores (higher is better):
Fault: [0,1,2,0,4,5], logL: -8.874823, Exp of LogL: 0.000140, Normalized LogL: -0.887482, Exp of Normalized LogL: 0.411691, Best Rate: 0.3
Fault: [0,1,2,3,4,5], logL: -9.042374, Exp of LogL: 0.000118, Normalized LogL: -0.904237, Exp of Normalized LogL: 0.404850, Best Rate: 0.3
Fault: [0,1,2,1,4,5], logL: -9.739137, Exp of LogL: 0.000059, Normalized LogL: -0.973914, Exp of Normalized LogL: 0.377602, Best Rate: 0.3
Fault: [0,1,2,2,4,5], logL: -9.861245, Exp of LogL: 0.000052, Normalized LogL: -0.986124, Exp of Normalized LogL: 0.373020, Best Rate: 0.3
Fault: [0,1,2,1,2,5], logL: -10.044518, Exp of LogL: 0.000043, Normalized LogL: -1.004452, Exp of Normalized LogL: 0.366245, Best Rate: 0.3
Fault: [0,1,2,1,1,5], logL: -10.044518, Exp of LogL: 0.000043, Normalized LogL: -1.004452, Exp of Normalized LogL: 0.366245, Best Rate: 0.3
Fault: [0,1,2,1,0,5], logL: -10.044518, Exp of LogL: 0.000043, Normalized LogL: -1.004452, Exp of Normalized LogL: 0.366245, Best Rate: 0.3
Fault: [0,1,2,1,5,5], logL: -10.044518, Exp of LogL: 0.000043, Normalized LogL: -1.004452, Exp of Normalized LogL: 0.366245, Best Rate: 0.3
Fault: [0,1,2,5,4,5], logL: -10.186667, Exp of LogL: 0.000038, Normalized LogL: -1.018667, Exp of Normalized LogL: 0.361076, Best Rate: 0.3
Fault: [0,1,2,4,4,5], logL: -10.186667, Exp of LogL: 0.000038, Normalized LogL: -1.018667, Exp of Normalized LogL: 0.361076, Best Rate: 0.3

========= ADAPTIVE MC DEBUG =========
Total calls: 100
Avg tries: 150.00
Confidence stops: 100
Max stops: 0
Max stop rate: 0.000
Real Fault Rank 3
===== SEED 14 | FR=0.3 | VR=80 =====
executing with fault mode: [0,1,2,1,4,5]

executing with fault mode: [0,1,2,1,4,5]

Fault scores (higher is better):
Fault: [0,1,2,3,4,5], logL: -10.466565, Exp of LogL: 0.000028, Normalized LogL: -0.805120, Exp of Normalized LogL: 0.447034, Best Rate: 0.3
Fault: [0,1,2,0,4,5], logL: -10.649172, Exp of LogL: 0.000024, Normalized LogL: -0.819167, Exp of Normalized LogL: 0.440799, Best Rate: 0.3
Fault: [0,1,2,1,4,5], logL: -11.094471, Exp of LogL: 0.000015, Normalized LogL: -0.853421, Exp of Normalized LogL: 0.425955, Best Rate: 0.3
Fault: [0,1,2,1,2,5], logL: -11.317614, Exp of LogL: 0.000012, Normalized LogL: -0.870586, Exp of Normalized LogL: 0.418706, Best Rate: 0.3
Fault: [0,1,2,1,1,5], logL: -11.317614, Exp of LogL: 0.000012, Normalized LogL: -0.870586, Exp of Normalized LogL: 0.418706, Best Rate: 0.3
Fault: [0,1,2,1,0,5], logL: -11.317614, Exp of LogL: 0.000012, Normalized LogL: -0.870586, Exp of Normalized LogL: 0.418706, Best Rate: 0.3
Fault: [0,1,2,1,5,5], logL: -11.317614, Exp of LogL: 0.000012, Normalized LogL: -0.870586, Exp of Normalized LogL: 0.418706, Best Rate: 0.3
Fault: [0,1,2,2,4,5], logL: -11.842335, Exp of LogL: 0.000007, Normalized LogL: -0.910949, Exp of Normalized LogL: 0.402142, Best Rate: 0.3
Fault: [0,1,2,5,4,5], logL: -12.273117, Exp of LogL: 0.000005, Normalized LogL: -0.944086, Exp of Normalized LogL: 0.389035, Best Rate: 0.3
Fault: [0,1,2,4,4,5], logL: -12.273117, Exp of LogL: 0.000005, Normalized LogL: -0.944086, Exp of Normalized LogL: 0.389035, Best Rate: 0.3

========= ADAPTIVE MC DEBUG =========
Total calls: 130
Avg tries: 150.00
Confidence stops: 130
Max stops: 0
Max stop rate: 0.000
Real Fault Rank 3
===== SEED 14 | FR=0.3 | VR=100 =====
executing with fault mode: [0,1,2,1,4,5]

executing with fault mode: [0,1,2,1,4,5]

Fault scores (higher is better):
Fault: [0,1,2,0,4,5], logL: -12.738154, Exp of LogL: 0.000003, Normalized LogL: -0.749303, Exp of Normalized LogL: 0.472696, Best Rate: 0.3
Fault: [0,1,2,3,4,5], logL: -13.223821, Exp of LogL: 0.000002, Normalized LogL: -0.777872, Exp of Normalized LogL: 0.459383, Best Rate: 0.3
Fault: [0,1,2,1,4,5], logL: -14.198564, Exp of LogL: 0.000001, Normalized LogL: -0.835210, Exp of Normalized LogL: 0.433784, Best Rate: 0.3
Fault: [0,1,2,1,2,5], logL: -14.421707, Exp of LogL: 0.000001, Normalized LogL: -0.848336, Exp of Normalized LogL: 0.428127, Best Rate: 0.3
Fault: [0,1,2,1,1,5], logL: -14.421707, Exp of LogL: 0.000001, Normalized LogL: -0.848336, Exp of Normalized LogL: 0.428127, Best Rate: 0.3
Fault: [0,1,2,1,0,5], logL: -14.421707, Exp of LogL: 0.000001, Normalized LogL: -0.848336, Exp of Normalized LogL: 0.428127, Best Rate: 0.3
Fault: [0,1,2,1,5,5], logL: -14.421707, Exp of LogL: 0.000001, Normalized LogL: -0.848336, Exp of Normalized LogL: 0.428127, Best Rate: 0.3
Fault: [0,1,2,2,4,5], logL: -14.563177, Exp of LogL: 0.000000, Normalized LogL: -0.856657, Exp of Normalized LogL: 0.424579, Best Rate: 0.3
Fault: [0,1,2,5,4,5], logL: -15.351634, Exp of LogL: 0.000000, Normalized LogL: -0.903037, Exp of Normalized LogL: 0.405337, Best Rate: 0.3
Fault: [0,1,2,4,4,5], logL: -15.351634, Exp of LogL: 0.000000, Normalized LogL: -0.903037, Exp of Normalized LogL: 0.405337, Best Rate: 0.3

========= ADAPTIVE MC DEBUG =========
Total calls: 170
Avg tries: 150.00
Confidence stops: 170
Max stops: 0
Max stop rate: 0.000
Real Fault Rank 3
================= 22/08/2026 04:34:42: SEED 14 END =================
================= 22/08/2026 04:34:42: SEED 15 (15/100), a*=0 fault=[3,1,2,3,4,5] START =================
===== SEED 15 | FR=0.3 | VR=20 =====
executing with fault mode: [3,1,2,3,4,5]

executing with fault mode: [3,1,2,3,4,5]

Fault scores (higher is better):
Fault: [3,1,2,3,5,5], logL: -14.376832, Exp of LogL: 0.000001, Normalized LogL: -1.597426, Exp of Normalized LogL: 0.202417, Best Rate: 0.3
Fault: [3,1,2,3,3,5], logL: -14.376832, Exp of LogL: 0.000001, Normalized LogL: -1.597426, Exp of Normalized LogL: 0.202417, Best Rate: 0.3
Fault: [3,1,2,3,4,5], logL: -14.480673, Exp of LogL: 0.000001, Normalized LogL: -1.608964, Exp of Normalized LogL: 0.200095, Best Rate: 0.3
Fault: [3,1,2,3,2,5], logL: -14.729653, Exp of LogL: 0.000000, Normalized LogL: -1.636628, Exp of Normalized LogL: 0.194635, Best Rate: 0.3
Fault: [3,1,2,3,1,5], logL: -14.809696, Exp of LogL: 0.000000, Normalized LogL: -1.645522, Exp of Normalized LogL: 0.192912, Best Rate: 0.3
Fault: [4,1,2,3,4,5], logL: -15.230978, Exp of LogL: 0.000000, Normalized LogL: -1.692331, Exp of Normalized LogL: 0.184090, Best Rate: 0.3
Fault: [5,1,2,3,4,5], logL: -15.230978, Exp of LogL: 0.000000, Normalized LogL: -1.692331, Exp of Normalized LogL: 0.184090, Best Rate: 0.3
Fault: [1,1,2,3,4,5], logL: -15.413581, Exp of LogL: 0.000000, Normalized LogL: -1.712620, Exp of Normalized LogL: 0.180393, Best Rate: 0.3
Fault: [0,1,2,3,4,5], logL: -17.376743, Exp of LogL: 0.000000, Normalized LogL: -1.930749, Exp of Normalized LogL: 0.145039, Best Rate: 0.3
Fault: [2,1,2,3,4,5], logL: -18.516177, Exp of LogL: 0.000000, Normalized LogL: -2.057353, Exp of Normalized LogL: 0.127792, Best Rate: 0.3

========= ADAPTIVE MC DEBUG =========
Total calls: 90
Avg tries: 177.78
Confidence stops: 90
Max stops: 0
Max stop rate: 0.000
Real Fault Rank 3
===== SEED 15 | FR=0.3 | VR=40 =====
executing with fault mode: [3,1,2,3,4,5]

executing with fault mode: [3,1,2,3,4,5]

Fault scores (higher is better):
Fault: [3,1,2,3,5,5], logL: -46.964137, Exp of LogL: 0.000000, Normalized LogL: -2.762596, Exp of Normalized LogL: 0.063128, Best Rate: 0.3
Fault: [3,1,2,3,3,5], logL: -46.964137, Exp of LogL: 0.000000, Normalized LogL: -2.762596, Exp of Normalized LogL: 0.063128, Best Rate: 0.3
Fault: [3,1,2,3,4,5], logL: -47.067978, Exp of LogL: 0.000000, Normalized LogL: -2.768705, Exp of Normalized LogL: 0.062743, Best Rate: 0.3
Fault: [3,1,2,3,2,5], logL: -47.316959, Exp of LogL: 0.000000, Normalized LogL: -2.783351, Exp of Normalized LogL: 0.061831, Best Rate: 0.3
Fault: [3,1,2,3,1,5], logL: -47.397001, Exp of LogL: 0.000000, Normalized LogL: -2.788059, Exp of Normalized LogL: 0.061541, Best Rate: 0.3
Fault: [4,1,2,3,4,5], logL: -48.116673, Exp of LogL: 0.000000, Normalized LogL: -2.830393, Exp of Normalized LogL: 0.058990, Best Rate: 0.3
Fault: [5,1,2,3,4,5], logL: -48.116673, Exp of LogL: 0.000000, Normalized LogL: -2.830393, Exp of Normalized LogL: 0.058990, Best Rate: 0.3
Fault: [1,1,2,3,4,5], logL: -49.186825, Exp of LogL: 0.000000, Normalized LogL: -2.893343, Exp of Normalized LogL: 0.055391, Best Rate: 0.3
Fault: [0,1,2,3,4,5], logL: -49.664404, Exp of LogL: 0.000000, Normalized LogL: -2.921436, Exp of Normalized LogL: 0.053856, Best Rate: 0.3
Fault: [2,1,2,3,4,5], logL: -51.143339, Exp of LogL: 0.000000, Normalized LogL: -3.008432, Exp of Normalized LogL: 0.049369, Best Rate: 0.3

========= ADAPTIVE MC DEBUG =========
Total calls: 170
Avg tries: 152.94
Confidence stops: 170
Max stops: 0
Max stop rate: 0.000
Real Fault Rank 3
===== SEED 15 | FR=0.3 | VR=60 =====
executing with fault mode: [3,1,2,3,4,5]

executing with fault mode: [3,1,2,3,4,5]

Fault scores (higher is better):
Fault: [3,1,2,3,5,5], logL: -31.253171, Exp of LogL: 0.000000, Normalized LogL: -1.250127, Exp of Normalized LogL: 0.286468, Best Rate: 0.3
Fault: [3,1,2,3,3,5], logL: -31.253171, Exp of LogL: 0.000000, Normalized LogL: -1.250127, Exp of Normalized LogL: 0.286468, Best Rate: 0.3
Fault: [3,1,2,3,4,5], logL: -31.458230, Exp of LogL: 0.000000, Normalized LogL: -1.258329, Exp of Normalized LogL: 0.284128, Best Rate: 0.3
Fault: [3,1,2,3,1,5], logL: -31.650052, Exp of LogL: 0.000000, Normalized LogL: -1.266002, Exp of Normalized LogL: 0.281957, Best Rate: 0.3
Fault: [3,1,2,3,2,5], logL: -31.702696, Exp of LogL: 0.000000, Normalized LogL: -1.268108, Exp of Normalized LogL: 0.281364, Best Rate: 0.3
Fault: [4,1,2,3,4,5], logL: -32.863531, Exp of LogL: 0.000000, Normalized LogL: -1.314541, Exp of Normalized LogL: 0.268598, Best Rate: 0.3
Fault: [5,1,2,3,4,5], logL: -32.863531, Exp of LogL: 0.000000, Normalized LogL: -1.314541, Exp of Normalized LogL: 0.268598, Best Rate: 0.3
Fault: [1,1,2,3,4,5], logL: -34.882746, Exp of LogL: 0.000000, Normalized LogL: -1.395310, Exp of Normalized LogL: 0.247756, Best Rate: 0.3
Fault: [0,1,2,3,4,5], logL: -35.257190, Exp of LogL: 0.000000, Normalized LogL: -1.410288, Exp of Normalized LogL: 0.244073, Best Rate: 0.3
Fault: [2,1,2,3,4,5], logL: -37.572966, Exp of LogL: 0.000000, Normalized LogL: -1.502919, Exp of Normalized LogL: 0.222480, Best Rate: 0.3

========= ADAPTIVE MC DEBUG =========
Total calls: 250
Avg tries: 150.00
Confidence stops: 250
Max stops: 0
Max stop rate: 0.000
Real Fault Rank 3
===== SEED 15 | FR=0.3 | VR=80 =====
executing with fault mode: [3,1,2,3,4,5]

executing with fault mode: [3,1,2,3,4,5]

Fault scores (higher is better):
Fault: [3,1,2,3,4,5], logL: -37.678719, Exp of LogL: 0.000000, Normalized LogL: -1.141779, Exp of Normalized LogL: 0.319250, Best Rate: 0.3
Fault: [3,1,2,3,2,5], logL: -38.007742, Exp of LogL: 0.000000, Normalized LogL: -1.151750, Exp of Normalized LogL: 0.316083, Best Rate: 0.3
Fault: [3,1,2,3,1,5], logL: -38.007742, Exp of LogL: 0.000000, Normalized LogL: -1.151750, Exp of Normalized LogL: 0.316083, Best Rate: 0.3
Fault: [3,1,2,3,5,5], logL: -38.007742, Exp of LogL: 0.000000, Normalized LogL: -1.151750, Exp of Normalized LogL: 0.316083, Best Rate: 0.3
Fault: [3,1,2,3,3,5], logL: -38.007742, Exp of LogL: 0.000000, Normalized LogL: -1.151750, Exp of Normalized LogL: 0.316083, Best Rate: 0.3
Fault: [1,1,2,3,4,5], logL: -39.843413, Exp of LogL: 0.000000, Normalized LogL: -1.207376, Exp of Normalized LogL: 0.298981, Best Rate: 0.3
Fault: [4,1,2,3,4,5], logL: -40.581267, Exp of LogL: 0.000000, Normalized LogL: -1.229735, Exp of Normalized LogL: 0.292370, Best Rate: 0.3
Fault: [5,1,2,3,4,5], logL: -40.581267, Exp of LogL: 0.000000, Normalized LogL: -1.229735, Exp of Normalized LogL: 0.292370, Best Rate: 0.3
Fault: [0,1,2,3,4,5], logL: -42.157471, Exp of LogL: 0.000000, Normalized LogL: -1.277499, Exp of Normalized LogL: 0.278734, Best Rate: 0.3
Fault: [2,1,2,3,4,5], logL: -43.999718, Exp of LogL: 0.000000, Normalized LogL: -1.333325, Exp of Normalized LogL: 0.263599, Best Rate: 0.3

========= ADAPTIVE MC DEBUG =========
Total calls: 330
Avg tries: 150.00
Confidence stops: 330
Max stops: 0
Max stop rate: 0.000
Real Fault Rank 1
===== SEED 15 | FR=0.3 | VR=100 =====
executing with fault mode: [3,1,2,3,4,5]

executing with fault mode: [3,1,2,3,4,5]

Fault scores (higher is better):
Fault: [3,1,2,3,4,5], logL: -41.910698, Exp of LogL: 0.000000, Normalized LogL: -0.997874, Exp of Normalized LogL: 0.368662, Best Rate: 0.3
Fault: [3,1,2,3,2,5], logL: -42.220853, Exp of LogL: 0.000000, Normalized LogL: -1.005258, Exp of Normalized LogL: 0.365950, Best Rate: 0.3
Fault: [3,1,2,3,1,5], logL: -42.220853, Exp of LogL: 0.000000, Normalized LogL: -1.005258, Exp of Normalized LogL: 0.365950, Best Rate: 0.3
Fault: [3,1,2,3,5,5], logL: -42.220853, Exp of LogL: 0.000000, Normalized LogL: -1.005258, Exp of Normalized LogL: 0.365950, Best Rate: 0.3
Fault: [3,1,2,3,3,5], logL: -42.220853, Exp of LogL: 0.000000, Normalized LogL: -1.005258, Exp of Normalized LogL: 0.365950, Best Rate: 0.3
Fault: [4,1,2,3,4,5], logL: -43.837773, Exp of LogL: 0.000000, Normalized LogL: -1.043757, Exp of Normalized LogL: 0.352129, Best Rate: 0.3
Fault: [5,1,2,3,4,5], logL: -43.837773, Exp of LogL: 0.000000, Normalized LogL: -1.043757, Exp of Normalized LogL: 0.352129, Best Rate: 0.3
Fault: [1,1,2,3,4,5], logL: -45.165079, Exp of LogL: 0.000000, Normalized LogL: -1.075359, Exp of Normalized LogL: 0.341175, Best Rate: 0.3
Fault: [0,1,2,3,4,5], logL: -45.581343, Exp of LogL: 0.000000, Normalized LogL: -1.085270, Exp of Normalized LogL: 0.337811, Best Rate: 0.3
Fault: [2,1,2,3,4,5], logL: -47.177552, Exp of LogL: 0.000000, Normalized LogL: -1.123275, Exp of Normalized LogL: 0.325213, Best Rate: 0.3

========= ADAPTIVE MC DEBUG =========
Total calls: 420
Avg tries: 150.00
Confidence stops: 420
Max stops: 0
Max stop rate: 0.000
Real Fault Rank 1
================= 22/08/2026 04:35:16: SEED 15 END =================
================= 22/08/2026 04:35:16: SEED 17 (16/100), a*=1 fault=[0,2,2,3,4,5] START =================
===== SEED 17 | FR=0.3 | VR=20 =====
executing with fault mode: [0,2,2,3,4,5]

Fault scores (higher is better):
Fault: [0,1,2,3,4,5], logL: -3.313187, Exp of LogL: 0.036400, Normalized LogL: -1.104396, Exp of Normalized LogL: 0.331411, Best Rate: 0.3
Fault: [0,2,2,3,4,5], logL: -3.767923, Exp of LogL: 0.023100, Normalized LogL: -1.255974, Exp of Normalized LogL: 0.284798, Best Rate: 0.3
Fault: [0,2,2,3,5,5], logL: -3.830443, Exp of LogL: 0.021700, Normalized LogL: -1.276814, Exp of Normalized LogL: 0.278924, Best Rate: 0.3
Fault: [0,2,2,3,3,5], logL: -3.830443, Exp of LogL: 0.021700, Normalized LogL: -1.276814, Exp of Normalized LogL: 0.278924, Best Rate: 0.3
Fault: [0,3,2,3,4,5], logL: -3.830443, Exp of LogL: 0.021700, Normalized LogL: -1.276814, Exp of Normalized LogL: 0.278924, Best Rate: 0.3
Fault: [0,5,2,3,4,5], logL: -3.863233, Exp of LogL: 0.021000, Normalized LogL: -1.287744, Exp of Normalized LogL: 0.275892, Best Rate: 0.3
Fault: [0,2,2,3,2,5], logL: -3.897134, Exp of LogL: 0.020300, Normalized LogL: -1.299045, Exp of Normalized LogL: 0.272792, Best Rate: 0.3
Fault: [0,4,2,3,4,5], logL: -3.897134, Exp of LogL: 0.020300, Normalized LogL: -1.299045, Exp of Normalized LogL: 0.272792, Best Rate: 0.3
Fault: [0,2,2,3,1,5], logL: -3.968593, Exp of LogL: 0.018900, Normalized LogL: -1.322864, Exp of Normalized LogL: 0.266371, Best Rate: 0.3
Fault: [0,0,2,3,4,5], logL: -4.045554, Exp of LogL: 0.017500, Normalized LogL: -1.348518, Exp of Normalized LogL: 0.259625, Best Rate: 0.3

========= ADAPTIVE MC DEBUG =========
Total calls: 30
Avg tries: 166.67
Confidence stops: 30
Max stops: 0
Max stop rate: 0.000
Real Fault Rank 2
===== SEED 17 | FR=0.3 | VR=40 =====
executing with fault mode: [0,2,2,3,4,5]

Fault scores (higher is better):
Fault: [0,1,2,3,4,5], logL: -4.062584, Exp of LogL: 0.017205, Normalized LogL: -0.812517, Exp of Normalized LogL: 0.443740, Best Rate: 0.3
Fault: [0,2,2,3,4,5], logL: -4.301814, Exp of LogL: 0.013544, Normalized LogL: -0.860363, Exp of Normalized LogL: 0.423009, Best Rate: 0.3
Fault: [0,5,2,3,4,5], logL: -4.357383, Exp of LogL: 0.012812, Normalized LogL: -0.871477, Exp of Normalized LogL: 0.418333, Best Rate: 0.3
Fault: [0,2,2,3,5,5], logL: -4.511534, Exp of LogL: 0.010982, Normalized LogL: -0.902307, Exp of Normalized LogL: 0.405633, Best Rate: 0.3
Fault: [0,2,2,3,3,5], logL: -4.511534, Exp of LogL: 0.010982, Normalized LogL: -0.902307, Exp of Normalized LogL: 0.405633, Best Rate: 0.3
Fault: [0,3,2,3,4,5], logL: -4.511534, Exp of LogL: 0.010982, Normalized LogL: -0.902307, Exp of Normalized LogL: 0.405633, Best Rate: 0.3
Fault: [0,4,2,3,4,5], logL: -4.511534, Exp of LogL: 0.010982, Normalized LogL: -0.902307, Exp of Normalized LogL: 0.405633, Best Rate: 0.3
Fault: [0,2,2,3,1,5], logL: -4.545436, Exp of LogL: 0.010616, Normalized LogL: -0.909087, Exp of Normalized LogL: 0.402892, Best Rate: 0.3
Fault: [0,2,2,3,2,5], logL: -4.545436, Exp of LogL: 0.010616, Normalized LogL: -0.909087, Exp of Normalized LogL: 0.402892, Best Rate: 0.3
Fault: [0,0,2,3,4,5], logL: -4.654635, Exp of LogL: 0.009517, Normalized LogL: -0.930927, Exp of Normalized LogL: 0.394188, Best Rate: 0.3

========= ADAPTIVE MC DEBUG =========
Total calls: 50
Avg tries: 160.00
Confidence stops: 50
Max stops: 0
Max stop rate: 0.000
Real Fault Rank 2
===== SEED 17 | FR=0.3 | VR=60 =====
executing with fault mode: [0,2,2,3,4,5]

Fault scores (higher is better):
Fault: [0,2,2,3,4,5], logL: -4.619634, Exp of LogL: 0.009856, Normalized LogL: -0.577454, Exp of Normalized LogL: 0.561326, Best Rate: 0.3
Fault: [0,2,2,3,1,5], logL: -5.064320, Exp of LogL: 0.006318, Normalized LogL: -0.633040, Exp of Normalized LogL: 0.530975, Best Rate: 0.3
Fault: [0,2,2,3,2,5], logL: -5.064320, Exp of LogL: 0.006318, Normalized LogL: -0.633040, Exp of Normalized LogL: 0.530975, Best Rate: 0.3
Fault: [0,2,2,3,5,5], logL: -5.064320, Exp of LogL: 0.006318, Normalized LogL: -0.633040, Exp of Normalized LogL: 0.530975, Best Rate: 0.3
Fault: [0,2,2,3,3,5], logL: -5.064320, Exp of LogL: 0.006318, Normalized LogL: -0.633040, Exp of Normalized LogL: 0.530975, Best Rate: 0.3
Fault: [0,1,2,3,4,5], logL: -5.269445, Exp of LogL: 0.005146, Normalized LogL: -0.658681, Exp of Normalized LogL: 0.517534, Best Rate: 0.3
Fault: [0,0,2,3,4,5], logL: -6.085971, Exp of LogL: 0.002275, Normalized LogL: -0.760746, Exp of Normalized LogL: 0.467317, Best Rate: 0.3
Fault: [0,3,2,3,4,5], logL: -6.181281, Exp of LogL: 0.002068, Normalized LogL: -0.772660, Exp of Normalized LogL: 0.461783, Best Rate: 0.3
Fault: [0,4,2,3,4,5], logL: -6.203754, Exp of LogL: 0.002022, Normalized LogL: -0.775469, Exp of Normalized LogL: 0.460488, Best Rate: 0.3
Fault: [0,5,2,3,4,5], logL: -6.203754, Exp of LogL: 0.002022, Normalized LogL: -0.775469, Exp of Normalized LogL: 0.460488, Best Rate: 0.3

========= ADAPTIVE MC DEBUG =========
Total calls: 80
Avg tries: 150.00
Confidence stops: 80
Max stops: 0
Max stop rate: 0.000
Real Fault Rank 1
===== SEED 17 | FR=0.3 | VR=80 =====
executing with fault mode: [0,2,2,3,4,5]

Fault scores (higher is better):
Fault: [0,2,2,3,4,5], logL: -4.540081, Exp of LogL: 0.010673, Normalized LogL: -0.454008, Exp of Normalized LogL: 0.635078, Best Rate: 0.3
Fault: [0,2,2,3,1,5], logL: -4.977295, Exp of LogL: 0.006893, Normalized LogL: -0.497729, Exp of Normalized LogL: 0.607909, Best Rate: 0.3
Fault: [0,2,2,3,2,5], logL: -4.977295, Exp of LogL: 0.006893, Normalized LogL: -0.497729, Exp of Normalized LogL: 0.607909, Best Rate: 0.3
Fault: [0,2,2,3,5,5], logL: -4.977295, Exp of LogL: 0.006893, Normalized LogL: -0.497729, Exp of Normalized LogL: 0.607909, Best Rate: 0.3
Fault: [0,2,2,3,3,5], logL: -4.977295, Exp of LogL: 0.006893, Normalized LogL: -0.497729, Exp of Normalized LogL: 0.607909, Best Rate: 0.3
Fault: [0,1,2,3,4,5], logL: -4.992066, Exp of LogL: 0.006792, Normalized LogL: -0.499207, Exp of Normalized LogL: 0.607012, Best Rate: 0.3
Fault: [0,0,2,3,4,5], logL: -5.926375, Exp of LogL: 0.002668, Normalized LogL: -0.592638, Exp of Normalized LogL: 0.552867, Best Rate: 0.3
Fault: [0,3,2,3,4,5], logL: -6.086224, Exp of LogL: 0.002274, Normalized LogL: -0.608622, Exp of Normalized LogL: 0.544100, Best Rate: 0.3
Fault: [0,4,2,3,4,5], logL: -6.108697, Exp of LogL: 0.002223, Normalized LogL: -0.610870, Exp of Normalized LogL: 0.542879, Best Rate: 0.3
Fault: [0,5,2,3,4,5], logL: -6.108697, Exp of LogL: 0.002223, Normalized LogL: -0.610870, Exp of Normalized LogL: 0.542879, Best Rate: 0.3

========= ADAPTIVE MC DEBUG =========
Total calls: 100
Avg tries: 150.00
Confidence stops: 100
Max stops: 0
Max stop rate: 0.000
Real Fault Rank 1
===== SEED 17 | FR=0.3 | VR=100 =====
executing with fault mode: [0,2,2,3,4,5]

Fault scores (higher is better):
Fault: [0,2,2,3,4,5], logL: -5.135546, Exp of LogL: 0.005884, Normalized LogL: -0.395042, Exp of Normalized LogL: 0.673652, Best Rate: 0.3
Fault: [0,1,2,3,4,5], logL: -5.469324, Exp of LogL: 0.004214, Normalized LogL: -0.420717, Exp of Normalized LogL: 0.656576, Best Rate: 0.3
Fault: [0,2,2,3,1,5], logL: -5.561213, Exp of LogL: 0.003844, Normalized LogL: -0.427786, Exp of Normalized LogL: 0.651951, Best Rate: 0.3
Fault: [0,2,2,3,2,5], logL: -5.561213, Exp of LogL: 0.003844, Normalized LogL: -0.427786, Exp of Normalized LogL: 0.651951, Best Rate: 0.3
Fault: [0,2,2,3,5,5], logL: -5.561213, Exp of LogL: 0.003844, Normalized LogL: -0.427786, Exp of Normalized LogL: 0.651951, Best Rate: 0.3
Fault: [0,2,2,3,3,5], logL: -5.561213, Exp of LogL: 0.003844, Normalized LogL: -0.427786, Exp of Normalized LogL: 0.651951, Best Rate: 0.3
Fault: [0,3,2,3,4,5], logL: -6.004425, Exp of LogL: 0.002468, Normalized LogL: -0.461879, Exp of Normalized LogL: 0.630099, Best Rate: 0.3
Fault: [0,0,2,3,4,5], logL: -6.098356, Exp of LogL: 0.002247, Normalized LogL: -0.469104, Exp of Normalized LogL: 0.625562, Best Rate: 0.3
Fault: [0,4,2,3,4,5], logL: -6.098356, Exp of LogL: 0.002247, Normalized LogL: -0.469104, Exp of Normalized LogL: 0.625562, Best Rate: 0.3
Fault: [0,5,2,3,4,5], logL: -6.098356, Exp of LogL: 0.002247, Normalized LogL: -0.469104, Exp of Normalized LogL: 0.625562, Best Rate: 0.3

========= ADAPTIVE MC DEBUG =========
Total calls: 130
Avg tries: 150.00
Confidence stops: 130
Max stops: 0
Max stop rate: 0.000
Real Fault Rank 1
================= 22/08/2026 04:35:26: SEED 17 END =================
================= 22/08/2026 04:35:26: SEED 18 (17/100), a*=2 fault=[0,1,4,3,4,5] START =================
===== SEED 18 | FR=0.3 | VR=20 =====
executing with fault mode: [0,1,4,3,4,5]

Fault scores (higher is better):
Fault: [0,1,4,3,5,5], logL: -12.574155, Exp of LogL: 0.000003, Normalized LogL: -1.796308, Exp of Normalized LogL: 0.165910, Best Rate: 0.3
Fault: [0,1,4,3,0,5], logL: -12.574155, Exp of LogL: 0.000003, Normalized LogL: -1.796308, Exp of Normalized LogL: 0.165910, Best Rate: 0.3
Fault: [0,1,4,3,2,5], logL: -12.574155, Exp of LogL: 0.000003, Normalized LogL: -1.796308, Exp of Normalized LogL: 0.165910, Best Rate: 0.3
Fault: [0,1,4,3,3,5], logL: -12.574155, Exp of LogL: 0.000003, Normalized LogL: -1.796308, Exp of Normalized LogL: 0.165910, Best Rate: 0.3
Fault: [0,1,1,3,4,5], logL: -12.586045, Exp of LogL: 0.000003, Normalized LogL: -1.798006, Exp of Normalized LogL: 0.165629, Best Rate: 0.3
Fault: [0,1,2,3,4,5], logL: -13.010772, Exp of LogL: 0.000002, Normalized LogL: -1.858682, Exp of Normalized LogL: 0.155878, Best Rate: 0.3
Fault: [0,1,3,3,4,5], logL: -13.062279, Exp of LogL: 0.000002, Normalized LogL: -1.866040, Exp of Normalized LogL: 0.154735, Best Rate: 0.3
Fault: [0,1,5,3,4,5], logL: -13.321790, Exp of LogL: 0.000002, Normalized LogL: -1.903113, Exp of Normalized LogL: 0.149104, Best Rate: 0.3
Fault: [0,1,4,3,4,5], logL: -13.321790, Exp of LogL: 0.000002, Normalized LogL: -1.903113, Exp of Normalized LogL: 0.149104, Best Rate: 0.3
Fault: [0,1,0,3,4,5], logL: -14.093500, Exp of LogL: 0.000001, Normalized LogL: -2.013357, Exp of Normalized LogL: 0.133540, Best Rate: 0.3

========= ADAPTIVE MC DEBUG =========
Total calls: 70
Avg tries: 164.29
Confidence stops: 70
Max stops: 0
Max stop rate: 0.000
Real Fault Rank 9
===== SEED 18 | FR=0.3 | VR=40 =====
executing with fault mode: [0,1,4,3,4,5]

Fault scores (higher is better):
Fault: [0,1,1,3,4,5], logL: -14.736486, Exp of LogL: 0.000000, Normalized LogL: -1.133576, Exp of Normalized LogL: 0.321880, Best Rate: 0.3
Fault: [0,1,4,3,5,5], logL: -15.138360, Exp of LogL: 0.000000, Normalized LogL: -1.164489, Exp of Normalized LogL: 0.312082, Best Rate: 0.3
Fault: [0,1,4,3,0,5], logL: -15.138360, Exp of LogL: 0.000000, Normalized LogL: -1.164489, Exp of Normalized LogL: 0.312082, Best Rate: 0.3
Fault: [0,1,4,3,2,5], logL: -15.138360, Exp of LogL: 0.000000, Normalized LogL: -1.164489, Exp of Normalized LogL: 0.312082, Best Rate: 0.3
Fault: [0,1,4,3,3,5], logL: -15.138360, Exp of LogL: 0.000000, Normalized LogL: -1.164489, Exp of Normalized LogL: 0.312082, Best Rate: 0.3
Fault: [0,1,2,3,4,5], logL: -15.179562, Exp of LogL: 0.000000, Normalized LogL: -1.167659, Exp of Normalized LogL: 0.311094, Best Rate: 0.3
Fault: [0,1,3,3,4,5], logL: -15.231069, Exp of LogL: 0.000000, Normalized LogL: -1.171621, Exp of Normalized LogL: 0.309864, Best Rate: 0.3
Fault: [0,1,5,3,4,5], logL: -15.385220, Exp of LogL: 0.000000, Normalized LogL: -1.183478, Exp of Normalized LogL: 0.306212, Best Rate: 0.3
Fault: [0,1,4,3,4,5], logL: -15.385220, Exp of LogL: 0.000000, Normalized LogL: -1.183478, Exp of Normalized LogL: 0.306212, Best Rate: 0.3
Fault: [0,1,0,3,4,5], logL: -16.444612, Exp of LogL: 0.000000, Normalized LogL: -1.264970, Exp of Normalized LogL: 0.282248, Best Rate: 0.3

========= ADAPTIVE MC DEBUG =========
Total calls: 130
Avg tries: 153.85
Confidence stops: 130
Max stops: 0
Max stop rate: 0.000
Real Fault Rank 9
===== SEED 18 | FR=0.3 | VR=60 =====
executing with fault mode: [0,1,4,3,4,5]

Fault scores (higher is better):
Fault: [0,1,5,3,4,5], logL: -19.693881, Exp of LogL: 0.000000, Normalized LogL: -1.036520, Exp of Normalized LogL: 0.354687, Best Rate: 0.3
Fault: [0,1,4,3,4,5], logL: -19.693881, Exp of LogL: 0.000000, Normalized LogL: -1.036520, Exp of Normalized LogL: 0.354687, Best Rate: 0.3
Fault: [0,1,4,3,5,5], logL: -20.079543, Exp of LogL: 0.000000, Normalized LogL: -1.056818, Exp of Normalized LogL: 0.347560, Best Rate: 0.3
Fault: [0,1,4,3,0,5], logL: -20.079543, Exp of LogL: 0.000000, Normalized LogL: -1.056818, Exp of Normalized LogL: 0.347560, Best Rate: 0.3
Fault: [0,1,4,3,2,5], logL: -20.079543, Exp of LogL: 0.000000, Normalized LogL: -1.056818, Exp of Normalized LogL: 0.347560, Best Rate: 0.3
Fault: [0,1,4,3,3,5], logL: -20.079543, Exp of LogL: 0.000000, Normalized LogL: -1.056818, Exp of Normalized LogL: 0.347560, Best Rate: 0.3
Fault: [0,1,2,3,4,5], logL: -20.135602, Exp of LogL: 0.000000, Normalized LogL: -1.059769, Exp of Normalized LogL: 0.346536, Best Rate: 0.3
Fault: [0,1,1,3,4,5], logL: -43.438780, Exp of LogL: 0.000000, Normalized LogL: -2.286252, Exp of Normalized LogL: 0.101647, Best Rate: 0.3
Fault: [0,1,3,3,4,5], logL: -43.951876, Exp of LogL: 0.000000, Normalized LogL: -2.313257, Exp of Normalized LogL: 0.098939, Best Rate: 0.3
Fault: [0,1,0,3,4,5], logL: -44.913090, Exp of LogL: 0.000000, Normalized LogL: -2.363847, Exp of Normalized LogL: 0.094058, Best Rate: 0.3

========= ADAPTIVE MC DEBUG =========
Total calls: 190
Avg tries: 150.00
Confidence stops: 190
Max stops: 0
Max stop rate: 0.000
Real Fault Rank 2
===== SEED 18 | FR=0.3 | VR=80 =====
executing with fault mode: [0,1,4,3,4,5]

Fault scores (higher is better):
Fault: [0,1,5,3,4,5], logL: -26.222567, Exp of LogL: 0.000000, Normalized LogL: -1.048903, Exp of Normalized LogL: 0.350322, Best Rate: 0.3
Fault: [0,1,4,3,4,5], logL: -26.222567, Exp of LogL: 0.000000, Normalized LogL: -1.048903, Exp of Normalized LogL: 0.350322, Best Rate: 0.3
Fault: [0,1,4,3,5,5], logL: -26.608229, Exp of LogL: 0.000000, Normalized LogL: -1.064329, Exp of Normalized LogL: 0.344959, Best Rate: 0.3
Fault: [0,1,4,3,0,5], logL: -26.608229, Exp of LogL: 0.000000, Normalized LogL: -1.064329, Exp of Normalized LogL: 0.344959, Best Rate: 0.3
Fault: [0,1,4,3,2,5], logL: -26.608229, Exp of LogL: 0.000000, Normalized LogL: -1.064329, Exp of Normalized LogL: 0.344959, Best Rate: 0.3
Fault: [0,1,4,3,3,5], logL: -26.608229, Exp of LogL: 0.000000, Normalized LogL: -1.064329, Exp of Normalized LogL: 0.344959, Best Rate: 0.3
Fault: [0,1,3,3,4,5], logL: -50.316258, Exp of LogL: 0.000000, Normalized LogL: -2.012650, Exp of Normalized LogL: 0.133634, Best Rate: 0.3
Fault: [0,1,1,3,4,5], logL: -52.166561, Exp of LogL: 0.000000, Normalized LogL: -2.086662, Exp of Normalized LogL: 0.124101, Best Rate: 0.3
Fault: [0,1,0,3,4,5], logL: -55.133641, Exp of LogL: 0.000000, Normalized LogL: -2.205346, Exp of Normalized LogL: 0.110212, Best Rate: 0.3
Fault: [0,1,2,3,4,5], logL: -76.423945, Exp of LogL: 0.000000, Normalized LogL: -3.056958, Exp of Normalized LogL: 0.047031, Best Rate: 0.3

========= ADAPTIVE MC DEBUG =========
Total calls: 250
Avg tries: 150.00
Confidence stops: 250
Max stops: 0
Max stop rate: 0.000
Real Fault Rank 2
===== SEED 18 | FR=0.3 | VR=100 =====
executing with fault mode: [0,1,4,3,4,5]

Fault scores (higher is better):
Fault: [0,1,5,3,4,5], logL: -28.240503, Exp of LogL: 0.000000, Normalized LogL: -0.910984, Exp of Normalized LogL: 0.402128, Best Rate: 0.3
Fault: [0,1,4,3,4,5], logL: -28.240503, Exp of LogL: 0.000000, Normalized LogL: -0.910984, Exp of Normalized LogL: 0.402128, Best Rate: 0.3
Fault: [0,1,4,3,5,5], logL: -28.626166, Exp of LogL: 0.000000, Normalized LogL: -0.923425, Exp of Normalized LogL: 0.397157, Best Rate: 0.3
Fault: [0,1,4,3,0,5], logL: -28.626166, Exp of LogL: 0.000000, Normalized LogL: -0.923425, Exp of Normalized LogL: 0.397157, Best Rate: 0.3
Fault: [0,1,4,3,2,5], logL: -28.626166, Exp of LogL: 0.000000, Normalized LogL: -0.923425, Exp of Normalized LogL: 0.397157, Best Rate: 0.3
Fault: [0,1,4,3,3,5], logL: -28.626166, Exp of LogL: 0.000000, Normalized LogL: -0.923425, Exp of Normalized LogL: 0.397157, Best Rate: 0.3
Fault: [0,1,3,3,4,5], logL: -53.992423, Exp of LogL: 0.000000, Normalized LogL: -1.741691, Exp of Normalized LogL: 0.175224, Best Rate: 0.3
Fault: [0,1,1,3,4,5], logL: -56.337534, Exp of LogL: 0.000000, Normalized LogL: -1.817340, Exp of Normalized LogL: 0.162457, Best Rate: 0.3
Fault: [0,1,0,3,4,5], logL: -59.262576, Exp of LogL: 0.000000, Normalized LogL: -1.911696, Exp of Normalized LogL: 0.147829, Best Rate: 0.3
Fault: [0,1,2,3,4,5], logL: -105.883084, Exp of LogL: 0.000000, Normalized LogL: -3.415583, Exp of Normalized LogL: 0.032857, Best Rate: 0.3

========= ADAPTIVE MC DEBUG =========
Total calls: 310
Avg tries: 150.00
Confidence stops: 310
Max stops: 0
Max stop rate: 0.000
Real Fault Rank 2
================= 22/08/2026 04:35:51: SEED 18 END =================
================= 22/08/2026 04:35:51: SEED 19 (18/100), a*=0 fault=[5,1,2,3,4,5] START =================
===== SEED 19 | FR=0.3 | VR=20 =====
executing with fault mode: [5,1,2,3,4,5]

executing with fault mode: [5,1,2,3,4,5]

Fault scores (higher is better):
Fault: [3,1,2,3,4,5], logL: -8.284099, Exp of LogL: 0.000253, Normalized LogL: -2.071025, Exp of Normalized LogL: 0.126057, Best Rate: 0.3
Fault: [5,1,2,4,4,5], logL: -8.302037, Exp of LogL: 0.000248, Normalized LogL: -2.075509, Exp of Normalized LogL: 0.125493, Best Rate: 0.3
Fault: [4,1,2,3,4,5], logL: -8.353092, Exp of LogL: 0.000236, Normalized LogL: -2.088273, Exp of Normalized LogL: 0.123901, Best Rate: 0.3
Fault: [5,1,2,3,4,5], logL: -8.353092, Exp of LogL: 0.000236, Normalized LogL: -2.088273, Exp of Normalized LogL: 0.123901, Best Rate: 0.3
Fault: [0,1,2,3,4,5], logL: -8.382080, Exp of LogL: 0.000229, Normalized LogL: -2.095520, Exp of Normalized LogL: 0.123006, Best Rate: 0.3
Fault: [5,1,2,0,4,5], logL: -8.496193, Exp of LogL: 0.000204, Normalized LogL: -2.124048, Exp of Normalized LogL: 0.119547, Best Rate: 0.3
Fault: [5,1,2,1,4,5], logL: -8.570301, Exp of LogL: 0.000190, Normalized LogL: -2.142575, Exp of Normalized LogL: 0.117352, Best Rate: 0.3
Fault: [5,1,2,2,4,5], logL: -8.609522, Exp of LogL: 0.000182, Normalized LogL: -2.152380, Exp of Normalized LogL: 0.116207, Best Rate: 0.3
Fault: [1,1,2,3,4,5], logL: -9.557065, Exp of LogL: 0.000071, Normalized LogL: -2.389266, Exp of Normalized LogL: 0.091697, Best Rate: 0.3
Fault: [2,1,2,3,4,5], logL: -9.614223, Exp of LogL: 0.000067, Normalized LogL: -2.403556, Exp of Normalized LogL: 0.090396, Best Rate: 0.3

========= ADAPTIVE MC DEBUG =========
Total calls: 40
Avg tries: 175.00
Confidence stops: 40
Max stops: 0
Max stop rate: 0.000
Real Fault Rank 4
===== SEED 19 | FR=0.3 | VR=40 =====
executing with fault mode: [5,1,2,3,4,5]

executing with fault mode: [5,1,2,3,4,5]

Fault scores (higher is better):
Fault: [3,1,2,3,4,5], logL: -9.821474, Exp of LogL: 0.000054, Normalized LogL: -1.227684, Exp of Normalized LogL: 0.292970, Best Rate: 0.3
Fault: [4,1,2,3,4,5], logL: -9.890466, Exp of LogL: 0.000051, Normalized LogL: -1.236308, Exp of Normalized LogL: 0.290455, Best Rate: 0.3
Fault: [5,1,2,3,4,5], logL: -9.890466, Exp of LogL: 0.000051, Normalized LogL: -1.236308, Exp of Normalized LogL: 0.290455, Best Rate: 0.3
Fault: [5,1,2,0,4,5], logL: -10.100376, Exp of LogL: 0.000041, Normalized LogL: -1.262547, Exp of Normalized LogL: 0.282932, Best Rate: 0.3
Fault: [5,1,2,1,4,5], logL: -10.118725, Exp of LogL: 0.000040, Normalized LogL: -1.264841, Exp of Normalized LogL: 0.282284, Best Rate: 0.3
Fault: [5,1,2,4,4,5], logL: -10.156465, Exp of LogL: 0.000039, Normalized LogL: -1.269558, Exp of Normalized LogL: 0.280956, Best Rate: 0.3
Fault: [5,1,2,2,4,5], logL: -10.156465, Exp of LogL: 0.000039, Normalized LogL: -1.269558, Exp of Normalized LogL: 0.280956, Best Rate: 0.3
Fault: [0,1,2,3,4,5], logL: -10.548075, Exp of LogL: 0.000026, Normalized LogL: -1.318509, Exp of Normalized LogL: 0.267534, Best Rate: 0.3
Fault: [1,1,2,3,4,5], logL: -11.558173, Exp of LogL: 0.000010, Normalized LogL: -1.444772, Exp of Normalized LogL: 0.235800, Best Rate: 0.3
Fault: [2,1,2,3,4,5], logL: -11.793896, Exp of LogL: 0.000008, Normalized LogL: -1.474237, Exp of Normalized LogL: 0.228953, Best Rate: 0.3

========= ADAPTIVE MC DEBUG =========
Total calls: 80
Avg tries: 156.25
Confidence stops: 80
Max stops: 0
Max stop rate: 0.000
Real Fault Rank 3
===== SEED 19 | FR=0.3 | VR=60 =====
executing with fault mode: [5,1,2,3,4,5]

executing with fault mode: [5,1,2,3,4,5]

Fault scores (higher is better):
Fault: [4,1,2,3,4,5], logL: -9.284661, Exp of LogL: 0.000093, Normalized LogL: -0.844060, Exp of Normalized LogL: 0.429961, Best Rate: 0.3
Fault: [5,1,2,3,4,5], logL: -9.284661, Exp of LogL: 0.000093, Normalized LogL: -0.844060, Exp of Normalized LogL: 0.429961, Best Rate: 0.3
Fault: [5,1,2,0,4,5], logL: -9.420463, Exp of LogL: 0.000081, Normalized LogL: -0.856406, Exp of Normalized LogL: 0.424686, Best Rate: 0.3
Fault: [5,1,2,1,4,5], logL: -9.438812, Exp of LogL: 0.000080, Normalized LogL: -0.858074, Exp of Normalized LogL: 0.423978, Best Rate: 0.3
Fault: [5,1,2,4,4,5], logL: -9.476552, Exp of LogL: 0.000077, Normalized LogL: -0.861505, Exp of Normalized LogL: 0.422526, Best Rate: 0.3
Fault: [5,1,2,2,4,5], logL: -9.476552, Exp of LogL: 0.000077, Normalized LogL: -0.861505, Exp of Normalized LogL: 0.422526, Best Rate: 0.3
Fault: [3,1,2,3,4,5], logL: -9.525823, Exp of LogL: 0.000073, Normalized LogL: -0.865984, Exp of Normalized LogL: 0.420637, Best Rate: 0.3
Fault: [0,1,2,3,4,5], logL: -10.530628, Exp of LogL: 0.000027, Normalized LogL: -0.957330, Exp of Normalized LogL: 0.383917, Best Rate: 0.3
Fault: [1,1,2,3,4,5], logL: -11.511984, Exp of LogL: 0.000010, Normalized LogL: -1.046544, Exp of Normalized LogL: 0.351149, Best Rate: 0.3
Fault: [2,1,2,3,4,5], logL: -12.137667, Exp of LogL: 0.000005, Normalized LogL: -1.103424, Exp of Normalized LogL: 0.331733, Best Rate: 0.3

========= ADAPTIVE MC DEBUG =========
Total calls: 110
Avg tries: 150.00
Confidence stops: 110
Max stops: 0
Max stop rate: 0.000
Real Fault Rank 2
===== SEED 19 | FR=0.3 | VR=80 =====
executing with fault mode: [5,1,2,3,4,5]

executing with fault mode: [5,1,2,3,4,5]

Fault scores (higher is better):
Fault: [4,1,2,3,4,5], logL: -11.097894, Exp of LogL: 0.000015, Normalized LogL: -0.739860, Exp of Normalized LogL: 0.477181, Best Rate: 0.3
Fault: [5,1,2,3,4,5], logL: -11.097894, Exp of LogL: 0.000015, Normalized LogL: -0.739860, Exp of Normalized LogL: 0.477181, Best Rate: 0.3
Fault: [5,1,2,0,4,5], logL: -11.263218, Exp of LogL: 0.000013, Normalized LogL: -0.750881, Exp of Normalized LogL: 0.471950, Best Rate: 0.3
Fault: [5,1,2,1,4,5], logL: -11.309203, Exp of LogL: 0.000012, Normalized LogL: -0.753947, Exp of Normalized LogL: 0.470506, Best Rate: 0.3
Fault: [5,1,2,4,4,5], logL: -11.395146, Exp of LogL: 0.000011, Normalized LogL: -0.759676, Exp of Normalized LogL: 0.467818, Best Rate: 0.3
Fault: [5,1,2,2,4,5], logL: -11.395146, Exp of LogL: 0.000011, Normalized LogL: -0.759676, Exp of Normalized LogL: 0.467818, Best Rate: 0.3
Fault: [3,1,2,3,4,5], logL: -12.029452, Exp of LogL: 0.000006, Normalized LogL: -0.801963, Exp of Normalized LogL: 0.448448, Best Rate: 0.3
Fault: [0,1,2,3,4,5], logL: -12.913630, Exp of LogL: 0.000002, Normalized LogL: -0.860909, Exp of Normalized LogL: 0.422778, Best Rate: 0.3
Fault: [1,1,2,3,4,5], logL: -14.470349, Exp of LogL: 0.000001, Normalized LogL: -0.964690, Exp of Normalized LogL: 0.381101, Best Rate: 0.3
Fault: [2,1,2,3,4,5], logL: -14.626029, Exp of LogL: 0.000000, Normalized LogL: -0.975069, Exp of Normalized LogL: 0.377166, Best Rate: 0.3

========= ADAPTIVE MC DEBUG =========
Total calls: 150
Avg tries: 150.00
Confidence stops: 150
Max stops: 0
Max stop rate: 0.000
Real Fault Rank 2
===== SEED 19 | FR=0.3 | VR=100 =====
executing with fault mode: [5,1,2,3,4,5]

executing with fault mode: [5,1,2,3,4,5]

Fault scores (higher is better):
Fault: [3,1,2,3,4,5], logL: -11.507173, Exp of LogL: 0.000010, Normalized LogL: -0.605641, Exp of Normalized LogL: 0.545725, Best Rate: 0.3
Fault: [4,1,2,3,4,5], logL: -11.553158, Exp of LogL: 0.000010, Normalized LogL: -0.608061, Exp of Normalized LogL: 0.544405, Best Rate: 0.3
Fault: [5,1,2,3,4,5], logL: -11.553158, Exp of LogL: 0.000010, Normalized LogL: -0.608061, Exp of Normalized LogL: 0.544405, Best Rate: 0.3
Fault: [5,1,2,0,4,5], logL: -11.718482, Exp of LogL: 0.000008, Normalized LogL: -0.616762, Exp of Normalized LogL: 0.539689, Best Rate: 0.3
Fault: [5,1,2,1,4,5], logL: -11.764467, Exp of LogL: 0.000008, Normalized LogL: -0.619182, Exp of Normalized LogL: 0.538384, Best Rate: 0.3
Fault: [5,1,2,4,4,5], logL: -11.850410, Exp of LogL: 0.000007, Normalized LogL: -0.623706, Exp of Normalized LogL: 0.535955, Best Rate: 0.3
Fault: [5,1,2,2,4,5], logL: -11.850410, Exp of LogL: 0.000007, Normalized LogL: -0.623706, Exp of Normalized LogL: 0.535955, Best Rate: 0.3
Fault: [0,1,2,3,4,5], logL: -12.356415, Exp of LogL: 0.000004, Normalized LogL: -0.650338, Exp of Normalized LogL: 0.521870, Best Rate: 0.3
Fault: [1,1,2,3,4,5], logL: -13.787971, Exp of LogL: 0.000001, Normalized LogL: -0.725683, Exp of Normalized LogL: 0.483994, Best Rate: 0.3
Fault: [2,1,2,3,4,5], logL: -14.203048, Exp of LogL: 0.000001, Normalized LogL: -0.747529, Exp of Normalized LogL: 0.473535, Best Rate: 0.3

========= ADAPTIVE MC DEBUG =========
Total calls: 190
Avg tries: 150.00
Confidence stops: 190
Max stops: 0
Max stop rate: 0.000
Real Fault Rank 3
================= 22/08/2026 04:36:07: SEED 19 END =================
================= 22/08/2026 04:36:07: SEED 20 (19/100), a*=2 fault=[0,1,3,3,4,5] START =================
===== SEED 20 | FR=0.3 | VR=20 =====
executing with fault mode: [0,1,3,3,4,5]

Fault scores (higher is better):
Fault: [0,1,0,3,4,5], logL: -7.538867, Exp of LogL: 0.000532, Normalized LogL: -1.884717, Exp of Normalized LogL: 0.151872, Best Rate: 0.3
Fault: [0,1,5,3,4,5], logL: -7.684719, Exp of LogL: 0.000460, Normalized LogL: -1.921180, Exp of Normalized LogL: 0.146434, Best Rate: 0.3
Fault: [0,1,4,3,4,5], logL: -7.684719, Exp of LogL: 0.000460, Normalized LogL: -1.921180, Exp of Normalized LogL: 0.146434, Best Rate: 0.3
Fault: [0,1,3,3,4,5], logL: -7.780029, Exp of LogL: 0.000418, Normalized LogL: -1.945007, Exp of Normalized LogL: 0.142986, Best Rate: 0.3
Fault: [0,1,3,0,4,5], logL: -7.817769, Exp of LogL: 0.000403, Normalized LogL: -1.954442, Exp of Normalized LogL: 0.141643, Best Rate: 0.3
Fault: [0,1,3,2,4,5], logL: -7.897812, Exp of LogL: 0.000372, Normalized LogL: -1.974453, Exp of Normalized LogL: 0.138837, Best Rate: 0.3
Fault: [0,1,3,5,4,5], logL: -7.897812, Exp of LogL: 0.000372, Normalized LogL: -1.974453, Exp of Normalized LogL: 0.138837, Best Rate: 0.3
Fault: [0,1,3,4,4,5], logL: -7.897812, Exp of LogL: 0.000372, Normalized LogL: -1.974453, Exp of Normalized LogL: 0.138837, Best Rate: 0.3
Fault: [0,1,1,3,4,5], logL: -8.149776, Exp of LogL: 0.000289, Normalized LogL: -2.037444, Exp of Normalized LogL: 0.130361, Best Rate: 0.3
Fault: [0,1,2,3,4,5], logL: -8.203843, Exp of LogL: 0.000274, Normalized LogL: -2.050961, Exp of Normalized LogL: 0.128611, Best Rate: 0.3

========= ADAPTIVE MC DEBUG =========
Total calls: 40
Avg tries: 162.50
Confidence stops: 40
Max stops: 0
Max stop rate: 0.000
Real Fault Rank 4
===== SEED 20 | FR=0.3 | VR=40 =====
executing with fault mode: [0,1,3,3,4,5]

Fault scores (higher is better):
Fault: [0,1,1,3,4,5], logL: -12.085482, Exp of LogL: 0.000006, Normalized LogL: -1.510685, Exp of Normalized LogL: 0.220759, Best Rate: 0.3
Fault: [0,1,2,3,4,5], logL: -13.022636, Exp of LogL: 0.000002, Normalized LogL: -1.627830, Exp of Normalized LogL: 0.196355, Best Rate: 0.3
Fault: [0,1,0,3,4,5], logL: -13.520567, Exp of LogL: 0.000001, Normalized LogL: -1.690071, Exp of Normalized LogL: 0.184506, Best Rate: 0.3
Fault: [0,1,5,3,4,5], logL: -13.558788, Exp of LogL: 0.000001, Normalized LogL: -1.694848, Exp of Normalized LogL: 0.183627, Best Rate: 0.3
Fault: [0,1,4,3,4,5], logL: -13.558788, Exp of LogL: 0.000001, Normalized LogL: -1.694848, Exp of Normalized LogL: 0.183627, Best Rate: 0.3
Fault: [0,1,3,2,4,5], logL: -13.654098, Exp of LogL: 0.000001, Normalized LogL: -1.706762, Exp of Normalized LogL: 0.181452, Best Rate: 0.3
Fault: [0,1,3,3,4,5], logL: -13.654098, Exp of LogL: 0.000001, Normalized LogL: -1.706762, Exp of Normalized LogL: 0.181452, Best Rate: 0.3
Fault: [0,1,3,5,4,5], logL: -13.654098, Exp of LogL: 0.000001, Normalized LogL: -1.706762, Exp of Normalized LogL: 0.181452, Best Rate: 0.3
Fault: [0,1,3,0,4,5], logL: -13.654098, Exp of LogL: 0.000001, Normalized LogL: -1.706762, Exp of Normalized LogL: 0.181452, Best Rate: 0.3
Fault: [0,1,3,4,4,5], logL: -13.654098, Exp of LogL: 0.000001, Normalized LogL: -1.706762, Exp of Normalized LogL: 0.181452, Best Rate: 0.3

========= ADAPTIVE MC DEBUG =========
Total calls: 80
Avg tries: 156.25
Confidence stops: 80
Max stops: 0
Max stop rate: 0.000
Real Fault Rank 7
===== SEED 20 | FR=0.3 | VR=60 =====
executing with fault mode: [0,1,3,3,4,5]

Fault scores (higher is better):
Fault: [0,1,2,3,4,5], logL: -17.383799, Exp of LogL: 0.000000, Normalized LogL: -1.580345, Exp of Normalized LogL: 0.205904, Best Rate: 0.3
Fault: [0,1,0,3,4,5], logL: -17.958919, Exp of LogL: 0.000000, Normalized LogL: -1.632629, Exp of Normalized LogL: 0.195415, Best Rate: 0.3
Fault: [0,1,3,2,4,5], logL: -18.169412, Exp of LogL: 0.000000, Normalized LogL: -1.651765, Exp of Normalized LogL: 0.191711, Best Rate: 0.3
Fault: [0,1,3,3,4,5], logL: -18.169412, Exp of LogL: 0.000000, Normalized LogL: -1.651765, Exp of Normalized LogL: 0.191711, Best Rate: 0.3
Fault: [0,1,3,5,4,5], logL: -18.169412, Exp of LogL: 0.000000, Normalized LogL: -1.651765, Exp of Normalized LogL: 0.191711, Best Rate: 0.3
Fault: [0,1,3,0,4,5], logL: -18.169412, Exp of LogL: 0.000000, Normalized LogL: -1.651765, Exp of Normalized LogL: 0.191711, Best Rate: 0.3
Fault: [0,1,3,4,4,5], logL: -18.169412, Exp of LogL: 0.000000, Normalized LogL: -1.651765, Exp of Normalized LogL: 0.191711, Best Rate: 0.3
Fault: [0,1,1,3,4,5], logL: -18.773328, Exp of LogL: 0.000000, Normalized LogL: -1.706666, Exp of Normalized LogL: 0.181470, Best Rate: 0.3
Fault: [0,1,5,3,4,5], logL: -19.738028, Exp of LogL: 0.000000, Normalized LogL: -1.794366, Exp of Normalized LogL: 0.166233, Best Rate: 0.3
Fault: [0,1,4,3,4,5], logL: -19.738028, Exp of LogL: 0.000000, Normalized LogL: -1.794366, Exp of Normalized LogL: 0.166233, Best Rate: 0.3

========= ADAPTIVE MC DEBUG =========
Total calls: 110
Avg tries: 150.00
Confidence stops: 110
Max stops: 0
Max stop rate: 0.000
Real Fault Rank 4
===== SEED 20 | FR=0.3 | VR=80 =====
executing with fault mode: [0,1,3,3,4,5]

Fault scores (higher is better):
Fault: [0,1,3,2,4,5], logL: -18.330225, Exp of LogL: 0.000000, Normalized LogL: -1.222015, Exp of Normalized LogL: 0.294636, Best Rate: 0.3
Fault: [0,1,3,3,4,5], logL: -18.330225, Exp of LogL: 0.000000, Normalized LogL: -1.222015, Exp of Normalized LogL: 0.294636, Best Rate: 0.3
Fault: [0,1,3,5,4,5], logL: -18.330225, Exp of LogL: 0.000000, Normalized LogL: -1.222015, Exp of Normalized LogL: 0.294636, Best Rate: 0.3
Fault: [0,1,3,0,4,5], logL: -18.330225, Exp of LogL: 0.000000, Normalized LogL: -1.222015, Exp of Normalized LogL: 0.294636, Best Rate: 0.3
Fault: [0,1,3,4,4,5], logL: -18.330225, Exp of LogL: 0.000000, Normalized LogL: -1.222015, Exp of Normalized LogL: 0.294636, Best Rate: 0.3
Fault: [0,1,0,3,4,5], logL: -19.315584, Exp of LogL: 0.000000, Normalized LogL: -1.287706, Exp of Normalized LogL: 0.275903, Best Rate: 0.3
Fault: [0,1,1,3,4,5], logL: -19.413231, Exp of LogL: 0.000000, Normalized LogL: -1.294215, Exp of Normalized LogL: 0.274113, Best Rate: 0.3
Fault: [0,1,2,3,4,5], logL: -42.860930, Exp of LogL: 0.000000, Normalized LogL: -2.857395, Exp of Normalized LogL: 0.057418, Best Rate: 0.3
Fault: [0,1,5,3,4,5], logL: -44.886351, Exp of LogL: 0.000000, Normalized LogL: -2.992423, Exp of Normalized LogL: 0.050166, Best Rate: 0.3
Fault: [0,1,4,3,4,5], logL: -44.886351, Exp of LogL: 0.000000, Normalized LogL: -2.992423, Exp of Normalized LogL: 0.050166, Best Rate: 0.3

========= ADAPTIVE MC DEBUG =========
Total calls: 150
Avg tries: 150.00
Confidence stops: 150
Max stops: 0
Max stop rate: 0.000
Real Fault Rank 2
===== SEED 20 | FR=0.3 | VR=100 =====
executing with fault mode: [0,1,3,3,4,5]

Fault scores (higher is better):
Fault: [0,1,3,2,4,5], logL: -19.359084, Exp of LogL: 0.000000, Normalized LogL: -1.018899, Exp of Normalized LogL: 0.360992, Best Rate: 0.3
Fault: [0,1,3,3,4,5], logL: -19.359084, Exp of LogL: 0.000000, Normalized LogL: -1.018899, Exp of Normalized LogL: 0.360992, Best Rate: 0.3
Fault: [0,1,3,5,4,5], logL: -19.359084, Exp of LogL: 0.000000, Normalized LogL: -1.018899, Exp of Normalized LogL: 0.360992, Best Rate: 0.3
Fault: [0,1,3,0,4,5], logL: -19.359084, Exp of LogL: 0.000000, Normalized LogL: -1.018899, Exp of Normalized LogL: 0.360992, Best Rate: 0.3
Fault: [0,1,3,4,4,5], logL: -19.359084, Exp of LogL: 0.000000, Normalized LogL: -1.018899, Exp of Normalized LogL: 0.360992, Best Rate: 0.3
Fault: [0,1,1,3,4,5], logL: -20.246334, Exp of LogL: 0.000000, Normalized LogL: -1.065597, Exp of Normalized LogL: 0.344522, Best Rate: 0.3
Fault: [0,1,0,3,4,5], logL: -20.759419, Exp of LogL: 0.000000, Normalized LogL: -1.092601, Exp of Normalized LogL: 0.335343, Best Rate: 0.3
Fault: [0,1,5,3,4,5], logL: -45.850671, Exp of LogL: 0.000000, Normalized LogL: -2.413193, Exp of Normalized LogL: 0.089529, Best Rate: 0.3
Fault: [0,1,4,3,4,5], logL: -45.850671, Exp of LogL: 0.000000, Normalized LogL: -2.413193, Exp of Normalized LogL: 0.089529, Best Rate: 0.3
Fault: [0,1,2,3,4,5], logL: -69.443499, Exp of LogL: 0.000000, Normalized LogL: -3.654921, Exp of Normalized LogL: 0.025864, Best Rate: 0.3

========= ADAPTIVE MC DEBUG =========
Total calls: 190
Avg tries: 150.00
Confidence stops: 190
Max stops: 0
Max stop rate: 0.000
Real Fault Rank 2
================= 22/08/2026 04:36:22: SEED 20 END =================
================= 22/08/2026 04:36:22: SEED 21 (20/100), a*=1 fault=[0,4,2,3,4,5] START =================
===== SEED 21 | FR=0.3 | VR=20 =====
executing with fault mode: [0,4,2,3,4,5]

executing with fault mode: [0,4,2,3,4,5]

Fault scores (higher is better):
Fault: [0,4,2,3,3,5], logL: -4.127786, Exp of LogL: 0.016119, Normalized LogL: -1.375929, Exp of Normalized LogL: 0.252605, Best Rate: 0.3
Fault: [0,4,2,3,1,5], logL: -4.127786, Exp of LogL: 0.016119, Normalized LogL: -1.375929, Exp of Normalized LogL: 0.252605, Best Rate: 0.3
Fault: [0,4,2,3,4,5], logL: -4.396050, Exp of LogL: 0.012326, Normalized LogL: -1.465350, Exp of Normalized LogL: 0.230997, Best Rate: 0.3
Fault: [0,5,2,3,4,5], logL: -4.396050, Exp of LogL: 0.012326, Normalized LogL: -1.465350, Exp of Normalized LogL: 0.230997, Best Rate: 0.3
Fault: [0,2,2,3,4,5], logL: -4.501411, Exp of LogL: 0.011093, Normalized LogL: -1.500470, Exp of Normalized LogL: 0.223025, Best Rate: 0.3
Fault: [0,4,2,3,0,5], logL: -4.609625, Exp of LogL: 0.009956, Normalized LogL: -1.536542, Exp of Normalized LogL: 0.215124, Best Rate: 0.3
Fault: [0,4,2,3,2,5], logL: -4.709708, Exp of LogL: 0.009007, Normalized LogL: -1.569903, Exp of Normalized LogL: 0.208065, Best Rate: 0.3
Fault: [0,1,2,3,4,5], logL: -4.993887, Exp of LogL: 0.006779, Normalized LogL: -1.664629, Exp of Normalized LogL: 0.189261, Best Rate: 0.3
Fault: [0,3,2,3,4,5], logL: -5.782345, Exp of LogL: 0.003081, Normalized LogL: -1.927448, Exp of Normalized LogL: 0.145519, Best Rate: 0.3
Fault: [0,0,2,3,4,5], logL: -5.782345, Exp of LogL: 0.003081, Normalized LogL: -1.927448, Exp of Normalized LogL: 0.145519, Best Rate: 0.3

========= ADAPTIVE MC DEBUG =========
Total calls: 30
Avg tries: 150.00
Confidence stops: 30
Max stops: 0
Max stop rate: 0.000
Real Fault Rank 3
===== SEED 21 | FR=0.3 | VR=40 =====
executing with fault mode: [0,4,2,3,4,5]

executing with fault mode: [0,4,2,3,4,5]

Fault scores (higher is better):
Fault: [0,4,2,3,4,5], logL: -5.063015, Exp of LogL: 0.006326, Normalized LogL: -1.012603, Exp of Normalized LogL: 0.363272, Best Rate: 0.3
Fault: [0,5,2,3,4,5], logL: -5.063015, Exp of LogL: 0.006326, Normalized LogL: -1.012603, Exp of Normalized LogL: 0.363272, Best Rate: 0.3
Fault: [0,2,2,3,4,5], logL: -5.168375, Exp of LogL: 0.005694, Normalized LogL: -1.033675, Exp of Normalized LogL: 0.355697, Best Rate: 0.3
Fault: [0,4,2,3,2,5], logL: -5.542588, Exp of LogL: 0.003916, Normalized LogL: -1.108518, Exp of Normalized LogL: 0.330048, Best Rate: 0.3
Fault: [0,4,2,3,3,5], logL: -5.542588, Exp of LogL: 0.003916, Normalized LogL: -1.108518, Exp of Normalized LogL: 0.330048, Best Rate: 0.3
Fault: [0,4,2,3,1,5], logL: -5.542588, Exp of LogL: 0.003916, Normalized LogL: -1.108518, Exp of Normalized LogL: 0.330048, Best Rate: 0.3
Fault: [0,4,2,3,0,5], logL: -5.542588, Exp of LogL: 0.003916, Normalized LogL: -1.108518, Exp of Normalized LogL: 0.330048, Best Rate: 0.3
Fault: [0,1,2,3,4,5], logL: -5.660852, Exp of LogL: 0.003480, Normalized LogL: -1.132170, Exp of Normalized LogL: 0.322333, Best Rate: 0.3
Fault: [0,3,2,3,4,5], logL: -6.449309, Exp of LogL: 0.001582, Normalized LogL: -1.289862, Exp of Normalized LogL: 0.275309, Best Rate: 0.3
Fault: [0,0,2,3,4,5], logL: -6.449309, Exp of LogL: 0.001582, Normalized LogL: -1.289862, Exp of Normalized LogL: 0.275309, Best Rate: 0.3

========= ADAPTIVE MC DEBUG =========
Total calls: 50
Avg tries: 150.00
Confidence stops: 50
Max stops: 0
Max stop rate: 0.000
Real Fault Rank 1
===== SEED 21 | FR=0.3 | VR=60 =====
executing with fault mode: [0,4,2,3,4,5]

executing with fault mode: [0,4,2,3,4,5]

Fault scores (higher is better):
Fault: [0,4,2,3,4,5], logL: -5.570409, Exp of LogL: 0.003809, Normalized LogL: -0.795773, Exp of Normalized LogL: 0.451232, Best Rate: 0.3
Fault: [0,5,2,3,4,5], logL: -5.570409, Exp of LogL: 0.003809, Normalized LogL: -0.795773, Exp of Normalized LogL: 0.451232, Best Rate: 0.3
Fault: [0,2,2,3,4,5], logL: -5.958175, Exp of LogL: 0.002585, Normalized LogL: -0.851168, Exp of Normalized LogL: 0.426916, Best Rate: 0.3
Fault: [0,4,2,3,2,5], logL: -6.049982, Exp of LogL: 0.002358, Normalized LogL: -0.864283, Exp of Normalized LogL: 0.421353, Best Rate: 0.3
Fault: [0,4,2,3,3,5], logL: -6.049982, Exp of LogL: 0.002358, Normalized LogL: -0.864283, Exp of Normalized LogL: 0.421353, Best Rate: 0.3
Fault: [0,4,2,3,1,5], logL: -6.049982, Exp of LogL: 0.002358, Normalized LogL: -0.864283, Exp of Normalized LogL: 0.421353, Best Rate: 0.3
Fault: [0,4,2,3,0,5], logL: -6.049982, Exp of LogL: 0.002358, Normalized LogL: -0.864283, Exp of Normalized LogL: 0.421353, Best Rate: 0.3
Fault: [0,1,2,3,4,5], logL: -6.279360, Exp of LogL: 0.001875, Normalized LogL: -0.897051, Exp of Normalized LogL: 0.407770, Best Rate: 0.3
Fault: [0,3,2,3,4,5], logL: -6.863613, Exp of LogL: 0.001045, Normalized LogL: -0.980516, Exp of Normalized LogL: 0.375117, Best Rate: 0.3
Fault: [0,0,2,3,4,5], logL: -7.293176, Exp of LogL: 0.000680, Normalized LogL: -1.041882, Exp of Normalized LogL: 0.352790, Best Rate: 0.3

========= ADAPTIVE MC DEBUG =========
Total calls: 70
Avg tries: 150.00
Confidence stops: 70
Max stops: 0
Max stop rate: 0.000
Real Fault Rank 1
===== SEED 21 | FR=0.3 | VR=80 =====
executing with fault mode: [0,4,2,3,4,5]

executing with fault mode: [0,4,2,3,4,5]

Fault scores (higher is better):
Fault: [0,2,2,3,4,5], logL: -6.201698, Exp of LogL: 0.002026, Normalized LogL: -0.689078, Exp of Normalized LogL: 0.502039, Best Rate: 0.3
Fault: [0,4,2,3,4,5], logL: -6.285782, Exp of LogL: 0.001863, Normalized LogL: -0.698420, Exp of Normalized LogL: 0.497370, Best Rate: 0.3
Fault: [0,5,2,3,4,5], logL: -6.285782, Exp of LogL: 0.001863, Normalized LogL: -0.698420, Exp of Normalized LogL: 0.497370, Best Rate: 0.3
Fault: [0,1,2,3,4,5], logL: -6.506542, Exp of LogL: 0.001494, Normalized LogL: -0.722949, Exp of Normalized LogL: 0.485319, Best Rate: 0.3
Fault: [0,4,2,3,2,5], logL: -6.765355, Exp of LogL: 0.001153, Normalized LogL: -0.751706, Exp of Normalized LogL: 0.471561, Best Rate: 0.3
Fault: [0,4,2,3,3,5], logL: -6.765355, Exp of LogL: 0.001153, Normalized LogL: -0.751706, Exp of Normalized LogL: 0.471561, Best Rate: 0.3
Fault: [0,4,2,3,1,5], logL: -6.765355, Exp of LogL: 0.001153, Normalized LogL: -0.751706, Exp of Normalized LogL: 0.471561, Best Rate: 0.3
Fault: [0,4,2,3,0,5], logL: -6.765355, Exp of LogL: 0.001153, Normalized LogL: -0.751706, Exp of Normalized LogL: 0.471561, Best Rate: 0.3
Fault: [0,0,2,3,4,5], logL: -7.026182, Exp of LogL: 0.000888, Normalized LogL: -0.780687, Exp of Normalized LogL: 0.458091, Best Rate: 0.3
Fault: [0,3,2,3,4,5], logL: -7.088941, Exp of LogL: 0.000834, Normalized LogL: -0.787660, Exp of Normalized LogL: 0.454908, Best Rate: 0.3

========= ADAPTIVE MC DEBUG =========
Total calls: 90
Avg tries: 150.00
Confidence stops: 90
Max stops: 0
Max stop rate: 0.000
Real Fault Rank 2
===== SEED 21 | FR=0.3 | VR=100 =====
executing with fault mode: [0,4,2,3,4,5]

executing with fault mode: [0,4,2,3,4,5]

Fault scores (higher is better):
Fault: [0,2,2,3,4,5], logL: -6.014038, Exp of LogL: 0.002444, Normalized LogL: -0.501170, Exp of Normalized LogL: 0.605822, Best Rate: 0.3
Fault: [0,4,2,3,4,5], logL: -6.085497, Exp of LogL: 0.002276, Normalized LogL: -0.507125, Exp of Normalized LogL: 0.602225, Best Rate: 0.3
Fault: [0,5,2,3,4,5], logL: -6.085497, Exp of LogL: 0.002276, Normalized LogL: -0.507125, Exp of Normalized LogL: 0.602225, Best Rate: 0.3
Fault: [0,1,2,3,4,5], logL: -6.426749, Exp of LogL: 0.001618, Normalized LogL: -0.535562, Exp of Normalized LogL: 0.585340, Best Rate: 0.3
Fault: [0,4,2,3,2,5], logL: -6.442172, Exp of LogL: 0.001593, Normalized LogL: -0.536848, Exp of Normalized LogL: 0.584588, Best Rate: 0.3
Fault: [0,4,2,3,3,5], logL: -6.442172, Exp of LogL: 0.001593, Normalized LogL: -0.536848, Exp of Normalized LogL: 0.584588, Best Rate: 0.3
Fault: [0,4,2,3,1,5], logL: -6.442172, Exp of LogL: 0.001593, Normalized LogL: -0.536848, Exp of Normalized LogL: 0.584588, Best Rate: 0.3
Fault: [0,4,2,3,0,5], logL: -6.442172, Exp of LogL: 0.001593, Normalized LogL: -0.536848, Exp of Normalized LogL: 0.584588, Best Rate: 0.3
Fault: [0,0,2,3,4,5], logL: -6.825897, Exp of LogL: 0.001085, Normalized LogL: -0.568825, Exp of Normalized LogL: 0.566190, Best Rate: 0.3
Fault: [0,3,2,3,4,5], logL: -6.894553, Exp of LogL: 0.001013, Normalized LogL: -0.574546, Exp of Normalized LogL: 0.562960, Best Rate: 0.3

========= ADAPTIVE MC DEBUG =========
Total calls: 120
Avg tries: 150.00
Confidence stops: 120
Max stops: 0
Max stop rate: 0.000
Real Fault Rank 2
================= 22/08/2026 04:36:32: SEED 21 END =================
================= 22/08/2026 04:36:32: SEED 22 (21/100), a*=1 fault=[0,0,2,3,4,5] START =================
===== SEED 22 | FR=0.3 | VR=20 =====
executing with fault mode: [0,0,2,3,4,5]

Fault scores (higher is better):
Fault: [0,0,2,3,4,5], logL: -13.777366, Exp of LogL: 0.000001, Normalized LogL: -1.722171, Exp of Normalized LogL: 0.178678, Best Rate: 0.3
Fault: [0,0,2,3,2,5], logL: -13.826156, Exp of LogL: 0.000001, Normalized LogL: -1.728269, Exp of Normalized LogL: 0.177591, Best Rate: 0.3
Fault: [0,0,2,3,0,5], logL: -13.826156, Exp of LogL: 0.000001, Normalized LogL: -1.728269, Exp of Normalized LogL: 0.177591, Best Rate: 0.3
Fault: [0,0,2,3,3,5], logL: -13.877449, Exp of LogL: 0.000001, Normalized LogL: -1.734681, Exp of Normalized LogL: 0.176456, Best Rate: 0.3
Fault: [0,0,2,3,5,5], logL: -13.877449, Exp of LogL: 0.000001, Normalized LogL: -1.734681, Exp of Normalized LogL: 0.176456, Best Rate: 0.3
Fault: [0,2,2,3,4,5], logL: -15.923662, Exp of LogL: 0.000000, Normalized LogL: -1.990458, Exp of Normalized LogL: 0.136633, Best Rate: 0.3
Fault: [0,4,2,3,4,5], logL: -15.972036, Exp of LogL: 0.000000, Normalized LogL: -1.996505, Exp of Normalized LogL: 0.135809, Best Rate: 0.3
Fault: [0,5,2,3,4,5], logL: -15.972036, Exp of LogL: 0.000000, Normalized LogL: -1.996505, Exp of Normalized LogL: 0.135809, Best Rate: 0.3
Fault: [0,3,2,3,4,5], logL: -16.817635, Exp of LogL: 0.000000, Normalized LogL: -2.102204, Exp of Normalized LogL: 0.122187, Best Rate: 0.3
Fault: [0,1,2,3,4,5], logL: -18.856594, Exp of LogL: 0.000000, Normalized LogL: -2.357074, Exp of Normalized LogL: 0.094697, Best Rate: 0.3

========= ADAPTIVE MC DEBUG =========
Total calls: 80
Avg tries: 168.75
Confidence stops: 80
Max stops: 0
Max stop rate: 0.000
Real Fault Rank 1
===== SEED 22 | FR=0.3 | VR=40 =====
executing with fault mode: [0,0,2,3,4,5]

Fault scores (higher is better):
Fault: [0,0,2,3,4,5], logL: -21.079686, Exp of LogL: 0.000000, Normalized LogL: -1.405312, Exp of Normalized LogL: 0.245290, Best Rate: 0.3
Fault: [0,0,2,3,3,5], logL: -21.197469, Exp of LogL: 0.000000, Normalized LogL: -1.413165, Exp of Normalized LogL: 0.243372, Best Rate: 0.3
Fault: [0,0,2,3,5,5], logL: -21.197469, Exp of LogL: 0.000000, Normalized LogL: -1.413165, Exp of Normalized LogL: 0.243372, Best Rate: 0.3
Fault: [0,0,2,3,2,5], logL: -21.331001, Exp of LogL: 0.000000, Normalized LogL: -1.422067, Exp of Normalized LogL: 0.241215, Best Rate: 0.3
Fault: [0,0,2,3,0,5], logL: -21.405108, Exp of LogL: 0.000000, Normalized LogL: -1.427007, Exp of Normalized LogL: 0.240026, Best Rate: 0.3
Fault: [0,2,2,3,4,5], logL: -24.897120, Exp of LogL: 0.000000, Normalized LogL: -1.659808, Exp of Normalized LogL: 0.190175, Best Rate: 0.3
Fault: [0,3,2,3,4,5], logL: -26.358502, Exp of LogL: 0.000000, Normalized LogL: -1.757233, Exp of Normalized LogL: 0.172521, Best Rate: 0.3
Fault: [0,4,2,3,4,5], logL: -73.737583, Exp of LogL: 0.000000, Normalized LogL: -4.915839, Exp of Normalized LogL: 0.007330, Best Rate: 0.3
Fault: [0,5,2,3,4,5], logL: -73.737583, Exp of LogL: 0.000000, Normalized LogL: -4.915839, Exp of Normalized LogL: 0.007330, Best Rate: 0.3
Fault: [0,1,2,3,4,5], logL: -74.403628, Exp of LogL: 0.000000, Normalized LogL: -4.960242, Exp of Normalized LogL: 0.007011, Best Rate: 0.3

========= ADAPTIVE MC DEBUG =========
Total calls: 150
Avg tries: 153.33
Confidence stops: 150
Max stops: 0
Max stop rate: 0.000
Real Fault Rank 1
===== SEED 22 | FR=0.3 | VR=60 =====
executing with fault mode: [0,0,2,3,4,5]

Fault scores (higher is better):
Fault: [0,0,2,3,4,5], logL: -26.568525, Exp of LogL: 0.000000, Normalized LogL: -1.207660, Exp of Normalized LogL: 0.298896, Best Rate: 0.3
Fault: [0,0,2,3,3,5], logL: -26.740375, Exp of LogL: 0.000000, Normalized LogL: -1.215472, Exp of Normalized LogL: 0.296570, Best Rate: 0.3
Fault: [0,0,2,3,5,5], logL: -26.740375, Exp of LogL: 0.000000, Normalized LogL: -1.215472, Exp of Normalized LogL: 0.296570, Best Rate: 0.3
Fault: [0,0,2,3,0,5], logL: -26.948014, Exp of LogL: 0.000000, Normalized LogL: -1.224910, Exp of Normalized LogL: 0.293784, Best Rate: 0.3
Fault: [0,0,2,3,2,5], logL: -26.987235, Exp of LogL: 0.000000, Normalized LogL: -1.226693, Exp of Normalized LogL: 0.293261, Best Rate: 0.3
Fault: [0,2,2,3,4,5], logL: -29.834837, Exp of LogL: 0.000000, Normalized LogL: -1.356129, Exp of Normalized LogL: 0.257656, Best Rate: 0.3
Fault: [0,3,2,3,4,5], logL: -57.265451, Exp of LogL: 0.000000, Normalized LogL: -2.602975, Exp of Normalized LogL: 0.074053, Best Rate: 0.3
Fault: [0,1,2,3,4,5], logL: -105.354721, Exp of LogL: 0.000000, Normalized LogL: -4.788851, Exp of Normalized LogL: 0.008322, Best Rate: 0.3
Fault: [0,4,2,3,4,5], logL: -106.982138, Exp of LogL: 0.000000, Normalized LogL: -4.862824, Exp of Normalized LogL: 0.007729, Best Rate: 0.3
Fault: [0,5,2,3,4,5], logL: -106.982138, Exp of LogL: 0.000000, Normalized LogL: -4.862824, Exp of Normalized LogL: 0.007729, Best Rate: 0.3

========= ADAPTIVE MC DEBUG =========
Total calls: 220
Avg tries: 152.27
Confidence stops: 220
Max stops: 0
Max stop rate: 0.000
Real Fault Rank 1
===== SEED 22 | FR=0.3 | VR=80 =====
executing with fault mode: [0,0,2,3,4,5]

Fault scores (higher is better):
Fault: [0,0,2,3,4,5], logL: -29.825516, Exp of LogL: 0.000000, Normalized LogL: -1.028466, Exp of Normalized LogL: 0.357555, Best Rate: 0.3
Fault: [0,0,2,3,2,5], logL: -30.040361, Exp of LogL: 0.000000, Normalized LogL: -1.035875, Exp of Normalized LogL: 0.354916, Best Rate: 0.3
Fault: [0,0,2,3,0,5], logL: -30.040361, Exp of LogL: 0.000000, Normalized LogL: -1.035875, Exp of Normalized LogL: 0.354916, Best Rate: 0.3
Fault: [0,0,2,3,3,5], logL: -30.040361, Exp of LogL: 0.000000, Normalized LogL: -1.035875, Exp of Normalized LogL: 0.354916, Best Rate: 0.3
Fault: [0,0,2,3,5,5], logL: -30.040361, Exp of LogL: 0.000000, Normalized LogL: -1.035875, Exp of Normalized LogL: 0.354916, Best Rate: 0.3
Fault: [0,2,2,3,4,5], logL: -32.874516, Exp of LogL: 0.000000, Normalized LogL: -1.133604, Exp of Normalized LogL: 0.321871, Best Rate: 0.3
Fault: [0,3,2,3,4,5], logL: -60.278670, Exp of LogL: 0.000000, Normalized LogL: -2.078575, Exp of Normalized LogL: 0.125108, Best Rate: 0.3
Fault: [0,1,2,3,4,5], logL: -107.466453, Exp of LogL: 0.000000, Normalized LogL: -3.705740, Exp of Normalized LogL: 0.024582, Best Rate: 0.3
Fault: [0,4,2,3,4,5], logL: -109.957278, Exp of LogL: 0.000000, Normalized LogL: -3.791630, Exp of Normalized LogL: 0.022559, Best Rate: 0.3
Fault: [0,5,2,3,4,5], logL: -109.957278, Exp of LogL: 0.000000, Normalized LogL: -3.791630, Exp of Normalized LogL: 0.022559, Best Rate: 0.3

========= ADAPTIVE MC DEBUG =========
Total calls: 290
Avg tries: 150.00
Confidence stops: 290
Max stops: 0
Max stop rate: 0.000
Real Fault Rank 1
===== SEED 22 | FR=0.3 | VR=100 =====
executing with fault mode: [0,0,2,3,4,5]

Fault scores (higher is better):
Fault: [0,0,2,3,4,5], logL: -33.713253, Exp of LogL: 0.000000, Normalized LogL: -0.936479, Exp of Normalized LogL: 0.392006, Best Rate: 0.3
Fault: [0,0,2,3,2,5], logL: -33.928098, Exp of LogL: 0.000000, Normalized LogL: -0.942447, Exp of Normalized LogL: 0.389673, Best Rate: 0.3
Fault: [0,0,2,3,0,5], logL: -33.928098, Exp of LogL: 0.000000, Normalized LogL: -0.942447, Exp of Normalized LogL: 0.389673, Best Rate: 0.3
Fault: [0,0,2,3,3,5], logL: -33.928098, Exp of LogL: 0.000000, Normalized LogL: -0.942447, Exp of Normalized LogL: 0.389673, Best Rate: 0.3
Fault: [0,0,2,3,5,5], logL: -33.928098, Exp of LogL: 0.000000, Normalized LogL: -0.942447, Exp of Normalized LogL: 0.389673, Best Rate: 0.3
Fault: [0,2,2,3,4,5], logL: -37.122919, Exp of LogL: 0.000000, Normalized LogL: -1.031192, Exp of Normalized LogL: 0.356582, Best Rate: 0.3
Fault: [0,3,2,3,4,5], logL: -88.376062, Exp of LogL: 0.000000, Normalized LogL: -2.454891, Exp of Normalized LogL: 0.085873, Best Rate: 0.3
Fault: [0,1,2,3,4,5], logL: -135.062409, Exp of LogL: 0.000000, Normalized LogL: -3.751734, Exp of Normalized LogL: 0.023477, Best Rate: 0.3
Fault: [0,4,2,3,4,5], logL: -137.404433, Exp of LogL: 0.000000, Normalized LogL: -3.816790, Exp of Normalized LogL: 0.021998, Best Rate: 0.3
Fault: [0,5,2,3,4,5], logL: -137.404433, Exp of LogL: 0.000000, Normalized LogL: -3.816790, Exp of Normalized LogL: 0.021998, Best Rate: 0.3

========= ADAPTIVE MC DEBUG =========
Total calls: 360
Avg tries: 150.00
Confidence stops: 360
Max stops: 0
Max stop rate: 0.000
Real Fault Rank 1
================= 22/08/2026 04:37:01: SEED 22 END =================
================= 22/08/2026 04:37:01: SEED 24 (22/100), a*=3 fault=[0,1,2,4,4,5] START =================
===== SEED 24 | FR=0.3 | VR=20 =====
executing with fault mode: [0,1,2,4,4,5]

executing with fault mode: [0,1,2,4,4,5]

Fault scores (higher is better):
Fault: [0,1,2,3,4,5], logL: -11.012150, Exp of LogL: 0.000016, Normalized LogL: -2.202430, Exp of Normalized LogL: 0.110534, Best Rate: 0.3
Fault: [0,1,2,5,4,5], logL: -11.155251, Exp of LogL: 0.000014, Normalized LogL: -2.231050, Exp of Normalized LogL: 0.107416, Best Rate: 0.3
Fault: [0,1,2,4,4,5], logL: -11.155251, Exp of LogL: 0.000014, Normalized LogL: -2.231050, Exp of Normalized LogL: 0.107416, Best Rate: 0.3
Fault: [0,1,2,4,0,5], logL: -11.378395, Exp of LogL: 0.000011, Normalized LogL: -2.275679, Exp of Normalized LogL: 0.102727, Best Rate: 0.3
Fault: [0,1,2,4,1,5], logL: -11.378395, Exp of LogL: 0.000011, Normalized LogL: -2.275679, Exp of Normalized LogL: 0.102727, Best Rate: 0.3
Fault: [0,1,2,4,3,5], logL: -11.378395, Exp of LogL: 0.000011, Normalized LogL: -2.275679, Exp of Normalized LogL: 0.102727, Best Rate: 0.3
Fault: [0,1,2,4,2,5], logL: -11.378395, Exp of LogL: 0.000011, Normalized LogL: -2.275679, Exp of Normalized LogL: 0.102727, Best Rate: 0.3
Fault: [0,1,2,1,4,5], logL: -11.580134, Exp of LogL: 0.000009, Normalized LogL: -2.316027, Exp of Normalized LogL: 0.098665, Best Rate: 0.3
Fault: [0,1,2,0,4,5], logL: -11.705297, Exp of LogL: 0.000008, Normalized LogL: -2.341059, Exp of Normalized LogL: 0.096226, Best Rate: 0.3
Fault: [0,1,2,2,4,5], logL: -11.774290, Exp of LogL: 0.000008, Normalized LogL: -2.354858, Exp of Normalized LogL: 0.094907, Best Rate: 0.3

========= ADAPTIVE MC DEBUG =========
Total calls: 50
Avg tries: 170.00
Confidence stops: 50
Max stops: 0
Max stop rate: 0.000
Real Fault Rank 3
===== SEED 24 | FR=0.3 | VR=40 =====
executing with fault mode: [0,1,2,4,4,5]

executing with fault mode: [0,1,2,4,4,5]

Fault scores (higher is better):
Fault: [0,1,2,5,4,5], logL: -13.663907, Exp of LogL: 0.000001, Normalized LogL: -1.518212, Exp of Normalized LogL: 0.219103, Best Rate: 0.3
Fault: [0,1,2,4,4,5], logL: -13.663907, Exp of LogL: 0.000001, Normalized LogL: -1.518212, Exp of Normalized LogL: 0.219103, Best Rate: 0.3
Fault: [0,1,2,4,0,5], logL: -13.887051, Exp of LogL: 0.000001, Normalized LogL: -1.543006, Exp of Normalized LogL: 0.213738, Best Rate: 0.3
Fault: [0,1,2,4,1,5], logL: -13.887051, Exp of LogL: 0.000001, Normalized LogL: -1.543006, Exp of Normalized LogL: 0.213738, Best Rate: 0.3
Fault: [0,1,2,4,3,5], logL: -13.887051, Exp of LogL: 0.000001, Normalized LogL: -1.543006, Exp of Normalized LogL: 0.213738, Best Rate: 0.3
Fault: [0,1,2,4,2,5], logL: -13.887051, Exp of LogL: 0.000001, Normalized LogL: -1.543006, Exp of Normalized LogL: 0.213738, Best Rate: 0.3
Fault: [0,1,2,3,4,5], logL: -39.793992, Exp of LogL: 0.000000, Normalized LogL: -4.421555, Exp of Normalized LogL: 0.012016, Best Rate: 0.3
Fault: [0,1,2,1,4,5], logL: -39.900602, Exp of LogL: 0.000000, Normalized LogL: -4.433400, Exp of Normalized LogL: 0.011874, Best Rate: 0.3
Fault: [0,1,2,0,4,5], logL: -40.092974, Exp of LogL: 0.000000, Normalized LogL: -4.454775, Exp of Normalized LogL: 0.011623, Best Rate: 0.3
Fault: [0,1,2,2,4,5], logL: -40.123746, Exp of LogL: 0.000000, Normalized LogL: -4.458194, Exp of Normalized LogL: 0.011583, Best Rate: 0.3

========= ADAPTIVE MC DEBUG =========
Total calls: 90
Avg tries: 155.56
Confidence stops: 90
Max stops: 0
Max stop rate: 0.000
Real Fault Rank 2
===== SEED 24 | FR=0.3 | VR=60 =====
executing with fault mode: [0,1,2,4,4,5]

executing with fault mode: [0,1,2,4,4,5]

Fault scores (higher is better):
Fault: [0,1,2,5,4,5], logL: -13.900714, Exp of LogL: 0.000001, Normalized LogL: -1.069286, Exp of Normalized LogL: 0.343254, Best Rate: 0.3
Fault: [0,1,2,4,4,5], logL: -13.900714, Exp of LogL: 0.000001, Normalized LogL: -1.069286, Exp of Normalized LogL: 0.343254, Best Rate: 0.3
Fault: [0,1,2,4,0,5], logL: -14.123858, Exp of LogL: 0.000001, Normalized LogL: -1.086451, Exp of Normalized LogL: 0.337412, Best Rate: 0.3
Fault: [0,1,2,4,1,5], logL: -14.123858, Exp of LogL: 0.000001, Normalized LogL: -1.086451, Exp of Normalized LogL: 0.337412, Best Rate: 0.3
Fault: [0,1,2,4,3,5], logL: -14.123858, Exp of LogL: 0.000001, Normalized LogL: -1.086451, Exp of Normalized LogL: 0.337412, Best Rate: 0.3
Fault: [0,1,2,4,2,5], logL: -14.123858, Exp of LogL: 0.000001, Normalized LogL: -1.086451, Exp of Normalized LogL: 0.337412, Best Rate: 0.3
Fault: [0,1,2,3,4,5], logL: -40.030799, Exp of LogL: 0.000000, Normalized LogL: -3.079292, Exp of Normalized LogL: 0.045992, Best Rate: 0.3
Fault: [0,1,2,1,4,5], logL: -40.137409, Exp of LogL: 0.000000, Normalized LogL: -3.087493, Exp of Normalized LogL: 0.045616, Best Rate: 0.3
Fault: [0,1,2,0,4,5], logL: -40.329781, Exp of LogL: 0.000000, Normalized LogL: -3.102291, Exp of Normalized LogL: 0.044946, Best Rate: 0.3
Fault: [0,1,2,2,4,5], logL: -40.360552, Exp of LogL: 0.000000, Normalized LogL: -3.104658, Exp of Normalized LogL: 0.044840, Best Rate: 0.3

========= ADAPTIVE MC DEBUG =========
Total calls: 130
Avg tries: 150.00
Confidence stops: 130
Max stops: 0
Max stop rate: 0.000
Real Fault Rank 2
===== SEED 24 | FR=0.3 | VR=80 =====
executing with fault mode: [0,1,2,4,4,5]

executing with fault mode: [0,1,2,4,4,5]

Fault scores (higher is better):
Fault: [0,1,2,5,4,5], logL: -17.191255, Exp of LogL: 0.000000, Normalized LogL: -1.011250, Exp of Normalized LogL: 0.363764, Best Rate: 0.3
Fault: [0,1,2,4,4,5], logL: -17.191255, Exp of LogL: 0.000000, Normalized LogL: -1.011250, Exp of Normalized LogL: 0.363764, Best Rate: 0.3
Fault: [0,1,2,4,0,5], logL: -17.554756, Exp of LogL: 0.000000, Normalized LogL: -1.032633, Exp of Normalized LogL: 0.356068, Best Rate: 0.3
Fault: [0,1,2,4,1,5], logL: -17.554756, Exp of LogL: 0.000000, Normalized LogL: -1.032633, Exp of Normalized LogL: 0.356068, Best Rate: 0.3
Fault: [0,1,2,4,3,5], logL: -17.554756, Exp of LogL: 0.000000, Normalized LogL: -1.032633, Exp of Normalized LogL: 0.356068, Best Rate: 0.3
Fault: [0,1,2,4,2,5], logL: -17.554756, Exp of LogL: 0.000000, Normalized LogL: -1.032633, Exp of Normalized LogL: 0.356068, Best Rate: 0.3
Fault: [0,1,2,3,4,5], logL: -42.982008, Exp of LogL: 0.000000, Normalized LogL: -2.528353, Exp of Normalized LogL: 0.079790, Best Rate: 0.3
Fault: [0,1,2,1,4,5], logL: -43.364065, Exp of LogL: 0.000000, Normalized LogL: -2.550827, Exp of Normalized LogL: 0.078017, Best Rate: 0.3
Fault: [0,1,2,0,4,5], logL: -43.416731, Exp of LogL: 0.000000, Normalized LogL: -2.553925, Exp of Normalized LogL: 0.077776, Best Rate: 0.3
Fault: [0,1,2,2,4,5], logL: -43.525213, Exp of LogL: 0.000000, Normalized LogL: -2.560307, Exp of Normalized LogL: 0.077281, Best Rate: 0.3

========= ADAPTIVE MC DEBUG =========
Total calls: 170
Avg tries: 150.00
Confidence stops: 170
Max stops: 0
Max stop rate: 0.000
Real Fault Rank 2
===== SEED 24 | FR=0.3 | VR=100 =====
executing with fault mode: [0,1,2,4,4,5]

executing with fault mode: [0,1,2,4,4,5]

Fault scores (higher is better):
Fault: [0,1,2,5,4,5], logL: -17.594887, Exp of LogL: 0.000000, Normalized LogL: -0.837852, Exp of Normalized LogL: 0.432639, Best Rate: 0.3
Fault: [0,1,2,4,4,5], logL: -17.594887, Exp of LogL: 0.000000, Normalized LogL: -0.837852, Exp of Normalized LogL: 0.432639, Best Rate: 0.3
Fault: [0,1,2,4,0,5], logL: -17.951562, Exp of LogL: 0.000000, Normalized LogL: -0.854836, Exp of Normalized LogL: 0.425353, Best Rate: 0.3
Fault: [0,1,2,4,1,5], logL: -17.951562, Exp of LogL: 0.000000, Normalized LogL: -0.854836, Exp of Normalized LogL: 0.425353, Best Rate: 0.3
Fault: [0,1,2,4,3,5], logL: -17.951562, Exp of LogL: 0.000000, Normalized LogL: -0.854836, Exp of Normalized LogL: 0.425353, Best Rate: 0.3
Fault: [0,1,2,4,2,5], logL: -17.951562, Exp of LogL: 0.000000, Normalized LogL: -0.854836, Exp of Normalized LogL: 0.425353, Best Rate: 0.3
Fault: [0,1,2,3,4,5], logL: -43.385640, Exp of LogL: 0.000000, Normalized LogL: -2.065983, Exp of Normalized LogL: 0.126694, Best Rate: 0.3
Fault: [0,1,2,1,4,5], logL: -43.767697, Exp of LogL: 0.000000, Normalized LogL: -2.084176, Exp of Normalized LogL: 0.124410, Best Rate: 0.3
Fault: [0,1,2,0,4,5], logL: -43.820363, Exp of LogL: 0.000000, Normalized LogL: -2.086684, Exp of Normalized LogL: 0.124098, Best Rate: 0.3
Fault: [0,1,2,2,4,5], logL: -43.928845, Exp of LogL: 0.000000, Normalized LogL: -2.091850, Exp of Normalized LogL: 0.123459, Best Rate: 0.3

========= ADAPTIVE MC DEBUG =========
Total calls: 210
Avg tries: 150.00
Confidence stops: 210
Max stops: 0
Max stop rate: 0.000
Real Fault Rank 2
================= 22/08/2026 04:37:19: SEED 24 END =================
================= 22/08/2026 04:37:19: SEED 25 (23/100), a*=2 fault=[0,1,1,3,4,5] START =================
===== SEED 25 | FR=0.3 | VR=20 =====
executing with fault mode: [0,1,1,3,4,5]

Fault scores (higher is better):
Fault: [0,1,1,3,4,5], logL: -8.551273, Exp of LogL: 0.000193, Normalized LogL: -1.710255, Exp of Normalized LogL: 0.180820, Best Rate: 0.3
Fault: [0,1,1,3,2,5], logL: -8.856654, Exp of LogL: 0.000142, Normalized LogL: -1.771331, Exp of Normalized LogL: 0.170106, Best Rate: 0.3
Fault: [0,1,1,3,0,5], logL: -8.856654, Exp of LogL: 0.000142, Normalized LogL: -1.771331, Exp of Normalized LogL: 0.170106, Best Rate: 0.3
Fault: [0,1,1,3,5,5], logL: -8.856654, Exp of LogL: 0.000142, Normalized LogL: -1.771331, Exp of Normalized LogL: 0.170106, Best Rate: 0.3
Fault: [0,1,1,3,1,5], logL: -8.856654, Exp of LogL: 0.000142, Normalized LogL: -1.771331, Exp of Normalized LogL: 0.170106, Best Rate: 0.3
Fault: [0,1,0,3,4,5], logL: -10.218616, Exp of LogL: 0.000036, Normalized LogL: -2.043723, Exp of Normalized LogL: 0.129545, Best Rate: 0.3
Fault: [0,1,2,3,4,5], logL: -31.585782, Exp of LogL: 0.000000, Normalized LogL: -6.317156, Exp of Normalized LogL: 0.001805, Best Rate: 0.3
Fault: [0,1,3,3,4,5], logL: -32.408219, Exp of LogL: 0.000000, Normalized LogL: -6.481644, Exp of Normalized LogL: 0.001531, Best Rate: 0.3
Fault: [0,1,4,3,4,5], logL: -32.408219, Exp of LogL: 0.000000, Normalized LogL: -6.481644, Exp of Normalized LogL: 0.001531, Best Rate: 0.3
Fault: [0,1,5,3,4,5], logL: -32.408219, Exp of LogL: 0.000000, Normalized LogL: -6.481644, Exp of Normalized LogL: 0.001531, Best Rate: 0.3

========= ADAPTIVE MC DEBUG =========
Total calls: 50
Avg tries: 170.00
Confidence stops: 50
Max stops: 0
Max stop rate: 0.000
Real Fault Rank 1
===== SEED 25 | FR=0.3 | VR=40 =====
executing with fault mode: [0,1,1,3,4,5]

Fault scores (higher is better):
Fault: [0,1,1,3,4,5], logL: -12.958906, Exp of LogL: 0.000002, Normalized LogL: -1.439878, Exp of Normalized LogL: 0.236957, Best Rate: 0.3
Fault: [0,1,1,3,2,5], logL: -13.264287, Exp of LogL: 0.000002, Normalized LogL: -1.473810, Exp of Normalized LogL: 0.229051, Best Rate: 0.3
Fault: [0,1,1,3,0,5], logL: -13.264287, Exp of LogL: 0.000002, Normalized LogL: -1.473810, Exp of Normalized LogL: 0.229051, Best Rate: 0.3
Fault: [0,1,1,3,5,5], logL: -13.264287, Exp of LogL: 0.000002, Normalized LogL: -1.473810, Exp of Normalized LogL: 0.229051, Best Rate: 0.3
Fault: [0,1,1,3,1,5], logL: -13.264287, Exp of LogL: 0.000002, Normalized LogL: -1.473810, Exp of Normalized LogL: 0.229051, Best Rate: 0.3
Fault: [0,1,2,3,4,5], logL: -13.713462, Exp of LogL: 0.000001, Normalized LogL: -1.523718, Exp of Normalized LogL: 0.217900, Best Rate: 0.3
Fault: [0,1,0,3,4,5], logL: -15.031221, Exp of LogL: 0.000000, Normalized LogL: -1.670136, Exp of Normalized LogL: 0.188222, Best Rate: 0.3
Fault: [0,1,4,3,4,5], logL: -15.069908, Exp of LogL: 0.000000, Normalized LogL: -1.674434, Exp of Normalized LogL: 0.187414, Best Rate: 0.3
Fault: [0,1,5,3,4,5], logL: -15.069908, Exp of LogL: 0.000000, Normalized LogL: -1.674434, Exp of Normalized LogL: 0.187414, Best Rate: 0.3
Fault: [0,1,3,3,4,5], logL: -15.341842, Exp of LogL: 0.000000, Normalized LogL: -1.704649, Exp of Normalized LogL: 0.181836, Best Rate: 0.3

========= ADAPTIVE MC DEBUG =========
Total calls: 90
Avg tries: 155.56
Confidence stops: 90
Max stops: 0
Max stop rate: 0.000
Real Fault Rank 1
===== SEED 25 | FR=0.3 | VR=60 =====
executing with fault mode: [0,1,1,3,4,5]

Fault scores (higher is better):
Fault: [0,1,2,3,4,5], logL: -15.631247, Exp of LogL: 0.000000, Normalized LogL: -1.116518, Exp of Normalized LogL: 0.327418, Best Rate: 0.3
Fault: [0,1,1,3,4,5], logL: -15.726444, Exp of LogL: 0.000000, Normalized LogL: -1.123317, Exp of Normalized LogL: 0.325199, Best Rate: 0.3
Fault: [0,1,1,3,2,5], logL: -16.215291, Exp of LogL: 0.000000, Normalized LogL: -1.158235, Exp of Normalized LogL: 0.314040, Best Rate: 0.3
Fault: [0,1,1,3,0,5], logL: -16.215291, Exp of LogL: 0.000000, Normalized LogL: -1.158235, Exp of Normalized LogL: 0.314040, Best Rate: 0.3
Fault: [0,1,1,3,5,5], logL: -16.215291, Exp of LogL: 0.000000, Normalized LogL: -1.158235, Exp of Normalized LogL: 0.314040, Best Rate: 0.3
Fault: [0,1,1,3,1,5], logL: -16.215291, Exp of LogL: 0.000000, Normalized LogL: -1.158235, Exp of Normalized LogL: 0.314040, Best Rate: 0.3
Fault: [0,1,0,3,4,5], logL: -17.242557, Exp of LogL: 0.000000, Normalized LogL: -1.231611, Exp of Normalized LogL: 0.291822, Best Rate: 0.3
Fault: [0,1,3,3,4,5], logL: -17.318532, Exp of LogL: 0.000000, Normalized LogL: -1.237038, Exp of Normalized LogL: 0.290243, Best Rate: 0.3
Fault: [0,1,4,3,4,5], logL: -17.456719, Exp of LogL: 0.000000, Normalized LogL: -1.246909, Exp of Normalized LogL: 0.287392, Best Rate: 0.3
Fault: [0,1,5,3,4,5], logL: -17.456719, Exp of LogL: 0.000000, Normalized LogL: -1.246909, Exp of Normalized LogL: 0.287392, Best Rate: 0.3

========= ADAPTIVE MC DEBUG =========
Total calls: 140
Avg tries: 150.00
Confidence stops: 140
Max stops: 0
Max stop rate: 0.000
Real Fault Rank 2
===== SEED 25 | FR=0.3 | VR=80 =====
executing with fault mode: [0,1,1,3,4,5]

Fault scores (higher is better):
Fault: [0,1,1,3,4,5], logL: -17.337483, Exp of LogL: 0.000000, Normalized LogL: -0.963194, Exp of Normalized LogL: 0.381672, Best Rate: 0.3
Fault: [0,1,2,3,4,5], logL: -17.595961, Exp of LogL: 0.000000, Normalized LogL: -0.977553, Exp of Normalized LogL: 0.376230, Best Rate: 0.3
Fault: [0,1,0,3,4,5], logL: -17.682093, Exp of LogL: 0.000000, Normalized LogL: -0.982338, Exp of Normalized LogL: 0.374434, Best Rate: 0.3
Fault: [0,1,1,3,2,5], logL: -17.826330, Exp of LogL: 0.000000, Normalized LogL: -0.990352, Exp of Normalized LogL: 0.371446, Best Rate: 0.3
Fault: [0,1,1,3,0,5], logL: -17.826330, Exp of LogL: 0.000000, Normalized LogL: -0.990352, Exp of Normalized LogL: 0.371446, Best Rate: 0.3
Fault: [0,1,1,3,5,5], logL: -17.826330, Exp of LogL: 0.000000, Normalized LogL: -0.990352, Exp of Normalized LogL: 0.371446, Best Rate: 0.3
Fault: [0,1,1,3,1,5], logL: -17.826330, Exp of LogL: 0.000000, Normalized LogL: -0.990352, Exp of Normalized LogL: 0.371446, Best Rate: 0.3
Fault: [0,1,3,3,4,5], logL: -18.884710, Exp of LogL: 0.000000, Normalized LogL: -1.049151, Exp of Normalized LogL: 0.350235, Best Rate: 0.3
Fault: [0,1,4,3,4,5], logL: -19.619438, Exp of LogL: 0.000000, Normalized LogL: -1.089969, Exp of Normalized LogL: 0.336227, Best Rate: 0.3
Fault: [0,1,5,3,4,5], logL: -19.619438, Exp of LogL: 0.000000, Normalized LogL: -1.089969, Exp of Normalized LogL: 0.336227, Best Rate: 0.3

========= ADAPTIVE MC DEBUG =========
Total calls: 180
Avg tries: 150.00
Confidence stops: 180
Max stops: 0
Max stop rate: 0.000
Real Fault Rank 1
===== SEED 25 | FR=0.3 | VR=100 =====
executing with fault mode: [0,1,1,3,4,5]

Fault scores (higher is better):
Fault: [0,1,3,3,4,5], logL: -21.845860, Exp of LogL: 0.000000, Normalized LogL: -0.949820, Exp of Normalized LogL: 0.386811, Best Rate: 0.3
Fault: [0,1,0,3,4,5], logL: -22.104600, Exp of LogL: 0.000000, Normalized LogL: -0.961070, Exp of Normalized LogL: 0.382484, Best Rate: 0.3
Fault: [0,1,1,3,4,5], logL: -22.537028, Exp of LogL: 0.000000, Normalized LogL: -0.979871, Exp of Normalized LogL: 0.375360, Best Rate: 0.3
Fault: [0,1,1,3,2,5], logL: -23.025875, Exp of LogL: 0.000000, Normalized LogL: -1.001125, Exp of Normalized LogL: 0.367466, Best Rate: 0.3
Fault: [0,1,1,3,0,5], logL: -23.025875, Exp of LogL: 0.000000, Normalized LogL: -1.001125, Exp of Normalized LogL: 0.367466, Best Rate: 0.3
Fault: [0,1,1,3,5,5], logL: -23.025875, Exp of LogL: 0.000000, Normalized LogL: -1.001125, Exp of Normalized LogL: 0.367466, Best Rate: 0.3
Fault: [0,1,1,3,1,5], logL: -23.025875, Exp of LogL: 0.000000, Normalized LogL: -1.001125, Exp of Normalized LogL: 0.367466, Best Rate: 0.3
Fault: [0,1,2,3,4,5], logL: -45.884125, Exp of LogL: 0.000000, Normalized LogL: -1.994962, Exp of Normalized LogL: 0.136019, Best Rate: 0.3
Fault: [0,1,4,3,4,5], logL: -48.389864, Exp of LogL: 0.000000, Normalized LogL: -2.103907, Exp of Normalized LogL: 0.121979, Best Rate: 0.3
Fault: [0,1,5,3,4,5], logL: -48.389864, Exp of LogL: 0.000000, Normalized LogL: -2.103907, Exp of Normalized LogL: 0.121979, Best Rate: 0.3

========= ADAPTIVE MC DEBUG =========
Total calls: 230
Avg tries: 150.00
Confidence stops: 230
Max stops: 0
Max stop rate: 0.000
Real Fault Rank 3
================= 22/08/2026 04:37:37: SEED 25 END =================
================= 22/08/2026 04:37:37: SEED 26 (24/100), a*=1 fault=[0,2,2,3,4,5] START =================
===== SEED 26 | FR=0.3 | VR=20 =====
executing with fault mode: [0,2,2,3,4,5]

Fault scores (higher is better):
Fault: [0,1,2,3,4,5], logL: -9.870322, Exp of LogL: 0.000052, Normalized LogL: -1.645054, Exp of Normalized LogL: 0.193002, Best Rate: 0.3
Fault: [0,2,2,3,0,5], logL: -10.521275, Exp of LogL: 0.000027, Normalized LogL: -1.753546, Exp of Normalized LogL: 0.173159, Best Rate: 0.3
Fault: [0,2,2,3,2,5], logL: -10.521275, Exp of LogL: 0.000027, Normalized LogL: -1.753546, Exp of Normalized LogL: 0.173159, Best Rate: 0.3
Fault: [0,2,2,3,3,5], logL: -10.521275, Exp of LogL: 0.000027, Normalized LogL: -1.753546, Exp of Normalized LogL: 0.173159, Best Rate: 0.3
Fault: [0,2,2,3,4,5], logL: -10.559015, Exp of LogL: 0.000026, Normalized LogL: -1.759836, Exp of Normalized LogL: 0.172073, Best Rate: 0.3
Fault: [0,2,2,3,1,5], logL: -10.639058, Exp of LogL: 0.000024, Normalized LogL: -1.773176, Exp of Normalized LogL: 0.169793, Best Rate: 0.3
Fault: [0,3,2,3,4,5], logL: -10.664870, Exp of LogL: 0.000023, Normalized LogL: -1.777478, Exp of Normalized LogL: 0.169064, Best Rate: 0.3
Fault: [0,5,2,3,4,5], logL: -10.760180, Exp of LogL: 0.000021, Normalized LogL: -1.793363, Exp of Normalized LogL: 0.166400, Best Rate: 0.3
Fault: [0,4,2,3,4,5], logL: -10.760180, Exp of LogL: 0.000021, Normalized LogL: -1.793363, Exp of Normalized LogL: 0.166400, Best Rate: 0.3
Fault: [0,0,2,3,4,5], logL: -11.250386, Exp of LogL: 0.000013, Normalized LogL: -1.875064, Exp of Normalized LogL: 0.153345, Best Rate: 0.3

========= ADAPTIVE MC DEBUG =========
Total calls: 60
Avg tries: 166.67
Confidence stops: 60
Max stops: 0
Max stop rate: 0.000
Real Fault Rank 5
===== SEED 26 | FR=0.3 | VR=40 =====
executing with fault mode: [0,2,2,3,4,5]

Fault scores (higher is better):
Fault: [0,1,2,3,4,5], logL: -15.553941, Exp of LogL: 0.000000, Normalized LogL: -1.413995, Exp of Normalized LogL: 0.243170, Best Rate: 0.3
Fault: [0,4,2,3,4,5], logL: -16.146304, Exp of LogL: 0.000000, Normalized LogL: -1.467846, Exp of Normalized LogL: 0.230421, Best Rate: 0.3
Fault: [0,3,2,3,4,5], logL: -16.146304, Exp of LogL: 0.000000, Normalized LogL: -1.467846, Exp of Normalized LogL: 0.230421, Best Rate: 0.3
Fault: [0,5,2,3,4,5], logL: -16.254938, Exp of LogL: 0.000000, Normalized LogL: -1.477722, Exp of Normalized LogL: 0.228157, Best Rate: 0.3
Fault: [0,2,2,3,4,5], logL: -16.322196, Exp of LogL: 0.000000, Normalized LogL: -1.483836, Exp of Normalized LogL: 0.226766, Best Rate: 0.3
Fault: [0,2,2,3,0,5], logL: -16.529835, Exp of LogL: 0.000000, Normalized LogL: -1.502712, Exp of Normalized LogL: 0.222526, Best Rate: 0.3
Fault: [0,2,2,3,2,5], logL: -16.529835, Exp of LogL: 0.000000, Normalized LogL: -1.502712, Exp of Normalized LogL: 0.222526, Best Rate: 0.3
Fault: [0,2,2,3,3,5], logL: -16.529835, Exp of LogL: 0.000000, Normalized LogL: -1.502712, Exp of Normalized LogL: 0.222526, Best Rate: 0.3
Fault: [0,2,2,3,1,5], logL: -16.609878, Exp of LogL: 0.000000, Normalized LogL: -1.509989, Exp of Normalized LogL: 0.220912, Best Rate: 0.3
Fault: [0,0,2,3,4,5], logL: -16.909994, Exp of LogL: 0.000000, Normalized LogL: -1.537272, Exp of Normalized LogL: 0.214967, Best Rate: 0.3

========= ADAPTIVE MC DEBUG =========
Total calls: 110
Avg tries: 154.55
Confidence stops: 110
Max stops: 0
Max stop rate: 0.000
Real Fault Rank 5
===== SEED 26 | FR=0.3 | VR=60 =====
executing with fault mode: [0,2,2,3,4,5]

Fault scores (higher is better):
Fault: [0,1,2,3,4,5], logL: -18.169351, Exp of LogL: 0.000000, Normalized LogL: -1.135584, Exp of Normalized LogL: 0.321234, Best Rate: 0.3
Fault: [0,5,2,3,4,5], logL: -19.019919, Exp of LogL: 0.000000, Normalized LogL: -1.188745, Exp of Normalized LogL: 0.304603, Best Rate: 0.3
Fault: [0,4,2,3,4,5], logL: -19.019919, Exp of LogL: 0.000000, Normalized LogL: -1.188745, Exp of Normalized LogL: 0.304603, Best Rate: 0.3
Fault: [0,3,2,3,4,5], logL: -19.019919, Exp of LogL: 0.000000, Normalized LogL: -1.188745, Exp of Normalized LogL: 0.304603, Best Rate: 0.3
Fault: [0,0,2,3,4,5], logL: -20.023221, Exp of LogL: 0.000000, Normalized LogL: -1.251451, Exp of Normalized LogL: 0.286089, Best Rate: 0.3
Fault: [0,2,2,3,4,5], logL: -20.057866, Exp of LogL: 0.000000, Normalized LogL: -1.253617, Exp of Normalized LogL: 0.285470, Best Rate: 0.3
Fault: [0,2,2,3,0,5], logL: -20.424111, Exp of LogL: 0.000000, Normalized LogL: -1.276507, Exp of Normalized LogL: 0.279010, Best Rate: 0.3
Fault: [0,2,2,3,1,5], logL: -20.424111, Exp of LogL: 0.000000, Normalized LogL: -1.276507, Exp of Normalized LogL: 0.279010, Best Rate: 0.3
Fault: [0,2,2,3,2,5], logL: -20.424111, Exp of LogL: 0.000000, Normalized LogL: -1.276507, Exp of Normalized LogL: 0.279010, Best Rate: 0.3
Fault: [0,2,2,3,3,5], logL: -20.424111, Exp of LogL: 0.000000, Normalized LogL: -1.276507, Exp of Normalized LogL: 0.279010, Best Rate: 0.3

========= ADAPTIVE MC DEBUG =========
Total calls: 160
Avg tries: 150.00
Confidence stops: 160
Max stops: 0
Max stop rate: 0.000
Real Fault Rank 6
===== SEED 26 | FR=0.3 | VR=80 =====
executing with fault mode: [0,2,2,3,4,5]

Fault scores (higher is better):
Fault: [0,1,2,3,4,5], logL: -23.528864, Exp of LogL: 0.000000, Normalized LogL: -1.120422, Exp of Normalized LogL: 0.326142, Best Rate: 0.3
Fault: [0,5,2,3,4,5], logL: -24.620815, Exp of LogL: 0.000000, Normalized LogL: -1.172420, Exp of Normalized LogL: 0.309617, Best Rate: 0.3
Fault: [0,4,2,3,4,5], logL: -24.620815, Exp of LogL: 0.000000, Normalized LogL: -1.172420, Exp of Normalized LogL: 0.309617, Best Rate: 0.3
Fault: [0,3,2,3,4,5], logL: -24.620815, Exp of LogL: 0.000000, Normalized LogL: -1.172420, Exp of Normalized LogL: 0.309617, Best Rate: 0.3
Fault: [0,2,2,3,4,5], logL: -24.842236, Exp of LogL: 0.000000, Normalized LogL: -1.182964, Exp of Normalized LogL: 0.306369, Best Rate: 0.3
Fault: [0,2,2,3,0,5], logL: -25.208481, Exp of LogL: 0.000000, Normalized LogL: -1.200404, Exp of Normalized LogL: 0.301073, Best Rate: 0.3
Fault: [0,2,2,3,1,5], logL: -25.208481, Exp of LogL: 0.000000, Normalized LogL: -1.200404, Exp of Normalized LogL: 0.301073, Best Rate: 0.3
Fault: [0,2,2,3,2,5], logL: -25.208481, Exp of LogL: 0.000000, Normalized LogL: -1.200404, Exp of Normalized LogL: 0.301073, Best Rate: 0.3
Fault: [0,2,2,3,3,5], logL: -25.208481, Exp of LogL: 0.000000, Normalized LogL: -1.200404, Exp of Normalized LogL: 0.301073, Best Rate: 0.3
Fault: [0,0,2,3,4,5], logL: -25.537106, Exp of LogL: 0.000000, Normalized LogL: -1.216053, Exp of Normalized LogL: 0.296398, Best Rate: 0.3

========= ADAPTIVE MC DEBUG =========
Total calls: 210
Avg tries: 150.00
Confidence stops: 210
Max stops: 0
Max stop rate: 0.000
Real Fault Rank 5
===== SEED 26 | FR=0.3 | VR=100 =====
executing with fault mode: [0,2,2,3,4,5]

Fault scores (higher is better):
Fault: [0,1,2,3,4,5], logL: -24.479365, Exp of LogL: 0.000000, Normalized LogL: -0.906643, Exp of Normalized LogL: 0.403878, Best Rate: 0.3
Fault: [0,5,2,3,4,5], logL: -25.571316, Exp of LogL: 0.000000, Normalized LogL: -0.947086, Exp of Normalized LogL: 0.387870, Best Rate: 0.3
Fault: [0,4,2,3,4,5], logL: -25.571316, Exp of LogL: 0.000000, Normalized LogL: -0.947086, Exp of Normalized LogL: 0.387870, Best Rate: 0.3
Fault: [0,3,2,3,4,5], logL: -25.571316, Exp of LogL: 0.000000, Normalized LogL: -0.947086, Exp of Normalized LogL: 0.387870, Best Rate: 0.3
Fault: [0,2,2,3,4,5], logL: -25.792737, Exp of LogL: 0.000000, Normalized LogL: -0.955287, Exp of Normalized LogL: 0.384702, Best Rate: 0.3
Fault: [0,2,2,3,0,5], logL: -26.158982, Exp of LogL: 0.000000, Normalized LogL: -0.968851, Exp of Normalized LogL: 0.379519, Best Rate: 0.3
Fault: [0,2,2,3,1,5], logL: -26.158982, Exp of LogL: 0.000000, Normalized LogL: -0.968851, Exp of Normalized LogL: 0.379519, Best Rate: 0.3
Fault: [0,2,2,3,2,5], logL: -26.158982, Exp of LogL: 0.000000, Normalized LogL: -0.968851, Exp of Normalized LogL: 0.379519, Best Rate: 0.3
Fault: [0,2,2,3,3,5], logL: -26.158982, Exp of LogL: 0.000000, Normalized LogL: -0.968851, Exp of Normalized LogL: 0.379519, Best Rate: 0.3
Fault: [0,0,2,3,4,5], logL: -26.487606, Exp of LogL: 0.000000, Normalized LogL: -0.981022, Exp of Normalized LogL: 0.374928, Best Rate: 0.3

========= ADAPTIVE MC DEBUG =========
Total calls: 270
Avg tries: 150.00
Confidence stops: 270
Max stops: 0
Max stop rate: 0.000
Real Fault Rank 5
================= 22/08/2026 04:37:58: SEED 26 END =================
================= 22/08/2026 04:37:58: SEED 27 (25/100), a*=1 fault=[0,0,2,3,4,5] START =================
===== SEED 27 | FR=0.3 | VR=20 =====
executing with fault mode: [0,0,2,3,4,5]

executing with fault mode: [0,0,2,3,4,5]

Fault scores (higher is better):
Fault: [0,0,2,3,4,5], logL: -7.678296, Exp of LogL: 0.000463, Normalized LogL: -1.535659, Exp of Normalized LogL: 0.215314, Best Rate: 0.3
Fault: [0,0,2,3,1,5], logL: -7.773606, Exp of LogL: 0.000421, Normalized LogL: -1.554721, Exp of Normalized LogL: 0.211248, Best Rate: 0.3
Fault: [0,0,2,3,5,5], logL: -7.773606, Exp of LogL: 0.000421, Normalized LogL: -1.554721, Exp of Normalized LogL: 0.211248, Best Rate: 0.3
Fault: [0,0,2,3,2,5], logL: -7.773606, Exp of LogL: 0.000421, Normalized LogL: -1.554721, Exp of Normalized LogL: 0.211248, Best Rate: 0.3
Fault: [0,0,2,3,3,5], logL: -7.996750, Exp of LogL: 0.000337, Normalized LogL: -1.599350, Exp of Normalized LogL: 0.202028, Best Rate: 0.3
Fault: [0,3,2,3,4,5], logL: -8.190975, Exp of LogL: 0.000277, Normalized LogL: -1.638195, Exp of Normalized LogL: 0.194330, Best Rate: 0.3
Fault: [0,2,2,3,4,5], logL: -8.657107, Exp of LogL: 0.000174, Normalized LogL: -1.731421, Exp of Normalized LogL: 0.177033, Best Rate: 0.3
Fault: [0,1,2,3,4,5], logL: -8.938359, Exp of LogL: 0.000131, Normalized LogL: -1.787672, Exp of Normalized LogL: 0.167349, Best Rate: 0.3
Fault: [0,4,2,3,4,5], logL: -10.011653, Exp of LogL: 0.000045, Normalized LogL: -2.002331, Exp of Normalized LogL: 0.135020, Best Rate: 0.3
Fault: [0,5,2,3,4,5], logL: -10.011653, Exp of LogL: 0.000045, Normalized LogL: -2.002331, Exp of Normalized LogL: 0.135020, Best Rate: 0.3

========= ADAPTIVE MC DEBUG =========
Total calls: 50
Avg tries: 170.00
Confidence stops: 50
Max stops: 0
Max stop rate: 0.000
Real Fault Rank 1
===== SEED 27 | FR=0.3 | VR=40 =====
executing with fault mode: [0,0,2,3,4,5]

executing with fault mode: [0,0,2,3,4,5]

Fault scores (higher is better):
Fault: [0,0,2,3,4,5], logL: -10.727213, Exp of LogL: 0.000022, Normalized LogL: -1.191913, Exp of Normalized LogL: 0.303640, Best Rate: 0.3
Fault: [0,0,2,3,3,5], logL: -10.927884, Exp of LogL: 0.000018, Normalized LogL: -1.214209, Exp of Normalized LogL: 0.296945, Best Rate: 0.3
Fault: [0,0,2,3,1,5], logL: -11.045667, Exp of LogL: 0.000016, Normalized LogL: -1.227296, Exp of Normalized LogL: 0.293084, Best Rate: 0.3
Fault: [0,0,2,3,5,5], logL: -11.045667, Exp of LogL: 0.000016, Normalized LogL: -1.227296, Exp of Normalized LogL: 0.293084, Best Rate: 0.3
Fault: [0,0,2,3,2,5], logL: -11.045667, Exp of LogL: 0.000016, Normalized LogL: -1.227296, Exp of Normalized LogL: 0.293084, Best Rate: 0.3
Fault: [0,3,2,3,4,5], logL: -11.255890, Exp of LogL: 0.000013, Normalized LogL: -1.250654, Exp of Normalized LogL: 0.286317, Best Rate: 0.3
Fault: [0,1,2,3,4,5], logL: -36.001415, Exp of LogL: 0.000000, Normalized LogL: -4.000157, Exp of Normalized LogL: 0.018313, Best Rate: 0.3
Fault: [0,4,2,3,4,5], logL: -36.150041, Exp of LogL: 0.000000, Normalized LogL: -4.016671, Exp of Normalized LogL: 0.018013, Best Rate: 0.3
Fault: [0,2,2,3,4,5], logL: -36.150041, Exp of LogL: 0.000000, Normalized LogL: -4.016671, Exp of Normalized LogL: 0.018013, Best Rate: 0.3
Fault: [0,5,2,3,4,5], logL: -36.150041, Exp of LogL: 0.000000, Normalized LogL: -4.016671, Exp of Normalized LogL: 0.018013, Best Rate: 0.3

========= ADAPTIVE MC DEBUG =========
Total calls: 90
Avg tries: 155.56
Confidence stops: 90
Max stops: 0
Max stop rate: 0.000
Real Fault Rank 1
===== SEED 27 | FR=0.3 | VR=60 =====
executing with fault mode: [0,0,2,3,4,5]

executing with fault mode: [0,0,2,3,4,5]

Fault scores (higher is better):
Fault: [0,0,2,3,4,5], logL: -15.829645, Exp of LogL: 0.000000, Normalized LogL: -1.130689, Exp of Normalized LogL: 0.322811, Best Rate: 0.3
Fault: [0,3,2,3,4,5], logL: -15.884566, Exp of LogL: 0.000000, Normalized LogL: -1.134612, Exp of Normalized LogL: 0.321547, Best Rate: 0.3
Fault: [0,0,2,3,1,5], logL: -16.076505, Exp of LogL: 0.000000, Normalized LogL: -1.148322, Exp of Normalized LogL: 0.317169, Best Rate: 0.3
Fault: [0,0,2,3,3,5], logL: -16.076505, Exp of LogL: 0.000000, Normalized LogL: -1.148322, Exp of Normalized LogL: 0.317169, Best Rate: 0.3
Fault: [0,0,2,3,5,5], logL: -16.076505, Exp of LogL: 0.000000, Normalized LogL: -1.148322, Exp of Normalized LogL: 0.317169, Best Rate: 0.3
Fault: [0,0,2,3,2,5], logL: -16.076505, Exp of LogL: 0.000000, Normalized LogL: -1.148322, Exp of Normalized LogL: 0.317169, Best Rate: 0.3
Fault: [0,1,2,3,4,5], logL: -40.500969, Exp of LogL: 0.000000, Normalized LogL: -2.892926, Exp of Normalized LogL: 0.055414, Best Rate: 0.3
Fault: [0,4,2,3,4,5], logL: -40.910723, Exp of LogL: 0.000000, Normalized LogL: -2.922195, Exp of Normalized LogL: 0.053815, Best Rate: 0.3
Fault: [0,2,2,3,4,5], logL: -40.910723, Exp of LogL: 0.000000, Normalized LogL: -2.922195, Exp of Normalized LogL: 0.053815, Best Rate: 0.3
Fault: [0,5,2,3,4,5], logL: -40.910723, Exp of LogL: 0.000000, Normalized LogL: -2.922195, Exp of Normalized LogL: 0.053815, Best Rate: 0.3

========= ADAPTIVE MC DEBUG =========
Total calls: 140
Avg tries: 153.57
Confidence stops: 140
Max stops: 0
Max stop rate: 0.000
Real Fault Rank 1
===== SEED 27 | FR=0.3 | VR=80 =====
executing with fault mode: [0,0,2,3,4,5]

executing with fault mode: [0,0,2,3,4,5]

Fault scores (higher is better):
Fault: [0,3,2,3,4,5], logL: -16.682960, Exp of LogL: 0.000000, Normalized LogL: -0.926831, Exp of Normalized LogL: 0.395806, Best Rate: 0.3
Fault: [0,0,2,3,4,5], logL: -16.763841, Exp of LogL: 0.000000, Normalized LogL: -0.931324, Exp of Normalized LogL: 0.394031, Best Rate: 0.3
Fault: [0,0,2,3,1,5], logL: -17.179356, Exp of LogL: 0.000000, Normalized LogL: -0.954409, Exp of Normalized LogL: 0.385040, Best Rate: 0.3
Fault: [0,0,2,3,3,5], logL: -17.179356, Exp of LogL: 0.000000, Normalized LogL: -0.954409, Exp of Normalized LogL: 0.385040, Best Rate: 0.3
Fault: [0,0,2,3,5,5], logL: -17.179356, Exp of LogL: 0.000000, Normalized LogL: -0.954409, Exp of Normalized LogL: 0.385040, Best Rate: 0.3
Fault: [0,0,2,3,2,5], logL: -17.179356, Exp of LogL: 0.000000, Normalized LogL: -0.954409, Exp of Normalized LogL: 0.385040, Best Rate: 0.3
Fault: [0,1,2,3,4,5], logL: -41.194003, Exp of LogL: 0.000000, Normalized LogL: -2.288556, Exp of Normalized LogL: 0.101413, Best Rate: 0.3
Fault: [0,4,2,3,4,5], logL: -41.791355, Exp of LogL: 0.000000, Normalized LogL: -2.321742, Exp of Normalized LogL: 0.098103, Best Rate: 0.3
Fault: [0,2,2,3,4,5], logL: -41.791355, Exp of LogL: 0.000000, Normalized LogL: -2.321742, Exp of Normalized LogL: 0.098103, Best Rate: 0.3
Fault: [0,5,2,3,4,5], logL: -41.791355, Exp of LogL: 0.000000, Normalized LogL: -2.321742, Exp of Normalized LogL: 0.098103, Best Rate: 0.3

========= ADAPTIVE MC DEBUG =========
Total calls: 180
Avg tries: 150.00
Confidence stops: 180
Max stops: 0
Max stop rate: 0.000
Real Fault Rank 2
===== SEED 27 | FR=0.3 | VR=100 =====
executing with fault mode: [0,0,2,3,4,5]

executing with fault mode: [0,0,2,3,4,5]

Fault scores (higher is better):
Fault: [0,0,2,3,4,5], logL: -18.538306, Exp of LogL: 0.000000, Normalized LogL: -0.806013, Exp of Normalized LogL: 0.446635, Best Rate: 0.3
Fault: [0,3,2,3,4,5], logL: -18.862890, Exp of LogL: 0.000000, Normalized LogL: -0.820126, Exp of Normalized LogL: 0.440376, Best Rate: 0.3
Fault: [0,0,2,3,1,5], logL: -18.953821, Exp of LogL: 0.000000, Normalized LogL: -0.824079, Exp of Normalized LogL: 0.438639, Best Rate: 0.3
Fault: [0,0,2,3,3,5], logL: -18.953821, Exp of LogL: 0.000000, Normalized LogL: -0.824079, Exp of Normalized LogL: 0.438639, Best Rate: 0.3
Fault: [0,0,2,3,5,5], logL: -18.953821, Exp of LogL: 0.000000, Normalized LogL: -0.824079, Exp of Normalized LogL: 0.438639, Best Rate: 0.3
Fault: [0,0,2,3,2,5], logL: -18.953821, Exp of LogL: 0.000000, Normalized LogL: -0.824079, Exp of Normalized LogL: 0.438639, Best Rate: 0.3
Fault: [0,1,2,3,4,5], logL: -43.525813, Exp of LogL: 0.000000, Normalized LogL: -1.892427, Exp of Normalized LogL: 0.150706, Best Rate: 0.3
Fault: [0,4,2,3,4,5], logL: -43.989635, Exp of LogL: 0.000000, Normalized LogL: -1.912593, Exp of Normalized LogL: 0.147697, Best Rate: 0.3
Fault: [0,2,2,3,4,5], logL: -43.989635, Exp of LogL: 0.000000, Normalized LogL: -1.912593, Exp of Normalized LogL: 0.147697, Best Rate: 0.3
Fault: [0,5,2,3,4,5], logL: -43.989635, Exp of LogL: 0.000000, Normalized LogL: -1.912593, Exp of Normalized LogL: 0.147697, Best Rate: 0.3

========= ADAPTIVE MC DEBUG =========
Total calls: 230
Avg tries: 150.00
Confidence stops: 230
Max stops: 0
Max stop rate: 0.000
Real Fault Rank 1
================= 22/08/2026 04:38:18: SEED 27 END =================
================= 22/08/2026 04:38:18: SEED 28 (26/100), a*=3 fault=[0,1,2,4,4,5] START =================
===== SEED 28 | FR=0.3 | VR=20 =====
executing with fault mode: [0,1,2,4,4,5]

executing with fault mode: [0,1,2,4,4,5]

Fault scores (higher is better):
Fault: [0,1,2,5,4,5], logL: -7.605357, Exp of LogL: 0.000498, Normalized LogL: -1.521071, Exp of Normalized LogL: 0.218478, Best Rate: 0.3
Fault: [0,1,2,4,4,5], logL: -7.605357, Exp of LogL: 0.000498, Normalized LogL: -1.521071, Exp of Normalized LogL: 0.218478, Best Rate: 0.3
Fault: [0,1,2,4,5,5], logL: -7.779710, Exp of LogL: 0.000418, Normalized LogL: -1.555942, Exp of Normalized LogL: 0.210991, Best Rate: 0.3
Fault: [0,1,2,4,1,5], logL: -7.779710, Exp of LogL: 0.000418, Normalized LogL: -1.555942, Exp of Normalized LogL: 0.210991, Best Rate: 0.3
Fault: [0,1,2,4,0,5], logL: -7.828500, Exp of LogL: 0.000398, Normalized LogL: -1.565700, Exp of Normalized LogL: 0.208942, Best Rate: 0.3
Fault: [0,1,2,4,2,5], logL: -7.828500, Exp of LogL: 0.000398, Normalized LogL: -1.565700, Exp of Normalized LogL: 0.208942, Best Rate: 0.3
Fault: [0,1,2,0,4,5], logL: -9.269560, Exp of LogL: 0.000094, Normalized LogL: -1.853912, Exp of Normalized LogL: 0.156623, Best Rate: 0.3
Fault: [0,1,2,2,4,5], logL: -9.366345, Exp of LogL: 0.000086, Normalized LogL: -1.873269, Exp of Normalized LogL: 0.153621, Best Rate: 0.3
Fault: [0,1,2,1,4,5], logL: -9.837950, Exp of LogL: 0.000053, Normalized LogL: -1.967590, Exp of Normalized LogL: 0.139793, Best Rate: 0.3
Fault: [0,1,2,3,4,5], logL: -9.973052, Exp of LogL: 0.000047, Normalized LogL: -1.994610, Exp of Normalized LogL: 0.136067, Best Rate: 0.3

========= ADAPTIVE MC DEBUG =========
Total calls: 50
Avg tries: 170.00
Confidence stops: 50
Max stops: 0
Max stop rate: 0.000
Real Fault Rank 2
===== SEED 28 | FR=0.3 | VR=40 =====
executing with fault mode: [0,1,2,4,4,5]

executing with fault mode: [0,1,2,4,4,5]

Fault scores (higher is better):
Fault: [0,1,2,5,4,5], logL: -13.952361, Exp of LogL: 0.000001, Normalized LogL: -1.550262, Exp of Normalized LogL: 0.212192, Best Rate: 0.3
Fault: [0,1,2,4,4,5], logL: -13.952361, Exp of LogL: 0.000001, Normalized LogL: -1.550262, Exp of Normalized LogL: 0.212192, Best Rate: 0.3
Fault: [0,1,2,4,5,5], logL: -14.645508, Exp of LogL: 0.000000, Normalized LogL: -1.627279, Exp of Normalized LogL: 0.196463, Best Rate: 0.3
Fault: [0,1,2,4,1,5], logL: -14.645508, Exp of LogL: 0.000000, Normalized LogL: -1.627279, Exp of Normalized LogL: 0.196463, Best Rate: 0.3
Fault: [0,1,2,4,2,5], logL: -14.645508, Exp of LogL: 0.000000, Normalized LogL: -1.627279, Exp of Normalized LogL: 0.196463, Best Rate: 0.3
Fault: [0,1,2,4,0,5], logL: -14.868652, Exp of LogL: 0.000000, Normalized LogL: -1.652072, Exp of Normalized LogL: 0.191652, Best Rate: 0.3
Fault: [0,1,2,1,4,5], logL: -16.569019, Exp of LogL: 0.000000, Normalized LogL: -1.841002, Exp of Normalized LogL: 0.158658, Best Rate: 0.3
Fault: [0,1,2,3,4,5], logL: -16.824749, Exp of LogL: 0.000000, Normalized LogL: -1.869417, Exp of Normalized LogL: 0.154214, Best Rate: 0.3
Fault: [0,1,2,0,4,5], logL: -17.234874, Exp of LogL: 0.000000, Normalized LogL: -1.914986, Exp of Normalized LogL: 0.147344, Best Rate: 0.3
Fault: [0,1,2,2,4,5], logL: -17.466466, Exp of LogL: 0.000000, Normalized LogL: -1.940718, Exp of Normalized LogL: 0.143601, Best Rate: 0.3

========= ADAPTIVE MC DEBUG =========
Total calls: 90
Avg tries: 150.00
Confidence stops: 90
Max stops: 0
Max stop rate: 0.000
Real Fault Rank 2
===== SEED 28 | FR=0.3 | VR=60 =====
executing with fault mode: [0,1,2,4,4,5]

executing with fault mode: [0,1,2,4,4,5]

Fault scores (higher is better):
Fault: [0,1,2,5,4,5], logL: -18.425678, Exp of LogL: 0.000000, Normalized LogL: -1.316120, Exp of Normalized LogL: 0.268174, Best Rate: 0.3
Fault: [0,1,2,4,4,5], logL: -18.425678, Exp of LogL: 0.000000, Normalized LogL: -1.316120, Exp of Normalized LogL: 0.268174, Best Rate: 0.3
Fault: [0,1,2,4,5,5], logL: -19.118825, Exp of LogL: 0.000000, Normalized LogL: -1.365630, Exp of Normalized LogL: 0.255220, Best Rate: 0.3
Fault: [0,1,2,4,1,5], logL: -19.118825, Exp of LogL: 0.000000, Normalized LogL: -1.365630, Exp of Normalized LogL: 0.255220, Best Rate: 0.3
Fault: [0,1,2,4,2,5], logL: -19.118825, Exp of LogL: 0.000000, Normalized LogL: -1.365630, Exp of Normalized LogL: 0.255220, Best Rate: 0.3
Fault: [0,1,2,4,0,5], logL: -19.341969, Exp of LogL: 0.000000, Normalized LogL: -1.381569, Exp of Normalized LogL: 0.251184, Best Rate: 0.3
Fault: [0,1,2,3,4,5], logL: -175.348949, Exp of LogL: 0.000000, Normalized LogL: -12.524925, Exp of Normalized LogL: 0.000004, Best Rate: 0.3
Fault: [0,1,2,1,4,5], logL: -176.205076, Exp of LogL: 0.000000, Normalized LogL: -12.586077, Exp of Normalized LogL: 0.000003, Best Rate: 0.3
Fault: [0,1,2,0,4,5], logL: -176.305617, Exp of LogL: 0.000000, Normalized LogL: -12.593258, Exp of Normalized LogL: 0.000003, Best Rate: 0.3
Fault: [0,1,2,2,4,5], logL: -176.405746, Exp of LogL: 0.000000, Normalized LogL: -12.600410, Exp of Normalized LogL: 0.000003, Best Rate: 0.3

========= ADAPTIVE MC DEBUG =========
Total calls: 140
Avg tries: 150.00
Confidence stops: 140
Max stops: 0
Max stop rate: 0.000
Real Fault Rank 2
===== SEED 28 | FR=0.3 | VR=80 =====
executing with fault mode: [0,1,2,4,4,5]

executing with fault mode: [0,1,2,4,4,5]

Fault scores (higher is better):
Fault: [0,1,2,4,5,5], logL: -20.120596, Exp of LogL: 0.000000, Normalized LogL: -1.117811, Exp of Normalized LogL: 0.326995, Best Rate: 0.3
Fault: [0,1,2,4,1,5], logL: -20.120596, Exp of LogL: 0.000000, Normalized LogL: -1.117811, Exp of Normalized LogL: 0.326995, Best Rate: 0.3
Fault: [0,1,2,5,4,5], logL: -21.036887, Exp of LogL: 0.000000, Normalized LogL: -1.168716, Exp of Normalized LogL: 0.310766, Best Rate: 0.3
Fault: [0,1,2,4,4,5], logL: -21.036887, Exp of LogL: 0.000000, Normalized LogL: -1.168716, Exp of Normalized LogL: 0.310766, Best Rate: 0.3
Fault: [0,1,2,4,0,5], logL: -21.036887, Exp of LogL: 0.000000, Normalized LogL: -1.168716, Exp of Normalized LogL: 0.310766, Best Rate: 0.3
Fault: [0,1,2,4,2,5], logL: -21.036887, Exp of LogL: 0.000000, Normalized LogL: -1.168716, Exp of Normalized LogL: 0.310766, Best Rate: 0.3
Fault: [0,1,2,3,4,5], logL: -177.665862, Exp of LogL: 0.000000, Normalized LogL: -9.870326, Exp of Normalized LogL: 0.000052, Best Rate: 0.3
Fault: [0,1,2,1,4,5], logL: -178.834270, Exp of LogL: 0.000000, Normalized LogL: -9.935237, Exp of Normalized LogL: 0.000048, Best Rate: 0.3
Fault: [0,1,2,2,4,5], logL: -179.106400, Exp of LogL: 0.000000, Normalized LogL: -9.950356, Exp of Normalized LogL: 0.000048, Best Rate: 0.3
Fault: [0,1,2,0,4,5], logL: -179.404815, Exp of LogL: 0.000000, Normalized LogL: -9.966934, Exp of Normalized LogL: 0.000047, Best Rate: 0.3

========= ADAPTIVE MC DEBUG =========
Total calls: 180
Avg tries: 150.00
Confidence stops: 180
Max stops: 0
Max stop rate: 0.000
Real Fault Rank 4
===== SEED 28 | FR=0.3 | VR=100 =====
executing with fault mode: [0,1,2,4,4,5]

executing with fault mode: [0,1,2,4,4,5]

Fault scores (higher is better):
Fault: [0,1,2,5,4,5], logL: -20.560801, Exp of LogL: 0.000000, Normalized LogL: -0.893948, Exp of Normalized LogL: 0.409038, Best Rate: 0.3
Fault: [0,1,2,4,4,5], logL: -20.560801, Exp of LogL: 0.000000, Normalized LogL: -0.893948, Exp of Normalized LogL: 0.409038, Best Rate: 0.3
Fault: [0,1,2,4,5,5], logL: -20.907997, Exp of LogL: 0.000000, Normalized LogL: -0.909043, Exp of Normalized LogL: 0.402909, Best Rate: 0.3
Fault: [0,1,2,4,1,5], logL: -20.907997, Exp of LogL: 0.000000, Normalized LogL: -0.909043, Exp of Normalized LogL: 0.402909, Best Rate: 0.3
Fault: [0,1,2,4,0,5], logL: -20.907997, Exp of LogL: 0.000000, Normalized LogL: -0.909043, Exp of Normalized LogL: 0.402909, Best Rate: 0.3
Fault: [0,1,2,4,2,5], logL: -20.907997, Exp of LogL: 0.000000, Normalized LogL: -0.909043, Exp of Normalized LogL: 0.402909, Best Rate: 0.3
Fault: [0,1,2,3,4,5], logL: -178.100531, Exp of LogL: 0.000000, Normalized LogL: -7.743501, Exp of Normalized LogL: 0.000434, Best Rate: 0.3
Fault: [0,1,2,1,4,5], logL: -178.284854, Exp of LogL: 0.000000, Normalized LogL: -7.751515, Exp of Normalized LogL: 0.000430, Best Rate: 0.3
Fault: [0,1,2,2,4,5], logL: -178.630314, Exp of LogL: 0.000000, Normalized LogL: -7.766535, Exp of Normalized LogL: 0.000424, Best Rate: 0.3
Fault: [0,1,2,0,4,5], logL: -179.243879, Exp of LogL: 0.000000, Normalized LogL: -7.793212, Exp of Normalized LogL: 0.000413, Best Rate: 0.3

========= ADAPTIVE MC DEBUG =========
Total calls: 230
Avg tries: 150.00
Confidence stops: 230
Max stops: 0
Max stop rate: 0.000
Real Fault Rank 2
================= 22/08/2026 04:38:36: SEED 28 END =================
================= 22/08/2026 04:38:36: SEED 29 (27/100), a*=1 fault=[0,0,2,3,4,5] START =================
===== SEED 29 | FR=0.3 | VR=20 =====
executing with fault mode: [0,0,2,3,4,5]

Fault scores (higher is better):
Fault: [0,3,2,3,4,5], logL: -16.307473, Exp of LogL: 0.000000, Normalized LogL: -2.038434, Exp of Normalized LogL: 0.130232, Best Rate: 0.3
Fault: [0,0,2,3,0,5], logL: -17.012705, Exp of LogL: 0.000000, Normalized LogL: -2.126588, Exp of Normalized LogL: 0.119243, Best Rate: 0.3
Fault: [0,0,2,3,3,5], logL: -17.055265, Exp of LogL: 0.000000, Normalized LogL: -2.131908, Exp of Normalized LogL: 0.118611, Best Rate: 0.3
Fault: [0,0,2,3,4,5], logL: -17.099717, Exp of LogL: 0.000000, Normalized LogL: -2.137465, Exp of Normalized LogL: 0.117954, Best Rate: 0.3
Fault: [0,0,2,3,2,5], logL: -17.099717, Exp of LogL: 0.000000, Normalized LogL: -2.137465, Exp of Normalized LogL: 0.117954, Best Rate: 0.3
Fault: [0,0,2,3,5,5], logL: -17.099717, Exp of LogL: 0.000000, Normalized LogL: -2.137465, Exp of Normalized LogL: 0.117954, Best Rate: 0.3
Fault: [0,4,2,3,4,5], logL: -17.297352, Exp of LogL: 0.000000, Normalized LogL: -2.162169, Exp of Normalized LogL: 0.115075, Best Rate: 0.3
Fault: [0,5,2,3,4,5], logL: -17.297352, Exp of LogL: 0.000000, Normalized LogL: -2.162169, Exp of Normalized LogL: 0.115075, Best Rate: 0.3
Fault: [0,2,2,3,4,5], logL: -17.723020, Exp of LogL: 0.000000, Normalized LogL: -2.215378, Exp of Normalized LogL: 0.109112, Best Rate: 0.3
Fault: [0,1,2,3,4,5], logL: -41.571501, Exp of LogL: 0.000000, Normalized LogL: -5.196438, Exp of Normalized LogL: 0.005536, Best Rate: 0.3

========= ADAPTIVE MC DEBUG =========
Total calls: 80
Avg tries: 168.75
Confidence stops: 80
Max stops: 0
Max stop rate: 0.000
Real Fault Rank 4
===== SEED 29 | FR=0.3 | VR=40 =====
executing with fault mode: [0,0,2,3,4,5]

Fault scores (higher is better):
Fault: [0,0,2,3,4,5], logL: -26.170599, Exp of LogL: 0.000000, Normalized LogL: -1.744707, Exp of Normalized LogL: 0.174696, Best Rate: 0.3
Fault: [0,0,2,3,0,5], logL: -26.507071, Exp of LogL: 0.000000, Normalized LogL: -1.767138, Exp of Normalized LogL: 0.170821, Best Rate: 0.3
Fault: [0,0,2,3,2,5], logL: -26.507071, Exp of LogL: 0.000000, Normalized LogL: -1.767138, Exp of Normalized LogL: 0.170821, Best Rate: 0.3
Fault: [0,0,2,3,5,5], logL: -26.507071, Exp of LogL: 0.000000, Normalized LogL: -1.767138, Exp of Normalized LogL: 0.170821, Best Rate: 0.3
Fault: [0,0,2,3,3,5], logL: -26.507071, Exp of LogL: 0.000000, Normalized LogL: -1.767138, Exp of Normalized LogL: 0.170821, Best Rate: 0.3
Fault: [0,2,2,3,4,5], logL: -28.435813, Exp of LogL: 0.000000, Normalized LogL: -1.895721, Exp of Normalized LogL: 0.150210, Best Rate: 0.3
Fault: [0,3,2,3,4,5], logL: -50.822805, Exp of LogL: 0.000000, Normalized LogL: -3.388187, Exp of Normalized LogL: 0.033770, Best Rate: 0.3
Fault: [0,4,2,3,4,5], logL: -52.187802, Exp of LogL: 0.000000, Normalized LogL: -3.479187, Exp of Normalized LogL: 0.030832, Best Rate: 0.3
Fault: [0,5,2,3,4,5], logL: -52.187802, Exp of LogL: 0.000000, Normalized LogL: -3.479187, Exp of Normalized LogL: 0.030832, Best Rate: 0.3
Fault: [0,1,2,3,4,5], logL: -74.461459, Exp of LogL: 0.000000, Normalized LogL: -4.964097, Exp of Normalized LogL: 0.006984, Best Rate: 0.3

========= ADAPTIVE MC DEBUG =========
Total calls: 150
Avg tries: 153.33
Confidence stops: 150
Max stops: 0
Max stop rate: 0.000
Real Fault Rank 1
===== SEED 29 | FR=0.3 | VR=60 =====
executing with fault mode: [0,0,2,3,4,5]

Fault scores (higher is better):
Fault: [0,0,2,3,4,5], logL: -30.538512, Exp of LogL: 0.000000, Normalized LogL: -1.388114, Exp of Normalized LogL: 0.249545, Best Rate: 0.3
Fault: [0,0,2,3,0,5], logL: -30.943977, Exp of LogL: 0.000000, Normalized LogL: -1.406544, Exp of Normalized LogL: 0.244988, Best Rate: 0.3
Fault: [0,0,2,3,2,5], logL: -30.943977, Exp of LogL: 0.000000, Normalized LogL: -1.406544, Exp of Normalized LogL: 0.244988, Best Rate: 0.3
Fault: [0,0,2,3,5,5], logL: -30.943977, Exp of LogL: 0.000000, Normalized LogL: -1.406544, Exp of Normalized LogL: 0.244988, Best Rate: 0.3
Fault: [0,0,2,3,3,5], logL: -30.943977, Exp of LogL: 0.000000, Normalized LogL: -1.406544, Exp of Normalized LogL: 0.244988, Best Rate: 0.3
Fault: [0,2,2,3,4,5], logL: -32.030597, Exp of LogL: 0.000000, Normalized LogL: -1.455936, Exp of Normalized LogL: 0.233182, Best Rate: 0.3
Fault: [0,3,2,3,4,5], logL: -55.797954, Exp of LogL: 0.000000, Normalized LogL: -2.536271, Exp of Normalized LogL: 0.079161, Best Rate: 0.3
Fault: [0,1,2,3,4,5], logL: -80.864052, Exp of LogL: 0.000000, Normalized LogL: -3.675639, Exp of Normalized LogL: 0.025333, Best Rate: 0.3
Fault: [0,4,2,3,4,5], logL: -81.114773, Exp of LogL: 0.000000, Normalized LogL: -3.687035, Exp of Normalized LogL: 0.025046, Best Rate: 0.3
Fault: [0,5,2,3,4,5], logL: -81.114773, Exp of LogL: 0.000000, Normalized LogL: -3.687035, Exp of Normalized LogL: 0.025046, Best Rate: 0.3

========= ADAPTIVE MC DEBUG =========
Total calls: 220
Avg tries: 150.00
Confidence stops: 220
Max stops: 0
Max stop rate: 0.000
Real Fault Rank 1
===== SEED 29 | FR=0.3 | VR=80 =====
executing with fault mode: [0,0,2,3,4,5]

Fault scores (higher is better):
Fault: [0,2,2,3,4,5], logL: -35.397929, Exp of LogL: 0.000000, Normalized LogL: -1.220618, Exp of Normalized LogL: 0.295048, Best Rate: 0.3
Fault: [0,0,2,3,4,5], logL: -35.450562, Exp of LogL: 0.000000, Normalized LogL: -1.222433, Exp of Normalized LogL: 0.294513, Best Rate: 0.3
Fault: [0,0,2,3,0,5], logL: -35.807237, Exp of LogL: 0.000000, Normalized LogL: -1.234732, Exp of Normalized LogL: 0.290913, Best Rate: 0.3
Fault: [0,0,2,3,2,5], logL: -35.807237, Exp of LogL: 0.000000, Normalized LogL: -1.234732, Exp of Normalized LogL: 0.290913, Best Rate: 0.3
Fault: [0,0,2,3,5,5], logL: -35.807237, Exp of LogL: 0.000000, Normalized LogL: -1.234732, Exp of Normalized LogL: 0.290913, Best Rate: 0.3
Fault: [0,0,2,3,3,5], logL: -35.807237, Exp of LogL: 0.000000, Normalized LogL: -1.234732, Exp of Normalized LogL: 0.290913, Best Rate: 0.3
Fault: [0,3,2,3,4,5], logL: -59.765483, Exp of LogL: 0.000000, Normalized LogL: -2.060879, Exp of Normalized LogL: 0.127342, Best Rate: 0.3
Fault: [0,4,2,3,4,5], logL: -84.940045, Exp of LogL: 0.000000, Normalized LogL: -2.928967, Exp of Normalized LogL: 0.053452, Best Rate: 0.3
Fault: [0,5,2,3,4,5], logL: -84.940045, Exp of LogL: 0.000000, Normalized LogL: -2.928967, Exp of Normalized LogL: 0.053452, Best Rate: 0.3
Fault: [0,1,2,3,4,5], logL: -85.281101, Exp of LogL: 0.000000, Normalized LogL: -2.940728, Exp of Normalized LogL: 0.052827, Best Rate: 0.3

========= ADAPTIVE MC DEBUG =========
Total calls: 290
Avg tries: 150.00
Confidence stops: 290
Max stops: 0
Max stop rate: 0.000
Real Fault Rank 2
===== SEED 29 | FR=0.3 | VR=100 =====
executing with fault mode: [0,0,2,3,4,5]

Fault scores (higher is better):
Fault: [0,0,2,3,4,5], logL: -39.030692, Exp of LogL: 0.000000, Normalized LogL: -1.054884, Exp of Normalized LogL: 0.348233, Best Rate: 0.3
Fault: [0,0,2,3,0,5], logL: -39.387367, Exp of LogL: 0.000000, Normalized LogL: -1.064523, Exp of Normalized LogL: 0.344892, Best Rate: 0.3
Fault: [0,0,2,3,2,5], logL: -39.387367, Exp of LogL: 0.000000, Normalized LogL: -1.064523, Exp of Normalized LogL: 0.344892, Best Rate: 0.3
Fault: [0,0,2,3,5,5], logL: -39.387367, Exp of LogL: 0.000000, Normalized LogL: -1.064523, Exp of Normalized LogL: 0.344892, Best Rate: 0.3
Fault: [0,0,2,3,3,5], logL: -39.387367, Exp of LogL: 0.000000, Normalized LogL: -1.064523, Exp of Normalized LogL: 0.344892, Best Rate: 0.3
Fault: [0,2,2,3,4,5], logL: -64.636294, Exp of LogL: 0.000000, Normalized LogL: -1.746927, Exp of Normalized LogL: 0.174309, Best Rate: 0.3
Fault: [0,3,2,3,4,5], logL: -65.471039, Exp of LogL: 0.000000, Normalized LogL: -1.769488, Exp of Normalized LogL: 0.170420, Best Rate: 0.3
Fault: [0,1,2,3,4,5], logL: -113.226650, Exp of LogL: 0.000000, Normalized LogL: -3.060180, Exp of Normalized LogL: 0.046879, Best Rate: 0.3
Fault: [0,4,2,3,4,5], logL: -114.360731, Exp of LogL: 0.000000, Normalized LogL: -3.090831, Exp of Normalized LogL: 0.045464, Best Rate: 0.3
Fault: [0,5,2,3,4,5], logL: -114.360731, Exp of LogL: 0.000000, Normalized LogL: -3.090831, Exp of Normalized LogL: 0.045464, Best Rate: 0.3

========= ADAPTIVE MC DEBUG =========
Total calls: 370
Avg tries: 150.00
Confidence stops: 370
Max stops: 0
Max stop rate: 0.000
Real Fault Rank 1
================= 22/08/2026 04:39:06: SEED 29 END =================
================= 22/08/2026 04:39:06: SEED 30 (28/100), a*=3 fault=[0,1,2,0,4,5] START =================
===== SEED 30 | FR=0.3 | VR=20 =====
executing with fault mode: [0,1,2,0,4,5]

Fault scores (higher is better):
Fault: [0,1,2,1,4,5], logL: -12.452265, Exp of LogL: 0.000004, Normalized LogL: -1.778895, Exp of Normalized LogL: 0.168825, Best Rate: 0.3
Fault: [0,1,2,2,4,5], logL: -12.653162, Exp of LogL: 0.000003, Normalized LogL: -1.807595, Exp of Normalized LogL: 0.164048, Best Rate: 0.3
Fault: [0,1,2,0,0,5], logL: -12.807020, Exp of LogL: 0.000003, Normalized LogL: -1.829574, Exp of Normalized LogL: 0.160482, Best Rate: 0.3
Fault: [0,1,2,0,3,5], logL: -12.807020, Exp of LogL: 0.000003, Normalized LogL: -1.829574, Exp of Normalized LogL: 0.160482, Best Rate: 0.3
Fault: [0,1,2,0,4,5], logL: -12.995072, Exp of LogL: 0.000002, Normalized LogL: -1.856439, Exp of Normalized LogL: 0.156228, Best Rate: 0.3
Fault: [0,1,2,0,1,5], logL: -12.995072, Exp of LogL: 0.000002, Normalized LogL: -1.856439, Exp of Normalized LogL: 0.156228, Best Rate: 0.3
Fault: [0,1,2,0,2,5], logL: -13.104272, Exp of LogL: 0.000002, Normalized LogL: -1.872039, Exp of Normalized LogL: 0.153810, Best Rate: 0.3
Fault: [0,1,2,3,4,5], logL: -13.460825, Exp of LogL: 0.000001, Normalized LogL: -1.922975, Exp of Normalized LogL: 0.146171, Best Rate: 0.3
Fault: [0,1,2,4,4,5], logL: -13.940662, Exp of LogL: 0.000001, Normalized LogL: -1.991523, Exp of Normalized LogL: 0.136487, Best Rate: 0.3
Fault: [0,1,2,5,4,5], logL: -13.940662, Exp of LogL: 0.000001, Normalized LogL: -1.991523, Exp of Normalized LogL: 0.136487, Best Rate: 0.3

========= ADAPTIVE MC DEBUG =========
Total calls: 70
Avg tries: 171.43
Confidence stops: 70
Max stops: 0
Max stop rate: 0.000
Real Fault Rank 5
===== SEED 30 | FR=0.3 | VR=40 =====
executing with fault mode: [0,1,2,0,4,5]

Fault scores (higher is better):
Fault: [0,1,2,1,4,5], logL: -19.107081, Exp of LogL: 0.000000, Normalized LogL: -1.364792, Exp of Normalized LogL: 0.255434, Best Rate: 0.3
Fault: [0,1,2,2,4,5], logL: -19.170883, Exp of LogL: 0.000000, Normalized LogL: -1.369349, Exp of Normalized LogL: 0.254272, Best Rate: 0.3
Fault: [0,1,2,4,4,5], logL: -21.409509, Exp of LogL: 0.000000, Normalized LogL: -1.529251, Exp of Normalized LogL: 0.216698, Best Rate: 0.3
Fault: [0,1,2,5,4,5], logL: -21.409509, Exp of LogL: 0.000000, Normalized LogL: -1.529251, Exp of Normalized LogL: 0.216698, Best Rate: 0.3
Fault: [0,1,2,0,4,5], logL: -21.694041, Exp of LogL: 0.000000, Normalized LogL: -1.549574, Exp of Normalized LogL: 0.212338, Best Rate: 0.3
Fault: [0,1,2,0,0,5], logL: -22.060285, Exp of LogL: 0.000000, Normalized LogL: -1.575735, Exp of Normalized LogL: 0.206856, Best Rate: 0.3
Fault: [0,1,2,0,2,5], logL: -22.060285, Exp of LogL: 0.000000, Normalized LogL: -1.575735, Exp of Normalized LogL: 0.206856, Best Rate: 0.3
Fault: [0,1,2,0,3,5], logL: -22.060285, Exp of LogL: 0.000000, Normalized LogL: -1.575735, Exp of Normalized LogL: 0.206856, Best Rate: 0.3
Fault: [0,1,2,0,1,5], logL: -22.060285, Exp of LogL: 0.000000, Normalized LogL: -1.575735, Exp of Normalized LogL: 0.206856, Best Rate: 0.3
Fault: [0,1,2,3,4,5], logL: -22.857431, Exp of LogL: 0.000000, Normalized LogL: -1.632674, Exp of Normalized LogL: 0.195406, Best Rate: 0.3

========= ADAPTIVE MC DEBUG =========
Total calls: 140
Avg tries: 153.57
Confidence stops: 140
Max stops: 0
Max stop rate: 0.000
Real Fault Rank 5
===== SEED 30 | FR=0.3 | VR=60 =====
executing with fault mode: [0,1,2,0,4,5]

Fault scores (higher is better):
Fault: [0,1,2,1,4,5], logL: -25.171131, Exp of LogL: 0.000000, Normalized LogL: -1.198625, Exp of Normalized LogL: 0.301609, Best Rate: 0.3
Fault: [0,1,2,2,4,5], logL: -25.653526, Exp of LogL: 0.000000, Normalized LogL: -1.221596, Exp of Normalized LogL: 0.294759, Best Rate: 0.3
Fault: [0,1,2,0,4,5], logL: -26.970827, Exp of LogL: 0.000000, Normalized LogL: -1.284325, Exp of Normalized LogL: 0.276837, Best Rate: 0.3
Fault: [0,1,2,0,0,5], logL: -27.245263, Exp of LogL: 0.000000, Normalized LogL: -1.297393, Exp of Normalized LogL: 0.273243, Best Rate: 0.3
Fault: [0,1,2,0,2,5], logL: -27.245263, Exp of LogL: 0.000000, Normalized LogL: -1.297393, Exp of Normalized LogL: 0.273243, Best Rate: 0.3
Fault: [0,1,2,0,3,5], logL: -27.245263, Exp of LogL: 0.000000, Normalized LogL: -1.297393, Exp of Normalized LogL: 0.273243, Best Rate: 0.3
Fault: [0,1,2,0,1,5], logL: -27.245263, Exp of LogL: 0.000000, Normalized LogL: -1.297393, Exp of Normalized LogL: 0.273243, Best Rate: 0.3
Fault: [0,1,2,3,4,5], logL: -27.954962, Exp of LogL: 0.000000, Normalized LogL: -1.331189, Exp of Normalized LogL: 0.264163, Best Rate: 0.3
Fault: [0,1,2,4,4,5], logL: -51.599263, Exp of LogL: 0.000000, Normalized LogL: -2.457108, Exp of Normalized LogL: 0.085682, Best Rate: 0.3
Fault: [0,1,2,5,4,5], logL: -51.599263, Exp of LogL: 0.000000, Normalized LogL: -2.457108, Exp of Normalized LogL: 0.085682, Best Rate: 0.3

========= ADAPTIVE MC DEBUG =========
Total calls: 210
Avg tries: 152.38
Confidence stops: 210
Max stops: 0
Max stop rate: 0.000
Real Fault Rank 3
===== SEED 30 | FR=0.3 | VR=80 =====
executing with fault mode: [0,1,2,0,4,5]

Fault scores (higher is better):
Fault: [0,1,2,0,4,5], logL: -30.806750, Exp of LogL: 0.000000, Normalized LogL: -1.100241, Exp of Normalized LogL: 0.332791, Best Rate: 0.3
Fault: [0,1,2,1,4,5], logL: -30.926894, Exp of LogL: 0.000000, Normalized LogL: -1.104532, Exp of Normalized LogL: 0.331366, Best Rate: 0.3
Fault: [0,1,2,0,0,5], logL: -31.081187, Exp of LogL: 0.000000, Normalized LogL: -1.110042, Exp of Normalized LogL: 0.329545, Best Rate: 0.3
Fault: [0,1,2,0,2,5], logL: -31.081187, Exp of LogL: 0.000000, Normalized LogL: -1.110042, Exp of Normalized LogL: 0.329545, Best Rate: 0.3
Fault: [0,1,2,0,3,5], logL: -31.081187, Exp of LogL: 0.000000, Normalized LogL: -1.110042, Exp of Normalized LogL: 0.329545, Best Rate: 0.3
Fault: [0,1,2,0,1,5], logL: -31.081187, Exp of LogL: 0.000000, Normalized LogL: -1.110042, Exp of Normalized LogL: 0.329545, Best Rate: 0.3
Fault: [0,1,2,2,4,5], logL: -31.411711, Exp of LogL: 0.000000, Normalized LogL: -1.121847, Exp of Normalized LogL: 0.325678, Best Rate: 0.3
Fault: [0,1,2,3,4,5], logL: -33.273608, Exp of LogL: 0.000000, Normalized LogL: -1.188343, Exp of Normalized LogL: 0.304726, Best Rate: 0.3
Fault: [0,1,2,4,4,5], logL: -34.744712, Exp of LogL: 0.000000, Normalized LogL: -1.240883, Exp of Normalized LogL: 0.289129, Best Rate: 0.3
Fault: [0,1,2,5,4,5], logL: -34.744712, Exp of LogL: 0.000000, Normalized LogL: -1.240883, Exp of Normalized LogL: 0.289129, Best Rate: 0.3

========= ADAPTIVE MC DEBUG =========
Total calls: 280
Avg tries: 150.00
Confidence stops: 280
Max stops: 0
Max stop rate: 0.000
Real Fault Rank 1
===== SEED 30 | FR=0.3 | VR=100 =====
executing with fault mode: [0,1,2,0,4,5]

Fault scores (higher is better):
Fault: [0,1,2,0,4,5], logL: -35.560636, Exp of LogL: 0.000000, Normalized LogL: -1.016018, Exp of Normalized LogL: 0.362034, Best Rate: 0.3
Fault: [0,1,2,1,4,5], logL: -35.695994, Exp of LogL: 0.000000, Normalized LogL: -1.019886, Exp of Normalized LogL: 0.360636, Best Rate: 0.3
Fault: [0,1,2,2,4,5], logL: -35.759450, Exp of LogL: 0.000000, Normalized LogL: -1.021699, Exp of Normalized LogL: 0.359983, Best Rate: 0.3
Fault: [0,1,2,0,0,5], logL: -35.835073, Exp of LogL: 0.000000, Normalized LogL: -1.023859, Exp of Normalized LogL: 0.359206, Best Rate: 0.3
Fault: [0,1,2,0,2,5], logL: -35.835073, Exp of LogL: 0.000000, Normalized LogL: -1.023859, Exp of Normalized LogL: 0.359206, Best Rate: 0.3
Fault: [0,1,2,0,3,5], logL: -35.835073, Exp of LogL: 0.000000, Normalized LogL: -1.023859, Exp of Normalized LogL: 0.359206, Best Rate: 0.3
Fault: [0,1,2,0,1,5], logL: -35.835073, Exp of LogL: 0.000000, Normalized LogL: -1.023859, Exp of Normalized LogL: 0.359206, Best Rate: 0.3
Fault: [0,1,2,3,4,5], logL: -61.578057, Exp of LogL: 0.000000, Normalized LogL: -1.759373, Exp of Normalized LogL: 0.172153, Best Rate: 0.3
Fault: [0,1,2,4,4,5], logL: -64.938931, Exp of LogL: 0.000000, Normalized LogL: -1.855398, Exp of Normalized LogL: 0.156391, Best Rate: 0.3
Fault: [0,1,2,5,4,5], logL: -64.938931, Exp of LogL: 0.000000, Normalized LogL: -1.855398, Exp of Normalized LogL: 0.156391, Best Rate: 0.3

========= ADAPTIVE MC DEBUG =========
Total calls: 350
Avg tries: 150.00
Confidence stops: 350
Max stops: 0
Max stop rate: 0.000
Real Fault Rank 1
================= 22/08/2026 04:39:34: SEED 30 END =================
================= 22/08/2026 04:39:34: SEED 31 (29/100), a*=0 fault=[4,1,2,3,4,5] START =================
===== SEED 31 | FR=0.3 | VR=20 =====
executing with fault mode: [4,1,2,3,4,5]

Fault scores (higher is better):
Fault: [4,1,2,3,4,5], logL: -13.228703, Exp of LogL: 0.000002, Normalized LogL: -1.889815, Exp of Normalized LogL: 0.151100, Best Rate: 0.3
Fault: [4,1,2,1,4,5], logL: -13.382853, Exp of LogL: 0.000002, Normalized LogL: -1.911836, Exp of Normalized LogL: 0.147809, Best Rate: 0.3
Fault: [4,1,2,5,4,5], logL: -13.382853, Exp of LogL: 0.000002, Normalized LogL: -1.911836, Exp of Normalized LogL: 0.147809, Best Rate: 0.3
Fault: [4,1,2,2,4,5], logL: -13.382853, Exp of LogL: 0.000002, Normalized LogL: -1.911836, Exp of Normalized LogL: 0.147809, Best Rate: 0.3
Fault: [4,1,2,0,4,5], logL: -13.382853, Exp of LogL: 0.000002, Normalized LogL: -1.911836, Exp of Normalized LogL: 0.147809, Best Rate: 0.3
Fault: [5,1,2,3,4,5], logL: -13.814996, Exp of LogL: 0.000001, Normalized LogL: -1.973571, Exp of Normalized LogL: 0.138960, Best Rate: 0.3
Fault: [1,1,2,3,4,5], logL: -14.492973, Exp of LogL: 0.000001, Normalized LogL: -2.070425, Exp of Normalized LogL: 0.126132, Best Rate: 0.3
Fault: [2,1,2,3,4,5], logL: -15.070191, Exp of LogL: 0.000000, Normalized LogL: -2.152884, Exp of Normalized LogL: 0.116149, Best Rate: 0.3
Fault: [3,1,2,3,4,5], logL: -15.664376, Exp of LogL: 0.000000, Normalized LogL: -2.237768, Exp of Normalized LogL: 0.106696, Best Rate: 0.3
Fault: [0,1,2,3,4,5], logL: -16.364197, Exp of LogL: 0.000000, Normalized LogL: -2.337742, Exp of Normalized LogL: 0.096545, Best Rate: 0.3

========= ADAPTIVE MC DEBUG =========
Total calls: 70
Avg tries: 171.43
Confidence stops: 70
Max stops: 0
Max stop rate: 0.000
Real Fault Rank 1
===== SEED 31 | FR=0.3 | VR=40 =====
executing with fault mode: [4,1,2,3,4,5]

Fault scores (higher is better):
Fault: [4,1,2,3,4,5], logL: -20.456516, Exp of LogL: 0.000000, Normalized LogL: -1.573578, Exp of Normalized LogL: 0.207302, Best Rate: 0.3
Fault: [4,1,2,1,4,5], logL: -20.610666, Exp of LogL: 0.000000, Normalized LogL: -1.585436, Exp of Normalized LogL: 0.204858, Best Rate: 0.3
Fault: [4,1,2,5,4,5], logL: -20.610666, Exp of LogL: 0.000000, Normalized LogL: -1.585436, Exp of Normalized LogL: 0.204858, Best Rate: 0.3
Fault: [4,1,2,2,4,5], logL: -20.610666, Exp of LogL: 0.000000, Normalized LogL: -1.585436, Exp of Normalized LogL: 0.204858, Best Rate: 0.3
Fault: [4,1,2,0,4,5], logL: -20.610666, Exp of LogL: 0.000000, Normalized LogL: -1.585436, Exp of Normalized LogL: 0.204858, Best Rate: 0.3
Fault: [2,1,2,3,4,5], logL: -20.859666, Exp of LogL: 0.000000, Normalized LogL: -1.604590, Exp of Normalized LogL: 0.200972, Best Rate: 0.3
Fault: [1,1,2,3,4,5], logL: -20.911597, Exp of LogL: 0.000000, Normalized LogL: -1.608584, Exp of Normalized LogL: 0.200171, Best Rate: 0.3
Fault: [5,1,2,3,4,5], logL: -20.933440, Exp of LogL: 0.000000, Normalized LogL: -1.610265, Exp of Normalized LogL: 0.199835, Best Rate: 0.3
Fault: [0,1,2,3,4,5], logL: -45.162186, Exp of LogL: 0.000000, Normalized LogL: -3.474014, Exp of Normalized LogL: 0.030992, Best Rate: 0.3
Fault: [3,1,2,3,4,5], logL: -45.401255, Exp of LogL: 0.000000, Normalized LogL: -3.492404, Exp of Normalized LogL: 0.030428, Best Rate: 0.3

========= ADAPTIVE MC DEBUG =========
Total calls: 130
Avg tries: 153.85
Confidence stops: 130
Max stops: 0
Max stop rate: 0.000
Real Fault Rank 1
===== SEED 31 | FR=0.3 | VR=60 =====
executing with fault mode: [4,1,2,3,4,5]

Fault scores (higher is better):
Fault: [3,1,2,3,4,5], logL: -27.108448, Exp of LogL: 0.000000, Normalized LogL: -1.355422, Exp of Normalized LogL: 0.257838, Best Rate: 0.3
Fault: [2,1,2,3,4,5], logL: -27.163615, Exp of LogL: 0.000000, Normalized LogL: -1.358181, Exp of Normalized LogL: 0.257128, Best Rate: 0.3
Fault: [4,1,2,3,4,5], logL: -27.306069, Exp of LogL: 0.000000, Normalized LogL: -1.365303, Exp of Normalized LogL: 0.255303, Best Rate: 0.3
Fault: [5,1,2,3,4,5], logL: -27.306069, Exp of LogL: 0.000000, Normalized LogL: -1.365303, Exp of Normalized LogL: 0.255303, Best Rate: 0.3
Fault: [4,1,2,1,4,5], logL: -27.460220, Exp of LogL: 0.000000, Normalized LogL: -1.373011, Exp of Normalized LogL: 0.253343, Best Rate: 0.3
Fault: [4,1,2,5,4,5], logL: -27.460220, Exp of LogL: 0.000000, Normalized LogL: -1.373011, Exp of Normalized LogL: 0.253343, Best Rate: 0.3
Fault: [4,1,2,2,4,5], logL: -27.460220, Exp of LogL: 0.000000, Normalized LogL: -1.373011, Exp of Normalized LogL: 0.253343, Best Rate: 0.3
Fault: [4,1,2,0,4,5], logL: -27.460220, Exp of LogL: 0.000000, Normalized LogL: -1.373011, Exp of Normalized LogL: 0.253343, Best Rate: 0.3
Fault: [0,1,2,3,4,5], logL: -27.502979, Exp of LogL: 0.000000, Normalized LogL: -1.375149, Exp of Normalized LogL: 0.252802, Best Rate: 0.3
Fault: [1,1,2,3,4,5], logL: -27.688631, Exp of LogL: 0.000000, Normalized LogL: -1.384432, Exp of Normalized LogL: 0.250466, Best Rate: 0.3

========= ADAPTIVE MC DEBUG =========
Total calls: 200
Avg tries: 150.00
Confidence stops: 200
Max stops: 0
Max stop rate: 0.000
Real Fault Rank 3
===== SEED 31 | FR=0.3 | VR=80 =====
executing with fault mode: [4,1,2,3,4,5]

Fault scores (higher is better):
Fault: [2,1,2,3,4,5], logL: -30.982119, Exp of LogL: 0.000000, Normalized LogL: -1.191620, Exp of Normalized LogL: 0.303729, Best Rate: 0.3
Fault: [4,1,2,3,4,5], logL: -31.129464, Exp of LogL: 0.000000, Normalized LogL: -1.197287, Exp of Normalized LogL: 0.302012, Best Rate: 0.3
Fault: [5,1,2,3,4,5], logL: -31.129464, Exp of LogL: 0.000000, Normalized LogL: -1.197287, Exp of Normalized LogL: 0.302012, Best Rate: 0.3
Fault: [4,1,2,1,4,5], logL: -31.283614, Exp of LogL: 0.000000, Normalized LogL: -1.203216, Exp of Normalized LogL: 0.300227, Best Rate: 0.3
Fault: [4,1,2,5,4,5], logL: -31.283614, Exp of LogL: 0.000000, Normalized LogL: -1.203216, Exp of Normalized LogL: 0.300227, Best Rate: 0.3
Fault: [4,1,2,2,4,5], logL: -31.283614, Exp of LogL: 0.000000, Normalized LogL: -1.203216, Exp of Normalized LogL: 0.300227, Best Rate: 0.3
Fault: [4,1,2,0,4,5], logL: -31.283614, Exp of LogL: 0.000000, Normalized LogL: -1.203216, Exp of Normalized LogL: 0.300227, Best Rate: 0.3
Fault: [3,1,2,3,4,5], logL: -31.332417, Exp of LogL: 0.000000, Normalized LogL: -1.205093, Exp of Normalized LogL: 0.299664, Best Rate: 0.3
Fault: [0,1,2,3,4,5], logL: -31.494319, Exp of LogL: 0.000000, Normalized LogL: -1.211320, Exp of Normalized LogL: 0.297804, Best Rate: 0.3
Fault: [1,1,2,3,4,5], logL: -32.088116, Exp of LogL: 0.000000, Normalized LogL: -1.234158, Exp of Normalized LogL: 0.291080, Best Rate: 0.3

========= ADAPTIVE MC DEBUG =========
Total calls: 260
Avg tries: 150.00
Confidence stops: 260
Max stops: 0
Max stop rate: 0.000
Real Fault Rank 2
===== SEED 31 | FR=0.3 | VR=100 =====
executing with fault mode: [4,1,2,3,4,5]

Fault scores (higher is better):
Fault: [2,1,2,3,4,5], logL: -33.681927, Exp of LogL: 0.000000, Normalized LogL: -1.020664, Exp of Normalized LogL: 0.360355, Best Rate: 0.3
Fault: [4,1,2,3,4,5], logL: -33.699218, Exp of LogL: 0.000000, Normalized LogL: -1.021188, Exp of Normalized LogL: 0.360167, Best Rate: 0.3
Fault: [5,1,2,3,4,5], logL: -33.699218, Exp of LogL: 0.000000, Normalized LogL: -1.021188, Exp of Normalized LogL: 0.360167, Best Rate: 0.3
Fault: [4,1,2,1,4,5], logL: -33.998876, Exp of LogL: 0.000000, Normalized LogL: -1.030269, Exp of Normalized LogL: 0.356911, Best Rate: 0.3
Fault: [4,1,2,5,4,5], logL: -34.073912, Exp of LogL: 0.000000, Normalized LogL: -1.032543, Exp of Normalized LogL: 0.356100, Best Rate: 0.3
Fault: [4,1,2,2,4,5], logL: -34.073912, Exp of LogL: 0.000000, Normalized LogL: -1.032543, Exp of Normalized LogL: 0.356100, Best Rate: 0.3
Fault: [4,1,2,0,4,5], logL: -34.073912, Exp of LogL: 0.000000, Normalized LogL: -1.032543, Exp of Normalized LogL: 0.356100, Best Rate: 0.3
Fault: [0,1,2,3,4,5], logL: -34.851933, Exp of LogL: 0.000000, Normalized LogL: -1.056119, Exp of Normalized LogL: 0.347803, Best Rate: 0.3
Fault: [3,1,2,3,4,5], logL: -36.024517, Exp of LogL: 0.000000, Normalized LogL: -1.091652, Exp of Normalized LogL: 0.335662, Best Rate: 0.3
Fault: [1,1,2,3,4,5], logL: -36.905592, Exp of LogL: 0.000000, Normalized LogL: -1.118351, Exp of Normalized LogL: 0.326818, Best Rate: 0.3

========= ADAPTIVE MC DEBUG =========
Total calls: 330
Avg tries: 150.00
Confidence stops: 330
Max stops: 0
Max stop rate: 0.000
Real Fault Rank 2
================= 22/08/2026 04:40:00: SEED 31 END =================
================= 22/08/2026 04:40:00: SEED 32 (30/100), a*=2 fault=[0,1,0,3,4,5] START =================
===== SEED 32 | FR=0.3 | VR=20 =====
executing with fault mode: [0,1,0,3,4,5]

Fault scores (higher is better):
Fault: [0,1,4,3,4,5], logL: -10.184963, Exp of LogL: 0.000038, Normalized LogL: -1.697494, Exp of Normalized LogL: 0.183142, Best Rate: 0.3
Fault: [0,1,5,3,4,5], logL: -10.184963, Exp of LogL: 0.000038, Normalized LogL: -1.697494, Exp of Normalized LogL: 0.183142, Best Rate: 0.3
Fault: [0,1,2,3,4,5], logL: -11.443660, Exp of LogL: 0.000011, Normalized LogL: -1.907277, Exp of Normalized LogL: 0.148484, Best Rate: 0.3
Fault: [0,1,0,3,0,5], logL: -11.891685, Exp of LogL: 0.000007, Normalized LogL: -1.981948, Exp of Normalized LogL: 0.137801, Best Rate: 0.3
Fault: [0,1,0,3,3,5], logL: -11.891685, Exp of LogL: 0.000007, Normalized LogL: -1.981948, Exp of Normalized LogL: 0.137801, Best Rate: 0.3
Fault: [0,1,0,3,5,5], logL: -11.891685, Exp of LogL: 0.000007, Normalized LogL: -1.981948, Exp of Normalized LogL: 0.137801, Best Rate: 0.3
Fault: [0,1,0,3,2,5], logL: -11.891685, Exp of LogL: 0.000007, Normalized LogL: -1.981948, Exp of Normalized LogL: 0.137801, Best Rate: 0.3
Fault: [0,1,0,3,4,5], logL: -12.136808, Exp of LogL: 0.000005, Normalized LogL: -2.022801, Exp of Normalized LogL: 0.132284, Best Rate: 0.3
Fault: [0,1,3,3,4,5], logL: -12.254591, Exp of LogL: 0.000005, Normalized LogL: -2.042432, Exp of Normalized LogL: 0.129713, Best Rate: 0.3
Fault: [0,1,1,3,4,5], logL: -12.388122, Exp of LogL: 0.000004, Normalized LogL: -2.064687, Exp of Normalized LogL: 0.126858, Best Rate: 0.3

========= ADAPTIVE MC DEBUG =========
Total calls: 60
Avg tries: 158.33
Confidence stops: 60
Max stops: 0
Max stop rate: 0.000
Real Fault Rank 8
===== SEED 32 | FR=0.3 | VR=40 =====
executing with fault mode: [0,1,0,3,4,5]

Fault scores (higher is better):
Fault: [0,1,2,3,4,5], logL: -13.754095, Exp of LogL: 0.000001, Normalized LogL: -1.250372, Exp of Normalized LogL: 0.286398, Best Rate: 0.3
Fault: [0,1,4,3,4,5], logL: -13.800958, Exp of LogL: 0.000001, Normalized LogL: -1.254633, Exp of Normalized LogL: 0.285181, Best Rate: 0.3
Fault: [0,1,5,3,4,5], logL: -13.800958, Exp of LogL: 0.000001, Normalized LogL: -1.254633, Exp of Normalized LogL: 0.285181, Best Rate: 0.3
Fault: [0,1,1,3,4,5], logL: -14.068891, Exp of LogL: 0.000001, Normalized LogL: -1.278990, Exp of Normalized LogL: 0.278318, Best Rate: 0.3
Fault: [0,1,3,3,4,5], logL: -14.160332, Exp of LogL: 0.000001, Normalized LogL: -1.287303, Exp of Normalized LogL: 0.276014, Best Rate: 0.3
Fault: [0,1,0,3,4,5], logL: -14.459665, Exp of LogL: 0.000001, Normalized LogL: -1.314515, Exp of Normalized LogL: 0.268605, Best Rate: 0.3
Fault: [0,1,0,3,0,5], logL: -14.813837, Exp of LogL: 0.000000, Normalized LogL: -1.346712, Exp of Normalized LogL: 0.260094, Best Rate: 0.3
Fault: [0,1,0,3,3,5], logL: -14.813837, Exp of LogL: 0.000000, Normalized LogL: -1.346712, Exp of Normalized LogL: 0.260094, Best Rate: 0.3
Fault: [0,1,0,3,5,5], logL: -14.813837, Exp of LogL: 0.000000, Normalized LogL: -1.346712, Exp of Normalized LogL: 0.260094, Best Rate: 0.3
Fault: [0,1,0,3,2,5], logL: -14.813837, Exp of LogL: 0.000000, Normalized LogL: -1.346712, Exp of Normalized LogL: 0.260094, Best Rate: 0.3

========= ADAPTIVE MC DEBUG =========
Total calls: 110
Avg tries: 154.55
Confidence stops: 110
Max stops: 0
Max stop rate: 0.000
Real Fault Rank 6
===== SEED 32 | FR=0.3 | VR=60 =====
executing with fault mode: [0,1,0,3,4,5]

Fault scores (higher is better):
Fault: [0,1,2,3,4,5], logL: -14.308692, Exp of LogL: 0.000001, Normalized LogL: -0.894293, Exp of Normalized LogL: 0.408896, Best Rate: 0.3
Fault: [0,1,4,3,4,5], logL: -14.355555, Exp of LogL: 0.000001, Normalized LogL: -0.897222, Exp of Normalized LogL: 0.407701, Best Rate: 0.3
Fault: [0,1,5,3,4,5], logL: -14.355555, Exp of LogL: 0.000001, Normalized LogL: -0.897222, Exp of Normalized LogL: 0.407701, Best Rate: 0.3
Fault: [0,1,1,3,4,5], logL: -14.623487, Exp of LogL: 0.000000, Normalized LogL: -0.913968, Exp of Normalized LogL: 0.400930, Best Rate: 0.3
Fault: [0,1,3,3,4,5], logL: -14.714929, Exp of LogL: 0.000000, Normalized LogL: -0.919683, Exp of Normalized LogL: 0.398645, Best Rate: 0.3
Fault: [0,1,0,3,4,5], logL: -15.014261, Exp of LogL: 0.000000, Normalized LogL: -0.938391, Exp of Normalized LogL: 0.391257, Best Rate: 0.3
Fault: [0,1,0,3,0,5], logL: -15.380506, Exp of LogL: 0.000000, Normalized LogL: -0.961282, Exp of Normalized LogL: 0.382402, Best Rate: 0.3
Fault: [0,1,0,3,3,5], logL: -15.380506, Exp of LogL: 0.000000, Normalized LogL: -0.961282, Exp of Normalized LogL: 0.382402, Best Rate: 0.3
Fault: [0,1,0,3,5,5], logL: -15.380506, Exp of LogL: 0.000000, Normalized LogL: -0.961282, Exp of Normalized LogL: 0.382402, Best Rate: 0.3
Fault: [0,1,0,3,2,5], logL: -15.380506, Exp of LogL: 0.000000, Normalized LogL: -0.961282, Exp of Normalized LogL: 0.382402, Best Rate: 0.3

========= ADAPTIVE MC DEBUG =========
Total calls: 160
Avg tries: 153.12
Confidence stops: 160
Max stops: 0
Max stop rate: 0.000
Real Fault Rank 6
===== SEED 32 | FR=0.3 | VR=80 =====
executing with fault mode: [0,1,0,3,4,5]

Fault scores (higher is better):
Fault: [0,1,2,3,4,5], logL: -16.591019, Exp of LogL: 0.000000, Normalized LogL: -0.790049, Exp of Normalized LogL: 0.453823, Best Rate: 0.3
Fault: [0,1,3,3,4,5], logL: -16.857265, Exp of LogL: 0.000000, Normalized LogL: -0.802727, Exp of Normalized LogL: 0.448105, Best Rate: 0.3
Fault: [0,1,4,3,4,5], logL: -16.881958, Exp of LogL: 0.000000, Normalized LogL: -0.803903, Exp of Normalized LogL: 0.447579, Best Rate: 0.3
Fault: [0,1,5,3,4,5], logL: -16.881958, Exp of LogL: 0.000000, Normalized LogL: -0.803903, Exp of Normalized LogL: 0.447579, Best Rate: 0.3
Fault: [0,1,1,3,4,5], logL: -17.095288, Exp of LogL: 0.000000, Normalized LogL: -0.814061, Exp of Normalized LogL: 0.443055, Best Rate: 0.3
Fault: [0,1,0,3,4,5], logL: -17.154979, Exp of LogL: 0.000000, Normalized LogL: -0.816904, Exp of Normalized LogL: 0.441797, Best Rate: 0.3
Fault: [0,1,0,3,0,5], logL: -17.521223, Exp of LogL: 0.000000, Normalized LogL: -0.834344, Exp of Normalized LogL: 0.434159, Best Rate: 0.3
Fault: [0,1,0,3,3,5], logL: -17.521223, Exp of LogL: 0.000000, Normalized LogL: -0.834344, Exp of Normalized LogL: 0.434159, Best Rate: 0.3
Fault: [0,1,0,3,5,5], logL: -17.521223, Exp of LogL: 0.000000, Normalized LogL: -0.834344, Exp of Normalized LogL: 0.434159, Best Rate: 0.3
Fault: [0,1,0,3,2,5], logL: -17.521223, Exp of LogL: 0.000000, Normalized LogL: -0.834344, Exp of Normalized LogL: 0.434159, Best Rate: 0.3

========= ADAPTIVE MC DEBUG =========
Total calls: 210
Avg tries: 150.00
Confidence stops: 210
Max stops: 0
Max stop rate: 0.000
Real Fault Rank 6
===== SEED 32 | FR=0.3 | VR=100 =====
executing with fault mode: [0,1,0,3,4,5]

Fault scores (higher is better):
Fault: [0,1,3,3,4,5], logL: -19.117058, Exp of LogL: 0.000000, Normalized LogL: -0.735271, Exp of Normalized LogL: 0.479375, Best Rate: 0.3
Fault: [0,1,0,3,4,5], logL: -19.866500, Exp of LogL: 0.000000, Normalized LogL: -0.764096, Exp of Normalized LogL: 0.465755, Best Rate: 0.3
Fault: [0,1,0,3,0,5], logL: -20.232744, Exp of LogL: 0.000000, Normalized LogL: -0.778182, Exp of Normalized LogL: 0.459240, Best Rate: 0.3
Fault: [0,1,0,3,3,5], logL: -20.232744, Exp of LogL: 0.000000, Normalized LogL: -0.778182, Exp of Normalized LogL: 0.459240, Best Rate: 0.3
Fault: [0,1,0,3,5,5], logL: -20.232744, Exp of LogL: 0.000000, Normalized LogL: -0.778182, Exp of Normalized LogL: 0.459240, Best Rate: 0.3
Fault: [0,1,0,3,2,5], logL: -20.232744, Exp of LogL: 0.000000, Normalized LogL: -0.778182, Exp of Normalized LogL: 0.459240, Best Rate: 0.3
Fault: [0,1,1,3,4,5], logL: -20.612834, Exp of LogL: 0.000000, Normalized LogL: -0.792801, Exp of Normalized LogL: 0.452575, Best Rate: 0.3
Fault: [0,1,2,3,4,5], logL: -43.634787, Exp of LogL: 0.000000, Normalized LogL: -1.678261, Exp of Normalized LogL: 0.186698, Best Rate: 0.3
Fault: [0,1,4,3,4,5], logL: -44.956319, Exp of LogL: 0.000000, Normalized LogL: -1.729089, Exp of Normalized LogL: 0.177446, Best Rate: 0.3
Fault: [0,1,5,3,4,5], logL: -44.956319, Exp of LogL: 0.000000, Normalized LogL: -1.729089, Exp of Normalized LogL: 0.177446, Best Rate: 0.3

========= ADAPTIVE MC DEBUG =========
Total calls: 260
Avg tries: 150.00
Confidence stops: 260
Max stops: 0
Max stop rate: 0.000
Real Fault Rank 2
================= 22/08/2026 04:40:22: SEED 32 END =================
================= 22/08/2026 04:40:22: SEED 33 (31/100), a*=3 fault=[0,1,2,1,4,5] START =================
===== SEED 33 | FR=0.3 | VR=20 =====
executing with fault mode: [0,1,2,1,4,5]

executing with fault mode: [0,1,2,1,4,5]

Fault scores (higher is better):
Fault: [0,1,2,1,3,5], logL: -16.427960, Exp of LogL: 0.000000, Normalized LogL: -2.346851, Exp of Normalized LogL: 0.095670, Best Rate: 0.3
Fault: [0,1,2,1,0,5], logL: -16.682025, Exp of LogL: 0.000000, Normalized LogL: -2.383146, Exp of Normalized LogL: 0.092260, Best Rate: 0.3
Fault: [0,1,2,1,4,5], logL: -17.740146, Exp of LogL: 0.000000, Normalized LogL: -2.534307, Exp of Normalized LogL: 0.079317, Best Rate: 0.3
Fault: [0,1,2,1,1,5], logL: -17.776514, Exp of LogL: 0.000000, Normalized LogL: -2.539502, Exp of Normalized LogL: 0.078906, Best Rate: 0.3
Fault: [0,1,2,1,2,5], logL: -17.776514, Exp of LogL: 0.000000, Normalized LogL: -2.539502, Exp of Normalized LogL: 0.078906, Best Rate: 0.3
Fault: [0,1,2,3,4,5], logL: -18.096212, Exp of LogL: 0.000000, Normalized LogL: -2.585173, Exp of Normalized LogL: 0.075383, Best Rate: 0.3
Fault: [0,1,2,5,4,5], logL: -18.455272, Exp of LogL: 0.000000, Normalized LogL: -2.636467, Exp of Normalized LogL: 0.071614, Best Rate: 0.3
Fault: [0,1,2,4,4,5], logL: -18.455272, Exp of LogL: 0.000000, Normalized LogL: -2.636467, Exp of Normalized LogL: 0.071614, Best Rate: 0.3
Fault: [0,1,2,0,4,5], logL: -18.916342, Exp of LogL: 0.000000, Normalized LogL: -2.702335, Exp of Normalized LogL: 0.067049, Best Rate: 0.3
Fault: [0,1,2,2,4,5], logL: -19.445671, Exp of LogL: 0.000000, Normalized LogL: -2.777953, Exp of Normalized LogL: 0.062166, Best Rate: 0.3

========= ADAPTIVE MC DEBUG =========
Total calls: 70
Avg tries: 171.43
Confidence stops: 70
Max stops: 0
Max stop rate: 0.000
Real Fault Rank 3
===== SEED 33 | FR=0.3 | VR=40 =====
executing with fault mode: [0,1,2,1,4,5]

executing with fault mode: [0,1,2,1,4,5]

Fault scores (higher is better):
Fault: [0,1,2,1,1,5], logL: -23.993339, Exp of LogL: 0.000000, Normalized LogL: -1.845641, Exp of Normalized LogL: 0.157924, Best Rate: 0.3
Fault: [0,1,2,1,2,5], logL: -23.993339, Exp of LogL: 0.000000, Normalized LogL: -1.845641, Exp of Normalized LogL: 0.157924, Best Rate: 0.3
Fault: [0,1,2,1,3,5], logL: -25.807077, Exp of LogL: 0.000000, Normalized LogL: -1.985160, Exp of Normalized LogL: 0.137359, Best Rate: 0.3
Fault: [0,1,2,1,0,5], logL: -25.854868, Exp of LogL: 0.000000, Normalized LogL: -1.988836, Exp of Normalized LogL: 0.136855, Best Rate: 0.3
Fault: [0,1,2,1,4,5], logL: -26.030221, Exp of LogL: 0.000000, Normalized LogL: -2.002325, Exp of Normalized LogL: 0.135021, Best Rate: 0.3
Fault: [0,1,2,3,4,5], logL: -26.035803, Exp of LogL: 0.000000, Normalized LogL: -2.002754, Exp of Normalized LogL: 0.134963, Best Rate: 0.3
Fault: [0,1,2,5,4,5], logL: -26.107182, Exp of LogL: 0.000000, Normalized LogL: -2.008245, Exp of Normalized LogL: 0.134224, Best Rate: 0.3
Fault: [0,1,2,4,4,5], logL: -26.107182, Exp of LogL: 0.000000, Normalized LogL: -2.008245, Exp of Normalized LogL: 0.134224, Best Rate: 0.3
Fault: [0,1,2,0,4,5], logL: -26.664832, Exp of LogL: 0.000000, Normalized LogL: -2.051141, Exp of Normalized LogL: 0.128588, Best Rate: 0.3
Fault: [0,1,2,2,4,5], logL: -26.841151, Exp of LogL: 0.000000, Normalized LogL: -2.064704, Exp of Normalized LogL: 0.126856, Best Rate: 0.3

========= ADAPTIVE MC DEBUG =========
Total calls: 130
Avg tries: 153.85
Confidence stops: 130
Max stops: 0
Max stop rate: 0.000
Real Fault Rank 5
===== SEED 33 | FR=0.3 | VR=60 =====
executing with fault mode: [0,1,2,1,4,5]

executing with fault mode: [0,1,2,1,4,5]

Fault scores (higher is better):
Fault: [0,1,2,1,1,5], logL: -29.617033, Exp of LogL: 0.000000, Normalized LogL: -1.558791, Exp of Normalized LogL: 0.210390, Best Rate: 0.3
Fault: [0,1,2,1,2,5], logL: -29.617033, Exp of LogL: 0.000000, Normalized LogL: -1.558791, Exp of Normalized LogL: 0.210390, Best Rate: 0.3
Fault: [0,1,2,1,3,5], logL: -31.430772, Exp of LogL: 0.000000, Normalized LogL: -1.654251, Exp of Normalized LogL: 0.191235, Best Rate: 0.3
Fault: [0,1,2,1,0,5], logL: -31.478562, Exp of LogL: 0.000000, Normalized LogL: -1.656766, Exp of Normalized LogL: 0.190755, Best Rate: 0.3
Fault: [0,1,2,1,4,5], logL: -31.653915, Exp of LogL: 0.000000, Normalized LogL: -1.665996, Exp of Normalized LogL: 0.189002, Best Rate: 0.3
Fault: [0,1,2,5,4,5], logL: -31.718454, Exp of LogL: 0.000000, Normalized LogL: -1.669392, Exp of Normalized LogL: 0.188361, Best Rate: 0.3
Fault: [0,1,2,4,4,5], logL: -31.718454, Exp of LogL: 0.000000, Normalized LogL: -1.669392, Exp of Normalized LogL: 0.188361, Best Rate: 0.3
Fault: [0,1,2,3,4,5], logL: -31.778104, Exp of LogL: 0.000000, Normalized LogL: -1.672532, Exp of Normalized LogL: 0.187771, Best Rate: 0.3
Fault: [0,1,2,2,4,5], logL: -32.542629, Exp of LogL: 0.000000, Normalized LogL: -1.712770, Exp of Normalized LogL: 0.180365, Best Rate: 0.3
Fault: [0,1,2,0,4,5], logL: -33.152152, Exp of LogL: 0.000000, Normalized LogL: -1.744850, Exp of Normalized LogL: 0.174671, Best Rate: 0.3

========= ADAPTIVE MC DEBUG =========
Total calls: 190
Avg tries: 150.00
Confidence stops: 190
Max stops: 0
Max stop rate: 0.000
Real Fault Rank 5
===== SEED 33 | FR=0.3 | VR=80 =====
executing with fault mode: [0,1,2,1,4,5]

executing with fault mode: [0,1,2,1,4,5]

Fault scores (higher is better):
Fault: [0,1,2,5,4,5], logL: -32.962683, Exp of LogL: 0.000000, Normalized LogL: -1.318507, Exp of Normalized LogL: 0.267534, Best Rate: 0.3
Fault: [0,1,2,4,4,5], logL: -32.962683, Exp of LogL: 0.000000, Normalized LogL: -1.318507, Exp of Normalized LogL: 0.267534, Best Rate: 0.3
Fault: [0,1,2,1,1,5], logL: -33.248170, Exp of LogL: 0.000000, Normalized LogL: -1.329927, Exp of Normalized LogL: 0.264497, Best Rate: 0.3
Fault: [0,1,2,1,2,5], logL: -33.248170, Exp of LogL: 0.000000, Normalized LogL: -1.329927, Exp of Normalized LogL: 0.264497, Best Rate: 0.3
Fault: [0,1,2,1,3,5], logL: -34.228999, Exp of LogL: 0.000000, Normalized LogL: -1.369160, Exp of Normalized LogL: 0.254321, Best Rate: 0.3
Fault: [0,1,2,1,4,5], logL: -34.228999, Exp of LogL: 0.000000, Normalized LogL: -1.369160, Exp of Normalized LogL: 0.254321, Best Rate: 0.3
Fault: [0,1,2,1,0,5], logL: -34.372100, Exp of LogL: 0.000000, Normalized LogL: -1.374884, Exp of Normalized LogL: 0.252869, Best Rate: 0.3
Fault: [0,1,2,3,4,5], logL: -35.090312, Exp of LogL: 0.000000, Normalized LogL: -1.403612, Exp of Normalized LogL: 0.245708, Best Rate: 0.3
Fault: [0,1,2,2,4,5], logL: -35.157259, Exp of LogL: 0.000000, Normalized LogL: -1.406290, Exp of Normalized LogL: 0.245051, Best Rate: 0.3
Fault: [0,1,2,0,4,5], logL: -35.973073, Exp of LogL: 0.000000, Normalized LogL: -1.438923, Exp of Normalized LogL: 0.237183, Best Rate: 0.3

========= ADAPTIVE MC DEBUG =========
Total calls: 250
Avg tries: 150.00
Confidence stops: 250
Max stops: 0
Max stop rate: 0.000
Real Fault Rank 6
===== SEED 33 | FR=0.3 | VR=100 =====
executing with fault mode: [0,1,2,1,4,5]

executing with fault mode: [0,1,2,1,4,5]

Fault scores (higher is better):
Fault: [0,1,2,1,4,5], logL: -33.877152, Exp of LogL: 0.000000, Normalized LogL: -1.092811, Exp of Normalized LogL: 0.335273, Best Rate: 0.3
Fault: [0,1,2,5,4,5], logL: -34.115551, Exp of LogL: 0.000000, Normalized LogL: -1.100502, Exp of Normalized LogL: 0.332704, Best Rate: 0.3
Fault: [0,1,2,4,4,5], logL: -34.115551, Exp of LogL: 0.000000, Normalized LogL: -1.100502, Exp of Normalized LogL: 0.332704, Best Rate: 0.3
Fault: [0,1,2,1,3,5], logL: -34.233827, Exp of LogL: 0.000000, Normalized LogL: -1.104317, Exp of Normalized LogL: 0.331437, Best Rate: 0.3
Fault: [0,1,2,1,0,5], logL: -34.233827, Exp of LogL: 0.000000, Normalized LogL: -1.104317, Exp of Normalized LogL: 0.331437, Best Rate: 0.3
Fault: [0,1,2,1,1,5], logL: -34.233827, Exp of LogL: 0.000000, Normalized LogL: -1.104317, Exp of Normalized LogL: 0.331437, Best Rate: 0.3
Fault: [0,1,2,1,2,5], logL: -34.233827, Exp of LogL: 0.000000, Normalized LogL: -1.104317, Exp of Normalized LogL: 0.331437, Best Rate: 0.3
Fault: [0,1,2,2,4,5], logL: -34.843790, Exp of LogL: 0.000000, Normalized LogL: -1.123993, Exp of Normalized LogL: 0.324979, Best Rate: 0.3
Fault: [0,1,2,3,4,5], logL: -35.739792, Exp of LogL: 0.000000, Normalized LogL: -1.152897, Exp of Normalized LogL: 0.315721, Best Rate: 0.3
Fault: [0,1,2,0,4,5], logL: -37.260479, Exp of LogL: 0.000000, Normalized LogL: -1.201951, Exp of Normalized LogL: 0.300607, Best Rate: 0.3

========= ADAPTIVE MC DEBUG =========
Total calls: 310
Avg tries: 150.00
Confidence stops: 310
Max stops: 0
Max stop rate: 0.000
Real Fault Rank 1
================= 22/08/2026 04:40:47: SEED 33 END =================
================= 22/08/2026 04:40:47: SEED 34 (32/100), a*=2 fault=[0,1,0,3,4,5] START =================
===== SEED 34 | FR=0.3 | VR=20 =====
executing with fault mode: [0,1,0,3,4,5]

Fault scores (higher is better):
Fault: [0,1,3,3,4,5], logL: -5.435461, Exp of LogL: 0.004359, Normalized LogL: -1.358865, Exp of Normalized LogL: 0.256952, Best Rate: 0.3
Fault: [0,1,0,1,4,5], logL: -5.526916, Exp of LogL: 0.003978, Normalized LogL: -1.381729, Exp of Normalized LogL: 0.251144, Best Rate: 0.3
Fault: [0,1,0,3,4,5], logL: -5.554067, Exp of LogL: 0.003872, Normalized LogL: -1.388517, Exp of Normalized LogL: 0.249445, Best Rate: 0.3
Fault: [0,1,0,0,4,5], logL: -5.747459, Exp of LogL: 0.003191, Normalized LogL: -1.436865, Exp of Normalized LogL: 0.237672, Best Rate: 0.3
Fault: [0,1,0,2,4,5], logL: -5.747459, Exp of LogL: 0.003191, Normalized LogL: -1.436865, Exp of Normalized LogL: 0.237672, Best Rate: 0.3
Fault: [0,1,0,4,4,5], logL: -5.747459, Exp of LogL: 0.003191, Normalized LogL: -1.436865, Exp of Normalized LogL: 0.237672, Best Rate: 0.3
Fault: [0,1,1,3,4,5], logL: -6.052622, Exp of LogL: 0.002352, Normalized LogL: -1.513156, Exp of Normalized LogL: 0.220214, Best Rate: 0.3
Fault: [0,1,2,3,4,5], logL: -6.527516, Exp of LogL: 0.001463, Normalized LogL: -1.631879, Exp of Normalized LogL: 0.195562, Best Rate: 0.3
Fault: [0,1,5,3,4,5], logL: -6.821755, Exp of LogL: 0.001090, Normalized LogL: -1.705439, Exp of Normalized LogL: 0.181693, Best Rate: 0.3
Fault: [0,1,4,3,4,5], logL: -6.821755, Exp of LogL: 0.001090, Normalized LogL: -1.705439, Exp of Normalized LogL: 0.181693, Best Rate: 0.3

========= ADAPTIVE MC DEBUG =========
Total calls: 40
Avg tries: 175.00
Confidence stops: 40
Max stops: 0
Max stop rate: 0.000
Real Fault Rank 3
===== SEED 34 | FR=0.3 | VR=40 =====
executing with fault mode: [0,1,0,3,4,5]

Fault scores (higher is better):
Fault: [0,1,3,3,4,5], logL: -8.799684, Exp of LogL: 0.000151, Normalized LogL: -1.099961, Exp of Normalized LogL: 0.332884, Best Rate: 0.3
Fault: [0,1,1,3,4,5], logL: -10.311087, Exp of LogL: 0.000033, Normalized LogL: -1.288886, Exp of Normalized LogL: 0.275578, Best Rate: 0.3
Fault: [0,1,0,3,4,5], logL: -10.543077, Exp of LogL: 0.000026, Normalized LogL: -1.317885, Exp of Normalized LogL: 0.267701, Best Rate: 0.3
Fault: [0,1,0,1,4,5], logL: -10.803608, Exp of LogL: 0.000020, Normalized LogL: -1.350451, Exp of Normalized LogL: 0.259123, Best Rate: 0.3
Fault: [0,1,0,0,4,5], logL: -10.890620, Exp of LogL: 0.000019, Normalized LogL: -1.361327, Exp of Normalized LogL: 0.256320, Best Rate: 0.3
Fault: [0,1,0,2,4,5], logL: -10.890620, Exp of LogL: 0.000019, Normalized LogL: -1.361327, Exp of Normalized LogL: 0.256320, Best Rate: 0.3
Fault: [0,1,0,4,4,5], logL: -10.890620, Exp of LogL: 0.000019, Normalized LogL: -1.361327, Exp of Normalized LogL: 0.256320, Best Rate: 0.3
Fault: [0,1,2,3,4,5], logL: -35.060925, Exp of LogL: 0.000000, Normalized LogL: -4.382616, Exp of Normalized LogL: 0.012493, Best Rate: 0.3
Fault: [0,1,5,3,4,5], logL: -35.158821, Exp of LogL: 0.000000, Normalized LogL: -4.394853, Exp of Normalized LogL: 0.012341, Best Rate: 0.3
Fault: [0,1,4,3,4,5], logL: -35.158821, Exp of LogL: 0.000000, Normalized LogL: -4.394853, Exp of Normalized LogL: 0.012341, Best Rate: 0.3

========= ADAPTIVE MC DEBUG =========
Total calls: 80
Avg tries: 156.25
Confidence stops: 80
Max stops: 0
Max stop rate: 0.000
Real Fault Rank 3
===== SEED 34 | FR=0.3 | VR=60 =====
executing with fault mode: [0,1,0,3,4,5]

Fault scores (higher is better):
Fault: [0,1,3,3,4,5], logL: -13.075860, Exp of LogL: 0.000002, Normalized LogL: -1.188715, Exp of Normalized LogL: 0.304613, Best Rate: 0.3
Fault: [0,1,1,3,4,5], logL: -15.205308, Exp of LogL: 0.000000, Normalized LogL: -1.382301, Exp of Normalized LogL: 0.251000, Best Rate: 0.3
Fault: [0,1,0,3,4,5], logL: -18.044601, Exp of LogL: 0.000000, Normalized LogL: -1.640418, Exp of Normalized LogL: 0.193899, Best Rate: 0.3
Fault: [0,1,0,1,4,5], logL: -18.305132, Exp of LogL: 0.000000, Normalized LogL: -1.664103, Exp of Normalized LogL: 0.189360, Best Rate: 0.3
Fault: [0,1,0,0,4,5], logL: -18.392143, Exp of LogL: 0.000000, Normalized LogL: -1.672013, Exp of Normalized LogL: 0.187869, Best Rate: 0.3
Fault: [0,1,0,2,4,5], logL: -18.392143, Exp of LogL: 0.000000, Normalized LogL: -1.672013, Exp of Normalized LogL: 0.187869, Best Rate: 0.3
Fault: [0,1,0,4,4,5], logL: -18.392143, Exp of LogL: 0.000000, Normalized LogL: -1.672013, Exp of Normalized LogL: 0.187869, Best Rate: 0.3
Fault: [0,1,5,3,4,5], logL: -39.307164, Exp of LogL: 0.000000, Normalized LogL: -3.573379, Exp of Normalized LogL: 0.028061, Best Rate: 0.3
Fault: [0,1,4,3,4,5], logL: -39.307164, Exp of LogL: 0.000000, Normalized LogL: -3.573379, Exp of Normalized LogL: 0.028061, Best Rate: 0.3
Fault: [0,1,2,3,4,5], logL: -64.853743, Exp of LogL: 0.000000, Normalized LogL: -5.895795, Exp of Normalized LogL: 0.002751, Best Rate: 0.3

========= ADAPTIVE MC DEBUG =========
Total calls: 110
Avg tries: 150.00
Confidence stops: 110
Max stops: 0
Max stop rate: 0.000
Real Fault Rank 3
===== SEED 34 | FR=0.3 | VR=80 =====
executing with fault mode: [0,1,0,3,4,5]

Fault scores (higher is better):
Fault: [0,1,3,3,4,5], logL: -15.610852, Exp of LogL: 0.000000, Normalized LogL: -1.040723, Exp of Normalized LogL: 0.353199, Best Rate: 0.3
Fault: [0,1,1,3,4,5], logL: -18.694518, Exp of LogL: 0.000000, Normalized LogL: -1.246301, Exp of Normalized LogL: 0.287566, Best Rate: 0.3
Fault: [0,1,0,3,4,5], logL: -19.472042, Exp of LogL: 0.000000, Normalized LogL: -1.298136, Exp of Normalized LogL: 0.273040, Best Rate: 0.3
Fault: [0,1,0,1,4,5], logL: -19.732573, Exp of LogL: 0.000000, Normalized LogL: -1.315505, Exp of Normalized LogL: 0.268339, Best Rate: 0.3
Fault: [0,1,0,0,4,5], logL: -19.819585, Exp of LogL: 0.000000, Normalized LogL: -1.321306, Exp of Normalized LogL: 0.266787, Best Rate: 0.3
Fault: [0,1,0,2,4,5], logL: -19.819585, Exp of LogL: 0.000000, Normalized LogL: -1.321306, Exp of Normalized LogL: 0.266787, Best Rate: 0.3
Fault: [0,1,0,4,4,5], logL: -19.819585, Exp of LogL: 0.000000, Normalized LogL: -1.321306, Exp of Normalized LogL: 0.266787, Best Rate: 0.3
Fault: [0,1,5,3,4,5], logL: -42.288442, Exp of LogL: 0.000000, Normalized LogL: -2.819229, Exp of Normalized LogL: 0.059652, Best Rate: 0.3
Fault: [0,1,4,3,4,5], logL: -42.288442, Exp of LogL: 0.000000, Normalized LogL: -2.819229, Exp of Normalized LogL: 0.059652, Best Rate: 0.3
Fault: [0,1,2,3,4,5], logL: -66.862597, Exp of LogL: 0.000000, Normalized LogL: -4.457506, Exp of Normalized LogL: 0.011591, Best Rate: 0.3

========= ADAPTIVE MC DEBUG =========
Total calls: 150
Avg tries: 150.00
Confidence stops: 150
Max stops: 0
Max stop rate: 0.000
Real Fault Rank 3
===== SEED 34 | FR=0.3 | VR=100 =====
executing with fault mode: [0,1,0,3,4,5]

Fault scores (higher is better):
Fault: [0,1,3,3,4,5], logL: -17.831963, Exp of LogL: 0.000000, Normalized LogL: -0.938524, Exp of Normalized LogL: 0.391205, Best Rate: 0.3
Fault: [0,1,0,3,4,5], logL: -23.305977, Exp of LogL: 0.000000, Normalized LogL: -1.226630, Exp of Normalized LogL: 0.293279, Best Rate: 0.3
Fault: [0,1,1,3,4,5], logL: -23.381349, Exp of LogL: 0.000000, Normalized LogL: -1.230597, Exp of Normalized LogL: 0.292118, Best Rate: 0.3
Fault: [0,1,0,1,4,5], logL: -23.566508, Exp of LogL: 0.000000, Normalized LogL: -1.240343, Exp of Normalized LogL: 0.289285, Best Rate: 0.3
Fault: [0,1,0,0,4,5], logL: -23.653520, Exp of LogL: 0.000000, Normalized LogL: -1.244922, Exp of Normalized LogL: 0.287963, Best Rate: 0.3
Fault: [0,1,0,2,4,5], logL: -23.653520, Exp of LogL: 0.000000, Normalized LogL: -1.244922, Exp of Normalized LogL: 0.287963, Best Rate: 0.3
Fault: [0,1,0,4,4,5], logL: -23.653520, Exp of LogL: 0.000000, Normalized LogL: -1.244922, Exp of Normalized LogL: 0.287963, Best Rate: 0.3
Fault: [0,1,5,3,4,5], logL: -70.117640, Exp of LogL: 0.000000, Normalized LogL: -3.690402, Exp of Normalized LogL: 0.024962, Best Rate: 0.3
Fault: [0,1,4,3,4,5], logL: -70.117640, Exp of LogL: 0.000000, Normalized LogL: -3.690402, Exp of Normalized LogL: 0.024962, Best Rate: 0.3
Fault: [0,1,2,3,4,5], logL: -120.366939, Exp of LogL: 0.000000, Normalized LogL: -6.335102, Exp of Normalized LogL: 0.001773, Best Rate: 0.3

========= ADAPTIVE MC DEBUG =========
Total calls: 190
Avg tries: 150.00
Confidence stops: 190
Max stops: 0
Max stop rate: 0.000
Real Fault Rank 2
================= 22/08/2026 04:41:02: SEED 34 END =================
================= 22/08/2026 04:41:02: SEED 35 (33/100), a*=0 fault=[1,1,2,3,4,5] START =================
===== SEED 35 | FR=0.3 | VR=20 =====
executing with fault mode: [1,1,2,3,4,5]

Fault scores (higher is better):
Fault: [0,1,2,3,4,5], logL: -4.603028, Exp of LogL: 0.010021, Normalized LogL: -1.150757, Exp of Normalized LogL: 0.316397, Best Rate: 0.3
Fault: [3,1,2,3,4,5], logL: -5.242108, Exp of LogL: 0.005289, Normalized LogL: -1.310527, Exp of Normalized LogL: 0.269678, Best Rate: 0.3
Fault: [4,1,2,3,4,5], logL: -5.358696, Exp of LogL: 0.004707, Normalized LogL: -1.339674, Exp of Normalized LogL: 0.261931, Best Rate: 0.3
Fault: [5,1,2,3,4,5], logL: -5.415854, Exp of LogL: 0.004446, Normalized LogL: -1.353964, Exp of Normalized LogL: 0.258215, Best Rate: 0.3
Fault: [1,1,2,3,4,5], logL: -5.444730, Exp of LogL: 0.004319, Normalized LogL: -1.361183, Exp of Normalized LogL: 0.256357, Best Rate: 0.3
Fault: [2,1,2,3,4,5], logL: -5.476479, Exp of LogL: 0.004184, Normalized LogL: -1.369120, Exp of Normalized LogL: 0.254331, Best Rate: 0.3
Fault: [1,1,2,5,4,5], logL: -5.819424, Exp of LogL: 0.002969, Normalized LogL: -1.454856, Exp of Normalized LogL: 0.233434, Best Rate: 0.3
Fault: [1,1,2,4,4,5], logL: -5.819424, Exp of LogL: 0.002969, Normalized LogL: -1.454856, Exp of Normalized LogL: 0.233434, Best Rate: 0.3
Fault: [1,1,2,2,4,5], logL: -5.914734, Exp of LogL: 0.002699, Normalized LogL: -1.478683, Exp of Normalized LogL: 0.227938, Best Rate: 0.3
Fault: [1,1,2,1,4,5], logL: -5.914734, Exp of LogL: 0.002699, Normalized LogL: -1.478683, Exp of Normalized LogL: 0.227938, Best Rate: 0.3

========= ADAPTIVE MC DEBUG =========
Total calls: 40
Avg tries: 175.00
Confidence stops: 40
Max stops: 0
Max stop rate: 0.000
Real Fault Rank 5
===== SEED 35 | FR=0.3 | VR=40 =====
executing with fault mode: [1,1,2,3,4,5]

Fault scores (higher is better):
Fault: [0,1,2,3,4,5], logL: -8.706601, Exp of LogL: 0.000165, Normalized LogL: -1.088325, Exp of Normalized LogL: 0.336780, Best Rate: 0.3
Fault: [2,1,2,3,4,5], logL: -9.388244, Exp of LogL: 0.000084, Normalized LogL: -1.173531, Exp of Normalized LogL: 0.309273, Best Rate: 0.3
Fault: [3,1,2,3,4,5], logL: -9.422526, Exp of LogL: 0.000081, Normalized LogL: -1.177816, Exp of Normalized LogL: 0.307951, Best Rate: 0.3
Fault: [1,1,2,3,4,5], logL: -9.545586, Exp of LogL: 0.000072, Normalized LogL: -1.193198, Exp of Normalized LogL: 0.303250, Best Rate: 0.3
Fault: [4,1,2,3,4,5], logL: -9.602744, Exp of LogL: 0.000068, Normalized LogL: -1.200343, Exp of Normalized LogL: 0.301091, Best Rate: 0.3
Fault: [5,1,2,3,4,5], logL: -9.602744, Exp of LogL: 0.000068, Normalized LogL: -1.200343, Exp of Normalized LogL: 0.301091, Best Rate: 0.3
Fault: [1,1,2,1,4,5], logL: -9.688687, Exp of LogL: 0.000062, Normalized LogL: -1.211086, Exp of Normalized LogL: 0.297874, Best Rate: 0.3
Fault: [1,1,2,2,4,5], logL: -9.768730, Exp of LogL: 0.000057, Normalized LogL: -1.221091, Exp of Normalized LogL: 0.294908, Best Rate: 0.3
Fault: [1,1,2,5,4,5], logL: -9.768730, Exp of LogL: 0.000057, Normalized LogL: -1.221091, Exp of Normalized LogL: 0.294908, Best Rate: 0.3
Fault: [1,1,2,4,4,5], logL: -9.768730, Exp of LogL: 0.000057, Normalized LogL: -1.221091, Exp of Normalized LogL: 0.294908, Best Rate: 0.3

========= ADAPTIVE MC DEBUG =========
Total calls: 80
Avg tries: 150.00
Confidence stops: 80
Max stops: 0
Max stop rate: 0.000
Real Fault Rank 4
===== SEED 35 | FR=0.3 | VR=60 =====
executing with fault mode: [1,1,2,3,4,5]

Fault scores (higher is better):
Fault: [1,1,2,3,4,5], logL: -12.161596, Exp of LogL: 0.000005, Normalized LogL: -1.013466, Exp of Normalized LogL: 0.362959, Best Rate: 0.3
Fault: [1,1,2,1,4,5], logL: -12.304697, Exp of LogL: 0.000005, Normalized LogL: -1.025391, Exp of Normalized LogL: 0.358656, Best Rate: 0.3
Fault: [1,1,2,2,4,5], logL: -12.384739, Exp of LogL: 0.000004, Normalized LogL: -1.032062, Exp of Normalized LogL: 0.356272, Best Rate: 0.3
Fault: [1,1,2,5,4,5], logL: -12.384739, Exp of LogL: 0.000004, Normalized LogL: -1.032062, Exp of Normalized LogL: 0.356272, Best Rate: 0.3
Fault: [1,1,2,4,4,5], logL: -12.384739, Exp of LogL: 0.000004, Normalized LogL: -1.032062, Exp of Normalized LogL: 0.356272, Best Rate: 0.3
Fault: [2,1,2,3,4,5], logL: -13.248397, Exp of LogL: 0.000002, Normalized LogL: -1.104033, Exp of Normalized LogL: 0.331531, Best Rate: 0.3
Fault: [0,1,2,3,4,5], logL: -37.107651, Exp of LogL: 0.000000, Normalized LogL: -3.092304, Exp of Normalized LogL: 0.045397, Best Rate: 0.3
Fault: [3,1,2,3,4,5], logL: -38.114186, Exp of LogL: 0.000000, Normalized LogL: -3.176182, Exp of Normalized LogL: 0.041745, Best Rate: 0.3
Fault: [4,1,2,3,4,5], logL: -38.114186, Exp of LogL: 0.000000, Normalized LogL: -3.176182, Exp of Normalized LogL: 0.041745, Best Rate: 0.3
Fault: [5,1,2,3,4,5], logL: -38.114186, Exp of LogL: 0.000000, Normalized LogL: -3.176182, Exp of Normalized LogL: 0.041745, Best Rate: 0.3

========= ADAPTIVE MC DEBUG =========
Total calls: 120
Avg tries: 150.00
Confidence stops: 120
Max stops: 0
Max stop rate: 0.000
Real Fault Rank 1
===== SEED 35 | FR=0.3 | VR=80 =====
executing with fault mode: [1,1,2,3,4,5]

Fault scores (higher is better):
Fault: [1,1,2,3,4,5], logL: -12.613520, Exp of LogL: 0.000003, Normalized LogL: -0.788345, Exp of Normalized LogL: 0.454597, Best Rate: 0.3
Fault: [1,1,2,1,4,5], logL: -12.827094, Exp of LogL: 0.000003, Normalized LogL: -0.801693, Exp of Normalized LogL: 0.448569, Best Rate: 0.3
Fault: [1,1,2,2,4,5], logL: -12.967451, Exp of LogL: 0.000002, Normalized LogL: -0.810466, Exp of Normalized LogL: 0.444651, Best Rate: 0.3
Fault: [1,1,2,5,4,5], logL: -12.967451, Exp of LogL: 0.000002, Normalized LogL: -0.810466, Exp of Normalized LogL: 0.444651, Best Rate: 0.3
Fault: [1,1,2,4,4,5], logL: -12.967451, Exp of LogL: 0.000002, Normalized LogL: -0.810466, Exp of Normalized LogL: 0.444651, Best Rate: 0.3
Fault: [2,1,2,3,4,5], logL: -13.700321, Exp of LogL: 0.000001, Normalized LogL: -0.856270, Exp of Normalized LogL: 0.424743, Best Rate: 0.3
Fault: [0,1,2,3,4,5], logL: -37.559575, Exp of LogL: 0.000000, Normalized LogL: -2.347473, Exp of Normalized LogL: 0.095610, Best Rate: 0.3
Fault: [3,1,2,3,4,5], logL: -38.566110, Exp of LogL: 0.000000, Normalized LogL: -2.410382, Exp of Normalized LogL: 0.089781, Best Rate: 0.3
Fault: [4,1,2,3,4,5], logL: -38.566110, Exp of LogL: 0.000000, Normalized LogL: -2.410382, Exp of Normalized LogL: 0.089781, Best Rate: 0.3
Fault: [5,1,2,3,4,5], logL: -38.566110, Exp of LogL: 0.000000, Normalized LogL: -2.410382, Exp of Normalized LogL: 0.089781, Best Rate: 0.3

========= ADAPTIVE MC DEBUG =========
Total calls: 160
Avg tries: 150.00
Confidence stops: 160
Max stops: 0
Max stop rate: 0.000
Real Fault Rank 1
===== SEED 35 | FR=0.3 | VR=100 =====
executing with fault mode: [1,1,2,3,4,5]

Fault scores (higher is better):
Fault: [1,1,2,3,4,5], logL: -13.735468, Exp of LogL: 0.000001, Normalized LogL: -0.686773, Exp of Normalized LogL: 0.503197, Best Rate: 0.3
Fault: [1,1,2,1,4,5], logL: -13.949042, Exp of LogL: 0.000001, Normalized LogL: -0.697452, Exp of Normalized LogL: 0.497852, Best Rate: 0.3
Fault: [1,1,2,2,4,5], logL: -14.089399, Exp of LogL: 0.000001, Normalized LogL: -0.704470, Exp of Normalized LogL: 0.494371, Best Rate: 0.3
Fault: [1,1,2,5,4,5], logL: -14.089399, Exp of LogL: 0.000001, Normalized LogL: -0.704470, Exp of Normalized LogL: 0.494371, Best Rate: 0.3
Fault: [1,1,2,4,4,5], logL: -14.089399, Exp of LogL: 0.000001, Normalized LogL: -0.704470, Exp of Normalized LogL: 0.494371, Best Rate: 0.3
Fault: [2,1,2,3,4,5], logL: -15.048377, Exp of LogL: 0.000000, Normalized LogL: -0.752419, Exp of Normalized LogL: 0.471225, Best Rate: 0.3
Fault: [0,1,2,3,4,5], logL: -38.780977, Exp of LogL: 0.000000, Normalized LogL: -1.939049, Exp of Normalized LogL: 0.143841, Best Rate: 0.3
Fault: [3,1,2,3,4,5], logL: -39.688058, Exp of LogL: 0.000000, Normalized LogL: -1.984403, Exp of Normalized LogL: 0.137463, Best Rate: 0.3
Fault: [4,1,2,3,4,5], logL: -39.688058, Exp of LogL: 0.000000, Normalized LogL: -1.984403, Exp of Normalized LogL: 0.137463, Best Rate: 0.3
Fault: [5,1,2,3,4,5], logL: -39.688058, Exp of LogL: 0.000000, Normalized LogL: -1.984403, Exp of Normalized LogL: 0.137463, Best Rate: 0.3

========= ADAPTIVE MC DEBUG =========
Total calls: 200
Avg tries: 150.00
Confidence stops: 200
Max stops: 0
Max stop rate: 0.000
Real Fault Rank 1
================= 22/08/2026 04:41:19: SEED 35 END =================
================= 22/08/2026 04:41:19: SEED 36 (34/100), a*=0 fault=[3,1,2,3,4,5] START =================
===== SEED 36 | FR=0.3 | VR=20 =====
executing with fault mode: [3,1,2,3,4,5]

executing with fault mode: [3,1,2,3,4,5]

Fault scores (higher is better):
Fault: [2,1,2,3,4,5], logL: -15.247081, Exp of LogL: 0.000000, Normalized LogL: -2.541180, Exp of Normalized LogL: 0.078773, Best Rate: 0.3
Fault: [1,1,2,3,4,5], logL: -15.757907, Exp of LogL: 0.000000, Normalized LogL: -2.626318, Exp of Normalized LogL: 0.072344, Best Rate: 0.3
Fault: [4,1,2,3,4,5], logL: -16.088149, Exp of LogL: 0.000000, Normalized LogL: -2.681358, Exp of Normalized LogL: 0.068470, Best Rate: 0.3
Fault: [5,1,2,3,4,5], logL: -16.088149, Exp of LogL: 0.000000, Normalized LogL: -2.681358, Exp of Normalized LogL: 0.068470, Best Rate: 0.3
Fault: [0,1,2,3,4,5], logL: -16.179120, Exp of LogL: 0.000000, Normalized LogL: -2.696520, Exp of Normalized LogL: 0.067440, Best Rate: 0.3
Fault: [3,1,2,3,0,5], logL: -16.825748, Exp of LogL: 0.000000, Normalized LogL: -2.804291, Exp of Normalized LogL: 0.060550, Best Rate: 0.3
Fault: [3,1,2,3,4,5], logL: -16.825748, Exp of LogL: 0.000000, Normalized LogL: -2.804291, Exp of Normalized LogL: 0.060550, Best Rate: 0.3
Fault: [3,1,2,3,1,5], logL: -16.825748, Exp of LogL: 0.000000, Normalized LogL: -2.804291, Exp of Normalized LogL: 0.060550, Best Rate: 0.3
Fault: [3,1,2,3,5,5], logL: -16.825748, Exp of LogL: 0.000000, Normalized LogL: -2.804291, Exp of Normalized LogL: 0.060550, Best Rate: 0.3
Fault: [3,1,2,3,3,5], logL: -16.825748, Exp of LogL: 0.000000, Normalized LogL: -2.804291, Exp of Normalized LogL: 0.060550, Best Rate: 0.3

========= ADAPTIVE MC DEBUG =========
Total calls: 60
Avg tries: 158.33
Confidence stops: 60
Max stops: 0
Max stop rate: 0.000
Real Fault Rank 7
===== SEED 36 | FR=0.3 | VR=40 =====
executing with fault mode: [3,1,2,3,4,5]

executing with fault mode: [3,1,2,3,4,5]

Fault scores (higher is better):
Fault: [2,1,2,3,4,5], logL: -18.775079, Exp of LogL: 0.000000, Normalized LogL: -1.706825, Exp of Normalized LogL: 0.181441, Best Rate: 0.3
Fault: [1,1,2,3,4,5], logL: -19.278488, Exp of LogL: 0.000000, Normalized LogL: -1.752590, Exp of Normalized LogL: 0.173324, Best Rate: 0.3
Fault: [3,1,2,3,4,5], logL: -19.640278, Exp of LogL: 0.000000, Normalized LogL: -1.785480, Exp of Normalized LogL: 0.167717, Best Rate: 0.3
Fault: [4,1,2,3,4,5], logL: -19.807332, Exp of LogL: 0.000000, Normalized LogL: -1.800667, Exp of Normalized LogL: 0.165189, Best Rate: 0.3
Fault: [5,1,2,3,4,5], logL: -19.807332, Exp of LogL: 0.000000, Normalized LogL: -1.800667, Exp of Normalized LogL: 0.165189, Best Rate: 0.3
Fault: [0,1,2,3,4,5], logL: -20.011842, Exp of LogL: 0.000000, Normalized LogL: -1.819258, Exp of Normalized LogL: 0.162146, Best Rate: 0.3
Fault: [3,1,2,3,0,5], logL: -20.040756, Exp of LogL: 0.000000, Normalized LogL: -1.821887, Exp of Normalized LogL: 0.161720, Best Rate: 0.3
Fault: [3,1,2,3,1,5], logL: -20.040756, Exp of LogL: 0.000000, Normalized LogL: -1.821887, Exp of Normalized LogL: 0.161720, Best Rate: 0.3
Fault: [3,1,2,3,5,5], logL: -20.040756, Exp of LogL: 0.000000, Normalized LogL: -1.821887, Exp of Normalized LogL: 0.161720, Best Rate: 0.3
Fault: [3,1,2,3,3,5], logL: -20.040756, Exp of LogL: 0.000000, Normalized LogL: -1.821887, Exp of Normalized LogL: 0.161720, Best Rate: 0.3

========= ADAPTIVE MC DEBUG =========
Total calls: 110
Avg tries: 154.55
Confidence stops: 110
Max stops: 0
Max stop rate: 0.000
Real Fault Rank 3
===== SEED 36 | FR=0.3 | VR=60 =====
executing with fault mode: [3,1,2,3,4,5]

executing with fault mode: [3,1,2,3,4,5]

Fault scores (higher is better):
Fault: [3,1,2,3,4,5], logL: -23.144654, Exp of LogL: 0.000000, Normalized LogL: -1.446541, Exp of Normalized LogL: 0.235383, Best Rate: 0.3
Fault: [1,1,2,3,4,5], logL: -23.384357, Exp of LogL: 0.000000, Normalized LogL: -1.461522, Exp of Normalized LogL: 0.231883, Best Rate: 0.3
Fault: [3,1,2,3,0,5], logL: -23.545132, Exp of LogL: 0.000000, Normalized LogL: -1.471571, Exp of Normalized LogL: 0.229565, Best Rate: 0.3
Fault: [3,1,2,3,1,5], logL: -23.545132, Exp of LogL: 0.000000, Normalized LogL: -1.471571, Exp of Normalized LogL: 0.229565, Best Rate: 0.3
Fault: [3,1,2,3,5,5], logL: -23.545132, Exp of LogL: 0.000000, Normalized LogL: -1.471571, Exp of Normalized LogL: 0.229565, Best Rate: 0.3
Fault: [3,1,2,3,3,5], logL: -23.545132, Exp of LogL: 0.000000, Normalized LogL: -1.471571, Exp of Normalized LogL: 0.229565, Best Rate: 0.3
Fault: [2,1,2,3,4,5], logL: -23.709707, Exp of LogL: 0.000000, Normalized LogL: -1.481857, Exp of Normalized LogL: 0.227215, Best Rate: 0.3
Fault: [0,1,2,3,4,5], logL: -24.354136, Exp of LogL: 0.000000, Normalized LogL: -1.522134, Exp of Normalized LogL: 0.218246, Best Rate: 0.3
Fault: [4,1,2,3,4,5], logL: -24.813211, Exp of LogL: 0.000000, Normalized LogL: -1.550826, Exp of Normalized LogL: 0.212073, Best Rate: 0.3
Fault: [5,1,2,3,4,5], logL: -24.813211, Exp of LogL: 0.000000, Normalized LogL: -1.550826, Exp of Normalized LogL: 0.212073, Best Rate: 0.3

========= ADAPTIVE MC DEBUG =========
Total calls: 160
Avg tries: 150.00
Confidence stops: 160
Max stops: 0
Max stop rate: 0.000
Real Fault Rank 1
===== SEED 36 | FR=0.3 | VR=80 =====
executing with fault mode: [3,1,2,3,4,5]

executing with fault mode: [3,1,2,3,4,5]

Fault scores (higher is better):
Fault: [3,1,2,3,4,5], logL: -25.181567, Exp of LogL: 0.000000, Normalized LogL: -1.199122, Exp of Normalized LogL: 0.301459, Best Rate: 0.3
Fault: [1,1,2,3,4,5], logL: -25.397629, Exp of LogL: 0.000000, Normalized LogL: -1.209411, Exp of Normalized LogL: 0.298373, Best Rate: 0.3
Fault: [3,1,2,3,0,5], logL: -25.582044, Exp of LogL: 0.000000, Normalized LogL: -1.218193, Exp of Normalized LogL: 0.295764, Best Rate: 0.3
Fault: [3,1,2,3,1,5], logL: -25.582044, Exp of LogL: 0.000000, Normalized LogL: -1.218193, Exp of Normalized LogL: 0.295764, Best Rate: 0.3
Fault: [3,1,2,3,5,5], logL: -25.582044, Exp of LogL: 0.000000, Normalized LogL: -1.218193, Exp of Normalized LogL: 0.295764, Best Rate: 0.3
Fault: [3,1,2,3,3,5], logL: -25.582044, Exp of LogL: 0.000000, Normalized LogL: -1.218193, Exp of Normalized LogL: 0.295764, Best Rate: 0.3
Fault: [2,1,2,3,4,5], logL: -25.674631, Exp of LogL: 0.000000, Normalized LogL: -1.222601, Exp of Normalized LogL: 0.294463, Best Rate: 0.3
Fault: [0,1,2,3,4,5], logL: -26.251888, Exp of LogL: 0.000000, Normalized LogL: -1.250090, Exp of Normalized LogL: 0.286479, Best Rate: 0.3
Fault: [4,1,2,3,4,5], logL: -26.826483, Exp of LogL: 0.000000, Normalized LogL: -1.277452, Exp of Normalized LogL: 0.278747, Best Rate: 0.3
Fault: [5,1,2,3,4,5], logL: -26.826483, Exp of LogL: 0.000000, Normalized LogL: -1.277452, Exp of Normalized LogL: 0.278747, Best Rate: 0.3

========= ADAPTIVE MC DEBUG =========
Total calls: 210
Avg tries: 150.00
Confidence stops: 210
Max stops: 0
Max stop rate: 0.000
Real Fault Rank 1
===== SEED 36 | FR=0.3 | VR=100 =====
executing with fault mode: [3,1,2,3,4,5]

executing with fault mode: [3,1,2,3,4,5]

Fault scores (higher is better):
Fault: [3,1,2,3,4,5], logL: -28.837807, Exp of LogL: 0.000000, Normalized LogL: -1.068067, Exp of Normalized LogL: 0.343672, Best Rate: 0.3
Fault: [0,1,2,3,4,5], logL: -29.230143, Exp of LogL: 0.000000, Normalized LogL: -1.082598, Exp of Normalized LogL: 0.338714, Best Rate: 0.3
Fault: [3,1,2,3,0,5], logL: -29.263475, Exp of LogL: 0.000000, Normalized LogL: -1.083832, Exp of Normalized LogL: 0.338297, Best Rate: 0.3
Fault: [3,1,2,3,1,5], logL: -29.263475, Exp of LogL: 0.000000, Normalized LogL: -1.083832, Exp of Normalized LogL: 0.338297, Best Rate: 0.3
Fault: [3,1,2,3,5,5], logL: -29.263475, Exp of LogL: 0.000000, Normalized LogL: -1.083832, Exp of Normalized LogL: 0.338297, Best Rate: 0.3
Fault: [3,1,2,3,3,5], logL: -29.263475, Exp of LogL: 0.000000, Normalized LogL: -1.083832, Exp of Normalized LogL: 0.338297, Best Rate: 0.3
Fault: [2,1,2,3,4,5], logL: -29.698254, Exp of LogL: 0.000000, Normalized LogL: -1.099935, Exp of Normalized LogL: 0.332893, Best Rate: 0.3
Fault: [1,1,2,3,4,5], logL: -30.156594, Exp of LogL: 0.000000, Normalized LogL: -1.116911, Exp of Normalized LogL: 0.327289, Best Rate: 0.3
Fault: [4,1,2,3,4,5], logL: -31.759017, Exp of LogL: 0.000000, Normalized LogL: -1.176260, Exp of Normalized LogL: 0.308430, Best Rate: 0.3
Fault: [5,1,2,3,4,5], logL: -31.759017, Exp of LogL: 0.000000, Normalized LogL: -1.176260, Exp of Normalized LogL: 0.308430, Best Rate: 0.3

========= ADAPTIVE MC DEBUG =========
Total calls: 270
Avg tries: 150.00
Confidence stops: 270
Max stops: 0
Max stop rate: 0.000
Real Fault Rank 1
================= 22/08/2026 04:41:40: SEED 36 END =================
================= 22/08/2026 04:41:40: SEED 37 (35/100), a*=2 fault=[0,1,3,3,4,5] START =================
===== SEED 37 | FR=0.3 | VR=20 =====
executing with fault mode: [0,1,3,3,4,5]

Fault scores (higher is better):
Fault: [0,1,1,3,4,5], logL: -6.780242, Exp of LogL: 0.001136, Normalized LogL: -2.260081, Exp of Normalized LogL: 0.104342, Best Rate: 0.3
Fault: [0,1,2,3,4,5], logL: -6.962564, Exp of LogL: 0.000947, Normalized LogL: -2.320855, Exp of Normalized LogL: 0.098190, Best Rate: 0.3
Fault: [0,1,4,3,4,5], logL: -7.272718, Exp of LogL: 0.000694, Normalized LogL: -2.424239, Exp of Normalized LogL: 0.088545, Best Rate: 0.3
Fault: [0,1,5,3,4,5], logL: -7.272718, Exp of LogL: 0.000694, Normalized LogL: -2.424239, Exp of Normalized LogL: 0.088545, Best Rate: 0.3
Fault: [0,1,0,3,4,5], logL: -7.560401, Exp of LogL: 0.000521, Normalized LogL: -2.520134, Exp of Normalized LogL: 0.080449, Best Rate: 0.3
Fault: [0,1,3,3,4,5], logL: -7.560401, Exp of LogL: 0.000521, Normalized LogL: -2.520134, Exp of Normalized LogL: 0.080449, Best Rate: 0.3
Fault: [0,1,3,3,1,5], logL: -7.560401, Exp of LogL: 0.000521, Normalized LogL: -2.520134, Exp of Normalized LogL: 0.080449, Best Rate: 0.3
Fault: [0,1,3,3,2,5], logL: -7.560401, Exp of LogL: 0.000521, Normalized LogL: -2.520134, Exp of Normalized LogL: 0.080449, Best Rate: 0.3
Fault: [0,1,3,3,3,5], logL: -7.560401, Exp of LogL: 0.000521, Normalized LogL: -2.520134, Exp of Normalized LogL: 0.080449, Best Rate: 0.3
Fault: [0,1,3,3,5,5], logL: -7.560401, Exp of LogL: 0.000521, Normalized LogL: -2.520134, Exp of Normalized LogL: 0.080449, Best Rate: 0.3

========= ADAPTIVE MC DEBUG =========
Total calls: 30
Avg tries: 166.67
Confidence stops: 30
Max stops: 0
Max stop rate: 0.000
Real Fault Rank 6
===== SEED 37 | FR=0.3 | VR=40 =====
executing with fault mode: [0,1,3,3,4,5]

Fault scores (higher is better):
Fault: [0,1,1,3,4,5], logL: -11.650150, Exp of LogL: 0.000009, Normalized LogL: -1.941692, Exp of Normalized LogL: 0.143461, Best Rate: 0.3
Fault: [0,1,2,3,4,5], logL: -11.670628, Exp of LogL: 0.000009, Normalized LogL: -1.945105, Exp of Normalized LogL: 0.142972, Best Rate: 0.3
Fault: [0,1,4,3,4,5], logL: -11.764560, Exp of LogL: 0.000008, Normalized LogL: -1.960760, Exp of Normalized LogL: 0.140751, Best Rate: 0.3
Fault: [0,1,5,3,4,5], logL: -11.764560, Exp of LogL: 0.000008, Normalized LogL: -1.960760, Exp of Normalized LogL: 0.140751, Best Rate: 0.3
Fault: [0,1,3,3,1,5], logL: -12.149406, Exp of LogL: 0.000005, Normalized LogL: -2.024901, Exp of Normalized LogL: 0.132007, Best Rate: 0.3
Fault: [0,1,3,3,2,5], logL: -12.149406, Exp of LogL: 0.000005, Normalized LogL: -2.024901, Exp of Normalized LogL: 0.132007, Best Rate: 0.3
Fault: [0,1,3,3,5,5], logL: -12.149406, Exp of LogL: 0.000005, Normalized LogL: -2.024901, Exp of Normalized LogL: 0.132007, Best Rate: 0.3
Fault: [0,1,3,3,4,5], logL: -12.303556, Exp of LogL: 0.000005, Normalized LogL: -2.050593, Exp of Normalized LogL: 0.128659, Best Rate: 0.3
Fault: [0,1,0,3,4,5], logL: -12.457707, Exp of LogL: 0.000004, Normalized LogL: -2.076285, Exp of Normalized LogL: 0.125395, Best Rate: 0.3
Fault: [0,1,3,3,3,5], logL: -12.485878, Exp of LogL: 0.000004, Normalized LogL: -2.080980, Exp of Normalized LogL: 0.124808, Best Rate: 0.3

========= ADAPTIVE MC DEBUG =========
Total calls: 60
Avg tries: 150.00
Confidence stops: 60
Max stops: 0
Max stop rate: 0.000
Real Fault Rank 8
===== SEED 37 | FR=0.3 | VR=60 =====
executing with fault mode: [0,1,3,3,4,5]

Fault scores (higher is better):
Fault: [0,1,1,3,4,5], logL: -12.736998, Exp of LogL: 0.000003, Normalized LogL: -1.415222, Exp of Normalized LogL: 0.242872, Best Rate: 0.3
Fault: [0,1,4,3,4,5], logL: -12.924093, Exp of LogL: 0.000002, Normalized LogL: -1.436010, Exp of Normalized LogL: 0.237875, Best Rate: 0.3
Fault: [0,1,5,3,4,5], logL: -12.924093, Exp of LogL: 0.000002, Normalized LogL: -1.436010, Exp of Normalized LogL: 0.237875, Best Rate: 0.3
Fault: [0,1,3,3,1,5], logL: -12.942055, Exp of LogL: 0.000002, Normalized LogL: -1.438006, Exp of Normalized LogL: 0.237401, Best Rate: 0.3
Fault: [0,1,3,3,2,5], logL: -12.942055, Exp of LogL: 0.000002, Normalized LogL: -1.438006, Exp of Normalized LogL: 0.237401, Best Rate: 0.3
Fault: [0,1,3,3,5,5], logL: -12.942055, Exp of LogL: 0.000002, Normalized LogL: -1.438006, Exp of Normalized LogL: 0.237401, Best Rate: 0.3
Fault: [0,1,2,3,4,5], logL: -13.116030, Exp of LogL: 0.000002, Normalized LogL: -1.457337, Exp of Normalized LogL: 0.232856, Best Rate: 0.3
Fault: [0,1,3,3,4,5], logL: -13.265843, Exp of LogL: 0.000002, Normalized LogL: -1.473983, Exp of Normalized LogL: 0.229012, Best Rate: 0.3
Fault: [0,1,3,3,3,5], logL: -13.358216, Exp of LogL: 0.000002, Normalized LogL: -1.484246, Exp of Normalized LogL: 0.226673, Best Rate: 0.3
Fault: [0,1,0,3,4,5], logL: -13.617240, Exp of LogL: 0.000001, Normalized LogL: -1.513027, Exp of Normalized LogL: 0.220242, Best Rate: 0.3

========= ADAPTIVE MC DEBUG =========
Total calls: 90
Avg tries: 150.00
Confidence stops: 90
Max stops: 0
Max stop rate: 0.000
Real Fault Rank 8
===== SEED 37 | FR=0.3 | VR=80 =====
executing with fault mode: [0,1,3,3,4,5]

Fault scores (higher is better):
Fault: [0,1,1,3,4,5], logL: -13.480537, Exp of LogL: 0.000001, Normalized LogL: -1.123378, Exp of Normalized LogL: 0.325179, Best Rate: 0.3
Fault: [0,1,4,3,4,5], logL: -13.667632, Exp of LogL: 0.000001, Normalized LogL: -1.138969, Exp of Normalized LogL: 0.320149, Best Rate: 0.3
Fault: [0,1,5,3,4,5], logL: -13.667632, Exp of LogL: 0.000001, Normalized LogL: -1.138969, Exp of Normalized LogL: 0.320149, Best Rate: 0.3
Fault: [0,1,2,3,4,5], logL: -13.859569, Exp of LogL: 0.000001, Normalized LogL: -1.154964, Exp of Normalized LogL: 0.315069, Best Rate: 0.3
Fault: [0,1,3,3,4,5], logL: -14.009381, Exp of LogL: 0.000001, Normalized LogL: -1.167448, Exp of Normalized LogL: 0.311160, Best Rate: 0.3
Fault: [0,1,0,3,4,5], logL: -14.360779, Exp of LogL: 0.000001, Normalized LogL: -1.196732, Exp of Normalized LogL: 0.302180, Best Rate: 0.3
Fault: [0,1,3,3,1,5], logL: -14.375626, Exp of LogL: 0.000001, Normalized LogL: -1.197969, Exp of Normalized LogL: 0.301807, Best Rate: 0.3
Fault: [0,1,3,3,2,5], logL: -14.375626, Exp of LogL: 0.000001, Normalized LogL: -1.197969, Exp of Normalized LogL: 0.301807, Best Rate: 0.3
Fault: [0,1,3,3,3,5], logL: -14.375626, Exp of LogL: 0.000001, Normalized LogL: -1.197969, Exp of Normalized LogL: 0.301807, Best Rate: 0.3
Fault: [0,1,3,3,5,5], logL: -14.375626, Exp of LogL: 0.000001, Normalized LogL: -1.197969, Exp of Normalized LogL: 0.301807, Best Rate: 0.3

========= ADAPTIVE MC DEBUG =========
Total calls: 120
Avg tries: 150.00
Confidence stops: 120
Max stops: 0
Max stop rate: 0.000
Real Fault Rank 5
===== SEED 37 | FR=0.3 | VR=100 =====
executing with fault mode: [0,1,3,3,4,5]

Fault scores (higher is better):
Fault: [0,1,1,3,4,5], logL: -13.880003, Exp of LogL: 0.000001, Normalized LogL: -0.925334, Exp of Normalized LogL: 0.396399, Best Rate: 0.3
Fault: [0,1,2,3,4,5], logL: -14.261391, Exp of LogL: 0.000001, Normalized LogL: -0.950759, Exp of Normalized LogL: 0.386447, Best Rate: 0.3
Fault: [0,1,3,3,4,5], logL: -14.433754, Exp of LogL: 0.000001, Normalized LogL: -0.962250, Exp of Normalized LogL: 0.382032, Best Rate: 0.3
Fault: [0,1,0,3,4,5], logL: -14.709166, Exp of LogL: 0.000000, Normalized LogL: -0.980611, Exp of Normalized LogL: 0.375082, Best Rate: 0.3
Fault: [0,1,4,3,4,5], logL: -14.785152, Exp of LogL: 0.000000, Normalized LogL: -0.985677, Exp of Normalized LogL: 0.373187, Best Rate: 0.3
Fault: [0,1,5,3,4,5], logL: -14.785152, Exp of LogL: 0.000000, Normalized LogL: -0.985677, Exp of Normalized LogL: 0.373187, Best Rate: 0.3
Fault: [0,1,3,3,1,5], logL: -14.799998, Exp of LogL: 0.000000, Normalized LogL: -0.986667, Exp of Normalized LogL: 0.372817, Best Rate: 0.3
Fault: [0,1,3,3,2,5], logL: -14.799998, Exp of LogL: 0.000000, Normalized LogL: -0.986667, Exp of Normalized LogL: 0.372817, Best Rate: 0.3
Fault: [0,1,3,3,3,5], logL: -14.799998, Exp of LogL: 0.000000, Normalized LogL: -0.986667, Exp of Normalized LogL: 0.372817, Best Rate: 0.3
Fault: [0,1,3,3,5,5], logL: -14.799998, Exp of LogL: 0.000000, Normalized LogL: -0.986667, Exp of Normalized LogL: 0.372817, Best Rate: 0.3

========= ADAPTIVE MC DEBUG =========
Total calls: 150
Avg tries: 150.00
Confidence stops: 150
Max stops: 0
Max stop rate: 0.000
Real Fault Rank 3
================= 22/08/2026 04:41:52: SEED 37 END =================
================= 22/08/2026 04:41:52: SEED 38 (36/100), a*=2 fault=[0,1,1,3,4,5] START =================
===== SEED 38 | FR=0.3 | VR=20 =====
executing with fault mode: [0,1,1,3,4,5]

executing with fault mode: [0,1,1,3,4,5]

executing with fault mode: [0,1,1,3,4,5]

Fault scores (higher is better):
Fault: [0,1,1,3,1,5], logL: -11.233576, Exp of LogL: 0.000013, Normalized LogL: -1.872263, Exp of Normalized LogL: 0.153775, Best Rate: 0.3
Fault: [0,1,1,3,5,5], logL: -11.333660, Exp of LogL: 0.000012, Normalized LogL: -1.888943, Exp of Normalized LogL: 0.151232, Best Rate: 0.3
Fault: [0,1,1,3,3,5], logL: -11.333660, Exp of LogL: 0.000012, Normalized LogL: -1.888943, Exp of Normalized LogL: 0.151232, Best Rate: 0.3
Fault: [0,1,1,3,0,5], logL: -11.333660, Exp of LogL: 0.000012, Normalized LogL: -1.888943, Exp of Normalized LogL: 0.151232, Best Rate: 0.3
Fault: [0,1,1,3,4,5], logL: -11.387727, Exp of LogL: 0.000011, Normalized LogL: -1.897954, Exp of Normalized LogL: 0.149875, Best Rate: 0.3
Fault: [0,1,4,3,4,5], logL: -11.793192, Exp of LogL: 0.000008, Normalized LogL: -1.965532, Exp of Normalized LogL: 0.140081, Best Rate: 0.3
Fault: [0,1,5,3,4,5], logL: -11.793192, Exp of LogL: 0.000008, Normalized LogL: -1.965532, Exp of Normalized LogL: 0.140081, Best Rate: 0.3
Fault: [0,1,3,3,4,5], logL: -12.080874, Exp of LogL: 0.000006, Normalized LogL: -2.013479, Exp of Normalized LogL: 0.133523, Best Rate: 0.3
Fault: [0,1,2,3,4,5], logL: -12.668661, Exp of LogL: 0.000003, Normalized LogL: -2.111443, Exp of Normalized LogL: 0.121063, Best Rate: 0.3
Fault: [0,1,0,3,4,5], logL: -12.668661, Exp of LogL: 0.000003, Normalized LogL: -2.111443, Exp of Normalized LogL: 0.121063, Best Rate: 0.3

========= ADAPTIVE MC DEBUG =========
Total calls: 60
Avg tries: 175.00
Confidence stops: 60
Max stops: 0
Max stop rate: 0.000
Real Fault Rank 5
===== SEED 38 | FR=0.3 | VR=40 =====
executing with fault mode: [0,1,1,3,4,5]

executing with fault mode: [0,1,1,3,4,5]

executing with fault mode: [0,1,1,3,4,5]

Fault scores (higher is better):
Fault: [0,1,0,3,4,5], logL: -16.030855, Exp of LogL: 0.000000, Normalized LogL: -1.457350, Exp of Normalized LogL: 0.232852, Best Rate: 0.3
Fault: [0,1,2,3,4,5], logL: -16.135966, Exp of LogL: 0.000000, Normalized LogL: -1.466906, Exp of Normalized LogL: 0.230638, Best Rate: 0.3
Fault: [0,1,1,3,4,5], logL: -16.839163, Exp of LogL: 0.000000, Normalized LogL: -1.530833, Exp of Normalized LogL: 0.216355, Best Rate: 0.3
Fault: [0,1,1,3,5,5], logL: -16.901684, Exp of LogL: 0.000000, Normalized LogL: -1.536517, Exp of Normalized LogL: 0.215129, Best Rate: 0.3
Fault: [0,1,1,3,3,5], logL: -16.901684, Exp of LogL: 0.000000, Normalized LogL: -1.536517, Exp of Normalized LogL: 0.215129, Best Rate: 0.3
Fault: [0,1,1,3,0,5], logL: -16.901684, Exp of LogL: 0.000000, Normalized LogL: -1.536517, Exp of Normalized LogL: 0.215129, Best Rate: 0.3
Fault: [0,1,1,3,1,5], logL: -17.039834, Exp of LogL: 0.000000, Normalized LogL: -1.549076, Exp of Normalized LogL: 0.212444, Best Rate: 0.3
Fault: [0,1,3,3,4,5], logL: -17.134733, Exp of LogL: 0.000000, Normalized LogL: -1.557703, Exp of Normalized LogL: 0.210619, Best Rate: 0.3
Fault: [0,1,4,3,4,5], logL: -17.473470, Exp of LogL: 0.000000, Normalized LogL: -1.588497, Exp of Normalized LogL: 0.204232, Best Rate: 0.3
Fault: [0,1,5,3,4,5], logL: -17.473470, Exp of LogL: 0.000000, Normalized LogL: -1.588497, Exp of Normalized LogL: 0.204232, Best Rate: 0.3

========= ADAPTIVE MC DEBUG =========
Total calls: 110
Avg tries: 154.55
Confidence stops: 110
Max stops: 0
Max stop rate: 0.000
Real Fault Rank 3
===== SEED 38 | FR=0.3 | VR=60 =====
executing with fault mode: [0,1,1,3,4,5]

executing with fault mode: [0,1,1,3,4,5]

executing with fault mode: [0,1,1,3,4,5]

Fault scores (higher is better):
Fault: [0,1,1,3,4,5], logL: -20.132935, Exp of LogL: 0.000000, Normalized LogL: -1.184290, Exp of Normalized LogL: 0.305963, Best Rate: 0.3
Fault: [0,1,1,3,5,5], logL: -20.295453, Exp of LogL: 0.000000, Normalized LogL: -1.193850, Exp of Normalized LogL: 0.303052, Best Rate: 0.3
Fault: [0,1,1,3,3,5], logL: -20.295453, Exp of LogL: 0.000000, Normalized LogL: -1.193850, Exp of Normalized LogL: 0.303052, Best Rate: 0.3
Fault: [0,1,1,3,0,5], logL: -20.295453, Exp of LogL: 0.000000, Normalized LogL: -1.193850, Exp of Normalized LogL: 0.303052, Best Rate: 0.3
Fault: [0,1,1,3,1,5], logL: -20.489609, Exp of LogL: 0.000000, Normalized LogL: -1.205271, Exp of Normalized LogL: 0.299611, Best Rate: 0.3
Fault: [0,1,2,3,4,5], logL: -20.555678, Exp of LogL: 0.000000, Normalized LogL: -1.209158, Exp of Normalized LogL: 0.298449, Best Rate: 0.3
Fault: [0,1,0,3,4,5], logL: -20.804044, Exp of LogL: 0.000000, Normalized LogL: -1.223767, Exp of Normalized LogL: 0.294120, Best Rate: 0.3
Fault: [0,1,3,3,4,5], logL: -20.877529, Exp of LogL: 0.000000, Normalized LogL: -1.228090, Exp of Normalized LogL: 0.292851, Best Rate: 0.3
Fault: [0,1,4,3,4,5], logL: -21.710284, Exp of LogL: 0.000000, Normalized LogL: -1.277076, Exp of Normalized LogL: 0.278852, Best Rate: 0.3
Fault: [0,1,5,3,4,5], logL: -21.710284, Exp of LogL: 0.000000, Normalized LogL: -1.277076, Exp of Normalized LogL: 0.278852, Best Rate: 0.3

========= ADAPTIVE MC DEBUG =========
Total calls: 170
Avg tries: 152.94
Confidence stops: 170
Max stops: 0
Max stop rate: 0.000
Real Fault Rank 1
===== SEED 38 | FR=0.3 | VR=80 =====
executing with fault mode: [0,1,1,3,4,5]

executing with fault mode: [0,1,1,3,4,5]

executing with fault mode: [0,1,1,3,4,5]

Fault scores (higher is better):
Fault: [0,1,1,3,4,5], logL: -22.279730, Exp of LogL: 0.000000, Normalized LogL: -1.012715, Exp of Normalized LogL: 0.363231, Best Rate: 0.3
Fault: [0,1,1,3,1,5], logL: -22.659219, Exp of LogL: 0.000000, Normalized LogL: -1.029965, Exp of Normalized LogL: 0.357020, Best Rate: 0.3
Fault: [0,1,1,3,5,5], logL: -22.659219, Exp of LogL: 0.000000, Normalized LogL: -1.029965, Exp of Normalized LogL: 0.357020, Best Rate: 0.3
Fault: [0,1,1,3,3,5], logL: -22.659219, Exp of LogL: 0.000000, Normalized LogL: -1.029965, Exp of Normalized LogL: 0.357020, Best Rate: 0.3
Fault: [0,1,1,3,0,5], logL: -22.659219, Exp of LogL: 0.000000, Normalized LogL: -1.029965, Exp of Normalized LogL: 0.357020, Best Rate: 0.3
Fault: [0,1,2,3,4,5], logL: -23.198885, Exp of LogL: 0.000000, Normalized LogL: -1.054495, Exp of Normalized LogL: 0.348368, Best Rate: 0.3
Fault: [0,1,0,3,4,5], logL: -23.307583, Exp of LogL: 0.000000, Normalized LogL: -1.059436, Exp of Normalized LogL: 0.346651, Best Rate: 0.3
Fault: [0,1,3,3,4,5], logL: -23.467643, Exp of LogL: 0.000000, Normalized LogL: -1.066711, Exp of Normalized LogL: 0.344139, Best Rate: 0.3
Fault: [0,1,4,3,4,5], logL: -24.548556, Exp of LogL: 0.000000, Normalized LogL: -1.115843, Exp of Normalized LogL: 0.327639, Best Rate: 0.3
Fault: [0,1,5,3,4,5], logL: -24.548556, Exp of LogL: 0.000000, Normalized LogL: -1.115843, Exp of Normalized LogL: 0.327639, Best Rate: 0.3

========= ADAPTIVE MC DEBUG =========
Total calls: 220
Avg tries: 150.00
Confidence stops: 220
Max stops: 0
Max stop rate: 0.000
Real Fault Rank 1
===== SEED 38 | FR=0.3 | VR=100 =====
executing with fault mode: [0,1,1,3,4,5]

executing with fault mode: [0,1,1,3,4,5]

executing with fault mode: [0,1,1,3,4,5]

Fault scores (higher is better):
Fault: [0,1,1,3,4,5], logL: -23.892474, Exp of LogL: 0.000000, Normalized LogL: -0.853303, Exp of Normalized LogL: 0.426006, Best Rate: 0.3
Fault: [0,1,1,3,1,5], logL: -24.239670, Exp of LogL: 0.000000, Normalized LogL: -0.865702, Exp of Normalized LogL: 0.420756, Best Rate: 0.3
Fault: [0,1,1,3,5,5], logL: -24.239670, Exp of LogL: 0.000000, Normalized LogL: -0.865702, Exp of Normalized LogL: 0.420756, Best Rate: 0.3
Fault: [0,1,1,3,3,5], logL: -24.239670, Exp of LogL: 0.000000, Normalized LogL: -0.865702, Exp of Normalized LogL: 0.420756, Best Rate: 0.3
Fault: [0,1,1,3,0,5], logL: -24.239670, Exp of LogL: 0.000000, Normalized LogL: -0.865702, Exp of Normalized LogL: 0.420756, Best Rate: 0.3
Fault: [0,1,2,3,4,5], logL: -24.794206, Exp of LogL: 0.000000, Normalized LogL: -0.885507, Exp of Normalized LogL: 0.412505, Best Rate: 0.3
Fault: [0,1,0,3,4,5], logL: -24.853327, Exp of LogL: 0.000000, Normalized LogL: -0.887619, Exp of Normalized LogL: 0.411635, Best Rate: 0.3
Fault: [0,1,3,3,4,5], logL: -25.107415, Exp of LogL: 0.000000, Normalized LogL: -0.896693, Exp of Normalized LogL: 0.407916, Best Rate: 0.3
Fault: [0,1,4,3,4,5], logL: -26.188328, Exp of LogL: 0.000000, Normalized LogL: -0.935297, Exp of Normalized LogL: 0.392469, Best Rate: 0.3
Fault: [0,1,5,3,4,5], logL: -26.188328, Exp of LogL: 0.000000, Normalized LogL: -0.935297, Exp of Normalized LogL: 0.392469, Best Rate: 0.3

========= ADAPTIVE MC DEBUG =========
Total calls: 280
Avg tries: 150.00
Confidence stops: 280
Max stops: 0
Max stop rate: 0.000
Real Fault Rank 1
================= 22/08/2026 04:42:15: SEED 38 END =================
================= 22/08/2026 04:42:15: SEED 39 (37/100), a*=0 fault=[2,1,2,3,4,5] START =================
===== SEED 39 | FR=0.3 | VR=20 =====
executing with fault mode: [2,1,2,3,4,5]

Fault scores (higher is better):
Fault: [0,1,2,3,4,5], logL: -6.754635, Exp of LogL: 0.001165, Normalized LogL: -1.350927, Exp of Normalized LogL: 0.259000, Best Rate: 0.3
Fault: [2,1,2,3,4,5], logL: -7.072170, Exp of LogL: 0.000848, Normalized LogL: -1.414434, Exp of Normalized LogL: 0.243063, Best Rate: 0.3
Fault: [2,1,2,3,3,5], logL: -7.436813, Exp of LogL: 0.000589, Normalized LogL: -1.487363, Exp of Normalized LogL: 0.225968, Best Rate: 0.3
Fault: [2,1,2,3,2,5], logL: -7.436813, Exp of LogL: 0.000589, Normalized LogL: -1.487363, Exp of Normalized LogL: 0.225968, Best Rate: 0.3
Fault: [2,1,2,3,0,5], logL: -7.436813, Exp of LogL: 0.000589, Normalized LogL: -1.487363, Exp of Normalized LogL: 0.225968, Best Rate: 0.3
Fault: [2,1,2,3,1,5], logL: -7.436813, Exp of LogL: 0.000589, Normalized LogL: -1.487363, Exp of Normalized LogL: 0.225968, Best Rate: 0.3
Fault: [1,1,2,3,4,5], logL: -7.601116, Exp of LogL: 0.000500, Normalized LogL: -1.520223, Exp of Normalized LogL: 0.218663, Best Rate: 0.3
Fault: [3,1,2,3,4,5], logL: -7.601116, Exp of LogL: 0.000500, Normalized LogL: -1.520223, Exp of Normalized LogL: 0.218663, Best Rate: 0.3
Fault: [5,1,2,3,4,5], logL: -7.659956, Exp of LogL: 0.000471, Normalized LogL: -1.531991, Exp of Normalized LogL: 0.216105, Best Rate: 0.3
Fault: [4,1,2,3,4,5], logL: -7.659956, Exp of LogL: 0.000471, Normalized LogL: -1.531991, Exp of Normalized LogL: 0.216105, Best Rate: 0.3

========= ADAPTIVE MC DEBUG =========
Total calls: 50
Avg tries: 170.00
Confidence stops: 50
Max stops: 0
Max stop rate: 0.000
Real Fault Rank 2
===== SEED 39 | FR=0.3 | VR=40 =====
executing with fault mode: [2,1,2,3,4,5]

Fault scores (higher is better):
Fault: [0,1,2,3,4,5], logL: -10.292335, Exp of LogL: 0.000034, Normalized LogL: -1.143593, Exp of Normalized LogL: 0.318672, Best Rate: 0.3
Fault: [2,1,2,3,4,5], logL: -10.643733, Exp of LogL: 0.000024, Normalized LogL: -1.182637, Exp of Normalized LogL: 0.306470, Best Rate: 0.3
Fault: [2,1,2,3,3,5], logL: -10.942226, Exp of LogL: 0.000018, Normalized LogL: -1.215803, Exp of Normalized LogL: 0.296472, Best Rate: 0.3
Fault: [2,1,2,3,2,5], logL: -10.942226, Exp of LogL: 0.000018, Normalized LogL: -1.215803, Exp of Normalized LogL: 0.296472, Best Rate: 0.3
Fault: [2,1,2,3,0,5], logL: -10.942226, Exp of LogL: 0.000018, Normalized LogL: -1.215803, Exp of Normalized LogL: 0.296472, Best Rate: 0.3
Fault: [2,1,2,3,1,5], logL: -10.942226, Exp of LogL: 0.000018, Normalized LogL: -1.215803, Exp of Normalized LogL: 0.296472, Best Rate: 0.3
Fault: [5,1,2,3,4,5], logL: -11.258188, Exp of LogL: 0.000013, Normalized LogL: -1.250910, Exp of Normalized LogL: 0.286244, Best Rate: 0.3
Fault: [4,1,2,3,4,5], logL: -11.258188, Exp of LogL: 0.000013, Normalized LogL: -1.250910, Exp of Normalized LogL: 0.286244, Best Rate: 0.3
Fault: [1,1,2,3,4,5], logL: -11.342745, Exp of LogL: 0.000012, Normalized LogL: -1.260305, Exp of Normalized LogL: 0.283568, Best Rate: 0.3
Fault: [3,1,2,3,4,5], logL: -11.369847, Exp of LogL: 0.000012, Normalized LogL: -1.263316, Exp of Normalized LogL: 0.282715, Best Rate: 0.3

========= ADAPTIVE MC DEBUG =========
Total calls: 90
Avg tries: 150.00
Confidence stops: 90
Max stops: 0
Max stop rate: 0.000
Real Fault Rank 2
===== SEED 39 | FR=0.3 | VR=60 =====
executing with fault mode: [2,1,2,3,4,5]

Fault scores (higher is better):
Fault: [0,1,2,3,4,5], logL: -10.408372, Exp of LogL: 0.000030, Normalized LogL: -0.800644, Exp of Normalized LogL: 0.449040, Best Rate: 0.3
Fault: [2,1,2,3,4,5], logL: -11.097315, Exp of LogL: 0.000015, Normalized LogL: -0.853640, Exp of Normalized LogL: 0.425862, Best Rate: 0.3
Fault: [2,1,2,3,3,5], logL: -11.395808, Exp of LogL: 0.000011, Normalized LogL: -0.876601, Exp of Normalized LogL: 0.416195, Best Rate: 0.3
Fault: [2,1,2,3,2,5], logL: -11.395808, Exp of LogL: 0.000011, Normalized LogL: -0.876601, Exp of Normalized LogL: 0.416195, Best Rate: 0.3
Fault: [2,1,2,3,0,5], logL: -11.395808, Exp of LogL: 0.000011, Normalized LogL: -0.876601, Exp of Normalized LogL: 0.416195, Best Rate: 0.3
Fault: [2,1,2,3,1,5], logL: -11.395808, Exp of LogL: 0.000011, Normalized LogL: -0.876601, Exp of Normalized LogL: 0.416195, Best Rate: 0.3
Fault: [5,1,2,3,4,5], logL: -11.460157, Exp of LogL: 0.000011, Normalized LogL: -0.881551, Exp of Normalized LogL: 0.414140, Best Rate: 0.3
Fault: [4,1,2,3,4,5], logL: -11.460157, Exp of LogL: 0.000011, Normalized LogL: -0.881551, Exp of Normalized LogL: 0.414140, Best Rate: 0.3
Fault: [1,1,2,3,4,5], logL: -11.509623, Exp of LogL: 0.000010, Normalized LogL: -0.885356, Exp of Normalized LogL: 0.412567, Best Rate: 0.3
Fault: [3,1,2,3,4,5], logL: -11.646497, Exp of LogL: 0.000009, Normalized LogL: -0.895884, Exp of Normalized LogL: 0.408246, Best Rate: 0.3

========= ADAPTIVE MC DEBUG =========
Total calls: 130
Avg tries: 150.00
Confidence stops: 130
Max stops: 0
Max stop rate: 0.000
Real Fault Rank 2
===== SEED 39 | FR=0.3 | VR=80 =====
executing with fault mode: [2,1,2,3,4,5]

Fault scores (higher is better):
Fault: [0,1,2,3,4,5], logL: -10.474807, Exp of LogL: 0.000028, Normalized LogL: -0.616165, Exp of Normalized LogL: 0.540011, Best Rate: 0.3
Fault: [2,1,2,3,4,5], logL: -11.079671, Exp of LogL: 0.000015, Normalized LogL: -0.651745, Exp of Normalized LogL: 0.521135, Best Rate: 0.3
Fault: [5,1,2,3,4,5], logL: -11.293478, Exp of LogL: 0.000012, Normalized LogL: -0.664322, Exp of Normalized LogL: 0.514622, Best Rate: 0.3
Fault: [4,1,2,3,4,5], logL: -11.293478, Exp of LogL: 0.000012, Normalized LogL: -0.664322, Exp of Normalized LogL: 0.514622, Best Rate: 0.3
Fault: [1,1,2,3,4,5], logL: -11.378035, Exp of LogL: 0.000011, Normalized LogL: -0.669296, Exp of Normalized LogL: 0.512069, Best Rate: 0.3
Fault: [2,1,2,3,3,5], logL: -11.475186, Exp of LogL: 0.000010, Normalized LogL: -0.675011, Exp of Normalized LogL: 0.509151, Best Rate: 0.3
Fault: [2,1,2,3,2,5], logL: -11.475186, Exp of LogL: 0.000010, Normalized LogL: -0.675011, Exp of Normalized LogL: 0.509151, Best Rate: 0.3
Fault: [2,1,2,3,0,5], logL: -11.475186, Exp of LogL: 0.000010, Normalized LogL: -0.675011, Exp of Normalized LogL: 0.509151, Best Rate: 0.3
Fault: [2,1,2,3,1,5], logL: -11.475186, Exp of LogL: 0.000010, Normalized LogL: -0.675011, Exp of Normalized LogL: 0.509151, Best Rate: 0.3
Fault: [3,1,2,3,4,5], logL: -11.484084, Exp of LogL: 0.000010, Normalized LogL: -0.675534, Exp of Normalized LogL: 0.508884, Best Rate: 0.3

========= ADAPTIVE MC DEBUG =========
Total calls: 170
Avg tries: 150.00
Confidence stops: 170
Max stops: 0
Max stop rate: 0.000
Real Fault Rank 2
===== SEED 39 | FR=0.3 | VR=100 =====
executing with fault mode: [2,1,2,3,4,5]

Fault scores (higher is better):
Fault: [2,1,2,3,4,5], logL: -11.819524, Exp of LogL: 0.000007, Normalized LogL: -0.537251, Exp of Normalized LogL: 0.584352, Best Rate: 0.3
Fault: [5,1,2,3,4,5], logL: -12.006663, Exp of LogL: 0.000006, Normalized LogL: -0.545757, Exp of Normalized LogL: 0.579403, Best Rate: 0.3
Fault: [4,1,2,3,4,5], logL: -12.006663, Exp of LogL: 0.000006, Normalized LogL: -0.545757, Exp of Normalized LogL: 0.579403, Best Rate: 0.3
Fault: [2,1,2,3,3,5], logL: -12.215039, Exp of LogL: 0.000005, Normalized LogL: -0.555229, Exp of Normalized LogL: 0.573941, Best Rate: 0.3
Fault: [2,1,2,3,2,5], logL: -12.215039, Exp of LogL: 0.000005, Normalized LogL: -0.555229, Exp of Normalized LogL: 0.573941, Best Rate: 0.3
Fault: [2,1,2,3,0,5], logL: -12.215039, Exp of LogL: 0.000005, Normalized LogL: -0.555229, Exp of Normalized LogL: 0.573941, Best Rate: 0.3
Fault: [2,1,2,3,1,5], logL: -12.215039, Exp of LogL: 0.000005, Normalized LogL: -0.555229, Exp of Normalized LogL: 0.573941, Best Rate: 0.3
Fault: [0,1,2,3,4,5], logL: -12.845984, Exp of LogL: 0.000003, Normalized LogL: -0.583908, Exp of Normalized LogL: 0.557714, Best Rate: 0.3
Fault: [1,1,2,3,4,5], logL: -13.645534, Exp of LogL: 0.000001, Normalized LogL: -0.620252, Exp of Normalized LogL: 0.537809, Best Rate: 0.3
Fault: [3,1,2,3,4,5], logL: -14.345884, Exp of LogL: 0.000001, Normalized LogL: -0.652086, Exp of Normalized LogL: 0.520958, Best Rate: 0.3

========= ADAPTIVE MC DEBUG =========
Total calls: 220
Avg tries: 150.00
Confidence stops: 220
Max stops: 0
Max stop rate: 0.000
Real Fault Rank 1
================= 22/08/2026 04:42:33: SEED 39 END =================
================= 22/08/2026 04:42:33: SEED 40 (38/100), a*=1 fault=[0,4,2,3,4,5] START =================
===== SEED 40 | FR=0.3 | VR=20 =====
executing with fault mode: [0,4,2,3,4,5]

Fault scores (higher is better):
Fault: [0,4,2,3,3,5], logL: -4.297822, Exp of LogL: 0.013598, Normalized LogL: -1.074455, Exp of Normalized LogL: 0.341484, Best Rate: 0.3
Fault: [0,4,2,3,0,5], logL: -4.297822, Exp of LogL: 0.013598, Normalized LogL: -1.074455, Exp of Normalized LogL: 0.341484, Best Rate: 0.3
Fault: [0,4,2,3,5,5], logL: -4.297822, Exp of LogL: 0.013598, Normalized LogL: -1.074455, Exp of Normalized LogL: 0.341484, Best Rate: 0.3
Fault: [0,2,2,3,4,5], logL: -4.536595, Exp of LogL: 0.010710, Normalized LogL: -1.134149, Exp of Normalized LogL: 0.321696, Best Rate: 0.3
Fault: [0,4,2,3,1,5], logL: -4.731289, Exp of LogL: 0.008815, Normalized LogL: -1.182822, Exp of Normalized LogL: 0.306413, Best Rate: 0.3
Fault: [0,4,2,3,4,5], logL: -4.768397, Exp of LogL: 0.008494, Normalized LogL: -1.192099, Exp of Normalized LogL: 0.303583, Best Rate: 0.3
Fault: [0,3,2,3,4,5], logL: -4.859369, Exp of LogL: 0.007755, Normalized LogL: -1.214842, Exp of Normalized LogL: 0.296757, Best Rate: 0.3
Fault: [0,0,2,3,4,5], logL: -5.070678, Exp of LogL: 0.006278, Normalized LogL: -1.267669, Exp of Normalized LogL: 0.281487, Best Rate: 0.3
Fault: [0,5,2,3,4,5], logL: -5.625999, Exp of LogL: 0.003603, Normalized LogL: -1.406500, Exp of Normalized LogL: 0.244999, Best Rate: 0.3
Fault: [0,1,2,3,4,5], logL: -6.056782, Exp of LogL: 0.002342, Normalized LogL: -1.514195, Exp of Normalized LogL: 0.219985, Best Rate: 0.3

========= ADAPTIVE MC DEBUG =========
Total calls: 40
Avg tries: 162.50
Confidence stops: 40
Max stops: 0
Max stop rate: 0.000
Real Fault Rank 6
===== SEED 40 | FR=0.3 | VR=40 =====
executing with fault mode: [0,4,2,3,4,5]

Fault scores (higher is better):
Fault: [0,2,2,3,4,5], logL: -8.806886, Exp of LogL: 0.000150, Normalized LogL: -1.258127, Exp of Normalized LogL: 0.284186, Best Rate: 0.3
Fault: [0,4,2,3,3,5], logL: -9.539477, Exp of LogL: 0.000072, Normalized LogL: -1.362782, Exp of Normalized LogL: 0.255948, Best Rate: 0.3
Fault: [0,4,2,3,0,5], logL: -9.539477, Exp of LogL: 0.000072, Normalized LogL: -1.362782, Exp of Normalized LogL: 0.255948, Best Rate: 0.3
Fault: [0,4,2,3,5,5], logL: -9.539477, Exp of LogL: 0.000072, Normalized LogL: -1.362782, Exp of Normalized LogL: 0.255948, Best Rate: 0.3
Fault: [0,4,2,3,4,5], logL: -9.621394, Exp of LogL: 0.000066, Normalized LogL: -1.374485, Exp of Normalized LogL: 0.252970, Best Rate: 0.3
Fault: [0,4,2,3,1,5], logL: -9.724048, Exp of LogL: 0.000060, Normalized LogL: -1.389150, Exp of Normalized LogL: 0.249287, Best Rate: 0.3
Fault: [0,1,2,3,4,5], logL: -10.087681, Exp of LogL: 0.000042, Normalized LogL: -1.441097, Exp of Normalized LogL: 0.236668, Best Rate: 0.3
Fault: [0,0,2,3,4,5], logL: -10.165010, Exp of LogL: 0.000038, Normalized LogL: -1.452144, Exp of Normalized LogL: 0.234068, Best Rate: 0.3
Fault: [0,5,2,3,4,5], logL: -10.339234, Exp of LogL: 0.000032, Normalized LogL: -1.477033, Exp of Normalized LogL: 0.228314, Best Rate: 0.3
Fault: [0,3,2,3,4,5], logL: -10.369804, Exp of LogL: 0.000031, Normalized LogL: -1.481401, Exp of Normalized LogL: 0.227319, Best Rate: 0.3

========= ADAPTIVE MC DEBUG =========
Total calls: 70
Avg tries: 150.00
Confidence stops: 70
Max stops: 0
Max stop rate: 0.000
Real Fault Rank 5
===== SEED 40 | FR=0.3 | VR=60 =====
executing with fault mode: [0,4,2,3,4,5]

Fault scores (higher is better):
Fault: [0,2,2,3,4,5], logL: -9.919348, Exp of LogL: 0.000049, Normalized LogL: -0.991935, Exp of Normalized LogL: 0.370858, Best Rate: 0.3
Fault: [0,4,2,3,4,5], logL: -10.371333, Exp of LogL: 0.000031, Normalized LogL: -1.037133, Exp of Normalized LogL: 0.354469, Best Rate: 0.3
Fault: [0,4,2,3,3,5], logL: -10.672438, Exp of LogL: 0.000023, Normalized LogL: -1.067244, Exp of Normalized LogL: 0.343955, Best Rate: 0.3
Fault: [0,4,2,3,1,5], logL: -10.672438, Exp of LogL: 0.000023, Normalized LogL: -1.067244, Exp of Normalized LogL: 0.343955, Best Rate: 0.3
Fault: [0,4,2,3,0,5], logL: -10.672438, Exp of LogL: 0.000023, Normalized LogL: -1.067244, Exp of Normalized LogL: 0.343955, Best Rate: 0.3
Fault: [0,4,2,3,5,5], logL: -10.672438, Exp of LogL: 0.000023, Normalized LogL: -1.067244, Exp of Normalized LogL: 0.343955, Best Rate: 0.3
Fault: [0,1,2,3,4,5], logL: -10.918814, Exp of LogL: 0.000018, Normalized LogL: -1.091881, Exp of Normalized LogL: 0.335585, Best Rate: 0.3
Fault: [0,5,2,3,4,5], logL: -11.157262, Exp of LogL: 0.000014, Normalized LogL: -1.115726, Exp of Normalized LogL: 0.327677, Best Rate: 0.3
Fault: [0,3,2,3,4,5], logL: -11.756171, Exp of LogL: 0.000008, Normalized LogL: -1.175617, Exp of Normalized LogL: 0.308628, Best Rate: 0.3
Fault: [0,0,2,3,4,5], logL: -12.859603, Exp of LogL: 0.000003, Normalized LogL: -1.285960, Exp of Normalized LogL: 0.276385, Best Rate: 0.3

========= ADAPTIVE MC DEBUG =========
Total calls: 100
Avg tries: 150.00
Confidence stops: 100
Max stops: 0
Max stop rate: 0.000
Real Fault Rank 2
===== SEED 40 | FR=0.3 | VR=80 =====
executing with fault mode: [0,4,2,3,4,5]

Fault scores (higher is better):
Fault: [0,4,2,3,4,5], logL: -11.364644, Exp of LogL: 0.000012, Normalized LogL: -0.874203, Exp of Normalized LogL: 0.417194, Best Rate: 0.3
Fault: [0,4,2,3,3,5], logL: -11.665749, Exp of LogL: 0.000009, Normalized LogL: -0.897365, Exp of Normalized LogL: 0.407642, Best Rate: 0.3
Fault: [0,4,2,3,1,5], logL: -11.665749, Exp of LogL: 0.000009, Normalized LogL: -0.897365, Exp of Normalized LogL: 0.407642, Best Rate: 0.3
Fault: [0,4,2,3,0,5], logL: -11.665749, Exp of LogL: 0.000009, Normalized LogL: -0.897365, Exp of Normalized LogL: 0.407642, Best Rate: 0.3
Fault: [0,4,2,3,5,5], logL: -11.665749, Exp of LogL: 0.000009, Normalized LogL: -0.897365, Exp of Normalized LogL: 0.407642, Best Rate: 0.3
Fault: [0,5,2,3,4,5], logL: -12.150573, Exp of LogL: 0.000005, Normalized LogL: -0.934659, Exp of Normalized LogL: 0.392720, Best Rate: 0.3
Fault: [0,2,2,3,4,5], logL: -37.797540, Exp of LogL: 0.000000, Normalized LogL: -2.907503, Exp of Normalized LogL: 0.054612, Best Rate: 0.3
Fault: [0,1,2,3,4,5], logL: -39.175070, Exp of LogL: 0.000000, Normalized LogL: -3.013467, Exp of Normalized LogL: 0.049121, Best Rate: 0.3
Fault: [0,3,2,3,4,5], logL: -40.221995, Exp of LogL: 0.000000, Normalized LogL: -3.094000, Exp of Normalized LogL: 0.045320, Best Rate: 0.3
Fault: [0,0,2,3,4,5], logL: -41.432198, Exp of LogL: 0.000000, Normalized LogL: -3.187092, Exp of Normalized LogL: 0.041292, Best Rate: 0.3

========= ADAPTIVE MC DEBUG =========
Total calls: 130
Avg tries: 150.00
Confidence stops: 130
Max stops: 0
Max stop rate: 0.000
Real Fault Rank 1
===== SEED 40 | FR=0.3 | VR=100 =====
executing with fault mode: [0,4,2,3,4,5]

Fault scores (higher is better):
Fault: [0,4,2,3,4,5], logL: -12.342548, Exp of LogL: 0.000004, Normalized LogL: -0.771409, Exp of Normalized LogL: 0.462361, Best Rate: 0.3
Fault: [0,4,2,3,3,5], logL: -12.643653, Exp of LogL: 0.000003, Normalized LogL: -0.790228, Exp of Normalized LogL: 0.453741, Best Rate: 0.3
Fault: [0,4,2,3,1,5], logL: -12.643653, Exp of LogL: 0.000003, Normalized LogL: -0.790228, Exp of Normalized LogL: 0.453741, Best Rate: 0.3
Fault: [0,4,2,3,0,5], logL: -12.643653, Exp of LogL: 0.000003, Normalized LogL: -0.790228, Exp of Normalized LogL: 0.453741, Best Rate: 0.3
Fault: [0,4,2,3,5,5], logL: -12.643653, Exp of LogL: 0.000003, Normalized LogL: -0.790228, Exp of Normalized LogL: 0.453741, Best Rate: 0.3
Fault: [0,5,2,3,4,5], logL: -13.128477, Exp of LogL: 0.000002, Normalized LogL: -0.820530, Exp of Normalized LogL: 0.440198, Best Rate: 0.3
Fault: [0,2,2,3,4,5], logL: -37.468459, Exp of LogL: 0.000000, Normalized LogL: -2.341779, Exp of Normalized LogL: 0.096156, Best Rate: 0.3
Fault: [0,1,2,3,4,5], logL: -38.981882, Exp of LogL: 0.000000, Normalized LogL: -2.436368, Exp of Normalized LogL: 0.087478, Best Rate: 0.3
Fault: [0,0,2,3,4,5], logL: -39.681096, Exp of LogL: 0.000000, Normalized LogL: -2.480069, Exp of Normalized LogL: 0.083737, Best Rate: 0.3
Fault: [0,3,2,3,4,5], logL: -39.688039, Exp of LogL: 0.000000, Normalized LogL: -2.480502, Exp of Normalized LogL: 0.083701, Best Rate: 0.3

========= ADAPTIVE MC DEBUG =========
Total calls: 160
Avg tries: 150.00
Confidence stops: 160
Max stops: 0
Max stop rate: 0.000
Real Fault Rank 1
================= 22/08/2026 04:42:46: SEED 40 END =================
================= 22/08/2026 04:42:46: SEED 41 (39/100), a*=0 fault=[3,1,2,3,4,5] START =================
===== SEED 41 | FR=0.3 | VR=20 =====
executing with fault mode: [3,1,2,3,4,5]

Fault scores (higher is better):
Fault: [4,1,2,3,4,5], logL: -6.950451, Exp of LogL: 0.000958, Normalized LogL: -1.390090, Exp of Normalized LogL: 0.249053, Best Rate: 0.3
Fault: [3,1,2,3,4,5], logL: -6.950451, Exp of LogL: 0.000958, Normalized LogL: -1.390090, Exp of Normalized LogL: 0.249053, Best Rate: 0.3
Fault: [5,1,2,3,4,5], logL: -6.950451, Exp of LogL: 0.000958, Normalized LogL: -1.390090, Exp of Normalized LogL: 0.249053, Best Rate: 0.3
Fault: [3,1,2,4,4,5], logL: -7.289745, Exp of LogL: 0.000683, Normalized LogL: -1.457949, Exp of Normalized LogL: 0.232713, Best Rate: 0.3
Fault: [3,1,2,0,4,5], logL: -7.316033, Exp of LogL: 0.000665, Normalized LogL: -1.463207, Exp of Normalized LogL: 0.231493, Best Rate: 0.3
Fault: [3,1,2,1,4,5], logL: -7.461595, Exp of LogL: 0.000575, Normalized LogL: -1.492319, Exp of Normalized LogL: 0.224851, Best Rate: 0.3
Fault: [3,1,2,2,4,5], logL: -7.461595, Exp of LogL: 0.000575, Normalized LogL: -1.492319, Exp of Normalized LogL: 0.224851, Best Rate: 0.3
Fault: [0,1,2,3,4,5], logL: -8.812784, Exp of LogL: 0.000149, Normalized LogL: -1.762557, Exp of Normalized LogL: 0.171606, Best Rate: 0.3
Fault: [2,1,2,3,4,5], logL: -9.085962, Exp of LogL: 0.000113, Normalized LogL: -1.817192, Exp of Normalized LogL: 0.162481, Best Rate: 0.3
Fault: [1,1,2,3,4,5], logL: -9.769781, Exp of LogL: 0.000057, Normalized LogL: -1.953956, Exp of Normalized LogL: 0.141712, Best Rate: 0.3

========= ADAPTIVE MC DEBUG =========
Total calls: 50
Avg tries: 170.00
Confidence stops: 50
Max stops: 0
Max stop rate: 0.000
Real Fault Rank 2
===== SEED 41 | FR=0.3 | VR=40 =====
executing with fault mode: [3,1,2,3,4,5]

Fault scores (higher is better):
Fault: [4,1,2,3,4,5], logL: -9.943461, Exp of LogL: 0.000048, Normalized LogL: -1.104829, Exp of Normalized LogL: 0.331268, Best Rate: 0.3
Fault: [3,1,2,3,4,5], logL: -9.943461, Exp of LogL: 0.000048, Normalized LogL: -1.104829, Exp of Normalized LogL: 0.331268, Best Rate: 0.3
Fault: [5,1,2,3,4,5], logL: -9.943461, Exp of LogL: 0.000048, Normalized LogL: -1.104829, Exp of Normalized LogL: 0.331268, Best Rate: 0.3
Fault: [3,1,2,0,4,5], logL: -10.194003, Exp of LogL: 0.000037, Normalized LogL: -1.132667, Exp of Normalized LogL: 0.322173, Best Rate: 0.3
Fault: [3,1,2,4,4,5], logL: -10.608217, Exp of LogL: 0.000025, Normalized LogL: -1.178691, Exp of Normalized LogL: 0.307681, Best Rate: 0.3
Fault: [3,1,2,1,4,5], logL: -10.780067, Exp of LogL: 0.000021, Normalized LogL: -1.197785, Exp of Normalized LogL: 0.301862, Best Rate: 0.3
Fault: [3,1,2,2,4,5], logL: -10.780067, Exp of LogL: 0.000021, Normalized LogL: -1.197785, Exp of Normalized LogL: 0.301862, Best Rate: 0.3
Fault: [2,1,2,3,4,5], logL: -12.078972, Exp of LogL: 0.000006, Normalized LogL: -1.342108, Exp of Normalized LogL: 0.261294, Best Rate: 0.3
Fault: [0,1,2,3,4,5], logL: -12.517372, Exp of LogL: 0.000004, Normalized LogL: -1.390819, Exp of Normalized LogL: 0.248871, Best Rate: 0.3
Fault: [1,1,2,3,4,5], logL: -13.276543, Exp of LogL: 0.000002, Normalized LogL: -1.475171, Exp of Normalized LogL: 0.228740, Best Rate: 0.3

========= ADAPTIVE MC DEBUG =========
Total calls: 90
Avg tries: 150.00
Confidence stops: 90
Max stops: 0
Max stop rate: 0.000
Real Fault Rank 2
===== SEED 41 | FR=0.3 | VR=60 =====
executing with fault mode: [3,1,2,3,4,5]

Fault scores (higher is better):
Fault: [3,1,2,0,4,5], logL: -12.360454, Exp of LogL: 0.000004, Normalized LogL: -0.950804, Exp of Normalized LogL: 0.386430, Best Rate: 0.3
Fault: [4,1,2,3,4,5], logL: -12.549696, Exp of LogL: 0.000004, Normalized LogL: -0.965361, Exp of Normalized LogL: 0.380846, Best Rate: 0.3
Fault: [3,1,2,3,4,5], logL: -12.549696, Exp of LogL: 0.000004, Normalized LogL: -0.965361, Exp of Normalized LogL: 0.380846, Best Rate: 0.3
Fault: [5,1,2,3,4,5], logL: -12.549696, Exp of LogL: 0.000004, Normalized LogL: -0.965361, Exp of Normalized LogL: 0.380846, Best Rate: 0.3
Fault: [3,1,2,4,4,5], logL: -12.720816, Exp of LogL: 0.000003, Normalized LogL: -0.978524, Exp of Normalized LogL: 0.375865, Best Rate: 0.3
Fault: [3,1,2,1,4,5], logL: -13.257121, Exp of LogL: 0.000002, Normalized LogL: -1.019779, Exp of Normalized LogL: 0.360675, Best Rate: 0.3
Fault: [3,1,2,2,4,5], logL: -13.433012, Exp of LogL: 0.000001, Normalized LogL: -1.033309, Exp of Normalized LogL: 0.355828, Best Rate: 0.3
Fault: [2,1,2,3,4,5], logL: -15.237627, Exp of LogL: 0.000000, Normalized LogL: -1.172125, Exp of Normalized LogL: 0.309708, Best Rate: 0.3
Fault: [0,1,2,3,4,5], logL: -15.315076, Exp of LogL: 0.000000, Normalized LogL: -1.178083, Exp of Normalized LogL: 0.307868, Best Rate: 0.3
Fault: [1,1,2,3,4,5], logL: -16.561950, Exp of LogL: 0.000000, Normalized LogL: -1.273996, Exp of Normalized LogL: 0.279712, Best Rate: 0.3

========= ADAPTIVE MC DEBUG =========
Total calls: 130
Avg tries: 150.00
Confidence stops: 130
Max stops: 0
Max stop rate: 0.000
Real Fault Rank 3
===== SEED 41 | FR=0.3 | VR=80 =====
executing with fault mode: [3,1,2,3,4,5]

Fault scores (higher is better):
Fault: [3,1,2,4,4,5], logL: -14.552017, Exp of LogL: 0.000000, Normalized LogL: -0.856001, Exp of Normalized LogL: 0.424858, Best Rate: 0.3
Fault: [4,1,2,3,4,5], logL: -14.747318, Exp of LogL: 0.000000, Normalized LogL: -0.867489, Exp of Normalized LogL: 0.420005, Best Rate: 0.3
Fault: [3,1,2,3,4,5], logL: -14.747318, Exp of LogL: 0.000000, Normalized LogL: -0.867489, Exp of Normalized LogL: 0.420005, Best Rate: 0.3
Fault: [5,1,2,3,4,5], logL: -14.747318, Exp of LogL: 0.000000, Normalized LogL: -0.867489, Exp of Normalized LogL: 0.420005, Best Rate: 0.3
Fault: [3,1,2,0,4,5], logL: -15.100495, Exp of LogL: 0.000000, Normalized LogL: -0.888264, Exp of Normalized LogL: 0.411369, Best Rate: 0.3
Fault: [3,1,2,1,4,5], logL: -15.929114, Exp of LogL: 0.000000, Normalized LogL: -0.937007, Exp of Normalized LogL: 0.391799, Best Rate: 0.3
Fault: [3,1,2,2,4,5], logL: -15.987102, Exp of LogL: 0.000000, Normalized LogL: -0.940418, Exp of Normalized LogL: 0.390465, Best Rate: 0.3
Fault: [2,1,2,3,4,5], logL: -16.035173, Exp of LogL: 0.000000, Normalized LogL: -0.943245, Exp of Normalized LogL: 0.389362, Best Rate: 0.3
Fault: [0,1,2,3,4,5], logL: -16.773305, Exp of LogL: 0.000000, Normalized LogL: -0.986665, Exp of Normalized LogL: 0.372818, Best Rate: 0.3
Fault: [1,1,2,3,4,5], logL: -18.254909, Exp of LogL: 0.000000, Normalized LogL: -1.073818, Exp of Normalized LogL: 0.341701, Best Rate: 0.3

========= ADAPTIVE MC DEBUG =========
Total calls: 170
Avg tries: 150.00
Confidence stops: 170
Max stops: 0
Max stop rate: 0.000
Real Fault Rank 3
===== SEED 41 | FR=0.3 | VR=100 =====
executing with fault mode: [3,1,2,3,4,5]

Fault scores (higher is better):
Fault: [4,1,2,3,4,5], logL: -15.381492, Exp of LogL: 0.000000, Normalized LogL: -0.732452, Exp of Normalized LogL: 0.480729, Best Rate: 0.3
Fault: [3,1,2,3,4,5], logL: -15.381492, Exp of LogL: 0.000000, Normalized LogL: -0.732452, Exp of Normalized LogL: 0.480729, Best Rate: 0.3
Fault: [5,1,2,3,4,5], logL: -15.381492, Exp of LogL: 0.000000, Normalized LogL: -0.732452, Exp of Normalized LogL: 0.480729, Best Rate: 0.3
Fault: [3,1,2,0,4,5], logL: -15.734669, Exp of LogL: 0.000000, Normalized LogL: -0.749270, Exp of Normalized LogL: 0.472712, Best Rate: 0.3
Fault: [3,1,2,1,4,5], logL: -16.563288, Exp of LogL: 0.000000, Normalized LogL: -0.788728, Exp of Normalized LogL: 0.454422, Best Rate: 0.3
Fault: [3,1,2,4,4,5], logL: -16.621275, Exp of LogL: 0.000000, Normalized LogL: -0.791489, Exp of Normalized LogL: 0.453169, Best Rate: 0.3
Fault: [3,1,2,2,4,5], logL: -16.621275, Exp of LogL: 0.000000, Normalized LogL: -0.791489, Exp of Normalized LogL: 0.453169, Best Rate: 0.3
Fault: [2,1,2,3,4,5], logL: -16.669346, Exp of LogL: 0.000000, Normalized LogL: -0.793778, Exp of Normalized LogL: 0.452133, Best Rate: 0.3
Fault: [0,1,2,3,4,5], logL: -17.407478, Exp of LogL: 0.000000, Normalized LogL: -0.828928, Exp of Normalized LogL: 0.436517, Best Rate: 0.3
Fault: [1,1,2,3,4,5], logL: -18.889083, Exp of LogL: 0.000000, Normalized LogL: -0.899480, Exp of Normalized LogL: 0.406781, Best Rate: 0.3

========= ADAPTIVE MC DEBUG =========
Total calls: 210
Avg tries: 150.00
Confidence stops: 210
Max stops: 0
Max stop rate: 0.000
Real Fault Rank 2
================= 22/08/2026 04:43:03: SEED 41 END =================
================= 22/08/2026 04:43:03: SEED 42 (40/100), a*=1 fault=[0,0,2,3,4,5] START =================
===== SEED 42 | FR=0.3 | VR=20 =====
executing with fault mode: [0,0,2,3,4,5]

Fault scores (higher is better):
Fault: [0,2,2,3,4,5], logL: -10.926127, Exp of LogL: 0.000018, Normalized LogL: -2.185225, Exp of Normalized LogL: 0.112452, Best Rate: 0.3
Fault: [0,1,2,3,4,5], logL: -11.358775, Exp of LogL: 0.000012, Normalized LogL: -2.271755, Exp of Normalized LogL: 0.103131, Best Rate: 0.3
Fault: [0,3,2,3,4,5], logL: -11.668930, Exp of LogL: 0.000009, Normalized LogL: -2.333786, Exp of Normalized LogL: 0.096928, Best Rate: 0.3
Fault: [0,4,2,3,4,5], logL: -11.813430, Exp of LogL: 0.000007, Normalized LogL: -2.362686, Exp of Normalized LogL: 0.094167, Best Rate: 0.3
Fault: [0,0,2,3,4,5], logL: -11.830380, Exp of LogL: 0.000007, Normalized LogL: -2.366076, Exp of Normalized LogL: 0.093848, Best Rate: 0.3
Fault: [0,0,0,3,4,5], logL: -11.984530, Exp of LogL: 0.000006, Normalized LogL: -2.396906, Exp of Normalized LogL: 0.090999, Best Rate: 0.3
Fault: [0,5,2,3,4,5], logL: -12.054592, Exp of LogL: 0.000006, Normalized LogL: -2.410918, Exp of Normalized LogL: 0.089733, Best Rate: 0.3
Fault: [0,0,3,3,4,5], logL: -12.166852, Exp of LogL: 0.000005, Normalized LogL: -2.433370, Exp of Normalized LogL: 0.087741, Best Rate: 0.3
Fault: [0,0,4,3,4,5], logL: -12.166852, Exp of LogL: 0.000005, Normalized LogL: -2.433370, Exp of Normalized LogL: 0.087741, Best Rate: 0.3
Fault: [0,0,1,3,4,5], logL: -12.166852, Exp of LogL: 0.000005, Normalized LogL: -2.433370, Exp of Normalized LogL: 0.087741, Best Rate: 0.3

========= ADAPTIVE MC DEBUG =========
Total calls: 50
Avg tries: 170.00
Confidence stops: 50
Max stops: 0
Max stop rate: 0.000
Real Fault Rank 5
===== SEED 42 | FR=0.3 | VR=40 =====
executing with fault mode: [0,0,2,3,4,5]

Fault scores (higher is better):
Fault: [0,2,2,3,4,5], logL: -14.776609, Exp of LogL: 0.000000, Normalized LogL: -1.641845, Exp of Normalized LogL: 0.193622, Best Rate: 0.3
Fault: [0,1,2,3,4,5], logL: -15.234304, Exp of LogL: 0.000000, Normalized LogL: -1.692700, Exp of Normalized LogL: 0.184022, Best Rate: 0.3
Fault: [0,4,2,3,4,5], logL: -15.663912, Exp of LogL: 0.000000, Normalized LogL: -1.740435, Exp of Normalized LogL: 0.175444, Best Rate: 0.3
Fault: [0,0,2,3,4,5], logL: -15.738020, Exp of LogL: 0.000000, Normalized LogL: -1.748669, Exp of Normalized LogL: 0.174005, Best Rate: 0.3
Fault: [0,3,2,3,4,5], logL: -15.781460, Exp of LogL: 0.000000, Normalized LogL: -1.753496, Exp of Normalized LogL: 0.173168, Best Rate: 0.3
Fault: [0,0,0,3,4,5], logL: -15.892170, Exp of LogL: 0.000000, Normalized LogL: -1.765797, Exp of Normalized LogL: 0.171050, Best Rate: 0.3
Fault: [0,5,2,3,4,5], logL: -15.905074, Exp of LogL: 0.000000, Normalized LogL: -1.767230, Exp of Normalized LogL: 0.170805, Best Rate: 0.3
Fault: [0,0,3,3,4,5], logL: -16.074492, Exp of LogL: 0.000000, Normalized LogL: -1.786055, Exp of Normalized LogL: 0.167620, Best Rate: 0.3
Fault: [0,0,4,3,4,5], logL: -16.074492, Exp of LogL: 0.000000, Normalized LogL: -1.786055, Exp of Normalized LogL: 0.167620, Best Rate: 0.3
Fault: [0,0,1,3,4,5], logL: -16.074492, Exp of LogL: 0.000000, Normalized LogL: -1.786055, Exp of Normalized LogL: 0.167620, Best Rate: 0.3

========= ADAPTIVE MC DEBUG =========
Total calls: 90
Avg tries: 155.56
Confidence stops: 90
Max stops: 0
Max stop rate: 0.000
Real Fault Rank 4
===== SEED 42 | FR=0.3 | VR=60 =====
executing with fault mode: [0,0,2,3,4,5]

Fault scores (higher is better):
Fault: [0,2,2,3,4,5], logL: -16.438284, Exp of LogL: 0.000000, Normalized LogL: -1.264483, Exp of Normalized LogL: 0.282385, Best Rate: 0.3
Fault: [0,1,2,3,4,5], logL: -17.063205, Exp of LogL: 0.000000, Normalized LogL: -1.312554, Exp of Normalized LogL: 0.269132, Best Rate: 0.3
Fault: [0,4,2,3,4,5], logL: -17.236792, Exp of LogL: 0.000000, Normalized LogL: -1.325907, Exp of Normalized LogL: 0.265562, Best Rate: 0.3
Fault: [0,0,2,3,4,5], logL: -17.236792, Exp of LogL: 0.000000, Normalized LogL: -1.325907, Exp of Normalized LogL: 0.265562, Best Rate: 0.3
Fault: [0,3,2,3,4,5], logL: -17.463835, Exp of LogL: 0.000000, Normalized LogL: -1.343372, Exp of Normalized LogL: 0.260964, Best Rate: 0.3
Fault: [0,0,1,3,4,5], logL: -17.518204, Exp of LogL: 0.000000, Normalized LogL: -1.347554, Exp of Normalized LogL: 0.259875, Best Rate: 0.3
Fault: [0,0,0,3,4,5], logL: -17.582743, Exp of LogL: 0.000000, Normalized LogL: -1.352519, Exp of Normalized LogL: 0.258588, Best Rate: 0.3
Fault: [0,0,3,3,4,5], logL: -17.651736, Exp of LogL: 0.000000, Normalized LogL: -1.357826, Exp of Normalized LogL: 0.257219, Best Rate: 0.3
Fault: [0,0,4,3,4,5], logL: -17.651736, Exp of LogL: 0.000000, Normalized LogL: -1.357826, Exp of Normalized LogL: 0.257219, Best Rate: 0.3
Fault: [0,5,2,3,4,5], logL: -18.047722, Exp of LogL: 0.000000, Normalized LogL: -1.388286, Exp of Normalized LogL: 0.249503, Best Rate: 0.3

========= ADAPTIVE MC DEBUG =========
Total calls: 130
Avg tries: 150.00
Confidence stops: 130
Max stops: 0
Max stop rate: 0.000
Real Fault Rank 4
===== SEED 42 | FR=0.3 | VR=80 =====
executing with fault mode: [0,0,2,3,4,5]

Fault scores (higher is better):
Fault: [0,3,2,3,4,5], logL: -17.935567, Exp of LogL: 0.000000, Normalized LogL: -1.055033, Exp of Normalized LogL: 0.348181, Best Rate: 0.3
Fault: [0,2,2,3,4,5], logL: -18.012924, Exp of LogL: 0.000000, Normalized LogL: -1.059584, Exp of Normalized LogL: 0.346600, Best Rate: 0.3
Fault: [0,4,2,3,4,5], logL: -18.113989, Exp of LogL: 0.000000, Normalized LogL: -1.065529, Exp of Normalized LogL: 0.344546, Best Rate: 0.3
Fault: [0,0,2,3,4,5], logL: -18.113989, Exp of LogL: 0.000000, Normalized LogL: -1.065529, Exp of Normalized LogL: 0.344546, Best Rate: 0.3
Fault: [0,1,2,3,4,5], logL: -18.343014, Exp of LogL: 0.000000, Normalized LogL: -1.079001, Exp of Normalized LogL: 0.339935, Best Rate: 0.3
Fault: [0,0,1,3,4,5], logL: -18.395402, Exp of LogL: 0.000000, Normalized LogL: -1.082082, Exp of Normalized LogL: 0.338889, Best Rate: 0.3
Fault: [0,0,0,3,4,5], logL: -18.459940, Exp of LogL: 0.000000, Normalized LogL: -1.085879, Exp of Normalized LogL: 0.337605, Best Rate: 0.3
Fault: [0,0,3,3,4,5], logL: -18.528933, Exp of LogL: 0.000000, Normalized LogL: -1.089937, Exp of Normalized LogL: 0.336238, Best Rate: 0.3
Fault: [0,0,4,3,4,5], logL: -18.528933, Exp of LogL: 0.000000, Normalized LogL: -1.089937, Exp of Normalized LogL: 0.336238, Best Rate: 0.3
Fault: [0,5,2,3,4,5], logL: -20.311214, Exp of LogL: 0.000000, Normalized LogL: -1.194777, Exp of Normalized LogL: 0.302771, Best Rate: 0.3

========= ADAPTIVE MC DEBUG =========
Total calls: 170
Avg tries: 150.00
Confidence stops: 170
Max stops: 0
Max stop rate: 0.000
Real Fault Rank 4
===== SEED 42 | FR=0.3 | VR=100 =====
executing with fault mode: [0,0,2,3,4,5]

Fault scores (higher is better):
Fault: [0,2,2,3,4,5], logL: -18.643226, Exp of LogL: 0.000000, Normalized LogL: -0.847419, Exp of Normalized LogL: 0.428519, Best Rate: 0.3
Fault: [0,3,2,3,4,5], logL: -18.920279, Exp of LogL: 0.000000, Normalized LogL: -0.860013, Exp of Normalized LogL: 0.423157, Best Rate: 0.3
Fault: [0,1,2,3,4,5], logL: -19.071297, Exp of LogL: 0.000000, Normalized LogL: -0.866877, Exp of Normalized LogL: 0.420262, Best Rate: 0.3
Fault: [0,4,2,3,4,5], logL: -19.098701, Exp of LogL: 0.000000, Normalized LogL: -0.868123, Exp of Normalized LogL: 0.419739, Best Rate: 0.3
Fault: [0,0,2,3,4,5], logL: -19.098701, Exp of LogL: 0.000000, Normalized LogL: -0.868123, Exp of Normalized LogL: 0.419739, Best Rate: 0.3
Fault: [0,0,1,3,4,5], logL: -19.380114, Exp of LogL: 0.000000, Normalized LogL: -0.880914, Exp of Normalized LogL: 0.414404, Best Rate: 0.3
Fault: [0,0,0,3,4,5], logL: -19.444652, Exp of LogL: 0.000000, Normalized LogL: -0.883848, Exp of Normalized LogL: 0.413190, Best Rate: 0.3
Fault: [0,0,3,3,4,5], logL: -19.513645, Exp of LogL: 0.000000, Normalized LogL: -0.886984, Exp of Normalized LogL: 0.411896, Best Rate: 0.3
Fault: [0,0,4,3,4,5], logL: -19.513645, Exp of LogL: 0.000000, Normalized LogL: -0.886984, Exp of Normalized LogL: 0.411896, Best Rate: 0.3
Fault: [0,5,2,3,4,5], logL: -20.382717, Exp of LogL: 0.000000, Normalized LogL: -0.926487, Exp of Normalized LogL: 0.395942, Best Rate: 0.3

========= ADAPTIVE MC DEBUG =========
Total calls: 220
Avg tries: 150.00
Confidence stops: 220
Max stops: 0
Max stop rate: 0.000
Real Fault Rank 5
================= 22/08/2026 04:43:21: SEED 42 END =================
================= 22/08/2026 04:43:21: SEED 43 (41/100), a*=0 fault=[3,1,2,3,4,5] START =================
===== SEED 43 | FR=0.3 | VR=20 =====
executing with fault mode: [3,1,2,3,4,5]

Fault scores (higher is better):
Fault: [3,1,2,3,4,5], logL: -8.282050, Exp of LogL: 0.000253, Normalized LogL: -2.070512, Exp of Normalized LogL: 0.126121, Best Rate: 0.3
Fault: [3,1,2,3,3,5], logL: -8.336117, Exp of LogL: 0.000240, Normalized LogL: -2.084029, Exp of Normalized LogL: 0.124428, Best Rate: 0.3
Fault: [3,1,2,3,5,5], logL: -8.336117, Exp of LogL: 0.000240, Normalized LogL: -2.084029, Exp of Normalized LogL: 0.124428, Best Rate: 0.3
Fault: [3,1,2,3,2,5], logL: -8.336117, Exp of LogL: 0.000240, Normalized LogL: -2.084029, Exp of Normalized LogL: 0.124428, Best Rate: 0.3
Fault: [3,1,2,3,1,5], logL: -8.587431, Exp of LogL: 0.000186, Normalized LogL: -2.146858, Exp of Normalized LogL: 0.116851, Best Rate: 0.3
Fault: [0,1,2,3,4,5], logL: -30.711380, Exp of LogL: 0.000000, Normalized LogL: -7.677845, Exp of Normalized LogL: 0.000463, Best Rate: 0.3
Fault: [5,1,2,3,4,5], logL: -31.013661, Exp of LogL: 0.000000, Normalized LogL: -7.753415, Exp of Normalized LogL: 0.000429, Best Rate: 0.3
Fault: [4,1,2,3,4,5], logL: -31.013661, Exp of LogL: 0.000000, Normalized LogL: -7.753415, Exp of Normalized LogL: 0.000429, Best Rate: 0.3
Fault: [2,1,2,3,4,5], logL: -31.074286, Exp of LogL: 0.000000, Normalized LogL: -7.768571, Exp of Normalized LogL: 0.000423, Best Rate: 0.3
Fault: [1,1,2,3,4,5], logL: -31.207817, Exp of LogL: 0.000000, Normalized LogL: -7.801954, Exp of Normalized LogL: 0.000409, Best Rate: 0.3

========= ADAPTIVE MC DEBUG =========
Total calls: 40
Avg tries: 175.00
Confidence stops: 40
Max stops: 0
Max stop rate: 0.000
Real Fault Rank 1
===== SEED 43 | FR=0.3 | VR=40 =====
executing with fault mode: [3,1,2,3,4,5]

Fault scores (higher is better):
Fault: [0,1,2,3,4,5], logL: -11.240512, Exp of LogL: 0.000013, Normalized LogL: -1.405064, Exp of Normalized LogL: 0.245351, Best Rate: 0.3
Fault: [2,1,2,3,4,5], logL: -12.035554, Exp of LogL: 0.000006, Normalized LogL: -1.504444, Exp of Normalized LogL: 0.222141, Best Rate: 0.3
Fault: [3,1,2,3,4,5], logL: -34.579363, Exp of LogL: 0.000000, Normalized LogL: -4.322420, Exp of Normalized LogL: 0.013268, Best Rate: 0.3
Fault: [5,1,2,3,4,5], logL: -34.673392, Exp of LogL: 0.000000, Normalized LogL: -4.334174, Exp of Normalized LogL: 0.013113, Best Rate: 0.3
Fault: [4,1,2,3,4,5], logL: -34.673392, Exp of LogL: 0.000000, Normalized LogL: -4.334174, Exp of Normalized LogL: 0.013113, Best Rate: 0.3
Fault: [3,1,2,3,3,5], logL: -34.796276, Exp of LogL: 0.000000, Normalized LogL: -4.349535, Exp of Normalized LogL: 0.012913, Best Rate: 0.3
Fault: [3,1,2,3,5,5], logL: -34.796276, Exp of LogL: 0.000000, Normalized LogL: -4.349535, Exp of Normalized LogL: 0.012913, Best Rate: 0.3
Fault: [3,1,2,3,2,5], logL: -34.796276, Exp of LogL: 0.000000, Normalized LogL: -4.349535, Exp of Normalized LogL: 0.012913, Best Rate: 0.3
Fault: [3,1,2,3,1,5], logL: -34.936038, Exp of LogL: 0.000000, Normalized LogL: -4.367005, Exp of Normalized LogL: 0.012689, Best Rate: 0.3
Fault: [1,1,2,3,4,5], logL: -35.589683, Exp of LogL: 0.000000, Normalized LogL: -4.448710, Exp of Normalized LogL: 0.011694, Best Rate: 0.3

========= ADAPTIVE MC DEBUG =========
Total calls: 80
Avg tries: 150.00
Confidence stops: 80
Max stops: 0
Max stop rate: 0.000
Real Fault Rank 3
===== SEED 43 | FR=0.3 | VR=60 =====
executing with fault mode: [3,1,2,3,4,5]

Fault scores (higher is better):
Fault: [0,1,2,3,4,5], logL: -11.295144, Exp of LogL: 0.000012, Normalized LogL: -0.941262, Exp of Normalized LogL: 0.390135, Best Rate: 0.3
Fault: [2,1,2,3,4,5], logL: -12.477712, Exp of LogL: 0.000004, Normalized LogL: -1.039809, Exp of Normalized LogL: 0.353522, Best Rate: 0.3
Fault: [3,1,2,3,4,5], logL: -34.778576, Exp of LogL: 0.000000, Normalized LogL: -2.898215, Exp of Normalized LogL: 0.055122, Best Rate: 0.3
Fault: [5,1,2,3,4,5], logL: -34.872605, Exp of LogL: 0.000000, Normalized LogL: -2.906050, Exp of Normalized LogL: 0.054691, Best Rate: 0.3
Fault: [4,1,2,3,4,5], logL: -34.872605, Exp of LogL: 0.000000, Normalized LogL: -2.906050, Exp of Normalized LogL: 0.054691, Best Rate: 0.3
Fault: [3,1,2,3,3,5], logL: -35.238917, Exp of LogL: 0.000000, Normalized LogL: -2.936576, Exp of Normalized LogL: 0.053047, Best Rate: 0.3
Fault: [3,1,2,3,5,5], logL: -35.238917, Exp of LogL: 0.000000, Normalized LogL: -2.936576, Exp of Normalized LogL: 0.053047, Best Rate: 0.3
Fault: [3,1,2,3,1,5], logL: -35.238917, Exp of LogL: 0.000000, Normalized LogL: -2.936576, Exp of Normalized LogL: 0.053047, Best Rate: 0.3
Fault: [3,1,2,3,2,5], logL: -35.238917, Exp of LogL: 0.000000, Normalized LogL: -2.936576, Exp of Normalized LogL: 0.053047, Best Rate: 0.3
Fault: [1,1,2,3,4,5], logL: -35.672724, Exp of LogL: 0.000000, Normalized LogL: -2.972727, Exp of Normalized LogL: 0.051164, Best Rate: 0.3

========= ADAPTIVE MC DEBUG =========
Total calls: 120
Avg tries: 150.00
Confidence stops: 120
Max stops: 0
Max stop rate: 0.000
Real Fault Rank 3
===== SEED 43 | FR=0.3 | VR=80 =====
executing with fault mode: [3,1,2,3,4,5]

Fault scores (higher is better):
Fault: [0,1,2,3,4,5], logL: -11.537013, Exp of LogL: 0.000010, Normalized LogL: -0.721063, Exp of Normalized LogL: 0.486235, Best Rate: 0.3
Fault: [3,1,2,3,4,5], logL: -12.282276, Exp of LogL: 0.000005, Normalized LogL: -0.767642, Exp of Normalized LogL: 0.464106, Best Rate: 0.3
Fault: [5,1,2,3,4,5], logL: -12.494088, Exp of LogL: 0.000004, Normalized LogL: -0.780881, Exp of Normalized LogL: 0.458003, Best Rate: 0.3
Fault: [4,1,2,3,4,5], logL: -12.494088, Exp of LogL: 0.000004, Normalized LogL: -0.780881, Exp of Normalized LogL: 0.458003, Best Rate: 0.3
Fault: [2,1,2,3,4,5], logL: -12.601799, Exp of LogL: 0.000003, Normalized LogL: -0.787612, Exp of Normalized LogL: 0.454930, Best Rate: 0.3
Fault: [3,1,2,3,3,5], logL: -12.742618, Exp of LogL: 0.000003, Normalized LogL: -0.796414, Exp of Normalized LogL: 0.450943, Best Rate: 0.3
Fault: [3,1,2,3,5,5], logL: -12.742618, Exp of LogL: 0.000003, Normalized LogL: -0.796414, Exp of Normalized LogL: 0.450943, Best Rate: 0.3
Fault: [3,1,2,3,1,5], logL: -12.742618, Exp of LogL: 0.000003, Normalized LogL: -0.796414, Exp of Normalized LogL: 0.450943, Best Rate: 0.3
Fault: [3,1,2,3,2,5], logL: -12.742618, Exp of LogL: 0.000003, Normalized LogL: -0.796414, Exp of Normalized LogL: 0.450943, Best Rate: 0.3
Fault: [1,1,2,3,4,5], logL: -13.294207, Exp of LogL: 0.000002, Normalized LogL: -0.830888, Exp of Normalized LogL: 0.435662, Best Rate: 0.3

========= ADAPTIVE MC DEBUG =========
Total calls: 160
Avg tries: 150.00
Confidence stops: 160
Max stops: 0
Max stop rate: 0.000
Real Fault Rank 2
===== SEED 43 | FR=0.3 | VR=100 =====
executing with fault mode: [3,1,2,3,4,5]

Fault scores (higher is better):
Fault: [3,1,2,3,4,5], logL: -12.893818, Exp of LogL: 0.000003, Normalized LogL: -0.644691, Exp of Normalized LogL: 0.524825, Best Rate: 0.3
Fault: [0,1,2,3,4,5], logL: -12.905805, Exp of LogL: 0.000002, Normalized LogL: -0.645290, Exp of Normalized LogL: 0.524510, Best Rate: 0.3
Fault: [5,1,2,3,4,5], logL: -13.102257, Exp of LogL: 0.000002, Normalized LogL: -0.655113, Exp of Normalized LogL: 0.519383, Best Rate: 0.3
Fault: [4,1,2,3,4,5], logL: -13.102257, Exp of LogL: 0.000002, Normalized LogL: -0.655113, Exp of Normalized LogL: 0.519383, Best Rate: 0.3
Fault: [3,1,2,3,3,5], logL: -13.371854, Exp of LogL: 0.000002, Normalized LogL: -0.668593, Exp of Normalized LogL: 0.512429, Best Rate: 0.3
Fault: [3,1,2,3,5,5], logL: -13.371854, Exp of LogL: 0.000002, Normalized LogL: -0.668593, Exp of Normalized LogL: 0.512429, Best Rate: 0.3
Fault: [3,1,2,3,1,5], logL: -13.371854, Exp of LogL: 0.000002, Normalized LogL: -0.668593, Exp of Normalized LogL: 0.512429, Best Rate: 0.3
Fault: [3,1,2,3,2,5], logL: -13.371854, Exp of LogL: 0.000002, Normalized LogL: -0.668593, Exp of Normalized LogL: 0.512429, Best Rate: 0.3
Fault: [1,1,2,3,4,5], logL: -14.322759, Exp of LogL: 0.000001, Normalized LogL: -0.716138, Exp of Normalized LogL: 0.488636, Best Rate: 0.3
Fault: [2,1,2,3,4,5], logL: -14.450321, Exp of LogL: 0.000001, Normalized LogL: -0.722516, Exp of Normalized LogL: 0.485529, Best Rate: 0.3

========= ADAPTIVE MC DEBUG =========
Total calls: 200
Avg tries: 150.00
Confidence stops: 200
Max stops: 0
Max stop rate: 0.000
Real Fault Rank 1
================= 22/08/2026 04:43:37: SEED 43 END =================
================= 22/08/2026 04:43:37: SEED 44 (42/100), a*=1 fault=[0,2,2,3,4,5] START =================
===== SEED 44 | FR=0.3 | VR=20 =====
executing with fault mode: [0,2,2,3,4,5]

Fault scores (higher is better):
Fault: [0,2,2,3,1,5], logL: -6.403819, Exp of LogL: 0.001655, Normalized LogL: -1.280764, Exp of Normalized LogL: 0.277825, Best Rate: 0.3
Fault: [0,2,2,3,5,5], logL: -6.440187, Exp of LogL: 0.001596, Normalized LogL: -1.288037, Exp of Normalized LogL: 0.275812, Best Rate: 0.3
Fault: [0,2,2,3,3,5], logL: -6.440187, Exp of LogL: 0.001596, Normalized LogL: -1.288037, Exp of Normalized LogL: 0.275812, Best Rate: 0.3
Fault: [0,2,2,3,2,5], logL: -6.517148, Exp of LogL: 0.001478, Normalized LogL: -1.303430, Exp of Normalized LogL: 0.271599, Best Rate: 0.3
Fault: [0,2,2,3,4,5], logL: -6.537350, Exp of LogL: 0.001448, Normalized LogL: -1.307470, Exp of Normalized LogL: 0.270504, Best Rate: 0.3
Fault: [0,5,2,3,4,5], logL: -6.815110, Exp of LogL: 0.001097, Normalized LogL: -1.363022, Exp of Normalized LogL: 0.255886, Best Rate: 0.3
Fault: [0,0,2,3,4,5], logL: -7.282133, Exp of LogL: 0.000688, Normalized LogL: -1.456427, Exp of Normalized LogL: 0.233068, Best Rate: 0.3
Fault: [0,1,2,3,4,5], logL: -7.760523, Exp of LogL: 0.000426, Normalized LogL: -1.552105, Exp of Normalized LogL: 0.211802, Best Rate: 0.3
Fault: [0,3,2,3,4,5], logL: -7.761706, Exp of LogL: 0.000426, Normalized LogL: -1.552341, Exp of Normalized LogL: 0.211752, Best Rate: 0.3
Fault: [0,4,2,3,4,5], logL: -7.777210, Exp of LogL: 0.000419, Normalized LogL: -1.555442, Exp of Normalized LogL: 0.211096, Best Rate: 0.3

========= ADAPTIVE MC DEBUG =========
Total calls: 50
Avg tries: 170.00
Confidence stops: 50
Max stops: 0
Max stop rate: 0.000
Real Fault Rank 5
===== SEED 44 | FR=0.3 | VR=40 =====
executing with fault mode: [0,2,2,3,4,5]

Fault scores (higher is better):
Fault: [0,2,2,3,5,5], logL: -9.670114, Exp of LogL: 0.000063, Normalized LogL: -1.074457, Exp of Normalized LogL: 0.341483, Best Rate: 0.3
Fault: [0,2,2,3,3,5], logL: -9.670114, Exp of LogL: 0.000063, Normalized LogL: -1.074457, Exp of Normalized LogL: 0.341483, Best Rate: 0.3
Fault: [0,2,2,3,4,5], logL: -9.803645, Exp of LogL: 0.000055, Normalized LogL: -1.089294, Exp of Normalized LogL: 0.336454, Best Rate: 0.3
Fault: [0,2,2,3,2,5], logL: -10.057879, Exp of LogL: 0.000043, Normalized LogL: -1.117542, Exp of Normalized LogL: 0.327083, Best Rate: 0.3
Fault: [0,2,2,3,1,5], logL: -10.084547, Exp of LogL: 0.000042, Normalized LogL: -1.120505, Exp of Normalized LogL: 0.326115, Best Rate: 0.3
Fault: [0,1,2,3,4,5], logL: -10.473376, Exp of LogL: 0.000028, Normalized LogL: -1.163708, Exp of Normalized LogL: 0.312326, Best Rate: 0.3
Fault: [0,0,2,3,4,5], logL: -11.473757, Exp of LogL: 0.000010, Normalized LogL: -1.274862, Exp of Normalized LogL: 0.279470, Best Rate: 0.3
Fault: [0,3,2,3,4,5], logL: -11.507089, Exp of LogL: 0.000010, Normalized LogL: -1.278565, Exp of Normalized LogL: 0.278436, Best Rate: 0.3
Fault: [0,4,2,3,4,5], logL: -11.507089, Exp of LogL: 0.000010, Normalized LogL: -1.278565, Exp of Normalized LogL: 0.278436, Best Rate: 0.3
Fault: [0,5,2,3,4,5], logL: -11.982513, Exp of LogL: 0.000006, Normalized LogL: -1.331390, Exp of Normalized LogL: 0.264110, Best Rate: 0.3

========= ADAPTIVE MC DEBUG =========
Total calls: 90
Avg tries: 155.56
Confidence stops: 90
Max stops: 0
Max stop rate: 0.000
Real Fault Rank 3
===== SEED 44 | FR=0.3 | VR=60 =====
executing with fault mode: [0,2,2,3,4,5]

Fault scores (higher is better):
Fault: [0,2,2,3,4,5], logL: -14.652173, Exp of LogL: 0.000000, Normalized LogL: -1.046584, Exp of Normalized LogL: 0.351135, Best Rate: 0.3
Fault: [0,0,2,3,4,5], logL: -15.154578, Exp of LogL: 0.000000, Normalized LogL: -1.082470, Exp of Normalized LogL: 0.338758, Best Rate: 0.3
Fault: [0,2,2,3,5,5], logL: -15.154802, Exp of LogL: 0.000000, Normalized LogL: -1.082486, Exp of Normalized LogL: 0.338752, Best Rate: 0.3
Fault: [0,2,2,3,3,5], logL: -15.154802, Exp of LogL: 0.000000, Normalized LogL: -1.082486, Exp of Normalized LogL: 0.338752, Best Rate: 0.3
Fault: [0,2,2,3,2,5], logL: -15.154802, Exp of LogL: 0.000000, Normalized LogL: -1.082486, Exp of Normalized LogL: 0.338752, Best Rate: 0.3
Fault: [0,2,2,3,1,5], logL: -15.154802, Exp of LogL: 0.000000, Normalized LogL: -1.082486, Exp of Normalized LogL: 0.338752, Best Rate: 0.3
Fault: [0,1,2,3,4,5], logL: -15.513422, Exp of LogL: 0.000000, Normalized LogL: -1.108102, Exp of Normalized LogL: 0.330185, Best Rate: 0.3
Fault: [0,3,2,3,4,5], logL: -15.589896, Exp of LogL: 0.000000, Normalized LogL: -1.113564, Exp of Normalized LogL: 0.328386, Best Rate: 0.3
Fault: [0,4,2,3,4,5], logL: -15.867528, Exp of LogL: 0.000000, Normalized LogL: -1.133395, Exp of Normalized LogL: 0.321938, Best Rate: 0.3
Fault: [0,5,2,3,4,5], logL: -17.747841, Exp of LogL: 0.000000, Normalized LogL: -1.267703, Exp of Normalized LogL: 0.281477, Best Rate: 0.3

========= ADAPTIVE MC DEBUG =========
Total calls: 140
Avg tries: 150.00
Confidence stops: 140
Max stops: 0
Max stop rate: 0.000
Real Fault Rank 1
===== SEED 44 | FR=0.3 | VR=80 =====
executing with fault mode: [0,2,2,3,4,5]

Fault scores (higher is better):
Fault: [0,2,2,3,4,5], logL: -15.678096, Exp of LogL: 0.000000, Normalized LogL: -0.871005, Exp of Normalized LogL: 0.418531, Best Rate: 0.3
Fault: [0,2,2,3,5,5], logL: -16.078855, Exp of LogL: 0.000000, Normalized LogL: -0.893270, Exp of Normalized LogL: 0.409315, Best Rate: 0.3
Fault: [0,2,2,3,3,5], logL: -16.078855, Exp of LogL: 0.000000, Normalized LogL: -0.893270, Exp of Normalized LogL: 0.409315, Best Rate: 0.3
Fault: [0,2,2,3,2,5], logL: -16.078855, Exp of LogL: 0.000000, Normalized LogL: -0.893270, Exp of Normalized LogL: 0.409315, Best Rate: 0.3
Fault: [0,2,2,3,1,5], logL: -16.078855, Exp of LogL: 0.000000, Normalized LogL: -0.893270, Exp of Normalized LogL: 0.409315, Best Rate: 0.3
Fault: [0,0,2,3,4,5], logL: -16.873403, Exp of LogL: 0.000000, Normalized LogL: -0.937411, Exp of Normalized LogL: 0.391640, Best Rate: 0.3
Fault: [0,1,2,3,4,5], logL: -16.975844, Exp of LogL: 0.000000, Normalized LogL: -0.943102, Exp of Normalized LogL: 0.389418, Best Rate: 0.3
Fault: [0,3,2,3,4,5], logL: -17.914202, Exp of LogL: 0.000000, Normalized LogL: -0.995233, Exp of Normalized LogL: 0.369637, Best Rate: 0.3
Fault: [0,4,2,3,4,5], logL: -18.228452, Exp of LogL: 0.000000, Normalized LogL: -1.012692, Exp of Normalized LogL: 0.363240, Best Rate: 0.3
Fault: [0,5,2,3,4,5], logL: -20.108764, Exp of LogL: 0.000000, Normalized LogL: -1.117154, Exp of Normalized LogL: 0.327210, Best Rate: 0.3

========= ADAPTIVE MC DEBUG =========
Total calls: 180
Avg tries: 150.00
Confidence stops: 180
Max stops: 0
Max stop rate: 0.000
Real Fault Rank 1
===== SEED 44 | FR=0.3 | VR=100 =====
executing with fault mode: [0,2,2,3,4,5]

Fault scores (higher is better):
Fault: [0,2,2,3,4,5], logL: -16.672501, Exp of LogL: 0.000000, Normalized LogL: -0.724891, Exp of Normalized LogL: 0.484377, Best Rate: 0.3
Fault: [0,2,2,3,5,5], logL: -17.001005, Exp of LogL: 0.000000, Normalized LogL: -0.739174, Exp of Normalized LogL: 0.477508, Best Rate: 0.3
Fault: [0,2,2,3,3,5], logL: -17.001005, Exp of LogL: 0.000000, Normalized LogL: -0.739174, Exp of Normalized LogL: 0.477508, Best Rate: 0.3
Fault: [0,2,2,3,2,5], logL: -17.001005, Exp of LogL: 0.000000, Normalized LogL: -0.739174, Exp of Normalized LogL: 0.477508, Best Rate: 0.3
Fault: [0,2,2,3,1,5], logL: -17.001005, Exp of LogL: 0.000000, Normalized LogL: -0.739174, Exp of Normalized LogL: 0.477508, Best Rate: 0.3
Fault: [0,0,2,3,4,5], logL: -17.588282, Exp of LogL: 0.000000, Normalized LogL: -0.764708, Exp of Normalized LogL: 0.465470, Best Rate: 0.3
Fault: [0,1,2,3,4,5], logL: -18.022550, Exp of LogL: 0.000000, Normalized LogL: -0.783589, Exp of Normalized LogL: 0.456764, Best Rate: 0.3
Fault: [0,3,2,3,4,5], logL: -18.841661, Exp of LogL: 0.000000, Normalized LogL: -0.819203, Exp of Normalized LogL: 0.440783, Best Rate: 0.3
Fault: [0,4,2,3,4,5], logL: -18.903030, Exp of LogL: 0.000000, Normalized LogL: -0.821871, Exp of Normalized LogL: 0.439608, Best Rate: 0.3
Fault: [0,5,2,3,4,5], logL: -20.783343, Exp of LogL: 0.000000, Normalized LogL: -0.903624, Exp of Normalized LogL: 0.405099, Best Rate: 0.3

========= ADAPTIVE MC DEBUG =========
Total calls: 230
Avg tries: 150.00
Confidence stops: 230
Max stops: 0
Max stop rate: 0.000
Real Fault Rank 1
================= 22/08/2026 04:43:56: SEED 44 END =================
================= 22/08/2026 04:43:56: SEED 45 (43/100), a*=0 fault=[1,1,2,3,4,5] START =================
===== SEED 45 | FR=0.3 | VR=20 =====
executing with fault mode: [1,1,2,3,4,5]

executing with fault mode: [1,1,2,3,4,5]

executing with fault mode: [1,1,2,3,4,5]

executing with fault mode: [1,1,2,3,4,5]

Fault scores (higher is better):
Fault: [1,1,2,3,1,5], logL: -7.287369, Exp of LogL: 0.000684, Normalized LogL: -1.214561, Exp of Normalized LogL: 0.296840, Best Rate: 0.3
Fault: [1,1,2,3,5,5], logL: -7.287369, Exp of LogL: 0.000684, Normalized LogL: -1.214561, Exp of Normalized LogL: 0.296840, Best Rate: 0.3
Fault: [1,1,2,3,3,5], logL: -7.287369, Exp of LogL: 0.000684, Normalized LogL: -1.214561, Exp of Normalized LogL: 0.296840, Best Rate: 0.3
Fault: [1,1,2,3,4,5], logL: -7.319117, Exp of LogL: 0.000663, Normalized LogL: -1.219853, Exp of Normalized LogL: 0.295274, Best Rate: 0.3
Fault: [1,1,2,3,0,5], logL: -7.457268, Exp of LogL: 0.000577, Normalized LogL: -1.242878, Exp of Normalized LogL: 0.288553, Best Rate: 0.3
Fault: [5,1,2,3,4,5], logL: -7.621398, Exp of LogL: 0.000490, Normalized LogL: -1.270233, Exp of Normalized LogL: 0.280766, Best Rate: 0.3
Fault: [4,1,2,3,4,5], logL: -7.816707, Exp of LogL: 0.000403, Normalized LogL: -1.302784, Exp of Normalized LogL: 0.271774, Best Rate: 0.3
Fault: [3,1,2,3,4,5], logL: -7.838865, Exp of LogL: 0.000394, Normalized LogL: -1.306478, Exp of Normalized LogL: 0.270772, Best Rate: 0.3
Fault: [0,1,2,3,4,5], logL: -8.071488, Exp of LogL: 0.000312, Normalized LogL: -1.345248, Exp of Normalized LogL: 0.260475, Best Rate: 0.3
Fault: [2,1,2,3,4,5], logL: -8.236109, Exp of LogL: 0.000265, Normalized LogL: -1.372685, Exp of Normalized LogL: 0.253426, Best Rate: 0.3

========= ADAPTIVE MC DEBUG =========
Total calls: 60
Avg tries: 166.67
Confidence stops: 60
Max stops: 0
Max stop rate: 0.000
Real Fault Rank 4
===== SEED 45 | FR=0.3 | VR=40 =====
executing with fault mode: [1,1,2,3,4,5]

executing with fault mode: [1,1,2,3,4,5]

executing with fault mode: [1,1,2,3,4,5]

executing with fault mode: [1,1,2,3,4,5]

Fault scores (higher is better):
Fault: [1,1,2,3,1,5], logL: -10.358035, Exp of LogL: 0.000032, Normalized LogL: -0.941640, Exp of Normalized LogL: 0.389988, Best Rate: 0.3
Fault: [1,1,2,3,5,5], logL: -10.358035, Exp of LogL: 0.000032, Normalized LogL: -0.941640, Exp of Normalized LogL: 0.389988, Best Rate: 0.3
Fault: [1,1,2,3,3,5], logL: -10.358035, Exp of LogL: 0.000032, Normalized LogL: -0.941640, Exp of Normalized LogL: 0.389988, Best Rate: 0.3
Fault: [1,1,2,3,4,5], logL: -10.389784, Exp of LogL: 0.000031, Normalized LogL: -0.944526, Exp of Normalized LogL: 0.388864, Best Rate: 0.3
Fault: [1,1,2,3,0,5], logL: -10.527934, Exp of LogL: 0.000027, Normalized LogL: -0.957085, Exp of Normalized LogL: 0.384011, Best Rate: 0.3
Fault: [5,1,2,3,4,5], logL: -10.992982, Exp of LogL: 0.000017, Normalized LogL: -0.999362, Exp of Normalized LogL: 0.368114, Best Rate: 0.3
Fault: [3,1,2,3,4,5], logL: -12.653902, Exp of LogL: 0.000003, Normalized LogL: -1.150355, Exp of Normalized LogL: 0.316524, Best Rate: 0.3
Fault: [4,1,2,3,4,5], logL: -12.692369, Exp of LogL: 0.000003, Normalized LogL: -1.153852, Exp of Normalized LogL: 0.315420, Best Rate: 0.3
Fault: [2,1,2,3,4,5], logL: -13.529574, Exp of LogL: 0.000001, Normalized LogL: -1.229961, Exp of Normalized LogL: 0.292304, Best Rate: 0.3
Fault: [0,1,2,3,4,5], logL: -36.009320, Exp of LogL: 0.000000, Normalized LogL: -3.273575, Exp of Normalized LogL: 0.037871, Best Rate: 0.3

========= ADAPTIVE MC DEBUG =========
Total calls: 110
Avg tries: 154.55
Confidence stops: 110
Max stops: 0
Max stop rate: 0.000
Real Fault Rank 4
===== SEED 45 | FR=0.3 | VR=60 =====
executing with fault mode: [1,1,2,3,4,5]

executing with fault mode: [1,1,2,3,4,5]

executing with fault mode: [1,1,2,3,4,5]

executing with fault mode: [1,1,2,3,4,5]

Fault scores (higher is better):
Fault: [1,1,2,3,4,5], logL: -15.710941, Exp of LogL: 0.000000, Normalized LogL: -0.924173, Exp of Normalized LogL: 0.396859, Best Rate: 0.3
Fault: [1,1,2,3,1,5], logL: -16.051868, Exp of LogL: 0.000000, Normalized LogL: -0.944228, Exp of Normalized LogL: 0.388980, Best Rate: 0.3
Fault: [1,1,2,3,5,5], logL: -16.051868, Exp of LogL: 0.000000, Normalized LogL: -0.944228, Exp of Normalized LogL: 0.388980, Best Rate: 0.3
Fault: [1,1,2,3,3,5], logL: -16.051868, Exp of LogL: 0.000000, Normalized LogL: -0.944228, Exp of Normalized LogL: 0.388980, Best Rate: 0.3
Fault: [1,1,2,3,0,5], logL: -16.051868, Exp of LogL: 0.000000, Normalized LogL: -0.944228, Exp of Normalized LogL: 0.388980, Best Rate: 0.3
Fault: [2,1,2,3,4,5], logL: -18.987381, Exp of LogL: 0.000000, Normalized LogL: -1.116905, Exp of Normalized LogL: 0.327291, Best Rate: 0.3
Fault: [0,1,2,3,4,5], logL: -67.726318, Exp of LogL: 0.000000, Normalized LogL: -3.983901, Exp of Normalized LogL: 0.018613, Best Rate: 0.3
Fault: [3,1,2,3,4,5], logL: -67.790823, Exp of LogL: 0.000000, Normalized LogL: -3.987695, Exp of Normalized LogL: 0.018542, Best Rate: 0.3
Fault: [4,1,2,3,4,5], logL: -67.893478, Exp of LogL: 0.000000, Normalized LogL: -3.993734, Exp of Normalized LogL: 0.018431, Best Rate: 0.3
Fault: [5,1,2,3,4,5], logL: -68.038660, Exp of LogL: 0.000000, Normalized LogL: -4.002274, Exp of Normalized LogL: 0.018274, Best Rate: 0.3

========= ADAPTIVE MC DEBUG =========
Total calls: 170
Avg tries: 152.94
Confidence stops: 170
Max stops: 0
Max stop rate: 0.000
Real Fault Rank 1
===== SEED 45 | FR=0.3 | VR=80 =====
executing with fault mode: [1,1,2,3,4,5]

executing with fault mode: [1,1,2,3,4,5]

executing with fault mode: [1,1,2,3,4,5]

executing with fault mode: [1,1,2,3,4,5]

Fault scores (higher is better):
Fault: [1,1,2,3,4,5], logL: -16.622687, Exp of LogL: 0.000000, Normalized LogL: -0.755577, Exp of Normalized LogL: 0.469740, Best Rate: 0.3
Fault: [1,1,2,3,1,5], logL: -16.969883, Exp of LogL: 0.000000, Normalized LogL: -0.771358, Exp of Normalized LogL: 0.462385, Best Rate: 0.3
Fault: [1,1,2,3,5,5], logL: -16.969883, Exp of LogL: 0.000000, Normalized LogL: -0.771358, Exp of Normalized LogL: 0.462385, Best Rate: 0.3
Fault: [1,1,2,3,3,5], logL: -16.969883, Exp of LogL: 0.000000, Normalized LogL: -0.771358, Exp of Normalized LogL: 0.462385, Best Rate: 0.3
Fault: [1,1,2,3,0,5], logL: -16.969883, Exp of LogL: 0.000000, Normalized LogL: -0.771358, Exp of Normalized LogL: 0.462385, Best Rate: 0.3
Fault: [2,1,2,3,4,5], logL: -21.421165, Exp of LogL: 0.000000, Normalized LogL: -0.973689, Exp of Normalized LogL: 0.377687, Best Rate: 0.3
Fault: [3,1,2,3,4,5], logL: -69.400607, Exp of LogL: 0.000000, Normalized LogL: -3.154573, Exp of Normalized LogL: 0.042657, Best Rate: 0.3
Fault: [4,1,2,3,4,5], logL: -69.461231, Exp of LogL: 0.000000, Normalized LogL: -3.157329, Exp of Normalized LogL: 0.042539, Best Rate: 0.3
Fault: [5,1,2,3,4,5], logL: -70.181876, Exp of LogL: 0.000000, Normalized LogL: -3.190085, Exp of Normalized LogL: 0.041168, Best Rate: 0.3
Fault: [0,1,2,3,4,5], logL: -70.432548, Exp of LogL: 0.000000, Normalized LogL: -3.201479, Exp of Normalized LogL: 0.040702, Best Rate: 0.3

========= ADAPTIVE MC DEBUG =========
Total calls: 220
Avg tries: 150.00
Confidence stops: 220
Max stops: 0
Max stop rate: 0.000
Real Fault Rank 1
===== SEED 45 | FR=0.3 | VR=100 =====
executing with fault mode: [1,1,2,3,4,5]

executing with fault mode: [1,1,2,3,4,5]

executing with fault mode: [1,1,2,3,4,5]

executing with fault mode: [1,1,2,3,4,5]

Fault scores (higher is better):
Fault: [1,1,2,3,4,5], logL: -18.246335, Exp of LogL: 0.000000, Normalized LogL: -0.651655, Exp of Normalized LogL: 0.521183, Best Rate: 0.3
Fault: [1,1,2,3,1,5], logL: -18.593531, Exp of LogL: 0.000000, Normalized LogL: -0.664055, Exp of Normalized LogL: 0.514760, Best Rate: 0.3
Fault: [1,1,2,3,5,5], logL: -18.593531, Exp of LogL: 0.000000, Normalized LogL: -0.664055, Exp of Normalized LogL: 0.514760, Best Rate: 0.3
Fault: [1,1,2,3,3,5], logL: -18.593531, Exp of LogL: 0.000000, Normalized LogL: -0.664055, Exp of Normalized LogL: 0.514760, Best Rate: 0.3
Fault: [1,1,2,3,0,5], logL: -18.593531, Exp of LogL: 0.000000, Normalized LogL: -0.664055, Exp of Normalized LogL: 0.514760, Best Rate: 0.3
Fault: [2,1,2,3,4,5], logL: -23.597129, Exp of LogL: 0.000000, Normalized LogL: -0.842755, Exp of Normalized LogL: 0.430523, Best Rate: 0.3
Fault: [3,1,2,3,4,5], logL: -70.543282, Exp of LogL: 0.000000, Normalized LogL: -2.519403, Exp of Normalized LogL: 0.080508, Best Rate: 0.3
Fault: [4,1,2,3,4,5], logL: -70.543282, Exp of LogL: 0.000000, Normalized LogL: -2.519403, Exp of Normalized LogL: 0.080508, Best Rate: 0.3
Fault: [0,1,2,3,4,5], logL: -72.225520, Exp of LogL: 0.000000, Normalized LogL: -2.579483, Exp of Normalized LogL: 0.075813, Best Rate: 0.3
Fault: [5,1,2,3,4,5], logL: -74.775938, Exp of LogL: 0.000000, Normalized LogL: -2.670569, Exp of Normalized LogL: 0.069213, Best Rate: 0.3

========= ADAPTIVE MC DEBUG =========
Total calls: 280
Avg tries: 150.00
Confidence stops: 280
Max stops: 0
Max stop rate: 0.000
Real Fault Rank 1
================= 22/08/2026 04:44:19: SEED 45 END =================
================= 22/08/2026 04:44:19: SEED 46 (44/100), a*=1 fault=[0,3,2,3,4,5] START =================
===== SEED 46 | FR=0.3 | VR=20 =====
executing with fault mode: [0,3,2,3,4,5]

Fault scores (higher is better):
Fault: [0,3,2,3,0,5], logL: -5.894317, Exp of LogL: 0.002755, Normalized LogL: -1.473579, Exp of Normalized LogL: 0.229104, Best Rate: 0.3
Fault: [0,3,2,3,3,5], logL: -6.329635, Exp of LogL: 0.001783, Normalized LogL: -1.582409, Exp of Normalized LogL: 0.205480, Best Rate: 0.3
Fault: [0,3,2,3,4,5], logL: -6.383937, Exp of LogL: 0.001688, Normalized LogL: -1.595984, Exp of Normalized LogL: 0.202709, Best Rate: 0.3
Fault: [0,1,2,3,4,5], logL: -6.583823, Exp of LogL: 0.001383, Normalized LogL: -1.645956, Exp of Normalized LogL: 0.192828, Best Rate: 0.3
Fault: [0,3,2,3,1,5], logL: -6.648089, Exp of LogL: 0.001296, Normalized LogL: -1.662022, Exp of Normalized LogL: 0.189755, Best Rate: 0.3
Fault: [0,3,2,3,5,5], logL: -6.648089, Exp of LogL: 0.001296, Normalized LogL: -1.662022, Exp of Normalized LogL: 0.189755, Best Rate: 0.3
Fault: [0,5,2,3,4,5], logL: -6.967269, Exp of LogL: 0.000942, Normalized LogL: -1.741817, Exp of Normalized LogL: 0.175202, Best Rate: 0.3
Fault: [0,4,2,3,4,5], logL: -6.967269, Exp of LogL: 0.000942, Normalized LogL: -1.741817, Exp of Normalized LogL: 0.175202, Best Rate: 0.3
Fault: [0,2,2,3,4,5], logL: -6.967269, Exp of LogL: 0.000942, Normalized LogL: -1.741817, Exp of Normalized LogL: 0.175202, Best Rate: 0.3
Fault: [0,0,2,3,4,5], logL: -7.232973, Exp of LogL: 0.000722, Normalized LogL: -1.808243, Exp of Normalized LogL: 0.163942, Best Rate: 0.3

========= ADAPTIVE MC DEBUG =========
Total calls: 40
Avg tries: 175.00
Confidence stops: 40
Max stops: 0
Max stop rate: 0.000
Real Fault Rank 3
===== SEED 46 | FR=0.3 | VR=40 =====
executing with fault mode: [0,3,2,3,4,5]

Fault scores (higher is better):
Fault: [0,3,2,3,0,5], logL: -11.288264, Exp of LogL: 0.000013, Normalized LogL: -1.612609, Exp of Normalized LogL: 0.199367, Best Rate: 0.3
Fault: [0,3,2,3,3,5], logL: -11.723583, Exp of LogL: 0.000008, Normalized LogL: -1.674798, Exp of Normalized LogL: 0.187346, Best Rate: 0.3
Fault: [0,3,2,3,4,5], logL: -11.777885, Exp of LogL: 0.000008, Normalized LogL: -1.682555, Exp of Normalized LogL: 0.185898, Best Rate: 0.3
Fault: [0,3,2,3,1,5], logL: -12.042036, Exp of LogL: 0.000006, Normalized LogL: -1.720291, Exp of Normalized LogL: 0.179014, Best Rate: 0.3
Fault: [0,3,2,3,5,5], logL: -12.042036, Exp of LogL: 0.000006, Normalized LogL: -1.720291, Exp of Normalized LogL: 0.179014, Best Rate: 0.3
Fault: [0,1,2,3,4,5], logL: -12.564781, Exp of LogL: 0.000003, Normalized LogL: -1.794969, Exp of Normalized LogL: 0.166133, Best Rate: 0.3
Fault: [0,5,2,3,4,5], logL: -13.187896, Exp of LogL: 0.000002, Normalized LogL: -1.883985, Exp of Normalized LogL: 0.151983, Best Rate: 0.3
Fault: [0,4,2,3,4,5], logL: -13.187896, Exp of LogL: 0.000002, Normalized LogL: -1.883985, Exp of Normalized LogL: 0.151983, Best Rate: 0.3
Fault: [0,0,2,3,4,5], logL: -13.524368, Exp of LogL: 0.000001, Normalized LogL: -1.932053, Exp of Normalized LogL: 0.144851, Best Rate: 0.3
Fault: [0,2,2,3,4,5], logL: -13.894170, Exp of LogL: 0.000001, Normalized LogL: -1.984881, Exp of Normalized LogL: 0.137397, Best Rate: 0.3

========= ADAPTIVE MC DEBUG =========
Total calls: 70
Avg tries: 157.14
Confidence stops: 70
Max stops: 0
Max stop rate: 0.000
Real Fault Rank 3
===== SEED 46 | FR=0.3 | VR=60 =====
executing with fault mode: [0,3,2,3,4,5]

Fault scores (higher is better):
Fault: [0,3,2,3,3,5], logL: -16.125172, Exp of LogL: 0.000000, Normalized LogL: -1.465925, Exp of Normalized LogL: 0.230864, Best Rate: 0.3
Fault: [0,1,2,3,4,5], logL: -16.716710, Exp of LogL: 0.000000, Normalized LogL: -1.519701, Exp of Normalized LogL: 0.218777, Best Rate: 0.3
Fault: [0,3,2,3,4,5], logL: -16.992423, Exp of LogL: 0.000000, Normalized LogL: -1.544766, Exp of Normalized LogL: 0.213362, Best Rate: 0.3
Fault: [0,3,2,3,0,5], logL: -16.994210, Exp of LogL: 0.000000, Normalized LogL: -1.544928, Exp of Normalized LogL: 0.213327, Best Rate: 0.3
Fault: [0,3,2,3,1,5], logL: -17.256574, Exp of LogL: 0.000000, Normalized LogL: -1.568779, Exp of Normalized LogL: 0.208299, Best Rate: 0.3
Fault: [0,3,2,3,5,5], logL: -17.256574, Exp of LogL: 0.000000, Normalized LogL: -1.568779, Exp of Normalized LogL: 0.208299, Best Rate: 0.3
Fault: [0,0,2,3,4,5], logL: -17.638556, Exp of LogL: 0.000000, Normalized LogL: -1.603505, Exp of Normalized LogL: 0.201190, Best Rate: 0.3
Fault: [0,2,2,3,4,5], logL: -17.960156, Exp of LogL: 0.000000, Normalized LogL: -1.632741, Exp of Normalized LogL: 0.195393, Best Rate: 0.3
Fault: [0,5,2,3,4,5], logL: -18.101179, Exp of LogL: 0.000000, Normalized LogL: -1.645562, Exp of Normalized LogL: 0.192904, Best Rate: 0.3
Fault: [0,4,2,3,4,5], logL: -18.101179, Exp of LogL: 0.000000, Normalized LogL: -1.645562, Exp of Normalized LogL: 0.192904, Best Rate: 0.3

========= ADAPTIVE MC DEBUG =========
Total calls: 110
Avg tries: 150.00
Confidence stops: 110
Max stops: 0
Max stop rate: 0.000
Real Fault Rank 3
===== SEED 46 | FR=0.3 | VR=80 =====
executing with fault mode: [0,3,2,3,4,5]

Fault scores (higher is better):
Fault: [0,1,2,3,4,5], logL: -18.152953, Exp of LogL: 0.000000, Normalized LogL: -1.296640, Exp of Normalized LogL: 0.273449, Best Rate: 0.3
Fault: [0,3,2,3,4,5], logL: -18.428667, Exp of LogL: 0.000000, Normalized LogL: -1.316333, Exp of Normalized LogL: 0.268117, Best Rate: 0.3
Fault: [0,3,2,3,1,5], logL: -18.692818, Exp of LogL: 0.000000, Normalized LogL: -1.335201, Exp of Normalized LogL: 0.263105, Best Rate: 0.3
Fault: [0,3,2,3,3,5], logL: -18.692818, Exp of LogL: 0.000000, Normalized LogL: -1.335201, Exp of Normalized LogL: 0.263105, Best Rate: 0.3
Fault: [0,3,2,3,5,5], logL: -18.692818, Exp of LogL: 0.000000, Normalized LogL: -1.335201, Exp of Normalized LogL: 0.263105, Best Rate: 0.3
Fault: [0,3,2,3,0,5], logL: -18.692818, Exp of LogL: 0.000000, Normalized LogL: -1.335201, Exp of Normalized LogL: 0.263105, Best Rate: 0.3
Fault: [0,0,2,3,4,5], logL: -19.074800, Exp of LogL: 0.000000, Normalized LogL: -1.362486, Exp of Normalized LogL: 0.256024, Best Rate: 0.3
Fault: [0,2,2,3,4,5], logL: -19.396400, Exp of LogL: 0.000000, Normalized LogL: -1.385457, Exp of Normalized LogL: 0.250209, Best Rate: 0.3
Fault: [0,5,2,3,4,5], logL: -19.537423, Exp of LogL: 0.000000, Normalized LogL: -1.395530, Exp of Normalized LogL: 0.247702, Best Rate: 0.3
Fault: [0,4,2,3,4,5], logL: -19.537423, Exp of LogL: 0.000000, Normalized LogL: -1.395530, Exp of Normalized LogL: 0.247702, Best Rate: 0.3

========= ADAPTIVE MC DEBUG =========
Total calls: 140
Avg tries: 150.00
Confidence stops: 140
Max stops: 0
Max stop rate: 0.000
Real Fault Rank 2
===== SEED 46 | FR=0.3 | VR=100 =====
executing with fault mode: [0,3,2,3,4,5]

Fault scores (higher is better):
Fault: [0,1,2,3,4,5], logL: -18.164892, Exp of LogL: 0.000000, Normalized LogL: -1.009161, Exp of Normalized LogL: 0.364525, Best Rate: 0.3
Fault: [0,3,2,3,4,5], logL: -18.411678, Exp of LogL: 0.000000, Normalized LogL: -1.022871, Exp of Normalized LogL: 0.359561, Best Rate: 0.3
Fault: [0,3,2,3,1,5], logL: -18.694926, Exp of LogL: 0.000000, Normalized LogL: -1.038607, Exp of Normalized LogL: 0.353947, Best Rate: 0.3
Fault: [0,3,2,3,3,5], logL: -18.694926, Exp of LogL: 0.000000, Normalized LogL: -1.038607, Exp of Normalized LogL: 0.353947, Best Rate: 0.3
Fault: [0,3,2,3,5,5], logL: -18.694926, Exp of LogL: 0.000000, Normalized LogL: -1.038607, Exp of Normalized LogL: 0.353947, Best Rate: 0.3
Fault: [0,3,2,3,0,5], logL: -18.694926, Exp of LogL: 0.000000, Normalized LogL: -1.038607, Exp of Normalized LogL: 0.353947, Best Rate: 0.3
Fault: [0,0,2,3,4,5], logL: -19.074536, Exp of LogL: 0.000000, Normalized LogL: -1.059696, Exp of Normalized LogL: 0.346561, Best Rate: 0.3
Fault: [0,2,2,3,4,5], logL: -19.396136, Exp of LogL: 0.000000, Normalized LogL: -1.077563, Exp of Normalized LogL: 0.340424, Best Rate: 0.3
Fault: [0,5,2,3,4,5], logL: -19.537160, Exp of LogL: 0.000000, Normalized LogL: -1.085398, Exp of Normalized LogL: 0.337767, Best Rate: 0.3
Fault: [0,4,2,3,4,5], logL: -19.537160, Exp of LogL: 0.000000, Normalized LogL: -1.085398, Exp of Normalized LogL: 0.337767, Best Rate: 0.3

========= ADAPTIVE MC DEBUG =========
Total calls: 180
Avg tries: 150.00
Confidence stops: 180
Max stops: 0
Max stop rate: 0.000
Real Fault Rank 2
================= 22/08/2026 04:44:34: SEED 46 END =================
================= 22/08/2026 04:44:34: SEED 47 (45/100), a*=0 fault=[5,1,2,3,4,5] START =================
===== SEED 47 | FR=0.3 | VR=20 =====
executing with fault mode: [5,1,2,3,4,5]

Fault scores (higher is better):
Fault: [5,1,2,3,3,5], logL: -6.972712, Exp of LogL: 0.000937, Normalized LogL: -1.743178, Exp of Normalized LogL: 0.174963, Best Rate: 0.3
Fault: [5,1,2,3,0,5], logL: -6.972712, Exp of LogL: 0.000937, Normalized LogL: -1.743178, Exp of Normalized LogL: 0.174963, Best Rate: 0.3
Fault: [5,1,2,3,2,5], logL: -6.972712, Exp of LogL: 0.000937, Normalized LogL: -1.743178, Exp of Normalized LogL: 0.174963, Best Rate: 0.3
Fault: [5,1,2,3,5,5], logL: -6.972712, Exp of LogL: 0.000937, Normalized LogL: -1.743178, Exp of Normalized LogL: 0.174963, Best Rate: 0.3
Fault: [5,1,2,3,4,5], logL: -8.054774, Exp of LogL: 0.000318, Normalized LogL: -2.013693, Exp of Normalized LogL: 0.133495, Best Rate: 0.3
Fault: [3,1,2,3,4,5], logL: -8.054774, Exp of LogL: 0.000318, Normalized LogL: -2.013693, Exp of Normalized LogL: 0.133495, Best Rate: 0.3
Fault: [4,1,2,3,4,5], logL: -8.054774, Exp of LogL: 0.000318, Normalized LogL: -2.013693, Exp of Normalized LogL: 0.133495, Best Rate: 0.3
Fault: [2,1,2,3,4,5], logL: -8.126233, Exp of LogL: 0.000296, Normalized LogL: -2.031558, Exp of Normalized LogL: 0.131131, Best Rate: 0.3
Fault: [1,1,2,3,4,5], logL: -8.673197, Exp of LogL: 0.000171, Normalized LogL: -2.168299, Exp of Normalized LogL: 0.114372, Best Rate: 0.3
Fault: [0,1,2,3,4,5], logL: -10.243415, Exp of LogL: 0.000036, Normalized LogL: -2.560854, Exp of Normalized LogL: 0.077239, Best Rate: 0.3

========= ADAPTIVE MC DEBUG =========
Total calls: 40
Avg tries: 162.50
Confidence stops: 40
Max stops: 0
Max stop rate: 0.000
Real Fault Rank 5
===== SEED 47 | FR=0.3 | VR=40 =====
executing with fault mode: [5,1,2,3,4,5]

Fault scores (higher is better):
Fault: [5,1,2,3,3,5], logL: -7.668454, Exp of LogL: 0.000467, Normalized LogL: -1.095493, Exp of Normalized LogL: 0.334375, Best Rate: 0.3
Fault: [5,1,2,3,0,5], logL: -7.668454, Exp of LogL: 0.000467, Normalized LogL: -1.095493, Exp of Normalized LogL: 0.334375, Best Rate: 0.3
Fault: [5,1,2,3,2,5], logL: -7.668454, Exp of LogL: 0.000467, Normalized LogL: -1.095493, Exp of Normalized LogL: 0.334375, Best Rate: 0.3
Fault: [5,1,2,3,5,5], logL: -7.668454, Exp of LogL: 0.000467, Normalized LogL: -1.095493, Exp of Normalized LogL: 0.334375, Best Rate: 0.3
Fault: [5,1,2,3,4,5], logL: -8.127986, Exp of LogL: 0.000295, Normalized LogL: -1.161141, Exp of Normalized LogL: 0.313129, Best Rate: 0.3
Fault: [3,1,2,3,4,5], logL: -8.127986, Exp of LogL: 0.000295, Normalized LogL: -1.161141, Exp of Normalized LogL: 0.313129, Best Rate: 0.3
Fault: [4,1,2,3,4,5], logL: -8.127986, Exp of LogL: 0.000295, Normalized LogL: -1.161141, Exp of Normalized LogL: 0.313129, Best Rate: 0.3
Fault: [2,1,2,3,4,5], logL: -8.370548, Exp of LogL: 0.000232, Normalized LogL: -1.195793, Exp of Normalized LogL: 0.302464, Best Rate: 0.3
Fault: [1,1,2,3,4,5], logL: -9.603512, Exp of LogL: 0.000067, Normalized LogL: -1.371930, Exp of Normalized LogL: 0.253617, Best Rate: 0.3
Fault: [0,1,2,3,4,5], logL: -11.249507, Exp of LogL: 0.000013, Normalized LogL: -1.607072, Exp of Normalized LogL: 0.200474, Best Rate: 0.3

========= ADAPTIVE MC DEBUG =========
Total calls: 70
Avg tries: 150.00
Confidence stops: 70
Max stops: 0
Max stop rate: 0.000
Real Fault Rank 5
===== SEED 47 | FR=0.3 | VR=60 =====
executing with fault mode: [5,1,2,3,4,5]

Fault scores (higher is better):
Fault: [5,1,2,3,3,5], logL: -8.472242, Exp of LogL: 0.000209, Normalized LogL: -0.770204, Exp of Normalized LogL: 0.462919, Best Rate: 0.3
Fault: [5,1,2,3,0,5], logL: -8.472242, Exp of LogL: 0.000209, Normalized LogL: -0.770204, Exp of Normalized LogL: 0.462919, Best Rate: 0.3
Fault: [5,1,2,3,2,5], logL: -8.472242, Exp of LogL: 0.000209, Normalized LogL: -0.770204, Exp of Normalized LogL: 0.462919, Best Rate: 0.3
Fault: [5,1,2,3,5,5], logL: -8.472242, Exp of LogL: 0.000209, Normalized LogL: -0.770204, Exp of Normalized LogL: 0.462919, Best Rate: 0.3
Fault: [2,1,2,3,4,5], logL: -8.657915, Exp of LogL: 0.000174, Normalized LogL: -0.787083, Exp of Normalized LogL: 0.455171, Best Rate: 0.3
Fault: [5,1,2,3,4,5], logL: -8.699300, Exp of LogL: 0.000167, Normalized LogL: -0.790845, Exp of Normalized LogL: 0.453461, Best Rate: 0.3
Fault: [3,1,2,3,4,5], logL: -8.699300, Exp of LogL: 0.000167, Normalized LogL: -0.790845, Exp of Normalized LogL: 0.453461, Best Rate: 0.3
Fault: [4,1,2,3,4,5], logL: -8.699300, Exp of LogL: 0.000167, Normalized LogL: -0.790845, Exp of Normalized LogL: 0.453461, Best Rate: 0.3
Fault: [1,1,2,3,4,5], logL: -11.630606, Exp of LogL: 0.000009, Normalized LogL: -1.057328, Exp of Normalized LogL: 0.347383, Best Rate: 0.3
Fault: [0,1,2,3,4,5], logL: -11.912092, Exp of LogL: 0.000007, Normalized LogL: -1.082917, Exp of Normalized LogL: 0.338606, Best Rate: 0.3

========= ADAPTIVE MC DEBUG =========
Total calls: 110
Avg tries: 150.00
Confidence stops: 110
Max stops: 0
Max stop rate: 0.000
Real Fault Rank 6
===== SEED 47 | FR=0.3 | VR=80 =====
executing with fault mode: [5,1,2,3,4,5]

Fault scores (higher is better):
Fault: [2,1,2,3,4,5], logL: -9.083536, Exp of LogL: 0.000114, Normalized LogL: -0.648824, Exp of Normalized LogL: 0.522660, Best Rate: 0.3
Fault: [5,1,2,3,4,5], logL: -9.124921, Exp of LogL: 0.000109, Normalized LogL: -0.651780, Exp of Normalized LogL: 0.521117, Best Rate: 0.3
Fault: [3,1,2,3,4,5], logL: -9.124921, Exp of LogL: 0.000109, Normalized LogL: -0.651780, Exp of Normalized LogL: 0.521117, Best Rate: 0.3
Fault: [4,1,2,3,4,5], logL: -9.124921, Exp of LogL: 0.000109, Normalized LogL: -0.651780, Exp of Normalized LogL: 0.521117, Best Rate: 0.3
Fault: [5,1,2,3,3,5], logL: -9.530386, Exp of LogL: 0.000073, Normalized LogL: -0.680742, Exp of Normalized LogL: 0.506241, Best Rate: 0.3
Fault: [5,1,2,3,0,5], logL: -9.530386, Exp of LogL: 0.000073, Normalized LogL: -0.680742, Exp of Normalized LogL: 0.506241, Best Rate: 0.3
Fault: [5,1,2,3,2,5], logL: -9.530386, Exp of LogL: 0.000073, Normalized LogL: -0.680742, Exp of Normalized LogL: 0.506241, Best Rate: 0.3
Fault: [5,1,2,3,5,5], logL: -9.530386, Exp of LogL: 0.000073, Normalized LogL: -0.680742, Exp of Normalized LogL: 0.506241, Best Rate: 0.3
Fault: [0,1,2,3,4,5], logL: -12.310112, Exp of LogL: 0.000005, Normalized LogL: -0.879294, Exp of Normalized LogL: 0.415076, Best Rate: 0.3
Fault: [1,1,2,3,4,5], logL: -12.915904, Exp of LogL: 0.000002, Normalized LogL: -0.922565, Exp of Normalized LogL: 0.397498, Best Rate: 0.3

========= ADAPTIVE MC DEBUG =========
Total calls: 140
Avg tries: 150.00
Confidence stops: 140
Max stops: 0
Max stop rate: 0.000
Real Fault Rank 2
===== SEED 47 | FR=0.3 | VR=100 =====
executing with fault mode: [5,1,2,3,4,5]

Fault scores (higher is better):
Fault: [2,1,2,3,4,5], logL: -9.905205, Exp of LogL: 0.000050, Normalized LogL: -0.550289, Exp of Normalized LogL: 0.576783, Best Rate: 0.3
Fault: [5,1,2,3,4,5], logL: -9.946590, Exp of LogL: 0.000048, Normalized LogL: -0.552588, Exp of Normalized LogL: 0.575458, Best Rate: 0.3
Fault: [3,1,2,3,4,5], logL: -9.946590, Exp of LogL: 0.000048, Normalized LogL: -0.552588, Exp of Normalized LogL: 0.575458, Best Rate: 0.3
Fault: [4,1,2,3,4,5], logL: -9.946590, Exp of LogL: 0.000048, Normalized LogL: -0.552588, Exp of Normalized LogL: 0.575458, Best Rate: 0.3
Fault: [5,1,2,3,3,5], logL: -10.352055, Exp of LogL: 0.000032, Normalized LogL: -0.575114, Exp of Normalized LogL: 0.562641, Best Rate: 0.3
Fault: [5,1,2,3,0,5], logL: -10.352055, Exp of LogL: 0.000032, Normalized LogL: -0.575114, Exp of Normalized LogL: 0.562641, Best Rate: 0.3
Fault: [5,1,2,3,2,5], logL: -10.352055, Exp of LogL: 0.000032, Normalized LogL: -0.575114, Exp of Normalized LogL: 0.562641, Best Rate: 0.3
Fault: [5,1,2,3,5,5], logL: -10.352055, Exp of LogL: 0.000032, Normalized LogL: -0.575114, Exp of Normalized LogL: 0.562641, Best Rate: 0.3
Fault: [0,1,2,3,4,5], logL: -13.131781, Exp of LogL: 0.000002, Normalized LogL: -0.729543, Exp of Normalized LogL: 0.482129, Best Rate: 0.3
Fault: [1,1,2,3,4,5], logL: -13.737573, Exp of LogL: 0.000001, Normalized LogL: -0.763198, Exp of Normalized LogL: 0.466173, Best Rate: 0.3

========= ADAPTIVE MC DEBUG =========
Total calls: 180
Avg tries: 150.00
Confidence stops: 180
Max stops: 0
Max stop rate: 0.000
Real Fault Rank 2
================= 22/08/2026 04:44:48: SEED 47 END =================
================= 22/08/2026 04:44:48: SEED 48 (46/100), a*=1 fault=[0,2,2,3,4,5] START =================
===== SEED 48 | FR=0.3 | VR=20 =====
executing with fault mode: [0,2,2,3,4,5]

Fault scores (higher is better):
Fault: [0,4,2,3,4,5], logL: -9.309424, Exp of LogL: 0.000091, Normalized LogL: -1.861885, Exp of Normalized LogL: 0.155379, Best Rate: 0.3
Fault: [0,5,2,3,4,5], logL: -9.309424, Exp of LogL: 0.000091, Normalized LogL: -1.861885, Exp of Normalized LogL: 0.155379, Best Rate: 0.3
Fault: [0,2,2,3,4,5], logL: -9.385964, Exp of LogL: 0.000084, Normalized LogL: -1.877193, Exp of Normalized LogL: 0.153019, Best Rate: 0.3
Fault: [0,2,2,3,1,5], logL: -9.568286, Exp of LogL: 0.000070, Normalized LogL: -1.913657, Exp of Normalized LogL: 0.147540, Best Rate: 0.3
Fault: [0,2,2,3,2,5], logL: -9.568286, Exp of LogL: 0.000070, Normalized LogL: -1.913657, Exp of Normalized LogL: 0.147540, Best Rate: 0.3
Fault: [0,2,2,3,5,5], logL: -9.568286, Exp of LogL: 0.000070, Normalized LogL: -1.913657, Exp of Normalized LogL: 0.147540, Best Rate: 0.3
Fault: [0,2,2,3,0,5], logL: -9.696119, Exp of LogL: 0.000062, Normalized LogL: -1.939224, Exp of Normalized LogL: 0.143816, Best Rate: 0.3
Fault: [0,3,2,3,4,5], logL: -9.889243, Exp of LogL: 0.000051, Normalized LogL: -1.977849, Exp of Normalized LogL: 0.138367, Best Rate: 0.3
Fault: [0,0,2,3,4,5], logL: -10.100552, Exp of LogL: 0.000041, Normalized LogL: -2.020110, Exp of Normalized LogL: 0.132641, Best Rate: 0.3
Fault: [0,1,2,3,4,5], logL: -10.251033, Exp of LogL: 0.000035, Normalized LogL: -2.050207, Exp of Normalized LogL: 0.128708, Best Rate: 0.3

========= ADAPTIVE MC DEBUG =========
Total calls: 50
Avg tries: 180.00
Confidence stops: 50
Max stops: 0
Max stop rate: 0.000
Real Fault Rank 3
===== SEED 48 | FR=0.3 | VR=40 =====
executing with fault mode: [0,2,2,3,4,5]

Fault scores (higher is better):
Fault: [0,4,2,3,4,5], logL: -12.995950, Exp of LogL: 0.000002, Normalized LogL: -1.443994, Exp of Normalized LogL: 0.235983, Best Rate: 0.3
Fault: [0,5,2,3,4,5], logL: -12.995950, Exp of LogL: 0.000002, Normalized LogL: -1.443994, Exp of Normalized LogL: 0.235983, Best Rate: 0.3
Fault: [0,2,2,3,1,5], logL: -13.159260, Exp of LogL: 0.000002, Normalized LogL: -1.462140, Exp of Normalized LogL: 0.231740, Best Rate: 0.3
Fault: [0,2,2,3,2,5], logL: -13.159260, Exp of LogL: 0.000002, Normalized LogL: -1.462140, Exp of Normalized LogL: 0.231740, Best Rate: 0.3
Fault: [0,2,2,3,5,5], logL: -13.159260, Exp of LogL: 0.000002, Normalized LogL: -1.462140, Exp of Normalized LogL: 0.231740, Best Rate: 0.3
Fault: [0,2,2,3,4,5], logL: -13.167800, Exp of LogL: 0.000002, Normalized LogL: -1.463089, Exp of Normalized LogL: 0.231520, Best Rate: 0.3
Fault: [0,2,2,3,0,5], logL: -13.400422, Exp of LogL: 0.000002, Normalized LogL: -1.488936, Exp of Normalized LogL: 0.225613, Best Rate: 0.3
Fault: [0,1,2,3,4,5], logL: -14.500027, Exp of LogL: 0.000001, Normalized LogL: -1.611114, Exp of Normalized LogL: 0.199665, Best Rate: 0.3
Fault: [0,0,2,3,4,5], logL: -15.440532, Exp of LogL: 0.000000, Normalized LogL: -1.715615, Exp of Normalized LogL: 0.179853, Best Rate: 0.3
Fault: [0,3,2,3,4,5], logL: -15.549849, Exp of LogL: 0.000000, Normalized LogL: -1.727761, Exp of Normalized LogL: 0.177682, Best Rate: 0.3

========= ADAPTIVE MC DEBUG =========
Total calls: 90
Avg tries: 155.56
Confidence stops: 90
Max stops: 0
Max stop rate: 0.000
Real Fault Rank 6
===== SEED 48 | FR=0.3 | VR=60 =====
executing with fault mode: [0,2,2,3,4,5]

Fault scores (higher is better):
Fault: [0,4,2,3,4,5], logL: -15.611048, Exp of LogL: 0.000000, Normalized LogL: -1.200850, Exp of Normalized LogL: 0.300938, Best Rate: 0.3
Fault: [0,5,2,3,4,5], logL: -15.611048, Exp of LogL: 0.000000, Normalized LogL: -1.200850, Exp of Normalized LogL: 0.300938, Best Rate: 0.3
Fault: [0,2,2,3,4,5], logL: -15.611048, Exp of LogL: 0.000000, Normalized LogL: -1.200850, Exp of Normalized LogL: 0.300938, Best Rate: 0.3
Fault: [0,2,2,3,1,5], logL: -15.653133, Exp of LogL: 0.000000, Normalized LogL: -1.204087, Exp of Normalized LogL: 0.299966, Best Rate: 0.3
Fault: [0,2,2,3,2,5], logL: -15.653133, Exp of LogL: 0.000000, Normalized LogL: -1.204087, Exp of Normalized LogL: 0.299966, Best Rate: 0.3
Fault: [0,2,2,3,5,5], logL: -15.653133, Exp of LogL: 0.000000, Normalized LogL: -1.204087, Exp of Normalized LogL: 0.299966, Best Rate: 0.3
Fault: [0,2,2,3,0,5], logL: -15.894295, Exp of LogL: 0.000000, Normalized LogL: -1.222638, Exp of Normalized LogL: 0.294452, Best Rate: 0.3
Fault: [0,1,2,3,4,5], logL: -17.115125, Exp of LogL: 0.000000, Normalized LogL: -1.316548, Exp of Normalized LogL: 0.268059, Best Rate: 0.3
Fault: [0,0,2,3,4,5], logL: -17.944404, Exp of LogL: 0.000000, Normalized LogL: -1.380339, Exp of Normalized LogL: 0.251493, Best Rate: 0.3
Fault: [0,3,2,3,4,5], logL: -18.164947, Exp of LogL: 0.000000, Normalized LogL: -1.397304, Exp of Normalized LogL: 0.247263, Best Rate: 0.3

========= ADAPTIVE MC DEBUG =========
Total calls: 130
Avg tries: 150.00
Confidence stops: 130
Max stops: 0
Max stop rate: 0.000
Real Fault Rank 3
===== SEED 48 | FR=0.3 | VR=80 =====
executing with fault mode: [0,2,2,3,4,5]

Fault scores (higher is better):
Fault: [0,4,2,3,4,5], logL: -16.229016, Exp of LogL: 0.000000, Normalized LogL: -0.954648, Exp of Normalized LogL: 0.384948, Best Rate: 0.3
Fault: [0,5,2,3,4,5], logL: -16.229016, Exp of LogL: 0.000000, Normalized LogL: -0.954648, Exp of Normalized LogL: 0.384948, Best Rate: 0.3
Fault: [0,2,2,3,4,5], logL: -16.229016, Exp of LogL: 0.000000, Normalized LogL: -0.954648, Exp of Normalized LogL: 0.384948, Best Rate: 0.3
Fault: [0,2,2,3,1,5], logL: -16.512263, Exp of LogL: 0.000000, Normalized LogL: -0.971310, Exp of Normalized LogL: 0.378587, Best Rate: 0.3
Fault: [0,2,2,3,0,5], logL: -16.512263, Exp of LogL: 0.000000, Normalized LogL: -0.971310, Exp of Normalized LogL: 0.378587, Best Rate: 0.3
Fault: [0,2,2,3,2,5], logL: -16.512263, Exp of LogL: 0.000000, Normalized LogL: -0.971310, Exp of Normalized LogL: 0.378587, Best Rate: 0.3
Fault: [0,2,2,3,5,5], logL: -16.512263, Exp of LogL: 0.000000, Normalized LogL: -0.971310, Exp of Normalized LogL: 0.378587, Best Rate: 0.3
Fault: [0,1,2,3,4,5], logL: -17.484279, Exp of LogL: 0.000000, Normalized LogL: -1.028487, Exp of Normalized LogL: 0.357548, Best Rate: 0.3
Fault: [0,0,2,3,4,5], logL: -18.121251, Exp of LogL: 0.000000, Normalized LogL: -1.065956, Exp of Normalized LogL: 0.344398, Best Rate: 0.3
Fault: [0,3,2,3,4,5], logL: -18.406872, Exp of LogL: 0.000000, Normalized LogL: -1.082757, Exp of Normalized LogL: 0.338660, Best Rate: 0.3

========= ADAPTIVE MC DEBUG =========
Total calls: 170
Avg tries: 150.00
Confidence stops: 170
Max stops: 0
Max stop rate: 0.000
Real Fault Rank 3
===== SEED 48 | FR=0.3 | VR=100 =====
executing with fault mode: [0,2,2,3,4,5]

Fault scores (higher is better):
Fault: [0,4,2,3,4,5], logL: -18.456669, Exp of LogL: 0.000000, Normalized LogL: -0.838939, Exp of Normalized LogL: 0.432169, Best Rate: 0.3
Fault: [0,5,2,3,4,5], logL: -18.456669, Exp of LogL: 0.000000, Normalized LogL: -0.838939, Exp of Normalized LogL: 0.432169, Best Rate: 0.3
Fault: [0,2,2,3,4,5], logL: -18.456669, Exp of LogL: 0.000000, Normalized LogL: -0.838939, Exp of Normalized LogL: 0.432169, Best Rate: 0.3
Fault: [0,2,2,3,1,5], logL: -18.739916, Exp of LogL: 0.000000, Normalized LogL: -0.851814, Exp of Normalized LogL: 0.426640, Best Rate: 0.3
Fault: [0,2,2,3,0,5], logL: -18.739916, Exp of LogL: 0.000000, Normalized LogL: -0.851814, Exp of Normalized LogL: 0.426640, Best Rate: 0.3
Fault: [0,2,2,3,2,5], logL: -18.739916, Exp of LogL: 0.000000, Normalized LogL: -0.851814, Exp of Normalized LogL: 0.426640, Best Rate: 0.3
Fault: [0,2,2,3,5,5], logL: -18.739916, Exp of LogL: 0.000000, Normalized LogL: -0.851814, Exp of Normalized LogL: 0.426640, Best Rate: 0.3
Fault: [0,1,2,3,4,5], logL: -19.726999, Exp of LogL: 0.000000, Normalized LogL: -0.896682, Exp of Normalized LogL: 0.407921, Best Rate: 0.3
Fault: [0,0,2,3,4,5], logL: -20.254159, Exp of LogL: 0.000000, Normalized LogL: -0.920644, Exp of Normalized LogL: 0.398263, Best Rate: 0.3
Fault: [0,3,2,3,4,5], logL: -20.618206, Exp of LogL: 0.000000, Normalized LogL: -0.937191, Exp of Normalized LogL: 0.391727, Best Rate: 0.3

========= ADAPTIVE MC DEBUG =========
Total calls: 220
Avg tries: 150.00
Confidence stops: 220
Max stops: 0
Max stop rate: 0.000
Real Fault Rank 3
================= 22/08/2026 04:45:06: SEED 48 END =================
================= 22/08/2026 04:45:06: SEED 49 (47/100), a*=3 fault=[0,1,2,0,4,5] START =================
===== SEED 49 | FR=0.3 | VR=20 =====
executing with fault mode: [0,1,2,0,4,5]

Fault scores (higher is better):
Fault: [0,1,2,0,5,5], logL: -12.385873, Exp of LogL: 0.000004, Normalized LogL: -2.064312, Exp of Normalized LogL: 0.126906, Best Rate: 0.3
Fault: [0,1,2,0,3,5], logL: -12.385873, Exp of LogL: 0.000004, Normalized LogL: -2.064312, Exp of Normalized LogL: 0.126906, Best Rate: 0.3
Fault: [0,1,2,0,0,5], logL: -12.460057, Exp of LogL: 0.000004, Normalized LogL: -2.076676, Exp of Normalized LogL: 0.125346, Best Rate: 0.3
Fault: [0,1,2,0,2,5], logL: -12.518412, Exp of LogL: 0.000004, Normalized LogL: -2.086402, Exp of Normalized LogL: 0.124133, Best Rate: 0.3
Fault: [0,1,2,3,4,5], logL: -12.728321, Exp of LogL: 0.000003, Normalized LogL: -2.121387, Exp of Normalized LogL: 0.119865, Best Rate: 0.3
Fault: [0,1,2,0,4,5], logL: -12.808364, Exp of LogL: 0.000003, Normalized LogL: -2.134727, Exp of Normalized LogL: 0.118277, Best Rate: 0.3
Fault: [0,1,2,5,4,5], logL: -12.895375, Exp of LogL: 0.000003, Normalized LogL: -2.149229, Exp of Normalized LogL: 0.116574, Best Rate: 0.3
Fault: [0,1,2,4,4,5], logL: -12.895375, Exp of LogL: 0.000003, Normalized LogL: -2.149229, Exp of Normalized LogL: 0.116574, Best Rate: 0.3
Fault: [0,1,2,2,4,5], logL: -12.926147, Exp of LogL: 0.000002, Normalized LogL: -2.154358, Exp of Normalized LogL: 0.115978, Best Rate: 0.3
Fault: [0,1,2,1,4,5], logL: -12.951465, Exp of LogL: 0.000002, Normalized LogL: -2.158577, Exp of Normalized LogL: 0.115489, Best Rate: 0.3

========= ADAPTIVE MC DEBUG =========
Total calls: 60
Avg tries: 166.67
Confidence stops: 60
Max stops: 0
Max stop rate: 0.000
Real Fault Rank 6
===== SEED 49 | FR=0.3 | VR=40 =====
executing with fault mode: [0,1,2,0,4,5]

Fault scores (higher is better):
Fault: [0,1,2,0,5,5], logL: -13.851300, Exp of LogL: 0.000001, Normalized LogL: -1.259209, Exp of Normalized LogL: 0.283878, Best Rate: 0.3
Fault: [0,1,2,0,3,5], logL: -13.851300, Exp of LogL: 0.000001, Normalized LogL: -1.259209, Exp of Normalized LogL: 0.283878, Best Rate: 0.3
Fault: [0,1,2,0,4,5], logL: -14.141362, Exp of LogL: 0.000001, Normalized LogL: -1.285578, Exp of Normalized LogL: 0.276491, Best Rate: 0.3
Fault: [0,1,2,0,0,5], logL: -14.339653, Exp of LogL: 0.000001, Normalized LogL: -1.303605, Exp of Normalized LogL: 0.271551, Best Rate: 0.3
Fault: [0,1,2,0,2,5], logL: -14.377393, Exp of LogL: 0.000001, Normalized LogL: -1.307036, Exp of Normalized LogL: 0.270621, Best Rate: 0.3
Fault: [0,1,2,3,4,5], logL: -15.222332, Exp of LogL: 0.000000, Normalized LogL: -1.383848, Exp of Normalized LogL: 0.250612, Best Rate: 0.3
Fault: [0,1,2,1,4,5], logL: -15.438171, Exp of LogL: 0.000000, Normalized LogL: -1.403470, Exp of Normalized LogL: 0.245743, Best Rate: 0.3
Fault: [0,1,2,2,4,5], logL: -15.565085, Exp of LogL: 0.000000, Normalized LogL: -1.415008, Exp of Normalized LogL: 0.242924, Best Rate: 0.3
Fault: [0,1,2,5,4,5], logL: -15.929694, Exp of LogL: 0.000000, Normalized LogL: -1.448154, Exp of Normalized LogL: 0.235004, Best Rate: 0.3
Fault: [0,1,2,4,4,5], logL: -15.929694, Exp of LogL: 0.000000, Normalized LogL: -1.448154, Exp of Normalized LogL: 0.235004, Best Rate: 0.3

========= ADAPTIVE MC DEBUG =========
Total calls: 110
Avg tries: 150.00
Confidence stops: 110
Max stops: 0
Max stop rate: 0.000
Real Fault Rank 3
===== SEED 49 | FR=0.3 | VR=60 =====
executing with fault mode: [0,1,2,0,4,5]

Fault scores (higher is better):
Fault: [0,1,2,0,5,5], logL: -42.728105, Exp of LogL: 0.000000, Normalized LogL: -2.670507, Exp of Normalized LogL: 0.069217, Best Rate: 0.3
Fault: [0,1,2,0,3,5], logL: -42.728105, Exp of LogL: 0.000000, Normalized LogL: -2.670507, Exp of Normalized LogL: 0.069217, Best Rate: 0.3
Fault: [0,1,2,0,4,5], logL: -43.084664, Exp of LogL: 0.000000, Normalized LogL: -2.692792, Exp of Normalized LogL: 0.067692, Best Rate: 0.3
Fault: [0,1,2,0,0,5], logL: -43.216458, Exp of LogL: 0.000000, Normalized LogL: -2.701029, Exp of Normalized LogL: 0.067136, Best Rate: 0.3
Fault: [0,1,2,0,2,5], logL: -43.254198, Exp of LogL: 0.000000, Normalized LogL: -2.703387, Exp of Normalized LogL: 0.066978, Best Rate: 0.3
Fault: [0,1,2,3,4,5], logL: -44.865884, Exp of LogL: 0.000000, Normalized LogL: -2.804118, Exp of Normalized LogL: 0.060560, Best Rate: 0.3
Fault: [0,1,2,2,4,5], logL: -45.764042, Exp of LogL: 0.000000, Normalized LogL: -2.860253, Exp of Normalized LogL: 0.057254, Best Rate: 0.3
Fault: [0,1,2,1,4,5], logL: -46.107712, Exp of LogL: 0.000000, Normalized LogL: -2.881732, Exp of Normalized LogL: 0.056038, Best Rate: 0.3
Fault: [0,1,2,5,4,5], logL: -46.486177, Exp of LogL: 0.000000, Normalized LogL: -2.905386, Exp of Normalized LogL: 0.054728, Best Rate: 0.3
Fault: [0,1,2,4,4,5], logL: -46.486177, Exp of LogL: 0.000000, Normalized LogL: -2.905386, Exp of Normalized LogL: 0.054728, Best Rate: 0.3

========= ADAPTIVE MC DEBUG =========
Total calls: 160
Avg tries: 150.00
Confidence stops: 160
Max stops: 0
Max stop rate: 0.000
Real Fault Rank 3
===== SEED 49 | FR=0.3 | VR=80 =====
executing with fault mode: [0,1,2,0,4,5]

Fault scores (higher is better):
Fault: [0,1,2,0,5,5], logL: -46.898017, Exp of LogL: 0.000000, Normalized LogL: -2.233239, Exp of Normalized LogL: 0.107181, Best Rate: 0.3
Fault: [0,1,2,0,3,5], logL: -46.898017, Exp of LogL: 0.000000, Normalized LogL: -2.233239, Exp of Normalized LogL: 0.107181, Best Rate: 0.3
Fault: [0,1,2,0,0,5], logL: -47.534005, Exp of LogL: 0.000000, Normalized LogL: -2.263524, Exp of Normalized LogL: 0.103983, Best Rate: 0.3
Fault: [0,1,2,0,4,5], logL: -47.647334, Exp of LogL: 0.000000, Normalized LogL: -2.268921, Exp of Normalized LogL: 0.103424, Best Rate: 0.3
Fault: [0,1,2,0,2,5], logL: -47.859428, Exp of LogL: 0.000000, Normalized LogL: -2.279020, Exp of Normalized LogL: 0.102384, Best Rate: 0.3
Fault: [0,1,2,3,4,5], logL: -48.552521, Exp of LogL: 0.000000, Normalized LogL: -2.312025, Exp of Normalized LogL: 0.099060, Best Rate: 0.3
Fault: [0,1,2,1,4,5], logL: -49.128147, Exp of LogL: 0.000000, Normalized LogL: -2.339436, Exp of Normalized LogL: 0.096382, Best Rate: 0.3
Fault: [0,1,2,2,4,5], logL: -49.726768, Exp of LogL: 0.000000, Normalized LogL: -2.367941, Exp of Normalized LogL: 0.093673, Best Rate: 0.3
Fault: [0,1,2,5,4,5], logL: -50.448903, Exp of LogL: 0.000000, Normalized LogL: -2.402329, Exp of Normalized LogL: 0.090507, Best Rate: 0.3
Fault: [0,1,2,4,4,5], logL: -50.448903, Exp of LogL: 0.000000, Normalized LogL: -2.402329, Exp of Normalized LogL: 0.090507, Best Rate: 0.3

========= ADAPTIVE MC DEBUG =========
Total calls: 210
Avg tries: 150.00
Confidence stops: 210
Max stops: 0
Max stop rate: 0.000
Real Fault Rank 4
===== SEED 49 | FR=0.3 | VR=100 =====
executing with fault mode: [0,1,2,0,4,5]

Fault scores (higher is better):
Fault: [0,1,2,0,4,5], logL: -24.850356, Exp of LogL: 0.000000, Normalized LogL: -0.920384, Exp of Normalized LogL: 0.398366, Best Rate: 0.3
Fault: [0,1,2,0,0,5], logL: -25.142492, Exp of LogL: 0.000000, Normalized LogL: -0.931203, Exp of Normalized LogL: 0.394079, Best Rate: 0.3
Fault: [0,1,2,0,5,5], logL: -25.142492, Exp of LogL: 0.000000, Normalized LogL: -0.931203, Exp of Normalized LogL: 0.394079, Best Rate: 0.3
Fault: [0,1,2,0,3,5], logL: -25.142492, Exp of LogL: 0.000000, Normalized LogL: -0.931203, Exp of Normalized LogL: 0.394079, Best Rate: 0.3
Fault: [0,1,2,0,2,5], logL: -25.142492, Exp of LogL: 0.000000, Normalized LogL: -0.931203, Exp of Normalized LogL: 0.394079, Best Rate: 0.3
Fault: [0,1,2,3,4,5], logL: -25.607996, Exp of LogL: 0.000000, Normalized LogL: -0.948444, Exp of Normalized LogL: 0.387343, Best Rate: 0.3
Fault: [0,1,2,1,4,5], logL: -26.360975, Exp of LogL: 0.000000, Normalized LogL: -0.976332, Exp of Normalized LogL: 0.376690, Best Rate: 0.3
Fault: [0,1,2,2,4,5], logL: -26.959597, Exp of LogL: 0.000000, Normalized LogL: -0.998504, Exp of Normalized LogL: 0.368430, Best Rate: 0.3
Fault: [0,1,2,5,4,5], logL: -27.681732, Exp of LogL: 0.000000, Normalized LogL: -1.025249, Exp of Normalized LogL: 0.358707, Best Rate: 0.3
Fault: [0,1,2,4,4,5], logL: -27.681732, Exp of LogL: 0.000000, Normalized LogL: -1.025249, Exp of Normalized LogL: 0.358707, Best Rate: 0.3

========= ADAPTIVE MC DEBUG =========
Total calls: 270
Avg tries: 150.00
Confidence stops: 270
Max stops: 0
Max stop rate: 0.000
Real Fault Rank 1
================= 22/08/2026 04:45:27: SEED 49 END =================
================= 22/08/2026 04:45:27: SEED 50 (48/100), a*=0 fault=[2,1,2,3,4,5] START =================
===== SEED 50 | FR=0.3 | VR=20 =====
executing with fault mode: [2,1,2,3,4,5]

executing with fault mode: [2,1,2,3,4,5]

Fault scores (higher is better):
Fault: [2,1,2,3,4,5], logL: -41.906449, Exp of LogL: 0.000000, Normalized LogL: -4.656272, Exp of Normalized LogL: 0.009502, Best Rate: 0.3
Fault: [2,1,1,3,4,5], logL: -41.933117, Exp of LogL: 0.000000, Normalized LogL: -4.659235, Exp of Normalized LogL: 0.009474, Best Rate: 0.3
Fault: [2,1,0,3,4,5], logL: -42.194131, Exp of LogL: 0.000000, Normalized LogL: -4.688237, Exp of Normalized LogL: 0.009203, Best Rate: 0.3
Fault: [2,1,3,3,4,5], logL: -42.280988, Exp of LogL: 0.000000, Normalized LogL: -4.697888, Exp of Normalized LogL: 0.009115, Best Rate: 0.3
Fault: [2,1,4,3,4,5], logL: -42.357949, Exp of LogL: 0.000000, Normalized LogL: -4.706439, Exp of Normalized LogL: 0.009037, Best Rate: 0.3
Fault: [4,1,2,3,4,5], logL: -42.457498, Exp of LogL: 0.000000, Normalized LogL: -4.717500, Exp of Normalized LogL: 0.008937, Best Rate: 0.3
Fault: [5,1,2,3,4,5], logL: -42.457498, Exp of LogL: 0.000000, Normalized LogL: -4.717500, Exp of Normalized LogL: 0.008937, Best Rate: 0.3
Fault: [3,1,2,3,4,5], logL: -43.206734, Exp of LogL: 0.000000, Normalized LogL: -4.800748, Exp of Normalized LogL: 0.008224, Best Rate: 0.3
Fault: [1,1,2,3,4,5], logL: -43.321195, Exp of LogL: 0.000000, Normalized LogL: -4.813466, Exp of Normalized LogL: 0.008120, Best Rate: 0.3
Fault: [0,1,2,3,4,5], logL: -44.111771, Exp of LogL: 0.000000, Normalized LogL: -4.901308, Exp of Normalized LogL: 0.007437, Best Rate: 0.3

========= ADAPTIVE MC DEBUG =========
Total calls: 90
Avg tries: 166.67
Confidence stops: 90
Max stops: 0
Max stop rate: 0.000
Real Fault Rank 1
===== SEED 50 | FR=0.3 | VR=40 =====
executing with fault mode: [2,1,2,3,4,5]

executing with fault mode: [2,1,2,3,4,5]

Fault scores (higher is better):
Fault: [2,1,2,3,4,5], logL: -26.523269, Exp of LogL: 0.000000, Normalized LogL: -1.560192, Exp of Normalized LogL: 0.210096, Best Rate: 0.3
Fault: [2,1,1,3,4,5], logL: -26.549937, Exp of LogL: 0.000000, Normalized LogL: -1.561761, Exp of Normalized LogL: 0.209766, Best Rate: 0.3
Fault: [2,1,0,3,4,5], logL: -26.810951, Exp of LogL: 0.000000, Normalized LogL: -1.577115, Exp of Normalized LogL: 0.206570, Best Rate: 0.3
Fault: [2,1,3,3,4,5], logL: -26.865018, Exp of LogL: 0.000000, Normalized LogL: -1.580295, Exp of Normalized LogL: 0.205914, Best Rate: 0.3
Fault: [2,1,4,3,4,5], logL: -26.941979, Exp of LogL: 0.000000, Normalized LogL: -1.584822, Exp of Normalized LogL: 0.204984, Best Rate: 0.3
Fault: [4,1,2,3,4,5], logL: -27.777268, Exp of LogL: 0.000000, Normalized LogL: -1.633957, Exp of Normalized LogL: 0.195156, Best Rate: 0.3
Fault: [5,1,2,3,4,5], logL: -27.777268, Exp of LogL: 0.000000, Normalized LogL: -1.633957, Exp of Normalized LogL: 0.195156, Best Rate: 0.3
Fault: [3,1,2,3,4,5], logL: -29.594494, Exp of LogL: 0.000000, Normalized LogL: -1.740853, Exp of Normalized LogL: 0.175371, Best Rate: 0.3
Fault: [0,1,2,3,4,5], logL: -30.224089, Exp of LogL: 0.000000, Normalized LogL: -1.777888, Exp of Normalized LogL: 0.168995, Best Rate: 0.3
Fault: [1,1,2,3,4,5], logL: -30.356818, Exp of LogL: 0.000000, Normalized LogL: -1.785695, Exp of Normalized LogL: 0.167680, Best Rate: 0.3

========= ADAPTIVE MC DEBUG =========
Total calls: 170
Avg tries: 150.00
Confidence stops: 170
Max stops: 0
Max stop rate: 0.000
Real Fault Rank 1
===== SEED 50 | FR=0.3 | VR=60 =====
executing with fault mode: [2,1,2,3,4,5]

executing with fault mode: [2,1,2,3,4,5]

Fault scores (higher is better):
Fault: [2,1,2,3,4,5], logL: -30.753231, Exp of LogL: 0.000000, Normalized LogL: -1.230129, Exp of Normalized LogL: 0.292255, Best Rate: 0.3
Fault: [2,1,0,3,4,5], logL: -30.913080, Exp of LogL: 0.000000, Normalized LogL: -1.236523, Exp of Normalized LogL: 0.290392, Best Rate: 0.3
Fault: [2,1,1,3,4,5], logL: -30.953902, Exp of LogL: 0.000000, Normalized LogL: -1.238156, Exp of Normalized LogL: 0.289918, Best Rate: 0.3
Fault: [2,1,4,3,4,5], logL: -31.056180, Exp of LogL: 0.000000, Normalized LogL: -1.242247, Exp of Normalized LogL: 0.288735, Best Rate: 0.3
Fault: [2,1,3,3,4,5], logL: -31.056180, Exp of LogL: 0.000000, Normalized LogL: -1.242247, Exp of Normalized LogL: 0.288735, Best Rate: 0.3
Fault: [4,1,2,3,4,5], logL: -32.465983, Exp of LogL: 0.000000, Normalized LogL: -1.298639, Exp of Normalized LogL: 0.272903, Best Rate: 0.3
Fault: [5,1,2,3,4,5], logL: -32.465983, Exp of LogL: 0.000000, Normalized LogL: -1.298639, Exp of Normalized LogL: 0.272903, Best Rate: 0.3
Fault: [0,1,2,3,4,5], logL: -34.183919, Exp of LogL: 0.000000, Normalized LogL: -1.367357, Exp of Normalized LogL: 0.254780, Best Rate: 0.3
Fault: [3,1,2,3,4,5], logL: -35.421410, Exp of LogL: 0.000000, Normalized LogL: -1.416856, Exp of Normalized LogL: 0.242475, Best Rate: 0.3
Fault: [1,1,2,3,4,5], logL: -35.898304, Exp of LogL: 0.000000, Normalized LogL: -1.435932, Exp of Normalized LogL: 0.237894, Best Rate: 0.3

========= ADAPTIVE MC DEBUG =========
Total calls: 250
Avg tries: 150.00
Confidence stops: 250
Max stops: 0
Max stop rate: 0.000
Real Fault Rank 1
===== SEED 50 | FR=0.3 | VR=80 =====
executing with fault mode: [2,1,2,3,4,5]

executing with fault mode: [2,1,2,3,4,5]

Fault scores (higher is better):
Fault: [2,1,2,3,4,5], logL: -35.446470, Exp of LogL: 0.000000, Normalized LogL: -1.074135, Exp of Normalized LogL: 0.341593, Best Rate: 0.3
Fault: [2,1,0,3,4,5], logL: -35.606319, Exp of LogL: 0.000000, Normalized LogL: -1.078979, Exp of Normalized LogL: 0.339942, Best Rate: 0.3
Fault: [2,1,1,3,4,5], logL: -35.647141, Exp of LogL: 0.000000, Normalized LogL: -1.080216, Exp of Normalized LogL: 0.339522, Best Rate: 0.3
Fault: [2,1,4,3,4,5], logL: -35.749419, Exp of LogL: 0.000000, Normalized LogL: -1.083316, Exp of Normalized LogL: 0.338471, Best Rate: 0.3
Fault: [2,1,3,3,4,5], logL: -35.749419, Exp of LogL: 0.000000, Normalized LogL: -1.083316, Exp of Normalized LogL: 0.338471, Best Rate: 0.3
Fault: [4,1,2,3,4,5], logL: -39.212814, Exp of LogL: 0.000000, Normalized LogL: -1.188267, Exp of Normalized LogL: 0.304749, Best Rate: 0.3
Fault: [5,1,2,3,4,5], logL: -39.212814, Exp of LogL: 0.000000, Normalized LogL: -1.188267, Exp of Normalized LogL: 0.304749, Best Rate: 0.3
Fault: [0,1,2,3,4,5], logL: -39.236967, Exp of LogL: 0.000000, Normalized LogL: -1.188999, Exp of Normalized LogL: 0.304526, Best Rate: 0.3
Fault: [1,1,2,3,4,5], logL: -40.933393, Exp of LogL: 0.000000, Normalized LogL: -1.240406, Exp of Normalized LogL: 0.289267, Best Rate: 0.3
Fault: [3,1,2,3,4,5], logL: -42.691871, Exp of LogL: 0.000000, Normalized LogL: -1.293693, Exp of Normalized LogL: 0.274256, Best Rate: 0.3

========= ADAPTIVE MC DEBUG =========
Total calls: 330
Avg tries: 150.00
Confidence stops: 330
Max stops: 0
Max stop rate: 0.000
Real Fault Rank 1
===== SEED 50 | FR=0.3 | VR=100 =====
executing with fault mode: [2,1,2,3,4,5]

executing with fault mode: [2,1,2,3,4,5]

Fault scores (higher is better):
Fault: [2,1,2,3,4,5], logL: -40.926382, Exp of LogL: 0.000000, Normalized LogL: -0.974438, Exp of Normalized LogL: 0.377405, Best Rate: 0.3
Fault: [2,1,0,3,4,5], logL: -41.086230, Exp of LogL: 0.000000, Normalized LogL: -0.978244, Exp of Normalized LogL: 0.375971, Best Rate: 0.3
Fault: [2,1,1,3,4,5], logL: -41.127052, Exp of LogL: 0.000000, Normalized LogL: -0.979216, Exp of Normalized LogL: 0.375606, Best Rate: 0.3
Fault: [2,1,4,3,4,5], logL: -41.229331, Exp of LogL: 0.000000, Normalized LogL: -0.981651, Exp of Normalized LogL: 0.374692, Best Rate: 0.3
Fault: [2,1,3,3,4,5], logL: -41.229331, Exp of LogL: 0.000000, Normalized LogL: -0.981651, Exp of Normalized LogL: 0.374692, Best Rate: 0.3
Fault: [4,1,2,3,4,5], logL: -44.410900, Exp of LogL: 0.000000, Normalized LogL: -1.057402, Exp of Normalized LogL: 0.347357, Best Rate: 0.3
Fault: [5,1,2,3,4,5], logL: -44.410900, Exp of LogL: 0.000000, Normalized LogL: -1.057402, Exp of Normalized LogL: 0.347357, Best Rate: 0.3
Fault: [0,1,2,3,4,5], logL: -45.574873, Exp of LogL: 0.000000, Normalized LogL: -1.085116, Exp of Normalized LogL: 0.337863, Best Rate: 0.3
Fault: [1,1,2,3,4,5], logL: -48.284448, Exp of LogL: 0.000000, Normalized LogL: -1.149630, Exp of Normalized LogL: 0.316754, Best Rate: 0.3
Fault: [3,1,2,3,4,5], logL: -50.222159, Exp of LogL: 0.000000, Normalized LogL: -1.195766, Exp of Normalized LogL: 0.302472, Best Rate: 0.3

========= ADAPTIVE MC DEBUG =========
Total calls: 420
Avg tries: 150.00
Confidence stops: 420
Max stops: 0
Max stop rate: 0.000
Real Fault Rank 1
================= 22/08/2026 04:46:01: SEED 50 END =================
================= 22/08/2026 04:46:01: SEED 51 (49/100), a*=2 fault=[0,1,5,3,4,5] START =================
===== SEED 51 | FR=0.3 | VR=20 =====
executing with fault mode: [0,1,5,3,4,5]

executing with fault mode: [0,1,5,3,4,5]

executing with fault mode: [0,1,5,3,4,5]

Fault scores (higher is better):
Fault: [0,1,5,3,5,5], logL: -5.474272, Exp of LogL: 0.004193, Normalized LogL: -1.368568, Exp of Normalized LogL: 0.254471, Best Rate: 0.3
Fault: [0,1,5,3,1,5], logL: -5.474272, Exp of LogL: 0.004193, Normalized LogL: -1.368568, Exp of Normalized LogL: 0.254471, Best Rate: 0.3
Fault: [0,1,5,3,2,5], logL: -5.474272, Exp of LogL: 0.004193, Normalized LogL: -1.368568, Exp of Normalized LogL: 0.254471, Best Rate: 0.3
Fault: [0,1,5,3,0,5], logL: -5.611473, Exp of LogL: 0.003656, Normalized LogL: -1.402868, Exp of Normalized LogL: 0.245891, Best Rate: 0.3
Fault: [0,1,2,3,4,5], logL: -5.672098, Exp of LogL: 0.003441, Normalized LogL: -1.418024, Exp of Normalized LogL: 0.242192, Best Rate: 0.3
Fault: [0,1,1,3,4,5], logL: -5.672098, Exp of LogL: 0.003441, Normalized LogL: -1.418024, Exp of Normalized LogL: 0.242192, Best Rate: 0.3
Fault: [0,1,4,3,4,5], logL: -5.672098, Exp of LogL: 0.003441, Normalized LogL: -1.418024, Exp of Normalized LogL: 0.242192, Best Rate: 0.3
Fault: [0,1,5,3,4,5], logL: -5.672098, Exp of LogL: 0.003441, Normalized LogL: -1.418024, Exp of Normalized LogL: 0.242192, Best Rate: 0.3
Fault: [0,1,3,3,4,5], logL: -5.770538, Exp of LogL: 0.003118, Normalized LogL: -1.442634, Exp of Normalized LogL: 0.236304, Best Rate: 0.3
Fault: [0,1,0,3,4,5], logL: -5.770538, Exp of LogL: 0.003118, Normalized LogL: -1.442634, Exp of Normalized LogL: 0.236304, Best Rate: 0.3

========= ADAPTIVE MC DEBUG =========
Total calls: 40
Avg tries: 175.00
Confidence stops: 40
Max stops: 0
Max stop rate: 0.000
Real Fault Rank 8
===== SEED 51 | FR=0.3 | VR=40 =====
executing with fault mode: [0,1,5,3,4,5]

executing with fault mode: [0,1,5,3,4,5]

executing with fault mode: [0,1,5,3,4,5]

Fault scores (higher is better):
Fault: [0,1,1,3,4,5], logL: -9.233642, Exp of LogL: 0.000098, Normalized LogL: -1.319092, Exp of Normalized LogL: 0.267378, Best Rate: 0.3
Fault: [0,1,5,3,5,5], logL: -9.941678, Exp of LogL: 0.000048, Normalized LogL: -1.420240, Exp of Normalized LogL: 0.241656, Best Rate: 0.3
Fault: [0,1,5,3,1,5], logL: -9.941678, Exp of LogL: 0.000048, Normalized LogL: -1.420240, Exp of Normalized LogL: 0.241656, Best Rate: 0.3
Fault: [0,1,5,3,2,5], logL: -9.941678, Exp of LogL: 0.000048, Normalized LogL: -1.420240, Exp of Normalized LogL: 0.241656, Best Rate: 0.3
Fault: [0,1,2,3,4,5], logL: -10.072356, Exp of LogL: 0.000042, Normalized LogL: -1.438908, Exp of Normalized LogL: 0.237187, Best Rate: 0.3
Fault: [0,1,4,3,4,5], logL: -10.229360, Exp of LogL: 0.000036, Normalized LogL: -1.461337, Exp of Normalized LogL: 0.231926, Best Rate: 0.3
Fault: [0,1,5,3,4,5], logL: -10.229360, Exp of LogL: 0.000036, Normalized LogL: -1.461337, Exp of Normalized LogL: 0.231926, Best Rate: 0.3
Fault: [0,1,3,3,4,5], logL: -10.249563, Exp of LogL: 0.000035, Normalized LogL: -1.464223, Exp of Normalized LogL: 0.231258, Best Rate: 0.3
Fault: [0,1,5,3,0,5], logL: -10.372461, Exp of LogL: 0.000031, Normalized LogL: -1.481780, Exp of Normalized LogL: 0.227233, Best Rate: 0.3
Fault: [0,1,0,3,4,5], logL: -10.634825, Exp of LogL: 0.000024, Normalized LogL: -1.519261, Exp of Normalized LogL: 0.218874, Best Rate: 0.3

========= ADAPTIVE MC DEBUG =========
Total calls: 70
Avg tries: 150.00
Confidence stops: 70
Max stops: 0
Max stop rate: 0.000
Real Fault Rank 7
===== SEED 51 | FR=0.3 | VR=60 =====
executing with fault mode: [0,1,5,3,4,5]

executing with fault mode: [0,1,5,3,4,5]

executing with fault mode: [0,1,5,3,4,5]

Fault scores (higher is better):
Fault: [0,1,1,3,4,5], logL: -11.865024, Exp of LogL: 0.000007, Normalized LogL: -1.078639, Exp of Normalized LogL: 0.340058, Best Rate: 0.3
Fault: [0,1,5,3,5,5], logL: -12.604312, Exp of LogL: 0.000003, Normalized LogL: -1.145847, Exp of Normalized LogL: 0.317955, Best Rate: 0.3
Fault: [0,1,5,3,1,5], logL: -12.604312, Exp of LogL: 0.000003, Normalized LogL: -1.145847, Exp of Normalized LogL: 0.317955, Best Rate: 0.3
Fault: [0,1,5,3,2,5], logL: -12.604312, Exp of LogL: 0.000003, Normalized LogL: -1.145847, Exp of Normalized LogL: 0.317955, Best Rate: 0.3
Fault: [0,1,2,3,4,5], logL: -12.709673, Exp of LogL: 0.000003, Normalized LogL: -1.155425, Exp of Normalized LogL: 0.314924, Best Rate: 0.3
Fault: [0,1,4,3,4,5], logL: -12.891994, Exp of LogL: 0.000003, Normalized LogL: -1.171999, Exp of Normalized LogL: 0.309747, Best Rate: 0.3
Fault: [0,1,5,3,4,5], logL: -12.891994, Exp of LogL: 0.000003, Normalized LogL: -1.171999, Exp of Normalized LogL: 0.309747, Best Rate: 0.3
Fault: [0,1,5,3,0,5], logL: -13.035095, Exp of LogL: 0.000002, Normalized LogL: -1.185009, Exp of Normalized LogL: 0.305744, Best Rate: 0.3
Fault: [0,1,3,3,4,5], logL: -13.094519, Exp of LogL: 0.000002, Normalized LogL: -1.190411, Exp of Normalized LogL: 0.304096, Best Rate: 0.3
Fault: [0,1,0,3,4,5], logL: -13.297460, Exp of LogL: 0.000002, Normalized LogL: -1.208860, Exp of Normalized LogL: 0.298537, Best Rate: 0.3

========= ADAPTIVE MC DEBUG =========
Total calls: 110
Avg tries: 150.00
Confidence stops: 110
Max stops: 0
Max stop rate: 0.000
Real Fault Rank 7
===== SEED 51 | FR=0.3 | VR=80 =====
executing with fault mode: [0,1,5,3,4,5]

executing with fault mode: [0,1,5,3,4,5]

executing with fault mode: [0,1,5,3,4,5]

Fault scores (higher is better):
Fault: [0,1,1,3,4,5], logL: -13.631604, Exp of LogL: 0.000001, Normalized LogL: -0.973686, Exp of Normalized LogL: 0.377688, Best Rate: 0.3
Fault: [0,1,4,3,4,5], logL: -13.651023, Exp of LogL: 0.000001, Normalized LogL: -0.975073, Exp of Normalized LogL: 0.377165, Best Rate: 0.3
Fault: [0,1,5,3,4,5], logL: -13.651023, Exp of LogL: 0.000001, Normalized LogL: -0.975073, Exp of Normalized LogL: 0.377165, Best Rate: 0.3
Fault: [0,1,2,3,4,5], logL: -14.056488, Exp of LogL: 0.000001, Normalized LogL: -1.004035, Exp of Normalized LogL: 0.366398, Best Rate: 0.3
Fault: [0,1,5,3,5,5], logL: -14.065704, Exp of LogL: 0.000001, Normalized LogL: -1.004693, Exp of Normalized LogL: 0.366157, Best Rate: 0.3
Fault: [0,1,5,3,1,5], logL: -14.065704, Exp of LogL: 0.000001, Normalized LogL: -1.004693, Exp of Normalized LogL: 0.366157, Best Rate: 0.3
Fault: [0,1,5,3,2,5], logL: -14.065704, Exp of LogL: 0.000001, Normalized LogL: -1.004693, Exp of Normalized LogL: 0.366157, Best Rate: 0.3
Fault: [0,1,5,3,0,5], logL: -14.065704, Exp of LogL: 0.000001, Normalized LogL: -1.004693, Exp of Normalized LogL: 0.366157, Best Rate: 0.3
Fault: [0,1,3,3,4,5], logL: -14.538326, Exp of LogL: 0.000000, Normalized LogL: -1.038452, Exp of Normalized LogL: 0.354002, Best Rate: 0.3
Fault: [0,1,0,3,4,5], logL: -14.692476, Exp of LogL: 0.000000, Normalized LogL: -1.049463, Exp of Normalized LogL: 0.350126, Best Rate: 0.3

========= ADAPTIVE MC DEBUG =========
Total calls: 140
Avg tries: 150.00
Confidence stops: 140
Max stops: 0
Max stop rate: 0.000
Real Fault Rank 3
===== SEED 51 | FR=0.3 | VR=100 =====
executing with fault mode: [0,1,5,3,4,5]

executing with fault mode: [0,1,5,3,4,5]

executing with fault mode: [0,1,5,3,4,5]

Fault scores (higher is better):
Fault: [0,1,4,3,4,5], logL: -14.168448, Exp of LogL: 0.000001, Normalized LogL: -0.787136, Exp of Normalized LogL: 0.455146, Best Rate: 0.3
Fault: [0,1,5,3,4,5], logL: -14.168448, Exp of LogL: 0.000001, Normalized LogL: -0.787136, Exp of Normalized LogL: 0.455146, Best Rate: 0.3
Fault: [0,1,5,3,5,5], logL: -14.460585, Exp of LogL: 0.000001, Normalized LogL: -0.803366, Exp of Normalized LogL: 0.447819, Best Rate: 0.3
Fault: [0,1,5,3,1,5], logL: -14.460585, Exp of LogL: 0.000001, Normalized LogL: -0.803366, Exp of Normalized LogL: 0.447819, Best Rate: 0.3
Fault: [0,1,5,3,2,5], logL: -14.460585, Exp of LogL: 0.000001, Normalized LogL: -0.803366, Exp of Normalized LogL: 0.447819, Best Rate: 0.3
Fault: [0,1,5,3,0,5], logL: -14.460585, Exp of LogL: 0.000001, Normalized LogL: -0.803366, Exp of Normalized LogL: 0.447819, Best Rate: 0.3
Fault: [0,1,1,3,4,5], logL: -39.273498, Exp of LogL: 0.000000, Normalized LogL: -2.181861, Exp of Normalized LogL: 0.112831, Best Rate: 0.3
Fault: [0,1,2,3,4,5], logL: -39.791162, Exp of LogL: 0.000000, Normalized LogL: -2.210620, Exp of Normalized LogL: 0.109633, Best Rate: 0.3
Fault: [0,1,3,3,4,5], logL: -40.245602, Exp of LogL: 0.000000, Normalized LogL: -2.235867, Exp of Normalized LogL: 0.106899, Best Rate: 0.3
Fault: [0,1,0,3,4,5], logL: -40.347108, Exp of LogL: 0.000000, Normalized LogL: -2.241506, Exp of Normalized LogL: 0.106298, Best Rate: 0.3

========= ADAPTIVE MC DEBUG =========
Total calls: 180
Avg tries: 150.00
Confidence stops: 180
Max stops: 0
Max stop rate: 0.000
Real Fault Rank 2
================= 22/08/2026 04:46:16: SEED 51 END =================
================= 22/08/2026 04:46:16: SEED 52 (50/100), a*=0 fault=[1,1,2,3,4,5] START =================
===== SEED 52 | FR=0.3 | VR=20 =====
executing with fault mode: [1,1,2,3,4,5]

Fault scores (higher is better):
Fault: [3,1,2,3,4,5], logL: -6.897620, Exp of LogL: 0.001010, Normalized LogL: -1.724405, Exp of Normalized LogL: 0.178279, Best Rate: 0.3
Fault: [4,1,2,3,4,5], logL: -6.919126, Exp of LogL: 0.000989, Normalized LogL: -1.729782, Exp of Normalized LogL: 0.177323, Best Rate: 0.3
Fault: [5,1,2,3,4,5], logL: -6.941105, Exp of LogL: 0.000967, Normalized LogL: -1.735276, Exp of Normalized LogL: 0.176351, Best Rate: 0.3
Fault: [0,1,2,3,4,5], logL: -7.076790, Exp of LogL: 0.000844, Normalized LogL: -1.769197, Exp of Normalized LogL: 0.170470, Best Rate: 0.3
Fault: [2,1,2,3,4,5], logL: -7.110182, Exp of LogL: 0.000817, Normalized LogL: -1.777545, Exp of Normalized LogL: 0.169053, Best Rate: 0.3
Fault: [1,1,1,3,4,5], logL: -7.297780, Exp of LogL: 0.000677, Normalized LogL: -1.824445, Exp of Normalized LogL: 0.161307, Best Rate: 0.3
Fault: [1,1,2,3,4,5], logL: -7.489671, Exp of LogL: 0.000559, Normalized LogL: -1.872418, Exp of Normalized LogL: 0.153751, Best Rate: 0.3
Fault: [1,1,3,3,4,5], logL: -8.607702, Exp of LogL: 0.000183, Normalized LogL: -2.151925, Exp of Normalized LogL: 0.116260, Best Rate: 0.3
Fault: [1,1,0,3,4,5], logL: -8.607702, Exp of LogL: 0.000183, Normalized LogL: -2.151925, Exp of Normalized LogL: 0.116260, Best Rate: 0.3
Fault: [1,1,5,3,4,5], logL: -8.607702, Exp of LogL: 0.000183, Normalized LogL: -2.151925, Exp of Normalized LogL: 0.116260, Best Rate: 0.3

========= ADAPTIVE MC DEBUG =========
Total calls: 40
Avg tries: 175.00
Confidence stops: 40
Max stops: 0
Max stop rate: 0.000
Real Fault Rank 7
===== SEED 52 | FR=0.3 | VR=40 =====
executing with fault mode: [1,1,2,3,4,5]

Fault scores (higher is better):
Fault: [4,1,2,3,4,5], logL: -9.507188, Exp of LogL: 0.000074, Normalized LogL: -1.188398, Exp of Normalized LogL: 0.304709, Best Rate: 0.3
Fault: [3,1,2,3,4,5], logL: -9.507188, Exp of LogL: 0.000074, Normalized LogL: -1.188398, Exp of Normalized LogL: 0.304709, Best Rate: 0.3
Fault: [5,1,2,3,4,5], logL: -9.710128, Exp of LogL: 0.000061, Normalized LogL: -1.213766, Exp of Normalized LogL: 0.297076, Best Rate: 0.3
Fault: [0,1,2,3,4,5], logL: -10.517698, Exp of LogL: 0.000027, Normalized LogL: -1.314712, Exp of Normalized LogL: 0.268552, Best Rate: 0.3
Fault: [2,1,2,3,4,5], logL: -10.777045, Exp of LogL: 0.000021, Normalized LogL: -1.347131, Exp of Normalized LogL: 0.259985, Best Rate: 0.3
Fault: [1,1,2,3,4,5], logL: -10.823682, Exp of LogL: 0.000020, Normalized LogL: -1.352960, Exp of Normalized LogL: 0.258474, Best Rate: 0.3
Fault: [1,1,1,3,4,5], logL: -11.130413, Exp of LogL: 0.000015, Normalized LogL: -1.391302, Exp of Normalized LogL: 0.248751, Best Rate: 0.3
Fault: [1,1,3,3,4,5], logL: -11.196662, Exp of LogL: 0.000014, Normalized LogL: -1.399583, Exp of Normalized LogL: 0.246700, Best Rate: 0.3
Fault: [1,1,0,3,4,5], logL: -11.196662, Exp of LogL: 0.000014, Normalized LogL: -1.399583, Exp of Normalized LogL: 0.246700, Best Rate: 0.3
Fault: [1,1,5,3,4,5], logL: -11.196662, Exp of LogL: 0.000014, Normalized LogL: -1.399583, Exp of Normalized LogL: 0.246700, Best Rate: 0.3

========= ADAPTIVE MC DEBUG =========
Total calls: 80
Avg tries: 156.25
Confidence stops: 80
Max stops: 0
Max stop rate: 0.000
Real Fault Rank 6
===== SEED 52 | FR=0.3 | VR=60 =====
executing with fault mode: [1,1,2,3,4,5]

Fault scores (higher is better):
Fault: [4,1,2,3,4,5], logL: -10.490127, Exp of LogL: 0.000028, Normalized LogL: -0.953648, Exp of Normalized LogL: 0.385333, Best Rate: 0.3
Fault: [3,1,2,3,4,5], logL: -10.490127, Exp of LogL: 0.000028, Normalized LogL: -0.953648, Exp of Normalized LogL: 0.385333, Best Rate: 0.3
Fault: [1,1,2,3,4,5], logL: -11.133677, Exp of LogL: 0.000015, Normalized LogL: -1.012152, Exp of Normalized LogL: 0.363436, Best Rate: 0.3
Fault: [0,1,2,3,4,5], logL: -11.335140, Exp of LogL: 0.000012, Normalized LogL: -1.030467, Exp of Normalized LogL: 0.356840, Best Rate: 0.3
Fault: [2,1,2,3,4,5], logL: -11.378444, Exp of LogL: 0.000011, Normalized LogL: -1.034404, Exp of Normalized LogL: 0.355438, Best Rate: 0.3
Fault: [1,1,1,3,4,5], logL: -11.440408, Exp of LogL: 0.000011, Normalized LogL: -1.040037, Exp of Normalized LogL: 0.353442, Best Rate: 0.3
Fault: [1,1,3,3,4,5], logL: -11.506657, Exp of LogL: 0.000010, Normalized LogL: -1.046060, Exp of Normalized LogL: 0.351319, Best Rate: 0.3
Fault: [1,1,0,3,4,5], logL: -11.506657, Exp of LogL: 0.000010, Normalized LogL: -1.046060, Exp of Normalized LogL: 0.351319, Best Rate: 0.3
Fault: [1,1,5,3,4,5], logL: -11.506657, Exp of LogL: 0.000010, Normalized LogL: -1.046060, Exp of Normalized LogL: 0.351319, Best Rate: 0.3
Fault: [5,1,2,3,4,5], logL: -11.846568, Exp of LogL: 0.000007, Normalized LogL: -1.076961, Exp of Normalized LogL: 0.340629, Best Rate: 0.3

========= ADAPTIVE MC DEBUG =========
Total calls: 110
Avg tries: 150.00
Confidence stops: 110
Max stops: 0
Max stop rate: 0.000
Real Fault Rank 3
===== SEED 52 | FR=0.3 | VR=80 =====
executing with fault mode: [1,1,2,3,4,5]

Fault scores (higher is better):
Fault: [1,1,2,3,4,5], logL: -12.995003, Exp of LogL: 0.000002, Normalized LogL: -0.866334, Exp of Normalized LogL: 0.420490, Best Rate: 0.3
Fault: [1,1,1,3,4,5], logL: -13.301733, Exp of LogL: 0.000002, Normalized LogL: -0.886782, Exp of Normalized LogL: 0.411979, Best Rate: 0.3
Fault: [1,1,3,3,4,5], logL: -13.367983, Exp of LogL: 0.000002, Normalized LogL: -0.891199, Exp of Normalized LogL: 0.410164, Best Rate: 0.3
Fault: [1,1,0,3,4,5], logL: -13.367983, Exp of LogL: 0.000002, Normalized LogL: -0.891199, Exp of Normalized LogL: 0.410164, Best Rate: 0.3
Fault: [1,1,5,3,4,5], logL: -13.367983, Exp of LogL: 0.000002, Normalized LogL: -0.891199, Exp of Normalized LogL: 0.410164, Best Rate: 0.3
Fault: [4,1,2,3,4,5], logL: -13.441290, Exp of LogL: 0.000001, Normalized LogL: -0.896086, Exp of Normalized LogL: 0.408164, Best Rate: 0.3
Fault: [3,1,2,3,4,5], logL: -13.441290, Exp of LogL: 0.000001, Normalized LogL: -0.896086, Exp of Normalized LogL: 0.408164, Best Rate: 0.3
Fault: [0,1,2,3,4,5], logL: -13.493778, Exp of LogL: 0.000001, Normalized LogL: -0.899585, Exp of Normalized LogL: 0.406738, Best Rate: 0.3
Fault: [2,1,2,3,4,5], logL: -14.121024, Exp of LogL: 0.000001, Normalized LogL: -0.941402, Exp of Normalized LogL: 0.390081, Best Rate: 0.3
Fault: [5,1,2,3,4,5], logL: -14.797731, Exp of LogL: 0.000000, Normalized LogL: -0.986515, Exp of Normalized LogL: 0.372874, Best Rate: 0.3

========= ADAPTIVE MC DEBUG =========
Total calls: 150
Avg tries: 150.00
Confidence stops: 150
Max stops: 0
Max stop rate: 0.000
Real Fault Rank 1
===== SEED 52 | FR=0.3 | VR=100 =====
executing with fault mode: [1,1,2,3,4,5]

Fault scores (higher is better):
Fault: [1,1,2,3,4,5], logL: -15.221189, Exp of LogL: 0.000000, Normalized LogL: -0.801115, Exp of Normalized LogL: 0.448828, Best Rate: 0.3
Fault: [1,1,1,3,4,5], logL: -15.527919, Exp of LogL: 0.000000, Normalized LogL: -0.817259, Exp of Normalized LogL: 0.441641, Best Rate: 0.3
Fault: [1,1,3,3,4,5], logL: -15.594169, Exp of LogL: 0.000000, Normalized LogL: -0.820746, Exp of Normalized LogL: 0.440103, Best Rate: 0.3
Fault: [1,1,0,3,4,5], logL: -15.594169, Exp of LogL: 0.000000, Normalized LogL: -0.820746, Exp of Normalized LogL: 0.440103, Best Rate: 0.3
Fault: [1,1,5,3,4,5], logL: -15.594169, Exp of LogL: 0.000000, Normalized LogL: -0.820746, Exp of Normalized LogL: 0.440103, Best Rate: 0.3
Fault: [2,1,2,3,4,5], logL: -17.960094, Exp of LogL: 0.000000, Normalized LogL: -0.945268, Exp of Normalized LogL: 0.388575, Best Rate: 0.3
Fault: [0,1,2,3,4,5], logL: -40.785440, Exp of LogL: 0.000000, Normalized LogL: -2.146602, Exp of Normalized LogL: 0.116881, Best Rate: 0.3
Fault: [4,1,2,3,4,5], logL: -41.173779, Exp of LogL: 0.000000, Normalized LogL: -2.167041, Exp of Normalized LogL: 0.114516, Best Rate: 0.3
Fault: [3,1,2,3,4,5], logL: -41.173779, Exp of LogL: 0.000000, Normalized LogL: -2.167041, Exp of Normalized LogL: 0.114516, Best Rate: 0.3
Fault: [5,1,2,3,4,5], logL: -43.045582, Exp of LogL: 0.000000, Normalized LogL: -2.265557, Exp of Normalized LogL: 0.103772, Best Rate: 0.3

========= ADAPTIVE MC DEBUG =========
Total calls: 190
Avg tries: 150.00
Confidence stops: 190
Max stops: 0
Max stop rate: 0.000
Real Fault Rank 1
================= 22/08/2026 04:46:31: SEED 52 END =================
================= 22/08/2026 04:46:31: SEED 53 (51/100), a*=3 fault=[0,1,2,5,4,5] START =================
===== SEED 53 | FR=0.3 | VR=20 =====
executing with fault mode: [0,1,2,5,4,5]

executing with fault mode: [0,1,2,5,4,5]

Fault scores (higher is better):
Fault: [0,1,2,5,3,5], logL: -7.748458, Exp of LogL: 0.000431, Normalized LogL: -1.937114, Exp of Normalized LogL: 0.144119, Best Rate: 0.3
Fault: [0,1,2,5,1,5], logL: -7.748458, Exp of LogL: 0.000431, Normalized LogL: -1.937114, Exp of Normalized LogL: 0.144119, Best Rate: 0.3
Fault: [0,1,2,5,5,5], logL: -7.748458, Exp of LogL: 0.000431, Normalized LogL: -1.937114, Exp of Normalized LogL: 0.144119, Best Rate: 0.3
Fault: [0,1,2,5,4,5], logL: -7.915512, Exp of LogL: 0.000365, Normalized LogL: -1.978878, Exp of Normalized LogL: 0.138224, Best Rate: 0.3
Fault: [0,1,2,4,4,5], logL: -7.915512, Exp of LogL: 0.000365, Normalized LogL: -1.978878, Exp of Normalized LogL: 0.138224, Best Rate: 0.3
Fault: [0,1,2,5,0,5], logL: -8.010822, Exp of LogL: 0.000332, Normalized LogL: -2.002705, Exp of Normalized LogL: 0.134970, Best Rate: 0.3
Fault: [0,1,2,0,4,5], logL: -32.782913, Exp of LogL: 0.000000, Normalized LogL: -8.195728, Exp of Normalized LogL: 0.000276, Best Rate: 0.3
Fault: [0,1,2,3,4,5], logL: -32.974615, Exp of LogL: 0.000000, Normalized LogL: -8.243654, Exp of Normalized LogL: 0.000263, Best Rate: 0.3
Fault: [0,1,2,2,4,5], logL: -33.074698, Exp of LogL: 0.000000, Normalized LogL: -8.268675, Exp of Normalized LogL: 0.000256, Best Rate: 0.3
Fault: [0,1,2,1,4,5], logL: -33.493409, Exp of LogL: 0.000000, Normalized LogL: -8.373352, Exp of Normalized LogL: 0.000231, Best Rate: 0.3

========= ADAPTIVE MC DEBUG =========
Total calls: 40
Avg tries: 162.50
Confidence stops: 40
Max stops: 0
Max stop rate: 0.000
Real Fault Rank 4
===== SEED 53 | FR=0.3 | VR=40 =====
executing with fault mode: [0,1,2,5,4,5]

executing with fault mode: [0,1,2,5,4,5]

Fault scores (higher is better):
Fault: [0,1,2,5,4,5], logL: -10.046066, Exp of LogL: 0.000043, Normalized LogL: -1.435152, Exp of Normalized LogL: 0.238079, Best Rate: 0.3
Fault: [0,1,2,4,4,5], logL: -10.046066, Exp of LogL: 0.000043, Normalized LogL: -1.435152, Exp of Normalized LogL: 0.238079, Best Rate: 0.3
Fault: [0,1,2,5,3,5], logL: -10.417629, Exp of LogL: 0.000030, Normalized LogL: -1.488233, Exp of Normalized LogL: 0.225771, Best Rate: 0.3
Fault: [0,1,2,5,1,5], logL: -10.417629, Exp of LogL: 0.000030, Normalized LogL: -1.488233, Exp of Normalized LogL: 0.225771, Best Rate: 0.3
Fault: [0,1,2,5,5,5], logL: -10.417629, Exp of LogL: 0.000030, Normalized LogL: -1.488233, Exp of Normalized LogL: 0.225771, Best Rate: 0.3
Fault: [0,1,2,5,0,5], logL: -10.417629, Exp of LogL: 0.000030, Normalized LogL: -1.488233, Exp of Normalized LogL: 0.225771, Best Rate: 0.3
Fault: [0,1,2,3,4,5], logL: -60.603771, Exp of LogL: 0.000000, Normalized LogL: -8.657682, Exp of Normalized LogL: 0.000174, Best Rate: 0.3
Fault: [0,1,2,0,4,5], logL: -60.702268, Exp of LogL: 0.000000, Normalized LogL: -8.671753, Exp of Normalized LogL: 0.000171, Best Rate: 0.3
Fault: [0,1,2,2,4,5], logL: -61.159185, Exp of LogL: 0.000000, Normalized LogL: -8.737026, Exp of Normalized LogL: 0.000161, Best Rate: 0.3
Fault: [0,1,2,1,4,5], logL: -61.641974, Exp of LogL: 0.000000, Normalized LogL: -8.805996, Exp of Normalized LogL: 0.000150, Best Rate: 0.3

========= ADAPTIVE MC DEBUG =========
Total calls: 70
Avg tries: 150.00
Confidence stops: 70
Max stops: 0
Max stop rate: 0.000
Real Fault Rank 1
===== SEED 53 | FR=0.3 | VR=60 =====
executing with fault mode: [0,1,2,5,4,5]

executing with fault mode: [0,1,2,5,4,5]

Fault scores (higher is better):
Fault: [0,1,2,5,4,5], logL: -11.172475, Exp of LogL: 0.000014, Normalized LogL: -1.117248, Exp of Normalized LogL: 0.327179, Best Rate: 0.3
Fault: [0,1,2,4,4,5], logL: -11.172475, Exp of LogL: 0.000014, Normalized LogL: -1.117248, Exp of Normalized LogL: 0.327179, Best Rate: 0.3
Fault: [0,1,2,5,3,5], logL: -11.443350, Exp of LogL: 0.000011, Normalized LogL: -1.144335, Exp of Normalized LogL: 0.318436, Best Rate: 0.3
Fault: [0,1,2,5,1,5], logL: -11.443350, Exp of LogL: 0.000011, Normalized LogL: -1.144335, Exp of Normalized LogL: 0.318436, Best Rate: 0.3
Fault: [0,1,2,5,5,5], logL: -11.443350, Exp of LogL: 0.000011, Normalized LogL: -1.144335, Exp of Normalized LogL: 0.318436, Best Rate: 0.3
Fault: [0,1,2,5,0,5], logL: -11.443350, Exp of LogL: 0.000011, Normalized LogL: -1.144335, Exp of Normalized LogL: 0.318436, Best Rate: 0.3
Fault: [0,1,2,3,4,5], logL: -62.900295, Exp of LogL: 0.000000, Normalized LogL: -6.290030, Exp of Normalized LogL: 0.001855, Best Rate: 0.3
Fault: [0,1,2,1,4,5], logL: -62.934175, Exp of LogL: 0.000000, Normalized LogL: -6.293417, Exp of Normalized LogL: 0.001848, Best Rate: 0.3
Fault: [0,1,2,2,4,5], logL: -63.615103, Exp of LogL: 0.000000, Normalized LogL: -6.361510, Exp of Normalized LogL: 0.001727, Best Rate: 0.3
Fault: [0,1,2,0,4,5], logL: -63.780765, Exp of LogL: 0.000000, Normalized LogL: -6.378077, Exp of Normalized LogL: 0.001698, Best Rate: 0.3

========= ADAPTIVE MC DEBUG =========
Total calls: 100
Avg tries: 150.00
Confidence stops: 100
Max stops: 0
Max stop rate: 0.000
Real Fault Rank 1
===== SEED 53 | FR=0.3 | VR=80 =====
executing with fault mode: [0,1,2,5,4,5]

executing with fault mode: [0,1,2,5,4,5]

Fault scores (higher is better):
Fault: [0,1,2,5,4,5], logL: -12.023110, Exp of LogL: 0.000006, Normalized LogL: -0.924855, Exp of Normalized LogL: 0.396589, Best Rate: 0.3
Fault: [0,1,2,4,4,5], logL: -12.023110, Exp of LogL: 0.000006, Normalized LogL: -0.924855, Exp of Normalized LogL: 0.396589, Best Rate: 0.3
Fault: [0,1,2,5,3,5], logL: -12.389354, Exp of LogL: 0.000004, Normalized LogL: -0.953027, Exp of Normalized LogL: 0.385572, Best Rate: 0.3
Fault: [0,1,2,5,1,5], logL: -12.389354, Exp of LogL: 0.000004, Normalized LogL: -0.953027, Exp of Normalized LogL: 0.385572, Best Rate: 0.3
Fault: [0,1,2,5,5,5], logL: -12.389354, Exp of LogL: 0.000004, Normalized LogL: -0.953027, Exp of Normalized LogL: 0.385572, Best Rate: 0.3
Fault: [0,1,2,5,0,5], logL: -12.389354, Exp of LogL: 0.000004, Normalized LogL: -0.953027, Exp of Normalized LogL: 0.385572, Best Rate: 0.3
Fault: [0,1,2,3,4,5], logL: -63.093501, Exp of LogL: 0.000000, Normalized LogL: -4.853346, Exp of Normalized LogL: 0.007802, Best Rate: 0.3
Fault: [0,1,2,1,4,5], logL: -63.225194, Exp of LogL: 0.000000, Normalized LogL: -4.863476, Exp of Normalized LogL: 0.007724, Best Rate: 0.3
Fault: [0,1,2,0,4,5], logL: -63.847219, Exp of LogL: 0.000000, Normalized LogL: -4.911325, Exp of Normalized LogL: 0.007363, Best Rate: 0.3
Fault: [0,1,2,2,4,5], logL: -64.401372, Exp of LogL: 0.000000, Normalized LogL: -4.953952, Exp of Normalized LogL: 0.007055, Best Rate: 0.3

========= ADAPTIVE MC DEBUG =========
Total calls: 130
Avg tries: 150.00
Confidence stops: 130
Max stops: 0
Max stop rate: 0.000
Real Fault Rank 1
===== SEED 53 | FR=0.3 | VR=100 =====
executing with fault mode: [0,1,2,5,4,5]

executing with fault mode: [0,1,2,5,4,5]

Fault scores (higher is better):
Fault: [0,1,2,5,4,5], logL: -14.203880, Exp of LogL: 0.000001, Normalized LogL: -0.835522, Exp of Normalized LogL: 0.433648, Best Rate: 0.3
Fault: [0,1,2,4,4,5], logL: -14.203880, Exp of LogL: 0.000001, Normalized LogL: -0.835522, Exp of Normalized LogL: 0.433648, Best Rate: 0.3
Fault: [0,1,2,5,3,5], logL: -14.570125, Exp of LogL: 0.000000, Normalized LogL: -0.857066, Exp of Normalized LogL: 0.424405, Best Rate: 0.3
Fault: [0,1,2,5,1,5], logL: -14.570125, Exp of LogL: 0.000000, Normalized LogL: -0.857066, Exp of Normalized LogL: 0.424405, Best Rate: 0.3
Fault: [0,1,2,5,5,5], logL: -14.570125, Exp of LogL: 0.000000, Normalized LogL: -0.857066, Exp of Normalized LogL: 0.424405, Best Rate: 0.3
Fault: [0,1,2,5,0,5], logL: -14.570125, Exp of LogL: 0.000000, Normalized LogL: -0.857066, Exp of Normalized LogL: 0.424405, Best Rate: 0.3
Fault: [0,1,2,1,4,5], logL: -65.418365, Exp of LogL: 0.000000, Normalized LogL: -3.848139, Exp of Normalized LogL: 0.021319, Best Rate: 0.3
Fault: [0,1,2,3,4,5], logL: -65.469651, Exp of LogL: 0.000000, Normalized LogL: -3.851156, Exp of Normalized LogL: 0.021255, Best Rate: 0.3
Fault: [0,1,2,2,4,5], logL: -66.728746, Exp of LogL: 0.000000, Normalized LogL: -3.925220, Exp of Normalized LogL: 0.019738, Best Rate: 0.3
Fault: [0,1,2,0,4,5], logL: -66.746397, Exp of LogL: 0.000000, Normalized LogL: -3.926259, Exp of Normalized LogL: 0.019717, Best Rate: 0.3

========= ADAPTIVE MC DEBUG =========
Total calls: 170
Avg tries: 150.00
Confidence stops: 170
Max stops: 0
Max stop rate: 0.000
Real Fault Rank 1
================= 22/08/2026 04:46:45: SEED 53 END =================
================= 22/08/2026 04:46:45: SEED 54 (52/100), a*=0 fault=[2,1,2,3,4,5] START =================
===== SEED 54 | FR=0.3 | VR=20 =====
executing with fault mode: [2,1,2,3,4,5]

Fault scores (higher is better):
Fault: [2,1,2,1,4,5], logL: -8.927303, Exp of LogL: 0.000133, Normalized LogL: -1.487884, Exp of Normalized LogL: 0.225850, Best Rate: 0.3
Fault: [2,1,2,0,4,5], logL: -9.591126, Exp of LogL: 0.000068, Normalized LogL: -1.598521, Exp of Normalized LogL: 0.202195, Best Rate: 0.3
Fault: [2,1,2,2,4,5], logL: -9.591126, Exp of LogL: 0.000068, Normalized LogL: -1.598521, Exp of Normalized LogL: 0.202195, Best Rate: 0.3
Fault: [2,1,2,5,4,5], logL: -9.591126, Exp of LogL: 0.000068, Normalized LogL: -1.598521, Exp of Normalized LogL: 0.202195, Best Rate: 0.3
Fault: [2,1,2,3,4,5], logL: -10.911482, Exp of LogL: 0.000018, Normalized LogL: -1.818580, Exp of Normalized LogL: 0.162256, Best Rate: 0.3
Fault: [4,1,2,3,4,5], logL: -12.600963, Exp of LogL: 0.000003, Normalized LogL: -2.100160, Exp of Normalized LogL: 0.122437, Best Rate: 0.3
Fault: [5,1,2,3,4,5], logL: -12.600963, Exp of LogL: 0.000003, Normalized LogL: -2.100160, Exp of Normalized LogL: 0.122437, Best Rate: 0.3
Fault: [0,1,2,3,4,5], logL: -14.614670, Exp of LogL: 0.000000, Normalized LogL: -2.435778, Exp of Normalized LogL: 0.087530, Best Rate: 0.3
Fault: [1,1,2,3,4,5], logL: -38.363377, Exp of LogL: 0.000000, Normalized LogL: -6.393896, Exp of Normalized LogL: 0.001672, Best Rate: 0.3
Fault: [3,1,2,3,4,5], logL: -38.578552, Exp of LogL: 0.000000, Normalized LogL: -6.429759, Exp of Normalized LogL: 0.001613, Best Rate: 0.3

========= ADAPTIVE MC DEBUG =========
Total calls: 60
Avg tries: 166.67
Confidence stops: 60
Max stops: 0
Max stop rate: 0.000
Real Fault Rank 5
===== SEED 54 | FR=0.3 | VR=40 =====
executing with fault mode: [2,1,2,3,4,5]

Fault scores (higher is better):
Fault: [2,1,2,1,4,5], logL: -13.785550, Exp of LogL: 0.000001, Normalized LogL: -1.253232, Exp of Normalized LogL: 0.285580, Best Rate: 0.3
Fault: [2,1,2,3,4,5], logL: -14.481745, Exp of LogL: 0.000001, Normalized LogL: -1.316522, Exp of Normalized LogL: 0.268066, Best Rate: 0.3
Fault: [2,1,2,0,4,5], logL: -15.080582, Exp of LogL: 0.000000, Normalized LogL: -1.370962, Exp of Normalized LogL: 0.253863, Best Rate: 0.3
Fault: [2,1,2,2,4,5], logL: -15.080582, Exp of LogL: 0.000000, Normalized LogL: -1.370962, Exp of Normalized LogL: 0.253863, Best Rate: 0.3
Fault: [2,1,2,5,4,5], logL: -15.080582, Exp of LogL: 0.000000, Normalized LogL: -1.370962, Exp of Normalized LogL: 0.253863, Best Rate: 0.3
Fault: [4,1,2,3,4,5], logL: -16.091916, Exp of LogL: 0.000000, Normalized LogL: -1.462901, Exp of Normalized LogL: 0.231563, Best Rate: 0.3
Fault: [5,1,2,3,4,5], logL: -16.091916, Exp of LogL: 0.000000, Normalized LogL: -1.462901, Exp of Normalized LogL: 0.231563, Best Rate: 0.3
Fault: [0,1,2,3,4,5], logL: -20.530947, Exp of LogL: 0.000000, Normalized LogL: -1.866450, Exp of Normalized LogL: 0.154672, Best Rate: 0.3
Fault: [1,1,2,3,4,5], logL: -45.633974, Exp of LogL: 0.000000, Normalized LogL: -4.148543, Exp of Normalized LogL: 0.015787, Best Rate: 0.3
Fault: [3,1,2,3,4,5], logL: -46.767938, Exp of LogL: 0.000000, Normalized LogL: -4.251631, Exp of Normalized LogL: 0.014241, Best Rate: 0.3

========= ADAPTIVE MC DEBUG =========
Total calls: 110
Avg tries: 154.55
Confidence stops: 110
Max stops: 0
Max stop rate: 0.000
Real Fault Rank 2
===== SEED 54 | FR=0.3 | VR=60 =====
executing with fault mode: [2,1,2,3,4,5]

Fault scores (higher is better):
Fault: [2,1,2,1,4,5], logL: -18.621457, Exp of LogL: 0.000000, Normalized LogL: -1.163841, Exp of Normalized LogL: 0.312284, Best Rate: 0.3
Fault: [2,1,2,0,4,5], logL: -18.914691, Exp of LogL: 0.000000, Normalized LogL: -1.182168, Exp of Normalized LogL: 0.306613, Best Rate: 0.3
Fault: [2,1,2,2,4,5], logL: -18.914691, Exp of LogL: 0.000000, Normalized LogL: -1.182168, Exp of Normalized LogL: 0.306613, Best Rate: 0.3
Fault: [2,1,2,5,4,5], logL: -18.914691, Exp of LogL: 0.000000, Normalized LogL: -1.182168, Exp of Normalized LogL: 0.306613, Best Rate: 0.3
Fault: [2,1,2,3,4,5], logL: -19.439596, Exp of LogL: 0.000000, Normalized LogL: -1.214975, Exp of Normalized LogL: 0.296718, Best Rate: 0.3
Fault: [4,1,2,3,4,5], logL: -21.382968, Exp of LogL: 0.000000, Normalized LogL: -1.336436, Exp of Normalized LogL: 0.262781, Best Rate: 0.3
Fault: [5,1,2,3,4,5], logL: -21.382968, Exp of LogL: 0.000000, Normalized LogL: -1.336436, Exp of Normalized LogL: 0.262781, Best Rate: 0.3
Fault: [0,1,2,3,4,5], logL: -25.701782, Exp of LogL: 0.000000, Normalized LogL: -1.606361, Exp of Normalized LogL: 0.200616, Best Rate: 0.3
Fault: [1,1,2,3,4,5], logL: -27.693630, Exp of LogL: 0.000000, Normalized LogL: -1.730852, Exp of Normalized LogL: 0.177133, Best Rate: 0.3
Fault: [3,1,2,3,4,5], logL: -29.989063, Exp of LogL: 0.000000, Normalized LogL: -1.874316, Exp of Normalized LogL: 0.153460, Best Rate: 0.3

========= ADAPTIVE MC DEBUG =========
Total calls: 160
Avg tries: 150.00
Confidence stops: 160
Max stops: 0
Max stop rate: 0.000
Real Fault Rank 5
===== SEED 54 | FR=0.3 | VR=80 =====
executing with fault mode: [2,1,2,3,4,5]

Fault scores (higher is better):
Fault: [2,1,2,1,4,5], logL: -20.188673, Exp of LogL: 0.000000, Normalized LogL: -0.961365, Exp of Normalized LogL: 0.382370, Best Rate: 0.3
Fault: [2,1,2,0,4,5], logL: -20.482479, Exp of LogL: 0.000000, Normalized LogL: -0.975356, Exp of Normalized LogL: 0.377058, Best Rate: 0.3
Fault: [2,1,2,2,4,5], logL: -20.482479, Exp of LogL: 0.000000, Normalized LogL: -0.975356, Exp of Normalized LogL: 0.377058, Best Rate: 0.3
Fault: [2,1,2,5,4,5], logL: -20.482479, Exp of LogL: 0.000000, Normalized LogL: -0.975356, Exp of Normalized LogL: 0.377058, Best Rate: 0.3
Fault: [2,1,2,3,4,5], logL: -20.774190, Exp of LogL: 0.000000, Normalized LogL: -0.989247, Exp of Normalized LogL: 0.371857, Best Rate: 0.3
Fault: [4,1,2,3,4,5], logL: -22.701562, Exp of LogL: 0.000000, Normalized LogL: -1.081027, Exp of Normalized LogL: 0.339247, Best Rate: 0.3
Fault: [5,1,2,3,4,5], logL: -22.701562, Exp of LogL: 0.000000, Normalized LogL: -1.081027, Exp of Normalized LogL: 0.339247, Best Rate: 0.3
Fault: [0,1,2,3,4,5], logL: -27.077730, Exp of LogL: 0.000000, Normalized LogL: -1.289416, Exp of Normalized LogL: 0.275432, Best Rate: 0.3
Fault: [1,1,2,3,4,5], logL: -28.649569, Exp of LogL: 0.000000, Normalized LogL: -1.364265, Exp of Normalized LogL: 0.255568, Best Rate: 0.3
Fault: [3,1,2,3,4,5], logL: -31.289761, Exp of LogL: 0.000000, Normalized LogL: -1.489989, Exp of Normalized LogL: 0.225375, Best Rate: 0.3

========= ADAPTIVE MC DEBUG =========
Total calls: 210
Avg tries: 150.00
Confidence stops: 210
Max stops: 0
Max stop rate: 0.000
Real Fault Rank 5
===== SEED 54 | FR=0.3 | VR=100 =====
executing with fault mode: [2,1,2,3,4,5]

Fault scores (higher is better):
Fault: [2,1,2,0,4,5], logL: -22.088116, Exp of LogL: 0.000000, Normalized LogL: -0.849543, Exp of Normalized LogL: 0.427610, Best Rate: 0.3
Fault: [2,1,2,2,4,5], logL: -22.088116, Exp of LogL: 0.000000, Normalized LogL: -0.849543, Exp of Normalized LogL: 0.427610, Best Rate: 0.3
Fault: [2,1,2,5,4,5], logL: -22.088116, Exp of LogL: 0.000000, Normalized LogL: -0.849543, Exp of Normalized LogL: 0.427610, Best Rate: 0.3
Fault: [2,1,2,1,4,5], logL: -22.228888, Exp of LogL: 0.000000, Normalized LogL: -0.854957, Exp of Normalized LogL: 0.425301, Best Rate: 0.3
Fault: [2,1,2,3,4,5], logL: -22.263848, Exp of LogL: 0.000000, Normalized LogL: -0.856302, Exp of Normalized LogL: 0.424730, Best Rate: 0.3
Fault: [4,1,2,3,4,5], logL: -23.453432, Exp of LogL: 0.000000, Normalized LogL: -0.902055, Exp of Normalized LogL: 0.405735, Best Rate: 0.3
Fault: [5,1,2,3,4,5], logL: -23.453432, Exp of LogL: 0.000000, Normalized LogL: -0.902055, Exp of Normalized LogL: 0.405735, Best Rate: 0.3
Fault: [0,1,2,3,4,5], logL: -30.494044, Exp of LogL: 0.000000, Normalized LogL: -1.172848, Exp of Normalized LogL: 0.309484, Best Rate: 0.3
Fault: [1,1,2,3,4,5], logL: -31.877771, Exp of LogL: 0.000000, Normalized LogL: -1.226068, Exp of Normalized LogL: 0.293444, Best Rate: 0.3
Fault: [3,1,2,3,4,5], logL: -34.683584, Exp of LogL: 0.000000, Normalized LogL: -1.333984, Exp of Normalized LogL: 0.263426, Best Rate: 0.3

========= ADAPTIVE MC DEBUG =========
Total calls: 260
Avg tries: 150.00
Confidence stops: 260
Max stops: 0
Max stop rate: 0.000
Real Fault Rank 5
================= 22/08/2026 04:47:06: SEED 54 END =================
================= 22/08/2026 04:47:06: SEED 55 (53/100), a*=3 fault=[0,1,2,0,4,5] START =================
===== SEED 55 | FR=0.3 | VR=20 =====
executing with fault mode: [0,1,2,0,4,5]

Fault scores (higher is better):
Fault: [0,1,2,0,4,5], logL: -14.498470, Exp of LogL: 0.000001, Normalized LogL: -1.812309, Exp of Normalized LogL: 0.163277, Best Rate: 0.3
Fault: [0,1,2,0,0,5], logL: -14.855145, Exp of LogL: 0.000000, Normalized LogL: -1.856893, Exp of Normalized LogL: 0.156157, Best Rate: 0.3
Fault: [0,1,2,0,2,5], logL: -14.855145, Exp of LogL: 0.000000, Normalized LogL: -1.856893, Exp of Normalized LogL: 0.156157, Best Rate: 0.3
Fault: [0,1,2,0,5,5], logL: -14.855145, Exp of LogL: 0.000000, Normalized LogL: -1.856893, Exp of Normalized LogL: 0.156157, Best Rate: 0.3
Fault: [0,1,2,0,1,5], logL: -14.855145, Exp of LogL: 0.000000, Normalized LogL: -1.856893, Exp of Normalized LogL: 0.156157, Best Rate: 0.3
Fault: [0,1,2,1,4,5], logL: -15.191617, Exp of LogL: 0.000000, Normalized LogL: -1.898952, Exp of Normalized LogL: 0.149725, Best Rate: 0.3
Fault: [0,1,2,3,4,5], logL: -15.579064, Exp of LogL: 0.000000, Normalized LogL: -1.947383, Exp of Normalized LogL: 0.142647, Best Rate: 0.3
Fault: [0,1,2,2,4,5], logL: -16.260376, Exp of LogL: 0.000000, Normalized LogL: -2.032547, Exp of Normalized LogL: 0.131001, Best Rate: 0.3
Fault: [0,1,2,5,4,5], logL: -16.695694, Exp of LogL: 0.000000, Normalized LogL: -2.086962, Exp of Normalized LogL: 0.124063, Best Rate: 0.3
Fault: [0,1,2,4,4,5], logL: -16.695694, Exp of LogL: 0.000000, Normalized LogL: -2.086962, Exp of Normalized LogL: 0.124063, Best Rate: 0.3

========= ADAPTIVE MC DEBUG =========
Total calls: 80
Avg tries: 168.75
Confidence stops: 80
Max stops: 0
Max stop rate: 0.000
Real Fault Rank 1
===== SEED 55 | FR=0.3 | VR=40 =====
executing with fault mode: [0,1,2,0,4,5]

Fault scores (higher is better):
Fault: [0,1,2,2,4,5], logL: -21.331887, Exp of LogL: 0.000000, Normalized LogL: -1.422126, Exp of Normalized LogL: 0.241201, Best Rate: 0.3
Fault: [0,1,2,0,4,5], logL: -43.002991, Exp of LogL: 0.000000, Normalized LogL: -2.866866, Exp of Normalized LogL: 0.056877, Best Rate: 0.3
Fault: [0,1,2,0,0,5], logL: -43.359666, Exp of LogL: 0.000000, Normalized LogL: -2.890644, Exp of Normalized LogL: 0.055540, Best Rate: 0.3
Fault: [0,1,2,0,2,5], logL: -43.359666, Exp of LogL: 0.000000, Normalized LogL: -2.890644, Exp of Normalized LogL: 0.055540, Best Rate: 0.3
Fault: [0,1,2,0,5,5], logL: -43.359666, Exp of LogL: 0.000000, Normalized LogL: -2.890644, Exp of Normalized LogL: 0.055540, Best Rate: 0.3
Fault: [0,1,2,0,1,5], logL: -43.359666, Exp of LogL: 0.000000, Normalized LogL: -2.890644, Exp of Normalized LogL: 0.055540, Best Rate: 0.3
Fault: [0,1,2,3,4,5], logL: -43.767603, Exp of LogL: 0.000000, Normalized LogL: -2.917840, Exp of Normalized LogL: 0.054050, Best Rate: 0.3
Fault: [0,1,2,1,4,5], logL: -44.375687, Exp of LogL: 0.000000, Normalized LogL: -2.958379, Exp of Normalized LogL: 0.051903, Best Rate: 0.3
Fault: [0,1,2,5,4,5], logL: -44.436381, Exp of LogL: 0.000000, Normalized LogL: -2.962425, Exp of Normalized LogL: 0.051693, Best Rate: 0.3
Fault: [0,1,2,4,4,5], logL: -44.436381, Exp of LogL: 0.000000, Normalized LogL: -2.962425, Exp of Normalized LogL: 0.051693, Best Rate: 0.3

========= ADAPTIVE MC DEBUG =========
Total calls: 150
Avg tries: 156.67
Confidence stops: 150
Max stops: 0
Max stop rate: 0.000
Real Fault Rank 2
===== SEED 55 | FR=0.3 | VR=60 =====
executing with fault mode: [0,1,2,0,4,5]

Fault scores (higher is better):
Fault: [0,1,2,0,4,5], logL: -22.968465, Exp of LogL: 0.000000, Normalized LogL: -1.044021, Exp of Normalized LogL: 0.352036, Best Rate: 0.3
Fault: [0,1,2,0,0,5], logL: -23.325140, Exp of LogL: 0.000000, Normalized LogL: -1.060234, Exp of Normalized LogL: 0.346375, Best Rate: 0.3
Fault: [0,1,2,0,2,5], logL: -23.325140, Exp of LogL: 0.000000, Normalized LogL: -1.060234, Exp of Normalized LogL: 0.346375, Best Rate: 0.3
Fault: [0,1,2,0,5,5], logL: -23.325140, Exp of LogL: 0.000000, Normalized LogL: -1.060234, Exp of Normalized LogL: 0.346375, Best Rate: 0.3
Fault: [0,1,2,0,1,5], logL: -23.325140, Exp of LogL: 0.000000, Normalized LogL: -1.060234, Exp of Normalized LogL: 0.346375, Best Rate: 0.3
Fault: [0,1,2,2,4,5], logL: -47.469849, Exp of LogL: 0.000000, Normalized LogL: -2.157720, Exp of Normalized LogL: 0.115588, Best Rate: 0.3
Fault: [0,1,2,5,4,5], logL: -48.241639, Exp of LogL: 0.000000, Normalized LogL: -2.192802, Exp of Normalized LogL: 0.111604, Best Rate: 0.3
Fault: [0,1,2,4,4,5], logL: -48.241639, Exp of LogL: 0.000000, Normalized LogL: -2.192802, Exp of Normalized LogL: 0.111604, Best Rate: 0.3
Fault: [0,1,2,3,4,5], logL: -50.390337, Exp of LogL: 0.000000, Normalized LogL: -2.290470, Exp of Normalized LogL: 0.101219, Best Rate: 0.3
Fault: [0,1,2,1,4,5], logL: -50.688298, Exp of LogL: 0.000000, Normalized LogL: -2.304014, Exp of Normalized LogL: 0.099857, Best Rate: 0.3

========= ADAPTIVE MC DEBUG =========
Total calls: 220
Avg tries: 150.00
Confidence stops: 220
Max stops: 0
Max stop rate: 0.000
Real Fault Rank 1
===== SEED 55 | FR=0.3 | VR=80 =====
executing with fault mode: [0,1,2,0,4,5]

Fault scores (higher is better):
Fault: [0,1,2,0,4,5], logL: -26.239135, Exp of LogL: 0.000000, Normalized LogL: -0.904798, Exp of Normalized LogL: 0.404624, Best Rate: 0.3
Fault: [0,1,2,0,0,5], logL: -26.826921, Exp of LogL: 0.000000, Normalized LogL: -0.925066, Exp of Normalized LogL: 0.396505, Best Rate: 0.3
Fault: [0,1,2,0,2,5], logL: -26.826921, Exp of LogL: 0.000000, Normalized LogL: -0.925066, Exp of Normalized LogL: 0.396505, Best Rate: 0.3
Fault: [0,1,2,0,5,5], logL: -26.826921, Exp of LogL: 0.000000, Normalized LogL: -0.925066, Exp of Normalized LogL: 0.396505, Best Rate: 0.3
Fault: [0,1,2,0,1,5], logL: -26.826921, Exp of LogL: 0.000000, Normalized LogL: -0.925066, Exp of Normalized LogL: 0.396505, Best Rate: 0.3
Fault: [0,1,2,2,4,5], logL: -27.985743, Exp of LogL: 0.000000, Normalized LogL: -0.965026, Exp of Normalized LogL: 0.380973, Best Rate: 0.3
Fault: [0,1,2,5,4,5], logL: -30.703443, Exp of LogL: 0.000000, Normalized LogL: -1.058739, Exp of Normalized LogL: 0.346893, Best Rate: 0.3
Fault: [0,1,2,4,4,5], logL: -30.703443, Exp of LogL: 0.000000, Normalized LogL: -1.058739, Exp of Normalized LogL: 0.346893, Best Rate: 0.3
Fault: [0,1,2,1,4,5], logL: -36.668861, Exp of LogL: 0.000000, Normalized LogL: -1.264443, Exp of Normalized LogL: 0.282396, Best Rate: 0.3
Fault: [0,1,2,3,4,5], logL: -36.674847, Exp of LogL: 0.000000, Normalized LogL: -1.264650, Exp of Normalized LogL: 0.282338, Best Rate: 0.3

========= ADAPTIVE MC DEBUG =========
Total calls: 290
Avg tries: 150.00
Confidence stops: 290
Max stops: 0
Max stop rate: 0.000
Real Fault Rank 1
===== SEED 55 | FR=0.3 | VR=100 =====
executing with fault mode: [0,1,2,0,4,5]

Fault scores (higher is better):
Fault: [0,1,2,0,4,5], logL: -27.909162, Exp of LogL: 0.000000, Normalized LogL: -0.754302, Exp of Normalized LogL: 0.470339, Best Rate: 0.3
Fault: [0,1,2,0,0,5], logL: -28.285069, Exp of LogL: 0.000000, Normalized LogL: -0.764461, Exp of Normalized LogL: 0.465585, Best Rate: 0.3
Fault: [0,1,2,0,2,5], logL: -28.285069, Exp of LogL: 0.000000, Normalized LogL: -0.764461, Exp of Normalized LogL: 0.465585, Best Rate: 0.3
Fault: [0,1,2,0,5,5], logL: -28.285069, Exp of LogL: 0.000000, Normalized LogL: -0.764461, Exp of Normalized LogL: 0.465585, Best Rate: 0.3
Fault: [0,1,2,0,1,5], logL: -28.285069, Exp of LogL: 0.000000, Normalized LogL: -0.764461, Exp of Normalized LogL: 0.465585, Best Rate: 0.3
Fault: [0,1,2,2,4,5], logL: -30.388055, Exp of LogL: 0.000000, Normalized LogL: -0.821299, Exp of Normalized LogL: 0.439860, Best Rate: 0.3
Fault: [0,1,2,5,4,5], logL: -31.542837, Exp of LogL: 0.000000, Normalized LogL: -0.852509, Exp of Normalized LogL: 0.426344, Best Rate: 0.3
Fault: [0,1,2,4,4,5], logL: -31.542837, Exp of LogL: 0.000000, Normalized LogL: -0.852509, Exp of Normalized LogL: 0.426344, Best Rate: 0.3
Fault: [0,1,2,3,4,5], logL: -37.720009, Exp of LogL: 0.000000, Normalized LogL: -1.019460, Exp of Normalized LogL: 0.360790, Best Rate: 0.3
Fault: [0,1,2,1,4,5], logL: -38.858737, Exp of LogL: 0.000000, Normalized LogL: -1.050236, Exp of Normalized LogL: 0.349855, Best Rate: 0.3

========= ADAPTIVE MC DEBUG =========
Total calls: 370
Avg tries: 150.00
Confidence stops: 370
Max stops: 0
Max stop rate: 0.000
Real Fault Rank 1
================= 22/08/2026 04:47:36: SEED 55 END =================
================= 22/08/2026 04:47:36: SEED 56 (54/100), a*=2 fault=[0,1,0,3,4,5] START =================
===== SEED 56 | FR=0.3 | VR=20 =====
executing with fault mode: [0,1,0,3,4,5]

Fault scores (higher is better):
Fault: [0,1,3,3,4,5], logL: -8.154404, Exp of LogL: 0.000287, Normalized LogL: -2.038601, Exp of Normalized LogL: 0.130211, Best Rate: 0.3
Fault: [0,1,1,3,4,5], logL: -9.311856, Exp of LogL: 0.000090, Normalized LogL: -2.327964, Exp of Normalized LogL: 0.097494, Best Rate: 0.3
Fault: [0,1,0,3,4,5], logL: -10.323457, Exp of LogL: 0.000033, Normalized LogL: -2.580864, Exp of Normalized LogL: 0.075709, Best Rate: 0.3
Fault: [0,1,0,3,0,5], logL: -11.016605, Exp of LogL: 0.000016, Normalized LogL: -2.754151, Exp of Normalized LogL: 0.063663, Best Rate: 0.3
Fault: [0,1,0,3,5,5], logL: -11.016605, Exp of LogL: 0.000016, Normalized LogL: -2.754151, Exp of Normalized LogL: 0.063663, Best Rate: 0.3
Fault: [0,1,0,3,3,5], logL: -11.016605, Exp of LogL: 0.000016, Normalized LogL: -2.754151, Exp of Normalized LogL: 0.063663, Best Rate: 0.3
Fault: [0,1,0,3,2,5], logL: -11.016605, Exp of LogL: 0.000016, Normalized LogL: -2.754151, Exp of Normalized LogL: 0.063663, Best Rate: 0.3
Fault: [0,1,2,3,4,5], logL: -33.636990, Exp of LogL: 0.000000, Normalized LogL: -8.409248, Exp of Normalized LogL: 0.000223, Best Rate: 0.3
Fault: [0,1,5,3,4,5], logL: -33.924672, Exp of LogL: 0.000000, Normalized LogL: -8.481168, Exp of Normalized LogL: 0.000207, Best Rate: 0.3
Fault: [0,1,4,3,4,5], logL: -33.924672, Exp of LogL: 0.000000, Normalized LogL: -8.481168, Exp of Normalized LogL: 0.000207, Best Rate: 0.3

========= ADAPTIVE MC DEBUG =========
Total calls: 40
Avg tries: 175.00
Confidence stops: 40
Max stops: 0
Max stop rate: 0.000
Real Fault Rank 3
===== SEED 56 | FR=0.3 | VR=40 =====
executing with fault mode: [0,1,0,3,4,5]

Fault scores (higher is better):
Fault: [0,1,3,3,4,5], logL: -10.058000, Exp of LogL: 0.000043, Normalized LogL: -1.436857, Exp of Normalized LogL: 0.237674, Best Rate: 0.3
Fault: [0,1,1,3,4,5], logL: -11.068850, Exp of LogL: 0.000016, Normalized LogL: -1.581264, Exp of Normalized LogL: 0.205715, Best Rate: 0.3
Fault: [0,1,0,3,0,5], logL: -11.616145, Exp of LogL: 0.000009, Normalized LogL: -1.659449, Exp of Normalized LogL: 0.190244, Best Rate: 0.3
Fault: [0,1,0,3,5,5], logL: -11.616145, Exp of LogL: 0.000009, Normalized LogL: -1.659449, Exp of Normalized LogL: 0.190244, Best Rate: 0.3
Fault: [0,1,0,3,3,5], logL: -11.616145, Exp of LogL: 0.000009, Normalized LogL: -1.659449, Exp of Normalized LogL: 0.190244, Best Rate: 0.3
Fault: [0,1,0,3,2,5], logL: -11.952617, Exp of LogL: 0.000006, Normalized LogL: -1.707517, Exp of Normalized LogL: 0.181315, Best Rate: 0.3
Fault: [0,1,0,3,4,5], logL: -11.952617, Exp of LogL: 0.000006, Normalized LogL: -1.707517, Exp of Normalized LogL: 0.181315, Best Rate: 0.3
Fault: [0,1,2,3,4,5], logL: -35.306972, Exp of LogL: 0.000000, Normalized LogL: -5.043853, Exp of Normalized LogL: 0.006449, Best Rate: 0.3
Fault: [0,1,5,3,4,5], logL: -36.233734, Exp of LogL: 0.000000, Normalized LogL: -5.176248, Exp of Normalized LogL: 0.005649, Best Rate: 0.3
Fault: [0,1,4,3,4,5], logL: -36.233734, Exp of LogL: 0.000000, Normalized LogL: -5.176248, Exp of Normalized LogL: 0.005649, Best Rate: 0.3

========= ADAPTIVE MC DEBUG =========
Total calls: 70
Avg tries: 157.14
Confidence stops: 70
Max stops: 0
Max stop rate: 0.000
Real Fault Rank 7
===== SEED 56 | FR=0.3 | VR=60 =====
executing with fault mode: [0,1,0,3,4,5]

Fault scores (higher is better):
Fault: [0,1,3,3,4,5], logL: -10.915999, Exp of LogL: 0.000018, Normalized LogL: -0.992364, Exp of Normalized LogL: 0.370699, Best Rate: 0.3
Fault: [0,1,1,3,4,5], logL: -11.917045, Exp of LogL: 0.000007, Normalized LogL: -1.083368, Exp of Normalized LogL: 0.338454, Best Rate: 0.3
Fault: [0,1,0,3,0,5], logL: -12.474934, Exp of LogL: 0.000004, Normalized LogL: -1.134085, Exp of Normalized LogL: 0.321716, Best Rate: 0.3
Fault: [0,1,0,3,5,5], logL: -12.474934, Exp of LogL: 0.000004, Normalized LogL: -1.134085, Exp of Normalized LogL: 0.321716, Best Rate: 0.3
Fault: [0,1,0,3,3,5], logL: -12.474934, Exp of LogL: 0.000004, Normalized LogL: -1.134085, Exp of Normalized LogL: 0.321716, Best Rate: 0.3
Fault: [0,1,0,3,2,5], logL: -12.811406, Exp of LogL: 0.000003, Normalized LogL: -1.164673, Exp of Normalized LogL: 0.312025, Best Rate: 0.3
Fault: [0,1,0,3,4,5], logL: -12.862700, Exp of LogL: 0.000003, Normalized LogL: -1.169336, Exp of Normalized LogL: 0.310573, Best Rate: 0.3
Fault: [0,1,2,3,4,5], logL: -36.188705, Exp of LogL: 0.000000, Normalized LogL: -3.289882, Exp of Normalized LogL: 0.037258, Best Rate: 0.3
Fault: [0,1,5,3,4,5], logL: -37.091733, Exp of LogL: 0.000000, Normalized LogL: -3.371976, Exp of Normalized LogL: 0.034322, Best Rate: 0.3
Fault: [0,1,4,3,4,5], logL: -37.091733, Exp of LogL: 0.000000, Normalized LogL: -3.371976, Exp of Normalized LogL: 0.034322, Best Rate: 0.3

========= ADAPTIVE MC DEBUG =========
Total calls: 110
Avg tries: 150.00
Confidence stops: 110
Max stops: 0
Max stop rate: 0.000
Real Fault Rank 7
===== SEED 56 | FR=0.3 | VR=80 =====
executing with fault mode: [0,1,0,3,4,5]

Fault scores (higher is better):
Fault: [0,1,3,3,4,5], logL: -11.857531, Exp of LogL: 0.000007, Normalized LogL: -0.846966, Exp of Normalized LogL: 0.428713, Best Rate: 0.3
Fault: [0,1,1,3,4,5], logL: -12.843309, Exp of LogL: 0.000003, Normalized LogL: -0.917379, Exp of Normalized LogL: 0.399565, Best Rate: 0.3
Fault: [0,1,0,3,4,5], logL: -13.831524, Exp of LogL: 0.000001, Normalized LogL: -0.987966, Exp of Normalized LogL: 0.372333, Best Rate: 0.3
Fault: [0,1,0,3,0,5], logL: -14.384909, Exp of LogL: 0.000001, Normalized LogL: -1.027493, Exp of Normalized LogL: 0.357903, Best Rate: 0.3
Fault: [0,1,0,3,5,5], logL: -14.384909, Exp of LogL: 0.000001, Normalized LogL: -1.027493, Exp of Normalized LogL: 0.357903, Best Rate: 0.3
Fault: [0,1,0,3,3,5], logL: -14.384909, Exp of LogL: 0.000001, Normalized LogL: -1.027493, Exp of Normalized LogL: 0.357903, Best Rate: 0.3
Fault: [0,1,0,3,2,5], logL: -14.384909, Exp of LogL: 0.000001, Normalized LogL: -1.027493, Exp of Normalized LogL: 0.357903, Best Rate: 0.3
Fault: [0,1,2,3,4,5], logL: -37.163759, Exp of LogL: 0.000000, Normalized LogL: -2.654554, Exp of Normalized LogL: 0.070330, Best Rate: 0.3
Fault: [0,1,5,3,4,5], logL: -38.033264, Exp of LogL: 0.000000, Normalized LogL: -2.716662, Exp of Normalized LogL: 0.066095, Best Rate: 0.3
Fault: [0,1,4,3,4,5], logL: -38.033264, Exp of LogL: 0.000000, Normalized LogL: -2.716662, Exp of Normalized LogL: 0.066095, Best Rate: 0.3

========= ADAPTIVE MC DEBUG =========
Total calls: 140
Avg tries: 150.00
Confidence stops: 140
Max stops: 0
Max stop rate: 0.000
Real Fault Rank 3
===== SEED 56 | FR=0.3 | VR=100 =====
executing with fault mode: [0,1,0,3,4,5]

Fault scores (higher is better):
Fault: [0,1,3,3,4,5], logL: -11.954818, Exp of LogL: 0.000006, Normalized LogL: -0.664157, Exp of Normalized LogL: 0.514707, Best Rate: 0.3
Fault: [0,1,1,3,4,5], logL: -12.940597, Exp of LogL: 0.000002, Normalized LogL: -0.718922, Exp of Normalized LogL: 0.487277, Best Rate: 0.3
Fault: [0,1,0,3,4,5], logL: -13.928811, Exp of LogL: 0.000001, Normalized LogL: -0.773823, Exp of Normalized LogL: 0.461246, Best Rate: 0.3
Fault: [0,1,0,3,0,5], logL: -14.295055, Exp of LogL: 0.000001, Normalized LogL: -0.794170, Exp of Normalized LogL: 0.451956, Best Rate: 0.3
Fault: [0,1,0,3,5,5], logL: -14.295055, Exp of LogL: 0.000001, Normalized LogL: -0.794170, Exp of Normalized LogL: 0.451956, Best Rate: 0.3
Fault: [0,1,0,3,3,5], logL: -14.295055, Exp of LogL: 0.000001, Normalized LogL: -0.794170, Exp of Normalized LogL: 0.451956, Best Rate: 0.3
Fault: [0,1,0,3,2,5], logL: -14.295055, Exp of LogL: 0.000001, Normalized LogL: -0.794170, Exp of Normalized LogL: 0.451956, Best Rate: 0.3
Fault: [0,1,2,3,4,5], logL: -37.261047, Exp of LogL: 0.000000, Normalized LogL: -2.070058, Exp of Normalized LogL: 0.126178, Best Rate: 0.3
Fault: [0,1,5,3,4,5], logL: -38.130552, Exp of LogL: 0.000000, Normalized LogL: -2.118364, Exp of Normalized LogL: 0.120228, Best Rate: 0.3
Fault: [0,1,4,3,4,5], logL: -38.130552, Exp of LogL: 0.000000, Normalized LogL: -2.118364, Exp of Normalized LogL: 0.120228, Best Rate: 0.3

========= ADAPTIVE MC DEBUG =========
Total calls: 180
Avg tries: 150.00
Confidence stops: 180
Max stops: 0
Max stop rate: 0.000
Real Fault Rank 3
================= 22/08/2026 04:47:51: SEED 56 END =================
================= 22/08/2026 04:47:51: SEED 57 (55/100), a*=2 fault=[0,1,5,3,4,5] START =================
===== SEED 57 | FR=0.3 | VR=20 =====
executing with fault mode: [0,1,5,3,4,5]

Fault scores (higher is better):
Fault: [0,1,5,3,3,5], logL: -9.655240, Exp of LogL: 0.000064, Normalized LogL: -2.413810, Exp of Normalized LogL: 0.089474, Best Rate: 0.3
Fault: [0,1,5,3,0,5], logL: -9.655240, Exp of LogL: 0.000064, Normalized LogL: -2.413810, Exp of Normalized LogL: 0.089474, Best Rate: 0.3
Fault: [0,1,5,3,4,5], logL: -9.809390, Exp of LogL: 0.000055, Normalized LogL: -2.452348, Exp of Normalized LogL: 0.086091, Best Rate: 0.3
Fault: [0,1,4,3,4,5], logL: -9.809390, Exp of LogL: 0.000055, Normalized LogL: -2.452348, Exp of Normalized LogL: 0.086091, Best Rate: 0.3
Fault: [0,1,5,3,5,5], logL: -9.809390, Exp of LogL: 0.000055, Normalized LogL: -2.452348, Exp of Normalized LogL: 0.086091, Best Rate: 0.3
Fault: [0,1,5,3,2,5], logL: -9.809390, Exp of LogL: 0.000055, Normalized LogL: -2.452348, Exp of Normalized LogL: 0.086091, Best Rate: 0.3
Fault: [0,1,3,3,4,5], logL: -10.502537, Exp of LogL: 0.000027, Normalized LogL: -2.625634, Exp of Normalized LogL: 0.072394, Best Rate: 0.3
Fault: [0,1,1,3,4,5], logL: -10.725681, Exp of LogL: 0.000022, Normalized LogL: -2.681420, Exp of Normalized LogL: 0.068466, Best Rate: 0.3
Fault: [0,1,2,3,4,5], logL: -11.418828, Exp of LogL: 0.000011, Normalized LogL: -2.854707, Exp of Normalized LogL: 0.057573, Best Rate: 0.3
Fault: [0,1,0,3,4,5], logL: -34.326896, Exp of LogL: 0.000000, Normalized LogL: -8.581724, Exp of Normalized LogL: 0.000188, Best Rate: 0.3

========= ADAPTIVE MC DEBUG =========
Total calls: 40
Avg tries: 162.50
Confidence stops: 40
Max stops: 0
Max stop rate: 0.000
Real Fault Rank 3
===== SEED 57 | FR=0.3 | VR=40 =====
executing with fault mode: [0,1,5,3,4,5]

Fault scores (higher is better):
Fault: [0,1,5,3,4,5], logL: -13.892749, Exp of LogL: 0.000001, Normalized LogL: -1.736594, Exp of Normalized LogL: 0.176119, Best Rate: 0.3
Fault: [0,1,4,3,4,5], logL: -13.892749, Exp of LogL: 0.000001, Normalized LogL: -1.736594, Exp of Normalized LogL: 0.176119, Best Rate: 0.3
Fault: [0,1,5,3,3,5], logL: -14.452365, Exp of LogL: 0.000001, Normalized LogL: -1.806546, Exp of Normalized LogL: 0.164220, Best Rate: 0.3
Fault: [0,1,5,3,0,5], logL: -14.452365, Exp of LogL: 0.000001, Normalized LogL: -1.806546, Exp of Normalized LogL: 0.164220, Best Rate: 0.3
Fault: [0,1,5,3,5,5], logL: -14.452365, Exp of LogL: 0.000001, Normalized LogL: -1.806546, Exp of Normalized LogL: 0.164220, Best Rate: 0.3
Fault: [0,1,5,3,2,5], logL: -14.452365, Exp of LogL: 0.000001, Normalized LogL: -1.806546, Exp of Normalized LogL: 0.164220, Best Rate: 0.3
Fault: [0,1,3,3,4,5], logL: -15.173683, Exp of LogL: 0.000000, Normalized LogL: -1.896710, Exp of Normalized LogL: 0.150061, Best Rate: 0.3
Fault: [0,1,1,3,4,5], logL: -38.612721, Exp of LogL: 0.000000, Normalized LogL: -4.826590, Exp of Normalized LogL: 0.008014, Best Rate: 0.3
Fault: [0,1,2,3,4,5], logL: -39.050685, Exp of LogL: 0.000000, Normalized LogL: -4.881336, Exp of Normalized LogL: 0.007587, Best Rate: 0.3
Fault: [0,1,0,3,4,5], logL: -40.010711, Exp of LogL: 0.000000, Normalized LogL: -5.001339, Exp of Normalized LogL: 0.006729, Best Rate: 0.3

========= ADAPTIVE MC DEBUG =========
Total calls: 80
Avg tries: 150.00
Confidence stops: 80
Max stops: 0
Max stop rate: 0.000
Real Fault Rank 1
===== SEED 57 | FR=0.3 | VR=60 =====
executing with fault mode: [0,1,5,3,4,5]

Fault scores (higher is better):
Fault: [0,1,5,3,4,5], logL: -16.733178, Exp of LogL: 0.000000, Normalized LogL: -1.394431, Exp of Normalized LogL: 0.247974, Best Rate: 0.3
Fault: [0,1,4,3,4,5], logL: -16.733178, Exp of LogL: 0.000000, Normalized LogL: -1.394431, Exp of Normalized LogL: 0.247974, Best Rate: 0.3
Fault: [0,1,5,3,3,5], logL: -17.046835, Exp of LogL: 0.000000, Normalized LogL: -1.420570, Exp of Normalized LogL: 0.241576, Best Rate: 0.3
Fault: [0,1,5,3,0,5], logL: -17.046835, Exp of LogL: 0.000000, Normalized LogL: -1.420570, Exp of Normalized LogL: 0.241576, Best Rate: 0.3
Fault: [0,1,5,3,5,5], logL: -17.046835, Exp of LogL: 0.000000, Normalized LogL: -1.420570, Exp of Normalized LogL: 0.241576, Best Rate: 0.3
Fault: [0,1,5,3,2,5], logL: -17.046835, Exp of LogL: 0.000000, Normalized LogL: -1.420570, Exp of Normalized LogL: 0.241576, Best Rate: 0.3
Fault: [0,1,3,3,4,5], logL: -17.426325, Exp of LogL: 0.000000, Normalized LogL: -1.452194, Exp of Normalized LogL: 0.234056, Best Rate: 0.3
Fault: [0,1,0,3,4,5], logL: -20.045832, Exp of LogL: 0.000000, Normalized LogL: -1.670486, Exp of Normalized LogL: 0.188156, Best Rate: 0.3
Fault: [0,1,1,3,4,5], logL: -41.468898, Exp of LogL: 0.000000, Normalized LogL: -3.455741, Exp of Normalized LogL: 0.031564, Best Rate: 0.3
Fault: [0,1,2,3,4,5], logL: -66.724473, Exp of LogL: 0.000000, Normalized LogL: -5.560373, Exp of Normalized LogL: 0.003847, Best Rate: 0.3

========= ADAPTIVE MC DEBUG =========
Total calls: 120
Avg tries: 150.00
Confidence stops: 120
Max stops: 0
Max stop rate: 0.000
Real Fault Rank 1
===== SEED 57 | FR=0.3 | VR=80 =====
executing with fault mode: [0,1,5,3,4,5]

Fault scores (higher is better):
Fault: [0,1,5,3,4,5], logL: -18.182949, Exp of LogL: 0.000000, Normalized LogL: -1.136434, Exp of Normalized LogL: 0.320961, Best Rate: 0.3
Fault: [0,1,4,3,4,5], logL: -18.182949, Exp of LogL: 0.000000, Normalized LogL: -1.136434, Exp of Normalized LogL: 0.320961, Best Rate: 0.3
Fault: [0,1,5,3,3,5], logL: -18.496606, Exp of LogL: 0.000000, Normalized LogL: -1.156038, Exp of Normalized LogL: 0.314731, Best Rate: 0.3
Fault: [0,1,5,3,0,5], logL: -18.496606, Exp of LogL: 0.000000, Normalized LogL: -1.156038, Exp of Normalized LogL: 0.314731, Best Rate: 0.3
Fault: [0,1,5,3,5,5], logL: -18.496606, Exp of LogL: 0.000000, Normalized LogL: -1.156038, Exp of Normalized LogL: 0.314731, Best Rate: 0.3
Fault: [0,1,5,3,2,5], logL: -18.496606, Exp of LogL: 0.000000, Normalized LogL: -1.156038, Exp of Normalized LogL: 0.314731, Best Rate: 0.3
Fault: [0,1,3,3,4,5], logL: -44.047346, Exp of LogL: 0.000000, Normalized LogL: -2.752959, Exp of Normalized LogL: 0.063739, Best Rate: 0.3
Fault: [0,1,1,3,4,5], logL: -44.614052, Exp of LogL: 0.000000, Normalized LogL: -2.788378, Exp of Normalized LogL: 0.061521, Best Rate: 0.3
Fault: [0,1,0,3,4,5], logL: -45.338129, Exp of LogL: 0.000000, Normalized LogL: -2.833633, Exp of Normalized LogL: 0.058799, Best Rate: 0.3
Fault: [0,1,2,3,4,5], logL: -69.216252, Exp of LogL: 0.000000, Normalized LogL: -4.326016, Exp of Normalized LogL: 0.013220, Best Rate: 0.3

========= ADAPTIVE MC DEBUG =========
Total calls: 160
Avg tries: 150.00
Confidence stops: 160
Max stops: 0
Max stop rate: 0.000
Real Fault Rank 1
===== SEED 57 | FR=0.3 | VR=100 =====
executing with fault mode: [0,1,5,3,4,5]

Fault scores (higher is better):
Fault: [0,1,5,3,4,5], logL: -19.147809, Exp of LogL: 0.000000, Normalized LogL: -0.957390, Exp of Normalized LogL: 0.383893, Best Rate: 0.3
Fault: [0,1,4,3,4,5], logL: -19.147809, Exp of LogL: 0.000000, Normalized LogL: -0.957390, Exp of Normalized LogL: 0.383893, Best Rate: 0.3
Fault: [0,1,5,3,3,5], logL: -19.439946, Exp of LogL: 0.000000, Normalized LogL: -0.971997, Exp of Normalized LogL: 0.378327, Best Rate: 0.3
Fault: [0,1,5,3,0,5], logL: -19.439946, Exp of LogL: 0.000000, Normalized LogL: -0.971997, Exp of Normalized LogL: 0.378327, Best Rate: 0.3
Fault: [0,1,5,3,5,5], logL: -19.439946, Exp of LogL: 0.000000, Normalized LogL: -0.971997, Exp of Normalized LogL: 0.378327, Best Rate: 0.3
Fault: [0,1,5,3,2,5], logL: -19.439946, Exp of LogL: 0.000000, Normalized LogL: -0.971997, Exp of Normalized LogL: 0.378327, Best Rate: 0.3
Fault: [0,1,3,3,4,5], logL: -45.012207, Exp of LogL: 0.000000, Normalized LogL: -2.250610, Exp of Normalized LogL: 0.105335, Best Rate: 0.3
Fault: [0,1,1,3,4,5], logL: -45.625027, Exp of LogL: 0.000000, Normalized LogL: -2.281251, Exp of Normalized LogL: 0.102156, Best Rate: 0.3
Fault: [0,1,0,3,4,5], logL: -46.244925, Exp of LogL: 0.000000, Normalized LogL: -2.312246, Exp of Normalized LogL: 0.099039, Best Rate: 0.3
Fault: [0,1,2,3,4,5], logL: -70.129040, Exp of LogL: 0.000000, Normalized LogL: -3.506452, Exp of Normalized LogL: 0.030003, Best Rate: 0.3

========= ADAPTIVE MC DEBUG =========
Total calls: 200
Avg tries: 150.00
Confidence stops: 200
Max stops: 0
Max stop rate: 0.000
Real Fault Rank 1
================= 22/08/2026 04:48:07: SEED 57 END =================
================= 22/08/2026 04:48:07: SEED 58 (56/100), a*=0 fault=[4,1,2,3,4,5] START =================
===== SEED 58 | FR=0.3 | VR=20 =====
executing with fault mode: [4,1,2,3,4,5]

Fault scores (higher is better):
Fault: [3,1,2,3,4,5], logL: -11.131534, Exp of LogL: 0.000015, Normalized LogL: -2.226307, Exp of Normalized LogL: 0.107926, Best Rate: 0.3
Fault: [4,1,2,3,4,5], logL: -11.131534, Exp of LogL: 0.000015, Normalized LogL: -2.226307, Exp of Normalized LogL: 0.107926, Best Rate: 0.3
Fault: [5,1,2,3,4,5], logL: -11.131534, Exp of LogL: 0.000015, Normalized LogL: -2.226307, Exp of Normalized LogL: 0.107926, Best Rate: 0.3
Fault: [0,1,2,3,4,5], logL: -11.188693, Exp of LogL: 0.000014, Normalized LogL: -2.237739, Exp of Normalized LogL: 0.106700, Best Rate: 0.3
Fault: [4,1,2,3,0,5], logL: -11.456957, Exp of LogL: 0.000011, Normalized LogL: -2.291391, Exp of Normalized LogL: 0.101126, Best Rate: 0.3
Fault: [4,1,2,3,3,5], logL: -11.456957, Exp of LogL: 0.000011, Normalized LogL: -2.291391, Exp of Normalized LogL: 0.101126, Best Rate: 0.3
Fault: [4,1,2,3,5,5], logL: -11.456957, Exp of LogL: 0.000011, Normalized LogL: -2.291391, Exp of Normalized LogL: 0.101126, Best Rate: 0.3
Fault: [4,1,2,3,1,5], logL: -11.624011, Exp of LogL: 0.000009, Normalized LogL: -2.324802, Exp of Normalized LogL: 0.097803, Best Rate: 0.3
Fault: [2,1,2,3,4,5], logL: -11.624011, Exp of LogL: 0.000009, Normalized LogL: -2.324802, Exp of Normalized LogL: 0.097803, Best Rate: 0.3
Fault: [1,1,2,3,4,5], logL: -11.719321, Exp of LogL: 0.000008, Normalized LogL: -2.343864, Exp of Normalized LogL: 0.095956, Best Rate: 0.3

========= ADAPTIVE MC DEBUG =========
Total calls: 50
Avg tries: 170.00
Confidence stops: 50
Max stops: 0
Max stop rate: 0.000
Real Fault Rank 2
===== SEED 58 | FR=0.3 | VR=40 =====
executing with fault mode: [4,1,2,3,4,5]

Fault scores (higher is better):
Fault: [4,1,2,3,4,5], logL: -12.675614, Exp of LogL: 0.000003, Normalized LogL: -1.408402, Exp of Normalized LogL: 0.244534, Best Rate: 0.3
Fault: [5,1,2,3,4,5], logL: -12.675614, Exp of LogL: 0.000003, Normalized LogL: -1.408402, Exp of Normalized LogL: 0.244534, Best Rate: 0.3
Fault: [4,1,2,3,0,5], logL: -12.712969, Exp of LogL: 0.000003, Normalized LogL: -1.412552, Exp of Normalized LogL: 0.243521, Best Rate: 0.3
Fault: [4,1,2,3,3,5], logL: -12.712969, Exp of LogL: 0.000003, Normalized LogL: -1.412552, Exp of Normalized LogL: 0.243521, Best Rate: 0.3
Fault: [4,1,2,3,5,5], logL: -12.712969, Exp of LogL: 0.000003, Normalized LogL: -1.412552, Exp of Normalized LogL: 0.243521, Best Rate: 0.3
Fault: [3,1,2,3,4,5], logL: -12.963296, Exp of LogL: 0.000002, Normalized LogL: -1.440366, Exp of Normalized LogL: 0.236841, Best Rate: 0.3
Fault: [4,1,2,3,1,5], logL: -13.061276, Exp of LogL: 0.000002, Normalized LogL: -1.451253, Exp of Normalized LogL: 0.234277, Best Rate: 0.3
Fault: [0,1,2,3,4,5], logL: -13.368761, Exp of LogL: 0.000002, Normalized LogL: -1.485418, Exp of Normalized LogL: 0.226408, Best Rate: 0.3
Fault: [1,1,2,3,4,5], logL: -13.551082, Exp of LogL: 0.000001, Normalized LogL: -1.505676, Exp of Normalized LogL: 0.221867, Best Rate: 0.3
Fault: [2,1,2,3,4,5], logL: -13.774226, Exp of LogL: 0.000001, Normalized LogL: -1.530470, Exp of Normalized LogL: 0.216434, Best Rate: 0.3

========= ADAPTIVE MC DEBUG =========
Total calls: 90
Avg tries: 155.56
Confidence stops: 90
Max stops: 0
Max stop rate: 0.000
Real Fault Rank 1
===== SEED 58 | FR=0.3 | VR=60 =====
executing with fault mode: [4,1,2,3,4,5]

Fault scores (higher is better):
Fault: [4,1,2,3,4,5], logL: -13.873279, Exp of LogL: 0.000001, Normalized LogL: -1.067175, Exp of Normalized LogL: 0.343979, Best Rate: 0.3
Fault: [5,1,2,3,4,5], logL: -13.873279, Exp of LogL: 0.000001, Normalized LogL: -1.067175, Exp of Normalized LogL: 0.343979, Best Rate: 0.3
Fault: [4,1,2,3,0,5], logL: -13.910635, Exp of LogL: 0.000001, Normalized LogL: -1.070049, Exp of Normalized LogL: 0.342992, Best Rate: 0.3
Fault: [4,1,2,3,3,5], logL: -13.910635, Exp of LogL: 0.000001, Normalized LogL: -1.070049, Exp of Normalized LogL: 0.342992, Best Rate: 0.3
Fault: [4,1,2,3,5,5], logL: -13.910635, Exp of LogL: 0.000001, Normalized LogL: -1.070049, Exp of Normalized LogL: 0.342992, Best Rate: 0.3
Fault: [3,1,2,3,4,5], logL: -14.160961, Exp of LogL: 0.000001, Normalized LogL: -1.089305, Exp of Normalized LogL: 0.336450, Best Rate: 0.3
Fault: [4,1,2,3,1,5], logL: -14.258942, Exp of LogL: 0.000001, Normalized LogL: -1.096842, Exp of Normalized LogL: 0.333924, Best Rate: 0.3
Fault: [0,1,2,3,4,5], logL: -14.566426, Exp of LogL: 0.000000, Normalized LogL: -1.120494, Exp of Normalized LogL: 0.326119, Best Rate: 0.3
Fault: [1,1,2,3,4,5], logL: -14.748748, Exp of LogL: 0.000000, Normalized LogL: -1.134519, Exp of Normalized LogL: 0.321577, Best Rate: 0.3
Fault: [2,1,2,3,4,5], logL: -14.971892, Exp of LogL: 0.000000, Normalized LogL: -1.151684, Exp of Normalized LogL: 0.316104, Best Rate: 0.3

========= ADAPTIVE MC DEBUG =========
Total calls: 130
Avg tries: 150.00
Confidence stops: 130
Max stops: 0
Max stop rate: 0.000
Real Fault Rank 1
===== SEED 58 | FR=0.3 | VR=80 =====
executing with fault mode: [4,1,2,3,4,5]

Fault scores (higher is better):
Fault: [4,1,2,3,4,5], logL: -13.604922, Exp of LogL: 0.000001, Normalized LogL: -0.800290, Exp of Normalized LogL: 0.449199, Best Rate: 0.3
Fault: [5,1,2,3,4,5], logL: -13.604922, Exp of LogL: 0.000001, Normalized LogL: -0.800290, Exp of Normalized LogL: 0.449199, Best Rate: 0.3
Fault: [3,1,2,3,4,5], logL: -13.989333, Exp of LogL: 0.000001, Normalized LogL: -0.822902, Exp of Normalized LogL: 0.439155, Best Rate: 0.3
Fault: [4,1,2,3,0,5], logL: -13.990584, Exp of LogL: 0.000001, Normalized LogL: -0.822976, Exp of Normalized LogL: 0.439123, Best Rate: 0.3
Fault: [4,1,2,3,3,5], logL: -13.990584, Exp of LogL: 0.000001, Normalized LogL: -0.822976, Exp of Normalized LogL: 0.439123, Best Rate: 0.3
Fault: [4,1,2,3,1,5], logL: -13.990584, Exp of LogL: 0.000001, Normalized LogL: -0.822976, Exp of Normalized LogL: 0.439123, Best Rate: 0.3
Fault: [4,1,2,3,5,5], logL: -13.990584, Exp of LogL: 0.000001, Normalized LogL: -0.822976, Exp of Normalized LogL: 0.439123, Best Rate: 0.3
Fault: [0,1,2,3,4,5], logL: -14.563421, Exp of LogL: 0.000000, Normalized LogL: -0.856672, Exp of Normalized LogL: 0.424573, Best Rate: 0.3
Fault: [1,1,2,3,4,5], logL: -15.257845, Exp of LogL: 0.000000, Normalized LogL: -0.897520, Exp of Normalized LogL: 0.407579, Best Rate: 0.3
Fault: [2,1,2,3,4,5], logL: -15.442468, Exp of LogL: 0.000000, Normalized LogL: -0.908380, Exp of Normalized LogL: 0.403177, Best Rate: 0.3

========= ADAPTIVE MC DEBUG =========
Total calls: 170
Avg tries: 150.00
Confidence stops: 170
Max stops: 0
Max stop rate: 0.000
Real Fault Rank 1
===== SEED 58 | FR=0.3 | VR=100 =====
executing with fault mode: [4,1,2,3,4,5]

Fault scores (higher is better):
Fault: [3,1,2,3,4,5], logL: -15.801693, Exp of LogL: 0.000000, Normalized LogL: -0.718259, Exp of Normalized LogL: 0.487601, Best Rate: 0.3
Fault: [4,1,2,3,4,5], logL: -15.898153, Exp of LogL: 0.000000, Normalized LogL: -0.722643, Exp of Normalized LogL: 0.485467, Best Rate: 0.3
Fault: [5,1,2,3,4,5], logL: -15.898153, Exp of LogL: 0.000000, Normalized LogL: -0.722643, Exp of Normalized LogL: 0.485467, Best Rate: 0.3
Fault: [4,1,2,3,0,5], logL: -16.283815, Exp of LogL: 0.000000, Normalized LogL: -0.740173, Exp of Normalized LogL: 0.477031, Best Rate: 0.3
Fault: [4,1,2,3,3,5], logL: -16.283815, Exp of LogL: 0.000000, Normalized LogL: -0.740173, Exp of Normalized LogL: 0.477031, Best Rate: 0.3
Fault: [4,1,2,3,1,5], logL: -16.283815, Exp of LogL: 0.000000, Normalized LogL: -0.740173, Exp of Normalized LogL: 0.477031, Best Rate: 0.3
Fault: [4,1,2,3,5,5], logL: -16.283815, Exp of LogL: 0.000000, Normalized LogL: -0.740173, Exp of Normalized LogL: 0.477031, Best Rate: 0.3
Fault: [0,1,2,3,4,5], logL: -16.526556, Exp of LogL: 0.000000, Normalized LogL: -0.751207, Exp of Normalized LogL: 0.471797, Best Rate: 0.3
Fault: [1,1,2,3,4,5], logL: -17.121928, Exp of LogL: 0.000000, Normalized LogL: -0.778269, Exp of Normalized LogL: 0.459200, Best Rate: 0.3
Fault: [2,1,2,3,4,5], logL: -17.217012, Exp of LogL: 0.000000, Normalized LogL: -0.782591, Exp of Normalized LogL: 0.457220, Best Rate: 0.3

========= ADAPTIVE MC DEBUG =========
Total calls: 220
Avg tries: 150.00
Confidence stops: 220
Max stops: 0
Max stop rate: 0.000
Real Fault Rank 2
================= 22/08/2026 04:48:25: SEED 58 END =================
================= 22/08/2026 04:48:25: SEED 59 (57/100), a*=3 fault=[0,1,2,2,4,5] START =================
===== SEED 59 | FR=0.3 | VR=20 =====
executing with fault mode: [0,1,2,2,4,5]

executing with fault mode: [0,1,2,2,4,5]

Fault scores (higher is better):
Fault: [0,1,2,2,5,5], logL: -15.124684, Exp of LogL: 0.000000, Normalized LogL: -2.160669, Exp of Normalized LogL: 0.115248, Best Rate: 0.3
Fault: [0,1,2,2,3,5], logL: -15.124684, Exp of LogL: 0.000000, Normalized LogL: -2.160669, Exp of Normalized LogL: 0.115248, Best Rate: 0.3
Fault: [0,1,2,2,0,5], logL: -15.224767, Exp of LogL: 0.000000, Normalized LogL: -2.174967, Exp of Normalized LogL: 0.113612, Best Rate: 0.3
Fault: [0,1,2,2,2,5], logL: -15.278835, Exp of LogL: 0.000000, Normalized LogL: -2.182691, Exp of Normalized LogL: 0.112738, Best Rate: 0.3
Fault: [0,1,2,2,4,5], logL: -15.530149, Exp of LogL: 0.000000, Normalized LogL: -2.218593, Exp of Normalized LogL: 0.108762, Best Rate: 0.3
Fault: [0,1,2,0,4,5], logL: -15.926937, Exp of LogL: 0.000000, Normalized LogL: -2.275277, Exp of Normalized LogL: 0.102768, Best Rate: 0.3
Fault: [0,1,2,5,4,5], logL: -39.831629, Exp of LogL: 0.000000, Normalized LogL: -5.690233, Exp of Normalized LogL: 0.003379, Best Rate: 0.3
Fault: [0,1,2,4,4,5], logL: -39.831629, Exp of LogL: 0.000000, Normalized LogL: -5.690233, Exp of Normalized LogL: 0.003379, Best Rate: 0.3
Fault: [0,1,2,3,4,5], logL: -40.611922, Exp of LogL: 0.000000, Normalized LogL: -5.801703, Exp of Normalized LogL: 0.003022, Best Rate: 0.3
Fault: [0,1,2,1,4,5], logL: -64.253343, Exp of LogL: 0.000000, Normalized LogL: -9.179049, Exp of Normalized LogL: 0.000103, Best Rate: 0.3

========= ADAPTIVE MC DEBUG =========
Total calls: 70
Avg tries: 171.43
Confidence stops: 70
Max stops: 0
Max stop rate: 0.000
Real Fault Rank 5
===== SEED 59 | FR=0.3 | VR=40 =====
executing with fault mode: [0,1,2,2,4,5]

executing with fault mode: [0,1,2,2,4,5]

Fault scores (higher is better):
Fault: [0,1,2,2,4,5], logL: -20.155952, Exp of LogL: 0.000000, Normalized LogL: -1.439711, Exp of Normalized LogL: 0.236996, Best Rate: 0.3
Fault: [0,1,2,2,0,5], logL: -20.474406, Exp of LogL: 0.000000, Normalized LogL: -1.462458, Exp of Normalized LogL: 0.231666, Best Rate: 0.3
Fault: [0,1,2,2,5,5], logL: -20.474406, Exp of LogL: 0.000000, Normalized LogL: -1.462458, Exp of Normalized LogL: 0.231666, Best Rate: 0.3
Fault: [0,1,2,2,3,5], logL: -20.474406, Exp of LogL: 0.000000, Normalized LogL: -1.462458, Exp of Normalized LogL: 0.231666, Best Rate: 0.3
Fault: [0,1,2,2,2,5], logL: -20.474406, Exp of LogL: 0.000000, Normalized LogL: -1.462458, Exp of Normalized LogL: 0.231666, Best Rate: 0.3
Fault: [0,1,2,0,4,5], logL: -22.475151, Exp of LogL: 0.000000, Normalized LogL: -1.605368, Exp of Normalized LogL: 0.200816, Best Rate: 0.3
Fault: [0,1,2,5,4,5], logL: -22.784589, Exp of LogL: 0.000000, Normalized LogL: -1.627471, Exp of Normalized LogL: 0.196426, Best Rate: 0.3
Fault: [0,1,2,4,4,5], logL: -22.784589, Exp of LogL: 0.000000, Normalized LogL: -1.627471, Exp of Normalized LogL: 0.196426, Best Rate: 0.3
Fault: [0,1,2,1,4,5], logL: -46.359062, Exp of LogL: 0.000000, Normalized LogL: -3.311362, Exp of Normalized LogL: 0.036466, Best Rate: 0.3
Fault: [0,1,2,3,4,5], logL: -48.993440, Exp of LogL: 0.000000, Normalized LogL: -3.499531, Exp of Normalized LogL: 0.030212, Best Rate: 0.3

========= ADAPTIVE MC DEBUG =========
Total calls: 140
Avg tries: 157.14
Confidence stops: 140
Max stops: 0
Max stop rate: 0.000
Real Fault Rank 1
===== SEED 59 | FR=0.3 | VR=60 =====
executing with fault mode: [0,1,2,2,4,5]

executing with fault mode: [0,1,2,2,4,5]

Fault scores (higher is better):
Fault: [0,1,2,2,4,5], logL: -23.703192, Exp of LogL: 0.000000, Normalized LogL: -1.185160, Exp of Normalized LogL: 0.305697, Best Rate: 0.3
Fault: [0,1,2,2,0,5], logL: -24.021645, Exp of LogL: 0.000000, Normalized LogL: -1.201082, Exp of Normalized LogL: 0.300868, Best Rate: 0.3
Fault: [0,1,2,2,5,5], logL: -24.021645, Exp of LogL: 0.000000, Normalized LogL: -1.201082, Exp of Normalized LogL: 0.300868, Best Rate: 0.3
Fault: [0,1,2,2,3,5], logL: -24.021645, Exp of LogL: 0.000000, Normalized LogL: -1.201082, Exp of Normalized LogL: 0.300868, Best Rate: 0.3
Fault: [0,1,2,2,2,5], logL: -24.021645, Exp of LogL: 0.000000, Normalized LogL: -1.201082, Exp of Normalized LogL: 0.300868, Best Rate: 0.3
Fault: [0,1,2,0,4,5], logL: -26.323113, Exp of LogL: 0.000000, Normalized LogL: -1.316156, Exp of Normalized LogL: 0.268164, Best Rate: 0.3
Fault: [0,1,2,1,4,5], logL: -51.054617, Exp of LogL: 0.000000, Normalized LogL: -2.552731, Exp of Normalized LogL: 0.077869, Best Rate: 0.3
Fault: [0,1,2,5,4,5], logL: -51.826404, Exp of LogL: 0.000000, Normalized LogL: -2.591320, Exp of Normalized LogL: 0.074921, Best Rate: 0.3
Fault: [0,1,2,4,4,5], logL: -51.826404, Exp of LogL: 0.000000, Normalized LogL: -2.591320, Exp of Normalized LogL: 0.074921, Best Rate: 0.3
Fault: [0,1,2,3,4,5], logL: -77.775209, Exp of LogL: 0.000000, Normalized LogL: -3.888760, Exp of Normalized LogL: 0.020471, Best Rate: 0.3

========= ADAPTIVE MC DEBUG =========
Total calls: 200
Avg tries: 150.00
Confidence stops: 200
Max stops: 0
Max stop rate: 0.000
Real Fault Rank 1
===== SEED 59 | FR=0.3 | VR=80 =====
executing with fault mode: [0,1,2,2,4,5]

executing with fault mode: [0,1,2,2,4,5]

Fault scores (higher is better):
Fault: [0,1,2,2,4,5], logL: -28.435879, Exp of LogL: 0.000000, Normalized LogL: -1.053181, Exp of Normalized LogL: 0.348826, Best Rate: 0.3
Fault: [0,1,2,2,0,5], logL: -28.754332, Exp of LogL: 0.000000, Normalized LogL: -1.064975, Exp of Normalized LogL: 0.344736, Best Rate: 0.3
Fault: [0,1,2,2,5,5], logL: -28.754332, Exp of LogL: 0.000000, Normalized LogL: -1.064975, Exp of Normalized LogL: 0.344736, Best Rate: 0.3
Fault: [0,1,2,2,3,5], logL: -28.754332, Exp of LogL: 0.000000, Normalized LogL: -1.064975, Exp of Normalized LogL: 0.344736, Best Rate: 0.3
Fault: [0,1,2,2,2,5], logL: -28.754332, Exp of LogL: 0.000000, Normalized LogL: -1.064975, Exp of Normalized LogL: 0.344736, Best Rate: 0.3
Fault: [0,1,2,0,4,5], logL: -32.341139, Exp of LogL: 0.000000, Normalized LogL: -1.197820, Exp of Normalized LogL: 0.301852, Best Rate: 0.3
Fault: [0,1,2,1,4,5], logL: -33.580172, Exp of LogL: 0.000000, Normalized LogL: -1.243710, Exp of Normalized LogL: 0.288313, Best Rate: 0.3
Fault: [0,1,2,5,4,5], logL: -83.140290, Exp of LogL: 0.000000, Normalized LogL: -3.079270, Exp of Normalized LogL: 0.045993, Best Rate: 0.3
Fault: [0,1,2,4,4,5], logL: -83.140290, Exp of LogL: 0.000000, Normalized LogL: -3.079270, Exp of Normalized LogL: 0.045993, Best Rate: 0.3
Fault: [0,1,2,3,4,5], logL: -108.109626, Exp of LogL: 0.000000, Normalized LogL: -4.004060, Exp of Normalized LogL: 0.018241, Best Rate: 0.3

========= ADAPTIVE MC DEBUG =========
Total calls: 270
Avg tries: 150.00
Confidence stops: 270
Max stops: 0
Max stop rate: 0.000
Real Fault Rank 1
===== SEED 59 | FR=0.3 | VR=100 =====
executing with fault mode: [0,1,2,2,4,5]

executing with fault mode: [0,1,2,2,4,5]

Fault scores (higher is better):
Fault: [0,1,2,2,4,5], logL: -30.647731, Exp of LogL: 0.000000, Normalized LogL: -0.901404, Exp of Normalized LogL: 0.405999, Best Rate: 0.3
Fault: [0,1,2,2,0,5], logL: -30.985538, Exp of LogL: 0.000000, Normalized LogL: -0.911339, Exp of Normalized LogL: 0.401985, Best Rate: 0.3
Fault: [0,1,2,2,5,5], logL: -30.985538, Exp of LogL: 0.000000, Normalized LogL: -0.911339, Exp of Normalized LogL: 0.401985, Best Rate: 0.3
Fault: [0,1,2,2,3,5], logL: -30.985538, Exp of LogL: 0.000000, Normalized LogL: -0.911339, Exp of Normalized LogL: 0.401985, Best Rate: 0.3
Fault: [0,1,2,2,2,5], logL: -30.985538, Exp of LogL: 0.000000, Normalized LogL: -0.911339, Exp of Normalized LogL: 0.401985, Best Rate: 0.3
Fault: [0,1,2,0,4,5], logL: -35.561612, Exp of LogL: 0.000000, Normalized LogL: -1.045930, Exp of Normalized LogL: 0.351365, Best Rate: 0.3
Fault: [0,1,2,1,4,5], logL: -36.230434, Exp of LogL: 0.000000, Normalized LogL: -1.065601, Exp of Normalized LogL: 0.344521, Best Rate: 0.3
Fault: [0,1,2,5,4,5], logL: -109.422539, Exp of LogL: 0.000000, Normalized LogL: -3.218310, Exp of Normalized LogL: 0.040023, Best Rate: 0.3
Fault: [0,1,2,4,4,5], logL: -109.422539, Exp of LogL: 0.000000, Normalized LogL: -3.218310, Exp of Normalized LogL: 0.040023, Best Rate: 0.3
Fault: [0,1,2,3,4,5], logL: -134.564948, Exp of LogL: 0.000000, Normalized LogL: -3.957793, Exp of Normalized LogL: 0.019105, Best Rate: 0.3

========= ADAPTIVE MC DEBUG =========
Total calls: 340
Avg tries: 150.00
Confidence stops: 340
Max stops: 0
Max stop rate: 0.000
Real Fault Rank 1
================= 22/08/2026 04:48:52: SEED 59 END =================
================= 22/08/2026 04:48:52: SEED 60 (58/100), a*=0 fault=[1,1,2,3,4,5] START =================
===== SEED 60 | FR=0.3 | VR=20 =====
executing with fault mode: [1,1,2,3,4,5]

Fault scores (higher is better):
Fault: [1,1,2,3,4,5], logL: -9.934543, Exp of LogL: 0.000048, Normalized LogL: -1.986909, Exp of Normalized LogL: 0.137119, Best Rate: 0.3
Fault: [1,1,2,3,3,5], logL: -10.352278, Exp of LogL: 0.000032, Normalized LogL: -2.070456, Exp of Normalized LogL: 0.126128, Best Rate: 0.3
Fault: [1,1,2,3,5,5], logL: -10.352278, Exp of LogL: 0.000032, Normalized LogL: -2.070456, Exp of Normalized LogL: 0.126128, Best Rate: 0.3
Fault: [1,1,2,3,2,5], logL: -10.352278, Exp of LogL: 0.000032, Normalized LogL: -2.070456, Exp of Normalized LogL: 0.126128, Best Rate: 0.3
Fault: [1,1,2,3,0,5], logL: -10.352278, Exp of LogL: 0.000032, Normalized LogL: -2.070456, Exp of Normalized LogL: 0.126128, Best Rate: 0.3
Fault: [2,1,2,3,4,5], logL: -11.232201, Exp of LogL: 0.000013, Normalized LogL: -2.246440, Exp of Normalized LogL: 0.105775, Best Rate: 0.3
Fault: [3,1,2,3,4,5], logL: -11.674034, Exp of LogL: 0.000009, Normalized LogL: -2.334807, Exp of Normalized LogL: 0.096829, Best Rate: 0.3
Fault: [5,1,2,3,4,5], logL: -12.289991, Exp of LogL: 0.000005, Normalized LogL: -2.457998, Exp of Normalized LogL: 0.085606, Best Rate: 0.3
Fault: [4,1,2,3,4,5], logL: -12.289991, Exp of LogL: 0.000005, Normalized LogL: -2.457998, Exp of Normalized LogL: 0.085606, Best Rate: 0.3
Fault: [0,1,2,3,4,5], logL: -34.454762, Exp of LogL: 0.000000, Normalized LogL: -6.890952, Exp of Normalized LogL: 0.001017, Best Rate: 0.3

========= ADAPTIVE MC DEBUG =========
Total calls: 50
Avg tries: 160.00
Confidence stops: 50
Max stops: 0
Max stop rate: 0.000
Real Fault Rank 1
===== SEED 60 | FR=0.3 | VR=40 =====
executing with fault mode: [1,1,2,3,4,5]

Fault scores (higher is better):
Fault: [1,1,2,3,4,5], logL: -13.224013, Exp of LogL: 0.000002, Normalized LogL: -1.322401, Exp of Normalized LogL: 0.266495, Best Rate: 0.3
Fault: [1,1,2,3,3,5], logL: -13.580688, Exp of LogL: 0.000001, Normalized LogL: -1.358069, Exp of Normalized LogL: 0.257157, Best Rate: 0.3
Fault: [1,1,2,3,5,5], logL: -13.580688, Exp of LogL: 0.000001, Normalized LogL: -1.358069, Exp of Normalized LogL: 0.257157, Best Rate: 0.3
Fault: [1,1,2,3,2,5], logL: -13.580688, Exp of LogL: 0.000001, Normalized LogL: -1.358069, Exp of Normalized LogL: 0.257157, Best Rate: 0.3
Fault: [1,1,2,3,0,5], logL: -13.580688, Exp of LogL: 0.000001, Normalized LogL: -1.358069, Exp of Normalized LogL: 0.257157, Best Rate: 0.3
Fault: [2,1,2,3,4,5], logL: -15.328147, Exp of LogL: 0.000000, Normalized LogL: -1.532815, Exp of Normalized LogL: 0.215927, Best Rate: 0.3
Fault: [5,1,2,3,4,5], logL: -16.532120, Exp of LogL: 0.000000, Normalized LogL: -1.653212, Exp of Normalized LogL: 0.191434, Best Rate: 0.3
Fault: [4,1,2,3,4,5], logL: -16.532120, Exp of LogL: 0.000000, Normalized LogL: -1.653212, Exp of Normalized LogL: 0.191434, Best Rate: 0.3
Fault: [3,1,2,3,4,5], logL: -16.740337, Exp of LogL: 0.000000, Normalized LogL: -1.674034, Exp of Normalized LogL: 0.187489, Best Rate: 0.3
Fault: [0,1,2,3,4,5], logL: -39.901951, Exp of LogL: 0.000000, Normalized LogL: -3.990195, Exp of Normalized LogL: 0.018496, Best Rate: 0.3

========= ADAPTIVE MC DEBUG =========
Total calls: 100
Avg tries: 150.00
Confidence stops: 100
Max stops: 0
Max stop rate: 0.000
Real Fault Rank 1
===== SEED 60 | FR=0.3 | VR=60 =====
executing with fault mode: [1,1,2,3,4,5]

Fault scores (higher is better):
Fault: [2,1,2,3,4,5], logL: -16.014165, Exp of LogL: 0.000000, Normalized LogL: -1.143869, Exp of Normalized LogL: 0.318584, Best Rate: 0.3
Fault: [1,1,2,3,4,5], logL: -16.764035, Exp of LogL: 0.000000, Normalized LogL: -1.197431, Exp of Normalized LogL: 0.301969, Best Rate: 0.3
Fault: [1,1,2,3,3,5], logL: -17.120710, Exp of LogL: 0.000000, Normalized LogL: -1.222908, Exp of Normalized LogL: 0.294373, Best Rate: 0.3
Fault: [1,1,2,3,5,5], logL: -17.120710, Exp of LogL: 0.000000, Normalized LogL: -1.222908, Exp of Normalized LogL: 0.294373, Best Rate: 0.3
Fault: [1,1,2,3,2,5], logL: -17.120710, Exp of LogL: 0.000000, Normalized LogL: -1.222908, Exp of Normalized LogL: 0.294373, Best Rate: 0.3
Fault: [1,1,2,3,0,5], logL: -17.120710, Exp of LogL: 0.000000, Normalized LogL: -1.222908, Exp of Normalized LogL: 0.294373, Best Rate: 0.3
Fault: [5,1,2,3,4,5], logL: -17.874918, Exp of LogL: 0.000000, Normalized LogL: -1.276780, Exp of Normalized LogL: 0.278934, Best Rate: 0.3
Fault: [4,1,2,3,4,5], logL: -17.874918, Exp of LogL: 0.000000, Normalized LogL: -1.276780, Exp of Normalized LogL: 0.278934, Best Rate: 0.3
Fault: [3,1,2,3,4,5], logL: -18.469443, Exp of LogL: 0.000000, Normalized LogL: -1.319246, Exp of Normalized LogL: 0.267337, Best Rate: 0.3
Fault: [0,1,2,3,4,5], logL: -19.736273, Exp of LogL: 0.000000, Normalized LogL: -1.409734, Exp of Normalized LogL: 0.244208, Best Rate: 0.3

========= ADAPTIVE MC DEBUG =========
Total calls: 140
Avg tries: 150.00
Confidence stops: 140
Max stops: 0
Max stop rate: 0.000
Real Fault Rank 2
===== SEED 60 | FR=0.3 | VR=80 =====
executing with fault mode: [1,1,2,3,4,5]

Fault scores (higher is better):
Fault: [2,1,2,3,4,5], logL: -18.627985, Exp of LogL: 0.000000, Normalized LogL: -0.980420, Exp of Normalized LogL: 0.375153, Best Rate: 0.3
Fault: [1,1,2,3,4,5], logL: -19.962551, Exp of LogL: 0.000000, Normalized LogL: -1.050661, Exp of Normalized LogL: 0.349707, Best Rate: 0.3
Fault: [1,1,2,3,3,5], logL: -20.319226, Exp of LogL: 0.000000, Normalized LogL: -1.069433, Exp of Normalized LogL: 0.343203, Best Rate: 0.3
Fault: [1,1,2,3,5,5], logL: -20.319226, Exp of LogL: 0.000000, Normalized LogL: -1.069433, Exp of Normalized LogL: 0.343203, Best Rate: 0.3
Fault: [1,1,2,3,2,5], logL: -20.319226, Exp of LogL: 0.000000, Normalized LogL: -1.069433, Exp of Normalized LogL: 0.343203, Best Rate: 0.3
Fault: [1,1,2,3,0,5], logL: -20.319226, Exp of LogL: 0.000000, Normalized LogL: -1.069433, Exp of Normalized LogL: 0.343203, Best Rate: 0.3
Fault: [5,1,2,3,4,5], logL: -21.182028, Exp of LogL: 0.000000, Normalized LogL: -1.114844, Exp of Normalized LogL: 0.327967, Best Rate: 0.3
Fault: [4,1,2,3,4,5], logL: -21.182028, Exp of LogL: 0.000000, Normalized LogL: -1.114844, Exp of Normalized LogL: 0.327967, Best Rate: 0.3
Fault: [3,1,2,3,4,5], logL: -21.587446, Exp of LogL: 0.000000, Normalized LogL: -1.136181, Exp of Normalized LogL: 0.321043, Best Rate: 0.3
Fault: [0,1,2,3,4,5], logL: -21.969495, Exp of LogL: 0.000000, Normalized LogL: -1.156289, Exp of Normalized LogL: 0.314652, Best Rate: 0.3

========= ADAPTIVE MC DEBUG =========
Total calls: 190
Avg tries: 150.00
Confidence stops: 190
Max stops: 0
Max stop rate: 0.000
Real Fault Rank 2
===== SEED 60 | FR=0.3 | VR=100 =====
executing with fault mode: [1,1,2,3,4,5]

Fault scores (higher is better):
Fault: [1,1,2,3,4,5], logL: -21.756466, Exp of LogL: 0.000000, Normalized LogL: -0.906519, Exp of Normalized LogL: 0.403928, Best Rate: 0.3
Fault: [1,1,2,3,3,5], logL: -22.113140, Exp of LogL: 0.000000, Normalized LogL: -0.921381, Exp of Normalized LogL: 0.397969, Best Rate: 0.3
Fault: [1,1,2,3,5,5], logL: -22.113140, Exp of LogL: 0.000000, Normalized LogL: -0.921381, Exp of Normalized LogL: 0.397969, Best Rate: 0.3
Fault: [1,1,2,3,2,5], logL: -22.113140, Exp of LogL: 0.000000, Normalized LogL: -0.921381, Exp of Normalized LogL: 0.397969, Best Rate: 0.3
Fault: [1,1,2,3,0,5], logL: -22.113140, Exp of LogL: 0.000000, Normalized LogL: -0.921381, Exp of Normalized LogL: 0.397969, Best Rate: 0.3
Fault: [3,1,2,3,4,5], logL: -25.402901, Exp of LogL: 0.000000, Normalized LogL: -1.058454, Exp of Normalized LogL: 0.346992, Best Rate: 0.3
Fault: [2,1,2,3,4,5], logL: -72.018779, Exp of LogL: 0.000000, Normalized LogL: -3.000782, Exp of Normalized LogL: 0.049748, Best Rate: 0.3
Fault: [0,1,2,3,4,5], logL: -72.966757, Exp of LogL: 0.000000, Normalized LogL: -3.040282, Exp of Normalized LogL: 0.047821, Best Rate: 0.3
Fault: [5,1,2,3,4,5], logL: -74.418671, Exp of LogL: 0.000000, Normalized LogL: -3.100778, Exp of Normalized LogL: 0.045014, Best Rate: 0.3
Fault: [4,1,2,3,4,5], logL: -74.418671, Exp of LogL: 0.000000, Normalized LogL: -3.100778, Exp of Normalized LogL: 0.045014, Best Rate: 0.3

========= ADAPTIVE MC DEBUG =========
Total calls: 240
Avg tries: 150.00
Confidence stops: 240
Max stops: 0
Max stop rate: 0.000
Real Fault Rank 1
================= 22/08/2026 04:49:11: SEED 60 END =================
================= 22/08/2026 04:49:11: SEED 61 (59/100), a*=0 fault=[4,1,2,3,4,5] START =================
===== SEED 61 | FR=0.3 | VR=20 =====
executing with fault mode: [4,1,2,3,4,5]

executing with fault mode: [4,1,2,3,4,5]

executing with fault mode: [4,1,2,3,4,5]

Fault scores (higher is better):
Fault: [2,1,2,3,4,5], logL: -7.865362, Exp of LogL: 0.000384, Normalized LogL: -1.966340, Exp of Normalized LogL: 0.139968, Best Rate: 0.3
Fault: [4,1,2,3,4,5], logL: -8.267005, Exp of LogL: 0.000257, Normalized LogL: -2.066751, Exp of Normalized LogL: 0.126596, Best Rate: 0.3
Fault: [5,1,2,3,4,5], logL: -8.267005, Exp of LogL: 0.000257, Normalized LogL: -2.066751, Exp of Normalized LogL: 0.126596, Best Rate: 0.3
Fault: [4,1,5,3,4,5], logL: -8.449327, Exp of LogL: 0.000214, Normalized LogL: -2.112332, Exp of Normalized LogL: 0.120956, Best Rate: 0.3
Fault: [4,1,4,3,4,5], logL: -8.449327, Exp of LogL: 0.000214, Normalized LogL: -2.112332, Exp of Normalized LogL: 0.120956, Best Rate: 0.3
Fault: [4,1,1,3,4,5], logL: -8.575741, Exp of LogL: 0.000189, Normalized LogL: -2.143935, Exp of Normalized LogL: 0.117193, Best Rate: 0.3
Fault: [4,1,0,3,4,5], logL: -9.114303, Exp of LogL: 0.000110, Normalized LogL: -2.278576, Exp of Normalized LogL: 0.102430, Best Rate: 0.3
Fault: [0,1,2,3,4,5], logL: -10.285236, Exp of LogL: 0.000034, Normalized LogL: -2.571309, Exp of Normalized LogL: 0.076435, Best Rate: 0.3
Fault: [1,1,2,3,4,5], logL: -10.354229, Exp of LogL: 0.000032, Normalized LogL: -2.588557, Exp of Normalized LogL: 0.075128, Best Rate: 0.3
Fault: [3,1,2,3,4,5], logL: -10.396789, Exp of LogL: 0.000031, Normalized LogL: -2.599197, Exp of Normalized LogL: 0.074333, Best Rate: 0.3

========= ADAPTIVE MC DEBUG =========
Total calls: 40
Avg tries: 162.50
Confidence stops: 40
Max stops: 0
Max stop rate: 0.000
Real Fault Rank 2
===== SEED 61 | FR=0.3 | VR=40 =====
executing with fault mode: [4,1,2,3,4,5]

executing with fault mode: [4,1,2,3,4,5]

executing with fault mode: [4,1,2,3,4,5]

Fault scores (higher is better):
Fault: [2,1,2,3,4,5], logL: -10.176722, Exp of LogL: 0.000038, Normalized LogL: -1.272090, Exp of Normalized LogL: 0.280245, Best Rate: 0.3
Fault: [4,1,2,3,4,5], logL: -10.791226, Exp of LogL: 0.000021, Normalized LogL: -1.348903, Exp of Normalized LogL: 0.259525, Best Rate: 0.3
Fault: [5,1,2,3,4,5], logL: -10.791226, Exp of LogL: 0.000021, Normalized LogL: -1.348903, Exp of Normalized LogL: 0.259525, Best Rate: 0.3
Fault: [4,1,5,3,4,5], logL: -11.061449, Exp of LogL: 0.000016, Normalized LogL: -1.382681, Exp of Normalized LogL: 0.250905, Best Rate: 0.3
Fault: [4,1,4,3,4,5], logL: -11.061449, Exp of LogL: 0.000016, Normalized LogL: -1.382681, Exp of Normalized LogL: 0.250905, Best Rate: 0.3
Fault: [4,1,1,3,4,5], logL: -11.111393, Exp of LogL: 0.000015, Normalized LogL: -1.388924, Exp of Normalized LogL: 0.249343, Best Rate: 0.3
Fault: [4,1,0,3,4,5], logL: -11.344016, Exp of LogL: 0.000012, Normalized LogL: -1.418002, Exp of Normalized LogL: 0.242197, Best Rate: 0.3
Fault: [1,1,2,3,4,5], logL: -13.709255, Exp of LogL: 0.000001, Normalized LogL: -1.713657, Exp of Normalized LogL: 0.180206, Best Rate: 0.3
Fault: [0,1,2,3,4,5], logL: -14.056529, Exp of LogL: 0.000001, Normalized LogL: -1.757066, Exp of Normalized LogL: 0.172550, Best Rate: 0.3
Fault: [3,1,2,3,4,5], logL: -15.259852, Exp of LogL: 0.000000, Normalized LogL: -1.907482, Exp of Normalized LogL: 0.148454, Best Rate: 0.3

========= ADAPTIVE MC DEBUG =========
Total calls: 80
Avg tries: 156.25
Confidence stops: 80
Max stops: 0
Max stop rate: 0.000
Real Fault Rank 2
===== SEED 61 | FR=0.3 | VR=60 =====
executing with fault mode: [4,1,2,3,4,5]

executing with fault mode: [4,1,2,3,4,5]

executing with fault mode: [4,1,2,3,4,5]

Fault scores (higher is better):
Fault: [2,1,2,3,4,5], logL: -12.105014, Exp of LogL: 0.000006, Normalized LogL: -1.008751, Exp of Normalized LogL: 0.364674, Best Rate: 0.3
Fault: [4,1,2,3,4,5], logL: -12.887338, Exp of LogL: 0.000003, Normalized LogL: -1.073945, Exp of Normalized LogL: 0.341658, Best Rate: 0.3
Fault: [5,1,2,3,4,5], logL: -12.887338, Exp of LogL: 0.000003, Normalized LogL: -1.073945, Exp of Normalized LogL: 0.341658, Best Rate: 0.3
Fault: [4,1,0,3,4,5], logL: -13.806368, Exp of LogL: 0.000001, Normalized LogL: -1.150531, Exp of Normalized LogL: 0.316469, Best Rate: 0.3
Fault: [4,1,1,3,4,5], logL: -13.966711, Exp of LogL: 0.000001, Normalized LogL: -1.163893, Exp of Normalized LogL: 0.312268, Best Rate: 0.3
Fault: [4,1,5,3,4,5], logL: -14.115472, Exp of LogL: 0.000001, Normalized LogL: -1.176289, Exp of Normalized LogL: 0.308421, Best Rate: 0.3
Fault: [4,1,4,3,4,5], logL: -14.115472, Exp of LogL: 0.000001, Normalized LogL: -1.176289, Exp of Normalized LogL: 0.308421, Best Rate: 0.3
Fault: [0,1,2,3,4,5], logL: -14.974620, Exp of LogL: 0.000000, Normalized LogL: -1.247885, Exp of Normalized LogL: 0.287111, Best Rate: 0.3
Fault: [1,1,2,3,4,5], logL: -15.021958, Exp of LogL: 0.000000, Normalized LogL: -1.251830, Exp of Normalized LogL: 0.285981, Best Rate: 0.3
Fault: [3,1,2,3,4,5], logL: -16.242425, Exp of LogL: 0.000000, Normalized LogL: -1.353535, Exp of Normalized LogL: 0.258325, Best Rate: 0.3

========= ADAPTIVE MC DEBUG =========
Total calls: 120
Avg tries: 150.00
Confidence stops: 120
Max stops: 0
Max stop rate: 0.000
Real Fault Rank 2
===== SEED 61 | FR=0.3 | VR=80 =====
executing with fault mode: [4,1,2,3,4,5]

executing with fault mode: [4,1,2,3,4,5]

executing with fault mode: [4,1,2,3,4,5]

Fault scores (higher is better):
Fault: [2,1,2,3,4,5], logL: -14.318423, Exp of LogL: 0.000001, Normalized LogL: -0.894901, Exp of Normalized LogL: 0.408648, Best Rate: 0.3
Fault: [4,1,2,3,4,5], logL: -15.178708, Exp of LogL: 0.000000, Normalized LogL: -0.948669, Exp of Normalized LogL: 0.387256, Best Rate: 0.3
Fault: [5,1,2,3,4,5], logL: -15.178708, Exp of LogL: 0.000000, Normalized LogL: -0.948669, Exp of Normalized LogL: 0.387256, Best Rate: 0.3
Fault: [4,1,0,3,4,5], logL: -15.920057, Exp of LogL: 0.000000, Normalized LogL: -0.995004, Exp of Normalized LogL: 0.369722, Best Rate: 0.3
Fault: [4,1,1,3,4,5], logL: -16.037840, Exp of LogL: 0.000000, Normalized LogL: -1.002365, Exp of Normalized LogL: 0.367010, Best Rate: 0.3
Fault: [4,1,5,3,4,5], logL: -16.157187, Exp of LogL: 0.000000, Normalized LogL: -1.009824, Exp of Normalized LogL: 0.364283, Best Rate: 0.3
Fault: [4,1,4,3,4,5], logL: -16.157187, Exp of LogL: 0.000000, Normalized LogL: -1.009824, Exp of Normalized LogL: 0.364283, Best Rate: 0.3
Fault: [0,1,2,3,4,5], logL: -17.668184, Exp of LogL: 0.000000, Normalized LogL: -1.104261, Exp of Normalized LogL: 0.331456, Best Rate: 0.3
Fault: [1,1,2,3,4,5], logL: -17.679573, Exp of LogL: 0.000000, Normalized LogL: -1.104973, Exp of Normalized LogL: 0.331220, Best Rate: 0.3
Fault: [3,1,2,3,4,5], logL: -19.315311, Exp of LogL: 0.000000, Normalized LogL: -1.207207, Exp of Normalized LogL: 0.299031, Best Rate: 0.3

========= ADAPTIVE MC DEBUG =========
Total calls: 160
Avg tries: 150.00
Confidence stops: 160
Max stops: 0
Max stop rate: 0.000
Real Fault Rank 2
===== SEED 61 | FR=0.3 | VR=100 =====
executing with fault mode: [4,1,2,3,4,5]

executing with fault mode: [4,1,2,3,4,5]

executing with fault mode: [4,1,2,3,4,5]

Fault scores (higher is better):
Fault: [2,1,2,3,4,5], logL: -16.480698, Exp of LogL: 0.000000, Normalized LogL: -0.824035, Exp of Normalized LogL: 0.438658, Best Rate: 0.3
Fault: [4,1,2,3,4,5], logL: -17.599929, Exp of LogL: 0.000000, Normalized LogL: -0.879996, Exp of Normalized LogL: 0.414784, Best Rate: 0.3
Fault: [5,1,2,3,4,5], logL: -17.599929, Exp of LogL: 0.000000, Normalized LogL: -0.879996, Exp of Normalized LogL: 0.414784, Best Rate: 0.3
Fault: [4,1,0,3,4,5], logL: -18.101453, Exp of LogL: 0.000000, Normalized LogL: -0.905073, Exp of Normalized LogL: 0.404513, Best Rate: 0.3
Fault: [4,1,1,3,4,5], logL: -18.113875, Exp of LogL: 0.000000, Normalized LogL: -0.905694, Exp of Normalized LogL: 0.404261, Best Rate: 0.3
Fault: [4,1,5,3,4,5], logL: -18.284515, Exp of LogL: 0.000000, Normalized LogL: -0.914226, Exp of Normalized LogL: 0.400827, Best Rate: 0.3
Fault: [4,1,4,3,4,5], logL: -18.284515, Exp of LogL: 0.000000, Normalized LogL: -0.914226, Exp of Normalized LogL: 0.400827, Best Rate: 0.3
Fault: [0,1,2,3,4,5], logL: -18.925597, Exp of LogL: 0.000000, Normalized LogL: -0.946280, Exp of Normalized LogL: 0.388182, Best Rate: 0.3
Fault: [1,1,2,3,4,5], logL: -20.008829, Exp of LogL: 0.000000, Normalized LogL: -1.000441, Exp of Normalized LogL: 0.367717, Best Rate: 0.3
Fault: [3,1,2,3,4,5], logL: -20.891011, Exp of LogL: 0.000000, Normalized LogL: -1.044551, Exp of Normalized LogL: 0.351850, Best Rate: 0.3

========= ADAPTIVE MC DEBUG =========
Total calls: 200
Avg tries: 150.00
Confidence stops: 200
Max stops: 0
Max stop rate: 0.000
Real Fault Rank 2
================= 22/08/2026 04:49:27: SEED 61 END =================
================= 22/08/2026 04:49:27: SEED 62 (60/100), a*=3 fault=[0,1,2,4,4,5] START =================
===== SEED 62 | FR=0.3 | VR=20 =====
executing with fault mode: [0,1,2,4,4,5]

Fault scores (higher is better):
Fault: [0,1,2,5,4,5], logL: -6.393196, Exp of LogL: 0.001673, Normalized LogL: -1.598299, Exp of Normalized LogL: 0.202240, Best Rate: 0.3
Fault: [0,1,2,4,4,5], logL: -6.393196, Exp of LogL: 0.001673, Normalized LogL: -1.598299, Exp of Normalized LogL: 0.202240, Best Rate: 0.3
Fault: [0,1,1,4,4,5], logL: -6.423049, Exp of LogL: 0.001624, Normalized LogL: -1.605762, Exp of Normalized LogL: 0.200736, Best Rate: 0.3
Fault: [0,1,2,1,4,5], logL: -6.629585, Exp of LogL: 0.001321, Normalized LogL: -1.657396, Exp of Normalized LogL: 0.190635, Best Rate: 0.3
Fault: [0,1,2,0,4,5], logL: -6.629585, Exp of LogL: 0.001321, Normalized LogL: -1.657396, Exp of Normalized LogL: 0.190635, Best Rate: 0.3
Fault: [0,1,2,3,4,5], logL: -6.629585, Exp of LogL: 0.001321, Normalized LogL: -1.657396, Exp of Normalized LogL: 0.190635, Best Rate: 0.3
Fault: [0,1,3,4,4,5], logL: -6.661460, Exp of LogL: 0.001279, Normalized LogL: -1.665365, Exp of Normalized LogL: 0.189122, Best Rate: 0.3
Fault: [0,1,2,2,4,5], logL: -6.852729, Exp of LogL: 0.001057, Normalized LogL: -1.713182, Exp of Normalized LogL: 0.180291, Best Rate: 0.3
Fault: [0,1,5,4,4,5], logL: -6.875034, Exp of LogL: 0.001033, Normalized LogL: -1.718759, Exp of Normalized LogL: 0.179289, Best Rate: 0.3
Fault: [0,1,4,4,4,5], logL: -6.875034, Exp of LogL: 0.001033, Normalized LogL: -1.718759, Exp of Normalized LogL: 0.179289, Best Rate: 0.3

========= ADAPTIVE MC DEBUG =========
Total calls: 40
Avg tries: 175.00
Confidence stops: 40
Max stops: 0
Max stop rate: 0.000
Real Fault Rank 2
===== SEED 62 | FR=0.3 | VR=40 =====
executing with fault mode: [0,1,2,4,4,5]

Fault scores (higher is better):
Fault: [0,1,2,5,4,5], logL: -13.285880, Exp of LogL: 0.000002, Normalized LogL: -1.660735, Exp of Normalized LogL: 0.189999, Best Rate: 0.3
Fault: [0,1,2,4,4,5], logL: -13.285880, Exp of LogL: 0.000002, Normalized LogL: -1.660735, Exp of Normalized LogL: 0.189999, Best Rate: 0.3
Fault: [0,1,2,3,4,5], logL: -13.285880, Exp of LogL: 0.000002, Normalized LogL: -1.660735, Exp of Normalized LogL: 0.189999, Best Rate: 0.3
Fault: [0,1,2,1,4,5], logL: -13.452934, Exp of LogL: 0.000001, Normalized LogL: -1.681617, Exp of Normalized LogL: 0.186073, Best Rate: 0.3
Fault: [0,1,2,0,4,5], logL: -13.452934, Exp of LogL: 0.000001, Normalized LogL: -1.681617, Exp of Normalized LogL: 0.186073, Best Rate: 0.3
Fault: [0,1,1,4,4,5], logL: -13.480036, Exp of LogL: 0.000001, Normalized LogL: -1.685004, Exp of Normalized LogL: 0.185444, Best Rate: 0.3
Fault: [0,1,3,4,4,5], logL: -13.721198, Exp of LogL: 0.000001, Normalized LogL: -1.715150, Exp of Normalized LogL: 0.179937, Best Rate: 0.3
Fault: [0,1,5,4,4,5], logL: -13.721198, Exp of LogL: 0.000001, Normalized LogL: -1.715150, Exp of Normalized LogL: 0.179937, Best Rate: 0.3
Fault: [0,1,4,4,4,5], logL: -13.721198, Exp of LogL: 0.000001, Normalized LogL: -1.715150, Exp of Normalized LogL: 0.179937, Best Rate: 0.3
Fault: [0,1,2,2,4,5], logL: -13.771387, Exp of LogL: 0.000001, Normalized LogL: -1.721423, Exp of Normalized LogL: 0.178811, Best Rate: 0.3

========= ADAPTIVE MC DEBUG =========
Total calls: 80
Avg tries: 156.25
Confidence stops: 80
Max stops: 0
Max stop rate: 0.000
Real Fault Rank 2
===== SEED 62 | FR=0.3 | VR=60 =====
executing with fault mode: [0,1,2,4,4,5]

Fault scores (higher is better):
Fault: [0,1,2,3,4,5], logL: -16.490711, Exp of LogL: 0.000000, Normalized LogL: -1.374226, Exp of Normalized LogL: 0.253035, Best Rate: 0.3
Fault: [0,1,2,1,4,5], logL: -16.594253, Exp of LogL: 0.000000, Normalized LogL: -1.382854, Exp of Normalized LogL: 0.250861, Best Rate: 0.3
Fault: [0,1,2,5,4,5], logL: -16.731423, Exp of LogL: 0.000000, Normalized LogL: -1.394285, Exp of Normalized LogL: 0.248010, Best Rate: 0.3
Fault: [0,1,2,4,4,5], logL: -16.731423, Exp of LogL: 0.000000, Normalized LogL: -1.394285, Exp of Normalized LogL: 0.248010, Best Rate: 0.3
Fault: [0,1,1,4,4,5], logL: -16.925579, Exp of LogL: 0.000000, Normalized LogL: -1.410465, Exp of Normalized LogL: 0.244030, Best Rate: 0.3
Fault: [0,1,3,4,4,5], logL: -17.166742, Exp of LogL: 0.000000, Normalized LogL: -1.430562, Exp of Normalized LogL: 0.239175, Best Rate: 0.3
Fault: [0,1,5,4,4,5], logL: -17.166742, Exp of LogL: 0.000000, Normalized LogL: -1.430562, Exp of Normalized LogL: 0.239175, Best Rate: 0.3
Fault: [0,1,4,4,4,5], logL: -17.166742, Exp of LogL: 0.000000, Normalized LogL: -1.430562, Exp of Normalized LogL: 0.239175, Best Rate: 0.3
Fault: [0,1,2,2,4,5], logL: -17.483411, Exp of LogL: 0.000000, Normalized LogL: -1.456951, Exp of Normalized LogL: 0.232945, Best Rate: 0.3
Fault: [0,1,2,0,4,5], logL: -17.935881, Exp of LogL: 0.000000, Normalized LogL: -1.494657, Exp of Normalized LogL: 0.224326, Best Rate: 0.3

========= ADAPTIVE MC DEBUG =========
Total calls: 120
Avg tries: 150.00
Confidence stops: 120
Max stops: 0
Max stop rate: 0.000
Real Fault Rank 4
===== SEED 62 | FR=0.3 | VR=80 =====
executing with fault mode: [0,1,2,4,4,5]

Fault scores (higher is better):
Fault: [0,1,2,5,4,5], logL: -17.606239, Exp of LogL: 0.000000, Normalized LogL: -1.100390, Exp of Normalized LogL: 0.332741, Best Rate: 0.3
Fault: [0,1,2,4,4,5], logL: -17.606239, Exp of LogL: 0.000000, Normalized LogL: -1.100390, Exp of Normalized LogL: 0.332741, Best Rate: 0.3
Fault: [0,1,1,4,4,5], logL: -17.767012, Exp of LogL: 0.000000, Normalized LogL: -1.110438, Exp of Normalized LogL: 0.329415, Best Rate: 0.3
Fault: [0,1,3,4,4,5], logL: -17.917294, Exp of LogL: 0.000000, Normalized LogL: -1.119831, Exp of Normalized LogL: 0.326335, Best Rate: 0.3
Fault: [0,1,5,4,4,5], logL: -17.917294, Exp of LogL: 0.000000, Normalized LogL: -1.119831, Exp of Normalized LogL: 0.326335, Best Rate: 0.3
Fault: [0,1,4,4,4,5], logL: -17.917294, Exp of LogL: 0.000000, Normalized LogL: -1.119831, Exp of Normalized LogL: 0.326335, Best Rate: 0.3
Fault: [0,1,2,1,4,5], logL: -42.556786, Exp of LogL: 0.000000, Normalized LogL: -2.659799, Exp of Normalized LogL: 0.069962, Best Rate: 0.3
Fault: [0,1,2,3,4,5], logL: -42.793859, Exp of LogL: 0.000000, Normalized LogL: -2.674616, Exp of Normalized LogL: 0.068933, Best Rate: 0.3
Fault: [0,1,2,2,4,5], logL: -43.309368, Exp of LogL: 0.000000, Normalized LogL: -2.706836, Exp of Normalized LogL: 0.066748, Best Rate: 0.3
Fault: [0,1,2,0,4,5], logL: -43.729018, Exp of LogL: 0.000000, Normalized LogL: -2.733064, Exp of Normalized LogL: 0.065020, Best Rate: 0.3

========= ADAPTIVE MC DEBUG =========
Total calls: 160
Avg tries: 150.00
Confidence stops: 160
Max stops: 0
Max stop rate: 0.000
Real Fault Rank 2
===== SEED 62 | FR=0.3 | VR=100 =====
executing with fault mode: [0,1,2,4,4,5]

Fault scores (higher is better):
Fault: [0,1,2,5,4,5], logL: -18.083415, Exp of LogL: 0.000000, Normalized LogL: -0.904171, Exp of Normalized LogL: 0.404877, Best Rate: 0.3
Fault: [0,1,2,4,4,5], logL: -18.083415, Exp of LogL: 0.000000, Normalized LogL: -0.904171, Exp of Normalized LogL: 0.404877, Best Rate: 0.3
Fault: [0,1,1,4,4,5], logL: -18.244188, Exp of LogL: 0.000000, Normalized LogL: -0.912209, Exp of Normalized LogL: 0.401636, Best Rate: 0.3
Fault: [0,1,3,4,4,5], logL: -18.394470, Exp of LogL: 0.000000, Normalized LogL: -0.919724, Exp of Normalized LogL: 0.398629, Best Rate: 0.3
Fault: [0,1,5,4,4,5], logL: -18.394470, Exp of LogL: 0.000000, Normalized LogL: -0.919724, Exp of Normalized LogL: 0.398629, Best Rate: 0.3
Fault: [0,1,4,4,4,5], logL: -18.394470, Exp of LogL: 0.000000, Normalized LogL: -0.919724, Exp of Normalized LogL: 0.398629, Best Rate: 0.3
Fault: [0,1,2,1,4,5], logL: -43.204587, Exp of LogL: 0.000000, Normalized LogL: -2.160229, Exp of Normalized LogL: 0.115299, Best Rate: 0.3
Fault: [0,1,2,3,4,5], logL: -43.242047, Exp of LogL: 0.000000, Normalized LogL: -2.162102, Exp of Normalized LogL: 0.115083, Best Rate: 0.3
Fault: [0,1,2,2,4,5], logL: -44.029490, Exp of LogL: 0.000000, Normalized LogL: -2.201475, Exp of Normalized LogL: 0.110640, Best Rate: 0.3
Fault: [0,1,2,0,4,5], logL: -44.388515, Exp of LogL: 0.000000, Normalized LogL: -2.219426, Exp of Normalized LogL: 0.108671, Best Rate: 0.3

========= ADAPTIVE MC DEBUG =========
Total calls: 200
Avg tries: 150.00
Confidence stops: 200
Max stops: 0
Max stop rate: 0.000
Real Fault Rank 2
================= 22/08/2026 04:49:44: SEED 62 END =================
================= 22/08/2026 04:49:44: SEED 63 (61/100), a*=1 fault=[0,4,2,3,4,5] START =================
===== SEED 63 | FR=0.3 | VR=20 =====
executing with fault mode: [0,4,2,3,4,5]

Fault scores (higher is better):
Fault: [0,4,2,3,4,5], logL: -18.385756, Exp of LogL: 0.000000, Normalized LogL: -2.042862, Exp of Normalized LogL: 0.129657, Best Rate: 0.3
Fault: [0,5,2,3,4,5], logL: -18.385756, Exp of LogL: 0.000000, Normalized LogL: -2.042862, Exp of Normalized LogL: 0.129657, Best Rate: 0.3
Fault: [0,4,2,3,2,5], logL: -18.576812, Exp of LogL: 0.000000, Normalized LogL: -2.064090, Exp of Normalized LogL: 0.126934, Best Rate: 0.3
Fault: [0,4,2,3,1,5], logL: -18.576812, Exp of LogL: 0.000000, Normalized LogL: -2.064090, Exp of Normalized LogL: 0.126934, Best Rate: 0.3
Fault: [0,4,2,3,5,5], logL: -18.576812, Exp of LogL: 0.000000, Normalized LogL: -2.064090, Exp of Normalized LogL: 0.126934, Best Rate: 0.3
Fault: [0,4,2,3,3,5], logL: -18.576812, Exp of LogL: 0.000000, Normalized LogL: -2.064090, Exp of Normalized LogL: 0.126934, Best Rate: 0.3
Fault: [0,1,2,3,4,5], logL: -18.890027, Exp of LogL: 0.000000, Normalized LogL: -2.098892, Exp of Normalized LogL: 0.122592, Best Rate: 0.3
Fault: [0,3,2,3,4,5], logL: -18.956301, Exp of LogL: 0.000000, Normalized LogL: -2.106256, Exp of Normalized LogL: 0.121693, Best Rate: 0.3
Fault: [0,2,2,3,4,5], logL: -19.344607, Exp of LogL: 0.000000, Normalized LogL: -2.149401, Exp of Normalized LogL: 0.116554, Best Rate: 0.3
Fault: [0,0,2,3,4,5], logL: -20.483263, Exp of LogL: 0.000000, Normalized LogL: -2.275918, Exp of Normalized LogL: 0.102703, Best Rate: 0.3

========= ADAPTIVE MC DEBUG =========
Total calls: 90
Avg tries: 172.22
Confidence stops: 90
Max stops: 0
Max stop rate: 0.000
Real Fault Rank 1
===== SEED 63 | FR=0.3 | VR=40 =====
executing with fault mode: [0,4,2,3,4,5]

Fault scores (higher is better):
Fault: [0,4,2,3,4,5], logL: -24.772423, Exp of LogL: 0.000000, Normalized LogL: -1.457201, Exp of Normalized LogL: 0.232887, Best Rate: 0.3
Fault: [0,5,2,3,4,5], logL: -24.772423, Exp of LogL: 0.000000, Normalized LogL: -1.457201, Exp of Normalized LogL: 0.232887, Best Rate: 0.3
Fault: [0,4,2,3,2,5], logL: -25.147117, Exp of LogL: 0.000000, Normalized LogL: -1.479242, Exp of Normalized LogL: 0.227810, Best Rate: 0.3
Fault: [0,4,2,3,1,5], logL: -25.147117, Exp of LogL: 0.000000, Normalized LogL: -1.479242, Exp of Normalized LogL: 0.227810, Best Rate: 0.3
Fault: [0,4,2,3,5,5], logL: -25.147117, Exp of LogL: 0.000000, Normalized LogL: -1.479242, Exp of Normalized LogL: 0.227810, Best Rate: 0.3
Fault: [0,4,2,3,3,5], logL: -25.147117, Exp of LogL: 0.000000, Normalized LogL: -1.479242, Exp of Normalized LogL: 0.227810, Best Rate: 0.3
Fault: [0,2,2,3,4,5], logL: -25.876151, Exp of LogL: 0.000000, Normalized LogL: -1.522127, Exp of Normalized LogL: 0.218247, Best Rate: 0.3
Fault: [0,1,2,3,4,5], logL: -27.765076, Exp of LogL: 0.000000, Normalized LogL: -1.633240, Exp of Normalized LogL: 0.195296, Best Rate: 0.3
Fault: [0,0,2,3,4,5], logL: -27.914247, Exp of LogL: 0.000000, Normalized LogL: -1.642015, Exp of Normalized LogL: 0.193590, Best Rate: 0.3
Fault: [0,3,2,3,4,5], logL: -29.395441, Exp of LogL: 0.000000, Normalized LogL: -1.729144, Exp of Normalized LogL: 0.177436, Best Rate: 0.3

========= ADAPTIVE MC DEBUG =========
Total calls: 170
Avg tries: 152.94
Confidence stops: 170
Max stops: 0
Max stop rate: 0.000
Real Fault Rank 1
===== SEED 63 | FR=0.3 | VR=60 =====
executing with fault mode: [0,4,2,3,4,5]

Fault scores (higher is better):
Fault: [0,4,2,3,4,5], logL: -31.145474, Exp of LogL: 0.000000, Normalized LogL: -1.197903, Exp of Normalized LogL: 0.301827, Best Rate: 0.3
Fault: [0,5,2,3,4,5], logL: -31.145474, Exp of LogL: 0.000000, Normalized LogL: -1.197903, Exp of Normalized LogL: 0.301827, Best Rate: 0.3
Fault: [0,4,2,3,2,5], logL: -31.411177, Exp of LogL: 0.000000, Normalized LogL: -1.208122, Exp of Normalized LogL: 0.298758, Best Rate: 0.3
Fault: [0,4,2,3,1,5], logL: -31.411177, Exp of LogL: 0.000000, Normalized LogL: -1.208122, Exp of Normalized LogL: 0.298758, Best Rate: 0.3
Fault: [0,4,2,3,5,5], logL: -31.411177, Exp of LogL: 0.000000, Normalized LogL: -1.208122, Exp of Normalized LogL: 0.298758, Best Rate: 0.3
Fault: [0,4,2,3,3,5], logL: -31.411177, Exp of LogL: 0.000000, Normalized LogL: -1.208122, Exp of Normalized LogL: 0.298758, Best Rate: 0.3
Fault: [0,2,2,3,4,5], logL: -32.264127, Exp of LogL: 0.000000, Normalized LogL: -1.240928, Exp of Normalized LogL: 0.289116, Best Rate: 0.3
Fault: [0,1,2,3,4,5], logL: -34.510717, Exp of LogL: 0.000000, Normalized LogL: -1.327335, Exp of Normalized LogL: 0.265183, Best Rate: 0.3
Fault: [0,0,2,3,4,5], logL: -34.547397, Exp of LogL: 0.000000, Normalized LogL: -1.328746, Exp of Normalized LogL: 0.264809, Best Rate: 0.3
Fault: [0,3,2,3,4,5], logL: -35.768491, Exp of LogL: 0.000000, Normalized LogL: -1.375711, Exp of Normalized LogL: 0.252660, Best Rate: 0.3

========= ADAPTIVE MC DEBUG =========
Total calls: 260
Avg tries: 150.00
Confidence stops: 260
Max stops: 0
Max stop rate: 0.000
Real Fault Rank 1
===== SEED 63 | FR=0.3 | VR=80 =====
executing with fault mode: [0,4,2,3,4,5]

Fault scores (higher is better):
Fault: [0,4,2,3,4,5], logL: -65.950161, Exp of LogL: 0.000000, Normalized LogL: -1.939711, Exp of Normalized LogL: 0.143746, Best Rate: 0.3
Fault: [0,5,2,3,4,5], logL: -65.950161, Exp of LogL: 0.000000, Normalized LogL: -1.939711, Exp of Normalized LogL: 0.143746, Best Rate: 0.3
Fault: [0,4,2,3,2,5], logL: -66.215865, Exp of LogL: 0.000000, Normalized LogL: -1.947525, Exp of Normalized LogL: 0.142627, Best Rate: 0.3
Fault: [0,4,2,3,1,5], logL: -66.215865, Exp of LogL: 0.000000, Normalized LogL: -1.947525, Exp of Normalized LogL: 0.142627, Best Rate: 0.3
Fault: [0,4,2,3,5,5], logL: -66.215865, Exp of LogL: 0.000000, Normalized LogL: -1.947525, Exp of Normalized LogL: 0.142627, Best Rate: 0.3
Fault: [0,4,2,3,3,5], logL: -66.215865, Exp of LogL: 0.000000, Normalized LogL: -1.947525, Exp of Normalized LogL: 0.142627, Best Rate: 0.3
Fault: [0,2,2,3,4,5], logL: -66.221517, Exp of LogL: 0.000000, Normalized LogL: -1.947692, Exp of Normalized LogL: 0.142603, Best Rate: 0.3
Fault: [0,1,2,3,4,5], logL: -67.130643, Exp of LogL: 0.000000, Normalized LogL: -1.974431, Exp of Normalized LogL: 0.138840, Best Rate: 0.3
Fault: [0,0,2,3,4,5], logL: -69.369242, Exp of LogL: 0.000000, Normalized LogL: -2.040272, Exp of Normalized LogL: 0.129993, Best Rate: 0.3
Fault: [0,3,2,3,4,5], logL: -70.161643, Exp of LogL: 0.000000, Normalized LogL: -2.063578, Exp of Normalized LogL: 0.126999, Best Rate: 0.3

========= ADAPTIVE MC DEBUG =========
Total calls: 340
Avg tries: 150.00
Confidence stops: 340
Max stops: 0
Max stop rate: 0.000
Real Fault Rank 1
===== SEED 63 | FR=0.3 | VR=100 =====
executing with fault mode: [0,4,2,3,4,5]

Fault scores (higher is better):
Fault: [0,4,2,3,4,5], logL: -44.777127, Exp of LogL: 0.000000, Normalized LogL: -1.041329, Exp of Normalized LogL: 0.352985, Best Rate: 0.3
Fault: [0,5,2,3,4,5], logL: -44.777127, Exp of LogL: 0.000000, Normalized LogL: -1.041329, Exp of Normalized LogL: 0.352985, Best Rate: 0.3
Fault: [0,4,2,3,2,5], logL: -45.042830, Exp of LogL: 0.000000, Normalized LogL: -1.047508, Exp of Normalized LogL: 0.350811, Best Rate: 0.3
Fault: [0,4,2,3,1,5], logL: -45.042830, Exp of LogL: 0.000000, Normalized LogL: -1.047508, Exp of Normalized LogL: 0.350811, Best Rate: 0.3
Fault: [0,4,2,3,5,5], logL: -45.042830, Exp of LogL: 0.000000, Normalized LogL: -1.047508, Exp of Normalized LogL: 0.350811, Best Rate: 0.3
Fault: [0,4,2,3,3,5], logL: -45.042830, Exp of LogL: 0.000000, Normalized LogL: -1.047508, Exp of Normalized LogL: 0.350811, Best Rate: 0.3
Fault: [0,2,2,3,4,5], logL: -45.652798, Exp of LogL: 0.000000, Normalized LogL: -1.061693, Exp of Normalized LogL: 0.345870, Best Rate: 0.3
Fault: [0,1,2,3,4,5], logL: -46.422162, Exp of LogL: 0.000000, Normalized LogL: -1.079585, Exp of Normalized LogL: 0.339736, Best Rate: 0.3
Fault: [0,0,2,3,4,5], logL: -48.618202, Exp of LogL: 0.000000, Normalized LogL: -1.130656, Exp of Normalized LogL: 0.322821, Best Rate: 0.3
Fault: [0,3,2,3,4,5], logL: -48.988608, Exp of LogL: 0.000000, Normalized LogL: -1.139270, Exp of Normalized LogL: 0.320053, Best Rate: 0.3

========= ADAPTIVE MC DEBUG =========
Total calls: 430
Avg tries: 150.00
Confidence stops: 430
Max stops: 0
Max stop rate: 0.000
Real Fault Rank 1
================= 22/08/2026 04:50:19: SEED 63 END =================
================= 22/08/2026 04:50:19: SEED 64 (62/100), a*=1 fault=[0,4,2,3,4,5] START =================
===== SEED 64 | FR=0.3 | VR=20 =====
executing with fault mode: [0,4,2,3,4,5]

executing with fault mode: [0,4,2,3,4,5]

Fault scores (higher is better):
Fault: [0,4,2,3,1,5], logL: -7.602504, Exp of LogL: 0.000499, Normalized LogL: -1.900626, Exp of Normalized LogL: 0.149475, Best Rate: 0.3
Fault: [0,4,2,3,0,5], logL: -7.602504, Exp of LogL: 0.000499, Normalized LogL: -1.900626, Exp of Normalized LogL: 0.149475, Best Rate: 0.3
Fault: [0,4,2,3,2,5], logL: -7.602504, Exp of LogL: 0.000499, Normalized LogL: -1.900626, Exp of Normalized LogL: 0.149475, Best Rate: 0.3
Fault: [0,4,2,3,5,5], logL: -7.602504, Exp of LogL: 0.000499, Normalized LogL: -1.900626, Exp of Normalized LogL: 0.149475, Best Rate: 0.3
Fault: [0,2,2,3,4,5], logL: -7.807298, Exp of LogL: 0.000407, Normalized LogL: -1.951825, Exp of Normalized LogL: 0.142015, Best Rate: 0.3
Fault: [0,4,2,3,4,5], logL: -7.890186, Exp of LogL: 0.000374, Normalized LogL: -1.972546, Exp of Normalized LogL: 0.139102, Best Rate: 0.3
Fault: [0,5,2,3,4,5], logL: -7.890186, Exp of LogL: 0.000374, Normalized LogL: -1.972546, Exp of Normalized LogL: 0.139102, Best Rate: 0.3
Fault: [0,1,2,3,4,5], logL: -8.822029, Exp of LogL: 0.000147, Normalized LogL: -2.205507, Exp of Normalized LogL: 0.110195, Best Rate: 0.3
Fault: [0,0,2,3,4,5], logL: -9.372284, Exp of LogL: 0.000085, Normalized LogL: -2.343071, Exp of Normalized LogL: 0.096032, Best Rate: 0.3
Fault: [0,3,2,3,4,5], logL: -9.617407, Exp of LogL: 0.000067, Normalized LogL: -2.404352, Exp of Normalized LogL: 0.090324, Best Rate: 0.3

========= ADAPTIVE MC DEBUG =========
Total calls: 40
Avg tries: 162.50
Confidence stops: 40
Max stops: 0
Max stop rate: 0.000
Real Fault Rank 6
===== SEED 64 | FR=0.3 | VR=40 =====
executing with fault mode: [0,4,2,3,4,5]

executing with fault mode: [0,4,2,3,4,5]

Fault scores (higher is better):
Fault: [0,2,2,3,4,5], logL: -10.944686, Exp of LogL: 0.000018, Normalized LogL: -1.563527, Exp of Normalized LogL: 0.209396, Best Rate: 0.3
Fault: [0,4,2,3,4,5], logL: -10.963035, Exp of LogL: 0.000017, Normalized LogL: -1.566148, Exp of Normalized LogL: 0.208848, Best Rate: 0.3
Fault: [0,5,2,3,4,5], logL: -10.963035, Exp of LogL: 0.000017, Normalized LogL: -1.566148, Exp of Normalized LogL: 0.208848, Best Rate: 0.3
Fault: [0,4,2,3,1,5], logL: -11.522651, Exp of LogL: 0.000010, Normalized LogL: -1.646093, Exp of Normalized LogL: 0.192802, Best Rate: 0.3
Fault: [0,4,2,3,0,5], logL: -11.522651, Exp of LogL: 0.000010, Normalized LogL: -1.646093, Exp of Normalized LogL: 0.192802, Best Rate: 0.3
Fault: [0,4,2,3,2,5], logL: -11.522651, Exp of LogL: 0.000010, Normalized LogL: -1.646093, Exp of Normalized LogL: 0.192802, Best Rate: 0.3
Fault: [0,4,2,3,5,5], logL: -11.522651, Exp of LogL: 0.000010, Normalized LogL: -1.646093, Exp of Normalized LogL: 0.192802, Best Rate: 0.3
Fault: [0,1,2,3,4,5], logL: -11.881975, Exp of LogL: 0.000007, Normalized LogL: -1.697425, Exp of Normalized LogL: 0.183155, Best Rate: 0.3
Fault: [0,0,2,3,4,5], logL: -12.732816, Exp of LogL: 0.000003, Normalized LogL: -1.818974, Exp of Normalized LogL: 0.162192, Best Rate: 0.3
Fault: [0,3,2,3,4,5], logL: -13.160260, Exp of LogL: 0.000002, Normalized LogL: -1.880037, Exp of Normalized LogL: 0.152584, Best Rate: 0.3

========= ADAPTIVE MC DEBUG =========
Total calls: 70
Avg tries: 150.00
Confidence stops: 70
Max stops: 0
Max stop rate: 0.000
Real Fault Rank 2
===== SEED 64 | FR=0.3 | VR=60 =====
executing with fault mode: [0,4,2,3,4,5]

executing with fault mode: [0,4,2,3,4,5]

Fault scores (higher is better):
Fault: [0,2,2,3,4,5], logL: -12.837220, Exp of LogL: 0.000003, Normalized LogL: -1.167020, Exp of Normalized LogL: 0.311293, Best Rate: 0.3
Fault: [0,4,2,3,4,5], logL: -12.855569, Exp of LogL: 0.000003, Normalized LogL: -1.168688, Exp of Normalized LogL: 0.310774, Best Rate: 0.3
Fault: [0,5,2,3,4,5], logL: -12.855569, Exp of LogL: 0.000003, Normalized LogL: -1.168688, Exp of Normalized LogL: 0.310774, Best Rate: 0.3
Fault: [0,4,2,3,1,5], logL: -13.245033, Exp of LogL: 0.000002, Normalized LogL: -1.204094, Exp of Normalized LogL: 0.299964, Best Rate: 0.3
Fault: [0,4,2,3,0,5], logL: -13.245033, Exp of LogL: 0.000002, Normalized LogL: -1.204094, Exp of Normalized LogL: 0.299964, Best Rate: 0.3
Fault: [0,4,2,3,2,5], logL: -13.245033, Exp of LogL: 0.000002, Normalized LogL: -1.204094, Exp of Normalized LogL: 0.299964, Best Rate: 0.3
Fault: [0,4,2,3,5,5], logL: -13.245033, Exp of LogL: 0.000002, Normalized LogL: -1.204094, Exp of Normalized LogL: 0.299964, Best Rate: 0.3
Fault: [0,1,2,3,4,5], logL: -13.835469, Exp of LogL: 0.000001, Normalized LogL: -1.257770, Exp of Normalized LogL: 0.284287, Best Rate: 0.3
Fault: [0,0,2,3,4,5], logL: -14.625349, Exp of LogL: 0.000000, Normalized LogL: -1.329577, Exp of Normalized LogL: 0.264589, Best Rate: 0.3
Fault: [0,3,2,3,4,5], logL: -14.903262, Exp of LogL: 0.000000, Normalized LogL: -1.354842, Exp of Normalized LogL: 0.257988, Best Rate: 0.3

========= ADAPTIVE MC DEBUG =========
Total calls: 110
Avg tries: 150.00
Confidence stops: 110
Max stops: 0
Max stop rate: 0.000
Real Fault Rank 2
===== SEED 64 | FR=0.3 | VR=80 =====
executing with fault mode: [0,4,2,3,4,5]

executing with fault mode: [0,4,2,3,4,5]

Fault scores (higher is better):
Fault: [0,4,2,3,4,5], logL: -14.682150, Exp of LogL: 0.000000, Normalized LogL: -1.048725, Exp of Normalized LogL: 0.350384, Best Rate: 0.3
Fault: [0,5,2,3,4,5], logL: -14.682150, Exp of LogL: 0.000000, Normalized LogL: -1.048725, Exp of Normalized LogL: 0.350384, Best Rate: 0.3
Fault: [0,2,2,3,4,5], logL: -14.682150, Exp of LogL: 0.000000, Normalized LogL: -1.048725, Exp of Normalized LogL: 0.350384, Best Rate: 0.3
Fault: [0,4,2,3,1,5], logL: -15.048394, Exp of LogL: 0.000000, Normalized LogL: -1.074885, Exp of Normalized LogL: 0.341337, Best Rate: 0.3
Fault: [0,4,2,3,0,5], logL: -15.048394, Exp of LogL: 0.000000, Normalized LogL: -1.074885, Exp of Normalized LogL: 0.341337, Best Rate: 0.3
Fault: [0,4,2,3,2,5], logL: -15.048394, Exp of LogL: 0.000000, Normalized LogL: -1.074885, Exp of Normalized LogL: 0.341337, Best Rate: 0.3
Fault: [0,4,2,3,5,5], logL: -15.048394, Exp of LogL: 0.000000, Normalized LogL: -1.074885, Exp of Normalized LogL: 0.341337, Best Rate: 0.3
Fault: [0,1,2,3,4,5], logL: -15.747701, Exp of LogL: 0.000000, Normalized LogL: -1.124836, Exp of Normalized LogL: 0.324706, Best Rate: 0.3
Fault: [0,0,2,3,4,5], logL: -16.571890, Exp of LogL: 0.000000, Normalized LogL: -1.183706, Exp of Normalized LogL: 0.306142, Best Rate: 0.3
Fault: [0,3,2,3,4,5], logL: -16.848846, Exp of LogL: 0.000000, Normalized LogL: -1.203489, Exp of Normalized LogL: 0.300145, Best Rate: 0.3

========= ADAPTIVE MC DEBUG =========
Total calls: 140
Avg tries: 150.00
Confidence stops: 140
Max stops: 0
Max stop rate: 0.000
Real Fault Rank 1
===== SEED 64 | FR=0.3 | VR=100 =====
executing with fault mode: [0,4,2,3,4,5]

executing with fault mode: [0,4,2,3,4,5]

Fault scores (higher is better):
Fault: [0,4,2,3,4,5], logL: -15.543461, Exp of LogL: 0.000000, Normalized LogL: -0.863526, Exp of Normalized LogL: 0.421673, Best Rate: 0.3
Fault: [0,5,2,3,4,5], logL: -15.543461, Exp of LogL: 0.000000, Normalized LogL: -0.863526, Exp of Normalized LogL: 0.421673, Best Rate: 0.3
Fault: [0,2,2,3,4,5], logL: -15.543461, Exp of LogL: 0.000000, Normalized LogL: -0.863526, Exp of Normalized LogL: 0.421673, Best Rate: 0.3
Fault: [0,4,2,3,1,5], logL: -15.909706, Exp of LogL: 0.000000, Normalized LogL: -0.883873, Exp of Normalized LogL: 0.413180, Best Rate: 0.3
Fault: [0,4,2,3,0,5], logL: -15.909706, Exp of LogL: 0.000000, Normalized LogL: -0.883873, Exp of Normalized LogL: 0.413180, Best Rate: 0.3
Fault: [0,4,2,3,2,5], logL: -15.909706, Exp of LogL: 0.000000, Normalized LogL: -0.883873, Exp of Normalized LogL: 0.413180, Best Rate: 0.3
Fault: [0,4,2,3,5,5], logL: -15.909706, Exp of LogL: 0.000000, Normalized LogL: -0.883873, Exp of Normalized LogL: 0.413180, Best Rate: 0.3
Fault: [0,1,2,3,4,5], logL: -17.007043, Exp of LogL: 0.000000, Normalized LogL: -0.944836, Exp of Normalized LogL: 0.388743, Best Rate: 0.3
Fault: [0,0,2,3,4,5], logL: -17.774073, Exp of LogL: 0.000000, Normalized LogL: -0.987449, Exp of Normalized LogL: 0.372526, Best Rate: 0.3
Fault: [0,3,2,3,4,5], logL: -18.188230, Exp of LogL: 0.000000, Normalized LogL: -1.010457, Exp of Normalized LogL: 0.364052, Best Rate: 0.3

========= ADAPTIVE MC DEBUG =========
Total calls: 180
Avg tries: 150.00
Confidence stops: 180
Max stops: 0
Max stop rate: 0.000
Real Fault Rank 1
================= 22/08/2026 04:50:33: SEED 64 END =================
================= 22/08/2026 04:50:33: SEED 65 (63/100), a*=2 fault=[0,1,5,3,4,5] START =================
===== SEED 65 | FR=0.3 | VR=20 =====
executing with fault mode: [0,1,5,3,4,5]

Fault scores (higher is better):
Fault: [0,1,5,3,4,5], logL: -6.388764, Exp of LogL: 0.001680, Normalized LogL: -1.597191, Exp of Normalized LogL: 0.202464, Best Rate: 0.3
Fault: [0,1,4,3,4,5], logL: -6.388764, Exp of LogL: 0.001680, Normalized LogL: -1.597191, Exp of Normalized LogL: 0.202464, Best Rate: 0.3
Fault: [0,1,5,3,0,5], logL: -6.776530, Exp of LogL: 0.001140, Normalized LogL: -1.694132, Exp of Normalized LogL: 0.183759, Best Rate: 0.3
Fault: [0,1,5,3,5,5], logL: -6.776530, Exp of LogL: 0.001140, Normalized LogL: -1.694132, Exp of Normalized LogL: 0.183759, Best Rate: 0.3
Fault: [0,1,5,3,3,5], logL: -6.776530, Exp of LogL: 0.001140, Normalized LogL: -1.694132, Exp of Normalized LogL: 0.183759, Best Rate: 0.3
Fault: [0,1,5,3,1,5], logL: -6.776530, Exp of LogL: 0.001140, Normalized LogL: -1.694132, Exp of Normalized LogL: 0.183759, Best Rate: 0.3
Fault: [0,1,1,3,4,5], logL: -32.341354, Exp of LogL: 0.000000, Normalized LogL: -8.085339, Exp of Normalized LogL: 0.000308, Best Rate: 0.3
Fault: [0,1,2,3,4,5], logL: -32.391365, Exp of LogL: 0.000000, Normalized LogL: -8.097841, Exp of Normalized LogL: 0.000304, Best Rate: 0.3
Fault: [0,1,3,3,4,5], logL: -32.653729, Exp of LogL: 0.000000, Normalized LogL: -8.163432, Exp of Normalized LogL: 0.000285, Best Rate: 0.3
Fault: [0,1,0,3,4,5], logL: -32.722722, Exp of LogL: 0.000000, Normalized LogL: -8.180680, Exp of Normalized LogL: 0.000280, Best Rate: 0.3

========= ADAPTIVE MC DEBUG =========
Total calls: 40
Avg tries: 162.50
Confidence stops: 40
Max stops: 0
Max stop rate: 0.000
Real Fault Rank 1
===== SEED 65 | FR=0.3 | VR=40 =====
executing with fault mode: [0,1,5,3,4,5]

Fault scores (higher is better):
Fault: [0,1,5,3,4,5], logL: -10.615249, Exp of LogL: 0.000025, Normalized LogL: -1.326906, Exp of Normalized LogL: 0.265297, Best Rate: 0.3
Fault: [0,1,4,3,4,5], logL: -10.615249, Exp of LogL: 0.000025, Normalized LogL: -1.326906, Exp of Normalized LogL: 0.265297, Best Rate: 0.3
Fault: [0,1,5,3,0,5], logL: -10.971924, Exp of LogL: 0.000017, Normalized LogL: -1.371491, Exp of Normalized LogL: 0.253728, Best Rate: 0.3
Fault: [0,1,5,3,5,5], logL: -10.971924, Exp of LogL: 0.000017, Normalized LogL: -1.371491, Exp of Normalized LogL: 0.253728, Best Rate: 0.3
Fault: [0,1,5,3,3,5], logL: -10.971924, Exp of LogL: 0.000017, Normalized LogL: -1.371491, Exp of Normalized LogL: 0.253728, Best Rate: 0.3
Fault: [0,1,5,3,1,5], logL: -10.971924, Exp of LogL: 0.000017, Normalized LogL: -1.371491, Exp of Normalized LogL: 0.253728, Best Rate: 0.3
Fault: [0,1,1,3,4,5], logL: -36.499682, Exp of LogL: 0.000000, Normalized LogL: -4.562460, Exp of Normalized LogL: 0.010436, Best Rate: 0.3
Fault: [0,1,2,3,4,5], logL: -36.552792, Exp of LogL: 0.000000, Normalized LogL: -4.569099, Exp of Normalized LogL: 0.010367, Best Rate: 0.3
Fault: [0,1,3,3,4,5], logL: -36.896563, Exp of LogL: 0.000000, Normalized LogL: -4.612070, Exp of Normalized LogL: 0.009931, Best Rate: 0.3
Fault: [0,1,0,3,4,5], logL: -36.949207, Exp of LogL: 0.000000, Normalized LogL: -4.618651, Exp of Normalized LogL: 0.009866, Best Rate: 0.3

========= ADAPTIVE MC DEBUG =========
Total calls: 80
Avg tries: 156.25
Confidence stops: 80
Max stops: 0
Max stop rate: 0.000
Real Fault Rank 1
===== SEED 65 | FR=0.3 | VR=60 =====
executing with fault mode: [0,1,5,3,4,5]

Fault scores (higher is better):
Fault: [0,1,5,3,4,5], logL: -11.437825, Exp of LogL: 0.000011, Normalized LogL: -1.039802, Exp of Normalized LogL: 0.353525, Best Rate: 0.3
Fault: [0,1,4,3,4,5], logL: -11.437825, Exp of LogL: 0.000011, Normalized LogL: -1.039802, Exp of Normalized LogL: 0.353525, Best Rate: 0.3
Fault: [0,1,5,3,0,5], logL: -11.794500, Exp of LogL: 0.000008, Normalized LogL: -1.072227, Exp of Normalized LogL: 0.342245, Best Rate: 0.3
Fault: [0,1,5,3,5,5], logL: -11.794500, Exp of LogL: 0.000008, Normalized LogL: -1.072227, Exp of Normalized LogL: 0.342245, Best Rate: 0.3
Fault: [0,1,5,3,3,5], logL: -11.794500, Exp of LogL: 0.000008, Normalized LogL: -1.072227, Exp of Normalized LogL: 0.342245, Best Rate: 0.3
Fault: [0,1,5,3,1,5], logL: -11.794500, Exp of LogL: 0.000008, Normalized LogL: -1.072227, Exp of Normalized LogL: 0.342245, Best Rate: 0.3
Fault: [0,1,2,3,4,5], logL: -37.475212, Exp of LogL: 0.000000, Normalized LogL: -3.406837, Exp of Normalized LogL: 0.033146, Best Rate: 0.3
Fault: [0,1,0,3,4,5], logL: -37.713963, Exp of LogL: 0.000000, Normalized LogL: -3.428542, Exp of Normalized LogL: 0.032434, Best Rate: 0.3
Fault: [0,1,1,3,4,5], logL: -37.725263, Exp of LogL: 0.000000, Normalized LogL: -3.429569, Exp of Normalized LogL: 0.032401, Best Rate: 0.3
Fault: [0,1,3,3,4,5], logL: -37.771783, Exp of LogL: 0.000000, Normalized LogL: -3.433798, Exp of Normalized LogL: 0.032264, Best Rate: 0.3

========= ADAPTIVE MC DEBUG =========
Total calls: 110
Avg tries: 150.00
Confidence stops: 110
Max stops: 0
Max stop rate: 0.000
Real Fault Rank 1
===== SEED 65 | FR=0.3 | VR=80 =====
executing with fault mode: [0,1,5,3,4,5]

Fault scores (higher is better):
Fault: [0,1,5,3,4,5], logL: -12.599723, Exp of LogL: 0.000003, Normalized LogL: -0.839982, Exp of Normalized LogL: 0.431719, Best Rate: 0.3
Fault: [0,1,4,3,4,5], logL: -12.599723, Exp of LogL: 0.000003, Normalized LogL: -0.839982, Exp of Normalized LogL: 0.431719, Best Rate: 0.3
Fault: [0,1,5,3,0,5], logL: -12.956398, Exp of LogL: 0.000002, Normalized LogL: -0.863760, Exp of Normalized LogL: 0.421574, Best Rate: 0.3
Fault: [0,1,5,3,5,5], logL: -12.956398, Exp of LogL: 0.000002, Normalized LogL: -0.863760, Exp of Normalized LogL: 0.421574, Best Rate: 0.3
Fault: [0,1,5,3,3,5], logL: -12.956398, Exp of LogL: 0.000002, Normalized LogL: -0.863760, Exp of Normalized LogL: 0.421574, Best Rate: 0.3
Fault: [0,1,5,3,1,5], logL: -12.956398, Exp of LogL: 0.000002, Normalized LogL: -0.863760, Exp of Normalized LogL: 0.421574, Best Rate: 0.3
Fault: [0,1,2,3,4,5], logL: -38.152647, Exp of LogL: 0.000000, Normalized LogL: -2.543510, Exp of Normalized LogL: 0.078590, Best Rate: 0.3
Fault: [0,1,1,3,4,5], logL: -38.725925, Exp of LogL: 0.000000, Normalized LogL: -2.581728, Exp of Normalized LogL: 0.075643, Best Rate: 0.3
Fault: [0,1,0,3,4,5], logL: -38.741293, Exp of LogL: 0.000000, Normalized LogL: -2.582753, Exp of Normalized LogL: 0.075566, Best Rate: 0.3
Fault: [0,1,3,3,4,5], logL: -38.883670, Exp of LogL: 0.000000, Normalized LogL: -2.592245, Exp of Normalized LogL: 0.074852, Best Rate: 0.3

========= ADAPTIVE MC DEBUG =========
Total calls: 150
Avg tries: 150.00
Confidence stops: 150
Max stops: 0
Max stop rate: 0.000
Real Fault Rank 1
===== SEED 65 | FR=0.3 | VR=100 =====
executing with fault mode: [0,1,5,3,4,5]

Fault scores (higher is better):
Fault: [0,1,5,3,4,5], logL: -14.181937, Exp of LogL: 0.000001, Normalized LogL: -0.746418, Exp of Normalized LogL: 0.474062, Best Rate: 0.3
Fault: [0,1,4,3,4,5], logL: -14.181937, Exp of LogL: 0.000001, Normalized LogL: -0.746418, Exp of Normalized LogL: 0.474062, Best Rate: 0.3
Fault: [0,1,5,3,0,5], logL: -14.538611, Exp of LogL: 0.000000, Normalized LogL: -0.765190, Exp of Normalized LogL: 0.465245, Best Rate: 0.3
Fault: [0,1,5,3,5,5], logL: -14.538611, Exp of LogL: 0.000000, Normalized LogL: -0.765190, Exp of Normalized LogL: 0.465245, Best Rate: 0.3
Fault: [0,1,5,3,3,5], logL: -14.538611, Exp of LogL: 0.000000, Normalized LogL: -0.765190, Exp of Normalized LogL: 0.465245, Best Rate: 0.3
Fault: [0,1,5,3,1,5], logL: -14.538611, Exp of LogL: 0.000000, Normalized LogL: -0.765190, Exp of Normalized LogL: 0.465245, Best Rate: 0.3
Fault: [0,1,2,3,4,5], logL: -39.734860, Exp of LogL: 0.000000, Normalized LogL: -2.091308, Exp of Normalized LogL: 0.123525, Best Rate: 0.3
Fault: [0,1,1,3,4,5], logL: -40.308138, Exp of LogL: 0.000000, Normalized LogL: -2.121481, Exp of Normalized LogL: 0.119854, Best Rate: 0.3
Fault: [0,1,0,3,4,5], logL: -40.323507, Exp of LogL: 0.000000, Normalized LogL: -2.122290, Exp of Normalized LogL: 0.119757, Best Rate: 0.3
Fault: [0,1,3,3,4,5], logL: -40.465884, Exp of LogL: 0.000000, Normalized LogL: -2.129783, Exp of Normalized LogL: 0.118863, Best Rate: 0.3

========= ADAPTIVE MC DEBUG =========
Total calls: 190
Avg tries: 150.00
Confidence stops: 190
Max stops: 0
Max stop rate: 0.000
Real Fault Rank 1
================= 22/08/2026 04:50:48: SEED 65 END =================
================= 22/08/2026 04:50:48: SEED 66 (64/100), a*=2 fault=[0,1,5,3,4,5] START =================
===== SEED 66 | FR=0.3 | VR=20 =====
executing with fault mode: [0,1,5,3,4,5]

Fault scores (higher is better):
Fault: [0,1,5,3,1,5], logL: -35.825308, Exp of LogL: 0.000000, Normalized LogL: -5.117901, Exp of Normalized LogL: 0.005989, Best Rate: 0.3
Fault: [0,1,5,3,2,5], logL: -36.007629, Exp of LogL: 0.000000, Normalized LogL: -5.143947, Exp of Normalized LogL: 0.005835, Best Rate: 0.3
Fault: [0,1,0,3,4,5], logL: -36.036617, Exp of LogL: 0.000000, Normalized LogL: -5.148088, Exp of Normalized LogL: 0.005811, Best Rate: 0.3
Fault: [0,1,5,3,4,5], logL: -36.218938, Exp of LogL: 0.000000, Normalized LogL: -5.174134, Exp of Normalized LogL: 0.005661, Best Rate: 0.3
Fault: [0,1,4,3,4,5], logL: -36.218938, Exp of LogL: 0.000000, Normalized LogL: -5.174134, Exp of Normalized LogL: 0.005661, Best Rate: 0.3
Fault: [0,1,1,3,4,5], logL: -36.218938, Exp of LogL: 0.000000, Normalized LogL: -5.174134, Exp of Normalized LogL: 0.005661, Best Rate: 0.3
Fault: [0,1,5,3,3,5], logL: -36.248791, Exp of LogL: 0.000000, Normalized LogL: -5.178399, Exp of Normalized LogL: 0.005637, Best Rate: 0.3
Fault: [0,1,5,3,5,5], logL: -36.248791, Exp of LogL: 0.000000, Normalized LogL: -5.178399, Exp of Normalized LogL: 0.005637, Best Rate: 0.3
Fault: [0,1,3,3,4,5], logL: -36.442082, Exp of LogL: 0.000000, Normalized LogL: -5.206012, Exp of Normalized LogL: 0.005483, Best Rate: 0.3
Fault: [0,1,2,3,4,5], logL: -36.729764, Exp of LogL: 0.000000, Normalized LogL: -5.247109, Exp of Normalized LogL: 0.005263, Best Rate: 0.3

========= ADAPTIVE MC DEBUG =========
Total calls: 70
Avg tries: 171.43
Confidence stops: 70
Max stops: 0
Max stop rate: 0.000
Real Fault Rank 4
===== SEED 66 | FR=0.3 | VR=40 =====
executing with fault mode: [0,1,5,3,4,5]

Fault scores (higher is better):
Fault: [0,1,5,3,4,5], logL: -41.624169, Exp of LogL: 0.000000, Normalized LogL: -3.201859, Exp of Normalized LogL: 0.040686, Best Rate: 0.3
Fault: [0,1,4,3,4,5], logL: -41.624169, Exp of LogL: 0.000000, Normalized LogL: -3.201859, Exp of Normalized LogL: 0.040686, Best Rate: 0.3
Fault: [0,1,5,3,3,5], logL: -41.980844, Exp of LogL: 0.000000, Normalized LogL: -3.229296, Exp of Normalized LogL: 0.039585, Best Rate: 0.3
Fault: [0,1,5,3,2,5], logL: -41.980844, Exp of LogL: 0.000000, Normalized LogL: -3.229296, Exp of Normalized LogL: 0.039585, Best Rate: 0.3
Fault: [0,1,5,3,5,5], logL: -41.980844, Exp of LogL: 0.000000, Normalized LogL: -3.229296, Exp of Normalized LogL: 0.039585, Best Rate: 0.3
Fault: [0,1,5,3,1,5], logL: -41.980844, Exp of LogL: 0.000000, Normalized LogL: -3.229296, Exp of Normalized LogL: 0.039585, Best Rate: 0.3
Fault: [0,1,0,3,4,5], logL: -42.713953, Exp of LogL: 0.000000, Normalized LogL: -3.285689, Exp of Normalized LogL: 0.037415, Best Rate: 0.3
Fault: [0,1,3,3,4,5], logL: -44.570251, Exp of LogL: 0.000000, Normalized LogL: -3.428481, Exp of Normalized LogL: 0.032436, Best Rate: 0.3
Fault: [0,1,1,3,4,5], logL: -44.911178, Exp of LogL: 0.000000, Normalized LogL: -3.454706, Exp of Normalized LogL: 0.031597, Best Rate: 0.3
Fault: [0,1,2,3,4,5], logL: -45.161377, Exp of LogL: 0.000000, Normalized LogL: -3.473952, Exp of Normalized LogL: 0.030994, Best Rate: 0.3

========= ADAPTIVE MC DEBUG =========
Total calls: 130
Avg tries: 153.85
Confidence stops: 130
Max stops: 0
Max stop rate: 0.000
Real Fault Rank 1
===== SEED 66 | FR=0.3 | VR=60 =====
executing with fault mode: [0,1,5,3,4,5]

Fault scores (higher is better):
Fault: [0,1,5,3,4,5], logL: -25.945898, Exp of LogL: 0.000000, Normalized LogL: -1.365574, Exp of Normalized LogL: 0.255234, Best Rate: 0.3
Fault: [0,1,4,3,4,5], logL: -25.945898, Exp of LogL: 0.000000, Normalized LogL: -1.365574, Exp of Normalized LogL: 0.255234, Best Rate: 0.3
Fault: [0,1,5,3,3,5], logL: -26.302573, Exp of LogL: 0.000000, Normalized LogL: -1.384346, Exp of Normalized LogL: 0.250488, Best Rate: 0.3
Fault: [0,1,5,3,2,5], logL: -26.302573, Exp of LogL: 0.000000, Normalized LogL: -1.384346, Exp of Normalized LogL: 0.250488, Best Rate: 0.3
Fault: [0,1,5,3,5,5], logL: -26.302573, Exp of LogL: 0.000000, Normalized LogL: -1.384346, Exp of Normalized LogL: 0.250488, Best Rate: 0.3
Fault: [0,1,5,3,1,5], logL: -26.302573, Exp of LogL: 0.000000, Normalized LogL: -1.384346, Exp of Normalized LogL: 0.250488, Best Rate: 0.3
Fault: [0,1,0,3,4,5], logL: -105.768922, Exp of LogL: 0.000000, Normalized LogL: -5.566785, Exp of Normalized LogL: 0.003823, Best Rate: 0.3
Fault: [0,1,2,3,4,5], logL: -106.867534, Exp of LogL: 0.000000, Normalized LogL: -5.624607, Exp of Normalized LogL: 0.003608, Best Rate: 0.3
Fault: [0,1,1,3,4,5], logL: -106.867534, Exp of LogL: 0.000000, Normalized LogL: -5.624607, Exp of Normalized LogL: 0.003608, Best Rate: 0.3
Fault: [0,1,3,3,4,5], logL: -107.155216, Exp of LogL: 0.000000, Normalized LogL: -5.639748, Exp of Normalized LogL: 0.003554, Best Rate: 0.3

========= ADAPTIVE MC DEBUG =========
Total calls: 190
Avg tries: 150.00
Confidence stops: 190
Max stops: 0
Max stop rate: 0.000
Real Fault Rank 1
===== SEED 66 | FR=0.3 | VR=80 =====
executing with fault mode: [0,1,5,3,4,5]

Fault scores (higher is better):
Fault: [0,1,5,3,4,5], logL: -28.014042, Exp of LogL: 0.000000, Normalized LogL: -1.120562, Exp of Normalized LogL: 0.326097, Best Rate: 0.3
Fault: [0,1,4,3,4,5], logL: -28.014042, Exp of LogL: 0.000000, Normalized LogL: -1.120562, Exp of Normalized LogL: 0.326097, Best Rate: 0.3
Fault: [0,1,5,3,3,5], logL: -28.370717, Exp of LogL: 0.000000, Normalized LogL: -1.134829, Exp of Normalized LogL: 0.321477, Best Rate: 0.3
Fault: [0,1,5,3,2,5], logL: -28.370717, Exp of LogL: 0.000000, Normalized LogL: -1.134829, Exp of Normalized LogL: 0.321477, Best Rate: 0.3
Fault: [0,1,5,3,5,5], logL: -28.370717, Exp of LogL: 0.000000, Normalized LogL: -1.134829, Exp of Normalized LogL: 0.321477, Best Rate: 0.3
Fault: [0,1,5,3,1,5], logL: -28.370717, Exp of LogL: 0.000000, Normalized LogL: -1.134829, Exp of Normalized LogL: 0.321477, Best Rate: 0.3
Fault: [0,1,0,3,4,5], logL: -131.449871, Exp of LogL: 0.000000, Normalized LogL: -5.257995, Exp of Normalized LogL: 0.005206, Best Rate: 0.3
Fault: [0,1,3,3,4,5], logL: -132.345574, Exp of LogL: 0.000000, Normalized LogL: -5.293823, Exp of Normalized LogL: 0.005023, Best Rate: 0.3
Fault: [0,1,2,3,4,5], logL: -132.372344, Exp of LogL: 0.000000, Normalized LogL: -5.294894, Exp of Normalized LogL: 0.005017, Best Rate: 0.3
Fault: [0,1,1,3,4,5], logL: -132.395874, Exp of LogL: 0.000000, Normalized LogL: -5.295835, Exp of Normalized LogL: 0.005012, Best Rate: 0.3

========= ADAPTIVE MC DEBUG =========
Total calls: 250
Avg tries: 150.00
Confidence stops: 250
Max stops: 0
Max stop rate: 0.000
Real Fault Rank 1
===== SEED 66 | FR=0.3 | VR=100 =====
executing with fault mode: [0,1,5,3,4,5]

Fault scores (higher is better):
Fault: [0,1,5,3,4,5], logL: -30.860545, Exp of LogL: 0.000000, Normalized LogL: -0.964392, Exp of Normalized LogL: 0.381215, Best Rate: 0.3
Fault: [0,1,4,3,4,5], logL: -30.860545, Exp of LogL: 0.000000, Normalized LogL: -0.964392, Exp of Normalized LogL: 0.381215, Best Rate: 0.3
Fault: [0,1,5,3,3,5], logL: -31.217220, Exp of LogL: 0.000000, Normalized LogL: -0.975538, Exp of Normalized LogL: 0.376989, Best Rate: 0.3
Fault: [0,1,5,3,2,5], logL: -31.217220, Exp of LogL: 0.000000, Normalized LogL: -0.975538, Exp of Normalized LogL: 0.376989, Best Rate: 0.3
Fault: [0,1,5,3,5,5], logL: -31.217220, Exp of LogL: 0.000000, Normalized LogL: -0.975538, Exp of Normalized LogL: 0.376989, Best Rate: 0.3
Fault: [0,1,5,3,1,5], logL: -31.217220, Exp of LogL: 0.000000, Normalized LogL: -0.975538, Exp of Normalized LogL: 0.376989, Best Rate: 0.3
Fault: [0,1,0,3,4,5], logL: -188.375069, Exp of LogL: 0.000000, Normalized LogL: -5.886721, Exp of Normalized LogL: 0.002776, Best Rate: 0.3
Fault: [0,1,2,3,4,5], logL: -188.660536, Exp of LogL: 0.000000, Normalized LogL: -5.895642, Exp of Normalized LogL: 0.002751, Best Rate: 0.3
Fault: [0,1,3,3,4,5], logL: -189.188219, Exp of LogL: 0.000000, Normalized LogL: -5.912132, Exp of Normalized LogL: 0.002706, Best Rate: 0.3
Fault: [0,1,1,3,4,5], logL: -189.301948, Exp of LogL: 0.000000, Normalized LogL: -5.915686, Exp of Normalized LogL: 0.002697, Best Rate: 0.3

========= ADAPTIVE MC DEBUG =========
Total calls: 320
Avg tries: 150.00
Confidence stops: 320
Max stops: 0
Max stop rate: 0.000
Real Fault Rank 1
================= 22/08/2026 04:51:14: SEED 66 END =================
================= 22/08/2026 04:51:14: SEED 67 (65/100), a*=0 fault=[5,1,2,3,4,5] START =================
===== SEED 67 | FR=0.3 | VR=20 =====
executing with fault mode: [5,1,2,3,4,5]

executing with fault mode: [5,1,2,3,4,5]

executing with fault mode: [5,1,2,3,4,5]

Fault scores (higher is better):
Fault: [4,1,2,3,4,5], logL: -11.792273, Exp of LogL: 0.000008, Normalized LogL: -1.965379, Exp of Normalized LogL: 0.140103, Best Rate: 0.3
Fault: [5,1,2,3,4,5], logL: -11.792273, Exp of LogL: 0.000008, Normalized LogL: -1.965379, Exp of Normalized LogL: 0.140103, Best Rate: 0.3
Fault: [5,1,2,3,0,5], logL: -11.855452, Exp of LogL: 0.000007, Normalized LogL: -1.975909, Exp of Normalized LogL: 0.138635, Best Rate: 0.3
Fault: [5,1,2,3,5,5], logL: -11.855452, Exp of LogL: 0.000007, Normalized LogL: -1.975909, Exp of Normalized LogL: 0.138635, Best Rate: 0.3
Fault: [3,1,2,3,4,5], logL: -11.913634, Exp of LogL: 0.000007, Normalized LogL: -1.985606, Exp of Normalized LogL: 0.137297, Best Rate: 0.3
Fault: [5,1,2,3,1,5], logL: -11.970521, Exp of LogL: 0.000006, Normalized LogL: -1.995087, Exp of Normalized LogL: 0.136002, Best Rate: 0.3
Fault: [5,1,2,3,2,5], logL: -12.046507, Exp of LogL: 0.000006, Normalized LogL: -2.007751, Exp of Normalized LogL: 0.134290, Best Rate: 0.3
Fault: [0,1,2,3,4,5], logL: -12.477869, Exp of LogL: 0.000004, Normalized LogL: -2.079645, Exp of Normalized LogL: 0.124975, Best Rate: 0.3
Fault: [1,1,2,3,4,5], logL: -12.771743, Exp of LogL: 0.000003, Normalized LogL: -2.128624, Exp of Normalized LogL: 0.119001, Best Rate: 0.3
Fault: [2,1,2,3,4,5], logL: -12.852562, Exp of LogL: 0.000003, Normalized LogL: -2.142094, Exp of Normalized LogL: 0.117409, Best Rate: 0.3

========= ADAPTIVE MC DEBUG =========
Total calls: 60
Avg tries: 175.00
Confidence stops: 60
Max stops: 0
Max stop rate: 0.000
Real Fault Rank 2
===== SEED 67 | FR=0.3 | VR=40 =====
executing with fault mode: [5,1,2,3,4,5]

executing with fault mode: [5,1,2,3,4,5]

executing with fault mode: [5,1,2,3,4,5]

Fault scores (higher is better):
Fault: [3,1,2,3,4,5], logL: -15.744656, Exp of LogL: 0.000000, Normalized LogL: -1.431332, Exp of Normalized LogL: 0.238990, Best Rate: 0.3
Fault: [5,1,2,3,0,5], logL: -15.815608, Exp of LogL: 0.000000, Normalized LogL: -1.437783, Exp of Normalized LogL: 0.237454, Best Rate: 0.3
Fault: [4,1,2,3,4,5], logL: -15.815608, Exp of LogL: 0.000000, Normalized LogL: -1.437783, Exp of Normalized LogL: 0.237454, Best Rate: 0.3
Fault: [5,1,2,3,4,5], logL: -15.815608, Exp of LogL: 0.000000, Normalized LogL: -1.437783, Exp of Normalized LogL: 0.237454, Best Rate: 0.3
Fault: [5,1,2,3,5,5], logL: -15.815608, Exp of LogL: 0.000000, Normalized LogL: -1.437783, Exp of Normalized LogL: 0.237454, Best Rate: 0.3
Fault: [5,1,2,3,2,5], logL: -15.943441, Exp of LogL: 0.000000, Normalized LogL: -1.449404, Exp of Normalized LogL: 0.234710, Best Rate: 0.3
Fault: [5,1,2,3,1,5], logL: -15.989961, Exp of LogL: 0.000000, Normalized LogL: -1.453633, Exp of Normalized LogL: 0.233720, Best Rate: 0.3
Fault: [0,1,2,3,4,5], logL: -17.082751, Exp of LogL: 0.000000, Normalized LogL: -1.552977, Exp of Normalized LogL: 0.211617, Best Rate: 0.3
Fault: [1,1,2,3,4,5], logL: -17.919065, Exp of LogL: 0.000000, Normalized LogL: -1.629006, Exp of Normalized LogL: 0.196124, Best Rate: 0.3
Fault: [2,1,2,3,4,5], logL: -18.555053, Exp of LogL: 0.000000, Normalized LogL: -1.686823, Exp of Normalized LogL: 0.185107, Best Rate: 0.3

========= ADAPTIVE MC DEBUG =========
Total calls: 110
Avg tries: 154.55
Confidence stops: 110
Max stops: 0
Max stop rate: 0.000
Real Fault Rank 4
===== SEED 67 | FR=0.3 | VR=60 =====
executing with fault mode: [5,1,2,3,4,5]

executing with fault mode: [5,1,2,3,4,5]

executing with fault mode: [5,1,2,3,4,5]

Fault scores (higher is better):
Fault: [5,1,2,3,0,5], logL: -19.528357, Exp of LogL: 0.000000, Normalized LogL: -1.220522, Exp of Normalized LogL: 0.295076, Best Rate: 0.3
Fault: [5,1,2,3,5,5], logL: -19.528357, Exp of LogL: 0.000000, Normalized LogL: -1.220522, Exp of Normalized LogL: 0.295076, Best Rate: 0.3
Fault: [3,1,2,3,4,5], logL: -19.832098, Exp of LogL: 0.000000, Normalized LogL: -1.239506, Exp of Normalized LogL: 0.289527, Best Rate: 0.3
Fault: [4,1,2,3,4,5], logL: -19.903050, Exp of LogL: 0.000000, Normalized LogL: -1.243941, Exp of Normalized LogL: 0.288246, Best Rate: 0.3
Fault: [5,1,2,3,4,5], logL: -19.903050, Exp of LogL: 0.000000, Normalized LogL: -1.243941, Exp of Normalized LogL: 0.288246, Best Rate: 0.3
Fault: [5,1,2,3,1,5], logL: -19.998360, Exp of LogL: 0.000000, Normalized LogL: -1.249898, Exp of Normalized LogL: 0.286534, Best Rate: 0.3
Fault: [5,1,2,3,2,5], logL: -20.049654, Exp of LogL: 0.000000, Normalized LogL: -1.253103, Exp of Normalized LogL: 0.285617, Best Rate: 0.3
Fault: [0,1,2,3,4,5], logL: -20.613027, Exp of LogL: 0.000000, Normalized LogL: -1.288314, Exp of Normalized LogL: 0.275735, Best Rate: 0.3
Fault: [1,1,2,3,4,5], logL: -21.495681, Exp of LogL: 0.000000, Normalized LogL: -1.343480, Exp of Normalized LogL: 0.260936, Best Rate: 0.3
Fault: [2,1,2,3,4,5], logL: -22.061711, Exp of LogL: 0.000000, Normalized LogL: -1.378857, Exp of Normalized LogL: 0.251866, Best Rate: 0.3

========= ADAPTIVE MC DEBUG =========
Total calls: 160
Avg tries: 150.00
Confidence stops: 160
Max stops: 0
Max stop rate: 0.000
Real Fault Rank 5
===== SEED 67 | FR=0.3 | VR=80 =====
executing with fault mode: [5,1,2,3,4,5]

executing with fault mode: [5,1,2,3,4,5]

executing with fault mode: [5,1,2,3,4,5]

Fault scores (higher is better):
Fault: [5,1,2,3,0,5], logL: -20.963879, Exp of LogL: 0.000000, Normalized LogL: -0.998280, Exp of Normalized LogL: 0.368513, Best Rate: 0.3
Fault: [5,1,2,3,5,5], logL: -20.963879, Exp of LogL: 0.000000, Normalized LogL: -0.998280, Exp of Normalized LogL: 0.368513, Best Rate: 0.3
Fault: [3,1,2,3,4,5], logL: -21.298392, Exp of LogL: 0.000000, Normalized LogL: -1.014209, Exp of Normalized LogL: 0.362689, Best Rate: 0.3
Fault: [4,1,2,3,4,5], logL: -21.369344, Exp of LogL: 0.000000, Normalized LogL: -1.017588, Exp of Normalized LogL: 0.361466, Best Rate: 0.3
Fault: [5,1,2,3,4,5], logL: -21.369344, Exp of LogL: 0.000000, Normalized LogL: -1.017588, Exp of Normalized LogL: 0.361466, Best Rate: 0.3
Fault: [5,1,2,3,1,5], logL: -21.502875, Exp of LogL: 0.000000, Normalized LogL: -1.023946, Exp of Normalized LogL: 0.359175, Best Rate: 0.3
Fault: [5,1,2,3,2,5], logL: -21.539243, Exp of LogL: 0.000000, Normalized LogL: -1.025678, Exp of Normalized LogL: 0.358553, Best Rate: 0.3
Fault: [0,1,2,3,4,5], logL: -22.079321, Exp of LogL: 0.000000, Normalized LogL: -1.051396, Exp of Normalized LogL: 0.349449, Best Rate: 0.3
Fault: [1,1,2,3,4,5], logL: -22.961975, Exp of LogL: 0.000000, Normalized LogL: -1.093427, Exp of Normalized LogL: 0.335066, Best Rate: 0.3
Fault: [2,1,2,3,4,5], logL: -23.528005, Exp of LogL: 0.000000, Normalized LogL: -1.120381, Exp of Normalized LogL: 0.326155, Best Rate: 0.3

========= ADAPTIVE MC DEBUG =========
Total calls: 210
Avg tries: 150.00
Confidence stops: 210
Max stops: 0
Max stop rate: 0.000
Real Fault Rank 5
===== SEED 67 | FR=0.3 | VR=100 =====
executing with fault mode: [5,1,2,3,4,5]

executing with fault mode: [5,1,2,3,4,5]

executing with fault mode: [5,1,2,3,4,5]

Fault scores (higher is better):
Fault: [3,1,2,3,4,5], logL: -26.455098, Exp of LogL: 0.000000, Normalized LogL: -0.979818, Exp of Normalized LogL: 0.375379, Best Rate: 0.3
Fault: [4,1,2,3,4,5], logL: -26.526050, Exp of LogL: 0.000000, Normalized LogL: -0.982446, Exp of Normalized LogL: 0.374394, Best Rate: 0.3
Fault: [5,1,2,3,4,5], logL: -26.526050, Exp of LogL: 0.000000, Normalized LogL: -0.982446, Exp of Normalized LogL: 0.374394, Best Rate: 0.3
Fault: [5,1,2,3,0,5], logL: -26.941565, Exp of LogL: 0.000000, Normalized LogL: -0.997836, Exp of Normalized LogL: 0.368676, Best Rate: 0.3
Fault: [5,1,2,3,1,5], logL: -26.941565, Exp of LogL: 0.000000, Normalized LogL: -0.997836, Exp of Normalized LogL: 0.368676, Best Rate: 0.3
Fault: [5,1,2,3,5,5], logL: -26.941565, Exp of LogL: 0.000000, Normalized LogL: -0.997836, Exp of Normalized LogL: 0.368676, Best Rate: 0.3
Fault: [5,1,2,3,2,5], logL: -26.941565, Exp of LogL: 0.000000, Normalized LogL: -0.997836, Exp of Normalized LogL: 0.368676, Best Rate: 0.3
Fault: [0,1,2,3,4,5], logL: -27.236027, Exp of LogL: 0.000000, Normalized LogL: -1.008742, Exp of Normalized LogL: 0.364678, Best Rate: 0.3
Fault: [1,1,2,3,4,5], logL: -28.118680, Exp of LogL: 0.000000, Normalized LogL: -1.041433, Exp of Normalized LogL: 0.352949, Best Rate: 0.3
Fault: [2,1,2,3,4,5], logL: -28.684711, Exp of LogL: 0.000000, Normalized LogL: -1.062397, Exp of Normalized LogL: 0.345626, Best Rate: 0.3

========= ADAPTIVE MC DEBUG =========
Total calls: 270
Avg tries: 150.00
Confidence stops: 270
Max stops: 0
Max stop rate: 0.000
Real Fault Rank 3
================= 22/08/2026 04:51:36: SEED 67 END =================
================= 22/08/2026 04:51:36: SEED 68 (66/100), a*=2 fault=[0,1,4,3,4,5] START =================
===== SEED 68 | FR=0.3 | VR=20 =====
executing with fault mode: [0,1,4,3,4,5]

executing with fault mode: [0,1,4,3,4,5]

Fault scores (higher is better):
Fault: [0,0,4,3,4,5], logL: -7.086882, Exp of LogL: 0.000836, Normalized LogL: -0.177172, Exp of Normalized LogL: 0.837636, Best Rate: 0.3
Fault: [0,2,4,3,4,5], logL: -7.092159, Exp of LogL: 0.000832, Normalized LogL: -0.177304, Exp of Normalized LogL: 0.837525, Best Rate: 0.3
Fault: [0,1,0,3,4,5], logL: -8.230512, Exp of LogL: 0.000266, Normalized LogL: -0.205763, Exp of Normalized LogL: 0.814026, Best Rate: 0.3
Fault: [0,5,4,3,4,5], logL: -8.239561, Exp of LogL: 0.000264, Normalized LogL: -0.205989, Exp of Normalized LogL: 0.813842, Best Rate: 0.3
Fault: [0,4,4,3,4,5], logL: -8.239561, Exp of LogL: 0.000264, Normalized LogL: -0.205989, Exp of Normalized LogL: 0.813842, Best Rate: 0.3
Fault: [0,1,4,3,4,5], logL: -8.317523, Exp of LogL: 0.000244, Normalized LogL: -0.207938, Exp of Normalized LogL: 0.812257, Best Rate: 0.3
Fault: [0,1,5,3,4,5], logL: -8.317523, Exp of LogL: 0.000244, Normalized LogL: -0.207938, Exp of Normalized LogL: 0.812257, Best Rate: 0.3
Fault: [0,1,3,3,4,5], logL: -8.635977, Exp of LogL: 0.000178, Normalized LogL: -0.215899, Exp of Normalized LogL: 0.805816, Best Rate: 0.3
Fault: [0,1,2,3,4,5], logL: -9.105980, Exp of LogL: 0.000111, Normalized LogL: -0.227650, Exp of Normalized LogL: 0.796403, Best Rate: 0.3
Fault: [0,1,1,3,4,5], logL: -9.105980, Exp of LogL: 0.000111, Normalized LogL: -0.227650, Exp of Normalized LogL: 0.796403, Best Rate: 0.3

========= ADAPTIVE MC DEBUG =========
Total calls: 400
Avg tries: 172.50
Confidence stops: 400
Max stops: 0
Max stop rate: 0.000
Real Fault Rank 6
===== SEED 68 | FR=0.3 | VR=40 =====
executing with fault mode: [0,1,4,3,4,5]

executing with fault mode: [0,1,4,3,4,5]

Fault scores (higher is better):
Fault: [0,1,0,3,4,5], logL: -10.671456, Exp of LogL: 0.000023, Normalized LogL: -0.135082, Exp of Normalized LogL: 0.873645, Best Rate: 0.3
Fault: [0,2,4,3,4,5], logL: -11.064129, Exp of LogL: 0.000016, Normalized LogL: -0.140052, Exp of Normalized LogL: 0.869313, Best Rate: 0.3
Fault: [0,5,4,3,4,5], logL: -11.357820, Exp of LogL: 0.000012, Normalized LogL: -0.143770, Exp of Normalized LogL: 0.866087, Best Rate: 0.3
Fault: [0,4,4,3,4,5], logL: -11.357820, Exp of LogL: 0.000012, Normalized LogL: -0.143770, Exp of Normalized LogL: 0.866087, Best Rate: 0.3
Fault: [0,1,3,3,4,5], logL: -11.526134, Exp of LogL: 0.000010, Normalized LogL: -0.145900, Exp of Normalized LogL: 0.864244, Best Rate: 0.3
Fault: [0,1,4,3,4,5], logL: -11.721878, Exp of LogL: 0.000008, Normalized LogL: -0.148378, Exp of Normalized LogL: 0.862105, Best Rate: 0.3
Fault: [0,1,5,3,4,5], logL: -11.721878, Exp of LogL: 0.000008, Normalized LogL: -0.148378, Exp of Normalized LogL: 0.862105, Best Rate: 0.3
Fault: [0,0,4,3,4,5], logL: -11.777262, Exp of LogL: 0.000008, Normalized LogL: -0.149079, Exp of Normalized LogL: 0.861501, Best Rate: 0.3
Fault: [0,1,2,3,4,5], logL: -12.382526, Exp of LogL: 0.000004, Normalized LogL: -0.156741, Exp of Normalized LogL: 0.854926, Best Rate: 0.3
Fault: [0,1,1,3,4,5], logL: -12.965672, Exp of LogL: 0.000002, Normalized LogL: -0.164122, Exp of Normalized LogL: 0.848638, Best Rate: 0.3

========= ADAPTIVE MC DEBUG =========
Total calls: 790
Avg tries: 153.16
Confidence stops: 790
Max stops: 0
Max stop rate: 0.000
Real Fault Rank 6
===== SEED 68 | FR=0.3 | VR=60 =====
executing with fault mode: [0,1,4,3,4,5]

executing with fault mode: [0,1,4,3,4,5]

Fault scores (higher is better):
Fault: [0,5,4,3,4,5], logL: -15.161756, Exp of LogL: 0.000000, Normalized LogL: -0.127410, Exp of Normalized LogL: 0.880373, Best Rate: 0.3
Fault: [0,4,4,3,4,5], logL: -15.161756, Exp of LogL: 0.000000, Normalized LogL: -0.127410, Exp of Normalized LogL: 0.880373, Best Rate: 0.3
Fault: [0,2,4,3,4,5], logL: -15.361846, Exp of LogL: 0.000000, Normalized LogL: -0.129091, Exp of Normalized LogL: 0.878894, Best Rate: 0.3
Fault: [0,1,4,3,4,5], logL: -16.617110, Exp of LogL: 0.000000, Normalized LogL: -0.139640, Exp of Normalized LogL: 0.869672, Best Rate: 0.3
Fault: [0,1,5,3,4,5], logL: -16.617110, Exp of LogL: 0.000000, Normalized LogL: -0.139640, Exp of Normalized LogL: 0.869672, Best Rate: 0.3
Fault: [0,0,4,3,4,5], logL: -17.176044, Exp of LogL: 0.000000, Normalized LogL: -0.144337, Exp of Normalized LogL: 0.865596, Best Rate: 0.3
Fault: [0,1,0,3,4,5], logL: -69.463574, Exp of LogL: 0.000000, Normalized LogL: -0.583728, Exp of Normalized LogL: 0.557815, Best Rate: 0.3
Fault: [0,1,2,3,4,5], logL: -69.889328, Exp of LogL: 0.000000, Normalized LogL: -0.587305, Exp of Normalized LogL: 0.555823, Best Rate: 0.3
Fault: [0,1,3,3,4,5], logL: -70.154609, Exp of LogL: 0.000000, Normalized LogL: -0.589535, Exp of Normalized LogL: 0.554585, Best Rate: 0.3
Fault: [0,1,1,3,4,5], logL: -70.405020, Exp of LogL: 0.000000, Normalized LogL: -0.591639, Exp of Normalized LogL: 0.553420, Best Rate: 0.3

========= ADAPTIVE MC DEBUG =========
Total calls: 1190
Avg tries: 150.42
Confidence stops: 1190
Max stops: 0
Max stop rate: 0.000
Real Fault Rank 4
===== SEED 68 | FR=0.3 | VR=80 =====
executing with fault mode: [0,1,4,3,4,5]

executing with fault mode: [0,1,4,3,4,5]

Fault scores (higher is better):
Fault: [0,5,4,3,4,5], logL: -15.131859, Exp of LogL: 0.000000, Normalized LogL: -0.095771, Exp of Normalized LogL: 0.908672, Best Rate: 0.3
Fault: [0,4,4,3,4,5], logL: -15.131859, Exp of LogL: 0.000000, Normalized LogL: -0.095771, Exp of Normalized LogL: 0.908672, Best Rate: 0.3
Fault: [0,2,4,3,4,5], logL: -15.597653, Exp of LogL: 0.000000, Normalized LogL: -0.098719, Exp of Normalized LogL: 0.905997, Best Rate: 0.3
Fault: [0,1,4,3,4,5], logL: -16.670595, Exp of LogL: 0.000000, Normalized LogL: -0.105510, Exp of Normalized LogL: 0.899865, Best Rate: 0.3
Fault: [0,1,5,3,4,5], logL: -16.670595, Exp of LogL: 0.000000, Normalized LogL: -0.105510, Exp of Normalized LogL: 0.899865, Best Rate: 0.3
Fault: [0,0,4,3,4,5], logL: -17.411850, Exp of LogL: 0.000000, Normalized LogL: -0.110202, Exp of Normalized LogL: 0.895654, Best Rate: 0.3
Fault: [0,1,0,3,4,5], logL: -69.517059, Exp of LogL: 0.000000, Normalized LogL: -0.439981, Exp of Normalized LogL: 0.644048, Best Rate: 0.3
Fault: [0,1,2,3,4,5], logL: -69.942813, Exp of LogL: 0.000000, Normalized LogL: -0.442676, Exp of Normalized LogL: 0.642315, Best Rate: 0.3
Fault: [0,1,3,3,4,5], logL: -70.208094, Exp of LogL: 0.000000, Normalized LogL: -0.444355, Exp of Normalized LogL: 0.641238, Best Rate: 0.3
Fault: [0,1,1,3,4,5], logL: -70.458505, Exp of LogL: 0.000000, Normalized LogL: -0.445940, Exp of Normalized LogL: 0.640222, Best Rate: 0.3

========= ADAPTIVE MC DEBUG =========
Total calls: 1580
Avg tries: 150.32
Confidence stops: 1580
Max stops: 0
Max stop rate: 0.000
Real Fault Rank 4
===== SEED 68 | FR=0.3 | VR=100 =====
executing with fault mode: [0,1,4,3,4,5]

executing with fault mode: [0,1,4,3,4,5]

Fault scores (higher is better):
Fault: [0,5,4,3,4,5], logL: -16.491616, Exp of LogL: 0.000000, Normalized LogL: -0.083291, Exp of Normalized LogL: 0.920083, Best Rate: 0.3
Fault: [0,4,4,3,4,5], logL: -16.491616, Exp of LogL: 0.000000, Normalized LogL: -0.083291, Exp of Normalized LogL: 0.920083, Best Rate: 0.3
Fault: [0,2,4,3,4,5], logL: -18.078290, Exp of LogL: 0.000000, Normalized LogL: -0.091304, Exp of Normalized LogL: 0.912740, Best Rate: 0.3
Fault: [0,1,4,3,4,5], logL: -18.832428, Exp of LogL: 0.000000, Normalized LogL: -0.095113, Exp of Normalized LogL: 0.909270, Best Rate: 0.3
Fault: [0,1,5,3,4,5], logL: -18.832428, Exp of LogL: 0.000000, Normalized LogL: -0.095113, Exp of Normalized LogL: 0.909270, Best Rate: 0.3
Fault: [0,0,4,3,4,5], logL: -19.294855, Exp of LogL: 0.000000, Normalized LogL: -0.097449, Exp of Normalized LogL: 0.907149, Best Rate: 0.3
Fault: [0,1,0,3,4,5], logL: -70.439201, Exp of LogL: 0.000000, Normalized LogL: -0.355754, Exp of Normalized LogL: 0.700645, Best Rate: 0.3
Fault: [0,1,2,3,4,5], logL: -70.864955, Exp of LogL: 0.000000, Normalized LogL: -0.357904, Exp of Normalized LogL: 0.699140, Best Rate: 0.3
Fault: [0,1,3,3,4,5], logL: -71.130236, Exp of LogL: 0.000000, Normalized LogL: -0.359244, Exp of Normalized LogL: 0.698204, Best Rate: 0.3
Fault: [0,1,1,3,4,5], logL: -71.380647, Exp of LogL: 0.000000, Normalized LogL: -0.360508, Exp of Normalized LogL: 0.697322, Best Rate: 0.3

========= ADAPTIVE MC DEBUG =========
Total calls: 1980
Avg tries: 150.00
Confidence stops: 1980
Max stops: 0
Max stop rate: 0.000
Real Fault Rank 4
================= 22/08/2026 04:54:15: SEED 68 END =================
================= 22/08/2026 04:54:15: SEED 69 (67/100), a*=2 fault=[0,1,1,3,4,5] START =================
===== SEED 69 | FR=0.3 | VR=20 =====
executing with fault mode: [0,1,1,3,4,5]

Fault scores (higher is better):
Fault: [0,1,1,3,4,5], logL: -7.295019, Exp of LogL: 0.000679, Normalized LogL: -1.459004, Exp of Normalized LogL: 0.232468, Best Rate: 0.3
Fault: [0,1,1,3,2,5], logL: -7.438120, Exp of LogL: 0.000588, Normalized LogL: -1.487624, Exp of Normalized LogL: 0.225909, Best Rate: 0.3
Fault: [0,1,1,3,0,5], logL: -7.438120, Exp of LogL: 0.000588, Normalized LogL: -1.487624, Exp of Normalized LogL: 0.225909, Best Rate: 0.3
Fault: [0,1,1,3,5,5], logL: -7.518163, Exp of LogL: 0.000543, Normalized LogL: -1.503633, Exp of Normalized LogL: 0.222321, Best Rate: 0.3
Fault: [0,1,1,3,1,5], logL: -7.518163, Exp of LogL: 0.000543, Normalized LogL: -1.503633, Exp of Normalized LogL: 0.222321, Best Rate: 0.3
Fault: [0,1,2,3,4,5], logL: -7.546333, Exp of LogL: 0.000528, Normalized LogL: -1.509267, Exp of Normalized LogL: 0.221072, Best Rate: 0.3
Fault: [0,1,0,3,4,5], logL: -7.751777, Exp of LogL: 0.000430, Normalized LogL: -1.550355, Exp of Normalized LogL: 0.212173, Best Rate: 0.3
Fault: [0,1,4,3,4,5], logL: -8.589376, Exp of LogL: 0.000186, Normalized LogL: -1.717875, Exp of Normalized LogL: 0.179447, Best Rate: 0.3
Fault: [0,1,5,3,4,5], logL: -8.589376, Exp of LogL: 0.000186, Normalized LogL: -1.717875, Exp of Normalized LogL: 0.179447, Best Rate: 0.3
Fault: [0,1,3,3,4,5], logL: -8.932628, Exp of LogL: 0.000132, Normalized LogL: -1.786526, Exp of Normalized LogL: 0.167541, Best Rate: 0.3

========= ADAPTIVE MC DEBUG =========
Total calls: 50
Avg tries: 180.00
Confidence stops: 50
Max stops: 0
Max stop rate: 0.000
Real Fault Rank 1
===== SEED 69 | FR=0.3 | VR=40 =====
executing with fault mode: [0,1,1,3,4,5]

Fault scores (higher is better):
Fault: [0,1,1,3,4,5], logL: -11.027703, Exp of LogL: 0.000016, Normalized LogL: -1.102770, Exp of Normalized LogL: 0.331950, Best Rate: 0.3
Fault: [0,1,1,3,2,5], logL: -11.210025, Exp of LogL: 0.000014, Normalized LogL: -1.121002, Exp of Normalized LogL: 0.325953, Best Rate: 0.3
Fault: [0,1,1,3,5,5], logL: -11.232498, Exp of LogL: 0.000013, Normalized LogL: -1.123250, Exp of Normalized LogL: 0.325221, Best Rate: 0.3
Fault: [0,1,1,3,1,5], logL: -11.232498, Exp of LogL: 0.000013, Normalized LogL: -1.123250, Exp of Normalized LogL: 0.325221, Best Rate: 0.3
Fault: [0,1,1,3,0,5], logL: -11.255487, Exp of LogL: 0.000013, Normalized LogL: -1.125549, Exp of Normalized LogL: 0.324474, Best Rate: 0.3
Fault: [0,1,2,3,4,5], logL: -11.965385, Exp of LogL: 0.000006, Normalized LogL: -1.196539, Exp of Normalized LogL: 0.302239, Best Rate: 0.3
Fault: [0,1,3,3,4,5], logL: -12.266816, Exp of LogL: 0.000005, Normalized LogL: -1.226682, Exp of Normalized LogL: 0.293264, Best Rate: 0.3
Fault: [0,1,4,3,4,5], logL: -12.324385, Exp of LogL: 0.000004, Normalized LogL: -1.232439, Exp of Normalized LogL: 0.291581, Best Rate: 0.3
Fault: [0,1,5,3,4,5], logL: -12.324385, Exp of LogL: 0.000004, Normalized LogL: -1.232439, Exp of Normalized LogL: 0.291581, Best Rate: 0.3
Fault: [0,1,0,3,4,5], logL: -12.606089, Exp of LogL: 0.000003, Normalized LogL: -1.260609, Exp of Normalized LogL: 0.283481, Best Rate: 0.3

========= ADAPTIVE MC DEBUG =========
Total calls: 100
Avg tries: 155.00
Confidence stops: 100
Max stops: 0
Max stop rate: 0.000
Real Fault Rank 1
===== SEED 69 | FR=0.3 | VR=60 =====
executing with fault mode: [0,1,1,3,4,5]

Fault scores (higher is better):
Fault: [0,1,1,3,4,5], logL: -15.320751, Exp of LogL: 0.000000, Normalized LogL: -1.094339, Exp of Normalized LogL: 0.334761, Best Rate: 0.3
Fault: [0,1,3,3,4,5], logL: -15.461251, Exp of LogL: 0.000000, Normalized LogL: -1.104375, Exp of Normalized LogL: 0.331418, Best Rate: 0.3
Fault: [0,1,1,3,5,5], logL: -15.469171, Exp of LogL: 0.000000, Normalized LogL: -1.104941, Exp of Normalized LogL: 0.331231, Best Rate: 0.3
Fault: [0,1,1,3,1,5], logL: -15.469171, Exp of LogL: 0.000000, Normalized LogL: -1.104941, Exp of Normalized LogL: 0.331231, Best Rate: 0.3
Fault: [0,1,4,3,4,5], logL: -15.518821, Exp of LogL: 0.000000, Normalized LogL: -1.108487, Exp of Normalized LogL: 0.330058, Best Rate: 0.3
Fault: [0,1,5,3,4,5], logL: -15.518821, Exp of LogL: 0.000000, Normalized LogL: -1.108487, Exp of Normalized LogL: 0.330058, Best Rate: 0.3
Fault: [0,1,1,3,2,5], logL: -15.643524, Exp of LogL: 0.000000, Normalized LogL: -1.117395, Exp of Normalized LogL: 0.327131, Best Rate: 0.3
Fault: [0,1,1,3,0,5], logL: -15.743607, Exp of LogL: 0.000000, Normalized LogL: -1.124543, Exp of Normalized LogL: 0.324801, Best Rate: 0.3
Fault: [0,1,2,3,4,5], logL: -16.546115, Exp of LogL: 0.000000, Normalized LogL: -1.181865, Exp of Normalized LogL: 0.306706, Best Rate: 0.3
Fault: [0,1,0,3,4,5], logL: -16.838877, Exp of LogL: 0.000000, Normalized LogL: -1.202777, Exp of Normalized LogL: 0.300359, Best Rate: 0.3

========= ADAPTIVE MC DEBUG =========
Total calls: 140
Avg tries: 150.00
Confidence stops: 140
Max stops: 0
Max stop rate: 0.000
Real Fault Rank 1
===== SEED 69 | FR=0.3 | VR=80 =====
executing with fault mode: [0,1,1,3,4,5]

Fault scores (higher is better):
Fault: [0,1,1,3,4,5], logL: -17.417338, Exp of LogL: 0.000000, Normalized LogL: -0.916702, Exp of Normalized LogL: 0.399836, Best Rate: 0.3
Fault: [0,1,3,3,4,5], logL: -17.470939, Exp of LogL: 0.000000, Normalized LogL: -0.919523, Exp of Normalized LogL: 0.398709, Best Rate: 0.3
Fault: [0,1,1,3,5,5], logL: -17.702175, Exp of LogL: 0.000000, Normalized LogL: -0.931693, Exp of Normalized LogL: 0.393886, Best Rate: 0.3
Fault: [0,1,1,3,2,5], logL: -17.702175, Exp of LogL: 0.000000, Normalized LogL: -0.931693, Exp of Normalized LogL: 0.393886, Best Rate: 0.3
Fault: [0,1,1,3,0,5], logL: -17.702175, Exp of LogL: 0.000000, Normalized LogL: -0.931693, Exp of Normalized LogL: 0.393886, Best Rate: 0.3
Fault: [0,1,1,3,1,5], logL: -17.702175, Exp of LogL: 0.000000, Normalized LogL: -0.931693, Exp of Normalized LogL: 0.393886, Best Rate: 0.3
Fault: [0,1,4,3,4,5], logL: -18.715734, Exp of LogL: 0.000000, Normalized LogL: -0.985039, Exp of Normalized LogL: 0.373425, Best Rate: 0.3
Fault: [0,1,5,3,4,5], logL: -18.715734, Exp of LogL: 0.000000, Normalized LogL: -0.985039, Exp of Normalized LogL: 0.373425, Best Rate: 0.3
Fault: [0,1,2,3,4,5], logL: -18.729800, Exp of LogL: 0.000000, Normalized LogL: -0.985779, Exp of Normalized LogL: 0.373148, Best Rate: 0.3
Fault: [0,1,0,3,4,5], logL: -19.166683, Exp of LogL: 0.000000, Normalized LogL: -1.008773, Exp of Normalized LogL: 0.364666, Best Rate: 0.3

========= ADAPTIVE MC DEBUG =========
Total calls: 190
Avg tries: 150.00
Confidence stops: 190
Max stops: 0
Max stop rate: 0.000
Real Fault Rank 1
===== SEED 69 | FR=0.3 | VR=100 =====
executing with fault mode: [0,1,1,3,4,5]

Fault scores (higher is better):
Fault: [0,1,1,3,4,5], logL: -17.801520, Exp of LogL: 0.000000, Normalized LogL: -0.741730, Exp of Normalized LogL: 0.476289, Best Rate: 0.3
Fault: [0,1,1,3,5,5], logL: -18.187182, Exp of LogL: 0.000000, Normalized LogL: -0.757799, Exp of Normalized LogL: 0.468697, Best Rate: 0.3
Fault: [0,1,1,3,2,5], logL: -18.187182, Exp of LogL: 0.000000, Normalized LogL: -0.757799, Exp of Normalized LogL: 0.468697, Best Rate: 0.3
Fault: [0,1,1,3,0,5], logL: -18.187182, Exp of LogL: 0.000000, Normalized LogL: -0.757799, Exp of Normalized LogL: 0.468697, Best Rate: 0.3
Fault: [0,1,1,3,1,5], logL: -18.187182, Exp of LogL: 0.000000, Normalized LogL: -0.757799, Exp of Normalized LogL: 0.468697, Best Rate: 0.3
Fault: [0,1,2,3,4,5], logL: -18.516999, Exp of LogL: 0.000000, Normalized LogL: -0.771542, Exp of Normalized LogL: 0.462300, Best Rate: 0.3
Fault: [0,1,3,3,4,5], logL: -19.535948, Exp of LogL: 0.000000, Normalized LogL: -0.813998, Exp of Normalized LogL: 0.443083, Best Rate: 0.3
Fault: [0,1,0,3,4,5], logL: -19.918683, Exp of LogL: 0.000000, Normalized LogL: -0.829945, Exp of Normalized LogL: 0.436073, Best Rate: 0.3
Fault: [0,1,4,3,4,5], logL: -20.122282, Exp of LogL: 0.000000, Normalized LogL: -0.838428, Exp of Normalized LogL: 0.432390, Best Rate: 0.3
Fault: [0,1,5,3,4,5], logL: -20.122282, Exp of LogL: 0.000000, Normalized LogL: -0.838428, Exp of Normalized LogL: 0.432390, Best Rate: 0.3

========= ADAPTIVE MC DEBUG =========
Total calls: 240
Avg tries: 150.00
Confidence stops: 240
Max stops: 0
Max stop rate: 0.000
Real Fault Rank 1
================= 22/08/2026 04:54:35: SEED 69 END =================
================= 22/08/2026 04:54:35: SEED 70 (68/100), a*=0 fault=[3,1,2,3,4,5] START =================
===== SEED 70 | FR=0.3 | VR=20 =====
executing with fault mode: [3,1,2,3,4,5]

Fault scores (higher is better):
Fault: [1,1,2,3,4,5], logL: -9.568299, Exp of LogL: 0.000070, Normalized LogL: -1.366900, Exp of Normalized LogL: 0.254896, Best Rate: 0.3
Fault: [2,1,2,3,4,5], logL: -9.735353, Exp of LogL: 0.000059, Normalized LogL: -1.390765, Exp of Normalized LogL: 0.248885, Best Rate: 0.3
Fault: [3,1,2,3,3,5], logL: -9.746782, Exp of LogL: 0.000058, Normalized LogL: -1.392397, Exp of Normalized LogL: 0.248479, Best Rate: 0.3
Fault: [3,1,2,3,2,5], logL: -9.746782, Exp of LogL: 0.000058, Normalized LogL: -1.392397, Exp of Normalized LogL: 0.248479, Best Rate: 0.3
Fault: [3,1,2,3,5,5], logL: -9.746782, Exp of LogL: 0.000058, Normalized LogL: -1.392397, Exp of Normalized LogL: 0.248479, Best Rate: 0.3
Fault: [3,1,2,3,4,5], logL: -10.023035, Exp of LogL: 0.000044, Normalized LogL: -1.431862, Exp of Normalized LogL: 0.238864, Best Rate: 0.3
Fault: [4,1,2,3,4,5], logL: -10.023035, Exp of LogL: 0.000044, Normalized LogL: -1.431862, Exp of Normalized LogL: 0.238864, Best Rate: 0.3
Fault: [5,1,2,3,4,5], logL: -10.023035, Exp of LogL: 0.000044, Normalized LogL: -1.431862, Exp of Normalized LogL: 0.238864, Best Rate: 0.3
Fault: [3,1,2,3,1,5], logL: -10.033028, Exp of LogL: 0.000044, Normalized LogL: -1.433290, Exp of Normalized LogL: 0.238523, Best Rate: 0.3
Fault: [0,1,2,3,4,5], logL: -10.143663, Exp of LogL: 0.000039, Normalized LogL: -1.449095, Exp of Normalized LogL: 0.234783, Best Rate: 0.3

========= ADAPTIVE MC DEBUG =========
Total calls: 70
Avg tries: 171.43
Confidence stops: 70
Max stops: 0
Max stop rate: 0.000
Real Fault Rank 6
===== SEED 70 | FR=0.3 | VR=40 =====
executing with fault mode: [3,1,2,3,4,5]

Fault scores (higher is better):
Fault: [3,1,2,3,3,5], logL: -16.044557, Exp of LogL: 0.000000, Normalized LogL: -1.234197, Exp of Normalized LogL: 0.291068, Best Rate: 0.3
Fault: [3,1,2,3,2,5], logL: -16.044557, Exp of LogL: 0.000000, Normalized LogL: -1.234197, Exp of Normalized LogL: 0.291068, Best Rate: 0.3
Fault: [3,1,2,3,5,5], logL: -16.044557, Exp of LogL: 0.000000, Normalized LogL: -1.234197, Exp of Normalized LogL: 0.291068, Best Rate: 0.3
Fault: [3,1,2,3,1,5], logL: -16.821138, Exp of LogL: 0.000000, Normalized LogL: -1.293934, Exp of Normalized LogL: 0.274190, Best Rate: 0.3
Fault: [4,1,2,3,4,5], logL: -16.896646, Exp of LogL: 0.000000, Normalized LogL: -1.299742, Exp of Normalized LogL: 0.272602, Best Rate: 0.3
Fault: [5,1,2,3,4,5], logL: -16.896646, Exp of LogL: 0.000000, Normalized LogL: -1.299742, Exp of Normalized LogL: 0.272602, Best Rate: 0.3
Fault: [3,1,2,3,4,5], logL: -16.957270, Exp of LogL: 0.000000, Normalized LogL: -1.304405, Exp of Normalized LogL: 0.271334, Best Rate: 0.3
Fault: [0,1,2,3,4,5], logL: -17.164910, Exp of LogL: 0.000000, Normalized LogL: -1.320378, Exp of Normalized LogL: 0.267034, Best Rate: 0.3
Fault: [2,1,2,3,4,5], logL: -17.244952, Exp of LogL: 0.000000, Normalized LogL: -1.326535, Exp of Normalized LogL: 0.265395, Best Rate: 0.3
Fault: [1,1,2,3,4,5], logL: -17.938099, Exp of LogL: 0.000000, Normalized LogL: -1.379854, Exp of Normalized LogL: 0.251615, Best Rate: 0.3

========= ADAPTIVE MC DEBUG =========
Total calls: 130
Avg tries: 153.85
Confidence stops: 130
Max stops: 0
Max stop rate: 0.000
Real Fault Rank 7
===== SEED 70 | FR=0.3 | VR=60 =====
executing with fault mode: [3,1,2,3,4,5]

Fault scores (higher is better):
Fault: [3,1,2,3,3,5], logL: -20.252444, Exp of LogL: 0.000000, Normalized LogL: -1.065918, Exp of Normalized LogL: 0.344412, Best Rate: 0.3
Fault: [3,1,2,3,2,5], logL: -20.252444, Exp of LogL: 0.000000, Normalized LogL: -1.065918, Exp of Normalized LogL: 0.344412, Best Rate: 0.3
Fault: [3,1,2,3,5,5], logL: -20.252444, Exp of LogL: 0.000000, Normalized LogL: -1.065918, Exp of Normalized LogL: 0.344412, Best Rate: 0.3
Fault: [2,1,2,3,4,5], logL: -20.313678, Exp of LogL: 0.000000, Normalized LogL: -1.069141, Exp of Normalized LogL: 0.343303, Best Rate: 0.3
Fault: [3,1,2,3,4,5], logL: -20.641909, Exp of LogL: 0.000000, Normalized LogL: -1.086416, Exp of Normalized LogL: 0.337424, Best Rate: 0.3
Fault: [4,1,2,3,4,5], logL: -20.665439, Exp of LogL: 0.000000, Normalized LogL: -1.087655, Exp of Normalized LogL: 0.337006, Best Rate: 0.3
Fault: [5,1,2,3,4,5], logL: -20.665439, Exp of LogL: 0.000000, Normalized LogL: -1.087655, Exp of Normalized LogL: 0.337006, Best Rate: 0.3
Fault: [0,1,2,3,4,5], logL: -20.811994, Exp of LogL: 0.000000, Normalized LogL: -1.095368, Exp of Normalized LogL: 0.334416, Best Rate: 0.3
Fault: [3,1,2,3,1,5], logL: -20.824230, Exp of LogL: 0.000000, Normalized LogL: -1.096012, Exp of Normalized LogL: 0.334201, Best Rate: 0.3
Fault: [1,1,2,3,4,5], logL: -21.084806, Exp of LogL: 0.000000, Normalized LogL: -1.109727, Exp of Normalized LogL: 0.329649, Best Rate: 0.3

========= ADAPTIVE MC DEBUG =========
Total calls: 190
Avg tries: 150.00
Confidence stops: 190
Max stops: 0
Max stop rate: 0.000
Real Fault Rank 5
===== SEED 70 | FR=0.3 | VR=80 =====
executing with fault mode: [3,1,2,3,4,5]

Fault scores (higher is better):
Fault: [0,1,2,3,4,5], logL: -22.878077, Exp of LogL: 0.000000, Normalized LogL: -0.915123, Exp of Normalized LogL: 0.400467, Best Rate: 0.3
Fault: [3,1,2,3,3,5], logL: -23.208281, Exp of LogL: 0.000000, Normalized LogL: -0.928331, Exp of Normalized LogL: 0.395213, Best Rate: 0.3
Fault: [3,1,2,3,2,5], logL: -23.208281, Exp of LogL: 0.000000, Normalized LogL: -0.928331, Exp of Normalized LogL: 0.395213, Best Rate: 0.3
Fault: [3,1,2,3,5,5], logL: -23.208281, Exp of LogL: 0.000000, Normalized LogL: -0.928331, Exp of Normalized LogL: 0.395213, Best Rate: 0.3
Fault: [2,1,2,3,4,5], logL: -23.243958, Exp of LogL: 0.000000, Normalized LogL: -0.929758, Exp of Normalized LogL: 0.394649, Best Rate: 0.3
Fault: [3,1,2,3,4,5], logL: -23.597745, Exp of LogL: 0.000000, Normalized LogL: -0.943910, Exp of Normalized LogL: 0.389104, Best Rate: 0.3
Fault: [3,1,2,3,1,5], logL: -23.780067, Exp of LogL: 0.000000, Normalized LogL: -0.951203, Exp of Normalized LogL: 0.386276, Best Rate: 0.3
Fault: [4,1,2,3,4,5], logL: -23.885428, Exp of LogL: 0.000000, Normalized LogL: -0.955417, Exp of Normalized LogL: 0.384652, Best Rate: 0.3
Fault: [5,1,2,3,4,5], logL: -23.885428, Exp of LogL: 0.000000, Normalized LogL: -0.955417, Exp of Normalized LogL: 0.384652, Best Rate: 0.3
Fault: [1,1,2,3,4,5], logL: -23.983922, Exp of LogL: 0.000000, Normalized LogL: -0.959357, Exp of Normalized LogL: 0.383139, Best Rate: 0.3

========= ADAPTIVE MC DEBUG =========
Total calls: 250
Avg tries: 150.00
Confidence stops: 250
Max stops: 0
Max stop rate: 0.000
Real Fault Rank 6
===== SEED 70 | FR=0.3 | VR=100 =====
executing with fault mode: [3,1,2,3,4,5]

Fault scores (higher is better):
Fault: [0,1,2,3,4,5], logL: -27.001584, Exp of LogL: 0.000000, Normalized LogL: -0.871019, Exp of Normalized LogL: 0.418525, Best Rate: 0.3
Fault: [2,1,2,3,4,5], logL: -27.032624, Exp of LogL: 0.000000, Normalized LogL: -0.872020, Exp of Normalized LogL: 0.418106, Best Rate: 0.3
Fault: [3,1,2,3,4,5], logL: -27.126919, Exp of LogL: 0.000000, Normalized LogL: -0.875062, Exp of Normalized LogL: 0.416836, Best Rate: 0.3
Fault: [3,1,2,3,3,5], logL: -27.552587, Exp of LogL: 0.000000, Normalized LogL: -0.888793, Exp of Normalized LogL: 0.411152, Best Rate: 0.3
Fault: [3,1,2,3,2,5], logL: -27.552587, Exp of LogL: 0.000000, Normalized LogL: -0.888793, Exp of Normalized LogL: 0.411152, Best Rate: 0.3
Fault: [3,1,2,3,1,5], logL: -27.552587, Exp of LogL: 0.000000, Normalized LogL: -0.888793, Exp of Normalized LogL: 0.411152, Best Rate: 0.3
Fault: [3,1,2,3,5,5], logL: -27.552587, Exp of LogL: 0.000000, Normalized LogL: -0.888793, Exp of Normalized LogL: 0.411152, Best Rate: 0.3
Fault: [1,1,2,3,4,5], logL: -27.939367, Exp of LogL: 0.000000, Normalized LogL: -0.901270, Exp of Normalized LogL: 0.406054, Best Rate: 0.3
Fault: [4,1,2,3,4,5], logL: -28.201434, Exp of LogL: 0.000000, Normalized LogL: -0.909724, Exp of Normalized LogL: 0.402635, Best Rate: 0.3
Fault: [5,1,2,3,4,5], logL: -28.201434, Exp of LogL: 0.000000, Normalized LogL: -0.909724, Exp of Normalized LogL: 0.402635, Best Rate: 0.3

========= ADAPTIVE MC DEBUG =========
Total calls: 310
Avg tries: 150.00
Confidence stops: 310
Max stops: 0
Max stop rate: 0.000
Real Fault Rank 3
================= 22/08/2026 04:55:01: SEED 70 END =================
================= 22/08/2026 04:55:01: SEED 71 (69/100), a*=3 fault=[0,1,2,0,4,5] START =================
===== SEED 71 | FR=0.3 | VR=20 =====
executing with fault mode: [0,1,2,0,4,5]

Fault scores (higher is better):
Fault: [0,1,2,1,4,5], logL: -10.033562, Exp of LogL: 0.000044, Normalized LogL: -2.006712, Exp of Normalized LogL: 0.134430, Best Rate: 0.3
Fault: [0,1,2,2,4,5], logL: -10.064815, Exp of LogL: 0.000043, Normalized LogL: -2.012963, Exp of Normalized LogL: 0.133592, Best Rate: 0.3
Fault: [0,1,2,5,4,5], logL: -10.742214, Exp of LogL: 0.000022, Normalized LogL: -2.148443, Exp of Normalized LogL: 0.116666, Best Rate: 0.3
Fault: [0,1,2,4,4,5], logL: -10.742214, Exp of LogL: 0.000022, Normalized LogL: -2.148443, Exp of Normalized LogL: 0.116666, Best Rate: 0.3
Fault: [0,1,3,0,4,5], logL: -11.116907, Exp of LogL: 0.000015, Normalized LogL: -2.223381, Exp of Normalized LogL: 0.108242, Best Rate: 0.3
Fault: [0,1,5,0,4,5], logL: -11.116907, Exp of LogL: 0.000015, Normalized LogL: -2.223381, Exp of Normalized LogL: 0.108242, Best Rate: 0.3
Fault: [0,1,2,0,4,5], logL: -11.116907, Exp of LogL: 0.000015, Normalized LogL: -2.223381, Exp of Normalized LogL: 0.108242, Best Rate: 0.3
Fault: [0,1,0,0,4,5], logL: -11.116907, Exp of LogL: 0.000015, Normalized LogL: -2.223381, Exp of Normalized LogL: 0.108242, Best Rate: 0.3
Fault: [0,1,4,0,4,5], logL: -11.116907, Exp of LogL: 0.000015, Normalized LogL: -2.223381, Exp of Normalized LogL: 0.108242, Best Rate: 0.3
Fault: [0,1,2,3,4,5], logL: -11.135256, Exp of LogL: 0.000015, Normalized LogL: -2.227051, Exp of Normalized LogL: 0.107846, Best Rate: 0.3

========= ADAPTIVE MC DEBUG =========
Total calls: 50
Avg tries: 170.00
Confidence stops: 50
Max stops: 0
Max stop rate: 0.000
Real Fault Rank 7
===== SEED 71 | FR=0.3 | VR=40 =====
executing with fault mode: [0,1,2,0,4,5]

Fault scores (higher is better):
Fault: [0,1,2,1,4,5], logL: -14.386071, Exp of LogL: 0.000001, Normalized LogL: -1.598452, Exp of Normalized LogL: 0.202209, Best Rate: 0.3
Fault: [0,1,2,3,4,5], logL: -14.625185, Exp of LogL: 0.000000, Normalized LogL: -1.625021, Exp of Normalized LogL: 0.196908, Best Rate: 0.3
Fault: [0,1,3,0,4,5], logL: -15.846360, Exp of LogL: 0.000000, Normalized LogL: -1.760707, Exp of Normalized LogL: 0.171923, Best Rate: 0.3
Fault: [0,1,5,0,4,5], logL: -15.846360, Exp of LogL: 0.000000, Normalized LogL: -1.760707, Exp of Normalized LogL: 0.171923, Best Rate: 0.3
Fault: [0,1,2,0,4,5], logL: -15.846360, Exp of LogL: 0.000000, Normalized LogL: -1.760707, Exp of Normalized LogL: 0.171923, Best Rate: 0.3
Fault: [0,1,0,0,4,5], logL: -15.846360, Exp of LogL: 0.000000, Normalized LogL: -1.760707, Exp of Normalized LogL: 0.171923, Best Rate: 0.3
Fault: [0,1,4,0,4,5], logL: -15.846360, Exp of LogL: 0.000000, Normalized LogL: -1.760707, Exp of Normalized LogL: 0.171923, Best Rate: 0.3
Fault: [0,1,2,2,4,5], logL: -15.941670, Exp of LogL: 0.000000, Normalized LogL: -1.771297, Exp of Normalized LogL: 0.170112, Best Rate: 0.3
Fault: [0,1,2,5,4,5], logL: -16.047030, Exp of LogL: 0.000000, Normalized LogL: -1.783003, Exp of Normalized LogL: 0.168132, Best Rate: 0.3
Fault: [0,1,2,4,4,5], logL: -16.047030, Exp of LogL: 0.000000, Normalized LogL: -1.783003, Exp of Normalized LogL: 0.168132, Best Rate: 0.3

========= ADAPTIVE MC DEBUG =========
Total calls: 90
Avg tries: 155.56
Confidence stops: 90
Max stops: 0
Max stop rate: 0.000
Real Fault Rank 5
===== SEED 71 | FR=0.3 | VR=60 =====
executing with fault mode: [0,1,2,0,4,5]

Fault scores (higher is better):
Fault: [0,1,2,1,4,5], logL: -20.043734, Exp of LogL: 0.000000, Normalized LogL: -1.541826, Exp of Normalized LogL: 0.213990, Best Rate: 0.3
Fault: [0,1,2,3,4,5], logL: -20.177487, Exp of LogL: 0.000000, Normalized LogL: -1.552114, Exp of Normalized LogL: 0.211800, Best Rate: 0.3
Fault: [0,1,3,0,4,5], logL: -21.599332, Exp of LogL: 0.000000, Normalized LogL: -1.661487, Exp of Normalized LogL: 0.189856, Best Rate: 0.3
Fault: [0,1,5,0,4,5], logL: -21.599332, Exp of LogL: 0.000000, Normalized LogL: -1.661487, Exp of Normalized LogL: 0.189856, Best Rate: 0.3
Fault: [0,1,2,0,4,5], logL: -21.599332, Exp of LogL: 0.000000, Normalized LogL: -1.661487, Exp of Normalized LogL: 0.189856, Best Rate: 0.3
Fault: [0,1,2,2,4,5], logL: -21.599332, Exp of LogL: 0.000000, Normalized LogL: -1.661487, Exp of Normalized LogL: 0.189856, Best Rate: 0.3
Fault: [0,1,0,0,4,5], logL: -21.599332, Exp of LogL: 0.000000, Normalized LogL: -1.661487, Exp of Normalized LogL: 0.189856, Best Rate: 0.3
Fault: [0,1,4,0,4,5], logL: -21.599332, Exp of LogL: 0.000000, Normalized LogL: -1.661487, Exp of Normalized LogL: 0.189856, Best Rate: 0.3
Fault: [0,1,2,5,4,5], logL: -21.704693, Exp of LogL: 0.000000, Normalized LogL: -1.669592, Exp of Normalized LogL: 0.188324, Best Rate: 0.3
Fault: [0,1,2,4,4,5], logL: -21.704693, Exp of LogL: 0.000000, Normalized LogL: -1.669592, Exp of Normalized LogL: 0.188324, Best Rate: 0.3

========= ADAPTIVE MC DEBUG =========
Total calls: 130
Avg tries: 150.00
Confidence stops: 130
Max stops: 0
Max stop rate: 0.000
Real Fault Rank 5
===== SEED 71 | FR=0.3 | VR=80 =====
executing with fault mode: [0,1,2,0,4,5]

Fault scores (higher is better):
Fault: [0,1,2,1,4,5], logL: -21.866419, Exp of LogL: 0.000000, Normalized LogL: -1.286260, Exp of Normalized LogL: 0.276302, Best Rate: 0.3
Fault: [0,1,2,3,4,5], logL: -22.414215, Exp of LogL: 0.000000, Normalized LogL: -1.318483, Exp of Normalized LogL: 0.267541, Best Rate: 0.3
Fault: [0,1,2,0,4,5], logL: -22.829997, Exp of LogL: 0.000000, Normalized LogL: -1.342941, Exp of Normalized LogL: 0.261077, Best Rate: 0.3
Fault: [0,1,2,2,4,5], logL: -23.097312, Exp of LogL: 0.000000, Normalized LogL: -1.358665, Exp of Normalized LogL: 0.257004, Best Rate: 0.3
Fault: [0,1,3,0,4,5], logL: -23.098261, Exp of LogL: 0.000000, Normalized LogL: -1.358721, Exp of Normalized LogL: 0.256989, Best Rate: 0.3
Fault: [0,1,5,0,4,5], logL: -23.098261, Exp of LogL: 0.000000, Normalized LogL: -1.358721, Exp of Normalized LogL: 0.256989, Best Rate: 0.3
Fault: [0,1,0,0,4,5], logL: -23.098261, Exp of LogL: 0.000000, Normalized LogL: -1.358721, Exp of Normalized LogL: 0.256989, Best Rate: 0.3
Fault: [0,1,4,0,4,5], logL: -23.098261, Exp of LogL: 0.000000, Normalized LogL: -1.358721, Exp of Normalized LogL: 0.256989, Best Rate: 0.3
Fault: [0,1,2,5,4,5], logL: -23.181395, Exp of LogL: 0.000000, Normalized LogL: -1.363611, Exp of Normalized LogL: 0.255736, Best Rate: 0.3
Fault: [0,1,2,4,4,5], logL: -23.181395, Exp of LogL: 0.000000, Normalized LogL: -1.363611, Exp of Normalized LogL: 0.255736, Best Rate: 0.3

========= ADAPTIVE MC DEBUG =========
Total calls: 170
Avg tries: 150.00
Confidence stops: 170
Max stops: 0
Max stop rate: 0.000
Real Fault Rank 3
===== SEED 71 | FR=0.3 | VR=100 =====
executing with fault mode: [0,1,2,0,4,5]

Fault scores (higher is better):
Fault: [0,1,2,1,4,5], logL: -22.414120, Exp of LogL: 0.000000, Normalized LogL: -1.018824, Exp of Normalized LogL: 0.361019, Best Rate: 0.3
Fault: [0,1,2,3,4,5], logL: -22.965213, Exp of LogL: 0.000000, Normalized LogL: -1.043873, Exp of Normalized LogL: 0.352088, Best Rate: 0.3
Fault: [0,1,2,0,4,5], logL: -23.588290, Exp of LogL: 0.000000, Normalized LogL: -1.072195, Exp of Normalized LogL: 0.342256, Best Rate: 0.3
Fault: [0,1,2,5,4,5], logL: -23.767315, Exp of LogL: 0.000000, Normalized LogL: -1.080333, Exp of Normalized LogL: 0.339483, Best Rate: 0.3
Fault: [0,1,2,4,4,5], logL: -23.767315, Exp of LogL: 0.000000, Normalized LogL: -1.080333, Exp of Normalized LogL: 0.339483, Best Rate: 0.3
Fault: [0,1,2,2,4,5], logL: -23.767315, Exp of LogL: 0.000000, Normalized LogL: -1.080333, Exp of Normalized LogL: 0.339483, Best Rate: 0.3
Fault: [0,1,3,0,4,5], logL: -23.856554, Exp of LogL: 0.000000, Normalized LogL: -1.084389, Exp of Normalized LogL: 0.338108, Best Rate: 0.3
Fault: [0,1,5,0,4,5], logL: -23.856554, Exp of LogL: 0.000000, Normalized LogL: -1.084389, Exp of Normalized LogL: 0.338108, Best Rate: 0.3
Fault: [0,1,0,0,4,5], logL: -23.856554, Exp of LogL: 0.000000, Normalized LogL: -1.084389, Exp of Normalized LogL: 0.338108, Best Rate: 0.3
Fault: [0,1,4,0,4,5], logL: -23.856554, Exp of LogL: 0.000000, Normalized LogL: -1.084389, Exp of Normalized LogL: 0.338108, Best Rate: 0.3

========= ADAPTIVE MC DEBUG =========
Total calls: 220
Avg tries: 150.00
Confidence stops: 220
Max stops: 0
Max stop rate: 0.000
Real Fault Rank 3
================= 22/08/2026 04:55:18: SEED 71 END =================
================= 22/08/2026 04:55:18: SEED 72 (70/100), a*=2 fault=[0,1,5,3,4,5] START =================
===== SEED 72 | FR=0.3 | VR=20 =====
executing with fault mode: [0,1,5,3,4,5]

Fault scores (higher is better):
Fault: [0,1,4,3,4,5], logL: -4.853632, Exp of LogL: 0.007800, Normalized LogL: -1.617877, Exp of Normalized LogL: 0.198319, Best Rate: 0.3
Fault: [0,1,5,3,4,5], logL: -4.853632, Exp of LogL: 0.007800, Normalized LogL: -1.617877, Exp of Normalized LogL: 0.198319, Best Rate: 0.3
Fault: [2,1,5,3,4,5], logL: -5.161768, Exp of LogL: 0.005732, Normalized LogL: -1.720589, Exp of Normalized LogL: 0.178961, Best Rate: 0.3
Fault: [4,1,5,3,4,5], logL: -5.194558, Exp of LogL: 0.005547, Normalized LogL: -1.731519, Exp of Normalized LogL: 0.177015, Best Rate: 0.3
Fault: [5,1,5,3,4,5], logL: -5.194558, Exp of LogL: 0.005547, Normalized LogL: -1.731519, Exp of Normalized LogL: 0.177015, Best Rate: 0.3
Fault: [1,1,5,3,4,5], logL: -5.228460, Exp of LogL: 0.005362, Normalized LogL: -1.742820, Exp of Normalized LogL: 0.175026, Best Rate: 0.3
Fault: [0,1,3,3,4,5], logL: -5.444500, Exp of LogL: 0.004320, Normalized LogL: -1.814833, Exp of Normalized LogL: 0.162865, Best Rate: 0.3
Fault: [0,1,0,3,4,5], logL: -5.652139, Exp of LogL: 0.003510, Normalized LogL: -1.884046, Exp of Normalized LogL: 0.151974, Best Rate: 0.3
Fault: [0,1,1,3,4,5], logL: -6.194805, Exp of LogL: 0.002040, Normalized LogL: -2.064935, Exp of Normalized LogL: 0.126827, Best Rate: 0.3
Fault: [0,1,2,3,4,5], logL: -6.684612, Exp of LogL: 0.001250, Normalized LogL: -2.228204, Exp of Normalized LogL: 0.107722, Best Rate: 0.3

========= ADAPTIVE MC DEBUG =========
Total calls: 30
Avg tries: 166.67
Confidence stops: 30
Max stops: 0
Max stop rate: 0.000
Real Fault Rank 2
===== SEED 72 | FR=0.3 | VR=40 =====
executing with fault mode: [0,1,5,3,4,5]

Fault scores (higher is better):
Fault: [0,1,4,3,4,5], logL: -6.748994, Exp of LogL: 0.001172, Normalized LogL: -1.124832, Exp of Normalized LogL: 0.324707, Best Rate: 0.3
Fault: [0,1,5,3,4,5], logL: -6.748994, Exp of LogL: 0.001172, Normalized LogL: -1.124832, Exp of Normalized LogL: 0.324707, Best Rate: 0.3
Fault: [0,1,3,3,4,5], logL: -6.911061, Exp of LogL: 0.000997, Normalized LogL: -1.151843, Exp of Normalized LogL: 0.316054, Best Rate: 0.3
Fault: [1,1,5,3,4,5], logL: -7.069466, Exp of LogL: 0.000851, Normalized LogL: -1.178244, Exp of Normalized LogL: 0.307819, Best Rate: 0.3
Fault: [4,1,5,3,4,5], logL: -7.069466, Exp of LogL: 0.000851, Normalized LogL: -1.178244, Exp of Normalized LogL: 0.307819, Best Rate: 0.3
Fault: [5,1,5,3,4,5], logL: -7.069466, Exp of LogL: 0.000851, Normalized LogL: -1.178244, Exp of Normalized LogL: 0.307819, Best Rate: 0.3
Fault: [2,1,5,3,4,5], logL: -7.069466, Exp of LogL: 0.000851, Normalized LogL: -1.178244, Exp of Normalized LogL: 0.307819, Best Rate: 0.3
Fault: [0,1,0,3,4,5], logL: -7.836104, Exp of LogL: 0.000395, Normalized LogL: -1.306017, Exp of Normalized LogL: 0.270897, Best Rate: 0.3
Fault: [0,1,1,3,4,5], logL: -8.563930, Exp of LogL: 0.000191, Normalized LogL: -1.427322, Exp of Normalized LogL: 0.239951, Best Rate: 0.3
Fault: [0,1,2,3,4,5], logL: -32.365875, Exp of LogL: 0.000000, Normalized LogL: -5.394313, Exp of Normalized LogL: 0.004542, Best Rate: 0.3

========= ADAPTIVE MC DEBUG =========
Total calls: 60
Avg tries: 150.00
Confidence stops: 60
Max stops: 0
Max stop rate: 0.000
Real Fault Rank 2
===== SEED 72 | FR=0.3 | VR=60 =====
executing with fault mode: [0,1,5,3,4,5]

Fault scores (higher is better):
Fault: [0,1,4,3,4,5], logL: -8.937056, Exp of LogL: 0.000131, Normalized LogL: -0.993006, Exp of Normalized LogL: 0.370461, Best Rate: 0.3
Fault: [0,1,5,3,4,5], logL: -8.937056, Exp of LogL: 0.000131, Normalized LogL: -0.993006, Exp of Normalized LogL: 0.370461, Best Rate: 0.3
Fault: [1,1,5,3,4,5], logL: -9.308120, Exp of LogL: 0.000091, Normalized LogL: -1.034236, Exp of Normalized LogL: 0.355498, Best Rate: 0.3
Fault: [4,1,5,3,4,5], logL: -9.308120, Exp of LogL: 0.000091, Normalized LogL: -1.034236, Exp of Normalized LogL: 0.355498, Best Rate: 0.3
Fault: [5,1,5,3,4,5], logL: -9.308120, Exp of LogL: 0.000091, Normalized LogL: -1.034236, Exp of Normalized LogL: 0.355498, Best Rate: 0.3
Fault: [2,1,5,3,4,5], logL: -9.308120, Exp of LogL: 0.000091, Normalized LogL: -1.034236, Exp of Normalized LogL: 0.355498, Best Rate: 0.3
Fault: [0,1,3,3,4,5], logL: -62.557291, Exp of LogL: 0.000000, Normalized LogL: -6.950810, Exp of Normalized LogL: 0.000958, Best Rate: 0.3
Fault: [0,1,0,3,4,5], logL: -63.670474, Exp of LogL: 0.000000, Normalized LogL: -7.074497, Exp of Normalized LogL: 0.000846, Best Rate: 0.3
Fault: [0,1,1,3,4,5], logL: -63.696243, Exp of LogL: 0.000000, Normalized LogL: -7.077360, Exp of Normalized LogL: 0.000844, Best Rate: 0.3
Fault: [0,1,2,3,4,5], logL: -86.884211, Exp of LogL: 0.000000, Normalized LogL: -9.653801, Exp of Normalized LogL: 0.000064, Best Rate: 0.3

========= ADAPTIVE MC DEBUG =========
Total calls: 90
Avg tries: 150.00
Confidence stops: 90
Max stops: 0
Max stop rate: 0.000
Real Fault Rank 2
===== SEED 72 | FR=0.3 | VR=80 =====
executing with fault mode: [0,1,5,3,4,5]

Fault scores (higher is better):
Fault: [0,1,4,3,4,5], logL: -10.276423, Exp of LogL: 0.000034, Normalized LogL: -0.856369, Exp of Normalized LogL: 0.424702, Best Rate: 0.3
Fault: [0,1,5,3,4,5], logL: -10.276423, Exp of LogL: 0.000034, Normalized LogL: -0.856369, Exp of Normalized LogL: 0.424702, Best Rate: 0.3
Fault: [1,1,5,3,4,5], logL: -10.647487, Exp of LogL: 0.000024, Normalized LogL: -0.887291, Exp of Normalized LogL: 0.411770, Best Rate: 0.3
Fault: [4,1,5,3,4,5], logL: -10.647487, Exp of LogL: 0.000024, Normalized LogL: -0.887291, Exp of Normalized LogL: 0.411770, Best Rate: 0.3
Fault: [5,1,5,3,4,5], logL: -10.647487, Exp of LogL: 0.000024, Normalized LogL: -0.887291, Exp of Normalized LogL: 0.411770, Best Rate: 0.3
Fault: [2,1,5,3,4,5], logL: -10.647487, Exp of LogL: 0.000024, Normalized LogL: -0.887291, Exp of Normalized LogL: 0.411770, Best Rate: 0.3
Fault: [0,1,3,3,4,5], logL: -63.126269, Exp of LogL: 0.000000, Normalized LogL: -5.260522, Exp of Normalized LogL: 0.005193, Best Rate: 0.3
Fault: [0,1,1,3,4,5], logL: -64.638164, Exp of LogL: 0.000000, Normalized LogL: -5.386514, Exp of Normalized LogL: 0.004578, Best Rate: 0.3
Fault: [0,1,0,3,4,5], logL: -64.727285, Exp of LogL: 0.000000, Normalized LogL: -5.393940, Exp of Normalized LogL: 0.004544, Best Rate: 0.3
Fault: [0,1,2,3,4,5], logL: -87.806213, Exp of LogL: 0.000000, Normalized LogL: -7.317184, Exp of Normalized LogL: 0.000664, Best Rate: 0.3

========= ADAPTIVE MC DEBUG =========
Total calls: 120
Avg tries: 150.00
Confidence stops: 120
Max stops: 0
Max stop rate: 0.000
Real Fault Rank 2
===== SEED 72 | FR=0.3 | VR=100 =====
executing with fault mode: [0,1,5,3,4,5]

Fault scores (higher is better):
Fault: [0,1,4,3,4,5], logL: -10.381669, Exp of LogL: 0.000031, Normalized LogL: -0.692111, Exp of Normalized LogL: 0.500518, Best Rate: 0.3
Fault: [0,1,5,3,4,5], logL: -10.381669, Exp of LogL: 0.000031, Normalized LogL: -0.692111, Exp of Normalized LogL: 0.500518, Best Rate: 0.3
Fault: [1,1,5,3,4,5], logL: -10.752733, Exp of LogL: 0.000021, Normalized LogL: -0.716849, Exp of Normalized LogL: 0.488289, Best Rate: 0.3
Fault: [4,1,5,3,4,5], logL: -10.752733, Exp of LogL: 0.000021, Normalized LogL: -0.716849, Exp of Normalized LogL: 0.488289, Best Rate: 0.3
Fault: [5,1,5,3,4,5], logL: -10.752733, Exp of LogL: 0.000021, Normalized LogL: -0.716849, Exp of Normalized LogL: 0.488289, Best Rate: 0.3
Fault: [2,1,5,3,4,5], logL: -10.752733, Exp of LogL: 0.000021, Normalized LogL: -0.716849, Exp of Normalized LogL: 0.488289, Best Rate: 0.3
Fault: [0,1,3,3,4,5], logL: -63.343789, Exp of LogL: 0.000000, Normalized LogL: -4.222919, Exp of Normalized LogL: 0.014656, Best Rate: 0.3
Fault: [0,1,0,3,4,5], logL: -64.934914, Exp of LogL: 0.000000, Normalized LogL: -4.328994, Exp of Normalized LogL: 0.013181, Best Rate: 0.3
Fault: [0,1,1,3,4,5], logL: -65.165757, Exp of LogL: 0.000000, Normalized LogL: -4.344384, Exp of Normalized LogL: 0.012980, Best Rate: 0.3
Fault: [0,1,2,3,4,5], logL: -88.079159, Exp of LogL: 0.000000, Normalized LogL: -5.871944, Exp of Normalized LogL: 0.002817, Best Rate: 0.3

========= ADAPTIVE MC DEBUG =========
Total calls: 150
Avg tries: 150.00
Confidence stops: 150
Max stops: 0
Max stop rate: 0.000
Real Fault Rank 2
================= 22/08/2026 04:55:30: SEED 72 END =================
================= 22/08/2026 04:55:30: SEED 73 (71/100), a*=0 fault=[2,1,2,3,4,5] START =================
===== SEED 73 | FR=0.3 | VR=20 =====
executing with fault mode: [2,1,2,3,4,5]

Fault scores (higher is better):
Fault: [2,1,2,3,4,5], logL: -6.976977, Exp of LogL: 0.000933, Normalized LogL: -1.744244, Exp of Normalized LogL: 0.174777, Best Rate: 0.3
Fault: [2,1,2,3,0,5], logL: -7.008725, Exp of LogL: 0.000904, Normalized LogL: -1.752181, Exp of Normalized LogL: 0.173395, Best Rate: 0.3
Fault: [2,1,2,3,2,5], logL: -7.008725, Exp of LogL: 0.000904, Normalized LogL: -1.752181, Exp of Normalized LogL: 0.173395, Best Rate: 0.3
Fault: [2,1,2,3,5,5], logL: -7.008725, Exp of LogL: 0.000904, Normalized LogL: -1.752181, Exp of Normalized LogL: 0.173395, Best Rate: 0.3
Fault: [2,1,2,3,1,5], logL: -7.146876, Exp of LogL: 0.000787, Normalized LogL: -1.786719, Exp of Normalized LogL: 0.167509, Best Rate: 0.3
Fault: [1,1,2,3,4,5], logL: -7.897181, Exp of LogL: 0.000372, Normalized LogL: -1.974295, Exp of Normalized LogL: 0.138859, Best Rate: 0.3
Fault: [4,1,2,3,4,5], logL: -8.332499, Exp of LogL: 0.000241, Normalized LogL: -2.083125, Exp of Normalized LogL: 0.124540, Best Rate: 0.3
Fault: [5,1,2,3,4,5], logL: -8.332499, Exp of LogL: 0.000241, Normalized LogL: -2.083125, Exp of Normalized LogL: 0.124540, Best Rate: 0.3
Fault: [3,1,2,3,4,5], logL: -8.938635, Exp of LogL: 0.000131, Normalized LogL: -2.234659, Exp of Normalized LogL: 0.107029, Best Rate: 0.3
Fault: [0,1,2,3,4,5], logL: -9.526422, Exp of LogL: 0.000073, Normalized LogL: -2.381605, Exp of Normalized LogL: 0.092402, Best Rate: 0.3

========= ADAPTIVE MC DEBUG =========
Total calls: 40
Avg tries: 175.00
Confidence stops: 40
Max stops: 0
Max stop rate: 0.000
Real Fault Rank 1
===== SEED 73 | FR=0.3 | VR=40 =====
executing with fault mode: [2,1,2,3,4,5]

Fault scores (higher is better):
Fault: [2,1,2,3,4,5], logL: -9.715683, Exp of LogL: 0.000060, Normalized LogL: -1.214460, Exp of Normalized LogL: 0.296870, Best Rate: 0.3
Fault: [2,1,2,3,0,5], logL: -10.114591, Exp of LogL: 0.000040, Normalized LogL: -1.264324, Exp of Normalized LogL: 0.282430, Best Rate: 0.3
Fault: [2,1,2,3,2,5], logL: -10.114591, Exp of LogL: 0.000040, Normalized LogL: -1.264324, Exp of Normalized LogL: 0.282430, Best Rate: 0.3
Fault: [2,1,2,3,1,5], logL: -10.114591, Exp of LogL: 0.000040, Normalized LogL: -1.264324, Exp of Normalized LogL: 0.282430, Best Rate: 0.3
Fault: [2,1,2,3,5,5], logL: -10.114591, Exp of LogL: 0.000040, Normalized LogL: -1.264324, Exp of Normalized LogL: 0.282430, Best Rate: 0.3
Fault: [4,1,2,3,4,5], logL: -11.077775, Exp of LogL: 0.000015, Normalized LogL: -1.384722, Exp of Normalized LogL: 0.250393, Best Rate: 0.3
Fault: [5,1,2,3,4,5], logL: -11.077775, Exp of LogL: 0.000015, Normalized LogL: -1.384722, Exp of Normalized LogL: 0.250393, Best Rate: 0.3
Fault: [1,1,2,3,4,5], logL: -11.213636, Exp of LogL: 0.000013, Normalized LogL: -1.401705, Exp of Normalized LogL: 0.246177, Best Rate: 0.3
Fault: [0,1,2,3,4,5], logL: -12.445401, Exp of LogL: 0.000004, Normalized LogL: -1.555675, Exp of Normalized LogL: 0.211047, Best Rate: 0.3
Fault: [3,1,2,3,4,5], logL: -12.699157, Exp of LogL: 0.000003, Normalized LogL: -1.587395, Exp of Normalized LogL: 0.204458, Best Rate: 0.3

========= ADAPTIVE MC DEBUG =========
Total calls: 80
Avg tries: 150.00
Confidence stops: 80
Max stops: 0
Max stop rate: 0.000
Real Fault Rank 1
===== SEED 73 | FR=0.3 | VR=60 =====
executing with fault mode: [2,1,2,3,4,5]

Fault scores (higher is better):
Fault: [2,1,2,3,4,5], logL: -12.418943, Exp of LogL: 0.000004, Normalized LogL: -1.034912, Exp of Normalized LogL: 0.355258, Best Rate: 0.3
Fault: [2,1,2,3,0,5], logL: -12.817851, Exp of LogL: 0.000003, Normalized LogL: -1.068154, Exp of Normalized LogL: 0.343642, Best Rate: 0.3
Fault: [2,1,2,3,2,5], logL: -12.817851, Exp of LogL: 0.000003, Normalized LogL: -1.068154, Exp of Normalized LogL: 0.343642, Best Rate: 0.3
Fault: [2,1,2,3,1,5], logL: -12.817851, Exp of LogL: 0.000003, Normalized LogL: -1.068154, Exp of Normalized LogL: 0.343642, Best Rate: 0.3
Fault: [2,1,2,3,5,5], logL: -12.817851, Exp of LogL: 0.000003, Normalized LogL: -1.068154, Exp of Normalized LogL: 0.343642, Best Rate: 0.3
Fault: [4,1,2,3,4,5], logL: -13.598885, Exp of LogL: 0.000001, Normalized LogL: -1.133240, Exp of Normalized LogL: 0.321988, Best Rate: 0.3
Fault: [5,1,2,3,4,5], logL: -13.598885, Exp of LogL: 0.000001, Normalized LogL: -1.133240, Exp of Normalized LogL: 0.321988, Best Rate: 0.3
Fault: [0,1,2,3,4,5], logL: -14.427348, Exp of LogL: 0.000001, Normalized LogL: -1.202279, Exp of Normalized LogL: 0.300509, Best Rate: 0.3
Fault: [1,1,2,3,4,5], logL: -14.489799, Exp of LogL: 0.000001, Normalized LogL: -1.207483, Exp of Normalized LogL: 0.298949, Best Rate: 0.3
Fault: [3,1,2,3,4,5], logL: -15.155213, Exp of LogL: 0.000000, Normalized LogL: -1.262934, Exp of Normalized LogL: 0.282823, Best Rate: 0.3

========= ADAPTIVE MC DEBUG =========
Total calls: 120
Avg tries: 150.00
Confidence stops: 120
Max stops: 0
Max stop rate: 0.000
Real Fault Rank 1
===== SEED 73 | FR=0.3 | VR=80 =====
executing with fault mode: [2,1,2,3,4,5]

Fault scores (higher is better):
Fault: [2,1,2,3,4,5], logL: -13.291523, Exp of LogL: 0.000002, Normalized LogL: -0.830720, Exp of Normalized LogL: 0.435735, Best Rate: 0.3
Fault: [2,1,2,3,0,5], logL: -13.737810, Exp of LogL: 0.000001, Normalized LogL: -0.858613, Exp of Normalized LogL: 0.423749, Best Rate: 0.3
Fault: [2,1,2,3,2,5], logL: -13.737810, Exp of LogL: 0.000001, Normalized LogL: -0.858613, Exp of Normalized LogL: 0.423749, Best Rate: 0.3
Fault: [2,1,2,3,1,5], logL: -13.737810, Exp of LogL: 0.000001, Normalized LogL: -0.858613, Exp of Normalized LogL: 0.423749, Best Rate: 0.3
Fault: [2,1,2,3,5,5], logL: -13.737810, Exp of LogL: 0.000001, Normalized LogL: -0.858613, Exp of Normalized LogL: 0.423749, Best Rate: 0.3
Fault: [4,1,2,3,4,5], logL: -14.357054, Exp of LogL: 0.000001, Normalized LogL: -0.897316, Exp of Normalized LogL: 0.407662, Best Rate: 0.3
Fault: [5,1,2,3,4,5], logL: -14.357054, Exp of LogL: 0.000001, Normalized LogL: -0.897316, Exp of Normalized LogL: 0.407662, Best Rate: 0.3
Fault: [0,1,2,3,4,5], logL: -16.480829, Exp of LogL: 0.000000, Normalized LogL: -1.030052, Exp of Normalized LogL: 0.356988, Best Rate: 0.3
Fault: [1,1,2,3,4,5], logL: -17.212059, Exp of LogL: 0.000000, Normalized LogL: -1.075754, Exp of Normalized LogL: 0.341041, Best Rate: 0.3
Fault: [3,1,2,3,4,5], logL: -17.980648, Exp of LogL: 0.000000, Normalized LogL: -1.123790, Exp of Normalized LogL: 0.325045, Best Rate: 0.3

========= ADAPTIVE MC DEBUG =========
Total calls: 160
Avg tries: 150.00
Confidence stops: 160
Max stops: 0
Max stop rate: 0.000
Real Fault Rank 1
===== SEED 73 | FR=0.3 | VR=100 =====
executing with fault mode: [2,1,2,3,4,5]

Fault scores (higher is better):
Fault: [2,1,2,3,4,5], logL: -14.885264, Exp of LogL: 0.000000, Normalized LogL: -0.744263, Exp of Normalized LogL: 0.475084, Best Rate: 0.3
Fault: [2,1,2,3,0,5], logL: -15.331551, Exp of LogL: 0.000000, Normalized LogL: -0.766578, Exp of Normalized LogL: 0.464600, Best Rate: 0.3
Fault: [2,1,2,3,2,5], logL: -15.331551, Exp of LogL: 0.000000, Normalized LogL: -0.766578, Exp of Normalized LogL: 0.464600, Best Rate: 0.3
Fault: [2,1,2,3,1,5], logL: -15.331551, Exp of LogL: 0.000000, Normalized LogL: -0.766578, Exp of Normalized LogL: 0.464600, Best Rate: 0.3
Fault: [2,1,2,3,5,5], logL: -15.331551, Exp of LogL: 0.000000, Normalized LogL: -0.766578, Exp of Normalized LogL: 0.464600, Best Rate: 0.3
Fault: [4,1,2,3,4,5], logL: -15.811034, Exp of LogL: 0.000000, Normalized LogL: -0.790552, Exp of Normalized LogL: 0.453594, Best Rate: 0.3
Fault: [5,1,2,3,4,5], logL: -15.811034, Exp of LogL: 0.000000, Normalized LogL: -0.790552, Exp of Normalized LogL: 0.453594, Best Rate: 0.3
Fault: [0,1,2,3,4,5], logL: -18.106330, Exp of LogL: 0.000000, Normalized LogL: -0.905316, Exp of Normalized LogL: 0.404414, Best Rate: 0.3
Fault: [1,1,2,3,4,5], logL: -19.642365, Exp of LogL: 0.000000, Normalized LogL: -0.982118, Exp of Normalized LogL: 0.374517, Best Rate: 0.3
Fault: [3,1,2,3,4,5], logL: -20.012388, Exp of LogL: 0.000000, Normalized LogL: -1.000619, Exp of Normalized LogL: 0.367652, Best Rate: 0.3

========= ADAPTIVE MC DEBUG =========
Total calls: 200
Avg tries: 150.00
Confidence stops: 200
Max stops: 0
Max stop rate: 0.000
Real Fault Rank 1
================= 22/08/2026 04:55:46: SEED 73 END =================
================= 22/08/2026 04:55:46: SEED 74 (72/100), a*=1 fault=[0,4,2,3,4,5] START =================
===== SEED 74 | FR=0.3 | VR=20 =====
executing with fault mode: [0,4,2,3,4,5]

Fault scores (higher is better):
Fault: [0,0,2,3,4,5], logL: -5.856235, Exp of LogL: 0.002862, Normalized LogL: -1.464059, Exp of Normalized LogL: 0.231296, Best Rate: 0.3
Fault: [0,3,2,3,4,5], logL: -5.974018, Exp of LogL: 0.002544, Normalized LogL: -1.493504, Exp of Normalized LogL: 0.224584, Best Rate: 0.3
Fault: [0,4,2,3,3,5], logL: -6.088681, Exp of LogL: 0.002268, Normalized LogL: -1.522170, Exp of Normalized LogL: 0.218238, Best Rate: 0.3
Fault: [0,4,2,3,2,5], logL: -6.445355, Exp of LogL: 0.001588, Normalized LogL: -1.611339, Exp of Normalized LogL: 0.199620, Best Rate: 0.3
Fault: [0,4,2,3,5,5], logL: -6.445355, Exp of LogL: 0.001588, Normalized LogL: -1.611339, Exp of Normalized LogL: 0.199620, Best Rate: 0.3
Fault: [0,4,2,3,0,5], logL: -6.599506, Exp of LogL: 0.001361, Normalized LogL: -1.649877, Exp of Normalized LogL: 0.192074, Best Rate: 0.3
Fault: [0,5,2,3,4,5], logL: -6.667165, Exp of LogL: 0.001272, Normalized LogL: -1.666791, Exp of Normalized LogL: 0.188852, Best Rate: 0.3
Fault: [0,4,2,3,4,5], logL: -6.667165, Exp of LogL: 0.001272, Normalized LogL: -1.666791, Exp of Normalized LogL: 0.188852, Best Rate: 0.3
Fault: [0,2,2,3,4,5], logL: -6.954847, Exp of LogL: 0.000954, Normalized LogL: -1.738712, Exp of Normalized LogL: 0.175747, Best Rate: 0.3
Fault: [0,1,2,3,4,5], logL: -7.948099, Exp of LogL: 0.000353, Normalized LogL: -1.987025, Exp of Normalized LogL: 0.137103, Best Rate: 0.3

========= ADAPTIVE MC DEBUG =========
Total calls: 40
Avg tries: 175.00
Confidence stops: 40
Max stops: 0
Max stop rate: 0.000
Real Fault Rank 8
===== SEED 74 | FR=0.3 | VR=40 =====
executing with fault mode: [0,4,2,3,4,5]

Fault scores (higher is better):
Fault: [0,0,2,3,4,5], logL: -9.562220, Exp of LogL: 0.000070, Normalized LogL: -1.195277, Exp of Normalized LogL: 0.302620, Best Rate: 0.3
Fault: [0,5,2,3,4,5], logL: -10.306660, Exp of LogL: 0.000033, Normalized LogL: -1.288332, Exp of Normalized LogL: 0.275730, Best Rate: 0.3
Fault: [0,4,2,3,4,5], logL: -10.306660, Exp of LogL: 0.000033, Normalized LogL: -1.288332, Exp of Normalized LogL: 0.275730, Best Rate: 0.3
Fault: [0,2,2,3,4,5], logL: -10.306660, Exp of LogL: 0.000033, Normalized LogL: -1.288332, Exp of Normalized LogL: 0.275730, Best Rate: 0.3
Fault: [0,4,2,3,2,5], logL: -10.644466, Exp of LogL: 0.000024, Normalized LogL: -1.330558, Exp of Normalized LogL: 0.264330, Best Rate: 0.3
Fault: [0,4,2,3,5,5], logL: -10.644466, Exp of LogL: 0.000024, Normalized LogL: -1.330558, Exp of Normalized LogL: 0.264330, Best Rate: 0.3
Fault: [0,4,2,3,3,5], logL: -10.644466, Exp of LogL: 0.000024, Normalized LogL: -1.330558, Exp of Normalized LogL: 0.264330, Best Rate: 0.3
Fault: [0,4,2,3,0,5], logL: -10.644466, Exp of LogL: 0.000024, Normalized LogL: -1.330558, Exp of Normalized LogL: 0.264330, Best Rate: 0.3
Fault: [0,3,2,3,4,5], logL: -10.676580, Exp of LogL: 0.000023, Normalized LogL: -1.334573, Exp of Normalized LogL: 0.263271, Best Rate: 0.3
Fault: [0,1,2,3,4,5], logL: -11.250182, Exp of LogL: 0.000013, Normalized LogL: -1.406273, Exp of Normalized LogL: 0.245055, Best Rate: 0.3

========= ADAPTIVE MC DEBUG =========
Total calls: 80
Avg tries: 150.00
Confidence stops: 80
Max stops: 0
Max stop rate: 0.000
Real Fault Rank 3
===== SEED 74 | FR=0.3 | VR=60 =====
executing with fault mode: [0,4,2,3,4,5]

Fault scores (higher is better):
Fault: [0,3,2,3,4,5], logL: -11.593413, Exp of LogL: 0.000009, Normalized LogL: -0.966118, Exp of Normalized LogL: 0.380558, Best Rate: 0.3
Fault: [0,1,2,3,4,5], logL: -11.841592, Exp of LogL: 0.000007, Normalized LogL: -0.986799, Exp of Normalized LogL: 0.372768, Best Rate: 0.3
Fault: [0,0,2,3,4,5], logL: -11.945389, Exp of LogL: 0.000006, Normalized LogL: -0.995449, Exp of Normalized LogL: 0.369557, Best Rate: 0.3
Fault: [0,5,2,3,4,5], logL: -12.484386, Exp of LogL: 0.000004, Normalized LogL: -1.040365, Exp of Normalized LogL: 0.353326, Best Rate: 0.3
Fault: [0,4,2,3,4,5], logL: -12.484386, Exp of LogL: 0.000004, Normalized LogL: -1.040365, Exp of Normalized LogL: 0.353326, Best Rate: 0.3
Fault: [0,2,2,3,4,5], logL: -12.484386, Exp of LogL: 0.000004, Normalized LogL: -1.040365, Exp of Normalized LogL: 0.353326, Best Rate: 0.3
Fault: [0,4,2,3,2,5], logL: -12.822192, Exp of LogL: 0.000003, Normalized LogL: -1.068516, Exp of Normalized LogL: 0.343518, Best Rate: 0.3
Fault: [0,4,2,3,5,5], logL: -12.822192, Exp of LogL: 0.000003, Normalized LogL: -1.068516, Exp of Normalized LogL: 0.343518, Best Rate: 0.3
Fault: [0,4,2,3,3,5], logL: -12.822192, Exp of LogL: 0.000003, Normalized LogL: -1.068516, Exp of Normalized LogL: 0.343518, Best Rate: 0.3
Fault: [0,4,2,3,0,5], logL: -12.822192, Exp of LogL: 0.000003, Normalized LogL: -1.068516, Exp of Normalized LogL: 0.343518, Best Rate: 0.3

========= ADAPTIVE MC DEBUG =========
Total calls: 120
Avg tries: 150.00
Confidence stops: 120
Max stops: 0
Max stop rate: 0.000
Real Fault Rank 5
===== SEED 74 | FR=0.3 | VR=80 =====
executing with fault mode: [0,4,2,3,4,5]

Fault scores (higher is better):
Fault: [0,3,2,3,4,5], logL: -14.584062, Exp of LogL: 0.000000, Normalized LogL: -0.911504, Exp of Normalized LogL: 0.401919, Best Rate: 0.3
Fault: [0,1,2,3,4,5], logL: -15.056752, Exp of LogL: 0.000000, Normalized LogL: -0.941047, Exp of Normalized LogL: 0.390219, Best Rate: 0.3
Fault: [0,5,2,3,4,5], logL: -15.533417, Exp of LogL: 0.000000, Normalized LogL: -0.970839, Exp of Normalized LogL: 0.378765, Best Rate: 0.3
Fault: [0,4,2,3,4,5], logL: -15.533417, Exp of LogL: 0.000000, Normalized LogL: -0.970839, Exp of Normalized LogL: 0.378765, Best Rate: 0.3
Fault: [0,2,2,3,4,5], logL: -15.533417, Exp of LogL: 0.000000, Normalized LogL: -0.970839, Exp of Normalized LogL: 0.378765, Best Rate: 0.3
Fault: [0,0,2,3,4,5], logL: -15.546005, Exp of LogL: 0.000000, Normalized LogL: -0.971625, Exp of Normalized LogL: 0.378467, Best Rate: 0.3
Fault: [0,4,2,3,2,5], logL: -15.871224, Exp of LogL: 0.000000, Normalized LogL: -0.991951, Exp of Normalized LogL: 0.370852, Best Rate: 0.3
Fault: [0,4,2,3,5,5], logL: -15.871224, Exp of LogL: 0.000000, Normalized LogL: -0.991951, Exp of Normalized LogL: 0.370852, Best Rate: 0.3
Fault: [0,4,2,3,3,5], logL: -15.871224, Exp of LogL: 0.000000, Normalized LogL: -0.991951, Exp of Normalized LogL: 0.370852, Best Rate: 0.3
Fault: [0,4,2,3,0,5], logL: -15.871224, Exp of LogL: 0.000000, Normalized LogL: -0.991951, Exp of Normalized LogL: 0.370852, Best Rate: 0.3

========= ADAPTIVE MC DEBUG =========
Total calls: 160
Avg tries: 150.00
Confidence stops: 160
Max stops: 0
Max stop rate: 0.000
Real Fault Rank 4
===== SEED 74 | FR=0.3 | VR=100 =====
executing with fault mode: [0,4,2,3,4,5]

Fault scores (higher is better):
Fault: [0,3,2,3,4,5], logL: -16.750636, Exp of LogL: 0.000000, Normalized LogL: -0.837532, Exp of Normalized LogL: 0.432777, Best Rate: 0.3
Fault: [0,1,2,3,4,5], logL: -18.090856, Exp of LogL: 0.000000, Normalized LogL: -0.904543, Exp of Normalized LogL: 0.404727, Best Rate: 0.3
Fault: [0,0,2,3,4,5], logL: -18.880616, Exp of LogL: 0.000000, Normalized LogL: -0.944031, Exp of Normalized LogL: 0.389056, Best Rate: 0.3
Fault: [0,5,2,3,4,5], logL: -19.176330, Exp of LogL: 0.000000, Normalized LogL: -0.958817, Exp of Normalized LogL: 0.383346, Best Rate: 0.3
Fault: [0,4,2,3,4,5], logL: -19.176330, Exp of LogL: 0.000000, Normalized LogL: -0.958817, Exp of Normalized LogL: 0.383346, Best Rate: 0.3
Fault: [0,2,2,3,4,5], logL: -19.176330, Exp of LogL: 0.000000, Normalized LogL: -0.958817, Exp of Normalized LogL: 0.383346, Best Rate: 0.3
Fault: [0,4,2,3,2,5], logL: -19.514137, Exp of LogL: 0.000000, Normalized LogL: -0.975707, Exp of Normalized LogL: 0.376926, Best Rate: 0.3
Fault: [0,4,2,3,5,5], logL: -19.514137, Exp of LogL: 0.000000, Normalized LogL: -0.975707, Exp of Normalized LogL: 0.376926, Best Rate: 0.3
Fault: [0,4,2,3,3,5], logL: -19.514137, Exp of LogL: 0.000000, Normalized LogL: -0.975707, Exp of Normalized LogL: 0.376926, Best Rate: 0.3
Fault: [0,4,2,3,0,5], logL: -19.514137, Exp of LogL: 0.000000, Normalized LogL: -0.975707, Exp of Normalized LogL: 0.376926, Best Rate: 0.3

========= ADAPTIVE MC DEBUG =========
Total calls: 200
Avg tries: 150.00
Confidence stops: 200
Max stops: 0
Max stop rate: 0.000
Real Fault Rank 5
================= 22/08/2026 04:56:03: SEED 74 END =================
================= 22/08/2026 04:56:03: SEED 75 (73/100), a*=0 fault=[4,1,2,3,4,5] START =================
===== SEED 75 | FR=0.3 | VR=20 =====
executing with fault mode: [4,1,2,3,4,5]

Fault scores (higher is better):
Fault: [4,1,2,3,5,5], logL: -4.551061, Exp of LogL: 0.010556, Normalized LogL: -1.517020, Exp of Normalized LogL: 0.219365, Best Rate: 0.3
Fault: [4,1,2,3,0,5], logL: -4.551061, Exp of LogL: 0.010556, Normalized LogL: -1.517020, Exp of Normalized LogL: 0.219365, Best Rate: 0.3
Fault: [4,1,2,3,3,5], logL: -4.551061, Exp of LogL: 0.010556, Normalized LogL: -1.517020, Exp of Normalized LogL: 0.219365, Best Rate: 0.3
Fault: [4,1,2,3,1,5], logL: -4.673663, Exp of LogL: 0.009338, Normalized LogL: -1.557888, Exp of Normalized LogL: 0.210580, Best Rate: 0.3
Fault: [0,1,2,3,4,5], logL: -4.716474, Exp of LogL: 0.008947, Normalized LogL: -1.572158, Exp of Normalized LogL: 0.207597, Best Rate: 0.3
Fault: [2,1,2,3,4,5], logL: -4.779524, Exp of LogL: 0.008400, Normalized LogL: -1.593175, Exp of Normalized LogL: 0.203279, Best Rate: 0.3
Fault: [5,1,2,3,4,5], logL: -4.813425, Exp of LogL: 0.008120, Normalized LogL: -1.604475, Exp of Normalized LogL: 0.200995, Best Rate: 0.3
Fault: [4,1,2,3,4,5], logL: -4.813425, Exp of LogL: 0.008120, Normalized LogL: -1.604475, Exp of Normalized LogL: 0.200995, Best Rate: 0.3
Fault: [3,1,2,3,4,5], logL: -5.290349, Exp of LogL: 0.005040, Normalized LogL: -1.763450, Exp of Normalized LogL: 0.171452, Best Rate: 0.3
Fault: [1,1,2,3,4,5], logL: -5.531511, Exp of LogL: 0.003960, Normalized LogL: -1.843837, Exp of Normalized LogL: 0.158209, Best Rate: 0.3

========= ADAPTIVE MC DEBUG =========
Total calls: 30
Avg tries: 166.67
Confidence stops: 30
Max stops: 0
Max stop rate: 0.000
Real Fault Rank 8
===== SEED 75 | FR=0.3 | VR=40 =====
executing with fault mode: [4,1,2,3,4,5]

Fault scores (higher is better):
Fault: [0,1,2,3,4,5], logL: -7.394596, Exp of LogL: 0.000615, Normalized LogL: -1.232433, Exp of Normalized LogL: 0.291582, Best Rate: 0.3
Fault: [2,1,2,3,4,5], logL: -7.459863, Exp of LogL: 0.000576, Normalized LogL: -1.243311, Exp of Normalized LogL: 0.288428, Best Rate: 0.3
Fault: [5,1,2,3,4,5], logL: -7.476124, Exp of LogL: 0.000566, Normalized LogL: -1.246021, Exp of Normalized LogL: 0.287647, Best Rate: 0.3
Fault: [4,1,2,3,4,5], logL: -7.476124, Exp of LogL: 0.000566, Normalized LogL: -1.246021, Exp of Normalized LogL: 0.287647, Best Rate: 0.3
Fault: [4,1,2,3,5,5], logL: -7.687433, Exp of LogL: 0.000459, Normalized LogL: -1.281239, Exp of Normalized LogL: 0.277693, Best Rate: 0.3
Fault: [4,1,2,3,0,5], logL: -7.687433, Exp of LogL: 0.000459, Normalized LogL: -1.281239, Exp of Normalized LogL: 0.277693, Best Rate: 0.3
Fault: [4,1,2,3,1,5], logL: -7.687433, Exp of LogL: 0.000459, Normalized LogL: -1.281239, Exp of Normalized LogL: 0.277693, Best Rate: 0.3
Fault: [4,1,2,3,3,5], logL: -7.687433, Exp of LogL: 0.000459, Normalized LogL: -1.281239, Exp of Normalized LogL: 0.277693, Best Rate: 0.3
Fault: [3,1,2,3,4,5], logL: -8.129630, Exp of LogL: 0.000295, Normalized LogL: -1.354938, Exp of Normalized LogL: 0.257963, Best Rate: 0.3
Fault: [1,1,2,3,4,5], logL: -8.229603, Exp of LogL: 0.000267, Normalized LogL: -1.371601, Exp of Normalized LogL: 0.253701, Best Rate: 0.3

========= ADAPTIVE MC DEBUG =========
Total calls: 60
Avg tries: 150.00
Confidence stops: 60
Max stops: 0
Max stop rate: 0.000
Real Fault Rank 4
===== SEED 75 | FR=0.3 | VR=60 =====
executing with fault mode: [4,1,2,3,4,5]

Fault scores (higher is better):
Fault: [0,1,2,3,4,5], logL: -7.902171, Exp of LogL: 0.000370, Normalized LogL: -0.987771, Exp of Normalized LogL: 0.372406, Best Rate: 0.3
Fault: [2,1,2,3,4,5], logL: -7.967438, Exp of LogL: 0.000347, Normalized LogL: -0.995930, Exp of Normalized LogL: 0.369380, Best Rate: 0.3
Fault: [5,1,2,3,4,5], logL: -7.983699, Exp of LogL: 0.000341, Normalized LogL: -0.997962, Exp of Normalized LogL: 0.368630, Best Rate: 0.3
Fault: [4,1,2,3,4,5], logL: -7.983699, Exp of LogL: 0.000341, Normalized LogL: -0.997962, Exp of Normalized LogL: 0.368630, Best Rate: 0.3
Fault: [4,1,2,3,5,5], logL: -8.369361, Exp of LogL: 0.000232, Normalized LogL: -1.046170, Exp of Normalized LogL: 0.351281, Best Rate: 0.3
Fault: [4,1,2,3,0,5], logL: -8.369361, Exp of LogL: 0.000232, Normalized LogL: -1.046170, Exp of Normalized LogL: 0.351281, Best Rate: 0.3
Fault: [4,1,2,3,1,5], logL: -8.369361, Exp of LogL: 0.000232, Normalized LogL: -1.046170, Exp of Normalized LogL: 0.351281, Best Rate: 0.3
Fault: [4,1,2,3,3,5], logL: -8.369361, Exp of LogL: 0.000232, Normalized LogL: -1.046170, Exp of Normalized LogL: 0.351281, Best Rate: 0.3
Fault: [3,1,2,3,4,5], logL: -8.637205, Exp of LogL: 0.000177, Normalized LogL: -1.079651, Exp of Normalized LogL: 0.339714, Best Rate: 0.3
Fault: [1,1,2,3,4,5], logL: -8.737178, Exp of LogL: 0.000161, Normalized LogL: -1.092147, Exp of Normalized LogL: 0.335495, Best Rate: 0.3

========= ADAPTIVE MC DEBUG =========
Total calls: 80
Avg tries: 150.00
Confidence stops: 80
Max stops: 0
Max stop rate: 0.000
Real Fault Rank 4
===== SEED 75 | FR=0.3 | VR=80 =====
executing with fault mode: [4,1,2,3,4,5]

Fault scores (higher is better):
Fault: [5,1,2,3,4,5], logL: -8.840530, Exp of LogL: 0.000145, Normalized LogL: -0.803685, Exp of Normalized LogL: 0.447676, Best Rate: 0.3
Fault: [4,1,2,3,4,5], logL: -8.840530, Exp of LogL: 0.000145, Normalized LogL: -0.803685, Exp of Normalized LogL: 0.447676, Best Rate: 0.3
Fault: [2,1,2,3,4,5], logL: -8.840530, Exp of LogL: 0.000145, Normalized LogL: -0.803685, Exp of Normalized LogL: 0.447676, Best Rate: 0.3
Fault: [0,1,2,3,4,5], logL: -9.126852, Exp of LogL: 0.000109, Normalized LogL: -0.829714, Exp of Normalized LogL: 0.436174, Best Rate: 0.3
Fault: [4,1,2,3,5,5], logL: -9.226193, Exp of LogL: 0.000098, Normalized LogL: -0.838745, Exp of Normalized LogL: 0.432253, Best Rate: 0.3
Fault: [4,1,2,3,0,5], logL: -9.226193, Exp of LogL: 0.000098, Normalized LogL: -0.838745, Exp of Normalized LogL: 0.432253, Best Rate: 0.3
Fault: [4,1,2,3,1,5], logL: -9.226193, Exp of LogL: 0.000098, Normalized LogL: -0.838745, Exp of Normalized LogL: 0.432253, Best Rate: 0.3
Fault: [4,1,2,3,3,5], logL: -9.226193, Exp of LogL: 0.000098, Normalized LogL: -0.838745, Exp of Normalized LogL: 0.432253, Best Rate: 0.3
Fault: [1,1,2,3,4,5], logL: -9.659971, Exp of LogL: 0.000064, Normalized LogL: -0.878179, Exp of Normalized LogL: 0.415539, Best Rate: 0.3
Fault: [3,1,2,3,4,5], logL: -10.111363, Exp of LogL: 0.000041, Normalized LogL: -0.919215, Exp of Normalized LogL: 0.398832, Best Rate: 0.3

========= ADAPTIVE MC DEBUG =========
Total calls: 110
Avg tries: 150.00
Confidence stops: 110
Max stops: 0
Max stop rate: 0.000
Real Fault Rank 2
===== SEED 75 | FR=0.3 | VR=100 =====
executing with fault mode: [4,1,2,3,4,5]

Fault scores (higher is better):
Fault: [5,1,2,3,4,5], logL: -10.445957, Exp of LogL: 0.000029, Normalized LogL: -0.746140, Exp of Normalized LogL: 0.474194, Best Rate: 0.3
Fault: [4,1,2,3,4,5], logL: -10.445957, Exp of LogL: 0.000029, Normalized LogL: -0.746140, Exp of Normalized LogL: 0.474194, Best Rate: 0.3
Fault: [2,1,2,3,4,5], logL: -10.445957, Exp of LogL: 0.000029, Normalized LogL: -0.746140, Exp of Normalized LogL: 0.474194, Best Rate: 0.3
Fault: [0,1,2,3,4,5], logL: -10.732279, Exp of LogL: 0.000022, Normalized LogL: -0.766591, Exp of Normalized LogL: 0.464594, Best Rate: 0.3
Fault: [4,1,2,3,5,5], logL: -10.831619, Exp of LogL: 0.000020, Normalized LogL: -0.773687, Exp of Normalized LogL: 0.461309, Best Rate: 0.3
Fault: [4,1,2,3,0,5], logL: -10.831619, Exp of LogL: 0.000020, Normalized LogL: -0.773687, Exp of Normalized LogL: 0.461309, Best Rate: 0.3
Fault: [4,1,2,3,1,5], logL: -10.831619, Exp of LogL: 0.000020, Normalized LogL: -0.773687, Exp of Normalized LogL: 0.461309, Best Rate: 0.3
Fault: [4,1,2,3,3,5], logL: -10.831619, Exp of LogL: 0.000020, Normalized LogL: -0.773687, Exp of Normalized LogL: 0.461309, Best Rate: 0.3
Fault: [1,1,2,3,4,5], logL: -11.265398, Exp of LogL: 0.000013, Normalized LogL: -0.804671, Exp of Normalized LogL: 0.447235, Best Rate: 0.3
Fault: [3,1,2,3,4,5], logL: -11.716789, Exp of LogL: 0.000008, Normalized LogL: -0.836914, Exp of Normalized LogL: 0.433045, Best Rate: 0.3

========= ADAPTIVE MC DEBUG =========
Total calls: 140
Avg tries: 150.00
Confidence stops: 140
Max stops: 0
Max stop rate: 0.000
Real Fault Rank 2
================= 22/08/2026 04:56:14: SEED 75 END =================
================= 22/08/2026 04:56:14: SEED 76 (74/100), a*=0 fault=[5,1,2,3,4,5] START =================
===== SEED 76 | FR=0.3 | VR=20 =====
executing with fault mode: [5,1,2,3,4,5]

executing with fault mode: [5,1,2,3,4,5]

executing with fault mode: [5,1,2,3,4,5]

Fault scores (higher is better):
Fault: [4,1,2,3,4,5], logL: -4.082416, Exp of LogL: 0.016867, Normalized LogL: -1.360805, Exp of Normalized LogL: 0.256454, Best Rate: 0.3
Fault: [1,1,2,3,4,5], logL: -4.128936, Exp of LogL: 0.016100, Normalized LogL: -1.376312, Exp of Normalized LogL: 0.252508, Best Rate: 0.3
Fault: [2,1,2,3,4,5], logL: -4.229019, Exp of LogL: 0.014567, Normalized LogL: -1.409673, Exp of Normalized LogL: 0.244223, Best Rate: 0.3
Fault: [5,1,5,3,4,5], logL: -4.452163, Exp of LogL: 0.011653, Normalized LogL: -1.484054, Exp of Normalized LogL: 0.226717, Best Rate: 0.3
Fault: [5,1,4,3,4,5], logL: -4.452163, Exp of LogL: 0.011653, Normalized LogL: -1.484054, Exp of Normalized LogL: 0.226717, Best Rate: 0.3
Fault: [0,1,2,3,4,5], logL: -4.575223, Exp of LogL: 0.010304, Normalized LogL: -1.525074, Exp of Normalized LogL: 0.217605, Best Rate: 0.3
Fault: [5,1,1,3,4,5], logL: -4.793912, Exp of LogL: 0.008280, Normalized LogL: -1.597971, Exp of Normalized LogL: 0.202307, Best Rate: 0.3
Fault: [3,1,2,3,4,5], logL: -4.808838, Exp of LogL: 0.008157, Normalized LogL: -1.602946, Exp of Normalized LogL: 0.201303, Best Rate: 0.3
Fault: [5,1,2,3,4,5], logL: -4.870873, Exp of LogL: 0.007667, Normalized LogL: -1.623624, Exp of Normalized LogL: 0.197183, Best Rate: 0.3
Fault: [5,1,0,3,4,5], logL: -4.954255, Exp of LogL: 0.007053, Normalized LogL: -1.651418, Exp of Normalized LogL: 0.191778, Best Rate: 0.3

========= ADAPTIVE MC DEBUG =========
Total calls: 30
Avg tries: 166.67
Confidence stops: 30
Max stops: 0
Max stop rate: 0.000
Real Fault Rank 9
===== SEED 76 | FR=0.3 | VR=40 =====
executing with fault mode: [5,1,2,3,4,5]

executing with fault mode: [5,1,2,3,4,5]

executing with fault mode: [5,1,2,3,4,5]

Fault scores (higher is better):
Fault: [4,1,2,3,4,5], logL: -7.104615, Exp of LogL: 0.000821, Normalized LogL: -1.184102, Exp of Normalized LogL: 0.306021, Best Rate: 0.3
Fault: [5,1,2,3,4,5], logL: -7.468837, Exp of LogL: 0.000571, Normalized LogL: -1.244806, Exp of Normalized LogL: 0.287997, Best Rate: 0.3
Fault: [5,1,0,3,4,5], logL: -7.699360, Exp of LogL: 0.000453, Normalized LogL: -1.283227, Exp of Normalized LogL: 0.277142, Best Rate: 0.3
Fault: [5,1,1,3,4,5], logL: -7.776321, Exp of LogL: 0.000420, Normalized LogL: -1.296054, Exp of Normalized LogL: 0.273609, Best Rate: 0.3
Fault: [5,1,5,3,4,5], logL: -7.817143, Exp of LogL: 0.000403, Normalized LogL: -1.302857, Exp of Normalized LogL: 0.271754, Best Rate: 0.3
Fault: [5,1,4,3,4,5], logL: -7.817143, Exp of LogL: 0.000403, Normalized LogL: -1.302857, Exp of Normalized LogL: 0.271754, Best Rate: 0.3
Fault: [3,1,2,3,4,5], logL: -8.303814, Exp of LogL: 0.000248, Normalized LogL: -1.383969, Exp of Normalized LogL: 0.250582, Best Rate: 0.3
Fault: [1,1,2,3,4,5], logL: -8.336758, Exp of LogL: 0.000240, Normalized LogL: -1.389460, Exp of Normalized LogL: 0.249210, Best Rate: 0.3
Fault: [2,1,2,3,4,5], logL: -8.618171, Exp of LogL: 0.000181, Normalized LogL: -1.436362, Exp of Normalized LogL: 0.237791, Best Rate: 0.3
Fault: [0,1,2,3,4,5], logL: -8.913731, Exp of LogL: 0.000135, Normalized LogL: -1.485622, Exp of Normalized LogL: 0.226362, Best Rate: 0.3

========= ADAPTIVE MC DEBUG =========
Total calls: 60
Avg tries: 150.00
Confidence stops: 60
Max stops: 0
Max stop rate: 0.000
Real Fault Rank 2
===== SEED 76 | FR=0.3 | VR=60 =====
executing with fault mode: [5,1,2,3,4,5]

executing with fault mode: [5,1,2,3,4,5]

executing with fault mode: [5,1,2,3,4,5]

Fault scores (higher is better):
Fault: [4,1,2,3,4,5], logL: -7.239891, Exp of LogL: 0.000717, Normalized LogL: -0.804432, Exp of Normalized LogL: 0.447342, Best Rate: 0.3
Fault: [5,1,2,3,4,5], logL: -7.604113, Exp of LogL: 0.000498, Normalized LogL: -0.844901, Exp of Normalized LogL: 0.429600, Best Rate: 0.3
Fault: [5,1,0,3,4,5], logL: -7.834637, Exp of LogL: 0.000396, Normalized LogL: -0.870515, Exp of Normalized LogL: 0.418736, Best Rate: 0.3
Fault: [5,1,1,3,4,5], logL: -7.911598, Exp of LogL: 0.000366, Normalized LogL: -0.879066, Exp of Normalized LogL: 0.415170, Best Rate: 0.3
Fault: [5,1,5,3,4,5], logL: -7.952420, Exp of LogL: 0.000352, Normalized LogL: -0.883602, Exp of Normalized LogL: 0.413291, Best Rate: 0.3
Fault: [5,1,4,3,4,5], logL: -7.952420, Exp of LogL: 0.000352, Normalized LogL: -0.883602, Exp of Normalized LogL: 0.413291, Best Rate: 0.3
Fault: [1,1,2,3,4,5], logL: -8.100092, Exp of LogL: 0.000304, Normalized LogL: -0.900010, Exp of Normalized LogL: 0.406565, Best Rate: 0.3
Fault: [3,1,2,3,4,5], logL: -8.439091, Exp of LogL: 0.000216, Normalized LogL: -0.937677, Exp of Normalized LogL: 0.391536, Best Rate: 0.3
Fault: [2,1,2,3,4,5], logL: -8.571126, Exp of LogL: 0.000189, Normalized LogL: -0.952347, Exp of Normalized LogL: 0.385834, Best Rate: 0.3
Fault: [0,1,2,3,4,5], logL: -8.723585, Exp of LogL: 0.000163, Normalized LogL: -0.969287, Exp of Normalized LogL: 0.379353, Best Rate: 0.3

========= ADAPTIVE MC DEBUG =========
Total calls: 90
Avg tries: 150.00
Confidence stops: 90
Max stops: 0
Max stop rate: 0.000
Real Fault Rank 2
===== SEED 76 | FR=0.3 | VR=80 =====
executing with fault mode: [5,1,2,3,4,5]

executing with fault mode: [5,1,2,3,4,5]

executing with fault mode: [5,1,2,3,4,5]

Fault scores (higher is better):
Fault: [4,1,2,3,4,5], logL: -7.862034, Exp of LogL: 0.000385, Normalized LogL: -0.655170, Exp of Normalized LogL: 0.519354, Best Rate: 0.3
Fault: [5,1,2,3,4,5], logL: -8.655265, Exp of LogL: 0.000174, Normalized LogL: -0.721272, Exp of Normalized LogL: 0.486133, Best Rate: 0.3
Fault: [1,1,2,3,4,5], logL: -8.722236, Exp of LogL: 0.000163, Normalized LogL: -0.726853, Exp of Normalized LogL: 0.483428, Best Rate: 0.3
Fault: [5,1,0,3,4,5], logL: -8.885789, Exp of LogL: 0.000138, Normalized LogL: -0.740482, Exp of Normalized LogL: 0.476884, Best Rate: 0.3
Fault: [5,1,1,3,4,5], logL: -8.962750, Exp of LogL: 0.000128, Normalized LogL: -0.746896, Exp of Normalized LogL: 0.473835, Best Rate: 0.3
Fault: [5,1,5,3,4,5], logL: -9.003572, Exp of LogL: 0.000123, Normalized LogL: -0.750298, Exp of Normalized LogL: 0.472226, Best Rate: 0.3
Fault: [5,1,4,3,4,5], logL: -9.003572, Exp of LogL: 0.000123, Normalized LogL: -0.750298, Exp of Normalized LogL: 0.472226, Best Rate: 0.3
Fault: [2,1,2,3,4,5], logL: -9.193269, Exp of LogL: 0.000102, Normalized LogL: -0.766106, Exp of Normalized LogL: 0.464820, Best Rate: 0.3
Fault: [3,1,2,3,4,5], logL: -9.320125, Exp of LogL: 0.000090, Normalized LogL: -0.776677, Exp of Normalized LogL: 0.459932, Best Rate: 0.3
Fault: [0,1,2,3,4,5], logL: -9.806290, Exp of LogL: 0.000055, Normalized LogL: -0.817191, Exp of Normalized LogL: 0.441671, Best Rate: 0.3

========= ADAPTIVE MC DEBUG =========
Total calls: 120
Avg tries: 150.00
Confidence stops: 120
Max stops: 0
Max stop rate: 0.000
Real Fault Rank 2
===== SEED 76 | FR=0.3 | VR=100 =====
executing with fault mode: [5,1,2,3,4,5]

executing with fault mode: [5,1,2,3,4,5]

executing with fault mode: [5,1,2,3,4,5]

Fault scores (higher is better):
Fault: [5,1,2,3,4,5], logL: -8.793503, Exp of LogL: 0.000152, Normalized LogL: -0.586234, Exp of Normalized LogL: 0.556419, Best Rate: 0.3
Fault: [5,1,0,3,4,5], logL: -9.024027, Exp of LogL: 0.000120, Normalized LogL: -0.601602, Exp of Normalized LogL: 0.547933, Best Rate: 0.3
Fault: [5,1,1,3,4,5], logL: -9.100988, Exp of LogL: 0.000112, Normalized LogL: -0.606733, Exp of Normalized LogL: 0.545129, Best Rate: 0.3
Fault: [5,1,5,3,4,5], logL: -9.141810, Exp of LogL: 0.000107, Normalized LogL: -0.609454, Exp of Normalized LogL: 0.543648, Best Rate: 0.3
Fault: [5,1,4,3,4,5], logL: -9.141810, Exp of LogL: 0.000107, Normalized LogL: -0.609454, Exp of Normalized LogL: 0.543648, Best Rate: 0.3
Fault: [4,1,2,3,4,5], logL: -34.145469, Exp of LogL: 0.000000, Normalized LogL: -2.276365, Exp of Normalized LogL: 0.102657, Best Rate: 0.3
Fault: [3,1,2,3,4,5], logL: -34.844671, Exp of LogL: 0.000000, Normalized LogL: -2.322978, Exp of Normalized LogL: 0.097981, Best Rate: 0.3
Fault: [0,1,2,3,4,5], logL: -34.938440, Exp of LogL: 0.000000, Normalized LogL: -2.329229, Exp of Normalized LogL: 0.097371, Best Rate: 0.3
Fault: [1,1,2,3,4,5], logL: -35.005671, Exp of LogL: 0.000000, Normalized LogL: -2.333711, Exp of Normalized LogL: 0.096935, Best Rate: 0.3
Fault: [2,1,2,3,4,5], logL: -35.476194, Exp of LogL: 0.000000, Normalized LogL: -2.365080, Exp of Normalized LogL: 0.093942, Best Rate: 0.3

========= ADAPTIVE MC DEBUG =========
Total calls: 150
Avg tries: 150.00
Confidence stops: 150
Max stops: 0
Max stop rate: 0.000
Real Fault Rank 1
================= 22/08/2026 04:56:26: SEED 76 END =================
================= 22/08/2026 04:56:26: SEED 77 (75/100), a*=2 fault=[0,1,4,3,4,5] START =================
===== SEED 77 | FR=0.3 | VR=20 =====
executing with fault mode: [0,1,4,3,4,5]

Fault scores (higher is better):
Fault: [0,1,2,3,4,5], logL: -3.743688, Exp of LogL: 0.023667, Normalized LogL: -1.247896, Exp of Normalized LogL: 0.287108, Best Rate: 0.3
Fault: [0,1,1,3,4,5], logL: -3.780410, Exp of LogL: 0.022813, Normalized LogL: -1.260137, Exp of Normalized LogL: 0.283615, Best Rate: 0.3
Fault: [0,1,4,3,4,5], logL: -4.082416, Exp of LogL: 0.016867, Normalized LogL: -1.360805, Exp of Normalized LogL: 0.256454, Best Rate: 0.3
Fault: [0,1,5,3,4,5], logL: -4.082416, Exp of LogL: 0.016867, Normalized LogL: -1.360805, Exp of Normalized LogL: 0.256454, Best Rate: 0.3
Fault: [0,1,4,3,2,5], logL: -4.173388, Exp of LogL: 0.015400, Normalized LogL: -1.391129, Exp of Normalized LogL: 0.248794, Best Rate: 0.3
Fault: [0,1,4,3,5,5], logL: -4.173388, Exp of LogL: 0.015400, Normalized LogL: -1.391129, Exp of Normalized LogL: 0.248794, Best Rate: 0.3
Fault: [0,1,4,3,3,5], logL: -4.445321, Exp of LogL: 0.011733, Normalized LogL: -1.481774, Exp of Normalized LogL: 0.227234, Best Rate: 0.3
Fault: [0,1,4,3,0,5], logL: -4.509860, Exp of LogL: 0.011000, Normalized LogL: -1.503287, Exp of Normalized LogL: 0.222398, Best Rate: 0.3
Fault: [0,1,0,3,4,5], logL: -4.599851, Exp of LogL: 0.010053, Normalized LogL: -1.533284, Exp of Normalized LogL: 0.215826, Best Rate: 0.3
Fault: [0,1,3,3,4,5], logL: -4.733004, Exp of LogL: 0.008800, Normalized LogL: -1.577668, Exp of Normalized LogL: 0.206456, Best Rate: 0.3

========= ADAPTIVE MC DEBUG =========
Total calls: 30
Avg tries: 166.67
Confidence stops: 30
Max stops: 0
Max stop rate: 0.000
Real Fault Rank 3
===== SEED 77 | FR=0.3 | VR=40 =====
executing with fault mode: [0,1,4,3,4,5]

Fault scores (higher is better):
Fault: [0,1,4,3,4,5], logL: -5.460701, Exp of LogL: 0.004251, Normalized LogL: -0.910117, Exp of Normalized LogL: 0.402477, Best Rate: 0.3
Fault: [0,1,5,3,4,5], logL: -5.460701, Exp of LogL: 0.004251, Normalized LogL: -0.910117, Exp of Normalized LogL: 0.402477, Best Rate: 0.3
Fault: [0,1,4,3,3,5], logL: -5.856014, Exp of LogL: 0.002863, Normalized LogL: -0.976002, Exp of Normalized LogL: 0.376814, Best Rate: 0.3
Fault: [0,1,4,3,2,5], logL: -5.856014, Exp of LogL: 0.002863, Normalized LogL: -0.976002, Exp of Normalized LogL: 0.376814, Best Rate: 0.3
Fault: [0,1,4,3,5,5], logL: -5.856014, Exp of LogL: 0.002863, Normalized LogL: -0.976002, Exp of Normalized LogL: 0.376814, Best Rate: 0.3
Fault: [0,1,4,3,0,5], logL: -5.856014, Exp of LogL: 0.002863, Normalized LogL: -0.976002, Exp of Normalized LogL: 0.376814, Best Rate: 0.3
Fault: [0,1,2,3,4,5], logL: -30.827008, Exp of LogL: 0.000000, Normalized LogL: -5.137835, Exp of Normalized LogL: 0.005870, Best Rate: 0.3
Fault: [0,1,1,3,4,5], logL: -31.339609, Exp of LogL: 0.000000, Normalized LogL: -5.223268, Exp of Normalized LogL: 0.005390, Best Rate: 0.3
Fault: [0,1,0,3,4,5], logL: -31.537037, Exp of LogL: 0.000000, Normalized LogL: -5.256173, Exp of Normalized LogL: 0.005215, Best Rate: 0.3
Fault: [0,1,3,3,4,5], logL: -31.735236, Exp of LogL: 0.000000, Normalized LogL: -5.289206, Exp of Normalized LogL: 0.005046, Best Rate: 0.3

========= ADAPTIVE MC DEBUG =========
Total calls: 60
Avg tries: 150.00
Confidence stops: 60
Max stops: 0
Max stop rate: 0.000
Real Fault Rank 1
===== SEED 77 | FR=0.3 | VR=60 =====
executing with fault mode: [0,1,4,3,4,5]

Fault scores (higher is better):
Fault: [0,1,4,3,4,5], logL: -6.743717, Exp of LogL: 0.001178, Normalized LogL: -0.842965, Exp of Normalized LogL: 0.430433, Best Rate: 0.3
Fault: [0,1,5,3,4,5], logL: -6.743717, Exp of LogL: 0.001178, Normalized LogL: -0.842965, Exp of Normalized LogL: 0.430433, Best Rate: 0.3
Fault: [0,1,4,3,3,5], logL: -7.139030, Exp of LogL: 0.000794, Normalized LogL: -0.892379, Exp of Normalized LogL: 0.409680, Best Rate: 0.3
Fault: [0,1,4,3,2,5], logL: -7.139030, Exp of LogL: 0.000794, Normalized LogL: -0.892379, Exp of Normalized LogL: 0.409680, Best Rate: 0.3
Fault: [0,1,4,3,5,5], logL: -7.139030, Exp of LogL: 0.000794, Normalized LogL: -0.892379, Exp of Normalized LogL: 0.409680, Best Rate: 0.3
Fault: [0,1,4,3,0,5], logL: -7.139030, Exp of LogL: 0.000794, Normalized LogL: -0.892379, Exp of Normalized LogL: 0.409680, Best Rate: 0.3
Fault: [0,1,2,3,4,5], logL: -32.110024, Exp of LogL: 0.000000, Normalized LogL: -4.013753, Exp of Normalized LogL: 0.018065, Best Rate: 0.3
Fault: [0,1,1,3,4,5], logL: -32.622625, Exp of LogL: 0.000000, Normalized LogL: -4.077828, Exp of Normalized LogL: 0.016944, Best Rate: 0.3
Fault: [0,1,0,3,4,5], logL: -32.820053, Exp of LogL: 0.000000, Normalized LogL: -4.102507, Exp of Normalized LogL: 0.016531, Best Rate: 0.3
Fault: [0,1,3,3,4,5], logL: -33.018252, Exp of LogL: 0.000000, Normalized LogL: -4.127281, Exp of Normalized LogL: 0.016127, Best Rate: 0.3

========= ADAPTIVE MC DEBUG =========
Total calls: 80
Avg tries: 150.00
Confidence stops: 80
Max stops: 0
Max stop rate: 0.000
Real Fault Rank 1
===== SEED 77 | FR=0.3 | VR=80 =====
executing with fault mode: [0,1,4,3,4,5]

Fault scores (higher is better):
Fault: [0,1,4,3,4,5], logL: -8.556391, Exp of LogL: 0.000192, Normalized LogL: -0.777854, Exp of Normalized LogL: 0.459391, Best Rate: 0.3
Fault: [0,1,5,3,4,5], logL: -8.556391, Exp of LogL: 0.000192, Normalized LogL: -0.777854, Exp of Normalized LogL: 0.459391, Best Rate: 0.3
Fault: [0,1,4,3,3,5], logL: -8.992628, Exp of LogL: 0.000124, Normalized LogL: -0.817512, Exp of Normalized LogL: 0.441529, Best Rate: 0.3
Fault: [0,1,4,3,2,5], logL: -8.992628, Exp of LogL: 0.000124, Normalized LogL: -0.817512, Exp of Normalized LogL: 0.441529, Best Rate: 0.3
Fault: [0,1,4,3,5,5], logL: -8.992628, Exp of LogL: 0.000124, Normalized LogL: -0.817512, Exp of Normalized LogL: 0.441529, Best Rate: 0.3
Fault: [0,1,4,3,0,5], logL: -8.992628, Exp of LogL: 0.000124, Normalized LogL: -0.817512, Exp of Normalized LogL: 0.441529, Best Rate: 0.3
Fault: [0,1,2,3,4,5], logL: -34.250998, Exp of LogL: 0.000000, Normalized LogL: -3.113727, Exp of Normalized LogL: 0.044435, Best Rate: 0.3
Fault: [0,1,0,3,4,5], logL: -34.660768, Exp of LogL: 0.000000, Normalized LogL: -3.150979, Exp of Normalized LogL: 0.042810, Best Rate: 0.3
Fault: [0,1,1,3,4,5], logL: -34.666826, Exp of LogL: 0.000000, Normalized LogL: -3.151530, Exp of Normalized LogL: 0.042787, Best Rate: 0.3
Fault: [0,1,3,3,4,5], logL: -34.890349, Exp of LogL: 0.000000, Normalized LogL: -3.171850, Exp of Normalized LogL: 0.041926, Best Rate: 0.3

========= ADAPTIVE MC DEBUG =========
Total calls: 110
Avg tries: 150.00
Confidence stops: 110
Max stops: 0
Max stop rate: 0.000
Real Fault Rank 1
===== SEED 77 | FR=0.3 | VR=100 =====
executing with fault mode: [0,1,4,3,4,5]

Fault scores (higher is better):
Fault: [0,1,4,3,4,5], logL: -9.159950, Exp of LogL: 0.000105, Normalized LogL: -0.654282, Exp of Normalized LogL: 0.519815, Best Rate: 0.3
Fault: [0,1,5,3,4,5], logL: -9.159950, Exp of LogL: 0.000105, Normalized LogL: -0.654282, Exp of Normalized LogL: 0.519815, Best Rate: 0.3
Fault: [0,1,4,3,3,5], logL: -9.535856, Exp of LogL: 0.000072, Normalized LogL: -0.681133, Exp of Normalized LogL: 0.506044, Best Rate: 0.3
Fault: [0,1,4,3,2,5], logL: -9.535856, Exp of LogL: 0.000072, Normalized LogL: -0.681133, Exp of Normalized LogL: 0.506044, Best Rate: 0.3
Fault: [0,1,4,3,5,5], logL: -9.535856, Exp of LogL: 0.000072, Normalized LogL: -0.681133, Exp of Normalized LogL: 0.506044, Best Rate: 0.3
Fault: [0,1,4,3,0,5], logL: -9.535856, Exp of LogL: 0.000072, Normalized LogL: -0.681133, Exp of Normalized LogL: 0.506044, Best Rate: 0.3
Fault: [0,1,2,3,4,5], logL: -34.826257, Exp of LogL: 0.000000, Normalized LogL: -2.487590, Exp of Normalized LogL: 0.083110, Best Rate: 0.3
Fault: [0,1,0,3,4,5], logL: -35.242704, Exp of LogL: 0.000000, Normalized LogL: -2.517336, Exp of Normalized LogL: 0.080674, Best Rate: 0.3
Fault: [0,1,1,3,4,5], logL: -35.357396, Exp of LogL: 0.000000, Normalized LogL: -2.525528, Exp of Normalized LogL: 0.080016, Best Rate: 0.3
Fault: [0,1,3,3,4,5], logL: -35.493908, Exp of LogL: 0.000000, Normalized LogL: -2.535279, Exp of Normalized LogL: 0.079240, Best Rate: 0.3

========= ADAPTIVE MC DEBUG =========
Total calls: 140
Avg tries: 150.00
Confidence stops: 140
Max stops: 0
Max stop rate: 0.000
Real Fault Rank 1
================= 22/08/2026 04:56:37: SEED 77 END =================
================= 22/08/2026 04:56:37: SEED 78 (76/100), a*=0 fault=[5,1,2,3,4,5] START =================
===== SEED 78 | FR=0.3 | VR=20 =====
executing with fault mode: [5,1,2,3,4,5]

executing with fault mode: [5,1,2,3,4,5]

Fault scores (higher is better):
Fault: [0,1,2,3,4,5], logL: -11.475109, Exp of LogL: 0.000010, Normalized LogL: -1.639301, Exp of Normalized LogL: 0.194116, Best Rate: 0.3
Fault: [2,1,2,3,4,5], logL: -11.741620, Exp of LogL: 0.000008, Normalized LogL: -1.677374, Exp of Normalized LogL: 0.186864, Best Rate: 0.3
Fault: [5,1,2,3,0,5], logL: -11.963462, Exp of LogL: 0.000006, Normalized LogL: -1.709066, Exp of Normalized LogL: 0.181035, Best Rate: 0.3
Fault: [5,1,2,3,2,5], logL: -11.963462, Exp of LogL: 0.000006, Normalized LogL: -1.709066, Exp of Normalized LogL: 0.181035, Best Rate: 0.3
Fault: [5,1,2,3,3,5], logL: -11.963462, Exp of LogL: 0.000006, Normalized LogL: -1.709066, Exp of Normalized LogL: 0.181035, Best Rate: 0.3
Fault: [5,1,2,3,1,5], logL: -11.963462, Exp of LogL: 0.000006, Normalized LogL: -1.709066, Exp of Normalized LogL: 0.181035, Best Rate: 0.3
Fault: [4,1,2,3,4,5], logL: -12.014755, Exp of LogL: 0.000006, Normalized LogL: -1.716394, Exp of Normalized LogL: 0.179713, Best Rate: 0.3
Fault: [5,1,2,3,4,5], logL: -12.014755, Exp of LogL: 0.000006, Normalized LogL: -1.716394, Exp of Normalized LogL: 0.179713, Best Rate: 0.3
Fault: [3,1,2,3,4,5], logL: -12.068823, Exp of LogL: 0.000006, Normalized LogL: -1.724118, Exp of Normalized LogL: 0.178330, Best Rate: 0.3
Fault: [1,1,2,3,4,5], logL: -12.321945, Exp of LogL: 0.000004, Normalized LogL: -1.760278, Exp of Normalized LogL: 0.171997, Best Rate: 0.3

========= ADAPTIVE MC DEBUG =========
Total calls: 70
Avg tries: 171.43
Confidence stops: 70
Max stops: 0
Max stop rate: 0.000
Real Fault Rank 8
===== SEED 78 | FR=0.3 | VR=40 =====
executing with fault mode: [5,1,2,3,4,5]

executing with fault mode: [5,1,2,3,4,5]

Fault scores (higher is better):
Fault: [4,1,2,3,4,5], logL: -21.888464, Exp of LogL: 0.000000, Normalized LogL: -1.563462, Exp of Normalized LogL: 0.209410, Best Rate: 0.3
Fault: [5,1,2,3,4,5], logL: -21.888464, Exp of LogL: 0.000000, Normalized LogL: -1.563462, Exp of Normalized LogL: 0.209410, Best Rate: 0.3
Fault: [3,1,2,3,4,5], logL: -22.236771, Exp of LogL: 0.000000, Normalized LogL: -1.588341, Exp of Normalized LogL: 0.204264, Best Rate: 0.3
Fault: [5,1,2,3,0,5], logL: -22.338381, Exp of LogL: 0.000000, Normalized LogL: -1.595599, Exp of Normalized LogL: 0.202787, Best Rate: 0.3
Fault: [5,1,2,3,2,5], logL: -22.338381, Exp of LogL: 0.000000, Normalized LogL: -1.595599, Exp of Normalized LogL: 0.202787, Best Rate: 0.3
Fault: [5,1,2,3,3,5], logL: -22.338381, Exp of LogL: 0.000000, Normalized LogL: -1.595599, Exp of Normalized LogL: 0.202787, Best Rate: 0.3
Fault: [5,1,2,3,1,5], logL: -22.338381, Exp of LogL: 0.000000, Normalized LogL: -1.595599, Exp of Normalized LogL: 0.202787, Best Rate: 0.3
Fault: [0,1,2,3,4,5], logL: -23.431198, Exp of LogL: 0.000000, Normalized LogL: -1.673657, Exp of Normalized LogL: 0.187560, Best Rate: 0.3
Fault: [1,1,2,3,4,5], logL: -24.649719, Exp of LogL: 0.000000, Normalized LogL: -1.760694, Exp of Normalized LogL: 0.171925, Best Rate: 0.3
Fault: [2,1,2,3,4,5], logL: -25.230944, Exp of LogL: 0.000000, Normalized LogL: -1.802210, Exp of Normalized LogL: 0.164934, Best Rate: 0.3

========= ADAPTIVE MC DEBUG =========
Total calls: 140
Avg tries: 150.00
Confidence stops: 140
Max stops: 0
Max stop rate: 0.000
Real Fault Rank 2
===== SEED 78 | FR=0.3 | VR=60 =====
executing with fault mode: [5,1,2,3,4,5]

executing with fault mode: [5,1,2,3,4,5]

Fault scores (higher is better):
Fault: [4,1,2,3,4,5], logL: -26.394086, Exp of LogL: 0.000000, Normalized LogL: -1.319704, Exp of Normalized LogL: 0.267214, Best Rate: 0.3
Fault: [5,1,2,3,4,5], logL: -26.394086, Exp of LogL: 0.000000, Normalized LogL: -1.319704, Exp of Normalized LogL: 0.267214, Best Rate: 0.3
Fault: [3,1,2,3,4,5], logL: -26.616556, Exp of LogL: 0.000000, Normalized LogL: -1.330828, Exp of Normalized LogL: 0.264258, Best Rate: 0.3
Fault: [5,1,2,3,0,5], logL: -26.760330, Exp of LogL: 0.000000, Normalized LogL: -1.338017, Exp of Normalized LogL: 0.262366, Best Rate: 0.3
Fault: [5,1,2,3,2,5], logL: -26.760330, Exp of LogL: 0.000000, Normalized LogL: -1.338017, Exp of Normalized LogL: 0.262366, Best Rate: 0.3
Fault: [5,1,2,3,3,5], logL: -26.760330, Exp of LogL: 0.000000, Normalized LogL: -1.338017, Exp of Normalized LogL: 0.262366, Best Rate: 0.3
Fault: [5,1,2,3,1,5], logL: -26.760330, Exp of LogL: 0.000000, Normalized LogL: -1.338017, Exp of Normalized LogL: 0.262366, Best Rate: 0.3
Fault: [0,1,2,3,4,5], logL: -28.049394, Exp of LogL: 0.000000, Normalized LogL: -1.402470, Exp of Normalized LogL: 0.245989, Best Rate: 0.3
Fault: [1,1,2,3,4,5], logL: -29.204857, Exp of LogL: 0.000000, Normalized LogL: -1.460243, Exp of Normalized LogL: 0.232180, Best Rate: 0.3
Fault: [2,1,2,3,4,5], logL: -29.590337, Exp of LogL: 0.000000, Normalized LogL: -1.479517, Exp of Normalized LogL: 0.227748, Best Rate: 0.3

========= ADAPTIVE MC DEBUG =========
Total calls: 200
Avg tries: 150.00
Confidence stops: 200
Max stops: 0
Max stop rate: 0.000
Real Fault Rank 2
===== SEED 78 | FR=0.3 | VR=80 =====
executing with fault mode: [5,1,2,3,4,5]

executing with fault mode: [5,1,2,3,4,5]

Fault scores (higher is better):
Fault: [4,1,2,3,4,5], logL: -28.136282, Exp of LogL: 0.000000, Normalized LogL: -1.042085, Exp of Normalized LogL: 0.352719, Best Rate: 0.3
Fault: [5,1,2,3,4,5], logL: -28.136282, Exp of LogL: 0.000000, Normalized LogL: -1.042085, Exp of Normalized LogL: 0.352719, Best Rate: 0.3
Fault: [5,1,2,3,0,5], logL: -28.502527, Exp of LogL: 0.000000, Normalized LogL: -1.055649, Exp of Normalized LogL: 0.347966, Best Rate: 0.3
Fault: [5,1,2,3,2,5], logL: -28.502527, Exp of LogL: 0.000000, Normalized LogL: -1.055649, Exp of Normalized LogL: 0.347966, Best Rate: 0.3
Fault: [5,1,2,3,3,5], logL: -28.502527, Exp of LogL: 0.000000, Normalized LogL: -1.055649, Exp of Normalized LogL: 0.347966, Best Rate: 0.3
Fault: [5,1,2,3,1,5], logL: -28.502527, Exp of LogL: 0.000000, Normalized LogL: -1.055649, Exp of Normalized LogL: 0.347966, Best Rate: 0.3
Fault: [3,1,2,3,4,5], logL: -28.810737, Exp of LogL: 0.000000, Normalized LogL: -1.067064, Exp of Normalized LogL: 0.344017, Best Rate: 0.3
Fault: [0,1,2,3,4,5], logL: -29.925446, Exp of LogL: 0.000000, Normalized LogL: -1.108350, Exp of Normalized LogL: 0.330103, Best Rate: 0.3
Fault: [1,1,2,3,4,5], logL: -30.947053, Exp of LogL: 0.000000, Normalized LogL: -1.146187, Exp of Normalized LogL: 0.317846, Best Rate: 0.3
Fault: [2,1,2,3,4,5], logL: -31.498948, Exp of LogL: 0.000000, Normalized LogL: -1.166628, Exp of Normalized LogL: 0.311415, Best Rate: 0.3

========= ADAPTIVE MC DEBUG =========
Total calls: 270
Avg tries: 150.00
Confidence stops: 270
Max stops: 0
Max stop rate: 0.000
Real Fault Rank 2
===== SEED 78 | FR=0.3 | VR=100 =====
executing with fault mode: [5,1,2,3,4,5]

executing with fault mode: [5,1,2,3,4,5]

Fault scores (higher is better):
Fault: [4,1,2,3,4,5], logL: -31.794919, Exp of LogL: 0.000000, Normalized LogL: -0.935145, Exp of Normalized LogL: 0.392529, Best Rate: 0.3
Fault: [5,1,2,3,4,5], logL: -31.794919, Exp of LogL: 0.000000, Normalized LogL: -0.935145, Exp of Normalized LogL: 0.392529, Best Rate: 0.3
Fault: [5,1,2,3,0,5], logL: -32.161163, Exp of LogL: 0.000000, Normalized LogL: -0.945917, Exp of Normalized LogL: 0.388323, Best Rate: 0.3
Fault: [5,1,2,3,2,5], logL: -32.161163, Exp of LogL: 0.000000, Normalized LogL: -0.945917, Exp of Normalized LogL: 0.388323, Best Rate: 0.3
Fault: [5,1,2,3,3,5], logL: -32.161163, Exp of LogL: 0.000000, Normalized LogL: -0.945917, Exp of Normalized LogL: 0.388323, Best Rate: 0.3
Fault: [5,1,2,3,1,5], logL: -32.161163, Exp of LogL: 0.000000, Normalized LogL: -0.945917, Exp of Normalized LogL: 0.388323, Best Rate: 0.3
Fault: [3,1,2,3,4,5], logL: -58.116607, Exp of LogL: 0.000000, Normalized LogL: -1.709312, Exp of Normalized LogL: 0.180990, Best Rate: 0.3
Fault: [0,1,2,3,4,5], logL: -58.187420, Exp of LogL: 0.000000, Normalized LogL: -1.711395, Exp of Normalized LogL: 0.180614, Best Rate: 0.3
Fault: [1,1,2,3,4,5], logL: -59.365031, Exp of LogL: 0.000000, Normalized LogL: -1.746030, Exp of Normalized LogL: 0.174465, Best Rate: 0.3
Fault: [2,1,2,3,4,5], logL: -59.741573, Exp of LogL: 0.000000, Normalized LogL: -1.757105, Exp of Normalized LogL: 0.172544, Best Rate: 0.3

========= ADAPTIVE MC DEBUG =========
Total calls: 340
Avg tries: 150.00
Confidence stops: 340
Max stops: 0
Max stop rate: 0.000
Real Fault Rank 2
================= 22/08/2026 04:57:05: SEED 78 END =================
================= 22/08/2026 04:57:05: SEED 79 (77/100), a*=3 fault=[0,1,2,0,4,5] START =================
===== SEED 79 | FR=0.3 | VR=20 =====
executing with fault mode: [0,1,2,0,4,5]

Fault scores (higher is better):
Fault: [0,1,2,5,4,5], logL: -9.375477, Exp of LogL: 0.000085, Normalized LogL: -2.343869, Exp of Normalized LogL: 0.095956, Best Rate: 0.3
Fault: [0,1,2,4,4,5], logL: -9.375477, Exp of LogL: 0.000085, Normalized LogL: -2.343869, Exp of Normalized LogL: 0.095956, Best Rate: 0.3
Fault: [0,1,2,1,4,5], logL: -9.598621, Exp of LogL: 0.000068, Normalized LogL: -2.399655, Exp of Normalized LogL: 0.090749, Best Rate: 0.3
Fault: [0,1,2,2,4,5], logL: -9.732152, Exp of LogL: 0.000059, Normalized LogL: -2.433038, Exp of Normalized LogL: 0.087770, Best Rate: 0.3
Fault: [0,1,2,0,4,5], logL: -31.680010, Exp of LogL: 0.000000, Normalized LogL: -7.920002, Exp of Normalized LogL: 0.000363, Best Rate: 0.3
Fault: [0,1,2,0,5,5], logL: -31.976909, Exp of LogL: 0.000000, Normalized LogL: -7.994227, Exp of Normalized LogL: 0.000337, Best Rate: 0.3
Fault: [0,1,2,0,1,5], logL: -31.976909, Exp of LogL: 0.000000, Normalized LogL: -7.994227, Exp of Normalized LogL: 0.000337, Best Rate: 0.3
Fault: [0,1,2,0,2,5], logL: -31.976909, Exp of LogL: 0.000000, Normalized LogL: -7.994227, Exp of Normalized LogL: 0.000337, Best Rate: 0.3
Fault: [0,1,2,0,0,5], logL: -31.976909, Exp of LogL: 0.000000, Normalized LogL: -7.994227, Exp of Normalized LogL: 0.000337, Best Rate: 0.3
Fault: [0,1,2,3,4,5], logL: -32.277847, Exp of LogL: 0.000000, Normalized LogL: -8.069462, Exp of Normalized LogL: 0.000313, Best Rate: 0.3

========= ADAPTIVE MC DEBUG =========
Total calls: 40
Avg tries: 175.00
Confidence stops: 40
Max stops: 0
Max stop rate: 0.000
Real Fault Rank 5
===== SEED 79 | FR=0.3 | VR=40 =====
executing with fault mode: [0,1,2,0,4,5]

Fault scores (higher is better):
Fault: [0,1,2,0,4,5], logL: -9.175116, Exp of LogL: 0.000104, Normalized LogL: -1.310731, Exp of Normalized LogL: 0.269623, Best Rate: 0.3
Fault: [0,1,2,0,5,5], logL: -9.476221, Exp of LogL: 0.000077, Normalized LogL: -1.353746, Exp of Normalized LogL: 0.258271, Best Rate: 0.3
Fault: [0,1,2,0,1,5], logL: -9.476221, Exp of LogL: 0.000077, Normalized LogL: -1.353746, Exp of Normalized LogL: 0.258271, Best Rate: 0.3
Fault: [0,1,2,0,2,5], logL: -9.476221, Exp of LogL: 0.000077, Normalized LogL: -1.353746, Exp of Normalized LogL: 0.258271, Best Rate: 0.3
Fault: [0,1,2,0,0,5], logL: -9.476221, Exp of LogL: 0.000077, Normalized LogL: -1.353746, Exp of Normalized LogL: 0.258271, Best Rate: 0.3
Fault: [0,1,2,5,4,5], logL: -10.364700, Exp of LogL: 0.000032, Normalized LogL: -1.480671, Exp of Normalized LogL: 0.227485, Best Rate: 0.3
Fault: [0,1,2,4,4,5], logL: -10.364700, Exp of LogL: 0.000032, Normalized LogL: -1.480671, Exp of Normalized LogL: 0.227485, Best Rate: 0.3
Fault: [0,1,2,1,4,5], logL: -10.587844, Exp of LogL: 0.000025, Normalized LogL: -1.512549, Exp of Normalized LogL: 0.220348, Best Rate: 0.3
Fault: [0,1,2,2,4,5], logL: -10.721375, Exp of LogL: 0.000022, Normalized LogL: -1.531625, Exp of Normalized LogL: 0.216184, Best Rate: 0.3
Fault: [0,1,2,3,4,5], logL: -11.185681, Exp of LogL: 0.000014, Normalized LogL: -1.597954, Exp of Normalized LogL: 0.202310, Best Rate: 0.3

========= ADAPTIVE MC DEBUG =========
Total calls: 70
Avg tries: 157.14
Confidence stops: 70
Max stops: 0
Max stop rate: 0.000
Real Fault Rank 1
===== SEED 79 | FR=0.3 | VR=60 =====
executing with fault mode: [0,1,2,0,4,5]

Fault scores (higher is better):
Fault: [0,1,2,0,4,5], logL: -11.278284, Exp of LogL: 0.000013, Normalized LogL: -1.127828, Exp of Normalized LogL: 0.323736, Best Rate: 0.3
Fault: [0,1,2,0,5,5], logL: -11.579389, Exp of LogL: 0.000009, Normalized LogL: -1.157939, Exp of Normalized LogL: 0.314133, Best Rate: 0.3
Fault: [0,1,2,0,1,5], logL: -11.579389, Exp of LogL: 0.000009, Normalized LogL: -1.157939, Exp of Normalized LogL: 0.314133, Best Rate: 0.3
Fault: [0,1,2,0,2,5], logL: -11.579389, Exp of LogL: 0.000009, Normalized LogL: -1.157939, Exp of Normalized LogL: 0.314133, Best Rate: 0.3
Fault: [0,1,2,0,0,5], logL: -11.579389, Exp of LogL: 0.000009, Normalized LogL: -1.157939, Exp of Normalized LogL: 0.314133, Best Rate: 0.3
Fault: [0,1,2,3,4,5], logL: -13.102073, Exp of LogL: 0.000002, Normalized LogL: -1.310207, Exp of Normalized LogL: 0.269764, Best Rate: 0.3
Fault: [0,1,2,1,4,5], logL: -14.295995, Exp of LogL: 0.000001, Normalized LogL: -1.429600, Exp of Normalized LogL: 0.239405, Best Rate: 0.3
Fault: [0,1,2,2,4,5], logL: -14.295995, Exp of LogL: 0.000001, Normalized LogL: -1.429600, Exp of Normalized LogL: 0.239405, Best Rate: 0.3
Fault: [0,1,2,5,4,5], logL: -14.370103, Exp of LogL: 0.000001, Normalized LogL: -1.437010, Exp of Normalized LogL: 0.237637, Best Rate: 0.3
Fault: [0,1,2,4,4,5], logL: -14.370103, Exp of LogL: 0.000001, Normalized LogL: -1.437010, Exp of Normalized LogL: 0.237637, Best Rate: 0.3

========= ADAPTIVE MC DEBUG =========
Total calls: 100
Avg tries: 155.00
Confidence stops: 100
Max stops: 0
Max stop rate: 0.000
Real Fault Rank 1
===== SEED 79 | FR=0.3 | VR=80 =====
executing with fault mode: [0,1,2,0,4,5]

Fault scores (higher is better):
Fault: [0,1,2,0,4,5], logL: -13.050658, Exp of LogL: 0.000002, Normalized LogL: -1.003897, Exp of Normalized LogL: 0.366449, Best Rate: 0.3
Fault: [0,1,2,0,5,5], logL: -13.351764, Exp of LogL: 0.000002, Normalized LogL: -1.027059, Exp of Normalized LogL: 0.358059, Best Rate: 0.3
Fault: [0,1,2,0,1,5], logL: -13.351764, Exp of LogL: 0.000002, Normalized LogL: -1.027059, Exp of Normalized LogL: 0.358059, Best Rate: 0.3
Fault: [0,1,2,0,2,5], logL: -13.351764, Exp of LogL: 0.000002, Normalized LogL: -1.027059, Exp of Normalized LogL: 0.358059, Best Rate: 0.3
Fault: [0,1,2,0,0,5], logL: -13.351764, Exp of LogL: 0.000002, Normalized LogL: -1.027059, Exp of Normalized LogL: 0.358059, Best Rate: 0.3
Fault: [0,1,2,3,4,5], logL: -15.216981, Exp of LogL: 0.000000, Normalized LogL: -1.170537, Exp of Normalized LogL: 0.310200, Best Rate: 0.3
Fault: [0,1,2,2,4,5], logL: -16.756075, Exp of LogL: 0.000000, Normalized LogL: -1.288929, Exp of Normalized LogL: 0.275566, Best Rate: 0.3
Fault: [0,1,2,1,4,5], logL: -17.052102, Exp of LogL: 0.000000, Normalized LogL: -1.311700, Exp of Normalized LogL: 0.269362, Best Rate: 0.3
Fault: [0,1,2,5,4,5], logL: -17.143840, Exp of LogL: 0.000000, Normalized LogL: -1.318757, Exp of Normalized LogL: 0.267468, Best Rate: 0.3
Fault: [0,1,2,4,4,5], logL: -17.143840, Exp of LogL: 0.000000, Normalized LogL: -1.318757, Exp of Normalized LogL: 0.267468, Best Rate: 0.3

========= ADAPTIVE MC DEBUG =========
Total calls: 130
Avg tries: 150.00
Confidence stops: 130
Max stops: 0
Max stop rate: 0.000
Real Fault Rank 1
===== SEED 79 | FR=0.3 | VR=100 =====
executing with fault mode: [0,1,2,0,4,5]

Fault scores (higher is better):
Fault: [0,1,2,0,4,5], logL: -13.732993, Exp of LogL: 0.000001, Normalized LogL: -0.807823, Exp of Normalized LogL: 0.445828, Best Rate: 0.3
Fault: [0,1,2,0,5,5], logL: -14.034098, Exp of LogL: 0.000001, Normalized LogL: -0.825535, Exp of Normalized LogL: 0.438001, Best Rate: 0.3
Fault: [0,1,2,0,1,5], logL: -14.034098, Exp of LogL: 0.000001, Normalized LogL: -0.825535, Exp of Normalized LogL: 0.438001, Best Rate: 0.3
Fault: [0,1,2,0,2,5], logL: -14.034098, Exp of LogL: 0.000001, Normalized LogL: -0.825535, Exp of Normalized LogL: 0.438001, Best Rate: 0.3
Fault: [0,1,2,0,0,5], logL: -14.034098, Exp of LogL: 0.000001, Normalized LogL: -0.825535, Exp of Normalized LogL: 0.438001, Best Rate: 0.3
Fault: [0,1,2,3,4,5], logL: -15.156280, Exp of LogL: 0.000000, Normalized LogL: -0.891546, Exp of Normalized LogL: 0.410021, Best Rate: 0.3
Fault: [0,1,2,2,4,5], logL: -16.721789, Exp of LogL: 0.000000, Normalized LogL: -0.983635, Exp of Normalized LogL: 0.373949, Best Rate: 0.3
Fault: [0,1,2,1,4,5], logL: -17.005077, Exp of LogL: 0.000000, Normalized LogL: -1.000299, Exp of Normalized LogL: 0.367770, Best Rate: 0.3
Fault: [0,1,2,5,4,5], logL: -17.109555, Exp of LogL: 0.000000, Normalized LogL: -1.006444, Exp of Normalized LogL: 0.365516, Best Rate: 0.3
Fault: [0,1,2,4,4,5], logL: -17.109555, Exp of LogL: 0.000000, Normalized LogL: -1.006444, Exp of Normalized LogL: 0.365516, Best Rate: 0.3

========= ADAPTIVE MC DEBUG =========
Total calls: 170
Avg tries: 150.00
Confidence stops: 170
Max stops: 0
Max stop rate: 0.000
Real Fault Rank 1
================= 22/08/2026 04:57:19: SEED 79 END =================
================= 22/08/2026 04:57:19: SEED 81 (78/100), a*=2 fault=[0,1,3,3,4,5] START =================
===== SEED 81 | FR=0.3 | VR=20 =====
executing with fault mode: [0,1,3,3,4,5]

executing with fault mode: [0,1,3,3,4,5]

Fault scores (higher is better):
Fault: [0,1,1,3,4,5], logL: -9.746590, Exp of LogL: 0.000058, Normalized LogL: -1.624432, Exp of Normalized LogL: 0.197024, Best Rate: 0.3
Fault: [0,1,4,3,4,5], logL: -9.774761, Exp of LogL: 0.000057, Normalized LogL: -1.629127, Exp of Normalized LogL: 0.196101, Best Rate: 0.3
Fault: [0,1,5,3,4,5], logL: -9.774761, Exp of LogL: 0.000057, Normalized LogL: -1.629127, Exp of Normalized LogL: 0.196101, Best Rate: 0.3
Fault: [0,1,3,3,0,5], logL: -9.928912, Exp of LogL: 0.000049, Normalized LogL: -1.654819, Exp of Normalized LogL: 0.191127, Best Rate: 0.3
Fault: [0,1,0,3,4,5], logL: -9.928912, Exp of LogL: 0.000049, Normalized LogL: -1.654819, Exp of Normalized LogL: 0.191127, Best Rate: 0.3
Fault: [0,1,3,3,5,5], logL: -9.962814, Exp of LogL: 0.000047, Normalized LogL: -1.660469, Exp of Normalized LogL: 0.190050, Best Rate: 0.3
Fault: [0,1,3,3,2,5], logL: -9.962814, Exp of LogL: 0.000047, Normalized LogL: -1.660469, Exp of Normalized LogL: 0.190050, Best Rate: 0.3
Fault: [0,1,2,3,4,5], logL: -10.034273, Exp of LogL: 0.000044, Normalized LogL: -1.672379, Exp of Normalized LogL: 0.187800, Best Rate: 0.3
Fault: [0,1,3,3,3,5], logL: -10.072013, Exp of LogL: 0.000042, Normalized LogL: -1.678669, Exp of Normalized LogL: 0.186622, Best Rate: 0.3
Fault: [0,1,3,3,4,5], logL: -10.072013, Exp of LogL: 0.000042, Normalized LogL: -1.678669, Exp of Normalized LogL: 0.186622, Best Rate: 0.3

========= ADAPTIVE MC DEBUG =========
Total calls: 60
Avg tries: 175.00
Confidence stops: 60
Max stops: 0
Max stop rate: 0.000
Real Fault Rank 10
===== SEED 81 | FR=0.3 | VR=40 =====
executing with fault mode: [0,1,3,3,4,5]

executing with fault mode: [0,1,3,3,4,5]

Fault scores (higher is better):
Fault: [0,1,1,3,4,5], logL: -16.844828, Exp of LogL: 0.000000, Normalized LogL: -1.531348, Exp of Normalized LogL: 0.216244, Best Rate: 0.3
Fault: [0,1,4,3,4,5], logL: -16.872999, Exp of LogL: 0.000000, Normalized LogL: -1.533909, Exp of Normalized LogL: 0.215691, Best Rate: 0.3
Fault: [0,1,5,3,4,5], logL: -16.872999, Exp of LogL: 0.000000, Normalized LogL: -1.533909, Exp of Normalized LogL: 0.215691, Best Rate: 0.3
Fault: [0,1,3,3,0,5], logL: -17.027150, Exp of LogL: 0.000000, Normalized LogL: -1.547923, Exp of Normalized LogL: 0.212689, Best Rate: 0.3
Fault: [0,1,0,3,4,5], logL: -17.027150, Exp of LogL: 0.000000, Normalized LogL: -1.547923, Exp of Normalized LogL: 0.212689, Best Rate: 0.3
Fault: [0,1,3,3,5,5], logL: -17.061052, Exp of LogL: 0.000000, Normalized LogL: -1.551005, Exp of Normalized LogL: 0.212035, Best Rate: 0.3
Fault: [0,1,3,3,2,5], logL: -17.061052, Exp of LogL: 0.000000, Normalized LogL: -1.551005, Exp of Normalized LogL: 0.212035, Best Rate: 0.3
Fault: [0,1,2,3,4,5], logL: -17.132511, Exp of LogL: 0.000000, Normalized LogL: -1.557501, Exp of Normalized LogL: 0.210662, Best Rate: 0.3
Fault: [0,1,3,3,3,5], logL: -17.170251, Exp of LogL: 0.000000, Normalized LogL: -1.560932, Exp of Normalized LogL: 0.209940, Best Rate: 0.3
Fault: [0,1,3,3,4,5], logL: -17.170251, Exp of LogL: 0.000000, Normalized LogL: -1.560932, Exp of Normalized LogL: 0.209940, Best Rate: 0.3

========= ADAPTIVE MC DEBUG =========
Total calls: 110
Avg tries: 154.55
Confidence stops: 110
Max stops: 0
Max stop rate: 0.000
Real Fault Rank 10
===== SEED 81 | FR=0.3 | VR=60 =====
executing with fault mode: [0,1,3,3,4,5]

executing with fault mode: [0,1,3,3,4,5]

Fault scores (higher is better):
Fault: [0,1,1,3,4,5], logL: -20.943147, Exp of LogL: 0.000000, Normalized LogL: -1.308947, Exp of Normalized LogL: 0.270104, Best Rate: 0.3
Fault: [0,1,4,3,4,5], logL: -20.978239, Exp of LogL: 0.000000, Normalized LogL: -1.311140, Exp of Normalized LogL: 0.269513, Best Rate: 0.3
Fault: [0,1,5,3,4,5], logL: -20.978239, Exp of LogL: 0.000000, Normalized LogL: -1.311140, Exp of Normalized LogL: 0.269513, Best Rate: 0.3
Fault: [0,1,3,3,5,5], logL: -21.091567, Exp of LogL: 0.000000, Normalized LogL: -1.318223, Exp of Normalized LogL: 0.267610, Best Rate: 0.3
Fault: [0,1,3,3,2,5], logL: -21.091567, Exp of LogL: 0.000000, Normalized LogL: -1.318223, Exp of Normalized LogL: 0.267610, Best Rate: 0.3
Fault: [0,1,3,3,4,5], logL: -21.091567, Exp of LogL: 0.000000, Normalized LogL: -1.318223, Exp of Normalized LogL: 0.267610, Best Rate: 0.3
Fault: [0,1,3,3,3,5], logL: -21.174949, Exp of LogL: 0.000000, Normalized LogL: -1.323434, Exp of Normalized LogL: 0.266219, Best Rate: 0.3
Fault: [0,1,3,3,0,5], logL: -21.174949, Exp of LogL: 0.000000, Normalized LogL: -1.323434, Exp of Normalized LogL: 0.266219, Best Rate: 0.3
Fault: [0,1,2,3,4,5], logL: -21.648867, Exp of LogL: 0.000000, Normalized LogL: -1.353054, Exp of Normalized LogL: 0.258450, Best Rate: 0.3
Fault: [0,1,0,3,4,5], logL: -22.052310, Exp of LogL: 0.000000, Normalized LogL: -1.378269, Exp of Normalized LogL: 0.252014, Best Rate: 0.3

========= ADAPTIVE MC DEBUG =========
Total calls: 160
Avg tries: 150.00
Confidence stops: 160
Max stops: 0
Max stop rate: 0.000
Real Fault Rank 6
===== SEED 81 | FR=0.3 | VR=80 =====
executing with fault mode: [0,1,3,3,4,5]

executing with fault mode: [0,1,3,3,4,5]

Fault scores (higher is better):
Fault: [0,1,3,3,4,5], logL: -24.111616, Exp of LogL: 0.000000, Normalized LogL: -1.148172, Exp of Normalized LogL: 0.317216, Best Rate: 0.3
Fault: [0,1,3,3,3,5], logL: -24.198108, Exp of LogL: 0.000000, Normalized LogL: -1.152291, Exp of Normalized LogL: 0.315912, Best Rate: 0.3
Fault: [0,1,2,3,4,5], logL: -24.200322, Exp of LogL: 0.000000, Normalized LogL: -1.152396, Exp of Normalized LogL: 0.315879, Best Rate: 0.3
Fault: [0,1,1,3,4,5], logL: -24.265766, Exp of LogL: 0.000000, Normalized LogL: -1.155513, Exp of Normalized LogL: 0.314896, Best Rate: 0.3
Fault: [0,1,0,3,4,5], logL: -24.310218, Exp of LogL: 0.000000, Normalized LogL: -1.157629, Exp of Normalized LogL: 0.314230, Best Rate: 0.3
Fault: [0,1,3,3,0,5], logL: -24.315891, Exp of LogL: 0.000000, Normalized LogL: -1.157900, Exp of Normalized LogL: 0.314145, Best Rate: 0.3
Fault: [0,1,4,3,4,5], logL: -24.448088, Exp of LogL: 0.000000, Normalized LogL: -1.164195, Exp of Normalized LogL: 0.312174, Best Rate: 0.3
Fault: [0,1,5,3,4,5], logL: -24.448088, Exp of LogL: 0.000000, Normalized LogL: -1.164195, Exp of Normalized LogL: 0.312174, Best Rate: 0.3
Fault: [0,1,3,3,5,5], logL: -24.449422, Exp of LogL: 0.000000, Normalized LogL: -1.164258, Exp of Normalized LogL: 0.312154, Best Rate: 0.3
Fault: [0,1,3,3,2,5], logL: -24.449422, Exp of LogL: 0.000000, Normalized LogL: -1.164258, Exp of Normalized LogL: 0.312154, Best Rate: 0.3

========= ADAPTIVE MC DEBUG =========
Total calls: 210
Avg tries: 150.00
Confidence stops: 210
Max stops: 0
Max stop rate: 0.000
Real Fault Rank 1
===== SEED 81 | FR=0.3 | VR=100 =====
executing with fault mode: [0,1,3,3,4,5]

executing with fault mode: [0,1,3,3,4,5]

Fault scores (higher is better):
Fault: [0,1,3,3,4,5], logL: -23.862063, Exp of LogL: 0.000000, Normalized LogL: -0.883780, Exp of Normalized LogL: 0.413218, Best Rate: 0.3
Fault: [0,1,1,3,4,5], logL: -24.168661, Exp of LogL: 0.000000, Normalized LogL: -0.895136, Exp of Normalized LogL: 0.408552, Best Rate: 0.3
Fault: [0,1,3,3,3,5], logL: -24.199870, Exp of LogL: 0.000000, Normalized LogL: -0.896291, Exp of Normalized LogL: 0.408080, Best Rate: 0.3
Fault: [0,1,3,3,0,5], logL: -24.199870, Exp of LogL: 0.000000, Normalized LogL: -0.896291, Exp of Normalized LogL: 0.408080, Best Rate: 0.3
Fault: [0,1,3,3,5,5], logL: -24.199870, Exp of LogL: 0.000000, Normalized LogL: -0.896291, Exp of Normalized LogL: 0.408080, Best Rate: 0.3
Fault: [0,1,3,3,2,5], logL: -24.199870, Exp of LogL: 0.000000, Normalized LogL: -0.896291, Exp of Normalized LogL: 0.408080, Best Rate: 0.3
Fault: [0,1,2,3,4,5], logL: -24.239532, Exp of LogL: 0.000000, Normalized LogL: -0.897760, Exp of Normalized LogL: 0.407481, Best Rate: 0.3
Fault: [0,1,4,3,4,5], logL: -24.284920, Exp of LogL: 0.000000, Normalized LogL: -0.899441, Exp of Normalized LogL: 0.406797, Best Rate: 0.3
Fault: [0,1,5,3,4,5], logL: -24.284920, Exp of LogL: 0.000000, Normalized LogL: -0.899441, Exp of Normalized LogL: 0.406797, Best Rate: 0.3
Fault: [0,1,0,3,4,5], logL: -24.396617, Exp of LogL: 0.000000, Normalized LogL: -0.903578, Exp of Normalized LogL: 0.405117, Best Rate: 0.3

========= ADAPTIVE MC DEBUG =========
Total calls: 270
Avg tries: 150.00
Confidence stops: 270
Max stops: 0
Max stop rate: 0.000
Real Fault Rank 1
================= 22/08/2026 04:57:40: SEED 81 END =================
================= 22/08/2026 04:57:40: SEED 82 (79/100), a*=3 fault=[0,1,2,2,4,5] START =================
===== SEED 82 | FR=0.3 | VR=20 =====
executing with fault mode: [0,1,2,2,4,5]

Fault scores (higher is better):
Fault: [0,1,2,5,4,5], logL: -10.846946, Exp of LogL: 0.000019, Normalized LogL: -1.807824, Exp of Normalized LogL: 0.164011, Best Rate: 0.3
Fault: [0,1,2,4,4,5], logL: -10.846946, Exp of LogL: 0.000019, Normalized LogL: -1.807824, Exp of Normalized LogL: 0.164011, Best Rate: 0.3
Fault: [0,1,2,2,3,5], logL: -11.266465, Exp of LogL: 0.000013, Normalized LogL: -1.877744, Exp of Normalized LogL: 0.152935, Best Rate: 0.3
Fault: [0,1,2,2,5,5], logL: -11.266465, Exp of LogL: 0.000013, Normalized LogL: -1.877744, Exp of Normalized LogL: 0.152935, Best Rate: 0.3
Fault: [0,1,2,2,1,5], logL: -11.266465, Exp of LogL: 0.000013, Normalized LogL: -1.877744, Exp of Normalized LogL: 0.152935, Best Rate: 0.3
Fault: [0,1,2,2,2,5], logL: -11.521358, Exp of LogL: 0.000010, Normalized LogL: -1.920226, Exp of Normalized LogL: 0.146574, Best Rate: 0.3
Fault: [0,1,2,0,4,5], logL: -11.580959, Exp of LogL: 0.000009, Normalized LogL: -1.930160, Exp of Normalized LogL: 0.145125, Best Rate: 0.3
Fault: [0,1,2,2,4,5], logL: -12.182756, Exp of LogL: 0.000005, Normalized LogL: -2.030459, Exp of Normalized LogL: 0.131275, Best Rate: 0.3
Fault: [0,1,2,3,4,5], logL: -12.458604, Exp of LogL: 0.000004, Normalized LogL: -2.076434, Exp of Normalized LogL: 0.125377, Best Rate: 0.3
Fault: [0,1,2,1,4,5], logL: -13.867371, Exp of LogL: 0.000001, Normalized LogL: -2.311229, Exp of Normalized LogL: 0.099139, Best Rate: 0.3

========= ADAPTIVE MC DEBUG =========
Total calls: 60
Avg tries: 166.67
Confidence stops: 60
Max stops: 0
Max stop rate: 0.000
Real Fault Rank 8
===== SEED 82 | FR=0.3 | VR=40 =====
executing with fault mode: [0,1,2,2,4,5]

Fault scores (higher is better):
Fault: [0,1,2,2,2,5], logL: -15.579148, Exp of LogL: 0.000000, Normalized LogL: -1.416286, Exp of Normalized LogL: 0.242613, Best Rate: 0.3
Fault: [0,1,2,2,3,5], logL: -15.611938, Exp of LogL: 0.000000, Normalized LogL: -1.419267, Exp of Normalized LogL: 0.241891, Best Rate: 0.3
Fault: [0,1,2,2,5,5], logL: -15.611938, Exp of LogL: 0.000000, Normalized LogL: -1.419267, Exp of Normalized LogL: 0.241891, Best Rate: 0.3
Fault: [0,1,2,2,1,5], logL: -15.611938, Exp of LogL: 0.000000, Normalized LogL: -1.419267, Exp of Normalized LogL: 0.241891, Best Rate: 0.3
Fault: [0,1,2,2,4,5], logL: -15.968613, Exp of LogL: 0.000000, Normalized LogL: -1.451692, Exp of Normalized LogL: 0.234174, Best Rate: 0.3
Fault: [0,1,2,0,4,5], logL: -16.245274, Exp of LogL: 0.000000, Normalized LogL: -1.476843, Exp of Normalized LogL: 0.228357, Best Rate: 0.3
Fault: [0,1,2,1,4,5], logL: -17.911368, Exp of LogL: 0.000000, Normalized LogL: -1.628306, Exp of Normalized LogL: 0.196262, Best Rate: 0.3
Fault: [0,1,2,5,4,5], logL: -40.385352, Exp of LogL: 0.000000, Normalized LogL: -3.671396, Exp of Normalized LogL: 0.025441, Best Rate: 0.3
Fault: [0,1,2,4,4,5], logL: -40.385352, Exp of LogL: 0.000000, Normalized LogL: -3.671396, Exp of Normalized LogL: 0.025441, Best Rate: 0.3
Fault: [0,1,2,3,4,5], logL: -41.034199, Exp of LogL: 0.000000, Normalized LogL: -3.730382, Exp of Normalized LogL: 0.023984, Best Rate: 0.3

========= ADAPTIVE MC DEBUG =========
Total calls: 110
Avg tries: 154.55
Confidence stops: 110
Max stops: 0
Max stop rate: 0.000
Real Fault Rank 5
===== SEED 82 | FR=0.3 | VR=60 =====
executing with fault mode: [0,1,2,2,4,5]

Fault scores (higher is better):
Fault: [0,1,2,0,4,5], logL: -18.008518, Exp of LogL: 0.000000, Normalized LogL: -1.125532, Exp of Normalized LogL: 0.324480, Best Rate: 0.3
Fault: [0,1,2,2,2,5], logL: -18.986276, Exp of LogL: 0.000000, Normalized LogL: -1.186642, Exp of Normalized LogL: 0.305244, Best Rate: 0.3
Fault: [0,1,2,2,3,5], logL: -19.019065, Exp of LogL: 0.000000, Normalized LogL: -1.188692, Exp of Normalized LogL: 0.304620, Best Rate: 0.3
Fault: [0,1,2,2,5,5], logL: -19.019065, Exp of LogL: 0.000000, Normalized LogL: -1.188692, Exp of Normalized LogL: 0.304620, Best Rate: 0.3
Fault: [0,1,2,2,1,5], logL: -19.019065, Exp of LogL: 0.000000, Normalized LogL: -1.188692, Exp of Normalized LogL: 0.304620, Best Rate: 0.3
Fault: [0,1,2,2,4,5], logL: -19.375740, Exp of LogL: 0.000000, Normalized LogL: -1.210984, Exp of Normalized LogL: 0.297904, Best Rate: 0.3
Fault: [0,1,2,1,4,5], logL: -22.003623, Exp of LogL: 0.000000, Normalized LogL: -1.375226, Exp of Normalized LogL: 0.252782, Best Rate: 0.3
Fault: [0,1,2,3,4,5], logL: -45.027924, Exp of LogL: 0.000000, Normalized LogL: -2.814245, Exp of Normalized LogL: 0.059950, Best Rate: 0.3
Fault: [0,1,2,5,4,5], logL: -45.175941, Exp of LogL: 0.000000, Normalized LogL: -2.823496, Exp of Normalized LogL: 0.059398, Best Rate: 0.3
Fault: [0,1,2,4,4,5], logL: -45.175941, Exp of LogL: 0.000000, Normalized LogL: -2.823496, Exp of Normalized LogL: 0.059398, Best Rate: 0.3

========= ADAPTIVE MC DEBUG =========
Total calls: 160
Avg tries: 150.00
Confidence stops: 160
Max stops: 0
Max stop rate: 0.000
Real Fault Rank 6
===== SEED 82 | FR=0.3 | VR=80 =====
executing with fault mode: [0,1,2,2,4,5]

Fault scores (higher is better):
Fault: [0,1,2,0,4,5], logL: -18.970700, Exp of LogL: 0.000000, Normalized LogL: -0.903367, Exp of Normalized LogL: 0.405203, Best Rate: 0.3
Fault: [0,1,2,2,2,5], logL: -20.402497, Exp of LogL: 0.000000, Normalized LogL: -0.971547, Exp of Normalized LogL: 0.378497, Best Rate: 0.3
Fault: [0,1,2,2,3,5], logL: -20.435287, Exp of LogL: 0.000000, Normalized LogL: -0.973109, Exp of Normalized LogL: 0.377906, Best Rate: 0.3
Fault: [0,1,2,2,5,5], logL: -20.435287, Exp of LogL: 0.000000, Normalized LogL: -0.973109, Exp of Normalized LogL: 0.377906, Best Rate: 0.3
Fault: [0,1,2,2,1,5], logL: -20.435287, Exp of LogL: 0.000000, Normalized LogL: -0.973109, Exp of Normalized LogL: 0.377906, Best Rate: 0.3
Fault: [0,1,2,2,4,5], logL: -20.791962, Exp of LogL: 0.000000, Normalized LogL: -0.990093, Exp of Normalized LogL: 0.371542, Best Rate: 0.3
Fault: [0,1,2,1,4,5], logL: -23.623362, Exp of LogL: 0.000000, Normalized LogL: -1.124922, Exp of Normalized LogL: 0.324678, Best Rate: 0.3
Fault: [0,1,2,3,4,5], logL: -46.261462, Exp of LogL: 0.000000, Normalized LogL: -2.202927, Exp of Normalized LogL: 0.110479, Best Rate: 0.3
Fault: [0,1,2,5,4,5], logL: -47.027481, Exp of LogL: 0.000000, Normalized LogL: -2.239404, Exp of Normalized LogL: 0.106522, Best Rate: 0.3
Fault: [0,1,2,4,4,5], logL: -47.027481, Exp of LogL: 0.000000, Normalized LogL: -2.239404, Exp of Normalized LogL: 0.106522, Best Rate: 0.3

========= ADAPTIVE MC DEBUG =========
Total calls: 210
Avg tries: 150.00
Confidence stops: 210
Max stops: 0
Max stop rate: 0.000
Real Fault Rank 6
===== SEED 82 | FR=0.3 | VR=100 =====
executing with fault mode: [0,1,2,2,4,5]

Fault scores (higher is better):
Fault: [0,1,2,0,4,5], logL: -19.765820, Exp of LogL: 0.000000, Normalized LogL: -0.732067, Exp of Normalized LogL: 0.480914, Best Rate: 0.3
Fault: [0,1,2,2,4,5], logL: -22.408708, Exp of LogL: 0.000000, Normalized LogL: -0.829952, Exp of Normalized LogL: 0.436070, Best Rate: 0.3
Fault: [0,1,2,2,3,5], logL: -22.774953, Exp of LogL: 0.000000, Normalized LogL: -0.843517, Exp of Normalized LogL: 0.430195, Best Rate: 0.3
Fault: [0,1,2,2,5,5], logL: -22.774953, Exp of LogL: 0.000000, Normalized LogL: -0.843517, Exp of Normalized LogL: 0.430195, Best Rate: 0.3
Fault: [0,1,2,2,2,5], logL: -22.774953, Exp of LogL: 0.000000, Normalized LogL: -0.843517, Exp of Normalized LogL: 0.430195, Best Rate: 0.3
Fault: [0,1,2,2,1,5], logL: -22.774953, Exp of LogL: 0.000000, Normalized LogL: -0.843517, Exp of Normalized LogL: 0.430195, Best Rate: 0.3
Fault: [0,1,2,1,4,5], logL: -24.937112, Exp of LogL: 0.000000, Normalized LogL: -0.923597, Exp of Normalized LogL: 0.397088, Best Rate: 0.3
Fault: [0,1,2,3,4,5], logL: -47.470501, Exp of LogL: 0.000000, Normalized LogL: -1.758167, Exp of Normalized LogL: 0.172361, Best Rate: 0.3
Fault: [0,1,2,5,4,5], logL: -49.593158, Exp of LogL: 0.000000, Normalized LogL: -1.836784, Exp of Normalized LogL: 0.159329, Best Rate: 0.3
Fault: [0,1,2,4,4,5], logL: -49.593158, Exp of LogL: 0.000000, Normalized LogL: -1.836784, Exp of Normalized LogL: 0.159329, Best Rate: 0.3

========= ADAPTIVE MC DEBUG =========
Total calls: 270
Avg tries: 150.00
Confidence stops: 270
Max stops: 0
Max stop rate: 0.000
Real Fault Rank 2
================= 22/08/2026 04:58:02: SEED 82 END =================
================= 22/08/2026 04:58:02: SEED 83 (80/100), a*=0 fault=[2,1,2,3,4,5] START =================
===== SEED 83 | FR=0.3 | VR=20 =====
executing with fault mode: [2,1,2,3,4,5]

Fault scores (higher is better):
Fault: [2,1,2,3,4,5], logL: -11.121124, Exp of LogL: 0.000015, Normalized LogL: -1.853521, Exp of Normalized LogL: 0.156685, Best Rate: 0.3
Fault: [4,1,2,3,4,5], logL: -11.275537, Exp of LogL: 0.000013, Normalized LogL: -1.879256, Exp of Normalized LogL: 0.152704, Best Rate: 0.3
Fault: [5,1,2,3,4,5], logL: -11.275537, Exp of LogL: 0.000013, Normalized LogL: -1.879256, Exp of Normalized LogL: 0.152704, Best Rate: 0.3
Fault: [3,1,2,3,4,5], logL: -11.283494, Exp of LogL: 0.000013, Normalized LogL: -1.880582, Exp of Normalized LogL: 0.152501, Best Rate: 0.3
Fault: [2,1,1,3,4,5], logL: -11.408806, Exp of LogL: 0.000011, Normalized LogL: -1.901468, Exp of Normalized LogL: 0.149349, Best Rate: 0.3
Fault: [2,1,5,3,4,5], logL: -11.495817, Exp of LogL: 0.000010, Normalized LogL: -1.915970, Exp of Normalized LogL: 0.147199, Best Rate: 0.3
Fault: [2,1,0,3,4,5], logL: -11.591127, Exp of LogL: 0.000009, Normalized LogL: -1.931855, Exp of Normalized LogL: 0.144879, Best Rate: 0.3
Fault: [1,1,2,3,4,5], logL: -11.674034, Exp of LogL: 0.000009, Normalized LogL: -1.945672, Exp of Normalized LogL: 0.142891, Best Rate: 0.3
Fault: [2,1,3,3,4,5], logL: -11.753646, Exp of LogL: 0.000008, Normalized LogL: -1.958941, Exp of Normalized LogL: 0.141008, Best Rate: 0.3
Fault: [0,1,2,3,4,5], logL: -12.199706, Exp of LogL: 0.000005, Normalized LogL: -2.033284, Exp of Normalized LogL: 0.130905, Best Rate: 0.3

========= ADAPTIVE MC DEBUG =========
Total calls: 60
Avg tries: 166.67
Confidence stops: 60
Max stops: 0
Max stop rate: 0.000
Real Fault Rank 1
===== SEED 83 | FR=0.3 | VR=40 =====
executing with fault mode: [2,1,2,3,4,5]

Fault scores (higher is better):
Fault: [2,1,2,3,4,5], logL: -17.402857, Exp of LogL: 0.000000, Normalized LogL: -1.582078, Exp of Normalized LogL: 0.205548, Best Rate: 0.3
Fault: [2,1,0,3,4,5], logL: -17.632994, Exp of LogL: 0.000000, Normalized LogL: -1.602999, Exp of Normalized LogL: 0.201292, Best Rate: 0.3
Fault: [2,1,5,3,4,5], logL: -17.668257, Exp of LogL: 0.000000, Normalized LogL: -1.606205, Exp of Normalized LogL: 0.200648, Best Rate: 0.3
Fault: [2,1,1,3,4,5], logL: -17.680140, Exp of LogL: 0.000000, Normalized LogL: -1.607285, Exp of Normalized LogL: 0.200431, Best Rate: 0.3
Fault: [2,1,3,3,4,5], logL: -17.770040, Exp of LogL: 0.000000, Normalized LogL: -1.615458, Exp of Normalized LogL: 0.198800, Best Rate: 0.3
Fault: [4,1,2,3,4,5], logL: -18.075721, Exp of LogL: 0.000000, Normalized LogL: -1.643247, Exp of Normalized LogL: 0.193351, Best Rate: 0.3
Fault: [5,1,2,3,4,5], logL: -18.075721, Exp of LogL: 0.000000, Normalized LogL: -1.643247, Exp of Normalized LogL: 0.193351, Best Rate: 0.3
Fault: [0,1,2,3,4,5], logL: -18.916292, Exp of LogL: 0.000000, Normalized LogL: -1.719663, Exp of Normalized LogL: 0.179127, Best Rate: 0.3
Fault: [3,1,2,3,4,5], logL: -19.588130, Exp of LogL: 0.000000, Normalized LogL: -1.780739, Exp of Normalized LogL: 0.168514, Best Rate: 0.3
Fault: [1,1,2,3,4,5], logL: -20.229843, Exp of LogL: 0.000000, Normalized LogL: -1.839077, Exp of Normalized LogL: 0.158964, Best Rate: 0.3

========= ADAPTIVE MC DEBUG =========
Total calls: 110
Avg tries: 150.00
Confidence stops: 110
Max stops: 0
Max stop rate: 0.000
Real Fault Rank 1
===== SEED 83 | FR=0.3 | VR=60 =====
executing with fault mode: [2,1,2,3,4,5]

Fault scores (higher is better):
Fault: [2,1,2,3,4,5], logL: -17.749884, Exp of LogL: 0.000000, Normalized LogL: -1.109368, Exp of Normalized LogL: 0.329767, Best Rate: 0.3
Fault: [2,1,0,3,4,5], logL: -17.980020, Exp of LogL: 0.000000, Normalized LogL: -1.123751, Exp of Normalized LogL: 0.325058, Best Rate: 0.3
Fault: [2,1,5,3,4,5], logL: -18.015284, Exp of LogL: 0.000000, Normalized LogL: -1.125955, Exp of Normalized LogL: 0.324342, Best Rate: 0.3
Fault: [2,1,1,3,4,5], logL: -18.027167, Exp of LogL: 0.000000, Normalized LogL: -1.126698, Exp of Normalized LogL: 0.324102, Best Rate: 0.3
Fault: [2,1,3,3,4,5], logL: -18.117066, Exp of LogL: 0.000000, Normalized LogL: -1.132317, Exp of Normalized LogL: 0.322286, Best Rate: 0.3
Fault: [4,1,2,3,4,5], logL: -18.495507, Exp of LogL: 0.000000, Normalized LogL: -1.155969, Exp of Normalized LogL: 0.314752, Best Rate: 0.3
Fault: [5,1,2,3,4,5], logL: -18.495507, Exp of LogL: 0.000000, Normalized LogL: -1.155969, Exp of Normalized LogL: 0.314752, Best Rate: 0.3
Fault: [0,1,2,3,4,5], logL: -19.559426, Exp of LogL: 0.000000, Normalized LogL: -1.222464, Exp of Normalized LogL: 0.294504, Best Rate: 0.3
Fault: [3,1,2,3,4,5], logL: -20.007916, Exp of LogL: 0.000000, Normalized LogL: -1.250495, Exp of Normalized LogL: 0.286363, Best Rate: 0.3
Fault: [1,1,2,3,4,5], logL: -20.649629, Exp of LogL: 0.000000, Normalized LogL: -1.290602, Exp of Normalized LogL: 0.275105, Best Rate: 0.3

========= ADAPTIVE MC DEBUG =========
Total calls: 160
Avg tries: 150.00
Confidence stops: 160
Max stops: 0
Max stop rate: 0.000
Real Fault Rank 1
===== SEED 83 | FR=0.3 | VR=80 =====
executing with fault mode: [2,1,2,3,4,5]

Fault scores (higher is better):
Fault: [2,1,2,3,4,5], logL: -21.660281, Exp of LogL: 0.000000, Normalized LogL: -1.031442, Exp of Normalized LogL: 0.356493, Best Rate: 0.3
Fault: [2,1,1,3,4,5], logL: -21.835485, Exp of LogL: 0.000000, Normalized LogL: -1.039785, Exp of Normalized LogL: 0.353531, Best Rate: 0.3
Fault: [2,1,0,3,4,5], logL: -21.835485, Exp of LogL: 0.000000, Normalized LogL: -1.039785, Exp of Normalized LogL: 0.353531, Best Rate: 0.3
Fault: [2,1,5,3,4,5], logL: -21.924432, Exp of LogL: 0.000000, Normalized LogL: -1.044021, Exp of Normalized LogL: 0.352036, Best Rate: 0.3
Fault: [2,1,3,3,4,5], logL: -21.924432, Exp of LogL: 0.000000, Normalized LogL: -1.044021, Exp of Normalized LogL: 0.352036, Best Rate: 0.3
Fault: [4,1,2,3,4,5], logL: -22.586838, Exp of LogL: 0.000000, Normalized LogL: -1.075564, Exp of Normalized LogL: 0.341105, Best Rate: 0.3
Fault: [5,1,2,3,4,5], logL: -22.586838, Exp of LogL: 0.000000, Normalized LogL: -1.075564, Exp of Normalized LogL: 0.341105, Best Rate: 0.3
Fault: [0,1,2,3,4,5], logL: -24.673790, Exp of LogL: 0.000000, Normalized LogL: -1.174942, Exp of Normalized LogL: 0.308837, Best Rate: 0.3
Fault: [1,1,2,3,4,5], logL: -25.935901, Exp of LogL: 0.000000, Normalized LogL: -1.235043, Exp of Normalized LogL: 0.290822, Best Rate: 0.3
Fault: [3,1,2,3,4,5], logL: -26.214608, Exp of LogL: 0.000000, Normalized LogL: -1.248315, Exp of Normalized LogL: 0.286988, Best Rate: 0.3

========= ADAPTIVE MC DEBUG =========
Total calls: 210
Avg tries: 150.00
Confidence stops: 210
Max stops: 0
Max stop rate: 0.000
Real Fault Rank 1
===== SEED 83 | FR=0.3 | VR=100 =====
executing with fault mode: [2,1,2,3,4,5]

Fault scores (higher is better):
Fault: [2,1,2,3,4,5], logL: -21.797686, Exp of LogL: 0.000000, Normalized LogL: -0.838373, Exp of Normalized LogL: 0.432414, Best Rate: 0.3
Fault: [2,1,0,3,4,5], logL: -21.943779, Exp of LogL: 0.000000, Normalized LogL: -0.843991, Exp of Normalized LogL: 0.429991, Best Rate: 0.3
Fault: [2,1,1,3,4,5], logL: -22.013575, Exp of LogL: 0.000000, Normalized LogL: -0.846676, Exp of Normalized LogL: 0.428838, Best Rate: 0.3
Fault: [2,1,5,3,4,5], logL: -22.075706, Exp of LogL: 0.000000, Normalized LogL: -0.849066, Exp of Normalized LogL: 0.427814, Best Rate: 0.3
Fault: [2,1,3,3,4,5], logL: -22.075706, Exp of LogL: 0.000000, Normalized LogL: -0.849066, Exp of Normalized LogL: 0.427814, Best Rate: 0.3
Fault: [4,1,2,3,4,5], logL: -23.091968, Exp of LogL: 0.000000, Normalized LogL: -0.888153, Exp of Normalized LogL: 0.411415, Best Rate: 0.3
Fault: [5,1,2,3,4,5], logL: -23.091968, Exp of LogL: 0.000000, Normalized LogL: -0.888153, Exp of Normalized LogL: 0.411415, Best Rate: 0.3
Fault: [0,1,2,3,4,5], logL: -25.127685, Exp of LogL: 0.000000, Normalized LogL: -0.966449, Exp of Normalized LogL: 0.380431, Best Rate: 0.3
Fault: [1,1,2,3,4,5], logL: -26.754512, Exp of LogL: 0.000000, Normalized LogL: -1.029020, Exp of Normalized LogL: 0.357357, Best Rate: 0.3
Fault: [3,1,2,3,4,5], logL: -27.736795, Exp of LogL: 0.000000, Normalized LogL: -1.066800, Exp of Normalized LogL: 0.344108, Best Rate: 0.3

========= ADAPTIVE MC DEBUG =========
Total calls: 260
Avg tries: 150.00
Confidence stops: 260
Max stops: 0
Max stop rate: 0.000
Real Fault Rank 1
================= 22/08/2026 04:58:23: SEED 83 END =================
================= 22/08/2026 04:58:23: SEED 84 (81/100), a*=3 fault=[0,1,2,4,4,5] START =================
===== SEED 84 | FR=0.3 | VR=20 =====
executing with fault mode: [0,1,2,4,4,5]

Fault scores (higher is better):
Fault: [0,1,2,2,4,5], logL: -13.718895, Exp of LogL: 0.000001, Normalized LogL: -2.286482, Exp of Normalized LogL: 0.101623, Best Rate: 0.3
Fault: [0,1,2,4,3,5], logL: -13.807306, Exp of LogL: 0.000001, Normalized LogL: -2.301218, Exp of Normalized LogL: 0.100137, Best Rate: 0.3
Fault: [0,1,2,4,2,5], logL: -13.807306, Exp of LogL: 0.000001, Normalized LogL: -2.301218, Exp of Normalized LogL: 0.100137, Best Rate: 0.3
Fault: [0,1,2,4,0,5], logL: -13.807306, Exp of LogL: 0.000001, Normalized LogL: -2.301218, Exp of Normalized LogL: 0.100137, Best Rate: 0.3
Fault: [0,1,2,4,1,5], logL: -13.896918, Exp of LogL: 0.000001, Normalized LogL: -2.316153, Exp of Normalized LogL: 0.098652, Best Rate: 0.3
Fault: [0,1,2,5,4,5], logL: -14.104557, Exp of LogL: 0.000001, Normalized LogL: -2.350760, Exp of Normalized LogL: 0.095297, Best Rate: 0.3
Fault: [0,1,2,4,4,5], logL: -14.104557, Exp of LogL: 0.000001, Normalized LogL: -2.350760, Exp of Normalized LogL: 0.095297, Best Rate: 0.3
Fault: [0,1,2,1,4,5], logL: -14.270416, Exp of LogL: 0.000001, Normalized LogL: -2.378403, Exp of Normalized LogL: 0.092699, Best Rate: 0.3
Fault: [0,1,2,3,4,5], logL: -36.198850, Exp of LogL: 0.000000, Normalized LogL: -6.033142, Exp of Normalized LogL: 0.002398, Best Rate: 0.3
Fault: [0,1,2,0,4,5], logL: -36.415821, Exp of LogL: 0.000000, Normalized LogL: -6.069303, Exp of Normalized LogL: 0.002313, Best Rate: 0.3

========= ADAPTIVE MC DEBUG =========
Total calls: 60
Avg tries: 166.67
Confidence stops: 60
Max stops: 0
Max stop rate: 0.000
Real Fault Rank 7
===== SEED 84 | FR=0.3 | VR=40 =====
executing with fault mode: [0,1,2,4,4,5]

Fault scores (higher is better):
Fault: [0,1,2,2,4,5], logL: -16.706826, Exp of LogL: 0.000000, Normalized LogL: -1.518802, Exp of Normalized LogL: 0.218974, Best Rate: 0.3
Fault: [0,1,2,5,4,5], logL: -17.092489, Exp of LogL: 0.000000, Normalized LogL: -1.553863, Exp of Normalized LogL: 0.211430, Best Rate: 0.3
Fault: [0,1,2,4,4,5], logL: -17.092489, Exp of LogL: 0.000000, Normalized LogL: -1.553863, Exp of Normalized LogL: 0.211430, Best Rate: 0.3
Fault: [0,1,2,4,3,5], logL: -17.167996, Exp of LogL: 0.000000, Normalized LogL: -1.560727, Exp of Normalized LogL: 0.209983, Best Rate: 0.3
Fault: [0,1,2,4,2,5], logL: -17.167996, Exp of LogL: 0.000000, Normalized LogL: -1.560727, Exp of Normalized LogL: 0.209983, Best Rate: 0.3
Fault: [0,1,2,4,0,5], logL: -17.167996, Exp of LogL: 0.000000, Normalized LogL: -1.560727, Exp of Normalized LogL: 0.209983, Best Rate: 0.3
Fault: [0,1,2,1,4,5], logL: -17.230705, Exp of LogL: 0.000000, Normalized LogL: -1.566428, Exp of Normalized LogL: 0.208790, Best Rate: 0.3
Fault: [0,1,2,4,1,5], logL: -17.293159, Exp of LogL: 0.000000, Normalized LogL: -1.572105, Exp of Normalized LogL: 0.207608, Best Rate: 0.3
Fault: [0,1,2,3,4,5], logL: -39.047126, Exp of LogL: 0.000000, Normalized LogL: -3.549739, Exp of Normalized LogL: 0.028732, Best Rate: 0.3
Fault: [0,1,2,0,4,5], logL: -39.338369, Exp of LogL: 0.000000, Normalized LogL: -3.576215, Exp of Normalized LogL: 0.027981, Best Rate: 0.3

========= ADAPTIVE MC DEBUG =========
Total calls: 110
Avg tries: 154.55
Confidence stops: 110
Max stops: 0
Max stop rate: 0.000
Real Fault Rank 3
===== SEED 84 | FR=0.3 | VR=60 =====
executing with fault mode: [0,1,2,4,4,5]

Fault scores (higher is better):
Fault: [0,1,2,5,4,5], logL: -22.385557, Exp of LogL: 0.000000, Normalized LogL: -1.316797, Exp of Normalized LogL: 0.267992, Best Rate: 0.3
Fault: [0,1,2,4,4,5], logL: -22.385557, Exp of LogL: 0.000000, Normalized LogL: -1.316797, Exp of Normalized LogL: 0.267992, Best Rate: 0.3
Fault: [0,1,2,4,1,5], logL: -22.688743, Exp of LogL: 0.000000, Normalized LogL: -1.334632, Exp of Normalized LogL: 0.263255, Best Rate: 0.3
Fault: [0,1,2,4,3,5], logL: -22.688743, Exp of LogL: 0.000000, Normalized LogL: -1.334632, Exp of Normalized LogL: 0.263255, Best Rate: 0.3
Fault: [0,1,2,4,2,5], logL: -22.688743, Exp of LogL: 0.000000, Normalized LogL: -1.334632, Exp of Normalized LogL: 0.263255, Best Rate: 0.3
Fault: [0,1,2,4,0,5], logL: -22.688743, Exp of LogL: 0.000000, Normalized LogL: -1.334632, Exp of Normalized LogL: 0.263255, Best Rate: 0.3
Fault: [0,1,2,2,4,5], logL: -76.413785, Exp of LogL: 0.000000, Normalized LogL: -4.494929, Exp of Normalized LogL: 0.011165, Best Rate: 0.3
Fault: [0,1,2,1,4,5], logL: -77.299754, Exp of LogL: 0.000000, Normalized LogL: -4.547044, Exp of Normalized LogL: 0.010598, Best Rate: 0.3
Fault: [0,1,2,0,4,5], logL: -78.282746, Exp of LogL: 0.000000, Normalized LogL: -4.604867, Exp of Normalized LogL: 0.010003, Best Rate: 0.3
Fault: [0,1,2,3,4,5], logL: -101.508443, Exp of LogL: 0.000000, Normalized LogL: -5.971085, Exp of Normalized LogL: 0.002551, Best Rate: 0.3

========= ADAPTIVE MC DEBUG =========
Total calls: 170
Avg tries: 150.00
Confidence stops: 170
Max stops: 0
Max stop rate: 0.000
Real Fault Rank 2
===== SEED 84 | FR=0.3 | VR=80 =====
executing with fault mode: [0,1,2,4,4,5]

Fault scores (higher is better):
Fault: [0,1,2,5,4,5], logL: -26.523645, Exp of LogL: 0.000000, Normalized LogL: -1.205620, Exp of Normalized LogL: 0.299506, Best Rate: 0.3
Fault: [0,1,2,4,4,5], logL: -26.523645, Exp of LogL: 0.000000, Normalized LogL: -1.205620, Exp of Normalized LogL: 0.299506, Best Rate: 0.3
Fault: [0,1,2,4,1,5], logL: -26.877577, Exp of LogL: 0.000000, Normalized LogL: -1.221708, Exp of Normalized LogL: 0.294726, Best Rate: 0.3
Fault: [0,1,2,4,3,5], logL: -26.877577, Exp of LogL: 0.000000, Normalized LogL: -1.221708, Exp of Normalized LogL: 0.294726, Best Rate: 0.3
Fault: [0,1,2,4,2,5], logL: -26.877577, Exp of LogL: 0.000000, Normalized LogL: -1.221708, Exp of Normalized LogL: 0.294726, Best Rate: 0.3
Fault: [0,1,2,4,0,5], logL: -26.877577, Exp of LogL: 0.000000, Normalized LogL: -1.221708, Exp of Normalized LogL: 0.294726, Best Rate: 0.3
Fault: [0,1,2,2,4,5], logL: -104.950970, Exp of LogL: 0.000000, Normalized LogL: -4.770499, Exp of Normalized LogL: 0.008476, Best Rate: 0.3
Fault: [0,1,2,1,4,5], logL: -105.785167, Exp of LogL: 0.000000, Normalized LogL: -4.808417, Exp of Normalized LogL: 0.008161, Best Rate: 0.3
Fault: [0,1,2,0,4,5], logL: -106.937525, Exp of LogL: 0.000000, Normalized LogL: -4.860797, Exp of Normalized LogL: 0.007744, Best Rate: 0.3
Fault: [0,1,2,3,4,5], logL: -129.829341, Exp of LogL: 0.000000, Normalized LogL: -5.901334, Exp of Normalized LogL: 0.002736, Best Rate: 0.3

========= ADAPTIVE MC DEBUG =========
Total calls: 220
Avg tries: 150.00
Confidence stops: 220
Max stops: 0
Max stop rate: 0.000
Real Fault Rank 2
===== SEED 84 | FR=0.3 | VR=100 =====
executing with fault mode: [0,1,2,4,4,5]

Fault scores (higher is better):
Fault: [0,1,2,5,4,5], logL: -27.326383, Exp of LogL: 0.000000, Normalized LogL: -0.975942, Exp of Normalized LogL: 0.376837, Best Rate: 0.3
Fault: [0,1,2,4,4,5], logL: -27.326383, Exp of LogL: 0.000000, Normalized LogL: -0.975942, Exp of Normalized LogL: 0.376837, Best Rate: 0.3
Fault: [0,1,2,4,1,5], logL: -27.627488, Exp of LogL: 0.000000, Normalized LogL: -0.986696, Exp of Normalized LogL: 0.372806, Best Rate: 0.3
Fault: [0,1,2,4,3,5], logL: -27.627488, Exp of LogL: 0.000000, Normalized LogL: -0.986696, Exp of Normalized LogL: 0.372806, Best Rate: 0.3
Fault: [0,1,2,4,2,5], logL: -27.627488, Exp of LogL: 0.000000, Normalized LogL: -0.986696, Exp of Normalized LogL: 0.372806, Best Rate: 0.3
Fault: [0,1,2,4,0,5], logL: -27.627488, Exp of LogL: 0.000000, Normalized LogL: -0.986696, Exp of Normalized LogL: 0.372806, Best Rate: 0.3
Fault: [0,1,2,2,4,5], logL: -158.844502, Exp of LogL: 0.000000, Normalized LogL: -5.673018, Exp of Normalized LogL: 0.003437, Best Rate: 0.3
Fault: [0,1,2,1,4,5], logL: -159.852492, Exp of LogL: 0.000000, Normalized LogL: -5.709018, Exp of Normalized LogL: 0.003316, Best Rate: 0.3
Fault: [0,1,2,0,4,5], logL: -160.907675, Exp of LogL: 0.000000, Normalized LogL: -5.746703, Exp of Normalized LogL: 0.003193, Best Rate: 0.3
Fault: [0,1,2,3,4,5], logL: -183.681180, Exp of LogL: 0.000000, Normalized LogL: -6.560042, Exp of Normalized LogL: 0.001416, Best Rate: 0.3

========= ADAPTIVE MC DEBUG =========
Total calls: 280
Avg tries: 150.00
Confidence stops: 280
Max stops: 0
Max stop rate: 0.000
Real Fault Rank 2
================= 22/08/2026 04:58:45: SEED 84 END =================
================= 22/08/2026 04:58:45: SEED 85 (82/100), a*=3 fault=[0,1,2,5,4,5] START =================
===== SEED 85 | FR=0.3 | VR=20 =====
executing with fault mode: [0,1,2,5,4,5]

Fault scores (higher is better):
Fault: [0,1,2,5,0,5], logL: -9.771810, Exp of LogL: 0.000057, Normalized LogL: -1.954362, Exp of Normalized LogL: 0.141655, Best Rate: 0.3
Fault: [0,1,2,5,5,5], logL: -9.771810, Exp of LogL: 0.000057, Normalized LogL: -1.954362, Exp of Normalized LogL: 0.141655, Best Rate: 0.3
Fault: [0,1,2,5,1,5], logL: -9.818330, Exp of LogL: 0.000054, Normalized LogL: -1.963666, Exp of Normalized LogL: 0.140343, Best Rate: 0.3
Fault: [0,1,2,5,2,5], logL: -9.818330, Exp of LogL: 0.000054, Normalized LogL: -1.963666, Exp of Normalized LogL: 0.140343, Best Rate: 0.3
Fault: [0,1,2,5,4,5], logL: -9.972480, Exp of LogL: 0.000047, Normalized LogL: -1.994496, Exp of Normalized LogL: 0.136082, Best Rate: 0.3
Fault: [0,1,2,4,4,5], logL: -9.972480, Exp of LogL: 0.000047, Normalized LogL: -1.994496, Exp of Normalized LogL: 0.136082, Best Rate: 0.3
Fault: [0,1,2,0,4,5], logL: -11.155251, Exp of LogL: 0.000014, Normalized LogL: -2.231050, Exp of Normalized LogL: 0.107416, Best Rate: 0.3
Fault: [0,1,2,2,4,5], logL: -11.187306, Exp of LogL: 0.000014, Normalized LogL: -2.237461, Exp of Normalized LogL: 0.106729, Best Rate: 0.3
Fault: [0,1,2,1,4,5], logL: -11.273209, Exp of LogL: 0.000013, Normalized LogL: -2.254642, Exp of Normalized LogL: 0.104911, Best Rate: 0.3
Fault: [0,1,2,3,4,5], logL: -11.475558, Exp of LogL: 0.000010, Normalized LogL: -2.295112, Exp of Normalized LogL: 0.100750, Best Rate: 0.3

========= ADAPTIVE MC DEBUG =========
Total calls: 50
Avg tries: 170.00
Confidence stops: 50
Max stops: 0
Max stop rate: 0.000
Real Fault Rank 5
===== SEED 85 | FR=0.3 | VR=40 =====
executing with fault mode: [0,1,2,5,4,5]

Fault scores (higher is better):
Fault: [0,1,2,5,2,5], logL: -13.522168, Exp of LogL: 0.000001, Normalized LogL: -1.502463, Exp of Normalized LogL: 0.222581, Best Rate: 0.3
Fault: [0,1,2,5,1,5], logL: -13.579326, Exp of LogL: 0.000001, Normalized LogL: -1.508814, Exp of Normalized LogL: 0.221172, Best Rate: 0.3
Fault: [0,1,2,0,4,5], logL: -13.583002, Exp of LogL: 0.000001, Normalized LogL: -1.509222, Exp of Normalized LogL: 0.221082, Best Rate: 0.3
Fault: [0,1,2,2,4,5], logL: -13.626687, Exp of LogL: 0.000001, Normalized LogL: -1.514076, Exp of Normalized LogL: 0.220011, Best Rate: 0.3
Fault: [0,1,2,5,0,5], logL: -13.847590, Exp of LogL: 0.000001, Normalized LogL: -1.538621, Exp of Normalized LogL: 0.214677, Best Rate: 0.3
Fault: [0,1,2,5,5,5], logL: -13.847590, Exp of LogL: 0.000001, Normalized LogL: -1.538621, Exp of Normalized LogL: 0.214677, Best Rate: 0.3
Fault: [0,1,2,5,4,5], logL: -14.109954, Exp of LogL: 0.000001, Normalized LogL: -1.567773, Exp of Normalized LogL: 0.208509, Best Rate: 0.3
Fault: [0,1,2,4,4,5], logL: -14.109954, Exp of LogL: 0.000001, Normalized LogL: -1.567773, Exp of Normalized LogL: 0.208509, Best Rate: 0.3
Fault: [0,1,2,3,4,5], logL: -14.369718, Exp of LogL: 0.000001, Normalized LogL: -1.596635, Exp of Normalized LogL: 0.202577, Best Rate: 0.3
Fault: [0,1,2,1,4,5], logL: -14.514515, Exp of LogL: 0.000000, Normalized LogL: -1.612724, Exp of Normalized LogL: 0.199344, Best Rate: 0.3

========= ADAPTIVE MC DEBUG =========
Total calls: 90
Avg tries: 155.56
Confidence stops: 90
Max stops: 0
Max stop rate: 0.000
Real Fault Rank 7
===== SEED 85 | FR=0.3 | VR=60 =====
executing with fault mode: [0,1,2,5,4,5]

Fault scores (higher is better):
Fault: [0,1,2,2,4,5], logL: -15.566702, Exp of LogL: 0.000000, Normalized LogL: -1.197439, Exp of Normalized LogL: 0.301967, Best Rate: 0.3
Fault: [0,1,2,5,4,5], logL: -15.660706, Exp of LogL: 0.000000, Normalized LogL: -1.204670, Exp of Normalized LogL: 0.299791, Best Rate: 0.3
Fault: [0,1,2,4,4,5], logL: -15.660706, Exp of LogL: 0.000000, Normalized LogL: -1.204670, Exp of Normalized LogL: 0.299791, Best Rate: 0.3
Fault: [0,1,2,5,1,5], logL: -15.961811, Exp of LogL: 0.000000, Normalized LogL: -1.227832, Exp of Normalized LogL: 0.292927, Best Rate: 0.3
Fault: [0,1,2,5,2,5], logL: -15.961811, Exp of LogL: 0.000000, Normalized LogL: -1.227832, Exp of Normalized LogL: 0.292927, Best Rate: 0.3
Fault: [0,1,2,5,0,5], logL: -15.961811, Exp of LogL: 0.000000, Normalized LogL: -1.227832, Exp of Normalized LogL: 0.292927, Best Rate: 0.3
Fault: [0,1,2,5,5,5], logL: -15.961811, Exp of LogL: 0.000000, Normalized LogL: -1.227832, Exp of Normalized LogL: 0.292927, Best Rate: 0.3
Fault: [0,1,2,0,4,5], logL: -16.023352, Exp of LogL: 0.000000, Normalized LogL: -1.232566, Exp of Normalized LogL: 0.291544, Best Rate: 0.3
Fault: [0,1,2,3,4,5], logL: -16.208513, Exp of LogL: 0.000000, Normalized LogL: -1.246809, Exp of Normalized LogL: 0.287421, Best Rate: 0.3
Fault: [0,1,2,1,4,5], logL: -16.650859, Exp of LogL: 0.000000, Normalized LogL: -1.280835, Exp of Normalized LogL: 0.277805, Best Rate: 0.3

========= ADAPTIVE MC DEBUG =========
Total calls: 130
Avg tries: 150.00
Confidence stops: 130
Max stops: 0
Max stop rate: 0.000
Real Fault Rank 2
===== SEED 85 | FR=0.3 | VR=80 =====
executing with fault mode: [0,1,2,5,4,5]

Fault scores (higher is better):
Fault: [0,1,2,3,4,5], logL: -17.627375, Exp of LogL: 0.000000, Normalized LogL: -1.036904, Exp of Normalized LogL: 0.354551, Best Rate: 0.3
Fault: [0,1,2,2,4,5], logL: -17.867930, Exp of LogL: 0.000000, Normalized LogL: -1.051055, Exp of Normalized LogL: 0.349569, Best Rate: 0.3
Fault: [0,1,2,0,4,5], logL: -18.231889, Exp of LogL: 0.000000, Normalized LogL: -1.072464, Exp of Normalized LogL: 0.342164, Best Rate: 0.3
Fault: [0,1,2,5,4,5], logL: -18.255696, Exp of LogL: 0.000000, Normalized LogL: -1.073864, Exp of Normalized LogL: 0.341686, Best Rate: 0.3
Fault: [0,1,2,4,4,5], logL: -18.255696, Exp of LogL: 0.000000, Normalized LogL: -1.073864, Exp of Normalized LogL: 0.341686, Best Rate: 0.3
Fault: [0,1,2,5,1,5], logL: -18.556801, Exp of LogL: 0.000000, Normalized LogL: -1.091577, Exp of Normalized LogL: 0.335687, Best Rate: 0.3
Fault: [0,1,2,5,2,5], logL: -18.556801, Exp of LogL: 0.000000, Normalized LogL: -1.091577, Exp of Normalized LogL: 0.335687, Best Rate: 0.3
Fault: [0,1,2,5,0,5], logL: -18.556801, Exp of LogL: 0.000000, Normalized LogL: -1.091577, Exp of Normalized LogL: 0.335687, Best Rate: 0.3
Fault: [0,1,2,5,5,5], logL: -18.556801, Exp of LogL: 0.000000, Normalized LogL: -1.091577, Exp of Normalized LogL: 0.335687, Best Rate: 0.3
Fault: [0,1,2,1,4,5], logL: -18.857846, Exp of LogL: 0.000000, Normalized LogL: -1.109285, Exp of Normalized LogL: 0.329795, Best Rate: 0.3

========= ADAPTIVE MC DEBUG =========
Total calls: 170
Avg tries: 150.00
Confidence stops: 170
Max stops: 0
Max stop rate: 0.000
Real Fault Rank 4
===== SEED 85 | FR=0.3 | VR=100 =====
executing with fault mode: [0,1,2,5,4,5]

Fault scores (higher is better):
Fault: [0,1,2,3,4,5], logL: -21.130038, Exp of LogL: 0.000000, Normalized LogL: -0.960456, Exp of Normalized LogL: 0.382718, Best Rate: 0.3
Fault: [0,1,2,0,4,5], logL: -21.820425, Exp of LogL: 0.000000, Normalized LogL: -0.991838, Exp of Normalized LogL: 0.370895, Best Rate: 0.3
Fault: [0,1,2,1,4,5], logL: -22.463951, Exp of LogL: 0.000000, Normalized LogL: -1.021089, Exp of Normalized LogL: 0.360203, Best Rate: 0.3
Fault: [0,1,2,2,4,5], logL: -22.487963, Exp of LogL: 0.000000, Normalized LogL: -1.022180, Exp of Normalized LogL: 0.359810, Best Rate: 0.3
Fault: [0,1,2,5,4,5], logL: -22.875729, Exp of LogL: 0.000000, Normalized LogL: -1.039806, Exp of Normalized LogL: 0.353523, Best Rate: 0.3
Fault: [0,1,2,4,4,5], logL: -22.875729, Exp of LogL: 0.000000, Normalized LogL: -1.039806, Exp of Normalized LogL: 0.353523, Best Rate: 0.3
Fault: [0,1,2,5,1,5], logL: -23.176834, Exp of LogL: 0.000000, Normalized LogL: -1.053492, Exp of Normalized LogL: 0.348718, Best Rate: 0.3
Fault: [0,1,2,5,2,5], logL: -23.176834, Exp of LogL: 0.000000, Normalized LogL: -1.053492, Exp of Normalized LogL: 0.348718, Best Rate: 0.3
Fault: [0,1,2,5,0,5], logL: -23.176834, Exp of LogL: 0.000000, Normalized LogL: -1.053492, Exp of Normalized LogL: 0.348718, Best Rate: 0.3
Fault: [0,1,2,5,5,5], logL: -23.176834, Exp of LogL: 0.000000, Normalized LogL: -1.053492, Exp of Normalized LogL: 0.348718, Best Rate: 0.3

========= ADAPTIVE MC DEBUG =========
Total calls: 220
Avg tries: 150.00
Confidence stops: 220
Max stops: 0
Max stop rate: 0.000
Real Fault Rank 5
================= 22/08/2026 04:59:03: SEED 85 END =================
================= 22/08/2026 04:59:03: SEED 86 (83/100), a*=0 fault=[3,1,2,3,4,5] START =================
===== SEED 86 | FR=0.3 | VR=20 =====
executing with fault mode: [3,1,2,3,4,5]

Fault scores (higher is better):
Fault: [2,1,2,3,4,5], logL: -8.146320, Exp of LogL: 0.000290, Normalized LogL: -2.036580, Exp of Normalized LogL: 0.130474, Best Rate: 0.3
Fault: [0,1,2,3,4,5], logL: -8.312893, Exp of LogL: 0.000245, Normalized LogL: -2.078223, Exp of Normalized LogL: 0.125152, Best Rate: 0.3
Fault: [4,1,2,3,4,5], logL: -8.460813, Exp of LogL: 0.000212, Normalized LogL: -2.115203, Exp of Normalized LogL: 0.120609, Best Rate: 0.3
Fault: [1,1,2,3,4,5], logL: -8.460813, Exp of LogL: 0.000212, Normalized LogL: -2.115203, Exp of Normalized LogL: 0.120609, Best Rate: 0.3
Fault: [3,1,2,3,4,5], logL: -8.578596, Exp of LogL: 0.000188, Normalized LogL: -2.144649, Exp of Normalized LogL: 0.117109, Best Rate: 0.3
Fault: [5,1,2,3,4,5], logL: -8.643134, Exp of LogL: 0.000176, Normalized LogL: -2.160784, Exp of Normalized LogL: 0.115235, Best Rate: 0.3
Fault: [3,1,2,3,0,5], logL: -8.712127, Exp of LogL: 0.000165, Normalized LogL: -2.178032, Exp of Normalized LogL: 0.113264, Best Rate: 0.3
Fault: [3,1,2,3,1,5], logL: -8.786235, Exp of LogL: 0.000153, Normalized LogL: -2.196559, Exp of Normalized LogL: 0.111185, Best Rate: 0.3
Fault: [3,1,2,3,2,5], logL: -8.786235, Exp of LogL: 0.000153, Normalized LogL: -2.196559, Exp of Normalized LogL: 0.111185, Best Rate: 0.3
Fault: [3,1,2,3,3,5], logL: -8.866278, Exp of LogL: 0.000141, Normalized LogL: -2.216569, Exp of Normalized LogL: 0.108982, Best Rate: 0.3

========= ADAPTIVE MC DEBUG =========
Total calls: 40
Avg tries: 175.00
Confidence stops: 40
Max stops: 0
Max stop rate: 0.000
Real Fault Rank 5
===== SEED 86 | FR=0.3 | VR=40 =====
executing with fault mode: [3,1,2,3,4,5]

Fault scores (higher is better):
Fault: [3,1,2,3,0,5], logL: -12.007394, Exp of LogL: 0.000006, Normalized LogL: -1.500924, Exp of Normalized LogL: 0.222924, Best Rate: 0.3
Fault: [3,1,2,3,1,5], logL: -12.651165, Exp of LogL: 0.000003, Normalized LogL: -1.581396, Exp of Normalized LogL: 0.205688, Best Rate: 0.3
Fault: [3,1,2,3,2,5], logL: -12.651165, Exp of LogL: 0.000003, Normalized LogL: -1.581396, Exp of Normalized LogL: 0.205688, Best Rate: 0.3
Fault: [0,1,2,3,4,5], logL: -12.762956, Exp of LogL: 0.000003, Normalized LogL: -1.595370, Exp of Normalized LogL: 0.202834, Best Rate: 0.3
Fault: [3,1,2,3,3,5], logL: -12.766997, Exp of LogL: 0.000003, Normalized LogL: -1.595875, Exp of Normalized LogL: 0.202731, Best Rate: 0.3
Fault: [3,1,2,3,4,5], logL: -12.784696, Exp of LogL: 0.000003, Normalized LogL: -1.598087, Exp of Normalized LogL: 0.202283, Best Rate: 0.3
Fault: [2,1,2,3,4,5], logL: -13.606676, Exp of LogL: 0.000001, Normalized LogL: -1.700835, Exp of Normalized LogL: 0.182531, Best Rate: 0.3
Fault: [4,1,2,3,4,5], logL: -13.749777, Exp of LogL: 0.000001, Normalized LogL: -1.718722, Exp of Normalized LogL: 0.179295, Best Rate: 0.3
Fault: [1,1,2,3,4,5], logL: -13.749777, Exp of LogL: 0.000001, Normalized LogL: -1.718722, Exp of Normalized LogL: 0.179295, Best Rate: 0.3
Fault: [5,1,2,3,4,5], logL: -13.883309, Exp of LogL: 0.000001, Normalized LogL: -1.735414, Exp of Normalized LogL: 0.176327, Best Rate: 0.3

========= ADAPTIVE MC DEBUG =========
Total calls: 80
Avg tries: 156.25
Confidence stops: 80
Max stops: 0
Max stop rate: 0.000
Real Fault Rank 6
===== SEED 86 | FR=0.3 | VR=60 =====
executing with fault mode: [3,1,2,3,4,5]

Fault scores (higher is better):
Fault: [3,1,2,3,0,5], logL: -11.948819, Exp of LogL: 0.000006, Normalized LogL: -1.086256, Exp of Normalized LogL: 0.337478, Best Rate: 0.3
Fault: [3,1,2,3,1,5], logL: -12.592590, Exp of LogL: 0.000003, Normalized LogL: -1.144781, Exp of Normalized LogL: 0.318294, Best Rate: 0.3
Fault: [3,1,2,3,2,5], logL: -12.592590, Exp of LogL: 0.000003, Normalized LogL: -1.144781, Exp of Normalized LogL: 0.318294, Best Rate: 0.3
Fault: [3,1,2,3,3,5], logL: -12.708422, Exp of LogL: 0.000003, Normalized LogL: -1.155311, Exp of Normalized LogL: 0.314960, Best Rate: 0.3
Fault: [3,1,2,3,4,5], logL: -12.726121, Exp of LogL: 0.000003, Normalized LogL: -1.156920, Exp of Normalized LogL: 0.314453, Best Rate: 0.3
Fault: [0,1,2,3,4,5], logL: -12.958234, Exp of LogL: 0.000002, Normalized LogL: -1.178021, Exp of Normalized LogL: 0.307887, Best Rate: 0.3
Fault: [2,1,2,3,4,5], logL: -13.595892, Exp of LogL: 0.000001, Normalized LogL: -1.235990, Exp of Normalized LogL: 0.290547, Best Rate: 0.3
Fault: [4,1,2,3,4,5], logL: -13.691202, Exp of LogL: 0.000001, Normalized LogL: -1.244655, Exp of Normalized LogL: 0.288040, Best Rate: 0.3
Fault: [1,1,2,3,4,5], logL: -13.691202, Exp of LogL: 0.000001, Normalized LogL: -1.244655, Exp of Normalized LogL: 0.288040, Best Rate: 0.3
Fault: [5,1,2,3,4,5], logL: -13.824734, Exp of LogL: 0.000001, Normalized LogL: -1.256794, Exp of Normalized LogL: 0.284565, Best Rate: 0.3

========= ADAPTIVE MC DEBUG =========
Total calls: 110
Avg tries: 150.00
Confidence stops: 110
Max stops: 0
Max stop rate: 0.000
Real Fault Rank 5
===== SEED 86 | FR=0.3 | VR=80 =====
executing with fault mode: [3,1,2,3,4,5]

Fault scores (higher is better):
Fault: [3,1,2,3,4,5], logL: -14.085509, Exp of LogL: 0.000001, Normalized LogL: -0.939034, Exp of Normalized LogL: 0.391005, Best Rate: 0.3
Fault: [0,1,2,3,4,5], logL: -14.386614, Exp of LogL: 0.000001, Normalized LogL: -0.959108, Exp of Normalized LogL: 0.383235, Best Rate: 0.3
Fault: [2,1,2,3,4,5], logL: -14.395664, Exp of LogL: 0.000001, Normalized LogL: -0.959711, Exp of Normalized LogL: 0.383004, Best Rate: 0.3
Fault: [3,1,2,3,1,5], logL: -14.481023, Exp of LogL: 0.000001, Normalized LogL: -0.965402, Exp of Normalized LogL: 0.380830, Best Rate: 0.3
Fault: [3,1,2,3,2,5], logL: -14.481023, Exp of LogL: 0.000001, Normalized LogL: -0.965402, Exp of Normalized LogL: 0.380830, Best Rate: 0.3
Fault: [3,1,2,3,0,5], logL: -14.481023, Exp of LogL: 0.000001, Normalized LogL: -0.965402, Exp of Normalized LogL: 0.380830, Best Rate: 0.3
Fault: [3,1,2,3,3,5], logL: -14.481023, Exp of LogL: 0.000001, Normalized LogL: -0.965402, Exp of Normalized LogL: 0.380830, Best Rate: 0.3
Fault: [4,1,2,3,4,5], logL: -14.490974, Exp of LogL: 0.000001, Normalized LogL: -0.966065, Exp of Normalized LogL: 0.380578, Best Rate: 0.3
Fault: [1,1,2,3,4,5], logL: -14.490974, Exp of LogL: 0.000001, Normalized LogL: -0.966065, Exp of Normalized LogL: 0.380578, Best Rate: 0.3
Fault: [5,1,2,3,4,5], logL: -15.694947, Exp of LogL: 0.000000, Normalized LogL: -1.046330, Exp of Normalized LogL: 0.351224, Best Rate: 0.3

========= ADAPTIVE MC DEBUG =========
Total calls: 150
Avg tries: 150.00
Confidence stops: 150
Max stops: 0
Max stop rate: 0.000
Real Fault Rank 1
===== SEED 86 | FR=0.3 | VR=100 =====
executing with fault mode: [3,1,2,3,4,5]

Fault scores (higher is better):
Fault: [3,1,2,3,4,5], logL: -15.602824, Exp of LogL: 0.000000, Normalized LogL: -0.821201, Exp of Normalized LogL: 0.439903, Best Rate: 0.3
Fault: [0,1,2,3,4,5], logL: -15.919152, Exp of LogL: 0.000000, Normalized LogL: -0.837850, Exp of Normalized LogL: 0.432640, Best Rate: 0.3
Fault: [3,1,2,3,1,5], logL: -15.998338, Exp of LogL: 0.000000, Normalized LogL: -0.842018, Exp of Normalized LogL: 0.430840, Best Rate: 0.3
Fault: [3,1,2,3,2,5], logL: -15.998338, Exp of LogL: 0.000000, Normalized LogL: -0.842018, Exp of Normalized LogL: 0.430840, Best Rate: 0.3
Fault: [3,1,2,3,0,5], logL: -15.998338, Exp of LogL: 0.000000, Normalized LogL: -0.842018, Exp of Normalized LogL: 0.430840, Best Rate: 0.3
Fault: [3,1,2,3,3,5], logL: -15.998338, Exp of LogL: 0.000000, Normalized LogL: -0.842018, Exp of Normalized LogL: 0.430840, Best Rate: 0.3
Fault: [2,1,2,3,4,5], logL: -16.612681, Exp of LogL: 0.000000, Normalized LogL: -0.874352, Exp of Normalized LogL: 0.417132, Best Rate: 0.3
Fault: [4,1,2,3,4,5], logL: -16.758594, Exp of LogL: 0.000000, Normalized LogL: -0.882031, Exp of Normalized LogL: 0.413941, Best Rate: 0.3
Fault: [5,1,2,3,4,5], logL: -16.758594, Exp of LogL: 0.000000, Normalized LogL: -0.882031, Exp of Normalized LogL: 0.413941, Best Rate: 0.3
Fault: [1,1,2,3,4,5], logL: -16.758594, Exp of LogL: 0.000000, Normalized LogL: -0.882031, Exp of Normalized LogL: 0.413941, Best Rate: 0.3

========= ADAPTIVE MC DEBUG =========
Total calls: 190
Avg tries: 150.00
Confidence stops: 190
Max stops: 0
Max stop rate: 0.000
Real Fault Rank 1
================= 22/08/2026 04:59:19: SEED 86 END =================
================= 22/08/2026 04:59:19: SEED 87 (84/100), a*=3 fault=[0,1,2,1,4,5] START =================
===== SEED 87 | FR=0.3 | VR=20 =====
executing with fault mode: [0,1,2,1,4,5]

Fault scores (higher is better):
Fault: [4,1,2,1,4,5], logL: -7.250804, Exp of LogL: 0.000710, Normalized LogL: -1.450161, Exp of Normalized LogL: 0.234533, Best Rate: 0.3
Fault: [3,1,2,1,4,5], logL: -7.250804, Exp of LogL: 0.000710, Normalized LogL: -1.450161, Exp of Normalized LogL: 0.234533, Best Rate: 0.3
Fault: [5,1,2,1,4,5], logL: -7.250804, Exp of LogL: 0.000710, Normalized LogL: -1.450161, Exp of Normalized LogL: 0.234533, Best Rate: 0.3
Fault: [0,1,2,1,4,5], logL: -7.542941, Exp of LogL: 0.000530, Normalized LogL: -1.508588, Exp of Normalized LogL: 0.221222, Best Rate: 0.3
Fault: [0,1,2,2,4,5], logL: -8.071785, Exp of LogL: 0.000312, Normalized LogL: -1.614357, Exp of Normalized LogL: 0.199019, Best Rate: 0.3
Fault: [0,1,2,3,4,5], logL: -8.413534, Exp of LogL: 0.000222, Normalized LogL: -1.682707, Exp of Normalized LogL: 0.185870, Best Rate: 0.3
Fault: [0,1,2,0,4,5], logL: -8.460054, Exp of LogL: 0.000212, Normalized LogL: -1.692011, Exp of Normalized LogL: 0.184149, Best Rate: 0.3
Fault: [1,1,2,1,4,5], logL: -8.572560, Exp of LogL: 0.000189, Normalized LogL: -1.714512, Exp of Normalized LogL: 0.180052, Best Rate: 0.3
Fault: [0,1,2,5,4,5], logL: -9.265707, Exp of LogL: 0.000095, Normalized LogL: -1.853141, Exp of Normalized LogL: 0.156744, Best Rate: 0.3
Fault: [0,1,2,4,4,5], logL: -9.265707, Exp of LogL: 0.000095, Normalized LogL: -1.853141, Exp of Normalized LogL: 0.156744, Best Rate: 0.3

========= ADAPTIVE MC DEBUG =========
Total calls: 50
Avg tries: 180.00
Confidence stops: 50
Max stops: 0
Max stop rate: 0.000
Real Fault Rank 4
===== SEED 87 | FR=0.3 | VR=40 =====
executing with fault mode: [0,1,2,1,4,5]

Fault scores (higher is better):
Fault: [0,1,2,3,4,5], logL: -14.323797, Exp of LogL: 0.000001, Normalized LogL: -1.432380, Exp of Normalized LogL: 0.238740, Best Rate: 0.3
Fault: [0,1,2,5,4,5], logL: -14.338166, Exp of LogL: 0.000001, Normalized LogL: -1.433817, Exp of Normalized LogL: 0.238397, Best Rate: 0.3
Fault: [0,1,2,4,4,5], logL: -14.338166, Exp of LogL: 0.000001, Normalized LogL: -1.433817, Exp of Normalized LogL: 0.238397, Best Rate: 0.3
Fault: [0,1,2,1,4,5], logL: -14.410481, Exp of LogL: 0.000001, Normalized LogL: -1.441048, Exp of Normalized LogL: 0.236680, Best Rate: 0.3
Fault: [4,1,2,1,4,5], logL: -14.528209, Exp of LogL: 0.000000, Normalized LogL: -1.452821, Exp of Normalized LogL: 0.233910, Best Rate: 0.3
Fault: [3,1,2,1,4,5], logL: -14.528209, Exp of LogL: 0.000000, Normalized LogL: -1.452821, Exp of Normalized LogL: 0.233910, Best Rate: 0.3
Fault: [5,1,2,1,4,5], logL: -14.528209, Exp of LogL: 0.000000, Normalized LogL: -1.452821, Exp of Normalized LogL: 0.233910, Best Rate: 0.3
Fault: [0,1,2,2,4,5], logL: -15.071312, Exp of LogL: 0.000000, Normalized LogL: -1.507131, Exp of Normalized LogL: 0.221545, Best Rate: 0.3
Fault: [0,1,2,0,4,5], logL: -15.283916, Exp of LogL: 0.000000, Normalized LogL: -1.528392, Exp of Normalized LogL: 0.216884, Best Rate: 0.3
Fault: [1,1,2,1,4,5], logL: -15.779290, Exp of LogL: 0.000000, Normalized LogL: -1.577929, Exp of Normalized LogL: 0.206402, Best Rate: 0.3

========= ADAPTIVE MC DEBUG =========
Total calls: 100
Avg tries: 155.00
Confidence stops: 100
Max stops: 0
Max stop rate: 0.000
Real Fault Rank 4
===== SEED 87 | FR=0.3 | VR=60 =====
executing with fault mode: [0,1,2,1,4,5]

Fault scores (higher is better):
Fault: [0,1,2,3,4,5], logL: -16.301125, Exp of LogL: 0.000000, Normalized LogL: -1.164366, Exp of Normalized LogL: 0.312120, Best Rate: 0.3
Fault: [4,1,2,1,4,5], logL: -16.307229, Exp of LogL: 0.000000, Normalized LogL: -1.164802, Exp of Normalized LogL: 0.311984, Best Rate: 0.3
Fault: [3,1,2,1,4,5], logL: -16.307229, Exp of LogL: 0.000000, Normalized LogL: -1.164802, Exp of Normalized LogL: 0.311984, Best Rate: 0.3
Fault: [5,1,2,1,4,5], logL: -16.307229, Exp of LogL: 0.000000, Normalized LogL: -1.164802, Exp of Normalized LogL: 0.311984, Best Rate: 0.3
Fault: [0,1,2,1,4,5], logL: -16.339498, Exp of LogL: 0.000000, Normalized LogL: -1.167107, Exp of Normalized LogL: 0.311266, Best Rate: 0.3
Fault: [0,1,2,0,4,5], logL: -16.495825, Exp of LogL: 0.000000, Normalized LogL: -1.178273, Exp of Normalized LogL: 0.307810, Best Rate: 0.3
Fault: [0,1,2,5,4,5], logL: -16.914855, Exp of LogL: 0.000000, Normalized LogL: -1.208204, Exp of Normalized LogL: 0.298733, Best Rate: 0.3
Fault: [0,1,2,4,4,5], logL: -16.914855, Exp of LogL: 0.000000, Normalized LogL: -1.208204, Exp of Normalized LogL: 0.298733, Best Rate: 0.3
Fault: [0,1,2,2,4,5], logL: -17.334227, Exp of LogL: 0.000000, Normalized LogL: -1.238159, Exp of Normalized LogL: 0.289917, Best Rate: 0.3
Fault: [1,1,2,1,4,5], logL: -17.424889, Exp of LogL: 0.000000, Normalized LogL: -1.244635, Exp of Normalized LogL: 0.288046, Best Rate: 0.3

========= ADAPTIVE MC DEBUG =========
Total calls: 140
Avg tries: 150.00
Confidence stops: 140
Max stops: 0
Max stop rate: 0.000
Real Fault Rank 5
===== SEED 87 | FR=0.3 | VR=80 =====
executing with fault mode: [0,1,2,1,4,5]

Fault scores (higher is better):
Fault: [0,1,2,3,4,5], logL: -17.986968, Exp of LogL: 0.000000, Normalized LogL: -0.946683, Exp of Normalized LogL: 0.388026, Best Rate: 0.3
Fault: [0,1,2,0,4,5], logL: -18.116827, Exp of LogL: 0.000000, Normalized LogL: -0.953517, Exp of Normalized LogL: 0.385383, Best Rate: 0.3
Fault: [0,1,2,1,4,5], logL: -18.719846, Exp of LogL: 0.000000, Normalized LogL: -0.985255, Exp of Normalized LogL: 0.373344, Best Rate: 0.3
Fault: [4,1,2,1,4,5], logL: -18.793156, Exp of LogL: 0.000000, Normalized LogL: -0.989113, Exp of Normalized LogL: 0.371906, Best Rate: 0.3
Fault: [3,1,2,1,4,5], logL: -18.793156, Exp of LogL: 0.000000, Normalized LogL: -0.989113, Exp of Normalized LogL: 0.371906, Best Rate: 0.3
Fault: [5,1,2,1,4,5], logL: -18.793156, Exp of LogL: 0.000000, Normalized LogL: -0.989113, Exp of Normalized LogL: 0.371906, Best Rate: 0.3
Fault: [1,1,2,1,4,5], logL: -19.578377, Exp of LogL: 0.000000, Normalized LogL: -1.030441, Exp of Normalized LogL: 0.356850, Best Rate: 0.3
Fault: [0,1,2,2,4,5], logL: -19.920793, Exp of LogL: 0.000000, Normalized LogL: -1.048463, Exp of Normalized LogL: 0.350476, Best Rate: 0.3
Fault: [0,1,2,5,4,5], logL: -20.791147, Exp of LogL: 0.000000, Normalized LogL: -1.094271, Exp of Normalized LogL: 0.334784, Best Rate: 0.3
Fault: [0,1,2,4,4,5], logL: -20.791147, Exp of LogL: 0.000000, Normalized LogL: -1.094271, Exp of Normalized LogL: 0.334784, Best Rate: 0.3

========= ADAPTIVE MC DEBUG =========
Total calls: 190
Avg tries: 150.00
Confidence stops: 190
Max stops: 0
Max stop rate: 0.000
Real Fault Rank 3
===== SEED 87 | FR=0.3 | VR=100 =====
executing with fault mode: [0,1,2,1,4,5]

Fault scores (higher is better):
Fault: [0,1,2,1,4,5], logL: -19.529968, Exp of LogL: 0.000000, Normalized LogL: -0.813749, Exp of Normalized LogL: 0.443194, Best Rate: 0.3
Fault: [0,1,2,3,4,5], logL: -19.881116, Exp of LogL: 0.000000, Normalized LogL: -0.828380, Exp of Normalized LogL: 0.436756, Best Rate: 0.3
Fault: [4,1,2,1,4,5], logL: -20.243228, Exp of LogL: 0.000000, Normalized LogL: -0.843468, Exp of Normalized LogL: 0.430216, Best Rate: 0.3
Fault: [3,1,2,1,4,5], logL: -20.243228, Exp of LogL: 0.000000, Normalized LogL: -0.843468, Exp of Normalized LogL: 0.430216, Best Rate: 0.3
Fault: [5,1,2,1,4,5], logL: -20.243228, Exp of LogL: 0.000000, Normalized LogL: -0.843468, Exp of Normalized LogL: 0.430216, Best Rate: 0.3
Fault: [0,1,2,0,4,5], logL: -20.577682, Exp of LogL: 0.000000, Normalized LogL: -0.857403, Exp of Normalized LogL: 0.424262, Best Rate: 0.3
Fault: [1,1,2,1,4,5], logL: -21.009400, Exp of LogL: 0.000000, Normalized LogL: -0.875392, Exp of Normalized LogL: 0.416699, Best Rate: 0.3
Fault: [0,1,2,2,4,5], logL: -21.748302, Exp of LogL: 0.000000, Normalized LogL: -0.906179, Exp of Normalized LogL: 0.404065, Best Rate: 0.3
Fault: [0,1,2,5,4,5], logL: -23.077648, Exp of LogL: 0.000000, Normalized LogL: -0.961569, Exp of Normalized LogL: 0.382293, Best Rate: 0.3
Fault: [0,1,2,4,4,5], logL: -23.077648, Exp of LogL: 0.000000, Normalized LogL: -0.961569, Exp of Normalized LogL: 0.382293, Best Rate: 0.3

========= ADAPTIVE MC DEBUG =========
Total calls: 240
Avg tries: 150.00
Confidence stops: 240
Max stops: 0
Max stop rate: 0.000
Real Fault Rank 1
================= 22/08/2026 04:59:38: SEED 87 END =================
================= 22/08/2026 04:59:38: SEED 88 (85/100), a*=0 fault=[4,1,2,3,4,5] START =================
===== SEED 88 | FR=0.3 | VR=20 =====
executing with fault mode: [4,1,2,3,4,5]

Fault scores (higher is better):
Fault: [0,1,2,3,4,5], logL: -4.921680, Exp of LogL: 0.007287, Normalized LogL: -1.230420, Exp of Normalized LogL: 0.292170, Best Rate: 0.3
Fault: [5,1,2,3,4,5], logL: -5.062758, Exp of LogL: 0.006328, Normalized LogL: -1.265690, Exp of Normalized LogL: 0.282045, Best Rate: 0.3
Fault: [3,1,2,3,4,5], logL: -5.102764, Exp of LogL: 0.006080, Normalized LogL: -1.275691, Exp of Normalized LogL: 0.279238, Best Rate: 0.3
Fault: [2,1,2,3,4,5], logL: -5.125279, Exp of LogL: 0.005945, Normalized LogL: -1.281320, Exp of Normalized LogL: 0.277671, Best Rate: 0.3
Fault: [1,1,2,3,4,5], logL: -5.126228, Exp of LogL: 0.005939, Normalized LogL: -1.281557, Exp of Normalized LogL: 0.277605, Best Rate: 0.3
Fault: [4,1,2,3,4,5], logL: -5.187922, Exp of LogL: 0.005584, Normalized LogL: -1.296980, Exp of Normalized LogL: 0.273356, Best Rate: 0.3
Fault: [4,1,2,0,4,5], logL: -5.897756, Exp of LogL: 0.002746, Normalized LogL: -1.474439, Exp of Normalized LogL: 0.228907, Best Rate: 0.3
Fault: [4,1,2,4,4,5], logL: -5.929504, Exp of LogL: 0.002660, Normalized LogL: -1.482376, Exp of Normalized LogL: 0.227097, Best Rate: 0.3
Fault: [4,1,2,5,4,5], logL: -5.929504, Exp of LogL: 0.002660, Normalized LogL: -1.482376, Exp of Normalized LogL: 0.227097, Best Rate: 0.3
Fault: [4,1,2,2,4,5], logL: -5.929504, Exp of LogL: 0.002660, Normalized LogL: -1.482376, Exp of Normalized LogL: 0.227097, Best Rate: 0.3

========= ADAPTIVE MC DEBUG =========
Total calls: 40
Avg tries: 175.00
Confidence stops: 40
Max stops: 0
Max stop rate: 0.000
Real Fault Rank 6
===== SEED 88 | FR=0.3 | VR=40 =====
executing with fault mode: [4,1,2,3,4,5]

Fault scores (higher is better):
Fault: [1,1,2,3,4,5], logL: -6.573163, Exp of LogL: 0.001397, Normalized LogL: -0.821645, Exp of Normalized LogL: 0.439708, Best Rate: 0.3
Fault: [5,1,2,3,4,5], logL: -6.616195, Exp of LogL: 0.001339, Normalized LogL: -0.827024, Exp of Normalized LogL: 0.437349, Best Rate: 0.3
Fault: [3,1,2,3,4,5], logL: -6.937046, Exp of LogL: 0.000971, Normalized LogL: -0.867131, Exp of Normalized LogL: 0.420155, Best Rate: 0.3
Fault: [4,1,2,3,4,5], logL: -7.065146, Exp of LogL: 0.000854, Normalized LogL: -0.883143, Exp of Normalized LogL: 0.413481, Best Rate: 0.3
Fault: [2,1,2,3,4,5], logL: -7.305542, Exp of LogL: 0.000672, Normalized LogL: -0.913193, Exp of Normalized LogL: 0.401241, Best Rate: 0.3
Fault: [4,1,2,0,4,5], logL: -7.621680, Exp of LogL: 0.000490, Normalized LogL: -0.952710, Exp of Normalized LogL: 0.385694, Best Rate: 0.3
Fault: [4,1,2,4,4,5], logL: -7.641882, Exp of LogL: 0.000480, Normalized LogL: -0.955235, Exp of Normalized LogL: 0.384722, Best Rate: 0.3
Fault: [4,1,2,5,4,5], logL: -7.641882, Exp of LogL: 0.000480, Normalized LogL: -0.955235, Exp of Normalized LogL: 0.384722, Best Rate: 0.3
Fault: [4,1,2,2,4,5], logL: -7.641882, Exp of LogL: 0.000480, Normalized LogL: -0.955235, Exp of Normalized LogL: 0.384722, Best Rate: 0.3
Fault: [0,1,2,3,4,5], logL: -9.440490, Exp of LogL: 0.000079, Normalized LogL: -1.180061, Exp of Normalized LogL: 0.307260, Best Rate: 0.3

========= ADAPTIVE MC DEBUG =========
Total calls: 80
Avg tries: 150.00
Confidence stops: 80
Max stops: 0
Max stop rate: 0.000
Real Fault Rank 4
===== SEED 88 | FR=0.3 | VR=60 =====
executing with fault mode: [4,1,2,3,4,5]

Fault scores (higher is better):
Fault: [4,1,2,3,4,5], logL: -9.272507, Exp of LogL: 0.000094, Normalized LogL: -0.842955, Exp of Normalized LogL: 0.430437, Best Rate: 0.3
Fault: [3,1,2,3,4,5], logL: -9.341500, Exp of LogL: 0.000088, Normalized LogL: -0.849227, Exp of Normalized LogL: 0.427745, Best Rate: 0.3
Fault: [4,1,2,0,4,5], logL: -9.829041, Exp of LogL: 0.000054, Normalized LogL: -0.893549, Exp of Normalized LogL: 0.409201, Best Rate: 0.3
Fault: [4,1,2,4,4,5], logL: -9.849244, Exp of LogL: 0.000053, Normalized LogL: -0.895386, Exp of Normalized LogL: 0.408450, Best Rate: 0.3
Fault: [4,1,2,5,4,5], logL: -9.849244, Exp of LogL: 0.000053, Normalized LogL: -0.895386, Exp of Normalized LogL: 0.408450, Best Rate: 0.3
Fault: [4,1,2,2,4,5], logL: -9.849244, Exp of LogL: 0.000053, Normalized LogL: -0.895386, Exp of Normalized LogL: 0.408450, Best Rate: 0.3
Fault: [1,1,2,3,4,5], logL: -11.003835, Exp of LogL: 0.000017, Normalized LogL: -1.000349, Exp of Normalized LogL: 0.367751, Best Rate: 0.3
Fault: [5,1,2,3,4,5], logL: -12.202589, Exp of LogL: 0.000005, Normalized LogL: -1.109326, Exp of Normalized LogL: 0.329781, Best Rate: 0.3
Fault: [0,1,2,3,4,5], logL: -12.370684, Exp of LogL: 0.000004, Normalized LogL: -1.124608, Exp of Normalized LogL: 0.324780, Best Rate: 0.3
Fault: [2,1,2,3,4,5], logL: -12.569705, Exp of LogL: 0.000003, Normalized LogL: -1.142700, Exp of Normalized LogL: 0.318957, Best Rate: 0.3

========= ADAPTIVE MC DEBUG =========
Total calls: 110
Avg tries: 150.00
Confidence stops: 110
Max stops: 0
Max stop rate: 0.000
Real Fault Rank 1
===== SEED 88 | FR=0.3 | VR=80 =====
executing with fault mode: [4,1,2,3,4,5]

Fault scores (higher is better):
Fault: [4,1,2,3,4,5], logL: -10.602009, Exp of LogL: 0.000025, Normalized LogL: -0.706801, Exp of Normalized LogL: 0.493220, Best Rate: 0.3
Fault: [3,1,2,3,4,5], logL: -10.924093, Exp of LogL: 0.000018, Normalized LogL: -0.728273, Exp of Normalized LogL: 0.482742, Best Rate: 0.3
Fault: [4,1,2,0,4,5], logL: -11.158544, Exp of LogL: 0.000014, Normalized LogL: -0.743903, Exp of Normalized LogL: 0.475255, Best Rate: 0.3
Fault: [4,1,2,4,4,5], logL: -11.178746, Exp of LogL: 0.000014, Normalized LogL: -0.745250, Exp of Normalized LogL: 0.474616, Best Rate: 0.3
Fault: [4,1,2,5,4,5], logL: -11.178746, Exp of LogL: 0.000014, Normalized LogL: -0.745250, Exp of Normalized LogL: 0.474616, Best Rate: 0.3
Fault: [4,1,2,2,4,5], logL: -11.178746, Exp of LogL: 0.000014, Normalized LogL: -0.745250, Exp of Normalized LogL: 0.474616, Best Rate: 0.3
Fault: [1,1,2,3,4,5], logL: -12.110194, Exp of LogL: 0.000006, Normalized LogL: -0.807346, Exp of Normalized LogL: 0.446040, Best Rate: 0.3
Fault: [2,1,2,3,4,5], logL: -12.611353, Exp of LogL: 0.000003, Normalized LogL: -0.840757, Exp of Normalized LogL: 0.431384, Best Rate: 0.3
Fault: [5,1,2,3,4,5], logL: -13.532091, Exp of LogL: 0.000001, Normalized LogL: -0.902139, Exp of Normalized LogL: 0.405701, Best Rate: 0.3
Fault: [0,1,2,3,4,5], logL: -14.239422, Exp of LogL: 0.000001, Normalized LogL: -0.949295, Exp of Normalized LogL: 0.387014, Best Rate: 0.3

========= ADAPTIVE MC DEBUG =========
Total calls: 150
Avg tries: 150.00
Confidence stops: 150
Max stops: 0
Max stop rate: 0.000
Real Fault Rank 1
===== SEED 88 | FR=0.3 | VR=100 =====
executing with fault mode: [4,1,2,3,4,5]

Fault scores (higher is better):
Fault: [3,1,2,3,4,5], logL: -12.565659, Exp of LogL: 0.000003, Normalized LogL: -0.661350, Exp of Normalized LogL: 0.516154, Best Rate: 0.3
Fault: [4,1,2,3,4,5], logL: -12.713579, Exp of LogL: 0.000003, Normalized LogL: -0.669136, Exp of Normalized LogL: 0.512151, Best Rate: 0.3
Fault: [4,1,2,4,4,5], logL: -13.039002, Exp of LogL: 0.000002, Normalized LogL: -0.686263, Exp of Normalized LogL: 0.503454, Best Rate: 0.3
Fault: [4,1,2,5,4,5], logL: -13.039002, Exp of LogL: 0.000002, Normalized LogL: -0.686263, Exp of Normalized LogL: 0.503454, Best Rate: 0.3
Fault: [4,1,2,0,4,5], logL: -13.039002, Exp of LogL: 0.000002, Normalized LogL: -0.686263, Exp of Normalized LogL: 0.503454, Best Rate: 0.3
Fault: [4,1,2,2,4,5], logL: -13.039002, Exp of LogL: 0.000002, Normalized LogL: -0.686263, Exp of Normalized LogL: 0.503454, Best Rate: 0.3
Fault: [1,1,2,3,4,5], logL: -14.292860, Exp of LogL: 0.000001, Normalized LogL: -0.752256, Exp of Normalized LogL: 0.471302, Best Rate: 0.3
Fault: [5,1,2,3,4,5], logL: -15.643661, Exp of LogL: 0.000000, Normalized LogL: -0.823351, Exp of Normalized LogL: 0.438958, Best Rate: 0.3
Fault: [0,1,2,3,4,5], logL: -15.823830, Exp of LogL: 0.000000, Normalized LogL: -0.832833, Exp of Normalized LogL: 0.434816, Best Rate: 0.3
Fault: [2,1,2,3,4,5], logL: -16.040630, Exp of LogL: 0.000000, Normalized LogL: -0.844244, Exp of Normalized LogL: 0.429882, Best Rate: 0.3

========= ADAPTIVE MC DEBUG =========
Total calls: 190
Avg tries: 150.00
Confidence stops: 190
Max stops: 0
Max stop rate: 0.000
Real Fault Rank 2
================= 22/08/2026 04:59:54: SEED 88 END =================
================= 22/08/2026 04:59:54: SEED 89 (86/100), a*=3 fault=[0,1,2,2,4,5] START =================
===== SEED 89 | FR=0.3 | VR=20 =====
executing with fault mode: [0,1,2,2,4,5]

Fault scores (higher is better):
Fault: [0,1,2,1,4,5], logL: -14.065763, Exp of LogL: 0.000001, Normalized LogL: -2.009395, Exp of Normalized LogL: 0.134070, Best Rate: 0.3
Fault: [0,1,2,5,4,5], logL: -14.110986, Exp of LogL: 0.000001, Normalized LogL: -2.015855, Exp of Normalized LogL: 0.133206, Best Rate: 0.3
Fault: [0,1,2,4,4,5], logL: -14.331416, Exp of LogL: 0.000001, Normalized LogL: -2.047345, Exp of Normalized LogL: 0.129077, Best Rate: 0.3
Fault: [0,1,2,3,4,5], logL: -14.916626, Exp of LogL: 0.000000, Normalized LogL: -2.130947, Exp of Normalized LogL: 0.118725, Best Rate: 0.3
Fault: [0,1,2,2,4,5], logL: -15.430353, Exp of LogL: 0.000000, Normalized LogL: -2.204336, Exp of Normalized LogL: 0.110324, Best Rate: 0.3
Fault: [0,1,2,0,4,5], logL: -15.491446, Exp of LogL: 0.000000, Normalized LogL: -2.213064, Exp of Normalized LogL: 0.109365, Best Rate: 0.3
Fault: [0,3,2,2,4,5], logL: -15.839599, Exp of LogL: 0.000000, Normalized LogL: -2.262800, Exp of Normalized LogL: 0.104059, Best Rate: 0.3
Fault: [0,4,2,2,4,5], logL: -15.886119, Exp of LogL: 0.000000, Normalized LogL: -2.269446, Exp of Normalized LogL: 0.103369, Best Rate: 0.3
Fault: [0,5,2,2,4,5], logL: -15.886119, Exp of LogL: 0.000000, Normalized LogL: -2.269446, Exp of Normalized LogL: 0.103369, Best Rate: 0.3
Fault: [0,0,2,2,4,5], logL: -16.327952, Exp of LogL: 0.000000, Normalized LogL: -2.332565, Exp of Normalized LogL: 0.097047, Best Rate: 0.3

========= ADAPTIVE MC DEBUG =========
Total calls: 70
Avg tries: 171.43
Confidence stops: 70
Max stops: 0
Max stop rate: 0.000
Real Fault Rank 5
===== SEED 89 | FR=0.3 | VR=40 =====
executing with fault mode: [0,1,2,2,4,5]

Fault scores (higher is better):
Fault: [0,1,2,1,4,5], logL: -17.885236, Exp of LogL: 0.000000, Normalized LogL: -1.375787, Exp of Normalized LogL: 0.252641, Best Rate: 0.3
Fault: [0,1,2,5,4,5], logL: -18.342199, Exp of LogL: 0.000000, Normalized LogL: -1.410938, Exp of Normalized LogL: 0.243914, Best Rate: 0.3
Fault: [0,1,2,4,4,5], logL: -18.457268, Exp of LogL: 0.000000, Normalized LogL: -1.419790, Exp of Normalized LogL: 0.241765, Best Rate: 0.3
Fault: [0,1,2,3,4,5], logL: -18.796375, Exp of LogL: 0.000000, Normalized LogL: -1.445875, Exp of Normalized LogL: 0.235540, Best Rate: 0.3
Fault: [0,1,2,0,4,5], logL: -19.481077, Exp of LogL: 0.000000, Normalized LogL: -1.498544, Exp of Normalized LogL: 0.223455, Best Rate: 0.3
Fault: [0,1,2,2,4,5], logL: -19.719835, Exp of LogL: 0.000000, Normalized LogL: -1.516910, Exp of Normalized LogL: 0.219389, Best Rate: 0.3
Fault: [0,3,2,2,4,5], logL: -19.956820, Exp of LogL: 0.000000, Normalized LogL: -1.535140, Exp of Normalized LogL: 0.215426, Best Rate: 0.3
Fault: [0,0,2,2,4,5], logL: -19.963813, Exp of LogL: 0.000000, Normalized LogL: -1.535678, Exp of Normalized LogL: 0.215310, Best Rate: 0.3
Fault: [0,4,2,2,4,5], logL: -20.032806, Exp of LogL: 0.000000, Normalized LogL: -1.540985, Exp of Normalized LogL: 0.214170, Best Rate: 0.3
Fault: [0,5,2,2,4,5], logL: -20.032806, Exp of LogL: 0.000000, Normalized LogL: -1.540985, Exp of Normalized LogL: 0.214170, Best Rate: 0.3

========= ADAPTIVE MC DEBUG =========
Total calls: 130
Avg tries: 153.85
Confidence stops: 130
Max stops: 0
Max stop rate: 0.000
Real Fault Rank 6
===== SEED 89 | FR=0.3 | VR=60 =====
executing with fault mode: [0,1,2,2,4,5]

Fault scores (higher is better):
Fault: [0,1,2,1,4,5], logL: -21.673313, Exp of LogL: 0.000000, Normalized LogL: -1.140701, Exp of Normalized LogL: 0.319595, Best Rate: 0.3
Fault: [0,1,2,5,4,5], logL: -22.045967, Exp of LogL: 0.000000, Normalized LogL: -1.160314, Exp of Normalized LogL: 0.313388, Best Rate: 0.3
Fault: [0,1,2,4,4,5], logL: -22.161037, Exp of LogL: 0.000000, Normalized LogL: -1.166370, Exp of Normalized LogL: 0.311496, Best Rate: 0.3
Fault: [0,1,2,3,4,5], logL: -22.694892, Exp of LogL: 0.000000, Normalized LogL: -1.194468, Exp of Normalized LogL: 0.302865, Best Rate: 0.3
Fault: [0,1,2,0,4,5], logL: -23.227424, Exp of LogL: 0.000000, Normalized LogL: -1.222496, Exp of Normalized LogL: 0.294494, Best Rate: 0.3
Fault: [0,1,2,2,4,5], logL: -23.423604, Exp of LogL: 0.000000, Normalized LogL: -1.232821, Exp of Normalized LogL: 0.291469, Best Rate: 0.3
Fault: [0,3,2,2,4,5], logL: -23.561387, Exp of LogL: 0.000000, Normalized LogL: -1.240073, Exp of Normalized LogL: 0.289363, Best Rate: 0.3
Fault: [0,0,2,2,4,5], logL: -23.694919, Exp of LogL: 0.000000, Normalized LogL: -1.247101, Exp of Normalized LogL: 0.287337, Best Rate: 0.3
Fault: [0,4,2,2,4,5], logL: -23.694919, Exp of LogL: 0.000000, Normalized LogL: -1.247101, Exp of Normalized LogL: 0.287337, Best Rate: 0.3
Fault: [0,5,2,2,4,5], logL: -23.694919, Exp of LogL: 0.000000, Normalized LogL: -1.247101, Exp of Normalized LogL: 0.287337, Best Rate: 0.3

========= ADAPTIVE MC DEBUG =========
Total calls: 190
Avg tries: 150.00
Confidence stops: 190
Max stops: 0
Max stop rate: 0.000
Real Fault Rank 6
===== SEED 89 | FR=0.3 | VR=80 =====
executing with fault mode: [0,1,2,2,4,5]

Fault scores (higher is better):
Fault: [0,1,2,1,4,5], logL: -26.895385, Exp of LogL: 0.000000, Normalized LogL: -1.075815, Exp of Normalized LogL: 0.341020, Best Rate: 0.3
Fault: [0,1,2,4,4,5], logL: -27.181994, Exp of LogL: 0.000000, Normalized LogL: -1.087280, Exp of Normalized LogL: 0.337132, Best Rate: 0.3
Fault: [0,1,2,3,4,5], logL: -27.933959, Exp of LogL: 0.000000, Normalized LogL: -1.117358, Exp of Normalized LogL: 0.327143, Best Rate: 0.3
Fault: [0,1,2,2,4,5], logL: -28.334674, Exp of LogL: 0.000000, Normalized LogL: -1.133387, Exp of Normalized LogL: 0.321941, Best Rate: 0.3
Fault: [0,3,2,2,4,5], logL: -28.472457, Exp of LogL: 0.000000, Normalized LogL: -1.138898, Exp of Normalized LogL: 0.320172, Best Rate: 0.3
Fault: [0,1,2,0,4,5], logL: -28.587658, Exp of LogL: 0.000000, Normalized LogL: -1.143506, Exp of Normalized LogL: 0.318700, Best Rate: 0.3
Fault: [0,0,2,2,4,5], logL: -28.605989, Exp of LogL: 0.000000, Normalized LogL: -1.144240, Exp of Normalized LogL: 0.318466, Best Rate: 0.3
Fault: [0,4,2,2,4,5], logL: -28.605989, Exp of LogL: 0.000000, Normalized LogL: -1.144240, Exp of Normalized LogL: 0.318466, Best Rate: 0.3
Fault: [0,5,2,2,4,5], logL: -28.605989, Exp of LogL: 0.000000, Normalized LogL: -1.144240, Exp of Normalized LogL: 0.318466, Best Rate: 0.3
Fault: [0,1,2,5,4,5], logL: -29.015551, Exp of LogL: 0.000000, Normalized LogL: -1.160622, Exp of Normalized LogL: 0.313291, Best Rate: 0.3

========= ADAPTIVE MC DEBUG =========
Total calls: 250
Avg tries: 150.00
Confidence stops: 250
Max stops: 0
Max stop rate: 0.000
Real Fault Rank 4
===== SEED 89 | FR=0.3 | VR=100 =====
executing with fault mode: [0,1,2,2,4,5]

Fault scores (higher is better):
Fault: [0,1,2,1,4,5], logL: -28.014268, Exp of LogL: 0.000000, Normalized LogL: -0.903686, Exp of Normalized LogL: 0.405074, Best Rate: 0.3
Fault: [0,1,2,4,4,5], logL: -28.314941, Exp of LogL: 0.000000, Normalized LogL: -0.913385, Exp of Normalized LogL: 0.401164, Best Rate: 0.3
Fault: [0,1,2,2,4,5], logL: -29.088131, Exp of LogL: 0.000000, Normalized LogL: -0.938327, Exp of Normalized LogL: 0.391282, Best Rate: 0.3
Fault: [0,1,2,3,4,5], logL: -29.120288, Exp of LogL: 0.000000, Normalized LogL: -0.939364, Exp of Normalized LogL: 0.390876, Best Rate: 0.3
Fault: [0,3,2,2,4,5], logL: -29.225914, Exp of LogL: 0.000000, Normalized LogL: -0.942771, Exp of Normalized LogL: 0.389547, Best Rate: 0.3
Fault: [0,0,2,2,4,5], logL: -29.359446, Exp of LogL: 0.000000, Normalized LogL: -0.947079, Exp of Normalized LogL: 0.387872, Best Rate: 0.3
Fault: [0,4,2,2,4,5], logL: -29.359446, Exp of LogL: 0.000000, Normalized LogL: -0.947079, Exp of Normalized LogL: 0.387872, Best Rate: 0.3
Fault: [0,5,2,2,4,5], logL: -29.359446, Exp of LogL: 0.000000, Normalized LogL: -0.947079, Exp of Normalized LogL: 0.387872, Best Rate: 0.3
Fault: [0,1,2,0,4,5], logL: -29.680500, Exp of LogL: 0.000000, Normalized LogL: -0.957435, Exp of Normalized LogL: 0.383876, Best Rate: 0.3
Fault: [0,1,2,5,4,5], logL: -30.953998, Exp of LogL: 0.000000, Normalized LogL: -0.998516, Exp of Normalized LogL: 0.368426, Best Rate: 0.3

========= ADAPTIVE MC DEBUG =========
Total calls: 310
Avg tries: 150.00
Confidence stops: 310
Max stops: 0
Max stop rate: 0.000
Real Fault Rank 3
================= 22/08/2026 05:00:19: SEED 89 END =================
================= 22/08/2026 05:00:19: SEED 90 (87/100), a*=1 fault=[0,0,2,3,4,5] START =================
===== SEED 90 | FR=0.3 | VR=20 =====
executing with fault mode: [0,0,2,3,4,5]

Fault scores (higher is better):
Fault: [0,3,2,3,4,5], logL: -6.475973, Exp of LogL: 0.001540, Normalized LogL: -1.618993, Exp of Normalized LogL: 0.198098, Best Rate: 0.3
Fault: [0,1,2,3,4,5], logL: -6.873470, Exp of LogL: 0.001035, Normalized LogL: -1.718367, Exp of Normalized LogL: 0.179359, Best Rate: 0.3
Fault: [0,0,2,3,0,5], logL: -7.446569, Exp of LogL: 0.000583, Normalized LogL: -1.861642, Exp of Normalized LogL: 0.155417, Best Rate: 0.3
Fault: [0,0,2,3,4,5], logL: -7.466372, Exp of LogL: 0.000572, Normalized LogL: -1.866593, Exp of Normalized LogL: 0.154650, Best Rate: 0.3
Fault: [0,0,2,3,3,5], logL: -7.605634, Exp of LogL: 0.000498, Normalized LogL: -1.901408, Exp of Normalized LogL: 0.149358, Best Rate: 0.3
Fault: [0,2,2,3,4,5], logL: -7.648693, Exp of LogL: 0.000477, Normalized LogL: -1.912173, Exp of Normalized LogL: 0.147759, Best Rate: 0.3
Fault: [0,5,2,3,4,5], logL: -7.771295, Exp of LogL: 0.000422, Normalized LogL: -1.942824, Exp of Normalized LogL: 0.143299, Best Rate: 0.3
Fault: [0,4,2,3,4,5], logL: -7.771295, Exp of LogL: 0.000422, Normalized LogL: -1.942824, Exp of Normalized LogL: 0.143299, Best Rate: 0.3
Fault: [0,0,2,3,5,5], logL: -7.794876, Exp of LogL: 0.000412, Normalized LogL: -1.948719, Exp of Normalized LogL: 0.142456, Best Rate: 0.3
Fault: [0,0,2,3,1,5], logL: -7.794876, Exp of LogL: 0.000412, Normalized LogL: -1.948719, Exp of Normalized LogL: 0.142456, Best Rate: 0.3

========= ADAPTIVE MC DEBUG =========
Total calls: 40
Avg tries: 175.00
Confidence stops: 40
Max stops: 0
Max stop rate: 0.000
Real Fault Rank 4
===== SEED 90 | FR=0.3 | VR=40 =====
executing with fault mode: [0,0,2,3,4,5]

Fault scores (higher is better):
Fault: [0,3,2,3,4,5], logL: -7.268529, Exp of LogL: 0.000697, Normalized LogL: -0.908566, Exp of Normalized LogL: 0.403102, Best Rate: 0.3
Fault: [0,0,2,3,4,5], logL: -7.974738, Exp of LogL: 0.000344, Normalized LogL: -0.996842, Exp of Normalized LogL: 0.369043, Best Rate: 0.3
Fault: [0,2,2,3,4,5], logL: -8.015743, Exp of LogL: 0.000330, Normalized LogL: -1.001968, Exp of Normalized LogL: 0.367156, Best Rate: 0.3
Fault: [0,5,2,3,4,5], logL: -8.142495, Exp of LogL: 0.000291, Normalized LogL: -1.017812, Exp of Normalized LogL: 0.361385, Best Rate: 0.3
Fault: [0,4,2,3,4,5], logL: -8.142495, Exp of LogL: 0.000291, Normalized LogL: -1.017812, Exp of Normalized LogL: 0.361385, Best Rate: 0.3
Fault: [0,1,2,3,4,5], logL: -8.151297, Exp of LogL: 0.000288, Normalized LogL: -1.018912, Exp of Normalized LogL: 0.360987, Best Rate: 0.3
Fault: [0,0,2,3,0,5], logL: -8.199506, Exp of LogL: 0.000275, Normalized LogL: -1.024938, Exp of Normalized LogL: 0.358819, Best Rate: 0.3
Fault: [0,0,2,3,3,5], logL: -8.227677, Exp of LogL: 0.000267, Normalized LogL: -1.028460, Exp of Normalized LogL: 0.357557, Best Rate: 0.3
Fault: [0,0,2,3,5,5], logL: -8.286518, Exp of LogL: 0.000252, Normalized LogL: -1.035815, Exp of Normalized LogL: 0.354937, Best Rate: 0.3
Fault: [0,0,2,3,1,5], logL: -8.286518, Exp of LogL: 0.000252, Normalized LogL: -1.035815, Exp of Normalized LogL: 0.354937, Best Rate: 0.3

========= ADAPTIVE MC DEBUG =========
Total calls: 80
Avg tries: 150.00
Confidence stops: 80
Max stops: 0
Max stop rate: 0.000
Real Fault Rank 2
===== SEED 90 | FR=0.3 | VR=60 =====
executing with fault mode: [0,0,2,3,4,5]

Fault scores (higher is better):
Fault: [0,3,2,3,4,5], logL: -10.440137, Exp of LogL: 0.000029, Normalized LogL: -0.870011, Exp of Normalized LogL: 0.418947, Best Rate: 0.3
Fault: [0,1,2,3,4,5], logL: -11.240667, Exp of LogL: 0.000013, Normalized LogL: -0.936722, Exp of Normalized LogL: 0.391910, Best Rate: 0.3
Fault: [0,2,2,3,4,5], logL: -11.287435, Exp of LogL: 0.000013, Normalized LogL: -0.940620, Exp of Normalized LogL: 0.390386, Best Rate: 0.3
Fault: [0,5,2,3,4,5], logL: -11.287435, Exp of LogL: 0.000013, Normalized LogL: -0.940620, Exp of Normalized LogL: 0.390386, Best Rate: 0.3
Fault: [0,4,2,3,4,5], logL: -11.287435, Exp of LogL: 0.000013, Normalized LogL: -0.940620, Exp of Normalized LogL: 0.390386, Best Rate: 0.3
Fault: [0,0,2,3,4,5], logL: -11.440586, Exp of LogL: 0.000011, Normalized LogL: -0.953382, Exp of Normalized LogL: 0.385435, Best Rate: 0.3
Fault: [0,0,2,3,0,5], logL: -11.637826, Exp of LogL: 0.000009, Normalized LogL: -0.969819, Exp of Normalized LogL: 0.379152, Best Rate: 0.3
Fault: [0,0,2,3,3,5], logL: -11.665997, Exp of LogL: 0.000009, Normalized LogL: -0.972166, Exp of Normalized LogL: 0.378263, Best Rate: 0.3
Fault: [0,0,2,3,5,5], logL: -11.724838, Exp of LogL: 0.000008, Normalized LogL: -0.977070, Exp of Normalized LogL: 0.376412, Best Rate: 0.3
Fault: [0,0,2,3,1,5], logL: -11.724838, Exp of LogL: 0.000008, Normalized LogL: -0.977070, Exp of Normalized LogL: 0.376412, Best Rate: 0.3

========= ADAPTIVE MC DEBUG =========
Total calls: 120
Avg tries: 150.00
Confidence stops: 120
Max stops: 0
Max stop rate: 0.000
Real Fault Rank 6
===== SEED 90 | FR=0.3 | VR=80 =====
executing with fault mode: [0,0,2,3,4,5]

Fault scores (higher is better):
Fault: [0,3,2,3,4,5], logL: -12.496402, Exp of LogL: 0.000004, Normalized LogL: -0.781025, Exp of Normalized LogL: 0.457936, Best Rate: 0.3
Fault: [0,2,2,3,4,5], logL: -13.284859, Exp of LogL: 0.000002, Normalized LogL: -0.830304, Exp of Normalized LogL: 0.435917, Best Rate: 0.3
Fault: [0,5,2,3,4,5], logL: -13.284859, Exp of LogL: 0.000002, Normalized LogL: -0.830304, Exp of Normalized LogL: 0.435917, Best Rate: 0.3
Fault: [0,4,2,3,4,5], logL: -13.284859, Exp of LogL: 0.000002, Normalized LogL: -0.830304, Exp of Normalized LogL: 0.435917, Best Rate: 0.3
Fault: [0,0,2,3,4,5], logL: -13.438011, Exp of LogL: 0.000001, Normalized LogL: -0.839876, Exp of Normalized LogL: 0.431764, Best Rate: 0.3
Fault: [0,1,2,3,4,5], logL: -13.602314, Exp of LogL: 0.000001, Normalized LogL: -0.850145, Exp of Normalized LogL: 0.427353, Best Rate: 0.3
Fault: [0,0,2,3,0,5], logL: -13.635251, Exp of LogL: 0.000001, Normalized LogL: -0.852203, Exp of Normalized LogL: 0.426474, Best Rate: 0.3
Fault: [0,0,2,3,3,5], logL: -13.663422, Exp of LogL: 0.000001, Normalized LogL: -0.853964, Exp of Normalized LogL: 0.425724, Best Rate: 0.3
Fault: [0,0,2,3,5,5], logL: -13.722262, Exp of LogL: 0.000001, Normalized LogL: -0.857641, Exp of Normalized LogL: 0.424161, Best Rate: 0.3
Fault: [0,0,2,3,1,5], logL: -13.722262, Exp of LogL: 0.000001, Normalized LogL: -0.857641, Exp of Normalized LogL: 0.424161, Best Rate: 0.3

========= ADAPTIVE MC DEBUG =========
Total calls: 160
Avg tries: 150.00
Confidence stops: 160
Max stops: 0
Max stop rate: 0.000
Real Fault Rank 5
===== SEED 90 | FR=0.3 | VR=100 =====
executing with fault mode: [0,0,2,3,4,5]

Fault scores (higher is better):
Fault: [0,0,2,3,4,5], logL: -15.132744, Exp of LogL: 0.000000, Normalized LogL: -0.756637, Exp of Normalized LogL: 0.469242, Best Rate: 0.3
Fault: [0,0,2,3,0,5], logL: -15.498988, Exp of LogL: 0.000000, Normalized LogL: -0.774949, Exp of Normalized LogL: 0.460727, Best Rate: 0.3
Fault: [0,0,2,3,5,5], logL: -15.498988, Exp of LogL: 0.000000, Normalized LogL: -0.774949, Exp of Normalized LogL: 0.460727, Best Rate: 0.3
Fault: [0,0,2,3,1,5], logL: -15.498988, Exp of LogL: 0.000000, Normalized LogL: -0.774949, Exp of Normalized LogL: 0.460727, Best Rate: 0.3
Fault: [0,0,2,3,3,5], logL: -15.498988, Exp of LogL: 0.000000, Normalized LogL: -0.774949, Exp of Normalized LogL: 0.460727, Best Rate: 0.3
Fault: [0,3,2,3,4,5], logL: -15.591861, Exp of LogL: 0.000000, Normalized LogL: -0.779593, Exp of Normalized LogL: 0.458593, Best Rate: 0.3
Fault: [0,1,2,3,4,5], logL: -40.318573, Exp of LogL: 0.000000, Normalized LogL: -2.015929, Exp of Normalized LogL: 0.133197, Best Rate: 0.3
Fault: [0,2,2,3,4,5], logL: -41.512002, Exp of LogL: 0.000000, Normalized LogL: -2.075600, Exp of Normalized LogL: 0.125481, Best Rate: 0.3
Fault: [0,5,2,3,4,5], logL: -41.512002, Exp of LogL: 0.000000, Normalized LogL: -2.075600, Exp of Normalized LogL: 0.125481, Best Rate: 0.3
Fault: [0,4,2,3,4,5], logL: -41.512002, Exp of LogL: 0.000000, Normalized LogL: -2.075600, Exp of Normalized LogL: 0.125481, Best Rate: 0.3

========= ADAPTIVE MC DEBUG =========
Total calls: 200
Avg tries: 150.00
Confidence stops: 200
Max stops: 0
Max stop rate: 0.000
Real Fault Rank 1
================= 22/08/2026 05:00:35: SEED 90 END =================
================= 22/08/2026 05:00:35: SEED 91 (88/100), a*=2 fault=[0,1,1,3,4,5] START =================
===== SEED 91 | FR=0.3 | VR=20 =====
executing with fault mode: [0,1,1,3,4,5]

Fault scores (higher is better):
Fault: [0,1,2,3,4,5], logL: -6.140503, Exp of LogL: 0.002154, Normalized LogL: -1.228101, Exp of Normalized LogL: 0.292848, Best Rate: 0.3
Fault: [0,1,1,3,4,5], logL: -6.600035, Exp of LogL: 0.001360, Normalized LogL: -1.320007, Exp of Normalized LogL: 0.267133, Best Rate: 0.3
Fault: [0,1,4,3,4,5], logL: -6.687047, Exp of LogL: 0.001247, Normalized LogL: -1.337409, Exp of Normalized LogL: 0.262525, Best Rate: 0.3
Fault: [0,1,5,3,4,5], logL: -6.687047, Exp of LogL: 0.001247, Normalized LogL: -1.337409, Exp of Normalized LogL: 0.262525, Best Rate: 0.3
Fault: [0,1,1,3,1,5], logL: -6.687047, Exp of LogL: 0.001247, Normalized LogL: -1.337409, Exp of Normalized LogL: 0.262525, Best Rate: 0.3
Fault: [0,1,1,3,5,5], logL: -6.687047, Exp of LogL: 0.001247, Normalized LogL: -1.337409, Exp of Normalized LogL: 0.262525, Best Rate: 0.3
Fault: [0,1,1,3,2,5], logL: -6.687047, Exp of LogL: 0.001247, Normalized LogL: -1.337409, Exp of Normalized LogL: 0.262525, Best Rate: 0.3
Fault: [0,1,1,3,0,5], logL: -6.782357, Exp of LogL: 0.001134, Normalized LogL: -1.356471, Exp of Normalized LogL: 0.257568, Best Rate: 0.3
Fault: [0,1,0,3,4,5], logL: -7.139032, Exp of LogL: 0.000794, Normalized LogL: -1.427806, Exp of Normalized LogL: 0.239834, Best Rate: 0.3
Fault: [0,1,3,3,4,5], logL: -7.475504, Exp of LogL: 0.000567, Normalized LogL: -1.495101, Exp of Normalized LogL: 0.224226, Best Rate: 0.3

========= ADAPTIVE MC DEBUG =========
Total calls: 50
Avg tries: 170.00
Confidence stops: 50
Max stops: 0
Max stop rate: 0.000
Real Fault Rank 2
===== SEED 91 | FR=0.3 | VR=40 =====
executing with fault mode: [0,1,1,3,4,5]

Fault scores (higher is better):
Fault: [0,1,2,3,4,5], logL: -34.364478, Exp of LogL: 0.000000, Normalized LogL: -3.818275, Exp of Normalized LogL: 0.021966, Best Rate: 0.3
Fault: [0,1,1,3,4,5], logL: -34.964099, Exp of LogL: 0.000000, Normalized LogL: -3.884900, Exp of Normalized LogL: 0.020550, Best Rate: 0.3
Fault: [0,1,1,3,0,5], logL: -35.077428, Exp of LogL: 0.000000, Normalized LogL: -3.897492, Exp of Normalized LogL: 0.020293, Best Rate: 0.3
Fault: [0,1,1,3,1,5], logL: -35.077428, Exp of LogL: 0.000000, Normalized LogL: -3.897492, Exp of Normalized LogL: 0.020293, Best Rate: 0.3
Fault: [0,1,1,3,5,5], logL: -35.077428, Exp of LogL: 0.000000, Normalized LogL: -3.897492, Exp of Normalized LogL: 0.020293, Best Rate: 0.3
Fault: [0,1,1,3,2,5], logL: -35.077428, Exp of LogL: 0.000000, Normalized LogL: -3.897492, Exp of Normalized LogL: 0.020293, Best Rate: 0.3
Fault: [0,1,0,3,4,5], logL: -35.657246, Exp of LogL: 0.000000, Normalized LogL: -3.961916, Exp of Normalized LogL: 0.019027, Best Rate: 0.3
Fault: [0,1,3,3,4,5], logL: -35.811397, Exp of LogL: 0.000000, Normalized LogL: -3.979044, Exp of Normalized LogL: 0.018704, Best Rate: 0.3
Fault: [0,1,4,3,4,5], logL: -36.099079, Exp of LogL: 0.000000, Normalized LogL: -4.011009, Exp of Normalized LogL: 0.018115, Best Rate: 0.3
Fault: [0,1,5,3,4,5], logL: -36.099079, Exp of LogL: 0.000000, Normalized LogL: -4.011009, Exp of Normalized LogL: 0.018115, Best Rate: 0.3

========= ADAPTIVE MC DEBUG =========
Total calls: 90
Avg tries: 155.56
Confidence stops: 90
Max stops: 0
Max stop rate: 0.000
Real Fault Rank 2
===== SEED 91 | FR=0.3 | VR=60 =====
executing with fault mode: [0,1,1,3,4,5]

Fault scores (higher is better):
Fault: [0,1,2,3,4,5], logL: -13.218048, Exp of LogL: 0.000002, Normalized LogL: -1.016773, Exp of Normalized LogL: 0.361760, Best Rate: 0.3
Fault: [0,1,1,3,4,5], logL: -13.928587, Exp of LogL: 0.000001, Normalized LogL: -1.071430, Exp of Normalized LogL: 0.342518, Best Rate: 0.3
Fault: [0,1,1,3,0,5], logL: -14.308077, Exp of LogL: 0.000001, Normalized LogL: -1.100621, Exp of Normalized LogL: 0.332664, Best Rate: 0.3
Fault: [0,1,1,3,1,5], logL: -14.308077, Exp of LogL: 0.000001, Normalized LogL: -1.100621, Exp of Normalized LogL: 0.332664, Best Rate: 0.3
Fault: [0,1,1,3,5,5], logL: -14.308077, Exp of LogL: 0.000001, Normalized LogL: -1.100621, Exp of Normalized LogL: 0.332664, Best Rate: 0.3
Fault: [0,1,1,3,2,5], logL: -14.308077, Exp of LogL: 0.000001, Normalized LogL: -1.100621, Exp of Normalized LogL: 0.332664, Best Rate: 0.3
Fault: [0,1,0,3,4,5], logL: -14.309557, Exp of LogL: 0.000001, Normalized LogL: -1.100735, Exp of Normalized LogL: 0.332626, Best Rate: 0.3
Fault: [0,1,3,3,4,5], logL: -14.574295, Exp of LogL: 0.000000, Normalized LogL: -1.121100, Exp of Normalized LogL: 0.325921, Best Rate: 0.3
Fault: [0,1,4,3,4,5], logL: -14.623085, Exp of LogL: 0.000000, Normalized LogL: -1.124853, Exp of Normalized LogL: 0.324700, Best Rate: 0.3
Fault: [0,1,5,3,4,5], logL: -14.623085, Exp of LogL: 0.000000, Normalized LogL: -1.124853, Exp of Normalized LogL: 0.324700, Best Rate: 0.3

========= ADAPTIVE MC DEBUG =========
Total calls: 130
Avg tries: 150.00
Confidence stops: 130
Max stops: 0
Max stop rate: 0.000
Real Fault Rank 2
===== SEED 91 | FR=0.3 | VR=80 =====
executing with fault mode: [0,1,1,3,4,5]

Fault scores (higher is better):
Fault: [0,1,1,3,4,5], logL: -15.881285, Exp of LogL: 0.000000, Normalized LogL: -0.934193, Exp of Normalized LogL: 0.392903, Best Rate: 0.3
Fault: [0,1,2,3,4,5], logL: -16.070055, Exp of LogL: 0.000000, Normalized LogL: -0.945297, Exp of Normalized LogL: 0.388564, Best Rate: 0.3
Fault: [0,1,1,3,0,5], logL: -16.257191, Exp of LogL: 0.000000, Normalized LogL: -0.956305, Exp of Normalized LogL: 0.384310, Best Rate: 0.3
Fault: [0,1,1,3,1,5], logL: -16.257191, Exp of LogL: 0.000000, Normalized LogL: -0.956305, Exp of Normalized LogL: 0.384310, Best Rate: 0.3
Fault: [0,1,1,3,5,5], logL: -16.257191, Exp of LogL: 0.000000, Normalized LogL: -0.956305, Exp of Normalized LogL: 0.384310, Best Rate: 0.3
Fault: [0,1,1,3,2,5], logL: -16.257191, Exp of LogL: 0.000000, Normalized LogL: -0.956305, Exp of Normalized LogL: 0.384310, Best Rate: 0.3
Fault: [0,1,3,3,4,5], logL: -17.656695, Exp of LogL: 0.000000, Normalized LogL: -1.038629, Exp of Normalized LogL: 0.353940, Best Rate: 0.3
Fault: [0,1,0,3,4,5], logL: -17.740664, Exp of LogL: 0.000000, Normalized LogL: -1.043568, Exp of Normalized LogL: 0.352196, Best Rate: 0.3
Fault: [0,1,4,3,4,5], logL: -17.879838, Exp of LogL: 0.000000, Normalized LogL: -1.051755, Exp of Normalized LogL: 0.349324, Best Rate: 0.3
Fault: [0,1,5,3,4,5], logL: -17.879838, Exp of LogL: 0.000000, Normalized LogL: -1.051755, Exp of Normalized LogL: 0.349324, Best Rate: 0.3

========= ADAPTIVE MC DEBUG =========
Total calls: 170
Avg tries: 150.00
Confidence stops: 170
Max stops: 0
Max stop rate: 0.000
Real Fault Rank 1
===== SEED 91 | FR=0.3 | VR=100 =====
executing with fault mode: [0,1,1,3,4,5]

Fault scores (higher is better):
Fault: [0,1,2,3,4,5], logL: -16.384456, Exp of LogL: 0.000000, Normalized LogL: -0.744748, Exp of Normalized LogL: 0.474854, Best Rate: 0.3
Fault: [0,1,1,3,4,5], logL: -16.408318, Exp of LogL: 0.000000, Normalized LogL: -0.745833, Exp of Normalized LogL: 0.474339, Best Rate: 0.3
Fault: [0,1,1,3,0,5], logL: -16.784224, Exp of LogL: 0.000000, Normalized LogL: -0.762919, Exp of Normalized LogL: 0.466303, Best Rate: 0.3
Fault: [0,1,1,3,1,5], logL: -16.784224, Exp of LogL: 0.000000, Normalized LogL: -0.762919, Exp of Normalized LogL: 0.466303, Best Rate: 0.3
Fault: [0,1,1,3,5,5], logL: -16.784224, Exp of LogL: 0.000000, Normalized LogL: -0.762919, Exp of Normalized LogL: 0.466303, Best Rate: 0.3
Fault: [0,1,1,3,2,5], logL: -16.784224, Exp of LogL: 0.000000, Normalized LogL: -0.762919, Exp of Normalized LogL: 0.466303, Best Rate: 0.3
Fault: [0,1,3,3,4,5], logL: -17.704155, Exp of LogL: 0.000000, Normalized LogL: -0.804734, Exp of Normalized LogL: 0.447207, Best Rate: 0.3
Fault: [0,1,0,3,4,5], logL: -17.758876, Exp of LogL: 0.000000, Normalized LogL: -0.807222, Exp of Normalized LogL: 0.446096, Best Rate: 0.3
Fault: [0,1,4,3,4,5], logL: -18.014310, Exp of LogL: 0.000000, Normalized LogL: -0.818832, Exp of Normalized LogL: 0.440946, Best Rate: 0.3
Fault: [0,1,5,3,4,5], logL: -18.014310, Exp of LogL: 0.000000, Normalized LogL: -0.818832, Exp of Normalized LogL: 0.440946, Best Rate: 0.3

========= ADAPTIVE MC DEBUG =========
Total calls: 220
Avg tries: 150.00
Confidence stops: 220
Max stops: 0
Max stop rate: 0.000
Real Fault Rank 2
================= 22/08/2026 05:00:53: SEED 91 END =================
================= 22/08/2026 05:00:53: SEED 92 (89/100), a*=2 fault=[0,1,0,3,4,5] START =================
===== SEED 92 | FR=0.3 | VR=20 =====
executing with fault mode: [0,1,0,3,4,5]

executing with fault mode: [0,1,0,3,4,5]

Fault scores (higher is better):
Fault: [0,1,4,3,4,5], logL: -2.907803, Exp of LogL: 0.054596, Normalized LogL: -0.969268, Exp of Normalized LogL: 0.379361, Best Rate: 0.3
Fault: [0,1,5,3,4,5], logL: -2.907803, Exp of LogL: 0.054596, Normalized LogL: -0.969268, Exp of Normalized LogL: 0.379361, Best Rate: 0.3
Fault: [0,1,0,4,4,5], logL: -3.024109, Exp of LogL: 0.048601, Normalized LogL: -1.008036, Exp of Normalized LogL: 0.364935, Best Rate: 0.3
Fault: [0,1,0,5,4,5], logL: -3.024109, Exp of LogL: 0.048601, Normalized LogL: -1.008036, Exp of Normalized LogL: 0.364935, Best Rate: 0.3
Fault: [0,1,0,2,4,5], logL: -3.024109, Exp of LogL: 0.048601, Normalized LogL: -1.008036, Exp of Normalized LogL: 0.364935, Best Rate: 0.3
Fault: [0,1,3,3,4,5], logL: -3.299845, Exp of LogL: 0.036889, Normalized LogL: -1.099948, Exp of Normalized LogL: 0.332888, Best Rate: 0.3
Fault: [0,1,0,0,4,5], logL: -3.322602, Exp of LogL: 0.036059, Normalized LogL: -1.107534, Exp of Normalized LogL: 0.330373, Best Rate: 0.3
Fault: [0,1,2,3,4,5], logL: -3.365985, Exp of LogL: 0.034528, Normalized LogL: -1.121995, Exp of Normalized LogL: 0.325630, Best Rate: 0.3
Fault: [0,1,0,3,4,5], logL: -3.413574, Exp of LogL: 0.032923, Normalized LogL: -1.137858, Exp of Normalized LogL: 0.320505, Best Rate: 0.3
Fault: [0,1,1,3,4,5], logL: -3.478972, Exp of LogL: 0.030839, Normalized LogL: -1.159657, Exp of Normalized LogL: 0.313594, Best Rate: 0.3

========= ADAPTIVE MC DEBUG =========
Total calls: 30
Avg tries: 166.67
Confidence stops: 30
Max stops: 0
Max stop rate: 0.000
Real Fault Rank 9
===== SEED 92 | FR=0.3 | VR=40 =====
executing with fault mode: [0,1,0,3,4,5]

executing with fault mode: [0,1,0,3,4,5]

Fault scores (higher is better):
Fault: [0,1,4,3,4,5], logL: -4.233466, Exp of LogL: 0.014502, Normalized LogL: -0.846693, Exp of Normalized LogL: 0.428831, Best Rate: 0.3
Fault: [0,1,5,3,4,5], logL: -4.233466, Exp of LogL: 0.014502, Normalized LogL: -0.846693, Exp of Normalized LogL: 0.428831, Best Rate: 0.3
Fault: [0,1,2,3,4,5], logL: -4.355061, Exp of LogL: 0.012842, Normalized LogL: -0.871012, Exp of Normalized LogL: 0.418528, Best Rate: 0.3
Fault: [0,1,0,4,4,5], logL: -4.399615, Exp of LogL: 0.012282, Normalized LogL: -0.879923, Exp of Normalized LogL: 0.414815, Best Rate: 0.3
Fault: [0,1,0,5,4,5], logL: -4.399615, Exp of LogL: 0.012282, Normalized LogL: -0.879923, Exp of Normalized LogL: 0.414815, Best Rate: 0.3
Fault: [0,1,0,2,4,5], logL: -4.399615, Exp of LogL: 0.012282, Normalized LogL: -0.879923, Exp of Normalized LogL: 0.414815, Best Rate: 0.3
Fault: [0,1,0,3,4,5], logL: -4.657444, Exp of LogL: 0.009491, Normalized LogL: -0.931489, Exp of Normalized LogL: 0.393967, Best Rate: 0.3
Fault: [0,1,0,0,4,5], logL: -4.718069, Exp of LogL: 0.008932, Normalized LogL: -0.943614, Exp of Normalized LogL: 0.389219, Best Rate: 0.3
Fault: [0,1,1,3,4,5], logL: -4.891023, Exp of LogL: 0.007514, Normalized LogL: -0.978205, Exp of Normalized LogL: 0.375986, Best Rate: 0.3
Fault: [0,1,3,3,4,5], logL: -4.968314, Exp of LogL: 0.006955, Normalized LogL: -0.993663, Exp of Normalized LogL: 0.370218, Best Rate: 0.3

========= ADAPTIVE MC DEBUG =========
Total calls: 50
Avg tries: 160.00
Confidence stops: 50
Max stops: 0
Max stop rate: 0.000
Real Fault Rank 7
===== SEED 92 | FR=0.3 | VR=60 =====
executing with fault mode: [0,1,0,3,4,5]

executing with fault mode: [0,1,0,3,4,5]

Fault scores (higher is better):
Fault: [0,1,2,3,4,5], logL: -4.866264, Exp of LogL: 0.007702, Normalized LogL: -0.695181, Exp of Normalized LogL: 0.498984, Best Rate: 0.3
Fault: [0,1,0,4,4,5], logL: -5.064636, Exp of LogL: 0.006316, Normalized LogL: -0.723519, Exp of Normalized LogL: 0.485042, Best Rate: 0.3
Fault: [0,1,0,5,4,5], logL: -5.064636, Exp of LogL: 0.006316, Normalized LogL: -0.723519, Exp of Normalized LogL: 0.485042, Best Rate: 0.3
Fault: [0,1,0,2,4,5], logL: -5.064636, Exp of LogL: 0.006316, Normalized LogL: -0.723519, Exp of Normalized LogL: 0.485042, Best Rate: 0.3
Fault: [0,1,0,3,4,5], logL: -5.299476, Exp of LogL: 0.004994, Normalized LogL: -0.757068, Exp of Normalized LogL: 0.469040, Best Rate: 0.3
Fault: [0,1,1,3,4,5], logL: -5.487934, Exp of LogL: 0.004136, Normalized LogL: -0.783991, Exp of Normalized LogL: 0.456580, Best Rate: 0.3
Fault: [0,1,0,0,4,5], logL: -5.734794, Exp of LogL: 0.003232, Normalized LogL: -0.819256, Exp of Normalized LogL: 0.440759, Best Rate: 0.3
Fault: [0,1,3,3,4,5], logL: -5.809232, Exp of LogL: 0.003000, Normalized LogL: -0.829890, Exp of Normalized LogL: 0.436097, Best Rate: 0.3
Fault: [0,1,4,3,4,5], logL: -5.931835, Exp of LogL: 0.002654, Normalized LogL: -0.847405, Exp of Normalized LogL: 0.428526, Best Rate: 0.3
Fault: [0,1,5,3,4,5], logL: -5.931835, Exp of LogL: 0.002654, Normalized LogL: -0.847405, Exp of Normalized LogL: 0.428526, Best Rate: 0.3

========= ADAPTIVE MC DEBUG =========
Total calls: 70
Avg tries: 150.00
Confidence stops: 70
Max stops: 0
Max stop rate: 0.000
Real Fault Rank 5
===== SEED 92 | FR=0.3 | VR=80 =====
executing with fault mode: [0,1,0,3,4,5]

executing with fault mode: [0,1,0,3,4,5]

Fault scores (higher is better):
Fault: [0,1,2,3,4,5], logL: -4.910895, Exp of LogL: 0.007366, Normalized LogL: -0.545655, Exp of Normalized LogL: 0.579462, Best Rate: 0.3
Fault: [0,1,0,4,4,5], logL: -5.352383, Exp of LogL: 0.004737, Normalized LogL: -0.594709, Exp of Normalized LogL: 0.551723, Best Rate: 0.3
Fault: [0,1,0,5,4,5], logL: -5.352383, Exp of LogL: 0.004737, Normalized LogL: -0.594709, Exp of Normalized LogL: 0.551723, Best Rate: 0.3
Fault: [0,1,0,2,4,5], logL: -5.352383, Exp of LogL: 0.004737, Normalized LogL: -0.594709, Exp of Normalized LogL: 0.551723, Best Rate: 0.3
Fault: [0,1,1,3,4,5], logL: -5.540561, Exp of LogL: 0.003924, Normalized LogL: -0.615618, Exp of Normalized LogL: 0.540307, Best Rate: 0.3
Fault: [0,1,0,3,4,5], logL: -5.587223, Exp of LogL: 0.003745, Normalized LogL: -0.620803, Exp of Normalized LogL: 0.537513, Best Rate: 0.3
Fault: [0,1,3,3,4,5], logL: -5.872780, Exp of LogL: 0.002815, Normalized LogL: -0.652531, Exp of Normalized LogL: 0.520726, Best Rate: 0.3
Fault: [0,1,4,3,4,5], logL: -5.995382, Exp of LogL: 0.002490, Normalized LogL: -0.666154, Exp of Normalized LogL: 0.513681, Best Rate: 0.3
Fault: [0,1,5,3,4,5], logL: -5.995382, Exp of LogL: 0.002490, Normalized LogL: -0.666154, Exp of Normalized LogL: 0.513681, Best Rate: 0.3
Fault: [0,1,0,0,4,5], logL: -6.022541, Exp of LogL: 0.002424, Normalized LogL: -0.669171, Exp of Normalized LogL: 0.512133, Best Rate: 0.3

========= ADAPTIVE MC DEBUG =========
Total calls: 90
Avg tries: 150.00
Confidence stops: 90
Max stops: 0
Max stop rate: 0.000
Real Fault Rank 6
===== SEED 92 | FR=0.3 | VR=100 =====
executing with fault mode: [0,1,0,3,4,5]

executing with fault mode: [0,1,0,3,4,5]

Fault scores (higher is better):
Fault: [0,1,2,3,4,5], logL: -6.671022, Exp of LogL: 0.001267, Normalized LogL: -0.555918, Exp of Normalized LogL: 0.573545, Best Rate: 0.3
Fault: [0,1,0,3,4,5], logL: -6.811388, Exp of LogL: 0.001101, Normalized LogL: -0.567616, Exp of Normalized LogL: 0.566875, Best Rate: 0.3
Fault: [0,1,0,0,4,5], logL: -7.049474, Exp of LogL: 0.000868, Normalized LogL: -0.587456, Exp of Normalized LogL: 0.555739, Best Rate: 0.3
Fault: [0,1,0,4,4,5], logL: -7.127726, Exp of LogL: 0.000803, Normalized LogL: -0.593977, Exp of Normalized LogL: 0.552127, Best Rate: 0.3
Fault: [0,1,0,5,4,5], logL: -7.127726, Exp of LogL: 0.000803, Normalized LogL: -0.593977, Exp of Normalized LogL: 0.552127, Best Rate: 0.3
Fault: [0,1,0,2,4,5], logL: -7.127726, Exp of LogL: 0.000803, Normalized LogL: -0.593977, Exp of Normalized LogL: 0.552127, Best Rate: 0.3
Fault: [0,1,3,3,4,5], logL: -7.520429, Exp of LogL: 0.000542, Normalized LogL: -0.626702, Exp of Normalized LogL: 0.534351, Best Rate: 0.3
Fault: [0,1,1,3,4,5], logL: -7.729808, Exp of LogL: 0.000440, Normalized LogL: -0.644151, Exp of Normalized LogL: 0.525108, Best Rate: 0.3
Fault: [0,1,4,3,4,5], logL: -8.005937, Exp of LogL: 0.000333, Normalized LogL: -0.667161, Exp of Normalized LogL: 0.513163, Best Rate: 0.3
Fault: [0,1,5,3,4,5], logL: -8.005937, Exp of LogL: 0.000333, Normalized LogL: -0.667161, Exp of Normalized LogL: 0.513163, Best Rate: 0.3

========= ADAPTIVE MC DEBUG =========
Total calls: 120
Avg tries: 150.00
Confidence stops: 120
Max stops: 0
Max stop rate: 0.000
Real Fault Rank 2
================= 22/08/2026 05:01:03: SEED 92 END =================
================= 22/08/2026 05:01:03: SEED 93 (90/100), a*=2 fault=[0,1,1,3,4,5] START =================
===== SEED 93 | FR=0.3 | VR=20 =====
executing with fault mode: [0,1,1,3,4,5]

Fault scores (higher is better):
Fault: [0,1,0,3,4,5], logL: -9.920645, Exp of LogL: 0.000049, Normalized LogL: -1.653441, Exp of Normalized LogL: 0.191390, Best Rate: 0.3
Fault: [0,1,1,3,0,5], logL: -9.935243, Exp of LogL: 0.000048, Normalized LogL: -1.655874, Exp of Normalized LogL: 0.190925, Best Rate: 0.3
Fault: [0,1,1,3,5,5], logL: -9.935243, Exp of LogL: 0.000048, Normalized LogL: -1.655874, Exp of Normalized LogL: 0.190925, Best Rate: 0.3
Fault: [0,1,2,3,4,5], logL: -10.148428, Exp of LogL: 0.000039, Normalized LogL: -1.691405, Exp of Normalized LogL: 0.184261, Best Rate: 0.3
Fault: [0,1,1,3,1,5], logL: -10.158387, Exp of LogL: 0.000039, Normalized LogL: -1.693064, Exp of Normalized LogL: 0.183955, Best Rate: 0.3
Fault: [0,1,1,3,2,5], logL: -10.200947, Exp of LogL: 0.000037, Normalized LogL: -1.700158, Exp of Normalized LogL: 0.182655, Best Rate: 0.3
Fault: [0,1,1,3,4,5], logL: -10.200947, Exp of LogL: 0.000037, Normalized LogL: -1.700158, Exp of Normalized LogL: 0.182655, Best Rate: 0.3
Fault: [0,1,5,3,4,5], logL: -10.308868, Exp of LogL: 0.000033, Normalized LogL: -1.718145, Exp of Normalized LogL: 0.179399, Best Rate: 0.3
Fault: [0,1,4,3,4,5], logL: -10.308868, Exp of LogL: 0.000033, Normalized LogL: -1.718145, Exp of Normalized LogL: 0.179399, Best Rate: 0.3
Fault: [0,1,3,3,4,5], logL: -10.495186, Exp of LogL: 0.000028, Normalized LogL: -1.749198, Exp of Normalized LogL: 0.173913, Best Rate: 0.3

========= ADAPTIVE MC DEBUG =========
Total calls: 60
Avg tries: 166.67
Confidence stops: 60
Max stops: 0
Max stop rate: 0.000
Real Fault Rank 7
===== SEED 93 | FR=0.3 | VR=40 =====
executing with fault mode: [0,1,1,3,4,5]

Fault scores (higher is better):
Fault: [0,1,0,3,4,5], logL: -12.556158, Exp of LogL: 0.000004, Normalized LogL: -1.141469, Exp of Normalized LogL: 0.319350, Best Rate: 0.3
Fault: [0,1,2,3,4,5], logL: -13.962594, Exp of LogL: 0.000001, Normalized LogL: -1.269327, Exp of Normalized LogL: 0.281021, Best Rate: 0.3
Fault: [0,1,1,3,4,5], logL: -14.480531, Exp of LogL: 0.000001, Normalized LogL: -1.316412, Exp of Normalized LogL: 0.268096, Best Rate: 0.3
Fault: [0,1,3,3,4,5], logL: -14.539113, Exp of LogL: 0.000000, Normalized LogL: -1.321738, Exp of Normalized LogL: 0.266672, Best Rate: 0.3
Fault: [0,1,1,3,0,5], logL: -14.831929, Exp of LogL: 0.000000, Normalized LogL: -1.348357, Exp of Normalized LogL: 0.259666, Best Rate: 0.3
Fault: [0,1,1,3,2,5], logL: -14.831929, Exp of LogL: 0.000000, Normalized LogL: -1.348357, Exp of Normalized LogL: 0.259666, Best Rate: 0.3
Fault: [0,1,1,3,1,5], logL: -14.831929, Exp of LogL: 0.000000, Normalized LogL: -1.348357, Exp of Normalized LogL: 0.259666, Best Rate: 0.3
Fault: [0,1,1,3,5,5], logL: -14.831929, Exp of LogL: 0.000000, Normalized LogL: -1.348357, Exp of Normalized LogL: 0.259666, Best Rate: 0.3
Fault: [0,1,5,3,4,5], logL: -15.232260, Exp of LogL: 0.000000, Normalized LogL: -1.384751, Exp of Normalized LogL: 0.250386, Best Rate: 0.3
Fault: [0,1,4,3,4,5], logL: -15.232260, Exp of LogL: 0.000000, Normalized LogL: -1.384751, Exp of Normalized LogL: 0.250386, Best Rate: 0.3

========= ADAPTIVE MC DEBUG =========
Total calls: 110
Avg tries: 150.00
Confidence stops: 110
Max stops: 0
Max stop rate: 0.000
Real Fault Rank 3
===== SEED 93 | FR=0.3 | VR=60 =====
executing with fault mode: [0,1,1,3,4,5]

Fault scores (higher is better):
Fault: [0,1,0,3,4,5], logL: -14.260152, Exp of LogL: 0.000001, Normalized LogL: -0.891260, Exp of Normalized LogL: 0.410139, Best Rate: 0.3
Fault: [0,1,2,3,4,5], logL: -15.434078, Exp of LogL: 0.000000, Normalized LogL: -0.964630, Exp of Normalized LogL: 0.381124, Best Rate: 0.3
Fault: [0,1,3,3,4,5], logL: -16.182207, Exp of LogL: 0.000000, Normalized LogL: -1.011388, Exp of Normalized LogL: 0.363714, Best Rate: 0.3
Fault: [0,1,5,3,4,5], logL: -16.587672, Exp of LogL: 0.000000, Normalized LogL: -1.036729, Exp of Normalized LogL: 0.354613, Best Rate: 0.3
Fault: [0,1,4,3,4,5], logL: -16.587672, Exp of LogL: 0.000000, Normalized LogL: -1.036729, Exp of Normalized LogL: 0.354613, Best Rate: 0.3
Fault: [0,1,1,3,4,5], logL: -16.632423, Exp of LogL: 0.000000, Normalized LogL: -1.039526, Exp of Normalized LogL: 0.353622, Best Rate: 0.3
Fault: [0,1,1,3,0,5], logL: -17.008329, Exp of LogL: 0.000000, Normalized LogL: -1.063021, Exp of Normalized LogL: 0.345411, Best Rate: 0.3
Fault: [0,1,1,3,2,5], logL: -17.008329, Exp of LogL: 0.000000, Normalized LogL: -1.063021, Exp of Normalized LogL: 0.345411, Best Rate: 0.3
Fault: [0,1,1,3,1,5], logL: -17.008329, Exp of LogL: 0.000000, Normalized LogL: -1.063021, Exp of Normalized LogL: 0.345411, Best Rate: 0.3
Fault: [0,1,1,3,5,5], logL: -17.008329, Exp of LogL: 0.000000, Normalized LogL: -1.063021, Exp of Normalized LogL: 0.345411, Best Rate: 0.3

========= ADAPTIVE MC DEBUG =========
Total calls: 160
Avg tries: 150.00
Confidence stops: 160
Max stops: 0
Max stop rate: 0.000
Real Fault Rank 6
===== SEED 93 | FR=0.3 | VR=80 =====
executing with fault mode: [0,1,1,3,4,5]

Fault scores (higher is better):
Fault: [0,1,0,3,4,5], logL: -17.931799, Exp of LogL: 0.000000, Normalized LogL: -0.853895, Exp of Normalized LogL: 0.425753, Best Rate: 0.3
Fault: [0,1,2,3,4,5], logL: -18.252332, Exp of LogL: 0.000000, Normalized LogL: -0.869159, Exp of Normalized LogL: 0.419304, Best Rate: 0.3
Fault: [0,1,3,3,4,5], logL: -18.869632, Exp of LogL: 0.000000, Normalized LogL: -0.898554, Exp of Normalized LogL: 0.407158, Best Rate: 0.3
Fault: [0,1,5,3,4,5], logL: -19.850461, Exp of LogL: 0.000000, Normalized LogL: -0.945260, Exp of Normalized LogL: 0.388579, Best Rate: 0.3
Fault: [0,1,4,3,4,5], logL: -19.850461, Exp of LogL: 0.000000, Normalized LogL: -0.945260, Exp of Normalized LogL: 0.388579, Best Rate: 0.3
Fault: [0,1,1,3,4,5], logL: -20.207947, Exp of LogL: 0.000000, Normalized LogL: -0.962283, Exp of Normalized LogL: 0.382020, Best Rate: 0.3
Fault: [0,1,1,3,0,5], logL: -20.583853, Exp of LogL: 0.000000, Normalized LogL: -0.980183, Exp of Normalized LogL: 0.375242, Best Rate: 0.3
Fault: [0,1,1,3,2,5], logL: -20.583853, Exp of LogL: 0.000000, Normalized LogL: -0.980183, Exp of Normalized LogL: 0.375242, Best Rate: 0.3
Fault: [0,1,1,3,1,5], logL: -20.583853, Exp of LogL: 0.000000, Normalized LogL: -0.980183, Exp of Normalized LogL: 0.375242, Best Rate: 0.3
Fault: [0,1,1,3,5,5], logL: -20.583853, Exp of LogL: 0.000000, Normalized LogL: -0.980183, Exp of Normalized LogL: 0.375242, Best Rate: 0.3

========= ADAPTIVE MC DEBUG =========
Total calls: 210
Avg tries: 150.00
Confidence stops: 210
Max stops: 0
Max stop rate: 0.000
Real Fault Rank 6
===== SEED 93 | FR=0.3 | VR=100 =====
executing with fault mode: [0,1,1,3,4,5]

Fault scores (higher is better):
Fault: [0,1,0,3,4,5], logL: -19.702443, Exp of LogL: 0.000000, Normalized LogL: -0.757786, Exp of Normalized LogL: 0.468703, Best Rate: 0.3
Fault: [0,1,3,3,4,5], logL: -21.198267, Exp of LogL: 0.000000, Normalized LogL: -0.815318, Exp of Normalized LogL: 0.442499, Best Rate: 0.3
Fault: [0,1,1,3,4,5], logL: -22.494517, Exp of LogL: 0.000000, Normalized LogL: -0.865174, Exp of Normalized LogL: 0.420978, Best Rate: 0.3
Fault: [0,1,1,3,0,5], logL: -22.870423, Exp of LogL: 0.000000, Normalized LogL: -0.879632, Exp of Normalized LogL: 0.414936, Best Rate: 0.3
Fault: [0,1,1,3,2,5], logL: -22.870423, Exp of LogL: 0.000000, Normalized LogL: -0.879632, Exp of Normalized LogL: 0.414936, Best Rate: 0.3
Fault: [0,1,1,3,1,5], logL: -22.870423, Exp of LogL: 0.000000, Normalized LogL: -0.879632, Exp of Normalized LogL: 0.414936, Best Rate: 0.3
Fault: [0,1,1,3,5,5], logL: -22.870423, Exp of LogL: 0.000000, Normalized LogL: -0.879632, Exp of Normalized LogL: 0.414936, Best Rate: 0.3
Fault: [0,1,2,3,4,5], logL: -45.192050, Exp of LogL: 0.000000, Normalized LogL: -1.738156, Exp of Normalized LogL: 0.175844, Best Rate: 0.3
Fault: [0,1,5,3,4,5], logL: -47.242324, Exp of LogL: 0.000000, Normalized LogL: -1.817012, Exp of Normalized LogL: 0.162511, Best Rate: 0.3
Fault: [0,1,4,3,4,5], logL: -47.242324, Exp of LogL: 0.000000, Normalized LogL: -1.817012, Exp of Normalized LogL: 0.162511, Best Rate: 0.3

========= ADAPTIVE MC DEBUG =========
Total calls: 260
Avg tries: 150.00
Confidence stops: 260
Max stops: 0
Max stop rate: 0.000
Real Fault Rank 3
================= 22/08/2026 05:01:24: SEED 93 END =================
================= 22/08/2026 05:01:24: SEED 94 (91/100), a*=0 fault=[5,1,2,3,4,5] START =================
===== SEED 94 | FR=0.3 | VR=20 =====
executing with fault mode: [5,1,2,3,4,5]

executing with fault mode: [5,1,2,3,4,5]

Fault scores (higher is better):
Fault: [5,1,2,3,3,5], logL: -7.556465, Exp of LogL: 0.000523, Normalized LogL: -1.889116, Exp of Normalized LogL: 0.151205, Best Rate: 0.3
Fault: [5,1,2,3,0,5], logL: -7.602985, Exp of LogL: 0.000499, Normalized LogL: -1.900746, Exp of Normalized LogL: 0.149457, Best Rate: 0.3
Fault: [4,1,2,3,4,5], logL: -7.757135, Exp of LogL: 0.000428, Normalized LogL: -1.939284, Exp of Normalized LogL: 0.143807, Best Rate: 0.3
Fault: [2,1,2,3,4,5], logL: -7.757135, Exp of LogL: 0.000428, Normalized LogL: -1.939284, Exp of Normalized LogL: 0.143807, Best Rate: 0.3
Fault: [5,1,2,3,4,5], logL: -7.757135, Exp of LogL: 0.000428, Normalized LogL: -1.939284, Exp of Normalized LogL: 0.143807, Best Rate: 0.3
Fault: [1,1,2,3,4,5], logL: -7.757135, Exp of LogL: 0.000428, Normalized LogL: -1.939284, Exp of Normalized LogL: 0.143807, Best Rate: 0.3
Fault: [5,1,2,3,5,5], logL: -7.785306, Exp of LogL: 0.000416, Normalized LogL: -1.946327, Exp of Normalized LogL: 0.142798, Best Rate: 0.3
Fault: [5,1,2,3,1,5], logL: -7.785306, Exp of LogL: 0.000416, Normalized LogL: -1.946327, Exp of Normalized LogL: 0.142798, Best Rate: 0.3
Fault: [0,1,2,3,4,5], logL: -8.219759, Exp of LogL: 0.000269, Normalized LogL: -2.054940, Exp of Normalized LogL: 0.128101, Best Rate: 0.3
Fault: [3,1,2,3,4,5], logL: -8.413915, Exp of LogL: 0.000222, Normalized LogL: -2.103479, Exp of Normalized LogL: 0.122031, Best Rate: 0.3

========= ADAPTIVE MC DEBUG =========
Total calls: 40
Avg tries: 175.00
Confidence stops: 40
Max stops: 0
Max stop rate: 0.000
Real Fault Rank 5
===== SEED 94 | FR=0.3 | VR=40 =====
executing with fault mode: [5,1,2,3,4,5]

executing with fault mode: [5,1,2,3,4,5]

Fault scores (higher is better):
Fault: [5,1,2,3,5,5], logL: -8.401769, Exp of LogL: 0.000224, Normalized LogL: -1.200253, Exp of Normalized LogL: 0.301118, Best Rate: 0.3
Fault: [5,1,2,3,1,5], logL: -8.401769, Exp of LogL: 0.000224, Normalized LogL: -1.200253, Exp of Normalized LogL: 0.301118, Best Rate: 0.3
Fault: [5,1,2,3,0,5], logL: -8.449397, Exp of LogL: 0.000214, Normalized LogL: -1.207057, Exp of Normalized LogL: 0.299076, Best Rate: 0.3
Fault: [5,1,2,3,4,5], logL: -8.499407, Exp of LogL: 0.000204, Normalized LogL: -1.214201, Exp of Normalized LogL: 0.296947, Best Rate: 0.3
Fault: [5,1,2,3,3,5], logL: -8.525383, Exp of LogL: 0.000198, Normalized LogL: -1.217912, Exp of Normalized LogL: 0.295847, Best Rate: 0.3
Fault: [4,1,2,3,4,5], logL: -8.697233, Exp of LogL: 0.000167, Normalized LogL: -1.242462, Exp of Normalized LogL: 0.288673, Best Rate: 0.3
Fault: [2,1,2,3,4,5], logL: -8.697233, Exp of LogL: 0.000167, Normalized LogL: -1.242462, Exp of Normalized LogL: 0.288673, Best Rate: 0.3
Fault: [1,1,2,3,4,5], logL: -8.697233, Exp of LogL: 0.000167, Normalized LogL: -1.242462, Exp of Normalized LogL: 0.288673, Best Rate: 0.3
Fault: [0,1,2,3,4,5], logL: -9.175605, Exp of LogL: 0.000104, Normalized LogL: -1.310801, Exp of Normalized LogL: 0.269604, Best Rate: 0.3
Fault: [3,1,2,3,4,5], logL: -9.369761, Exp of LogL: 0.000085, Normalized LogL: -1.338537, Exp of Normalized LogL: 0.262229, Best Rate: 0.3

========= ADAPTIVE MC DEBUG =========
Total calls: 70
Avg tries: 157.14
Confidence stops: 70
Max stops: 0
Max stop rate: 0.000
Real Fault Rank 4
===== SEED 94 | FR=0.3 | VR=60 =====
executing with fault mode: [5,1,2,3,4,5]

executing with fault mode: [5,1,2,3,4,5]

Fault scores (higher is better):
Fault: [5,1,2,3,4,5], logL: -9.557354, Exp of LogL: 0.000071, Normalized LogL: -0.955735, Exp of Normalized LogL: 0.384529, Best Rate: 0.3
Fault: [5,1,2,3,0,5], logL: -9.567404, Exp of LogL: 0.000070, Normalized LogL: -0.956740, Exp of Normalized LogL: 0.384143, Best Rate: 0.3
Fault: [5,1,2,3,5,5], logL: -9.727747, Exp of LogL: 0.000060, Normalized LogL: -0.972775, Exp of Normalized LogL: 0.378033, Best Rate: 0.3
Fault: [5,1,2,3,3,5], logL: -9.727747, Exp of LogL: 0.000060, Normalized LogL: -0.972775, Exp of Normalized LogL: 0.378033, Best Rate: 0.3
Fault: [5,1,2,3,1,5], logL: -9.727747, Exp of LogL: 0.000060, Normalized LogL: -0.972775, Exp of Normalized LogL: 0.378033, Best Rate: 0.3
Fault: [0,1,2,3,4,5], logL: -10.489981, Exp of LogL: 0.000028, Normalized LogL: -1.048998, Exp of Normalized LogL: 0.350289, Best Rate: 0.3
Fault: [3,1,2,3,4,5], logL: -10.684137, Exp of LogL: 0.000023, Normalized LogL: -1.068414, Exp of Normalized LogL: 0.343553, Best Rate: 0.3
Fault: [4,1,2,3,4,5], logL: -10.838287, Exp of LogL: 0.000020, Normalized LogL: -1.083829, Exp of Normalized LogL: 0.338298, Best Rate: 0.3
Fault: [2,1,2,3,4,5], logL: -10.838287, Exp of LogL: 0.000020, Normalized LogL: -1.083829, Exp of Normalized LogL: 0.338298, Best Rate: 0.3
Fault: [1,1,2,3,4,5], logL: -10.838287, Exp of LogL: 0.000020, Normalized LogL: -1.083829, Exp of Normalized LogL: 0.338298, Best Rate: 0.3

========= ADAPTIVE MC DEBUG =========
Total calls: 100
Avg tries: 150.00
Confidence stops: 100
Max stops: 0
Max stop rate: 0.000
Real Fault Rank 1
===== SEED 94 | FR=0.3 | VR=80 =====
executing with fault mode: [5,1,2,3,4,5]

executing with fault mode: [5,1,2,3,4,5]

Fault scores (higher is better):
Fault: [5,1,2,3,4,5], logL: -9.806892, Exp of LogL: 0.000055, Normalized LogL: -0.754376, Exp of Normalized LogL: 0.470304, Best Rate: 0.3
Fault: [5,1,2,3,0,5], logL: -10.275991, Exp of LogL: 0.000034, Normalized LogL: -0.790461, Exp of Normalized LogL: 0.453636, Best Rate: 0.3
Fault: [5,1,2,3,5,5], logL: -10.363003, Exp of LogL: 0.000032, Normalized LogL: -0.797154, Exp of Normalized LogL: 0.450610, Best Rate: 0.3
Fault: [5,1,2,3,1,5], logL: -10.363003, Exp of LogL: 0.000032, Normalized LogL: -0.797154, Exp of Normalized LogL: 0.450610, Best Rate: 0.3
Fault: [5,1,2,3,3,5], logL: -10.400044, Exp of LogL: 0.000030, Normalized LogL: -0.800003, Exp of Normalized LogL: 0.449327, Best Rate: 0.3
Fault: [0,1,2,3,4,5], logL: -37.334329, Exp of LogL: 0.000000, Normalized LogL: -2.871871, Exp of Normalized LogL: 0.056593, Best Rate: 0.3
Fault: [3,1,2,3,4,5], logL: -37.428639, Exp of LogL: 0.000000, Normalized LogL: -2.879126, Exp of Normalized LogL: 0.056184, Best Rate: 0.3
Fault: [4,1,2,3,4,5], logL: -37.508682, Exp of LogL: 0.000000, Normalized LogL: -2.885283, Exp of Normalized LogL: 0.055839, Best Rate: 0.3
Fault: [2,1,2,3,4,5], logL: -37.508682, Exp of LogL: 0.000000, Normalized LogL: -2.885283, Exp of Normalized LogL: 0.055839, Best Rate: 0.3
Fault: [1,1,2,3,4,5], logL: -37.508682, Exp of LogL: 0.000000, Normalized LogL: -2.885283, Exp of Normalized LogL: 0.055839, Best Rate: 0.3

========= ADAPTIVE MC DEBUG =========
Total calls: 130
Avg tries: 150.00
Confidence stops: 130
Max stops: 0
Max stop rate: 0.000
Real Fault Rank 1
===== SEED 94 | FR=0.3 | VR=100 =====
executing with fault mode: [5,1,2,3,4,5]

executing with fault mode: [5,1,2,3,4,5]

Fault scores (higher is better):
Fault: [5,1,2,3,4,5], logL: -10.282679, Exp of LogL: 0.000034, Normalized LogL: -0.604863, Exp of Normalized LogL: 0.546149, Best Rate: 0.3
Fault: [5,1,2,3,5,5], logL: -11.374157, Exp of LogL: 0.000011, Normalized LogL: -0.669068, Exp of Normalized LogL: 0.512186, Best Rate: 0.3
Fault: [5,1,2,3,3,5], logL: -11.374157, Exp of LogL: 0.000011, Normalized LogL: -0.669068, Exp of Normalized LogL: 0.512186, Best Rate: 0.3
Fault: [5,1,2,3,0,5], logL: -11.374157, Exp of LogL: 0.000011, Normalized LogL: -0.669068, Exp of Normalized LogL: 0.512186, Best Rate: 0.3
Fault: [5,1,2,3,1,5], logL: -11.374157, Exp of LogL: 0.000011, Normalized LogL: -0.669068, Exp of Normalized LogL: 0.512186, Best Rate: 0.3
Fault: [0,1,2,3,4,5], logL: -63.152941, Exp of LogL: 0.000000, Normalized LogL: -3.714879, Exp of Normalized LogL: 0.024358, Best Rate: 0.3
Fault: [3,1,2,3,4,5], logL: -63.247252, Exp of LogL: 0.000000, Normalized LogL: -3.720427, Exp of Normalized LogL: 0.024224, Best Rate: 0.3
Fault: [4,1,2,3,4,5], logL: -63.327294, Exp of LogL: 0.000000, Normalized LogL: -3.725135, Exp of Normalized LogL: 0.024110, Best Rate: 0.3
Fault: [2,1,2,3,4,5], logL: -63.327294, Exp of LogL: 0.000000, Normalized LogL: -3.725135, Exp of Normalized LogL: 0.024110, Best Rate: 0.3
Fault: [1,1,2,3,4,5], logL: -63.327294, Exp of LogL: 0.000000, Normalized LogL: -3.725135, Exp of Normalized LogL: 0.024110, Best Rate: 0.3

========= ADAPTIVE MC DEBUG =========
Total calls: 170
Avg tries: 150.00
Confidence stops: 170
Max stops: 0
Max stop rate: 0.000
Real Fault Rank 1
================= 22/08/2026 05:01:38: SEED 94 END =================
================= 22/08/2026 05:01:38: SEED 95 (92/100), a*=2 fault=[0,1,0,3,4,5] START =================
===== SEED 95 | FR=0.3 | VR=20 =====
executing with fault mode: [0,1,0,3,4,5]

executing with fault mode: [0,1,0,3,4,5]

executing with fault mode: [0,1,0,3,4,5]

executing with fault mode: [0,1,0,3,4,5]

executing with fault mode: [0,1,0,3,4,5]

Fault scores (higher is better):
Fault: [0,1,0,3,1,5], logL: -14.021906, Exp of LogL: 0.000001, Normalized LogL: -2.336984, Exp of Normalized LogL: 0.096619, Best Rate: 0.3
Fault: [0,1,0,3,0,5], logL: -14.304473, Exp of LogL: 0.000001, Normalized LogL: -2.384079, Exp of Normalized LogL: 0.092174, Best Rate: 0.3
Fault: [0,1,0,3,2,5], logL: -14.304473, Exp of LogL: 0.000001, Normalized LogL: -2.384079, Exp of Normalized LogL: 0.092174, Best Rate: 0.3
Fault: [0,1,0,3,3,5], logL: -14.304473, Exp of LogL: 0.000001, Normalized LogL: -2.384079, Exp of Normalized LogL: 0.092174, Best Rate: 0.3
Fault: [0,1,0,3,4,5], logL: -14.792826, Exp of LogL: 0.000000, Normalized LogL: -2.465471, Exp of Normalized LogL: 0.084969, Best Rate: 0.3
Fault: [0,1,2,3,4,5], logL: -15.439453, Exp of LogL: 0.000000, Normalized LogL: -2.573242, Exp of Normalized LogL: 0.076288, Best Rate: 0.3
Fault: [0,1,5,3,4,5], logL: -15.822445, Exp of LogL: 0.000000, Normalized LogL: -2.637074, Exp of Normalized LogL: 0.071570, Best Rate: 0.3
Fault: [0,1,4,3,4,5], logL: -15.822445, Exp of LogL: 0.000000, Normalized LogL: -2.637074, Exp of Normalized LogL: 0.071570, Best Rate: 0.3
Fault: [0,1,3,3,4,5], logL: -16.451054, Exp of LogL: 0.000000, Normalized LogL: -2.741842, Exp of Normalized LogL: 0.064451, Best Rate: 0.3
Fault: [0,1,1,3,4,5], logL: -39.189223, Exp of LogL: 0.000000, Normalized LogL: -6.531537, Exp of Normalized LogL: 0.001457, Best Rate: 0.3

========= ADAPTIVE MC DEBUG =========
Total calls: 60
Avg tries: 166.67
Confidence stops: 60
Max stops: 0
Max stop rate: 0.000
Real Fault Rank 5
===== SEED 95 | FR=0.3 | VR=40 =====
executing with fault mode: [0,1,0,3,4,5]

executing with fault mode: [0,1,0,3,4,5]

executing with fault mode: [0,1,0,3,4,5]

executing with fault mode: [0,1,0,3,4,5]

executing with fault mode: [0,1,0,3,4,5]

Fault scores (higher is better):
Fault: [0,1,0,3,1,5], logL: -15.652862, Exp of LogL: 0.000000, Normalized LogL: -1.304405, Exp of Normalized LogL: 0.271334, Best Rate: 0.3
Fault: [0,1,0,3,2,5], logL: -15.755685, Exp of LogL: 0.000000, Normalized LogL: -1.312974, Exp of Normalized LogL: 0.269019, Best Rate: 0.3
Fault: [0,1,0,3,0,5], logL: -15.788475, Exp of LogL: 0.000000, Normalized LogL: -1.315706, Exp of Normalized LogL: 0.268285, Best Rate: 0.3
Fault: [0,1,0,3,3,5], logL: -15.788475, Exp of LogL: 0.000000, Normalized LogL: -1.315706, Exp of Normalized LogL: 0.268285, Best Rate: 0.3
Fault: [0,1,0,3,4,5], logL: -16.276828, Exp of LogL: 0.000000, Normalized LogL: -1.356402, Exp of Normalized LogL: 0.257586, Best Rate: 0.3
Fault: [0,1,3,3,4,5], logL: -16.937185, Exp of LogL: 0.000000, Normalized LogL: -1.411432, Exp of Normalized LogL: 0.243794, Best Rate: 0.3
Fault: [0,1,5,3,4,5], logL: -16.941226, Exp of LogL: 0.000000, Normalized LogL: -1.411769, Exp of Normalized LogL: 0.243712, Best Rate: 0.3
Fault: [0,1,4,3,4,5], logL: -16.941226, Exp of LogL: 0.000000, Normalized LogL: -1.411769, Exp of Normalized LogL: 0.243712, Best Rate: 0.3
Fault: [0,1,2,3,4,5], logL: -16.963744, Exp of LogL: 0.000000, Normalized LogL: -1.413645, Exp of Normalized LogL: 0.243255, Best Rate: 0.3
Fault: [0,1,1,3,4,5], logL: -17.512549, Exp of LogL: 0.000000, Normalized LogL: -1.459379, Exp of Normalized LogL: 0.232381, Best Rate: 0.3

========= ADAPTIVE MC DEBUG =========
Total calls: 120
Avg tries: 158.33
Confidence stops: 120
Max stops: 0
Max stop rate: 0.000
Real Fault Rank 5
===== SEED 95 | FR=0.3 | VR=60 =====
executing with fault mode: [0,1,0,3,4,5]

executing with fault mode: [0,1,0,3,4,5]

executing with fault mode: [0,1,0,3,4,5]

executing with fault mode: [0,1,0,3,4,5]

executing with fault mode: [0,1,0,3,4,5]

Fault scores (higher is better):
Fault: [0,1,0,3,2,5], logL: -19.996696, Exp of LogL: 0.000000, Normalized LogL: -1.110928, Exp of Normalized LogL: 0.329253, Best Rate: 0.3
Fault: [0,1,1,3,4,5], logL: -20.503369, Exp of LogL: 0.000000, Normalized LogL: -1.139076, Exp of Normalized LogL: 0.320115, Best Rate: 0.3
Fault: [0,1,0,3,1,5], logL: -20.556312, Exp of LogL: 0.000000, Normalized LogL: -1.142017, Exp of Normalized LogL: 0.319174, Best Rate: 0.3
Fault: [0,1,0,3,4,5], logL: -20.665302, Exp of LogL: 0.000000, Normalized LogL: -1.148072, Exp of Normalized LogL: 0.317248, Best Rate: 0.3
Fault: [0,1,5,3,4,5], logL: -20.794379, Exp of LogL: 0.000000, Normalized LogL: -1.155243, Exp of Normalized LogL: 0.314981, Best Rate: 0.3
Fault: [0,1,4,3,4,5], logL: -20.794379, Exp of LogL: 0.000000, Normalized LogL: -1.155243, Exp of Normalized LogL: 0.314981, Best Rate: 0.3
Fault: [0,1,0,3,0,5], logL: -21.026315, Exp of LogL: 0.000000, Normalized LogL: -1.168129, Exp of Normalized LogL: 0.310948, Best Rate: 0.3
Fault: [0,1,0,3,3,5], logL: -21.026315, Exp of LogL: 0.000000, Normalized LogL: -1.168129, Exp of Normalized LogL: 0.310948, Best Rate: 0.3
Fault: [0,1,3,3,4,5], logL: -21.156556, Exp of LogL: 0.000000, Normalized LogL: -1.175364, Exp of Normalized LogL: 0.308707, Best Rate: 0.3
Fault: [0,1,2,3,4,5], logL: -21.313456, Exp of LogL: 0.000000, Normalized LogL: -1.184081, Exp of Normalized LogL: 0.306027, Best Rate: 0.3

========= ADAPTIVE MC DEBUG =========
Total calls: 180
Avg tries: 150.00
Confidence stops: 180
Max stops: 0
Max stop rate: 0.000
Real Fault Rank 4
===== SEED 95 | FR=0.3 | VR=80 =====
executing with fault mode: [0,1,0,3,4,5]

executing with fault mode: [0,1,0,3,4,5]

executing with fault mode: [0,1,0,3,4,5]

executing with fault mode: [0,1,0,3,4,5]

executing with fault mode: [0,1,0,3,4,5]

Fault scores (higher is better):
Fault: [0,1,0,3,2,5], logL: -22.806763, Exp of LogL: 0.000000, Normalized LogL: -0.950282, Exp of Normalized LogL: 0.386632, Best Rate: 0.3
Fault: [0,1,1,3,4,5], logL: -23.283567, Exp of LogL: 0.000000, Normalized LogL: -0.970149, Exp of Normalized LogL: 0.379027, Best Rate: 0.3
Fault: [0,1,5,3,4,5], logL: -23.356185, Exp of LogL: 0.000000, Normalized LogL: -0.973174, Exp of Normalized LogL: 0.377882, Best Rate: 0.3
Fault: [0,1,4,3,4,5], logL: -23.356185, Exp of LogL: 0.000000, Normalized LogL: -0.973174, Exp of Normalized LogL: 0.377882, Best Rate: 0.3
Fault: [0,1,0,3,1,5], logL: -23.366379, Exp of LogL: 0.000000, Normalized LogL: -0.973599, Exp of Normalized LogL: 0.377721, Best Rate: 0.3
Fault: [0,1,0,3,4,5], logL: -23.460476, Exp of LogL: 0.000000, Normalized LogL: -0.977520, Exp of Normalized LogL: 0.376243, Best Rate: 0.3
Fault: [0,1,2,3,4,5], logL: -23.586189, Exp of LogL: 0.000000, Normalized LogL: -0.982758, Exp of Normalized LogL: 0.374277, Best Rate: 0.3
Fault: [0,1,3,3,4,5], logL: -23.791771, Exp of LogL: 0.000000, Normalized LogL: -0.991324, Exp of Normalized LogL: 0.371085, Best Rate: 0.3
Fault: [0,1,0,3,0,5], logL: -23.836383, Exp of LogL: 0.000000, Normalized LogL: -0.993183, Exp of Normalized LogL: 0.370396, Best Rate: 0.3
Fault: [0,1,0,3,3,5], logL: -23.836383, Exp of LogL: 0.000000, Normalized LogL: -0.993183, Exp of Normalized LogL: 0.370396, Best Rate: 0.3

========= ADAPTIVE MC DEBUG =========
Total calls: 240
Avg tries: 150.00
Confidence stops: 240
Max stops: 0
Max stop rate: 0.000
Real Fault Rank 6
===== SEED 95 | FR=0.3 | VR=100 =====
executing with fault mode: [0,1,0,3,4,5]

executing with fault mode: [0,1,0,3,4,5]

executing with fault mode: [0,1,0,3,4,5]

executing with fault mode: [0,1,0,3,4,5]

executing with fault mode: [0,1,0,3,4,5]

Fault scores (higher is better):
Fault: [0,1,0,3,4,5], logL: -26.216946, Exp of LogL: 0.000000, Normalized LogL: -0.873898, Exp of Normalized LogL: 0.417322, Best Rate: 0.3
Fault: [0,1,2,3,4,5], logL: -26.281698, Exp of LogL: 0.000000, Normalized LogL: -0.876057, Exp of Normalized LogL: 0.416422, Best Rate: 0.3
Fault: [0,1,1,3,4,5], logL: -26.566366, Exp of LogL: 0.000000, Normalized LogL: -0.885546, Exp of Normalized LogL: 0.412489, Best Rate: 0.3
Fault: [0,1,0,3,0,5], logL: -26.592852, Exp of LogL: 0.000000, Normalized LogL: -0.886428, Exp of Normalized LogL: 0.412125, Best Rate: 0.3
Fault: [0,1,0,3,1,5], logL: -26.592852, Exp of LogL: 0.000000, Normalized LogL: -0.886428, Exp of Normalized LogL: 0.412125, Best Rate: 0.3
Fault: [0,1,0,3,2,5], logL: -26.592852, Exp of LogL: 0.000000, Normalized LogL: -0.886428, Exp of Normalized LogL: 0.412125, Best Rate: 0.3
Fault: [0,1,0,3,3,5], logL: -26.592852, Exp of LogL: 0.000000, Normalized LogL: -0.886428, Exp of Normalized LogL: 0.412125, Best Rate: 0.3
Fault: [0,1,3,3,4,5], logL: -27.006966, Exp of LogL: 0.000000, Normalized LogL: -0.900232, Exp of Normalized LogL: 0.406475, Best Rate: 0.3
Fault: [0,1,5,3,4,5], logL: -28.551372, Exp of LogL: 0.000000, Normalized LogL: -0.951712, Exp of Normalized LogL: 0.386079, Best Rate: 0.3
Fault: [0,1,4,3,4,5], logL: -28.551372, Exp of LogL: 0.000000, Normalized LogL: -0.951712, Exp of Normalized LogL: 0.386079, Best Rate: 0.3

========= ADAPTIVE MC DEBUG =========
Total calls: 300
Avg tries: 150.00
Confidence stops: 300
Max stops: 0
Max stop rate: 0.000
Real Fault Rank 1
================= 22/08/2026 05:02:02: SEED 95 END =================
================= 22/08/2026 05:02:02: SEED 96 (93/100), a*=1 fault=[0,5,2,3,4,5] START =================
===== SEED 96 | FR=0.3 | VR=20 =====
executing with fault mode: [0,5,2,3,4,5]

Fault scores (higher is better):
Fault: [0,4,2,3,4,5], logL: -5.096978, Exp of LogL: 0.006115, Normalized LogL: -1.274244, Exp of Normalized LogL: 0.279642, Best Rate: 0.3
Fault: [0,5,2,3,4,5], logL: -5.096978, Exp of LogL: 0.006115, Normalized LogL: -1.274244, Exp of Normalized LogL: 0.279642, Best Rate: 0.3
Fault: [0,5,2,3,3,5], logL: -5.384660, Exp of LogL: 0.004586, Normalized LogL: -1.346165, Exp of Normalized LogL: 0.260236, Best Rate: 0.3
Fault: [0,5,2,3,5,5], logL: -5.384660, Exp of LogL: 0.004586, Normalized LogL: -1.346165, Exp of Normalized LogL: 0.260236, Best Rate: 0.3
Fault: [0,5,2,3,2,5], logL: -5.464703, Exp of LogL: 0.004234, Normalized LogL: -1.366176, Exp of Normalized LogL: 0.255081, Best Rate: 0.3
Fault: [0,5,2,3,0,5], logL: -5.464703, Exp of LogL: 0.004234, Normalized LogL: -1.366176, Exp of Normalized LogL: 0.255081, Best Rate: 0.3
Fault: [0,3,2,3,4,5], logL: -5.581370, Exp of LogL: 0.003767, Normalized LogL: -1.395343, Exp of Normalized LogL: 0.247748, Best Rate: 0.3
Fault: [0,1,2,3,4,5], logL: -5.696440, Exp of LogL: 0.003358, Normalized LogL: -1.424110, Exp of Normalized LogL: 0.240723, Best Rate: 0.3
Fault: [0,2,2,3,4,5], logL: -5.721132, Exp of LogL: 0.003276, Normalized LogL: -1.430283, Exp of Normalized LogL: 0.239241, Best Rate: 0.3
Fault: [0,0,2,3,4,5], logL: -5.976024, Exp of LogL: 0.002539, Normalized LogL: -1.494006, Exp of Normalized LogL: 0.224472, Best Rate: 0.3

========= ADAPTIVE MC DEBUG =========
Total calls: 40
Avg tries: 175.00
Confidence stops: 40
Max stops: 0
Max stop rate: 0.000
Real Fault Rank 2
===== SEED 96 | FR=0.3 | VR=40 =====
executing with fault mode: [0,5,2,3,4,5]

Fault scores (higher is better):
Fault: [0,4,2,3,4,5], logL: -8.254397, Exp of LogL: 0.000260, Normalized LogL: -1.179200, Exp of Normalized LogL: 0.307525, Best Rate: 0.3
Fault: [0,5,2,3,4,5], logL: -8.254397, Exp of LogL: 0.000260, Normalized LogL: -1.179200, Exp of Normalized LogL: 0.307525, Best Rate: 0.3
Fault: [0,5,2,3,2,5], logL: -8.717020, Exp of LogL: 0.000164, Normalized LogL: -1.245289, Exp of Normalized LogL: 0.287858, Best Rate: 0.3
Fault: [0,5,2,3,3,5], logL: -8.717020, Exp of LogL: 0.000164, Normalized LogL: -1.245289, Exp of Normalized LogL: 0.287858, Best Rate: 0.3
Fault: [0,5,2,3,5,5], logL: -8.717020, Exp of LogL: 0.000164, Normalized LogL: -1.245289, Exp of Normalized LogL: 0.287858, Best Rate: 0.3
Fault: [0,5,2,3,0,5], logL: -8.717020, Exp of LogL: 0.000164, Normalized LogL: -1.245289, Exp of Normalized LogL: 0.287858, Best Rate: 0.3
Fault: [0,1,2,3,4,5], logL: -33.704530, Exp of LogL: 0.000000, Normalized LogL: -4.814933, Exp of Normalized LogL: 0.008108, Best Rate: 0.3
Fault: [0,3,2,3,4,5], logL: -34.282949, Exp of LogL: 0.000000, Normalized LogL: -4.897564, Exp of Normalized LogL: 0.007465, Best Rate: 0.3
Fault: [0,2,2,3,4,5], logL: -34.397677, Exp of LogL: 0.000000, Normalized LogL: -4.913954, Exp of Normalized LogL: 0.007343, Best Rate: 0.3
Fault: [0,0,2,3,4,5], logL: -34.527294, Exp of LogL: 0.000000, Normalized LogL: -4.932471, Exp of Normalized LogL: 0.007209, Best Rate: 0.3

========= ADAPTIVE MC DEBUG =========
Total calls: 70
Avg tries: 150.00
Confidence stops: 70
Max stops: 0
Max stop rate: 0.000
Real Fault Rank 2
===== SEED 96 | FR=0.3 | VR=60 =====
executing with fault mode: [0,5,2,3,4,5]

Fault scores (higher is better):
Fault: [0,4,2,3,4,5], logL: -9.148755, Exp of LogL: 0.000106, Normalized LogL: -0.914875, Exp of Normalized LogL: 0.400567, Best Rate: 0.3
Fault: [0,5,2,3,4,5], logL: -9.148755, Exp of LogL: 0.000106, Normalized LogL: -0.914875, Exp of Normalized LogL: 0.400567, Best Rate: 0.3
Fault: [0,5,2,3,2,5], logL: -9.611378, Exp of LogL: 0.000067, Normalized LogL: -0.961138, Exp of Normalized LogL: 0.382457, Best Rate: 0.3
Fault: [0,5,2,3,3,5], logL: -9.611378, Exp of LogL: 0.000067, Normalized LogL: -0.961138, Exp of Normalized LogL: 0.382457, Best Rate: 0.3
Fault: [0,5,2,3,5,5], logL: -9.611378, Exp of LogL: 0.000067, Normalized LogL: -0.961138, Exp of Normalized LogL: 0.382457, Best Rate: 0.3
Fault: [0,5,2,3,0,5], logL: -9.611378, Exp of LogL: 0.000067, Normalized LogL: -0.961138, Exp of Normalized LogL: 0.382457, Best Rate: 0.3
Fault: [0,1,2,3,4,5], logL: -34.598888, Exp of LogL: 0.000000, Normalized LogL: -3.459889, Exp of Normalized LogL: 0.031433, Best Rate: 0.3
Fault: [0,3,2,3,4,5], logL: -35.177307, Exp of LogL: 0.000000, Normalized LogL: -3.517731, Exp of Normalized LogL: 0.029667, Best Rate: 0.3
Fault: [0,2,2,3,4,5], logL: -35.292035, Exp of LogL: 0.000000, Normalized LogL: -3.529203, Exp of Normalized LogL: 0.029328, Best Rate: 0.3
Fault: [0,0,2,3,4,5], logL: -35.421652, Exp of LogL: 0.000000, Normalized LogL: -3.542165, Exp of Normalized LogL: 0.028951, Best Rate: 0.3

========= ADAPTIVE MC DEBUG =========
Total calls: 100
Avg tries: 150.00
Confidence stops: 100
Max stops: 0
Max stop rate: 0.000
Real Fault Rank 2
===== SEED 96 | FR=0.3 | VR=80 =====
executing with fault mode: [0,5,2,3,4,5]

Fault scores (higher is better):
Fault: [0,4,2,3,4,5], logL: -9.298454, Exp of LogL: 0.000092, Normalized LogL: -0.715266, Exp of Normalized LogL: 0.489062, Best Rate: 0.3
Fault: [0,5,2,3,4,5], logL: -9.298454, Exp of LogL: 0.000092, Normalized LogL: -0.715266, Exp of Normalized LogL: 0.489062, Best Rate: 0.3
Fault: [0,5,2,3,2,5], logL: -9.582706, Exp of LogL: 0.000069, Normalized LogL: -0.737131, Exp of Normalized LogL: 0.478485, Best Rate: 0.3
Fault: [0,5,2,3,3,5], logL: -9.582706, Exp of LogL: 0.000069, Normalized LogL: -0.737131, Exp of Normalized LogL: 0.478485, Best Rate: 0.3
Fault: [0,5,2,3,5,5], logL: -9.582706, Exp of LogL: 0.000069, Normalized LogL: -0.737131, Exp of Normalized LogL: 0.478485, Best Rate: 0.3
Fault: [0,5,2,3,0,5], logL: -9.582706, Exp of LogL: 0.000069, Normalized LogL: -0.737131, Exp of Normalized LogL: 0.478485, Best Rate: 0.3
Fault: [0,1,2,3,4,5], logL: -34.861650, Exp of LogL: 0.000000, Normalized LogL: -2.681665, Exp of Normalized LogL: 0.068449, Best Rate: 0.3
Fault: [0,3,2,3,4,5], logL: -35.417978, Exp of LogL: 0.000000, Normalized LogL: -2.724460, Exp of Normalized LogL: 0.065582, Best Rate: 0.3
Fault: [0,2,2,3,4,5], logL: -35.441735, Exp of LogL: 0.000000, Normalized LogL: -2.726287, Exp of Normalized LogL: 0.065462, Best Rate: 0.3
Fault: [0,0,2,3,4,5], logL: -35.607720, Exp of LogL: 0.000000, Normalized LogL: -2.739055, Exp of Normalized LogL: 0.064631, Best Rate: 0.3

========= ADAPTIVE MC DEBUG =========
Total calls: 130
Avg tries: 150.00
Confidence stops: 130
Max stops: 0
Max stop rate: 0.000
Real Fault Rank 2
===== SEED 96 | FR=0.3 | VR=100 =====
executing with fault mode: [0,5,2,3,4,5]

Fault scores (higher is better):
Fault: [0,4,2,3,4,5], logL: -10.603755, Exp of LogL: 0.000025, Normalized LogL: -0.623750, Exp of Normalized LogL: 0.535931, Best Rate: 0.3
Fault: [0,5,2,3,4,5], logL: -10.603755, Exp of LogL: 0.000025, Normalized LogL: -0.623750, Exp of Normalized LogL: 0.535931, Best Rate: 0.3
Fault: [0,5,2,3,2,5], logL: -10.989418, Exp of LogL: 0.000017, Normalized LogL: -0.646436, Exp of Normalized LogL: 0.523909, Best Rate: 0.3
Fault: [0,5,2,3,3,5], logL: -10.989418, Exp of LogL: 0.000017, Normalized LogL: -0.646436, Exp of Normalized LogL: 0.523909, Best Rate: 0.3
Fault: [0,5,2,3,5,5], logL: -10.989418, Exp of LogL: 0.000017, Normalized LogL: -0.646436, Exp of Normalized LogL: 0.523909, Best Rate: 0.3
Fault: [0,5,2,3,0,5], logL: -10.989418, Exp of LogL: 0.000017, Normalized LogL: -0.646436, Exp of Normalized LogL: 0.523909, Best Rate: 0.3
Fault: [0,1,2,3,4,5], logL: -36.166951, Exp of LogL: 0.000000, Normalized LogL: -2.127468, Exp of Normalized LogL: 0.119139, Best Rate: 0.3
Fault: [0,3,2,3,4,5], logL: -36.723279, Exp of LogL: 0.000000, Normalized LogL: -2.160193, Exp of Normalized LogL: 0.115303, Best Rate: 0.3
Fault: [0,2,2,3,4,5], logL: -36.747035, Exp of LogL: 0.000000, Normalized LogL: -2.161590, Exp of Normalized LogL: 0.115142, Best Rate: 0.3
Fault: [0,0,2,3,4,5], logL: -36.913020, Exp of LogL: 0.000000, Normalized LogL: -2.171354, Exp of Normalized LogL: 0.114023, Best Rate: 0.3

========= ADAPTIVE MC DEBUG =========
Total calls: 170
Avg tries: 150.00
Confidence stops: 170
Max stops: 0
Max stop rate: 0.000
Real Fault Rank 2
================= 22/08/2026 05:02:16: SEED 96 END =================
================= 22/08/2026 05:02:16: SEED 97 (94/100), a*=0 fault=[3,1,2,3,4,5] START =================
===== SEED 97 | FR=0.3 | VR=20 =====
executing with fault mode: [3,1,2,3,4,5]

Fault scores (higher is better):
Fault: [2,1,2,3,4,5], logL: -7.750639, Exp of LogL: 0.000430, Normalized LogL: -1.550128, Exp of Normalized LogL: 0.212221, Best Rate: 0.3
Fault: [3,1,0,3,4,5], logL: -7.890155, Exp of LogL: 0.000374, Normalized LogL: -1.578031, Exp of Normalized LogL: 0.206381, Best Rate: 0.3
Fault: [4,1,2,3,4,5], logL: -8.007938, Exp of LogL: 0.000333, Normalized LogL: -1.601588, Exp of Normalized LogL: 0.201576, Best Rate: 0.3
Fault: [3,1,5,3,4,5], logL: -8.007938, Exp of LogL: 0.000333, Normalized LogL: -1.601588, Exp of Normalized LogL: 0.201576, Best Rate: 0.3
Fault: [3,1,2,3,4,5], logL: -8.007938, Exp of LogL: 0.000333, Normalized LogL: -1.601588, Exp of Normalized LogL: 0.201576, Best Rate: 0.3
Fault: [3,1,4,3,4,5], logL: -8.007938, Exp of LogL: 0.000333, Normalized LogL: -1.601588, Exp of Normalized LogL: 0.201576, Best Rate: 0.3
Fault: [5,1,2,3,4,5], logL: -8.007938, Exp of LogL: 0.000333, Normalized LogL: -1.601588, Exp of Normalized LogL: 0.201576, Best Rate: 0.3
Fault: [3,1,3,3,4,5], logL: -8.254799, Exp of LogL: 0.000260, Normalized LogL: -1.650960, Exp of Normalized LogL: 0.191866, Best Rate: 0.3
Fault: [0,1,2,3,4,5], logL: -8.520854, Exp of LogL: 0.000199, Normalized LogL: -1.704171, Exp of Normalized LogL: 0.181923, Best Rate: 0.3
Fault: [1,1,2,3,4,5], logL: -8.617704, Exp of LogL: 0.000181, Normalized LogL: -1.723541, Exp of Normalized LogL: 0.178433, Best Rate: 0.3

========= ADAPTIVE MC DEBUG =========
Total calls: 50
Avg tries: 170.00
Confidence stops: 50
Max stops: 0
Max stop rate: 0.000
Real Fault Rank 5
===== SEED 97 | FR=0.3 | VR=40 =====
executing with fault mode: [3,1,2,3,4,5]

Fault scores (higher is better):
Fault: [2,1,2,3,4,5], logL: -10.114785, Exp of LogL: 0.000040, Normalized LogL: -1.123865, Exp of Normalized LogL: 0.325021, Best Rate: 0.3
Fault: [4,1,2,3,4,5], logL: -11.256522, Exp of LogL: 0.000013, Normalized LogL: -1.250725, Exp of Normalized LogL: 0.286297, Best Rate: 0.3
Fault: [5,1,2,3,4,5], logL: -11.256522, Exp of LogL: 0.000013, Normalized LogL: -1.250725, Exp of Normalized LogL: 0.286297, Best Rate: 0.3
Fault: [0,1,2,3,4,5], logL: -11.572001, Exp of LogL: 0.000009, Normalized LogL: -1.285778, Exp of Normalized LogL: 0.276435, Best Rate: 0.3
Fault: [3,1,2,3,4,5], logL: -11.690386, Exp of LogL: 0.000008, Normalized LogL: -1.298932, Exp of Normalized LogL: 0.272823, Best Rate: 0.3
Fault: [3,1,5,3,4,5], logL: -11.872708, Exp of LogL: 0.000007, Normalized LogL: -1.319190, Exp of Normalized LogL: 0.267352, Best Rate: 0.3
Fault: [3,1,4,3,4,5], logL: -11.872708, Exp of LogL: 0.000007, Normalized LogL: -1.319190, Exp of Normalized LogL: 0.267352, Best Rate: 0.3
Fault: [3,1,3,3,4,5], logL: -12.095851, Exp of LogL: 0.000006, Normalized LogL: -1.343983, Exp of Normalized LogL: 0.260805, Best Rate: 0.3
Fault: [3,1,0,3,4,5], logL: -12.095851, Exp of LogL: 0.000006, Normalized LogL: -1.343983, Exp of Normalized LogL: 0.260805, Best Rate: 0.3
Fault: [1,1,2,3,4,5], logL: -12.362667, Exp of LogL: 0.000004, Normalized LogL: -1.373630, Exp of Normalized LogL: 0.253186, Best Rate: 0.3

========= ADAPTIVE MC DEBUG =========
Total calls: 90
Avg tries: 155.56
Confidence stops: 90
Max stops: 0
Max stop rate: 0.000
Real Fault Rank 5
===== SEED 97 | FR=0.3 | VR=60 =====
executing with fault mode: [3,1,2,3,4,5]

Fault scores (higher is better):
Fault: [2,1,2,3,4,5], logL: -11.760833, Exp of LogL: 0.000008, Normalized LogL: -0.904679, Exp of Normalized LogL: 0.404672, Best Rate: 0.3
Fault: [4,1,2,3,4,5], logL: -12.675297, Exp of LogL: 0.000003, Normalized LogL: -0.975023, Exp of Normalized LogL: 0.377184, Best Rate: 0.3
Fault: [5,1,2,3,4,5], logL: -12.675297, Exp of LogL: 0.000003, Normalized LogL: -0.975023, Exp of Normalized LogL: 0.377184, Best Rate: 0.3
Fault: [0,1,2,3,4,5], logL: -13.686984, Exp of LogL: 0.000001, Normalized LogL: -1.052845, Exp of Normalized LogL: 0.348944, Best Rate: 0.3
Fault: [3,1,2,3,4,5], logL: -14.151685, Exp of LogL: 0.000001, Normalized LogL: -1.088591, Exp of Normalized LogL: 0.336691, Best Rate: 0.3
Fault: [3,1,0,3,4,5], logL: -14.352355, Exp of LogL: 0.000001, Normalized LogL: -1.104027, Exp of Normalized LogL: 0.331533, Best Rate: 0.3
Fault: [3,1,3,3,4,5], logL: -14.470138, Exp of LogL: 0.000001, Normalized LogL: -1.113088, Exp of Normalized LogL: 0.328543, Best Rate: 0.3
Fault: [3,1,5,3,4,5], logL: -14.470138, Exp of LogL: 0.000001, Normalized LogL: -1.113088, Exp of Normalized LogL: 0.328543, Best Rate: 0.3
Fault: [3,1,4,3,4,5], logL: -14.470138, Exp of LogL: 0.000001, Normalized LogL: -1.113088, Exp of Normalized LogL: 0.328543, Best Rate: 0.3
Fault: [1,1,2,3,4,5], logL: -14.706809, Exp of LogL: 0.000000, Normalized LogL: -1.131293, Exp of Normalized LogL: 0.322616, Best Rate: 0.3

========= ADAPTIVE MC DEBUG =========
Total calls: 130
Avg tries: 150.00
Confidence stops: 130
Max stops: 0
Max stop rate: 0.000
Real Fault Rank 5
===== SEED 97 | FR=0.3 | VR=80 =====
executing with fault mode: [3,1,2,3,4,5]

Fault scores (higher is better):
Fault: [2,1,2,3,4,5], logL: -14.927970, Exp of LogL: 0.000000, Normalized LogL: -0.878116, Exp of Normalized LogL: 0.415565, Best Rate: 0.3
Fault: [4,1,2,3,4,5], logL: -15.785561, Exp of LogL: 0.000000, Normalized LogL: -0.928562, Exp of Normalized LogL: 0.395121, Best Rate: 0.3
Fault: [5,1,2,3,4,5], logL: -15.785561, Exp of LogL: 0.000000, Normalized LogL: -0.928562, Exp of Normalized LogL: 0.395121, Best Rate: 0.3
Fault: [3,1,2,3,4,5], logL: -16.720200, Exp of LogL: 0.000000, Normalized LogL: -0.983541, Exp of Normalized LogL: 0.373984, Best Rate: 0.3
Fault: [0,1,2,3,4,5], logL: -16.843287, Exp of LogL: 0.000000, Normalized LogL: -0.990782, Exp of Normalized LogL: 0.371286, Best Rate: 0.3
Fault: [1,1,2,3,4,5], logL: -17.134657, Exp of LogL: 0.000000, Normalized LogL: -1.007921, Exp of Normalized LogL: 0.364977, Best Rate: 0.3
Fault: [3,1,0,3,4,5], logL: -17.265846, Exp of LogL: 0.000000, Normalized LogL: -1.015638, Exp of Normalized LogL: 0.362171, Best Rate: 0.3
Fault: [3,1,3,3,4,5], logL: -17.434182, Exp of LogL: 0.000000, Normalized LogL: -1.025540, Exp of Normalized LogL: 0.358603, Best Rate: 0.3
Fault: [3,1,5,3,4,5], logL: -17.434182, Exp of LogL: 0.000000, Normalized LogL: -1.025540, Exp of Normalized LogL: 0.358603, Best Rate: 0.3
Fault: [3,1,4,3,4,5], logL: -17.434182, Exp of LogL: 0.000000, Normalized LogL: -1.025540, Exp of Normalized LogL: 0.358603, Best Rate: 0.3

========= ADAPTIVE MC DEBUG =========
Total calls: 170
Avg tries: 150.00
Confidence stops: 170
Max stops: 0
Max stop rate: 0.000
Real Fault Rank 4
===== SEED 97 | FR=0.3 | VR=100 =====
executing with fault mode: [3,1,2,3,4,5]

Fault scores (higher is better):
Fault: [2,1,2,3,4,5], logL: -15.292336, Exp of LogL: 0.000000, Normalized LogL: -0.728206, Exp of Normalized LogL: 0.482774, Best Rate: 0.3
Fault: [0,1,2,3,4,5], logL: -16.708666, Exp of LogL: 0.000000, Normalized LogL: -0.795651, Exp of Normalized LogL: 0.451287, Best Rate: 0.3
Fault: [4,1,2,3,4,5], logL: -16.865865, Exp of LogL: 0.000000, Normalized LogL: -0.803136, Exp of Normalized LogL: 0.447922, Best Rate: 0.3
Fault: [5,1,2,3,4,5], logL: -16.865865, Exp of LogL: 0.000000, Normalized LogL: -0.803136, Exp of Normalized LogL: 0.447922, Best Rate: 0.3
Fault: [3,1,2,3,4,5], logL: -17.159865, Exp of LogL: 0.000000, Normalized LogL: -0.817136, Exp of Normalized LogL: 0.441695, Best Rate: 0.3
Fault: [3,1,0,3,4,5], logL: -17.802929, Exp of LogL: 0.000000, Normalized LogL: -0.847759, Exp of Normalized LogL: 0.428374, Best Rate: 0.3
Fault: [3,1,3,3,4,5], logL: -18.023224, Exp of LogL: 0.000000, Normalized LogL: -0.858249, Exp of Normalized LogL: 0.423904, Best Rate: 0.3
Fault: [3,1,5,3,4,5], logL: -18.023224, Exp of LogL: 0.000000, Normalized LogL: -0.858249, Exp of Normalized LogL: 0.423904, Best Rate: 0.3
Fault: [3,1,4,3,4,5], logL: -18.023224, Exp of LogL: 0.000000, Normalized LogL: -0.858249, Exp of Normalized LogL: 0.423904, Best Rate: 0.3
Fault: [1,1,2,3,4,5], logL: -18.150214, Exp of LogL: 0.000000, Normalized LogL: -0.864296, Exp of Normalized LogL: 0.421348, Best Rate: 0.3

========= ADAPTIVE MC DEBUG =========
Total calls: 210
Avg tries: 150.00
Confidence stops: 210
Max stops: 0
Max stop rate: 0.000
Real Fault Rank 5
================= 22/08/2026 05:02:34: SEED 97 END =================
================= 22/08/2026 05:02:34: SEED 98 (95/100), a*=2 fault=[0,1,0,3,4,5] START =================
===== SEED 98 | FR=0.3 | VR=20 =====
executing with fault mode: [0,1,0,3,4,5]

Fault scores (higher is better):
Fault: [0,1,2,3,4,5], logL: -7.293958, Exp of LogL: 0.000680, Normalized LogL: -1.823490, Exp of Normalized LogL: 0.161461, Best Rate: 0.3
Fault: [0,1,1,3,4,5], logL: -7.720287, Exp of LogL: 0.000444, Normalized LogL: -1.930072, Exp of Normalized LogL: 0.145138, Best Rate: 0.3
Fault: [0,1,5,3,4,5], logL: -7.876791, Exp of LogL: 0.000379, Normalized LogL: -1.969198, Exp of Normalized LogL: 0.139569, Best Rate: 0.3
Fault: [0,1,4,3,4,5], logL: -7.876791, Exp of LogL: 0.000379, Normalized LogL: -1.969198, Exp of Normalized LogL: 0.139569, Best Rate: 0.3
Fault: [0,1,0,3,4,5], logL: -7.949861, Exp of LogL: 0.000353, Normalized LogL: -1.987465, Exp of Normalized LogL: 0.137042, Best Rate: 0.3
Fault: [0,1,3,3,4,5], logL: -7.967762, Exp of LogL: 0.000346, Normalized LogL: -1.991941, Exp of Normalized LogL: 0.136430, Best Rate: 0.3
Fault: [0,1,0,3,1,5], logL: -8.014400, Exp of LogL: 0.000331, Normalized LogL: -2.003600, Exp of Normalized LogL: 0.134849, Best Rate: 0.3
Fault: [0,1,0,3,0,5], logL: -8.083393, Exp of LogL: 0.000309, Normalized LogL: -2.020848, Exp of Normalized LogL: 0.132543, Best Rate: 0.3
Fault: [0,1,0,3,3,5], logL: -8.083393, Exp of LogL: 0.000309, Normalized LogL: -2.020848, Exp of Normalized LogL: 0.132543, Best Rate: 0.3
Fault: [0,1,0,3,5,5], logL: -8.083393, Exp of LogL: 0.000309, Normalized LogL: -2.020848, Exp of Normalized LogL: 0.132543, Best Rate: 0.3

========= ADAPTIVE MC DEBUG =========
Total calls: 40
Avg tries: 162.50
Confidence stops: 40
Max stops: 0
Max stop rate: 0.000
Real Fault Rank 5
===== SEED 98 | FR=0.3 | VR=40 =====
executing with fault mode: [0,1,0,3,4,5]

Fault scores (higher is better):
Fault: [0,1,2,3,4,5], logL: -9.757886, Exp of LogL: 0.000058, Normalized LogL: -1.393984, Exp of Normalized LogL: 0.248085, Best Rate: 0.3
Fault: [0,1,0,3,4,5], logL: -10.036876, Exp of LogL: 0.000044, Normalized LogL: -1.433839, Exp of Normalized LogL: 0.238392, Best Rate: 0.3
Fault: [0,1,0,3,0,5], logL: -10.170408, Exp of LogL: 0.000038, Normalized LogL: -1.452915, Exp of Normalized LogL: 0.233887, Best Rate: 0.3
Fault: [0,1,0,3,3,5], logL: -10.170408, Exp of LogL: 0.000038, Normalized LogL: -1.452915, Exp of Normalized LogL: 0.233887, Best Rate: 0.3
Fault: [0,1,0,3,5,5], logL: -10.170408, Exp of LogL: 0.000038, Normalized LogL: -1.452915, Exp of Normalized LogL: 0.233887, Best Rate: 0.3
Fault: [0,1,0,3,1,5], logL: -10.506880, Exp of LogL: 0.000027, Normalized LogL: -1.500983, Exp of Normalized LogL: 0.222911, Best Rate: 0.3
Fault: [0,1,3,3,4,5], logL: -10.619743, Exp of LogL: 0.000024, Normalized LogL: -1.517106, Exp of Normalized LogL: 0.219346, Best Rate: 0.3
Fault: [0,1,1,3,4,5], logL: -10.837156, Exp of LogL: 0.000020, Normalized LogL: -1.548165, Exp of Normalized LogL: 0.212638, Best Rate: 0.3
Fault: [0,1,5,3,4,5], logL: -10.919847, Exp of LogL: 0.000018, Normalized LogL: -1.559978, Exp of Normalized LogL: 0.210141, Best Rate: 0.3
Fault: [0,1,4,3,4,5], logL: -10.919847, Exp of LogL: 0.000018, Normalized LogL: -1.559978, Exp of Normalized LogL: 0.210141, Best Rate: 0.3

========= ADAPTIVE MC DEBUG =========
Total calls: 70
Avg tries: 150.00
Confidence stops: 70
Max stops: 0
Max stop rate: 0.000
Real Fault Rank 2
===== SEED 98 | FR=0.3 | VR=60 =====
executing with fault mode: [0,1,0,3,4,5]

Fault scores (higher is better):
Fault: [0,1,2,3,4,5], logL: -10.802865, Exp of LogL: 0.000020, Normalized LogL: -0.982079, Exp of Normalized LogL: 0.374532, Best Rate: 0.3
Fault: [0,1,0,3,0,5], logL: -10.818220, Exp of LogL: 0.000020, Normalized LogL: -0.983475, Exp of Normalized LogL: 0.374009, Best Rate: 0.3
Fault: [0,1,0,3,3,5], logL: -10.818220, Exp of LogL: 0.000020, Normalized LogL: -0.983475, Exp of Normalized LogL: 0.374009, Best Rate: 0.3
Fault: [0,1,0,3,5,5], logL: -10.818220, Exp of LogL: 0.000020, Normalized LogL: -0.983475, Exp of Normalized LogL: 0.374009, Best Rate: 0.3
Fault: [0,1,0,3,4,5], logL: -11.059382, Exp of LogL: 0.000016, Normalized LogL: -1.005398, Exp of Normalized LogL: 0.365899, Best Rate: 0.3
Fault: [0,1,0,3,1,5], logL: -11.377835, Exp of LogL: 0.000011, Normalized LogL: -1.034349, Exp of Normalized LogL: 0.355458, Best Rate: 0.3
Fault: [0,1,3,3,4,5], logL: -11.637334, Exp of LogL: 0.000009, Normalized LogL: -1.057939, Exp of Normalized LogL: 0.347170, Best Rate: 0.3
Fault: [0,1,1,3,4,5], logL: -11.726130, Exp of LogL: 0.000008, Normalized LogL: -1.066012, Exp of Normalized LogL: 0.344379, Best Rate: 0.3
Fault: [0,1,5,3,4,5], logL: -11.937439, Exp of LogL: 0.000007, Normalized LogL: -1.085222, Exp of Normalized LogL: 0.337827, Best Rate: 0.3
Fault: [0,1,4,3,4,5], logL: -11.937439, Exp of LogL: 0.000007, Normalized LogL: -1.085222, Exp of Normalized LogL: 0.337827, Best Rate: 0.3

========= ADAPTIVE MC DEBUG =========
Total calls: 110
Avg tries: 150.00
Confidence stops: 110
Max stops: 0
Max stop rate: 0.000
Real Fault Rank 5
===== SEED 98 | FR=0.3 | VR=80 =====
executing with fault mode: [0,1,0,3,4,5]

Fault scores (higher is better):
Fault: [0,1,2,3,4,5], logL: -13.496755, Exp of LogL: 0.000001, Normalized LogL: -0.964054, Exp of Normalized LogL: 0.381344, Best Rate: 0.3
Fault: [0,1,0,3,4,5], logL: -13.753272, Exp of LogL: 0.000001, Normalized LogL: -0.982377, Exp of Normalized LogL: 0.374420, Best Rate: 0.3
Fault: [0,1,0,3,1,5], logL: -14.040954, Exp of LogL: 0.000001, Normalized LogL: -1.002925, Exp of Normalized LogL: 0.366805, Best Rate: 0.3
Fault: [0,1,0,3,0,5], logL: -14.040954, Exp of LogL: 0.000001, Normalized LogL: -1.002925, Exp of Normalized LogL: 0.366805, Best Rate: 0.3
Fault: [0,1,0,3,3,5], logL: -14.040954, Exp of LogL: 0.000001, Normalized LogL: -1.002925, Exp of Normalized LogL: 0.366805, Best Rate: 0.3
Fault: [0,1,0,3,5,5], logL: -14.040954, Exp of LogL: 0.000001, Normalized LogL: -1.002925, Exp of Normalized LogL: 0.366805, Best Rate: 0.3
Fault: [0,1,3,3,4,5], logL: -14.331224, Exp of LogL: 0.000001, Normalized LogL: -1.023659, Exp of Normalized LogL: 0.359278, Best Rate: 0.3
Fault: [0,1,1,3,4,5], logL: -14.420020, Exp of LogL: 0.000001, Normalized LogL: -1.030001, Exp of Normalized LogL: 0.357006, Best Rate: 0.3
Fault: [0,1,5,3,4,5], logL: -14.631329, Exp of LogL: 0.000000, Normalized LogL: -1.045095, Exp of Normalized LogL: 0.351658, Best Rate: 0.3
Fault: [0,1,4,3,4,5], logL: -14.631329, Exp of LogL: 0.000000, Normalized LogL: -1.045095, Exp of Normalized LogL: 0.351658, Best Rate: 0.3

========= ADAPTIVE MC DEBUG =========
Total calls: 140
Avg tries: 150.00
Confidence stops: 140
Max stops: 0
Max stop rate: 0.000
Real Fault Rank 2
===== SEED 98 | FR=0.3 | VR=100 =====
executing with fault mode: [0,1,0,3,4,5]

Fault scores (higher is better):
Fault: [0,1,0,3,4,5], logL: -14.121977, Exp of LogL: 0.000001, Normalized LogL: -0.784554, Exp of Normalized LogL: 0.456323, Best Rate: 0.3
Fault: [0,1,0,3,1,5], logL: -14.568264, Exp of LogL: 0.000000, Normalized LogL: -0.809348, Exp of Normalized LogL: 0.445148, Best Rate: 0.3
Fault: [0,1,0,3,0,5], logL: -14.568264, Exp of LogL: 0.000000, Normalized LogL: -0.809348, Exp of Normalized LogL: 0.445148, Best Rate: 0.3
Fault: [0,1,0,3,3,5], logL: -14.568264, Exp of LogL: 0.000000, Normalized LogL: -0.809348, Exp of Normalized LogL: 0.445148, Best Rate: 0.3
Fault: [0,1,0,3,5,5], logL: -14.568264, Exp of LogL: 0.000000, Normalized LogL: -0.809348, Exp of Normalized LogL: 0.445148, Best Rate: 0.3
Fault: [0,1,2,3,4,5], logL: -14.617721, Exp of LogL: 0.000000, Normalized LogL: -0.812096, Exp of Normalized LogL: 0.443927, Best Rate: 0.3
Fault: [0,1,3,3,4,5], logL: -15.072436, Exp of LogL: 0.000000, Normalized LogL: -0.837358, Exp of Normalized LogL: 0.432853, Best Rate: 0.3
Fault: [0,1,1,3,4,5], logL: -15.454050, Exp of LogL: 0.000000, Normalized LogL: -0.858558, Exp of Normalized LogL: 0.423773, Best Rate: 0.3
Fault: [0,1,5,3,4,5], logL: -15.583261, Exp of LogL: 0.000000, Normalized LogL: -0.865737, Exp of Normalized LogL: 0.420741, Best Rate: 0.3
Fault: [0,1,4,3,4,5], logL: -15.583261, Exp of LogL: 0.000000, Normalized LogL: -0.865737, Exp of Normalized LogL: 0.420741, Best Rate: 0.3

========= ADAPTIVE MC DEBUG =========
Total calls: 180
Avg tries: 150.00
Confidence stops: 180
Max stops: 0
Max stop rate: 0.000
Real Fault Rank 1
================= 22/08/2026 05:02:48: SEED 98 END =================
================= 22/08/2026 05:02:48: SEED 99 (96/100), a*=1 fault=[0,0,2,3,4,5] START =================
===== SEED 99 | FR=0.3 | VR=20 =====
executing with fault mode: [0,0,2,3,4,5]

Fault scores (higher is better):
Fault: [0,2,2,3,4,5], logL: -17.150245, Exp of LogL: 0.000000, Normalized LogL: -1.905583, Exp of Normalized LogL: 0.148736, Best Rate: 0.3
Fault: [0,0,2,1,4,5], logL: -18.736371, Exp of LogL: 0.000000, Normalized LogL: -2.081819, Exp of Normalized LogL: 0.124703, Best Rate: 0.3
Fault: [0,0,2,3,4,5], logL: -19.085410, Exp of LogL: 0.000000, Normalized LogL: -2.120601, Exp of Normalized LogL: 0.119959, Best Rate: 0.3
Fault: [0,0,2,4,4,5], logL: -20.646759, Exp of LogL: 0.000000, Normalized LogL: -2.294084, Exp of Normalized LogL: 0.100854, Best Rate: 0.3
Fault: [0,0,2,2,4,5], logL: -20.754309, Exp of LogL: 0.000000, Normalized LogL: -2.306034, Exp of Normalized LogL: 0.099656, Best Rate: 0.3
Fault: [0,0,2,0,4,5], logL: -20.897725, Exp of LogL: 0.000000, Normalized LogL: -2.321969, Exp of Normalized LogL: 0.098080, Best Rate: 0.3
Fault: [0,3,2,3,4,5], logL: -22.783709, Exp of LogL: 0.000000, Normalized LogL: -2.531523, Exp of Normalized LogL: 0.079538, Best Rate: 0.3
Fault: [0,4,2,3,4,5], logL: -24.027780, Exp of LogL: 0.000000, Normalized LogL: -2.669753, Exp of Normalized LogL: 0.069269, Best Rate: 0.3
Fault: [0,5,2,3,4,5], logL: -24.027780, Exp of LogL: 0.000000, Normalized LogL: -2.669753, Exp of Normalized LogL: 0.069269, Best Rate: 0.3
Fault: [0,1,2,3,4,5], logL: -45.610614, Exp of LogL: 0.000000, Normalized LogL: -5.067846, Exp of Normalized LogL: 0.006296, Best Rate: 0.3

========= ADAPTIVE MC DEBUG =========
Total calls: 90
Avg tries: 172.22
Confidence stops: 90
Max stops: 0
Max stop rate: 0.000
Real Fault Rank 3
===== SEED 99 | FR=0.3 | VR=40 =====
executing with fault mode: [0,0,2,3,4,5]

Fault scores (higher is better):
Fault: [0,0,2,1,4,5], logL: -30.820522, Exp of LogL: 0.000000, Normalized LogL: -1.712251, Exp of Normalized LogL: 0.180459, Best Rate: 0.3
Fault: [0,0,2,2,4,5], logL: -33.508926, Exp of LogL: 0.000000, Normalized LogL: -1.861607, Exp of Normalized LogL: 0.155423, Best Rate: 0.3
Fault: [0,0,2,4,4,5], logL: -34.176633, Exp of LogL: 0.000000, Normalized LogL: -1.898702, Exp of Normalized LogL: 0.149763, Best Rate: 0.3
Fault: [0,2,2,3,4,5], logL: -52.845142, Exp of LogL: 0.000000, Normalized LogL: -2.935841, Exp of Normalized LogL: 0.053086, Best Rate: 0.3
Fault: [0,0,2,3,4,5], logL: -54.388402, Exp of LogL: 0.000000, Normalized LogL: -3.021578, Exp of Normalized LogL: 0.048724, Best Rate: 0.3
Fault: [0,0,2,0,4,5], logL: -56.594247, Exp of LogL: 0.000000, Normalized LogL: -3.144125, Exp of Normalized LogL: 0.043105, Best Rate: 0.3
Fault: [0,3,2,3,4,5], logL: -60.722478, Exp of LogL: 0.000000, Normalized LogL: -3.373471, Exp of Normalized LogL: 0.034270, Best Rate: 0.3
Fault: [0,1,2,3,4,5], logL: -81.717787, Exp of LogL: 0.000000, Normalized LogL: -4.539877, Exp of Normalized LogL: 0.010675, Best Rate: 0.3
Fault: [0,4,2,3,4,5], logL: -83.614192, Exp of LogL: 0.000000, Normalized LogL: -4.645233, Exp of Normalized LogL: 0.009607, Best Rate: 0.3
Fault: [0,5,2,3,4,5], logL: -83.614192, Exp of LogL: 0.000000, Normalized LogL: -4.645233, Exp of Normalized LogL: 0.009607, Best Rate: 0.3

========= ADAPTIVE MC DEBUG =========
Total calls: 180
Avg tries: 158.33
Confidence stops: 180
Max stops: 0
Max stop rate: 0.000
Real Fault Rank 5
===== SEED 99 | FR=0.3 | VR=60 =====
executing with fault mode: [0,0,2,3,4,5]

Fault scores (higher is better):
Fault: [0,0,2,3,4,5], logL: -39.812347, Exp of LogL: 0.000000, Normalized LogL: -1.531244, Exp of Normalized LogL: 0.216266, Best Rate: 0.3
Fault: [0,0,2,1,4,5], logL: -40.298001, Exp of LogL: 0.000000, Normalized LogL: -1.549923, Exp of Normalized LogL: 0.212264, Best Rate: 0.3
Fault: [0,0,2,0,4,5], logL: -41.970016, Exp of LogL: 0.000000, Normalized LogL: -1.614231, Exp of Normalized LogL: 0.199044, Best Rate: 0.3
Fault: [0,0,2,2,4,5], logL: -42.055633, Exp of LogL: 0.000000, Normalized LogL: -1.617524, Exp of Normalized LogL: 0.198389, Best Rate: 0.3
Fault: [0,0,2,4,4,5], logL: -43.355606, Exp of LogL: 0.000000, Normalized LogL: -1.667523, Exp of Normalized LogL: 0.188714, Best Rate: 0.3
Fault: [0,3,2,3,4,5], logL: -50.034578, Exp of LogL: 0.000000, Normalized LogL: -1.924407, Exp of Normalized LogL: 0.145962, Best Rate: 0.3
Fault: [0,2,2,3,4,5], logL: -87.826666, Exp of LogL: 0.000000, Normalized LogL: -3.377949, Exp of Normalized LogL: 0.034117, Best Rate: 0.3
Fault: [0,1,2,3,4,5], logL: -117.350123, Exp of LogL: 0.000000, Normalized LogL: -4.513466, Exp of Normalized LogL: 0.010960, Best Rate: 0.3
Fault: [0,4,2,3,4,5], logL: -120.623510, Exp of LogL: 0.000000, Normalized LogL: -4.639366, Exp of Normalized LogL: 0.009664, Best Rate: 0.3
Fault: [0,5,2,3,4,5], logL: -120.623510, Exp of LogL: 0.000000, Normalized LogL: -4.639366, Exp of Normalized LogL: 0.009664, Best Rate: 0.3

========= ADAPTIVE MC DEBUG =========
Total calls: 260
Avg tries: 150.00
Confidence stops: 260
Max stops: 0
Max stop rate: 0.000
Real Fault Rank 1
===== SEED 99 | FR=0.3 | VR=80 =====
executing with fault mode: [0,0,2,3,4,5]

Fault scores (higher is better):
Fault: [0,0,2,3,4,5], logL: -44.705641, Exp of LogL: 0.000000, Normalized LogL: -1.277304, Exp of Normalized LogL: 0.278788, Best Rate: 0.3
Fault: [0,0,2,1,4,5], logL: -45.672406, Exp of LogL: 0.000000, Normalized LogL: -1.304926, Exp of Normalized LogL: 0.271193, Best Rate: 0.3
Fault: [0,0,2,0,4,5], logL: -46.801574, Exp of LogL: 0.000000, Normalized LogL: -1.337188, Exp of Normalized LogL: 0.262583, Best Rate: 0.3
Fault: [0,0,2,2,4,5], logL: -47.454070, Exp of LogL: 0.000000, Normalized LogL: -1.355831, Exp of Normalized LogL: 0.257733, Best Rate: 0.3
Fault: [0,0,2,4,4,5], logL: -48.670661, Exp of LogL: 0.000000, Normalized LogL: -1.390590, Exp of Normalized LogL: 0.248928, Best Rate: 0.3
Fault: [0,2,2,3,4,5], logL: -68.643576, Exp of LogL: 0.000000, Normalized LogL: -1.961245, Exp of Normalized LogL: 0.140683, Best Rate: 0.3
Fault: [0,3,2,3,4,5], logL: -77.646551, Exp of LogL: 0.000000, Normalized LogL: -2.218473, Exp of Normalized LogL: 0.108775, Best Rate: 0.3
Fault: [0,1,2,3,4,5], logL: -122.111508, Exp of LogL: 0.000000, Normalized LogL: -3.488900, Exp of Normalized LogL: 0.030534, Best Rate: 0.3
Fault: [0,4,2,3,4,5], logL: -126.966099, Exp of LogL: 0.000000, Normalized LogL: -3.627603, Exp of Normalized LogL: 0.026580, Best Rate: 0.3
Fault: [0,5,2,3,4,5], logL: -126.966099, Exp of LogL: 0.000000, Normalized LogL: -3.627603, Exp of Normalized LogL: 0.026580, Best Rate: 0.3

========= ADAPTIVE MC DEBUG =========
Total calls: 350
Avg tries: 150.00
Confidence stops: 350
Max stops: 0
Max stop rate: 0.000
Real Fault Rank 1
===== SEED 99 | FR=0.3 | VR=100 =====
executing with fault mode: [0,0,2,3,4,5]

Fault scores (higher is better):
Fault: [0,0,2,3,4,5], logL: -48.982353, Exp of LogL: 0.000000, Normalized LogL: -1.113235, Exp of Normalized LogL: 0.328494, Best Rate: 0.3
Fault: [0,0,2,1,4,5], logL: -49.857299, Exp of LogL: 0.000000, Normalized LogL: -1.133120, Exp of Normalized LogL: 0.322027, Best Rate: 0.3
Fault: [0,0,2,0,4,5], logL: -51.433224, Exp of LogL: 0.000000, Normalized LogL: -1.168937, Exp of Normalized LogL: 0.310697, Best Rate: 0.3
Fault: [0,0,2,2,4,5], logL: -52.019725, Exp of LogL: 0.000000, Normalized LogL: -1.182266, Exp of Normalized LogL: 0.306583, Best Rate: 0.3
Fault: [0,0,2,4,4,5], logL: -52.879641, Exp of LogL: 0.000000, Normalized LogL: -1.201810, Exp of Normalized LogL: 0.300650, Best Rate: 0.3
Fault: [0,3,2,3,4,5], logL: -84.455136, Exp of LogL: 0.000000, Normalized LogL: -1.919435, Exp of Normalized LogL: 0.146690, Best Rate: 0.3
Fault: [0,2,2,3,4,5], logL: -98.769915, Exp of LogL: 0.000000, Normalized LogL: -2.244771, Exp of Normalized LogL: 0.105952, Best Rate: 0.3
Fault: [0,1,2,3,4,5], logL: -177.102594, Exp of LogL: 0.000000, Normalized LogL: -4.025059, Exp of Normalized LogL: 0.017862, Best Rate: 0.3
Fault: [0,4,2,3,4,5], logL: -183.280252, Exp of LogL: 0.000000, Normalized LogL: -4.165460, Exp of Normalized LogL: 0.015523, Best Rate: 0.3
Fault: [0,5,2,3,4,5], logL: -183.280252, Exp of LogL: 0.000000, Normalized LogL: -4.165460, Exp of Normalized LogL: 0.015523, Best Rate: 0.3

========= ADAPTIVE MC DEBUG =========
Total calls: 440
Avg tries: 150.00
Confidence stops: 440
Max stops: 0
Max stop rate: 0.000
Real Fault Rank 1
================= 22/08/2026 05:03:24: SEED 99 END =================
================= 22/08/2026 05:03:24: SEED 100 (97/100), a*=3 fault=[0,1,2,0,4,5] START =================
===== SEED 100 | FR=0.3 | VR=20 =====
executing with fault mode: [0,1,2,0,4,5]

Fault scores (higher is better):
Fault: [0,1,2,3,4,5], logL: -3.748394, Exp of LogL: 0.023556, Normalized LogL: -1.249465, Exp of Normalized LogL: 0.286658, Best Rate: 0.3
Fault: [0,1,2,0,4,5], logL: -3.959814, Exp of LogL: 0.019067, Normalized LogL: -1.319938, Exp of Normalized LogL: 0.267152, Best Rate: 0.3
Fault: [0,1,2,4,4,5], logL: -4.018372, Exp of LogL: 0.017982, Normalized LogL: -1.339457, Exp of Normalized LogL: 0.261988, Best Rate: 0.3
Fault: [0,1,2,5,4,5], logL: -4.018372, Exp of LogL: 0.017982, Normalized LogL: -1.339457, Exp of Normalized LogL: 0.261988, Best Rate: 0.3
Fault: [0,1,2,1,4,5], logL: -4.020054, Exp of LogL: 0.017952, Normalized LogL: -1.340018, Exp of Normalized LogL: 0.261841, Best Rate: 0.3
Fault: [0,1,2,0,1,5], logL: -4.104395, Exp of LogL: 0.016500, Normalized LogL: -1.368132, Exp of Normalized LogL: 0.254582, Best Rate: 0.3
Fault: [0,1,2,0,0,5], logL: -4.104395, Exp of LogL: 0.016500, Normalized LogL: -1.368132, Exp of Normalized LogL: 0.254582, Best Rate: 0.3
Fault: [0,1,2,0,3,5], logL: -4.104395, Exp of LogL: 0.016500, Normalized LogL: -1.368132, Exp of Normalized LogL: 0.254582, Best Rate: 0.3
Fault: [0,1,2,0,5,5], logL: -4.104395, Exp of LogL: 0.016500, Normalized LogL: -1.368132, Exp of Normalized LogL: 0.254582, Best Rate: 0.3
Fault: [0,1,2,2,4,5], logL: -4.297685, Exp of LogL: 0.013600, Normalized LogL: -1.432562, Exp of Normalized LogL: 0.238697, Best Rate: 0.3

========= ADAPTIVE MC DEBUG =========
Total calls: 30
Avg tries: 166.67
Confidence stops: 30
Max stops: 0
Max stop rate: 0.000
Real Fault Rank 2
===== SEED 100 | FR=0.3 | VR=40 =====
executing with fault mode: [0,1,2,0,4,5]

Fault scores (higher is better):
Fault: [0,1,2,1,4,5], logL: -7.105659, Exp of LogL: 0.000820, Normalized LogL: -1.184277, Exp of Normalized LogL: 0.305967, Best Rate: 0.3
Fault: [0,1,2,3,4,5], logL: -7.433759, Exp of LogL: 0.000591, Normalized LogL: -1.238960, Exp of Normalized LogL: 0.289685, Best Rate: 0.3
Fault: [0,1,2,0,4,5], logL: -7.715491, Exp of LogL: 0.000446, Normalized LogL: -1.285915, Exp of Normalized LogL: 0.276398, Best Rate: 0.3
Fault: [0,1,2,0,1,5], logL: -8.043995, Exp of LogL: 0.000321, Normalized LogL: -1.340666, Exp of Normalized LogL: 0.261671, Best Rate: 0.3
Fault: [0,1,2,0,0,5], logL: -8.043995, Exp of LogL: 0.000321, Normalized LogL: -1.340666, Exp of Normalized LogL: 0.261671, Best Rate: 0.3
Fault: [0,1,2,0,3,5], logL: -8.043995, Exp of LogL: 0.000321, Normalized LogL: -1.340666, Exp of Normalized LogL: 0.261671, Best Rate: 0.3
Fault: [0,1,2,0,5,5], logL: -8.043995, Exp of LogL: 0.000321, Normalized LogL: -1.340666, Exp of Normalized LogL: 0.261671, Best Rate: 0.3
Fault: [0,1,2,2,4,5], logL: -8.158843, Exp of LogL: 0.000286, Normalized LogL: -1.359807, Exp of Normalized LogL: 0.256710, Best Rate: 0.3
Fault: [0,1,2,4,4,5], logL: -8.969185, Exp of LogL: 0.000127, Normalized LogL: -1.494864, Exp of Normalized LogL: 0.224279, Best Rate: 0.3
Fault: [0,1,2,5,4,5], logL: -8.969185, Exp of LogL: 0.000127, Normalized LogL: -1.494864, Exp of Normalized LogL: 0.224279, Best Rate: 0.3

========= ADAPTIVE MC DEBUG =========
Total calls: 60
Avg tries: 150.00
Confidence stops: 60
Max stops: 0
Max stop rate: 0.000
Real Fault Rank 3
===== SEED 100 | FR=0.3 | VR=60 =====
executing with fault mode: [0,1,2,0,4,5]

Fault scores (higher is better):
Fault: [0,1,2,0,4,5], logL: -8.638739, Exp of LogL: 0.000177, Normalized LogL: -1.079842, Exp of Normalized LogL: 0.339649, Best Rate: 0.3
Fault: [0,1,2,1,4,5], logL: -8.725147, Exp of LogL: 0.000162, Normalized LogL: -1.090643, Exp of Normalized LogL: 0.336000, Best Rate: 0.3
Fault: [0,1,2,3,4,5], logL: -8.963067, Exp of LogL: 0.000128, Normalized LogL: -1.120383, Exp of Normalized LogL: 0.326155, Best Rate: 0.3
Fault: [0,1,2,0,1,5], logL: -8.967243, Exp of LogL: 0.000128, Normalized LogL: -1.120905, Exp of Normalized LogL: 0.325985, Best Rate: 0.3
Fault: [0,1,2,0,0,5], logL: -8.967243, Exp of LogL: 0.000128, Normalized LogL: -1.120905, Exp of Normalized LogL: 0.325985, Best Rate: 0.3
Fault: [0,1,2,0,3,5], logL: -8.967243, Exp of LogL: 0.000128, Normalized LogL: -1.120905, Exp of Normalized LogL: 0.325985, Best Rate: 0.3
Fault: [0,1,2,0,5,5], logL: -8.967243, Exp of LogL: 0.000128, Normalized LogL: -1.120905, Exp of Normalized LogL: 0.325985, Best Rate: 0.3
Fault: [0,1,2,2,4,5], logL: -9.398213, Exp of LogL: 0.000083, Normalized LogL: -1.174777, Exp of Normalized LogL: 0.308888, Best Rate: 0.3
Fault: [0,1,2,4,4,5], logL: -10.462789, Exp of LogL: 0.000029, Normalized LogL: -1.307849, Exp of Normalized LogL: 0.270401, Best Rate: 0.3
Fault: [0,1,2,5,4,5], logL: -10.462789, Exp of LogL: 0.000029, Normalized LogL: -1.307849, Exp of Normalized LogL: 0.270401, Best Rate: 0.3

========= ADAPTIVE MC DEBUG =========
Total calls: 80
Avg tries: 150.00
Confidence stops: 80
Max stops: 0
Max stop rate: 0.000
Real Fault Rank 1
===== SEED 100 | FR=0.3 | VR=80 =====
executing with fault mode: [0,1,2,0,4,5]

Fault scores (higher is better):
Fault: [0,1,2,0,4,5], logL: -9.645843, Exp of LogL: 0.000065, Normalized LogL: -0.876895, Exp of Normalized LogL: 0.416073, Best Rate: 0.3
Fault: [0,1,2,0,1,5], logL: -9.974347, Exp of LogL: 0.000047, Normalized LogL: -0.906759, Exp of Normalized LogL: 0.403831, Best Rate: 0.3
Fault: [0,1,2,0,0,5], logL: -9.974347, Exp of LogL: 0.000047, Normalized LogL: -0.906759, Exp of Normalized LogL: 0.403831, Best Rate: 0.3
Fault: [0,1,2,0,3,5], logL: -9.974347, Exp of LogL: 0.000047, Normalized LogL: -0.906759, Exp of Normalized LogL: 0.403831, Best Rate: 0.3
Fault: [0,1,2,0,5,5], logL: -9.974347, Exp of LogL: 0.000047, Normalized LogL: -0.906759, Exp of Normalized LogL: 0.403831, Best Rate: 0.3
Fault: [0,1,2,3,4,5], logL: -10.541457, Exp of LogL: 0.000026, Normalized LogL: -0.958314, Exp of Normalized LogL: 0.383539, Best Rate: 0.3
Fault: [0,1,2,1,4,5], logL: -10.555560, Exp of LogL: 0.000026, Normalized LogL: -0.959596, Exp of Normalized LogL: 0.383047, Best Rate: 0.3
Fault: [0,1,2,2,4,5], logL: -11.126491, Exp of LogL: 0.000015, Normalized LogL: -1.011499, Exp of Normalized LogL: 0.363673, Best Rate: 0.3
Fault: [0,1,2,4,4,5], logL: -12.207404, Exp of LogL: 0.000005, Normalized LogL: -1.109764, Exp of Normalized LogL: 0.329637, Best Rate: 0.3
Fault: [0,1,2,5,4,5], logL: -12.207404, Exp of LogL: 0.000005, Normalized LogL: -1.109764, Exp of Normalized LogL: 0.329637, Best Rate: 0.3

========= ADAPTIVE MC DEBUG =========
Total calls: 110
Avg tries: 150.00
Confidence stops: 110
Max stops: 0
Max stop rate: 0.000
Real Fault Rank 1
===== SEED 100 | FR=0.3 | VR=100 =====
executing with fault mode: [0,1,2,0,4,5]

Fault scores (higher is better):
Fault: [0,1,2,0,4,5], logL: -10.267399, Exp of LogL: 0.000035, Normalized LogL: -0.733386, Exp of Normalized LogL: 0.480280, Best Rate: 0.3
Fault: [0,1,2,0,1,5], logL: -10.595903, Exp of LogL: 0.000025, Normalized LogL: -0.756850, Exp of Normalized LogL: 0.469142, Best Rate: 0.3
Fault: [0,1,2,0,0,5], logL: -10.595903, Exp of LogL: 0.000025, Normalized LogL: -0.756850, Exp of Normalized LogL: 0.469142, Best Rate: 0.3
Fault: [0,1,2,0,3,5], logL: -10.595903, Exp of LogL: 0.000025, Normalized LogL: -0.756850, Exp of Normalized LogL: 0.469142, Best Rate: 0.3
Fault: [0,1,2,0,5,5], logL: -10.595903, Exp of LogL: 0.000025, Normalized LogL: -0.756850, Exp of Normalized LogL: 0.469142, Best Rate: 0.3
Fault: [0,1,2,3,4,5], logL: -11.595674, Exp of LogL: 0.000009, Normalized LogL: -0.828262, Exp of Normalized LogL: 0.436808, Best Rate: 0.3
Fault: [0,1,2,1,4,5], logL: -12.618343, Exp of LogL: 0.000003, Normalized LogL: -0.901310, Exp of Normalized LogL: 0.406037, Best Rate: 0.3
Fault: [0,1,2,2,4,5], logL: -13.189274, Exp of LogL: 0.000002, Normalized LogL: -0.942091, Exp of Normalized LogL: 0.389812, Best Rate: 0.3
Fault: [0,1,2,4,4,5], logL: -14.270187, Exp of LogL: 0.000001, Normalized LogL: -1.019299, Exp of Normalized LogL: 0.360848, Best Rate: 0.3
Fault: [0,1,2,5,4,5], logL: -14.270187, Exp of LogL: 0.000001, Normalized LogL: -1.019299, Exp of Normalized LogL: 0.360848, Best Rate: 0.3

========= ADAPTIVE MC DEBUG =========
Total calls: 140
Avg tries: 150.00
Confidence stops: 140
Max stops: 0
Max stop rate: 0.000
Real Fault Rank 1
================= 22/08/2026 05:03:35: SEED 100 END =================
================= 22/08/2026 05:03:35: SEED 101 (98/100), a*=1 fault=[0,5,2,3,4,5] START =================
===== SEED 101 | FR=0.3 | VR=20 =====
executing with fault mode: [0,5,2,3,4,5]

Fault scores (higher is better):
Fault: [0,0,2,3,4,5], logL: -10.533669, Exp of LogL: 0.000027, Normalized LogL: -2.106734, Exp of Normalized LogL: 0.121635, Best Rate: 0.3
Fault: [0,4,2,3,4,5], logL: -10.868903, Exp of LogL: 0.000019, Normalized LogL: -2.173781, Exp of Normalized LogL: 0.113747, Best Rate: 0.3
Fault: [0,2,2,3,4,5], logL: -10.868903, Exp of LogL: 0.000019, Normalized LogL: -2.173781, Exp of Normalized LogL: 0.113747, Best Rate: 0.3
Fault: [0,5,2,3,4,5], logL: -11.023054, Exp of LogL: 0.000016, Normalized LogL: -2.204611, Exp of Normalized LogL: 0.110293, Best Rate: 0.3
Fault: [0,3,2,3,4,5], logL: -11.251895, Exp of LogL: 0.000013, Normalized LogL: -2.250379, Exp of Normalized LogL: 0.105359, Best Rate: 0.3
Fault: [0,5,2,0,4,5], logL: -11.308408, Exp of LogL: 0.000012, Normalized LogL: -2.261682, Exp of Normalized LogL: 0.104175, Best Rate: 0.3
Fault: [0,5,2,2,4,5], logL: -11.380728, Exp of LogL: 0.000011, Normalized LogL: -2.276146, Exp of Normalized LogL: 0.102679, Best Rate: 0.3
Fault: [0,5,2,4,4,5], logL: -11.380728, Exp of LogL: 0.000011, Normalized LogL: -2.276146, Exp of Normalized LogL: 0.102679, Best Rate: 0.3
Fault: [0,5,2,5,4,5], logL: -11.380728, Exp of LogL: 0.000011, Normalized LogL: -2.276146, Exp of Normalized LogL: 0.102679, Best Rate: 0.3
Fault: [0,1,2,3,4,5], logL: -32.974144, Exp of LogL: 0.000000, Normalized LogL: -6.594829, Exp of Normalized LogL: 0.001367, Best Rate: 0.3

========= ADAPTIVE MC DEBUG =========
Total calls: 50
Avg tries: 170.00
Confidence stops: 50
Max stops: 0
Max stop rate: 0.000
Real Fault Rank 4
===== SEED 101 | FR=0.3 | VR=40 =====
executing with fault mode: [0,5,2,3,4,5]

Fault scores (higher is better):
Fault: [0,0,2,3,4,5], logL: -15.273073, Exp of LogL: 0.000000, Normalized LogL: -1.527307, Exp of Normalized LogL: 0.217120, Best Rate: 0.3
Fault: [0,3,2,3,4,5], logL: -15.873438, Exp of LogL: 0.000000, Normalized LogL: -1.587344, Exp of Normalized LogL: 0.204468, Best Rate: 0.3
Fault: [0,4,2,3,4,5], logL: -15.966220, Exp of LogL: 0.000000, Normalized LogL: -1.596622, Exp of Normalized LogL: 0.202580, Best Rate: 0.3
Fault: [0,2,2,3,4,5], logL: -15.966220, Exp of LogL: 0.000000, Normalized LogL: -1.596622, Exp of Normalized LogL: 0.202580, Best Rate: 0.3
Fault: [0,5,2,3,4,5], logL: -15.966220, Exp of LogL: 0.000000, Normalized LogL: -1.596622, Exp of Normalized LogL: 0.202580, Best Rate: 0.3
Fault: [0,5,2,0,4,5], logL: -16.491894, Exp of LogL: 0.000000, Normalized LogL: -1.649189, Exp of Normalized LogL: 0.192206, Best Rate: 0.3
Fault: [0,5,2,2,4,5], logL: -16.627236, Exp of LogL: 0.000000, Normalized LogL: -1.662724, Exp of Normalized LogL: 0.189622, Best Rate: 0.3
Fault: [0,5,2,4,4,5], logL: -16.627236, Exp of LogL: 0.000000, Normalized LogL: -1.662724, Exp of Normalized LogL: 0.189622, Best Rate: 0.3
Fault: [0,5,2,5,4,5], logL: -16.627236, Exp of LogL: 0.000000, Normalized LogL: -1.662724, Exp of Normalized LogL: 0.189622, Best Rate: 0.3
Fault: [0,1,2,3,4,5], logL: -37.106475, Exp of LogL: 0.000000, Normalized LogL: -3.710648, Exp of Normalized LogL: 0.024462, Best Rate: 0.3

========= ADAPTIVE MC DEBUG =========
Total calls: 100
Avg tries: 155.00
Confidence stops: 100
Max stops: 0
Max stop rate: 0.000
Real Fault Rank 5
===== SEED 101 | FR=0.3 | VR=60 =====
executing with fault mode: [0,5,2,3,4,5]

Fault scores (higher is better):
Fault: [0,1,2,3,4,5], logL: -18.331983, Exp of LogL: 0.000000, Normalized LogL: -1.222132, Exp of Normalized LogL: 0.294601, Best Rate: 0.3
Fault: [0,4,2,3,4,5], logL: -18.500076, Exp of LogL: 0.000000, Normalized LogL: -1.233338, Exp of Normalized LogL: 0.291318, Best Rate: 0.3
Fault: [0,2,2,3,4,5], logL: -18.500076, Exp of LogL: 0.000000, Normalized LogL: -1.233338, Exp of Normalized LogL: 0.291318, Best Rate: 0.3
Fault: [0,5,2,3,4,5], logL: -18.500076, Exp of LogL: 0.000000, Normalized LogL: -1.233338, Exp of Normalized LogL: 0.291318, Best Rate: 0.3
Fault: [0,5,2,0,4,5], logL: -18.715595, Exp of LogL: 0.000000, Normalized LogL: -1.247706, Exp of Normalized LogL: 0.287163, Best Rate: 0.3
Fault: [0,5,2,2,4,5], logL: -18.850937, Exp of LogL: 0.000000, Normalized LogL: -1.256729, Exp of Normalized LogL: 0.284583, Best Rate: 0.3
Fault: [0,5,2,4,4,5], logL: -18.850937, Exp of LogL: 0.000000, Normalized LogL: -1.256729, Exp of Normalized LogL: 0.284583, Best Rate: 0.3
Fault: [0,5,2,5,4,5], logL: -18.850937, Exp of LogL: 0.000000, Normalized LogL: -1.256729, Exp of Normalized LogL: 0.284583, Best Rate: 0.3
Fault: [0,0,2,3,4,5], logL: -19.440083, Exp of LogL: 0.000000, Normalized LogL: -1.296006, Exp of Normalized LogL: 0.273623, Best Rate: 0.3
Fault: [0,3,2,3,4,5], logL: -19.831810, Exp of LogL: 0.000000, Normalized LogL: -1.322121, Exp of Normalized LogL: 0.266569, Best Rate: 0.3

========= ADAPTIVE MC DEBUG =========
Total calls: 150
Avg tries: 150.00
Confidence stops: 150
Max stops: 0
Max stop rate: 0.000
Real Fault Rank 4
===== SEED 101 | FR=0.3 | VR=80 =====
executing with fault mode: [0,5,2,3,4,5]

Fault scores (higher is better):
Fault: [0,1,2,3,4,5], logL: -19.444455, Exp of LogL: 0.000000, Normalized LogL: -0.972223, Exp of Normalized LogL: 0.378241, Best Rate: 0.3
Fault: [0,4,2,3,4,5], logL: -19.821757, Exp of LogL: 0.000000, Normalized LogL: -0.991088, Exp of Normalized LogL: 0.371173, Best Rate: 0.3
Fault: [0,2,2,3,4,5], logL: -19.821757, Exp of LogL: 0.000000, Normalized LogL: -0.991088, Exp of Normalized LogL: 0.371173, Best Rate: 0.3
Fault: [0,5,2,3,4,5], logL: -19.821757, Exp of LogL: 0.000000, Normalized LogL: -0.991088, Exp of Normalized LogL: 0.371173, Best Rate: 0.3
Fault: [0,5,2,0,4,5], logL: -20.037277, Exp of LogL: 0.000000, Normalized LogL: -1.001864, Exp of Normalized LogL: 0.367194, Best Rate: 0.3
Fault: [0,5,2,2,4,5], logL: -20.172618, Exp of LogL: 0.000000, Normalized LogL: -1.008631, Exp of Normalized LogL: 0.364718, Best Rate: 0.3
Fault: [0,5,2,4,4,5], logL: -20.172618, Exp of LogL: 0.000000, Normalized LogL: -1.008631, Exp of Normalized LogL: 0.364718, Best Rate: 0.3
Fault: [0,5,2,5,4,5], logL: -20.172618, Exp of LogL: 0.000000, Normalized LogL: -1.008631, Exp of Normalized LogL: 0.364718, Best Rate: 0.3
Fault: [0,0,2,3,4,5], logL: -20.761765, Exp of LogL: 0.000000, Normalized LogL: -1.038088, Exp of Normalized LogL: 0.354131, Best Rate: 0.3
Fault: [0,3,2,3,4,5], logL: -21.129394, Exp of LogL: 0.000000, Normalized LogL: -1.056470, Exp of Normalized LogL: 0.347681, Best Rate: 0.3

========= ADAPTIVE MC DEBUG =========
Total calls: 200
Avg tries: 150.00
Confidence stops: 200
Max stops: 0
Max stop rate: 0.000
Real Fault Rank 4
===== SEED 101 | FR=0.3 | VR=100 =====
executing with fault mode: [0,5,2,3,4,5]

Fault scores (higher is better):
Fault: [0,4,2,3,4,5], logL: -23.670313, Exp of LogL: 0.000000, Normalized LogL: -0.946813, Exp of Normalized LogL: 0.387976, Best Rate: 0.3
Fault: [0,2,2,3,4,5], logL: -23.670313, Exp of LogL: 0.000000, Normalized LogL: -0.946813, Exp of Normalized LogL: 0.387976, Best Rate: 0.3
Fault: [0,5,2,3,4,5], logL: -23.670313, Exp of LogL: 0.000000, Normalized LogL: -0.946813, Exp of Normalized LogL: 0.387976, Best Rate: 0.3
Fault: [0,5,2,0,4,5], logL: -23.885833, Exp of LogL: 0.000000, Normalized LogL: -0.955433, Exp of Normalized LogL: 0.384645, Best Rate: 0.3
Fault: [0,5,2,2,4,5], logL: -24.021174, Exp of LogL: 0.000000, Normalized LogL: -0.960847, Exp of Normalized LogL: 0.382569, Best Rate: 0.3
Fault: [0,5,2,4,4,5], logL: -24.021174, Exp of LogL: 0.000000, Normalized LogL: -0.960847, Exp of Normalized LogL: 0.382569, Best Rate: 0.3
Fault: [0,5,2,5,4,5], logL: -24.021174, Exp of LogL: 0.000000, Normalized LogL: -0.960847, Exp of Normalized LogL: 0.382569, Best Rate: 0.3
Fault: [0,1,2,3,4,5], logL: -25.748778, Exp of LogL: 0.000000, Normalized LogL: -1.029951, Exp of Normalized LogL: 0.357024, Best Rate: 0.3
Fault: [0,0,2,3,4,5], logL: -26.771373, Exp of LogL: 0.000000, Normalized LogL: -1.070855, Exp of Normalized LogL: 0.342715, Best Rate: 0.3
Fault: [0,3,2,3,4,5], logL: -27.866816, Exp of LogL: 0.000000, Normalized LogL: -1.114673, Exp of Normalized LogL: 0.328023, Best Rate: 0.3

========= ADAPTIVE MC DEBUG =========
Total calls: 250
Avg tries: 150.00
Confidence stops: 250
Max stops: 0
Max stop rate: 0.000
Real Fault Rank 3
================= 22/08/2026 05:03:55: SEED 101 END =================
================= 22/08/2026 05:03:55: SEED 102 (99/100), a*=2 fault=[0,1,3,3,4,5] START =================
===== SEED 102 | FR=0.3 | VR=20 =====
executing with fault mode: [0,1,3,3,4,5]

executing with fault mode: [0,1,3,3,4,5]

executing with fault mode: [0,1,3,3,4,5]

executing with fault mode: [0,1,3,3,4,5]

Fault scores (higher is better):
Fault: [0,1,3,3,3,5], logL: -12.090276, Exp of LogL: 0.000006, Normalized LogL: -1.727182, Exp of Normalized LogL: 0.177785, Best Rate: 0.3
Fault: [0,1,3,3,1,5], logL: -12.090276, Exp of LogL: 0.000006, Normalized LogL: -1.727182, Exp of Normalized LogL: 0.177785, Best Rate: 0.3
Fault: [0,1,3,3,5,5], logL: -12.090276, Exp of LogL: 0.000006, Normalized LogL: -1.727182, Exp of Normalized LogL: 0.177785, Best Rate: 0.3
Fault: [0,1,3,3,4,5], logL: -12.438583, Exp of LogL: 0.000004, Normalized LogL: -1.776940, Exp of Normalized LogL: 0.169155, Best Rate: 0.3
Fault: [0,1,3,3,2,5], logL: -12.525594, Exp of LogL: 0.000004, Normalized LogL: -1.789371, Exp of Normalized LogL: 0.167065, Best Rate: 0.3
Fault: [0,1,1,3,4,5], logL: -13.640771, Exp of LogL: 0.000001, Normalized LogL: -1.948682, Exp of Normalized LogL: 0.142462, Best Rate: 0.3
Fault: [0,1,4,3,4,5], logL: -13.906190, Exp of LogL: 0.000001, Normalized LogL: -1.986599, Exp of Normalized LogL: 0.137161, Best Rate: 0.3
Fault: [0,1,5,3,4,5], logL: -13.906190, Exp of LogL: 0.000001, Normalized LogL: -1.986599, Exp of Normalized LogL: 0.137161, Best Rate: 0.3
Fault: [0,1,0,3,4,5], logL: -15.023573, Exp of LogL: 0.000000, Normalized LogL: -2.146225, Exp of Normalized LogL: 0.116925, Best Rate: 0.3
Fault: [0,1,2,3,4,5], logL: -16.624712, Exp of LogL: 0.000000, Normalized LogL: -2.374959, Exp of Normalized LogL: 0.093018, Best Rate: 0.3

========= ADAPTIVE MC DEBUG =========
Total calls: 70
Avg tries: 164.29
Confidence stops: 70
Max stops: 0
Max stop rate: 0.000
Real Fault Rank 4
===== SEED 102 | FR=0.3 | VR=40 =====
executing with fault mode: [0,1,3,3,4,5]

executing with fault mode: [0,1,3,3,4,5]

executing with fault mode: [0,1,3,3,4,5]

executing with fault mode: [0,1,3,3,4,5]

Fault scores (higher is better):
Fault: [0,1,3,3,4,5], logL: -17.699720, Exp of LogL: 0.000000, Normalized LogL: -1.361517, Exp of Normalized LogL: 0.256272, Best Rate: 0.3
Fault: [0,1,3,3,3,5], logL: -18.037527, Exp of LogL: 0.000000, Normalized LogL: -1.387502, Exp of Normalized LogL: 0.249698, Best Rate: 0.3
Fault: [0,1,3,3,2,5], logL: -18.037527, Exp of LogL: 0.000000, Normalized LogL: -1.387502, Exp of Normalized LogL: 0.249698, Best Rate: 0.3
Fault: [0,1,3,3,1,5], logL: -18.037527, Exp of LogL: 0.000000, Normalized LogL: -1.387502, Exp of Normalized LogL: 0.249698, Best Rate: 0.3
Fault: [0,1,3,3,5,5], logL: -18.037527, Exp of LogL: 0.000000, Normalized LogL: -1.387502, Exp of Normalized LogL: 0.249698, Best Rate: 0.3
Fault: [0,1,1,3,4,5], logL: -20.010102, Exp of LogL: 0.000000, Normalized LogL: -1.539239, Exp of Normalized LogL: 0.214544, Best Rate: 0.3
Fault: [0,1,0,3,4,5], logL: -21.326989, Exp of LogL: 0.000000, Normalized LogL: -1.640538, Exp of Normalized LogL: 0.193876, Best Rate: 0.3
Fault: [0,1,4,3,4,5], logL: -43.541009, Exp of LogL: 0.000000, Normalized LogL: -3.349308, Exp of Normalized LogL: 0.035109, Best Rate: 0.3
Fault: [0,1,5,3,4,5], logL: -43.541009, Exp of LogL: 0.000000, Normalized LogL: -3.349308, Exp of Normalized LogL: 0.035109, Best Rate: 0.3
Fault: [0,1,2,3,4,5], logL: -46.630702, Exp of LogL: 0.000000, Normalized LogL: -3.586977, Exp of Normalized LogL: 0.027682, Best Rate: 0.3

========= ADAPTIVE MC DEBUG =========
Total calls: 130
Avg tries: 153.85
Confidence stops: 130
Max stops: 0
Max stop rate: 0.000
Real Fault Rank 1
===== SEED 102 | FR=0.3 | VR=60 =====
executing with fault mode: [0,1,3,3,4,5]

executing with fault mode: [0,1,3,3,4,5]

executing with fault mode: [0,1,3,3,4,5]

executing with fault mode: [0,1,3,3,4,5]

Fault scores (higher is better):
Fault: [0,1,3,3,4,5], logL: -20.596784, Exp of LogL: 0.000000, Normalized LogL: -1.084041, Exp of Normalized LogL: 0.338226, Best Rate: 0.3
Fault: [0,1,3,3,3,5], logL: -20.934591, Exp of LogL: 0.000000, Normalized LogL: -1.101821, Exp of Normalized LogL: 0.332266, Best Rate: 0.3
Fault: [0,1,3,3,2,5], logL: -20.934591, Exp of LogL: 0.000000, Normalized LogL: -1.101821, Exp of Normalized LogL: 0.332266, Best Rate: 0.3
Fault: [0,1,3,3,1,5], logL: -20.934591, Exp of LogL: 0.000000, Normalized LogL: -1.101821, Exp of Normalized LogL: 0.332266, Best Rate: 0.3
Fault: [0,1,3,3,5,5], logL: -20.934591, Exp of LogL: 0.000000, Normalized LogL: -1.101821, Exp of Normalized LogL: 0.332266, Best Rate: 0.3
Fault: [0,1,0,3,4,5], logL: -24.591891, Exp of LogL: 0.000000, Normalized LogL: -1.294310, Exp of Normalized LogL: 0.274087, Best Rate: 0.3
Fault: [0,1,1,3,4,5], logL: -27.489236, Exp of LogL: 0.000000, Normalized LogL: -1.446802, Exp of Normalized LogL: 0.235322, Best Rate: 0.3
Fault: [0,1,4,3,4,5], logL: -74.203456, Exp of LogL: 0.000000, Normalized LogL: -3.905445, Exp of Normalized LogL: 0.020132, Best Rate: 0.3
Fault: [0,1,5,3,4,5], logL: -74.203456, Exp of LogL: 0.000000, Normalized LogL: -3.905445, Exp of Normalized LogL: 0.020132, Best Rate: 0.3
Fault: [0,1,2,3,4,5], logL: -99.634320, Exp of LogL: 0.000000, Normalized LogL: -5.243912, Exp of Normalized LogL: 0.005280, Best Rate: 0.3

========= ADAPTIVE MC DEBUG =========
Total calls: 190
Avg tries: 150.00
Confidence stops: 190
Max stops: 0
Max stop rate: 0.000
Real Fault Rank 1
===== SEED 102 | FR=0.3 | VR=80 =====
executing with fault mode: [0,1,3,3,4,5]

executing with fault mode: [0,1,3,3,4,5]

executing with fault mode: [0,1,3,3,4,5]

executing with fault mode: [0,1,3,3,4,5]

Fault scores (higher is better):
Fault: [0,1,3,3,4,5], logL: -27.064902, Exp of LogL: 0.000000, Normalized LogL: -1.082596, Exp of Normalized LogL: 0.338715, Best Rate: 0.3
Fault: [0,1,3,3,3,5], logL: -27.402709, Exp of LogL: 0.000000, Normalized LogL: -1.096108, Exp of Normalized LogL: 0.334169, Best Rate: 0.3
Fault: [0,1,3,3,2,5], logL: -27.402709, Exp of LogL: 0.000000, Normalized LogL: -1.096108, Exp of Normalized LogL: 0.334169, Best Rate: 0.3
Fault: [0,1,3,3,1,5], logL: -27.402709, Exp of LogL: 0.000000, Normalized LogL: -1.096108, Exp of Normalized LogL: 0.334169, Best Rate: 0.3
Fault: [0,1,3,3,5,5], logL: -27.402709, Exp of LogL: 0.000000, Normalized LogL: -1.096108, Exp of Normalized LogL: 0.334169, Best Rate: 0.3
Fault: [0,1,0,3,4,5], logL: -30.665133, Exp of LogL: 0.000000, Normalized LogL: -1.226605, Exp of Normalized LogL: 0.293287, Best Rate: 0.3
Fault: [0,1,1,3,4,5], logL: -31.401361, Exp of LogL: 0.000000, Normalized LogL: -1.256054, Exp of Normalized LogL: 0.284775, Best Rate: 0.3
Fault: [0,1,4,3,4,5], logL: -80.839451, Exp of LogL: 0.000000, Normalized LogL: -3.233578, Exp of Normalized LogL: 0.039416, Best Rate: 0.3
Fault: [0,1,5,3,4,5], logL: -80.839451, Exp of LogL: 0.000000, Normalized LogL: -3.233578, Exp of Normalized LogL: 0.039416, Best Rate: 0.3
Fault: [0,1,2,3,4,5], logL: -104.191905, Exp of LogL: 0.000000, Normalized LogL: -4.167676, Exp of Normalized LogL: 0.015488, Best Rate: 0.3

========= ADAPTIVE MC DEBUG =========
Total calls: 250
Avg tries: 150.00
Confidence stops: 250
Max stops: 0
Max stop rate: 0.000
Real Fault Rank 1
===== SEED 102 | FR=0.3 | VR=100 =====
executing with fault mode: [0,1,3,3,4,5]

executing with fault mode: [0,1,3,3,4,5]

executing with fault mode: [0,1,3,3,4,5]

executing with fault mode: [0,1,3,3,4,5]

Fault scores (higher is better):
Fault: [0,1,3,3,4,5], logL: -31.834676, Exp of LogL: 0.000000, Normalized LogL: -0.994834, Exp of Normalized LogL: 0.369785, Best Rate: 0.3
Fault: [0,1,3,3,3,5], logL: -32.172483, Exp of LogL: 0.000000, Normalized LogL: -1.005390, Exp of Normalized LogL: 0.365902, Best Rate: 0.3
Fault: [0,1,3,3,2,5], logL: -32.172483, Exp of LogL: 0.000000, Normalized LogL: -1.005390, Exp of Normalized LogL: 0.365902, Best Rate: 0.3
Fault: [0,1,3,3,1,5], logL: -32.172483, Exp of LogL: 0.000000, Normalized LogL: -1.005390, Exp of Normalized LogL: 0.365902, Best Rate: 0.3
Fault: [0,1,3,3,5,5], logL: -32.172483, Exp of LogL: 0.000000, Normalized LogL: -1.005390, Exp of Normalized LogL: 0.365902, Best Rate: 0.3
Fault: [0,1,0,3,4,5], logL: -34.771705, Exp of LogL: 0.000000, Normalized LogL: -1.086616, Exp of Normalized LogL: 0.337356, Best Rate: 0.3
Fault: [0,1,1,3,4,5], logL: -36.344399, Exp of LogL: 0.000000, Normalized LogL: -1.135762, Exp of Normalized LogL: 0.321177, Best Rate: 0.3
Fault: [0,1,4,3,4,5], logL: -85.749406, Exp of LogL: 0.000000, Normalized LogL: -2.679669, Exp of Normalized LogL: 0.068586, Best Rate: 0.3
Fault: [0,1,5,3,4,5], logL: -85.749406, Exp of LogL: 0.000000, Normalized LogL: -2.679669, Exp of Normalized LogL: 0.068586, Best Rate: 0.3
Fault: [0,1,2,3,4,5], logL: -108.566515, Exp of LogL: 0.000000, Normalized LogL: -3.392704, Exp of Normalized LogL: 0.033618, Best Rate: 0.3

========= ADAPTIVE MC DEBUG =========
Total calls: 320
Avg tries: 150.00
Confidence stops: 320
Max stops: 0
Max stop rate: 0.000
Real Fault Rank 1
================= 22/08/2026 05:04:21: SEED 102 END =================
================= 22/08/2026 05:04:21: SEED 103 (100/100), a*=0 fault=[4,1,2,3,4,5] START =================
===== SEED 103 | FR=0.3 | VR=20 =====
executing with fault mode: [4,1,2,3,4,5]

executing with fault mode: [4,1,2,3,4,5]

Fault scores (higher is better):
Fault: [3,1,2,3,4,5], logL: -9.622342, Exp of LogL: 0.000066, Normalized LogL: -1.603724, Exp of Normalized LogL: 0.201146, Best Rate: 0.3
Fault: [1,1,2,3,4,5], logL: -9.999636, Exp of LogL: 0.000045, Normalized LogL: -1.666606, Exp of Normalized LogL: 0.188887, Best Rate: 0.3
Fault: [4,1,2,3,4,5], logL: -10.556651, Exp of LogL: 0.000026, Normalized LogL: -1.759442, Exp of Normalized LogL: 0.172141, Best Rate: 0.3
Fault: [5,1,2,3,4,5], logL: -10.556651, Exp of LogL: 0.000026, Normalized LogL: -1.759442, Exp of Normalized LogL: 0.172141, Best Rate: 0.3
Fault: [0,1,2,3,4,5], logL: -10.612741, Exp of LogL: 0.000025, Normalized LogL: -1.768790, Exp of Normalized LogL: 0.170539, Best Rate: 0.3
Fault: [4,1,2,3,3,5], logL: -10.779795, Exp of LogL: 0.000021, Normalized LogL: -1.796632, Exp of Normalized LogL: 0.165856, Best Rate: 0.3
Fault: [4,1,2,3,5,5], logL: -10.779795, Exp of LogL: 0.000021, Normalized LogL: -1.796632, Exp of Normalized LogL: 0.165856, Best Rate: 0.3
Fault: [4,1,2,3,2,5], logL: -10.853903, Exp of LogL: 0.000019, Normalized LogL: -1.808984, Exp of Normalized LogL: 0.163821, Best Rate: 0.3
Fault: [4,1,2,3,1,5], logL: -10.853903, Exp of LogL: 0.000019, Normalized LogL: -1.808984, Exp of Normalized LogL: 0.163821, Best Rate: 0.3
Fault: [2,1,2,3,4,5], logL: -11.018206, Exp of LogL: 0.000016, Normalized LogL: -1.836368, Exp of Normalized LogL: 0.159395, Best Rate: 0.3

========= ADAPTIVE MC DEBUG =========
Total calls: 60
Avg tries: 175.00
Confidence stops: 60
Max stops: 0
Max stop rate: 0.000
Real Fault Rank 3
===== SEED 103 | FR=0.3 | VR=40 =====
executing with fault mode: [4,1,2,3,4,5]

executing with fault mode: [4,1,2,3,4,5]

Fault scores (higher is better):
Fault: [4,1,2,3,4,5], logL: -12.809827, Exp of LogL: 0.000003, Normalized LogL: -1.164530, Exp of Normalized LogL: 0.312069, Best Rate: 0.3
Fault: [5,1,2,3,4,5], logL: -12.809827, Exp of LogL: 0.000003, Normalized LogL: -1.164530, Exp of Normalized LogL: 0.312069, Best Rate: 0.3
Fault: [4,1,2,3,3,5], logL: -13.138331, Exp of LogL: 0.000002, Normalized LogL: -1.194394, Exp of Normalized LogL: 0.302888, Best Rate: 0.3
Fault: [4,1,2,3,5,5], logL: -13.138331, Exp of LogL: 0.000002, Normalized LogL: -1.194394, Exp of Normalized LogL: 0.302888, Best Rate: 0.3
Fault: [4,1,2,3,2,5], logL: -13.138331, Exp of LogL: 0.000002, Normalized LogL: -1.194394, Exp of Normalized LogL: 0.302888, Best Rate: 0.3
Fault: [4,1,2,3,1,5], logL: -13.138331, Exp of LogL: 0.000002, Normalized LogL: -1.194394, Exp of Normalized LogL: 0.302888, Best Rate: 0.3
Fault: [1,1,2,3,4,5], logL: -13.921842, Exp of LogL: 0.000001, Normalized LogL: -1.265622, Exp of Normalized LogL: 0.282064, Best Rate: 0.3
Fault: [0,1,2,3,4,5], logL: -13.999461, Exp of LogL: 0.000001, Normalized LogL: -1.272678, Exp of Normalized LogL: 0.280080, Best Rate: 0.3
Fault: [2,1,2,3,4,5], logL: -15.303214, Exp of LogL: 0.000000, Normalized LogL: -1.391201, Exp of Normalized LogL: 0.248776, Best Rate: 0.3
Fault: [3,1,2,3,4,5], logL: -36.501756, Exp of LogL: 0.000000, Normalized LogL: -3.318341, Exp of Normalized LogL: 0.036213, Best Rate: 0.3

========= ADAPTIVE MC DEBUG =========
Total calls: 110
Avg tries: 150.00
Confidence stops: 110
Max stops: 0
Max stop rate: 0.000
Real Fault Rank 1
===== SEED 103 | FR=0.3 | VR=60 =====
executing with fault mode: [4,1,2,3,4,5]

executing with fault mode: [4,1,2,3,4,5]

Fault scores (higher is better):
Fault: [4,1,2,3,4,5], logL: -17.333239, Exp of LogL: 0.000000, Normalized LogL: -1.019602, Exp of Normalized LogL: 0.360738, Best Rate: 0.3
Fault: [5,1,2,3,4,5], logL: -17.333239, Exp of LogL: 0.000000, Normalized LogL: -1.019602, Exp of Normalized LogL: 0.360738, Best Rate: 0.3
Fault: [4,1,2,3,3,5], logL: -17.661743, Exp of LogL: 0.000000, Normalized LogL: -1.038926, Exp of Normalized LogL: 0.353834, Best Rate: 0.3
Fault: [4,1,2,3,5,5], logL: -17.661743, Exp of LogL: 0.000000, Normalized LogL: -1.038926, Exp of Normalized LogL: 0.353834, Best Rate: 0.3
Fault: [4,1,2,3,2,5], logL: -17.661743, Exp of LogL: 0.000000, Normalized LogL: -1.038926, Exp of Normalized LogL: 0.353834, Best Rate: 0.3
Fault: [4,1,2,3,1,5], logL: -17.661743, Exp of LogL: 0.000000, Normalized LogL: -1.038926, Exp of Normalized LogL: 0.353834, Best Rate: 0.3
Fault: [0,1,2,3,4,5], logL: -39.750731, Exp of LogL: 0.000000, Normalized LogL: -2.338278, Exp of Normalized LogL: 0.096494, Best Rate: 0.3
Fault: [3,1,2,3,4,5], logL: -40.568300, Exp of LogL: 0.000000, Normalized LogL: -2.386371, Exp of Normalized LogL: 0.091963, Best Rate: 0.3
Fault: [2,1,2,3,4,5], logL: -41.078342, Exp of LogL: 0.000000, Normalized LogL: -2.416373, Exp of Normalized LogL: 0.089245, Best Rate: 0.3
Fault: [1,1,2,3,4,5], logL: -41.117048, Exp of LogL: 0.000000, Normalized LogL: -2.418650, Exp of Normalized LogL: 0.089042, Best Rate: 0.3

========= ADAPTIVE MC DEBUG =========
Total calls: 170
Avg tries: 150.00
Confidence stops: 170
Max stops: 0
Max stop rate: 0.000
Real Fault Rank 1
===== SEED 103 | FR=0.3 | VR=80 =====
executing with fault mode: [4,1,2,3,4,5]

executing with fault mode: [4,1,2,3,4,5]

Fault scores (higher is better):
Fault: [4,1,2,3,4,5], logL: -20.339640, Exp of LogL: 0.000000, Normalized LogL: -0.924529, Exp of Normalized LogL: 0.396718, Best Rate: 0.3
Fault: [5,1,2,3,4,5], logL: -20.339640, Exp of LogL: 0.000000, Normalized LogL: -0.924529, Exp of Normalized LogL: 0.396718, Best Rate: 0.3
Fault: [4,1,2,3,3,5], logL: -20.668144, Exp of LogL: 0.000000, Normalized LogL: -0.939461, Exp of Normalized LogL: 0.390838, Best Rate: 0.3
Fault: [4,1,2,3,5,5], logL: -20.668144, Exp of LogL: 0.000000, Normalized LogL: -0.939461, Exp of Normalized LogL: 0.390838, Best Rate: 0.3
Fault: [4,1,2,3,2,5], logL: -20.668144, Exp of LogL: 0.000000, Normalized LogL: -0.939461, Exp of Normalized LogL: 0.390838, Best Rate: 0.3
Fault: [4,1,2,3,1,5], logL: -20.668144, Exp of LogL: 0.000000, Normalized LogL: -0.939461, Exp of Normalized LogL: 0.390838, Best Rate: 0.3
Fault: [0,1,2,3,4,5], logL: -42.757132, Exp of LogL: 0.000000, Normalized LogL: -1.943506, Exp of Normalized LogL: 0.143201, Best Rate: 0.3
Fault: [3,1,2,3,4,5], logL: -43.574700, Exp of LogL: 0.000000, Normalized LogL: -1.980668, Exp of Normalized LogL: 0.137977, Best Rate: 0.3
Fault: [2,1,2,3,4,5], logL: -44.084743, Exp of LogL: 0.000000, Normalized LogL: -2.003852, Exp of Normalized LogL: 0.134815, Best Rate: 0.3
Fault: [1,1,2,3,4,5], logL: -44.217636, Exp of LogL: 0.000000, Normalized LogL: -2.009893, Exp of Normalized LogL: 0.134003, Best Rate: 0.3

========= ADAPTIVE MC DEBUG =========
Total calls: 220
Avg tries: 150.00
Confidence stops: 220
Max stops: 0
Max stop rate: 0.000
Real Fault Rank 1
===== SEED 103 | FR=0.3 | VR=100 =====
executing with fault mode: [4,1,2,3,4,5]

executing with fault mode: [4,1,2,3,4,5]

Fault scores (higher is better):
Fault: [4,1,2,3,4,5], logL: -23.482505, Exp of LogL: 0.000000, Normalized LogL: -0.838661, Exp of Normalized LogL: 0.432289, Best Rate: 0.3
Fault: [5,1,2,3,4,5], logL: -23.482505, Exp of LogL: 0.000000, Normalized LogL: -0.838661, Exp of Normalized LogL: 0.432289, Best Rate: 0.3
Fault: [4,1,2,3,3,5], logL: -23.811010, Exp of LogL: 0.000000, Normalized LogL: -0.850393, Exp of Normalized LogL: 0.427247, Best Rate: 0.3
Fault: [4,1,2,3,5,5], logL: -23.811010, Exp of LogL: 0.000000, Normalized LogL: -0.850393, Exp of Normalized LogL: 0.427247, Best Rate: 0.3
Fault: [4,1,2,3,2,5], logL: -23.811010, Exp of LogL: 0.000000, Normalized LogL: -0.850393, Exp of Normalized LogL: 0.427247, Best Rate: 0.3
Fault: [4,1,2,3,1,5], logL: -23.811010, Exp of LogL: 0.000000, Normalized LogL: -0.850393, Exp of Normalized LogL: 0.427247, Best Rate: 0.3
Fault: [0,1,2,3,4,5], logL: -47.774567, Exp of LogL: 0.000000, Normalized LogL: -1.706235, Exp of Normalized LogL: 0.181548, Best Rate: 0.3
Fault: [3,1,2,3,4,5], logL: -48.966511, Exp of LogL: 0.000000, Normalized LogL: -1.748804, Exp of Normalized LogL: 0.173982, Best Rate: 0.3
Fault: [2,1,2,3,4,5], logL: -49.596402, Exp of LogL: 0.000000, Normalized LogL: -1.771300, Exp of Normalized LogL: 0.170112, Best Rate: 0.3
Fault: [1,1,2,3,4,5], logL: -49.718499, Exp of LogL: 0.000000, Normalized LogL: -1.775661, Exp of Normalized LogL: 0.169372, Best Rate: 0.3

========= ADAPTIVE MC DEBUG =========
Total calls: 280
Avg tries: 150.00
Confidence stops: 280
Max stops: 0
Max stop rate: 0.000
Real Fault Rank 1
================= 22/08/2026 05:04:43: SEED 103 END =================

Number of diagnosis runs: 500 (skipped 0)
Total diagnosis time: 0:34:33 (2073.93 sec)
Average diagnosis time: 0:00:04 (4.15 sec)
file was written at: experimental results/Taxi_v4/hard_class2_epsweep/taxi_v4_hard_class2_PO_known_fr_epsilon_0_1_SEEDS_100.xlsx
finished gracefully1
Traceback (most recent call last):
  File "/home/ahmade/rldx_repo/rldx-sifu/main.py", line 140, in <module>
    mixer.init()
pygame.error: dsp: No such audio device
DONE eps=0.1 status=1 Sat 22 Aug 2026 05:04:44 IDT
