------------------------------------
Sat 22 Aug 2026 04:29:38 IDT
SLURM_JOBID:		20476122
SLURM_JOB_NODELIST:	ise-cpu-intl-27
SLURM_SCRATCH_DIR:	
Allocated Resouces:	cpu - 2 / mem - 8192 MB / gpu - 
SLURM_GPU_INDEX:	
Running as ahmade from sternron account with normal QOS
------------------------------------
JOBID=20476122 ARRAY=20476122 TASK=1 EPS=0.02 NODE=ise-cpu-intl-27 START=Sat 22 Aug 2026 04:29:38 IDT
d1dcbd6 Fix MC seed-block overflow: SEED_BLOCK 1M -> 10M
pygame 2.6.1 (SDL 2.28.4, Python 3.11.15)
Hello from the pygame community. https://www.pygame.org/contribute.html
At main
Running with epsilon=0.02
unknown_fault_rate=False
maps_num=49
[TaxiHardcodedPolicy] tabulated 500 states from environments/Taxi_v4/models/PPO/Taxi_v4__PPO.zip
Running Taxi-v4 PO diagnosis (HARD class-2) | epsilon=0.02 | num_seeds=100 | fault_rate=[0.3] | visibility=[20, 40, 60, 80, 100]


================= 22/08/2026 04:29:50: SEED 1 (1/100), a*=0 fault=[1,1,2,3,4,5] START =================
===== SEED 1 | FR=0.3 | VR=20 =====
executing with fault mode: [1,1,2,3,4,5]

Fault scores (higher is better):
Fault: [4,1,2,3,4,5], logL: -9.103089, Exp of LogL: 0.000111, Normalized LogL: -1.820618, Exp of Normalized LogL: 0.161926, Best Rate: 0.3
Fault: [5,1,2,3,4,5], logL: -9.340101, Exp of LogL: 0.000088, Normalized LogL: -1.868020, Exp of Normalized LogL: 0.154429, Best Rate: 0.3
Fault: [0,1,2,3,4,5], logL: -9.344887, Exp of LogL: 0.000087, Normalized LogL: -1.868977, Exp of Normalized LogL: 0.154281, Best Rate: 0.3
Fault: [2,1,2,3,4,5], logL: -9.402484, Exp of LogL: 0.000083, Normalized LogL: -1.880497, Exp of Normalized LogL: 0.152514, Best Rate: 0.3
Fault: [3,1,2,3,4,5], logL: -9.910350, Exp of LogL: 0.000050, Normalized LogL: -1.982070, Exp of Normalized LogL: 0.137784, Best Rate: 0.3
Fault: [1,1,2,3,4,5], logL: -10.404007, Exp of LogL: 0.000030, Normalized LogL: -2.080801, Exp of Normalized LogL: 0.124830, Best Rate: 0.3
Fault: [1,1,2,3,5,5], logL: -10.469965, Exp of LogL: 0.000028, Normalized LogL: -2.093993, Exp of Normalized LogL: 0.123194, Best Rate: 0.3
Fault: [1,1,2,3,3,5], logL: -10.469965, Exp of LogL: 0.000028, Normalized LogL: -2.093993, Exp of Normalized LogL: 0.123194, Best Rate: 0.3
Fault: [1,1,2,3,1,5], logL: -10.469965, Exp of LogL: 0.000028, Normalized LogL: -2.093993, Exp of Normalized LogL: 0.123194, Best Rate: 0.3
Fault: [1,1,2,3,0,5], logL: -10.700489, Exp of LogL: 0.000023, Normalized LogL: -2.140098, Exp of Normalized LogL: 0.117643, Best Rate: 0.3

========= ADAPTIVE MC DEBUG =========
Total calls: 50
Avg tries: 1427.00
Confidence stops: 50
Max stops: 0
Max stop rate: 0.000
Real Fault Rank 6
===== SEED 1 | FR=0.3 | VR=40 =====
executing with fault mode: [1,1,2,3,4,5]

Fault scores (higher is better):
Fault: [0,1,2,3,4,5], logL: -11.526483, Exp of LogL: 0.000010, Normalized LogL: -1.152648, Exp of Normalized LogL: 0.315799, Best Rate: 0.3
Fault: [4,1,2,3,4,5], logL: -11.907205, Exp of LogL: 0.000007, Normalized LogL: -1.190720, Exp of Normalized LogL: 0.304002, Best Rate: 0.3
Fault: [5,1,2,3,4,5], logL: -11.907205, Exp of LogL: 0.000007, Normalized LogL: -1.190720, Exp of Normalized LogL: 0.304002, Best Rate: 0.3
Fault: [2,1,2,3,4,5], logL: -11.950497, Exp of LogL: 0.000006, Normalized LogL: -1.195050, Exp of Normalized LogL: 0.302689, Best Rate: 0.3
Fault: [1,1,2,3,5,5], logL: -12.519894, Exp of LogL: 0.000004, Normalized LogL: -1.251989, Exp of Normalized LogL: 0.285935, Best Rate: 0.3
Fault: [1,1,2,3,3,5], logL: -12.519894, Exp of LogL: 0.000004, Normalized LogL: -1.251989, Exp of Normalized LogL: 0.285935, Best Rate: 0.3
Fault: [1,1,2,3,1,5], logL: -12.519894, Exp of LogL: 0.000004, Normalized LogL: -1.251989, Exp of Normalized LogL: 0.285935, Best Rate: 0.3
Fault: [3,1,2,3,4,5], logL: -12.580860, Exp of LogL: 0.000003, Normalized LogL: -1.258086, Exp of Normalized LogL: 0.284197, Best Rate: 0.3
Fault: [1,1,2,3,4,5], logL: -12.948976, Exp of LogL: 0.000002, Normalized LogL: -1.294898, Exp of Normalized LogL: 0.273926, Best Rate: 0.3
Fault: [1,1,2,3,0,5], logL: -13.107672, Exp of LogL: 0.000002, Normalized LogL: -1.310767, Exp of Normalized LogL: 0.269613, Best Rate: 0.3

========= ADAPTIVE MC DEBUG =========
Total calls: 100
Avg tries: 1893.50
Confidence stops: 100
Max stops: 0
Max stop rate: 0.000
Real Fault Rank 9
===== SEED 1 | FR=0.3 | VR=60 =====
executing with fault mode: [1,1,2,3,4,5]

Fault scores (higher is better):
Fault: [0,1,2,3,4,5], logL: -12.355200, Exp of LogL: 0.000004, Normalized LogL: -0.882514, Exp of Normalized LogL: 0.413741, Best Rate: 0.3
Fault: [2,1,2,3,4,5], logL: -12.374202, Exp of LogL: 0.000004, Normalized LogL: -0.883872, Exp of Normalized LogL: 0.413180, Best Rate: 0.3
Fault: [1,1,2,3,5,5], logL: -13.188321, Exp of LogL: 0.000002, Normalized LogL: -0.942023, Exp of Normalized LogL: 0.389838, Best Rate: 0.3
Fault: [1,1,2,3,3,5], logL: -13.188321, Exp of LogL: 0.000002, Normalized LogL: -0.942023, Exp of Normalized LogL: 0.389838, Best Rate: 0.3
Fault: [1,1,2,3,1,5], logL: -13.188321, Exp of LogL: 0.000002, Normalized LogL: -0.942023, Exp of Normalized LogL: 0.389838, Best Rate: 0.3
Fault: [4,1,2,3,4,5], logL: -13.390749, Exp of LogL: 0.000002, Normalized LogL: -0.956482, Exp of Normalized LogL: 0.384242, Best Rate: 0.3
Fault: [5,1,2,3,4,5], logL: -13.390749, Exp of LogL: 0.000002, Normalized LogL: -0.956482, Exp of Normalized LogL: 0.384242, Best Rate: 0.3
Fault: [1,1,2,3,4,5], logL: -13.616314, Exp of LogL: 0.000001, Normalized LogL: -0.972594, Exp of Normalized LogL: 0.378101, Best Rate: 0.3
Fault: [3,1,2,3,4,5], logL: -13.760959, Exp of LogL: 0.000001, Normalized LogL: -0.982926, Exp of Normalized LogL: 0.374215, Best Rate: 0.3
Fault: [1,1,2,3,0,5], logL: -13.776100, Exp of LogL: 0.000001, Normalized LogL: -0.984007, Exp of Normalized LogL: 0.373810, Best Rate: 0.3

========= ADAPTIVE MC DEBUG =========
Total calls: 140
Avg tries: 1791.79
Confidence stops: 140
Max stops: 0
Max stop rate: 0.000
Real Fault Rank 8
===== SEED 1 | FR=0.3 | VR=80 =====
executing with fault mode: [1,1,2,3,4,5]

Fault scores (higher is better):
Fault: [2,1,2,3,4,5], logL: -15.962620, Exp of LogL: 0.000000, Normalized LogL: -0.840138, Exp of Normalized LogL: 0.431651, Best Rate: 0.3
Fault: [0,1,2,3,4,5], logL: -16.086038, Exp of LogL: 0.000000, Normalized LogL: -0.846634, Exp of Normalized LogL: 0.428856, Best Rate: 0.3
Fault: [1,1,2,3,4,5], logL: -16.834879, Exp of LogL: 0.000000, Normalized LogL: -0.886046, Exp of Normalized LogL: 0.412283, Best Rate: 0.3
Fault: [3,1,2,3,4,5], logL: -16.884919, Exp of LogL: 0.000000, Normalized LogL: -0.888680, Exp of Normalized LogL: 0.411198, Best Rate: 0.3
Fault: [1,1,2,3,5,5], logL: -17.183728, Exp of LogL: 0.000000, Normalized LogL: -0.904407, Exp of Normalized LogL: 0.404782, Best Rate: 0.3
Fault: [1,1,2,3,3,5], logL: -17.183728, Exp of LogL: 0.000000, Normalized LogL: -0.904407, Exp of Normalized LogL: 0.404782, Best Rate: 0.3
Fault: [1,1,2,3,1,5], logL: -17.183728, Exp of LogL: 0.000000, Normalized LogL: -0.904407, Exp of Normalized LogL: 0.404782, Best Rate: 0.3
Fault: [1,1,2,3,0,5], logL: -17.183728, Exp of LogL: 0.000000, Normalized LogL: -0.904407, Exp of Normalized LogL: 0.404782, Best Rate: 0.3
Fault: [4,1,2,3,4,5], logL: -17.687120, Exp of LogL: 0.000000, Normalized LogL: -0.930901, Exp of Normalized LogL: 0.394198, Best Rate: 0.3
Fault: [5,1,2,3,4,5], logL: -17.687120, Exp of LogL: 0.000000, Normalized LogL: -0.930901, Exp of Normalized LogL: 0.394198, Best Rate: 0.3

========= ADAPTIVE MC DEBUG =========
Total calls: 190
Avg tries: 1818.95
Confidence stops: 190
Max stops: 0
Max stop rate: 0.000
Real Fault Rank 3
===== SEED 1 | FR=0.3 | VR=100 =====
executing with fault mode: [1,1,2,3,4,5]

Fault scores (higher is better):
Fault: [1,1,2,3,4,5], logL: -18.529659, Exp of LogL: 0.000000, Normalized LogL: -0.772069, Exp of Normalized LogL: 0.462056, Best Rate: 0.3
Fault: [1,1,2,3,5,5], logL: -18.878507, Exp of LogL: 0.000000, Normalized LogL: -0.786604, Exp of Normalized LogL: 0.455388, Best Rate: 0.3
Fault: [1,1,2,3,3,5], logL: -18.878507, Exp of LogL: 0.000000, Normalized LogL: -0.786604, Exp of Normalized LogL: 0.455388, Best Rate: 0.3
Fault: [1,1,2,3,1,5], logL: -18.878507, Exp of LogL: 0.000000, Normalized LogL: -0.786604, Exp of Normalized LogL: 0.455388, Best Rate: 0.3
Fault: [1,1,2,3,0,5], logL: -18.878507, Exp of LogL: 0.000000, Normalized LogL: -0.786604, Exp of Normalized LogL: 0.455388, Best Rate: 0.3
Fault: [2,1,2,3,4,5], logL: -19.578035, Exp of LogL: 0.000000, Normalized LogL: -0.815751, Exp of Normalized LogL: 0.442307, Best Rate: 0.3
Fault: [0,1,2,3,4,5], logL: -43.150671, Exp of LogL: 0.000000, Normalized LogL: -1.797945, Exp of Normalized LogL: 0.165639, Best Rate: 0.3
Fault: [3,1,2,3,4,5], logL: -44.373896, Exp of LogL: 0.000000, Normalized LogL: -1.848912, Exp of Normalized LogL: 0.157408, Best Rate: 0.3
Fault: [4,1,2,3,4,5], logL: -45.622695, Exp of LogL: 0.000000, Normalized LogL: -1.900946, Exp of Normalized LogL: 0.149427, Best Rate: 0.3
Fault: [5,1,2,3,4,5], logL: -45.622695, Exp of LogL: 0.000000, Normalized LogL: -1.900946, Exp of Normalized LogL: 0.149427, Best Rate: 0.3

========= ADAPTIVE MC DEBUG =========
Total calls: 240
Avg tries: 1823.96
Confidence stops: 240
Max stops: 0
Max stop rate: 0.000
Real Fault Rank 1
================= 22/08/2026 04:33:34: SEED 1 END =================
================= 22/08/2026 04:33:34: SEED 2 (2/100), a*=0 fault=[1,1,2,3,4,5] START =================
===== SEED 2 | FR=0.3 | VR=20 =====
executing with fault mode: [1,1,2,3,4,5]

Fault scores (higher is better):
Fault: [1,1,2,3,4,5], logL: -10.421665, Exp of LogL: 0.000030, Normalized LogL: -1.488809, Exp of Normalized LogL: 0.225641, Best Rate: 0.3
Fault: [1,1,2,3,2,5], logL: -10.470357, Exp of LogL: 0.000028, Normalized LogL: -1.495765, Exp of Normalized LogL: 0.224077, Best Rate: 0.3
Fault: [1,1,2,3,1,5], logL: -10.470357, Exp of LogL: 0.000028, Normalized LogL: -1.495765, Exp of Normalized LogL: 0.224077, Best Rate: 0.3
Fault: [1,1,2,3,0,5], logL: -10.470357, Exp of LogL: 0.000028, Normalized LogL: -1.495765, Exp of Normalized LogL: 0.224077, Best Rate: 0.3
Fault: [1,1,2,3,3,5], logL: -10.485105, Exp of LogL: 0.000028, Normalized LogL: -1.497872, Exp of Normalized LogL: 0.223605, Best Rate: 0.3
Fault: [2,1,2,3,4,5], logL: -35.870174, Exp of LogL: 0.000000, Normalized LogL: -5.124311, Exp of Normalized LogL: 0.005950, Best Rate: 0.3
Fault: [0,1,2,3,4,5], logL: -35.922166, Exp of LogL: 0.000000, Normalized LogL: -5.131738, Exp of Normalized LogL: 0.005906, Best Rate: 0.3
Fault: [4,1,2,3,4,5], logL: -36.421284, Exp of LogL: 0.000000, Normalized LogL: -5.203041, Exp of Normalized LogL: 0.005500, Best Rate: 0.3
Fault: [5,1,2,3,4,5], logL: -36.421284, Exp of LogL: 0.000000, Normalized LogL: -5.203041, Exp of Normalized LogL: 0.005500, Best Rate: 0.3
Fault: [3,1,2,3,4,5], logL: -36.610243, Exp of LogL: 0.000000, Normalized LogL: -5.230035, Exp of Normalized LogL: 0.005353, Best Rate: 0.3

========= ADAPTIVE MC DEBUG =========
Total calls: 70
Avg tries: 1561.43
Confidence stops: 70
Max stops: 0
Max stop rate: 0.000
Real Fault Rank 1
===== SEED 2 | FR=0.3 | VR=40 =====
executing with fault mode: [1,1,2,3,4,5]

Fault scores (higher is better):
Fault: [1,1,2,3,0,5], logL: -17.343430, Exp of LogL: 0.000000, Normalized LogL: -1.334110, Exp of Normalized LogL: 0.263392, Best Rate: 0.3
Fault: [1,1,2,3,4,5], logL: -17.426926, Exp of LogL: 0.000000, Normalized LogL: -1.340533, Exp of Normalized LogL: 0.261706, Best Rate: 0.3
Fault: [1,1,2,3,3,5], logL: -17.647755, Exp of LogL: 0.000000, Normalized LogL: -1.357520, Exp of Normalized LogL: 0.257298, Best Rate: 0.3
Fault: [1,1,2,3,2,5], logL: -17.777433, Exp of LogL: 0.000000, Normalized LogL: -1.367495, Exp of Normalized LogL: 0.254744, Best Rate: 0.3
Fault: [1,1,2,3,1,5], logL: -17.777433, Exp of LogL: 0.000000, Normalized LogL: -1.367495, Exp of Normalized LogL: 0.254744, Best Rate: 0.3
Fault: [2,1,2,3,4,5], logL: -44.721260, Exp of LogL: 0.000000, Normalized LogL: -3.440097, Exp of Normalized LogL: 0.032062, Best Rate: 0.3
Fault: [0,1,2,3,4,5], logL: -68.523481, Exp of LogL: 0.000000, Normalized LogL: -5.271037, Exp of Normalized LogL: 0.005138, Best Rate: 0.3
Fault: [3,1,2,3,4,5], logL: -69.423181, Exp of LogL: 0.000000, Normalized LogL: -5.340245, Exp of Normalized LogL: 0.004795, Best Rate: 0.3
Fault: [4,1,2,3,4,5], logL: -69.547870, Exp of LogL: 0.000000, Normalized LogL: -5.349836, Exp of Normalized LogL: 0.004749, Best Rate: 0.3
Fault: [5,1,2,3,4,5], logL: -69.547870, Exp of LogL: 0.000000, Normalized LogL: -5.349836, Exp of Normalized LogL: 0.004749, Best Rate: 0.3

========= ADAPTIVE MC DEBUG =========
Total calls: 130
Avg tries: 1639.62
Confidence stops: 130
Max stops: 0
Max stop rate: 0.000
Real Fault Rank 2
===== SEED 2 | FR=0.3 | VR=60 =====
executing with fault mode: [1,1,2,3,4,5]

Fault scores (higher is better):
Fault: [1,1,2,3,0,5], logL: -23.333755, Exp of LogL: 0.000000, Normalized LogL: -1.166688, Exp of Normalized LogL: 0.311397, Best Rate: 0.3
Fault: [1,1,2,3,4,5], logL: -23.359439, Exp of LogL: 0.000000, Normalized LogL: -1.167972, Exp of Normalized LogL: 0.310997, Best Rate: 0.3
Fault: [1,1,2,3,3,5], logL: -23.641855, Exp of LogL: 0.000000, Normalized LogL: -1.182093, Exp of Normalized LogL: 0.306636, Best Rate: 0.3
Fault: [1,1,2,3,2,5], logL: -23.753461, Exp of LogL: 0.000000, Normalized LogL: -1.187673, Exp of Normalized LogL: 0.304930, Best Rate: 0.3
Fault: [1,1,2,3,1,5], logL: -23.753461, Exp of LogL: 0.000000, Normalized LogL: -1.187673, Exp of Normalized LogL: 0.304930, Best Rate: 0.3
Fault: [2,1,2,3,4,5], logL: -51.248122, Exp of LogL: 0.000000, Normalized LogL: -2.562406, Exp of Normalized LogL: 0.077119, Best Rate: 0.3
Fault: [0,1,2,3,4,5], logL: -74.128932, Exp of LogL: 0.000000, Normalized LogL: -3.706447, Exp of Normalized LogL: 0.024565, Best Rate: 0.3
Fault: [3,1,2,3,4,5], logL: -74.959201, Exp of LogL: 0.000000, Normalized LogL: -3.747960, Exp of Normalized LogL: 0.023566, Best Rate: 0.3
Fault: [4,1,2,3,4,5], logL: -76.116306, Exp of LogL: 0.000000, Normalized LogL: -3.805815, Exp of Normalized LogL: 0.022241, Best Rate: 0.3
Fault: [5,1,2,3,4,5], logL: -76.116306, Exp of LogL: 0.000000, Normalized LogL: -3.805815, Exp of Normalized LogL: 0.022241, Best Rate: 0.3

========= ADAPTIVE MC DEBUG =========
Total calls: 200
Avg tries: 1785.75
Confidence stops: 200
Max stops: 0
Max stop rate: 0.000
Real Fault Rank 2
===== SEED 2 | FR=0.3 | VR=80 =====
executing with fault mode: [1,1,2,3,4,5]

Fault scores (higher is better):
Fault: [1,1,2,3,0,5], logL: -25.846326, Exp of LogL: 0.000000, Normalized LogL: -0.994089, Exp of Normalized LogL: 0.370060, Best Rate: 0.3
Fault: [1,1,2,3,4,5], logL: -26.318698, Exp of LogL: 0.000000, Normalized LogL: -1.012258, Exp of Normalized LogL: 0.363398, Best Rate: 0.3
Fault: [1,1,2,3,3,5], logL: -26.463752, Exp of LogL: 0.000000, Normalized LogL: -1.017837, Exp of Normalized LogL: 0.361376, Best Rate: 0.3
Fault: [1,1,2,3,2,5], logL: -26.678863, Exp of LogL: 0.000000, Normalized LogL: -1.026110, Exp of Normalized LogL: 0.358398, Best Rate: 0.3
Fault: [1,1,2,3,1,5], logL: -26.678863, Exp of LogL: 0.000000, Normalized LogL: -1.026110, Exp of Normalized LogL: 0.358398, Best Rate: 0.3
Fault: [2,1,2,3,4,5], logL: -53.171124, Exp of LogL: 0.000000, Normalized LogL: -2.045043, Exp of Normalized LogL: 0.129375, Best Rate: 0.3
Fault: [0,1,2,3,4,5], logL: -76.485894, Exp of LogL: 0.000000, Normalized LogL: -2.941765, Exp of Normalized LogL: 0.052772, Best Rate: 0.3
Fault: [3,1,2,3,4,5], logL: -78.081817, Exp of LogL: 0.000000, Normalized LogL: -3.003147, Exp of Normalized LogL: 0.049631, Best Rate: 0.3
Fault: [4,1,2,3,4,5], logL: -79.238922, Exp of LogL: 0.000000, Normalized LogL: -3.047651, Exp of Normalized LogL: 0.047470, Best Rate: 0.3
Fault: [5,1,2,3,4,5], logL: -79.238922, Exp of LogL: 0.000000, Normalized LogL: -3.047651, Exp of Normalized LogL: 0.047470, Best Rate: 0.3

========= ADAPTIVE MC DEBUG =========
Total calls: 260
Avg tries: 1804.62
Confidence stops: 260
Max stops: 0
Max stop rate: 0.000
Real Fault Rank 2
===== SEED 2 | FR=0.3 | VR=100 =====
executing with fault mode: [1,1,2,3,4,5]

Fault scores (higher is better):
Fault: [1,1,2,3,4,5], logL: -31.262595, Exp of LogL: 0.000000, Normalized LogL: -0.947351, Exp of Normalized LogL: 0.387767, Best Rate: 0.3
Fault: [1,1,2,3,2,5], logL: -31.622760, Exp of LogL: 0.000000, Normalized LogL: -0.958265, Exp of Normalized LogL: 0.383558, Best Rate: 0.3
Fault: [1,1,2,3,1,5], logL: -31.622760, Exp of LogL: 0.000000, Normalized LogL: -0.958265, Exp of Normalized LogL: 0.383558, Best Rate: 0.3
Fault: [1,1,2,3,3,5], logL: -31.622760, Exp of LogL: 0.000000, Normalized LogL: -0.958265, Exp of Normalized LogL: 0.383558, Best Rate: 0.3
Fault: [1,1,2,3,0,5], logL: -31.622760, Exp of LogL: 0.000000, Normalized LogL: -0.958265, Exp of Normalized LogL: 0.383558, Best Rate: 0.3
Fault: [2,1,2,3,4,5], logL: -56.779491, Exp of LogL: 0.000000, Normalized LogL: -1.720591, Exp of Normalized LogL: 0.178960, Best Rate: 0.3
Fault: [0,1,2,3,4,5], logL: -80.072908, Exp of LogL: 0.000000, Normalized LogL: -2.426452, Exp of Normalized LogL: 0.088350, Best Rate: 0.3
Fault: [3,1,2,3,4,5], logL: -82.671951, Exp of LogL: 0.000000, Normalized LogL: -2.505211, Exp of Normalized LogL: 0.081658, Best Rate: 0.3
Fault: [4,1,2,3,4,5], logL: -83.829056, Exp of LogL: 0.000000, Normalized LogL: -2.540274, Exp of Normalized LogL: 0.078845, Best Rate: 0.3
Fault: [5,1,2,3,4,5], logL: -83.829056, Exp of LogL: 0.000000, Normalized LogL: -2.540274, Exp of Normalized LogL: 0.078845, Best Rate: 0.3

========= ADAPTIVE MC DEBUG =========
Total calls: 330
Avg tries: 1785.76
Confidence stops: 330
Max stops: 0
Max stop rate: 0.000
Real Fault Rank 1
================= 22/08/2026 04:38:33: SEED 2 END =================
================= 22/08/2026 04:38:33: SEED 3 (3/100), a*=2 fault=[0,1,0,3,4,5] START =================
===== SEED 3 | FR=0.3 | VR=20 =====
executing with fault mode: [0,1,0,3,4,5]

executing with fault mode: [0,1,0,3,4,5]

Fault scores (higher is better):
Fault: [0,1,0,3,4,5], logL: -22.104111, Exp of LogL: 0.000000, Normalized LogL: -2.456012, Exp of Normalized LogL: 0.085776, Best Rate: 0.3
Fault: [0,1,0,3,0,5], logL: -22.258262, Exp of LogL: 0.000000, Normalized LogL: -2.473140, Exp of Normalized LogL: 0.084320, Best Rate: 0.3
Fault: [0,1,0,3,1,5], logL: -22.258262, Exp of LogL: 0.000000, Normalized LogL: -2.473140, Exp of Normalized LogL: 0.084320, Best Rate: 0.3
Fault: [0,1,0,3,2,5], logL: -22.258262, Exp of LogL: 0.000000, Normalized LogL: -2.473140, Exp of Normalized LogL: 0.084320, Best Rate: 0.3
Fault: [0,1,0,3,5,5], logL: -22.258262, Exp of LogL: 0.000000, Normalized LogL: -2.473140, Exp of Normalized LogL: 0.084320, Best Rate: 0.3
Fault: [0,1,1,3,4,5], logL: -22.708526, Exp of LogL: 0.000000, Normalized LogL: -2.523170, Exp of Normalized LogL: 0.080205, Best Rate: 0.3
Fault: [0,1,2,3,4,5], logL: -23.046846, Exp of LogL: 0.000000, Normalized LogL: -2.560761, Exp of Normalized LogL: 0.077246, Best Rate: 0.3
Fault: [0,1,4,3,4,5], logL: -45.602218, Exp of LogL: 0.000000, Normalized LogL: -5.066913, Exp of Normalized LogL: 0.006302, Best Rate: 0.3
Fault: [0,1,5,3,4,5], logL: -45.602218, Exp of LogL: 0.000000, Normalized LogL: -5.066913, Exp of Normalized LogL: 0.006302, Best Rate: 0.3
Fault: [0,1,3,3,4,5], logL: -45.685319, Exp of LogL: 0.000000, Normalized LogL: -5.076147, Exp of Normalized LogL: 0.006244, Best Rate: 0.3

========= ADAPTIVE MC DEBUG =========
Total calls: 90
Avg tries: 1113.89
Confidence stops: 90
Max stops: 0
Max stop rate: 0.000
Real Fault Rank 1
===== SEED 3 | FR=0.3 | VR=40 =====
executing with fault mode: [0,1,0,3,4,5]

executing with fault mode: [0,1,0,3,4,5]

Fault scores (higher is better):
Fault: [0,1,2,3,4,5], logL: -35.102294, Exp of LogL: 0.000000, Normalized LogL: -1.950127, Exp of Normalized LogL: 0.142256, Best Rate: 0.3
Fault: [0,1,0,3,4,5], logL: -57.204875, Exp of LogL: 0.000000, Normalized LogL: -3.178049, Exp of Normalized LogL: 0.041667, Best Rate: 0.3
Fault: [0,1,0,3,0,5], logL: -57.588166, Exp of LogL: 0.000000, Normalized LogL: -3.199343, Exp of Normalized LogL: 0.040789, Best Rate: 0.3
Fault: [0,1,0,3,1,5], logL: -57.588166, Exp of LogL: 0.000000, Normalized LogL: -3.199343, Exp of Normalized LogL: 0.040789, Best Rate: 0.3
Fault: [0,1,0,3,2,5], logL: -57.588166, Exp of LogL: 0.000000, Normalized LogL: -3.199343, Exp of Normalized LogL: 0.040789, Best Rate: 0.3
Fault: [0,1,0,3,5,5], logL: -57.588166, Exp of LogL: 0.000000, Normalized LogL: -3.199343, Exp of Normalized LogL: 0.040789, Best Rate: 0.3
Fault: [0,1,1,3,4,5], logL: -58.543783, Exp of LogL: 0.000000, Normalized LogL: -3.252432, Exp of Normalized LogL: 0.038680, Best Rate: 0.3
Fault: [0,1,3,3,4,5], logL: -81.133507, Exp of LogL: 0.000000, Normalized LogL: -4.507417, Exp of Normalized LogL: 0.011027, Best Rate: 0.3
Fault: [0,1,4,3,4,5], logL: -82.098601, Exp of LogL: 0.000000, Normalized LogL: -4.561033, Exp of Normalized LogL: 0.010451, Best Rate: 0.3
Fault: [0,1,5,3,4,5], logL: -82.098601, Exp of LogL: 0.000000, Normalized LogL: -4.561033, Exp of Normalized LogL: 0.010451, Best Rate: 0.3

========= ADAPTIVE MC DEBUG =========
Total calls: 180
Avg tries: 1469.17
Confidence stops: 180
Max stops: 0
Max stop rate: 0.000
Real Fault Rank 2
===== SEED 3 | FR=0.3 | VR=60 =====
executing with fault mode: [0,1,0,3,4,5]

executing with fault mode: [0,1,0,3,4,5]

Fault scores (higher is better):
Fault: [0,1,0,3,4,5], logL: -34.427254, Exp of LogL: 0.000000, Normalized LogL: -1.324125, Exp of Normalized LogL: 0.266036, Best Rate: 0.3
Fault: [0,1,0,3,0,5], logL: -34.831691, Exp of LogL: 0.000000, Normalized LogL: -1.339680, Exp of Normalized LogL: 0.261929, Best Rate: 0.3
Fault: [0,1,0,3,1,5], logL: -34.831691, Exp of LogL: 0.000000, Normalized LogL: -1.339680, Exp of Normalized LogL: 0.261929, Best Rate: 0.3
Fault: [0,1,0,3,2,5], logL: -34.831691, Exp of LogL: 0.000000, Normalized LogL: -1.339680, Exp of Normalized LogL: 0.261929, Best Rate: 0.3
Fault: [0,1,0,3,5,5], logL: -34.831691, Exp of LogL: 0.000000, Normalized LogL: -1.339680, Exp of Normalized LogL: 0.261929, Best Rate: 0.3
Fault: [0,1,2,3,4,5], logL: -35.469745, Exp of LogL: 0.000000, Normalized LogL: -1.364221, Exp of Normalized LogL: 0.255580, Best Rate: 0.3
Fault: [0,1,1,3,4,5], logL: -36.956497, Exp of LogL: 0.000000, Normalized LogL: -1.421404, Exp of Normalized LogL: 0.241375, Best Rate: 0.3
Fault: [0,1,3,3,4,5], logL: -59.513213, Exp of LogL: 0.000000, Normalized LogL: -2.288970, Exp of Normalized LogL: 0.101371, Best Rate: 0.3
Fault: [0,1,4,3,4,5], logL: -60.478308, Exp of LogL: 0.000000, Normalized LogL: -2.326089, Exp of Normalized LogL: 0.097677, Best Rate: 0.3
Fault: [0,1,5,3,4,5], logL: -60.478308, Exp of LogL: 0.000000, Normalized LogL: -2.326089, Exp of Normalized LogL: 0.097677, Best Rate: 0.3

========= ADAPTIVE MC DEBUG =========
Total calls: 260
Avg tries: 1705.96
Confidence stops: 260
Max stops: 0
Max stop rate: 0.000
Real Fault Rank 1
===== SEED 3 | FR=0.3 | VR=80 =====
executing with fault mode: [0,1,0,3,4,5]

executing with fault mode: [0,1,0,3,4,5]

Fault scores (higher is better):
Fault: [0,1,0,3,4,5], logL: -36.169495, Exp of LogL: 0.000000, Normalized LogL: -1.033414, Exp of Normalized LogL: 0.355790, Best Rate: 0.3
Fault: [0,1,0,3,0,5], logL: -36.541249, Exp of LogL: 0.000000, Normalized LogL: -1.044036, Exp of Normalized LogL: 0.352031, Best Rate: 0.3
Fault: [0,1,0,3,1,5], logL: -36.541249, Exp of LogL: 0.000000, Normalized LogL: -1.044036, Exp of Normalized LogL: 0.352031, Best Rate: 0.3
Fault: [0,1,0,3,2,5], logL: -36.541249, Exp of LogL: 0.000000, Normalized LogL: -1.044036, Exp of Normalized LogL: 0.352031, Best Rate: 0.3
Fault: [0,1,0,3,5,5], logL: -36.541249, Exp of LogL: 0.000000, Normalized LogL: -1.044036, Exp of Normalized LogL: 0.352031, Best Rate: 0.3
Fault: [0,1,2,3,4,5], logL: -40.716439, Exp of LogL: 0.000000, Normalized LogL: -1.163327, Exp of Normalized LogL: 0.312445, Best Rate: 0.3
Fault: [0,1,3,3,4,5], logL: -40.787832, Exp of LogL: 0.000000, Normalized LogL: -1.165367, Exp of Normalized LogL: 0.311808, Best Rate: 0.3
Fault: [0,1,1,3,4,5], logL: -43.264594, Exp of LogL: 0.000000, Normalized LogL: -1.236131, Exp of Normalized LogL: 0.290506, Best Rate: 0.3
Fault: [0,1,4,3,4,5], logL: -43.447157, Exp of LogL: 0.000000, Normalized LogL: -1.241347, Exp of Normalized LogL: 0.288995, Best Rate: 0.3
Fault: [0,1,5,3,4,5], logL: -43.447157, Exp of LogL: 0.000000, Normalized LogL: -1.241347, Exp of Normalized LogL: 0.288995, Best Rate: 0.3

========= ADAPTIVE MC DEBUG =========
Total calls: 350
Avg tries: 1753.00
Confidence stops: 350
Max stops: 0
Max stop rate: 0.000
Real Fault Rank 1
===== SEED 3 | FR=0.3 | VR=100 =====
executing with fault mode: [0,1,0,3,4,5]

executing with fault mode: [0,1,0,3,4,5]

Fault scores (higher is better):
Fault: [0,1,0,3,4,5], logL: -38.830442, Exp of LogL: 0.000000, Normalized LogL: -0.882510, Exp of Normalized LogL: 0.413743, Best Rate: 0.3
Fault: [0,1,0,3,0,5], logL: -39.202196, Exp of LogL: 0.000000, Normalized LogL: -0.890959, Exp of Normalized LogL: 0.410262, Best Rate: 0.3
Fault: [0,1,0,3,1,5], logL: -39.202196, Exp of LogL: 0.000000, Normalized LogL: -0.890959, Exp of Normalized LogL: 0.410262, Best Rate: 0.3
Fault: [0,1,0,3,2,5], logL: -39.202196, Exp of LogL: 0.000000, Normalized LogL: -0.890959, Exp of Normalized LogL: 0.410262, Best Rate: 0.3
Fault: [0,1,0,3,5,5], logL: -39.202196, Exp of LogL: 0.000000, Normalized LogL: -0.890959, Exp of Normalized LogL: 0.410262, Best Rate: 0.3
Fault: [0,1,2,3,4,5], logL: -42.989901, Exp of LogL: 0.000000, Normalized LogL: -0.977043, Exp of Normalized LogL: 0.376422, Best Rate: 0.3
Fault: [0,1,3,3,4,5], logL: -44.015086, Exp of LogL: 0.000000, Normalized LogL: -1.000343, Exp of Normalized LogL: 0.367753, Best Rate: 0.3
Fault: [0,1,4,3,4,5], logL: -46.165350, Exp of LogL: 0.000000, Normalized LogL: -1.049212, Exp of Normalized LogL: 0.350213, Best Rate: 0.3
Fault: [0,1,5,3,4,5], logL: -46.165350, Exp of LogL: 0.000000, Normalized LogL: -1.049212, Exp of Normalized LogL: 0.350213, Best Rate: 0.3
Fault: [0,1,1,3,4,5], logL: -46.255780, Exp of LogL: 0.000000, Normalized LogL: -1.051268, Exp of Normalized LogL: 0.349494, Best Rate: 0.3

========= ADAPTIVE MC DEBUG =========
Total calls: 440
Avg tries: 1803.64
Confidence stops: 440
Max stops: 0
Max stop rate: 0.000
Real Fault Rank 1
================= 22/08/2026 04:44:38: SEED 3 END =================
================= 22/08/2026 04:44:38: SEED 4 (4/100), a*=3 fault=[0,1,2,4,4,5] START =================
===== SEED 4 | FR=0.3 | VR=20 =====
executing with fault mode: [0,1,2,4,4,5]

executing with fault mode: [0,1,2,4,4,5]

executing with fault mode: [0,1,2,4,4,5]

Fault scores (higher is better):
Fault: [0,1,2,4,4,5], logL: -3.914086, Exp of LogL: 0.019959, Normalized LogL: -1.304695, Exp of Normalized LogL: 0.271255, Best Rate: 0.3
Fault: [0,1,2,5,4,5], logL: -3.914086, Exp of LogL: 0.019959, Normalized LogL: -1.304695, Exp of Normalized LogL: 0.271255, Best Rate: 0.3
Fault: [0,1,2,4,1,5], logL: -3.922520, Exp of LogL: 0.019791, Normalized LogL: -1.307507, Exp of Normalized LogL: 0.270494, Best Rate: 0.3
Fault: [0,1,2,1,4,5], logL: -3.937253, Exp of LogL: 0.019502, Normalized LogL: -1.312418, Exp of Normalized LogL: 0.269169, Best Rate: 0.3
Fault: [0,1,2,0,4,5], logL: -3.969002, Exp of LogL: 0.018892, Normalized LogL: -1.323001, Exp of Normalized LogL: 0.266335, Best Rate: 0.3
Fault: [0,1,2,2,4,5], logL: -4.035239, Exp of LogL: 0.017681, Normalized LogL: -1.345080, Exp of Normalized LogL: 0.260519, Best Rate: 0.3
Fault: [0,1,2,3,4,5], logL: -4.084030, Exp of LogL: 0.016839, Normalized LogL: -1.361343, Exp of Normalized LogL: 0.256316, Best Rate: 0.3
Fault: [0,1,2,4,5,5], logL: -4.300498, Exp of LogL: 0.013562, Normalized LogL: -1.433499, Exp of Normalized LogL: 0.238473, Best Rate: 0.3
Fault: [0,1,2,4,0,5], logL: -4.300498, Exp of LogL: 0.013562, Normalized LogL: -1.433499, Exp of Normalized LogL: 0.238473, Best Rate: 0.3
Fault: [0,1,2,4,2,5], logL: -4.300498, Exp of LogL: 0.013562, Normalized LogL: -1.433499, Exp of Normalized LogL: 0.238473, Best Rate: 0.3

========= ADAPTIVE MC DEBUG =========
Total calls: 30
Avg tries: 1813.33
Confidence stops: 30
Max stops: 0
Max stop rate: 0.000
Real Fault Rank 1
===== SEED 4 | FR=0.3 | VR=40 =====
executing with fault mode: [0,1,2,4,4,5]

executing with fault mode: [0,1,2,4,4,5]

executing with fault mode: [0,1,2,4,4,5]

Fault scores (higher is better):
Fault: [0,1,2,4,1,5], logL: -3.852378, Exp of LogL: 0.021229, Normalized LogL: -0.770476, Exp of Normalized LogL: 0.462793, Best Rate: 0.3
Fault: [0,1,2,4,4,5], logL: -3.871242, Exp of LogL: 0.020832, Normalized LogL: -0.774248, Exp of Normalized LogL: 0.461050, Best Rate: 0.3
Fault: [0,1,2,5,4,5], logL: -3.871242, Exp of LogL: 0.020832, Normalized LogL: -0.774248, Exp of Normalized LogL: 0.461050, Best Rate: 0.3
Fault: [0,1,2,1,4,5], logL: -3.894409, Exp of LogL: 0.020355, Normalized LogL: -0.778882, Exp of Normalized LogL: 0.458919, Best Rate: 0.3
Fault: [0,1,2,0,4,5], logL: -3.926158, Exp of LogL: 0.019719, Normalized LogL: -0.785232, Exp of Normalized LogL: 0.456014, Best Rate: 0.3
Fault: [0,1,2,2,4,5], logL: -3.992395, Exp of LogL: 0.018455, Normalized LogL: -0.798479, Exp of Normalized LogL: 0.450013, Best Rate: 0.3
Fault: [0,1,2,3,4,5], logL: -4.041185, Exp of LogL: 0.017577, Normalized LogL: -0.808237, Exp of Normalized LogL: 0.445643, Best Rate: 0.3
Fault: [0,1,2,4,5,5], logL: -4.230357, Exp of LogL: 0.014547, Normalized LogL: -0.846071, Exp of Normalized LogL: 0.429097, Best Rate: 0.3
Fault: [0,1,2,4,0,5], logL: -4.230357, Exp of LogL: 0.014547, Normalized LogL: -0.846071, Exp of Normalized LogL: 0.429097, Best Rate: 0.3
Fault: [0,1,2,4,2,5], logL: -4.230357, Exp of LogL: 0.014547, Normalized LogL: -0.846071, Exp of Normalized LogL: 0.429097, Best Rate: 0.3

========= ADAPTIVE MC DEBUG =========
Total calls: 50
Avg tries: 1908.00
Confidence stops: 50
Max stops: 0
Max stop rate: 0.000
Real Fault Rank 2
===== SEED 4 | FR=0.3 | VR=60 =====
executing with fault mode: [0,1,2,4,4,5]

executing with fault mode: [0,1,2,4,4,5]

executing with fault mode: [0,1,2,4,4,5]

Fault scores (higher is better):
Fault: [0,1,2,0,4,5], logL: -7.648742, Exp of LogL: 0.000477, Normalized LogL: -1.092677, Exp of Normalized LogL: 0.335318, Best Rate: 0.3
Fault: [0,1,2,4,4,5], logL: -7.680457, Exp of LogL: 0.000462, Normalized LogL: -1.097208, Exp of Normalized LogL: 0.333802, Best Rate: 0.3
Fault: [0,1,2,5,4,5], logL: -7.680457, Exp of LogL: 0.000462, Normalized LogL: -1.097208, Exp of Normalized LogL: 0.333802, Best Rate: 0.3
Fault: [0,1,2,3,4,5], logL: -7.774305, Exp of LogL: 0.000420, Normalized LogL: -1.110615, Exp of Normalized LogL: 0.329356, Best Rate: 0.3
Fault: [0,1,2,4,5,5], logL: -8.039572, Exp of LogL: 0.000322, Normalized LogL: -1.148510, Exp of Normalized LogL: 0.317109, Best Rate: 0.3
Fault: [0,1,2,4,0,5], logL: -8.039572, Exp of LogL: 0.000322, Normalized LogL: -1.148510, Exp of Normalized LogL: 0.317109, Best Rate: 0.3
Fault: [0,1,2,4,1,5], logL: -8.039572, Exp of LogL: 0.000322, Normalized LogL: -1.148510, Exp of Normalized LogL: 0.317109, Best Rate: 0.3
Fault: [0,1,2,4,2,5], logL: -8.039572, Exp of LogL: 0.000322, Normalized LogL: -1.148510, Exp of Normalized LogL: 0.317109, Best Rate: 0.3
Fault: [0,1,2,1,4,5], logL: -8.484738, Exp of LogL: 0.000207, Normalized LogL: -1.212105, Exp of Normalized LogL: 0.297570, Best Rate: 0.3
Fault: [0,1,2,2,4,5], logL: -8.551227, Exp of LogL: 0.000193, Normalized LogL: -1.221604, Exp of Normalized LogL: 0.294757, Best Rate: 0.3

========= ADAPTIVE MC DEBUG =========
Total calls: 70
Avg tries: 1720.71
Confidence stops: 70
Max stops: 0
Max stop rate: 0.000
Real Fault Rank 2
===== SEED 4 | FR=0.3 | VR=80 =====
executing with fault mode: [0,1,2,4,4,5]

executing with fault mode: [0,1,2,4,4,5]

executing with fault mode: [0,1,2,4,4,5]

Fault scores (higher is better):
Fault: [0,1,2,4,4,5], logL: -8.377481, Exp of LogL: 0.000230, Normalized LogL: -0.930831, Exp of Normalized LogL: 0.394226, Best Rate: 0.3
Fault: [0,1,2,5,4,5], logL: -8.377481, Exp of LogL: 0.000230, Normalized LogL: -0.930831, Exp of Normalized LogL: 0.394226, Best Rate: 0.3
Fault: [0,1,2,4,5,5], logL: -8.736596, Exp of LogL: 0.000161, Normalized LogL: -0.970733, Exp of Normalized LogL: 0.378805, Best Rate: 0.3
Fault: [0,1,2,4,0,5], logL: -8.736596, Exp of LogL: 0.000161, Normalized LogL: -0.970733, Exp of Normalized LogL: 0.378805, Best Rate: 0.3
Fault: [0,1,2,4,1,5], logL: -8.736596, Exp of LogL: 0.000161, Normalized LogL: -0.970733, Exp of Normalized LogL: 0.378805, Best Rate: 0.3
Fault: [0,1,2,4,2,5], logL: -8.736596, Exp of LogL: 0.000161, Normalized LogL: -0.970733, Exp of Normalized LogL: 0.378805, Best Rate: 0.3
Fault: [0,1,2,0,4,5], logL: -34.133255, Exp of LogL: 0.000000, Normalized LogL: -3.792584, Exp of Normalized LogL: 0.022537, Best Rate: 0.3
Fault: [0,1,2,3,4,5], logL: -34.222768, Exp of LogL: 0.000000, Normalized LogL: -3.802530, Exp of Normalized LogL: 0.022314, Best Rate: 0.3
Fault: [0,1,2,1,4,5], logL: -34.947305, Exp of LogL: 0.000000, Normalized LogL: -3.883034, Exp of Normalized LogL: 0.020588, Best Rate: 0.3
Fault: [0,1,2,2,4,5], logL: -35.044421, Exp of LogL: 0.000000, Normalized LogL: -3.893825, Exp of Normalized LogL: 0.020367, Best Rate: 0.3

========= ADAPTIVE MC DEBUG =========
Total calls: 90
Avg tries: 1813.33
Confidence stops: 90
Max stops: 0
Max stop rate: 0.000
Real Fault Rank 1
===== SEED 4 | FR=0.3 | VR=100 =====
executing with fault mode: [0,1,2,4,4,5]

executing with fault mode: [0,1,2,4,4,5]

executing with fault mode: [0,1,2,4,4,5]

Fault scores (higher is better):
Fault: [0,1,2,4,4,5], logL: -8.567394, Exp of LogL: 0.000190, Normalized LogL: -0.713949, Exp of Normalized LogL: 0.489706, Best Rate: 0.3
Fault: [0,1,2,5,4,5], logL: -8.567394, Exp of LogL: 0.000190, Normalized LogL: -0.713949, Exp of Normalized LogL: 0.489706, Best Rate: 0.3
Fault: [0,1,2,4,5,5], logL: -8.933872, Exp of LogL: 0.000132, Normalized LogL: -0.744489, Exp of Normalized LogL: 0.474977, Best Rate: 0.3
Fault: [0,1,2,4,0,5], logL: -8.933872, Exp of LogL: 0.000132, Normalized LogL: -0.744489, Exp of Normalized LogL: 0.474977, Best Rate: 0.3
Fault: [0,1,2,4,1,5], logL: -8.933872, Exp of LogL: 0.000132, Normalized LogL: -0.744489, Exp of Normalized LogL: 0.474977, Best Rate: 0.3
Fault: [0,1,2,4,2,5], logL: -8.933872, Exp of LogL: 0.000132, Normalized LogL: -0.744489, Exp of Normalized LogL: 0.474977, Best Rate: 0.3
Fault: [0,1,2,0,4,5], logL: -33.815150, Exp of LogL: 0.000000, Normalized LogL: -2.817929, Exp of Normalized LogL: 0.059730, Best Rate: 0.3
Fault: [0,1,2,3,4,5], logL: -34.256334, Exp of LogL: 0.000000, Normalized LogL: -2.854695, Exp of Normalized LogL: 0.057573, Best Rate: 0.3
Fault: [0,1,2,2,4,5], logL: -34.677162, Exp of LogL: 0.000000, Normalized LogL: -2.889764, Exp of Normalized LogL: 0.055589, Best Rate: 0.3
Fault: [0,1,2,1,4,5], logL: -34.849535, Exp of LogL: 0.000000, Normalized LogL: -2.904128, Exp of Normalized LogL: 0.054797, Best Rate: 0.3

========= ADAPTIVE MC DEBUG =========
Total calls: 120
Avg tries: 1759.17
Confidence stops: 120
Max stops: 0
Max stop rate: 0.000
Real Fault Rank 1
================= 22/08/2026 04:46:30: SEED 4 END =================
================= 22/08/2026 04:46:30: SEED 5 (5/100), a*=2 fault=[0,1,3,3,4,5] START =================
===== SEED 5 | FR=0.3 | VR=20 =====
executing with fault mode: [0,1,3,3,4,5]

Fault scores (higher is better):
Fault: [0,1,3,2,4,5], logL: -15.586900, Exp of LogL: 0.000000, Normalized LogL: -2.226700, Exp of Normalized LogL: 0.107884, Best Rate: 0.3
Fault: [0,1,3,0,4,5], logL: -15.586900, Exp of LogL: 0.000000, Normalized LogL: -2.226700, Exp of Normalized LogL: 0.107884, Best Rate: 0.3
Fault: [0,1,3,4,4,5], logL: -15.586900, Exp of LogL: 0.000000, Normalized LogL: -2.226700, Exp of Normalized LogL: 0.107884, Best Rate: 0.3
Fault: [0,1,3,3,4,5], logL: -15.586900, Exp of LogL: 0.000000, Normalized LogL: -2.226700, Exp of Normalized LogL: 0.107884, Best Rate: 0.3
Fault: [0,1,3,1,4,5], logL: -15.586900, Exp of LogL: 0.000000, Normalized LogL: -2.226700, Exp of Normalized LogL: 0.107884, Best Rate: 0.3
Fault: [0,1,0,3,4,5], logL: -15.692482, Exp of LogL: 0.000000, Normalized LogL: -2.241783, Exp of Normalized LogL: 0.106269, Best Rate: 0.3
Fault: [0,1,5,3,4,5], logL: -16.082846, Exp of LogL: 0.000000, Normalized LogL: -2.297549, Exp of Normalized LogL: 0.100505, Best Rate: 0.3
Fault: [0,1,4,3,4,5], logL: -16.082846, Exp of LogL: 0.000000, Normalized LogL: -2.297549, Exp of Normalized LogL: 0.100505, Best Rate: 0.3
Fault: [0,1,1,3,4,5], logL: -17.081371, Exp of LogL: 0.000000, Normalized LogL: -2.440196, Exp of Normalized LogL: 0.087144, Best Rate: 0.3
Fault: [0,1,2,3,4,5], logL: -17.159463, Exp of LogL: 0.000000, Normalized LogL: -2.451352, Exp of Normalized LogL: 0.086177, Best Rate: 0.3

========= ADAPTIVE MC DEBUG =========
Total calls: 70
Avg tries: 1086.43
Confidence stops: 70
Max stops: 0
Max stop rate: 0.000
Real Fault Rank 4
===== SEED 5 | FR=0.3 | VR=40 =====
executing with fault mode: [0,1,3,3,4,5]

Fault scores (higher is better):
Fault: [0,1,0,3,4,5], logL: -19.960045, Exp of LogL: 0.000000, Normalized LogL: -1.535388, Exp of Normalized LogL: 0.215372, Best Rate: 0.3
Fault: [0,1,3,1,4,5], logL: -21.035679, Exp of LogL: 0.000000, Normalized LogL: -1.618129, Exp of Normalized LogL: 0.198269, Best Rate: 0.3
Fault: [0,1,3,2,4,5], logL: -21.654718, Exp of LogL: 0.000000, Normalized LogL: -1.665748, Exp of Normalized LogL: 0.189049, Best Rate: 0.3
Fault: [0,1,3,0,4,5], logL: -21.654718, Exp of LogL: 0.000000, Normalized LogL: -1.665748, Exp of Normalized LogL: 0.189049, Best Rate: 0.3
Fault: [0,1,3,4,4,5], logL: -21.654718, Exp of LogL: 0.000000, Normalized LogL: -1.665748, Exp of Normalized LogL: 0.189049, Best Rate: 0.3
Fault: [0,1,3,3,4,5], logL: -21.654718, Exp of LogL: 0.000000, Normalized LogL: -1.665748, Exp of Normalized LogL: 0.189049, Best Rate: 0.3
Fault: [0,1,5,3,4,5], logL: -21.886283, Exp of LogL: 0.000000, Normalized LogL: -1.683560, Exp of Normalized LogL: 0.185712, Best Rate: 0.3
Fault: [0,1,4,3,4,5], logL: -21.886283, Exp of LogL: 0.000000, Normalized LogL: -1.683560, Exp of Normalized LogL: 0.185712, Best Rate: 0.3
Fault: [0,1,2,3,4,5], logL: -22.000381, Exp of LogL: 0.000000, Normalized LogL: -1.692337, Exp of Normalized LogL: 0.184089, Best Rate: 0.3
Fault: [0,1,1,3,4,5], logL: -22.454356, Exp of LogL: 0.000000, Normalized LogL: -1.727258, Exp of Normalized LogL: 0.177771, Best Rate: 0.3

========= ADAPTIVE MC DEBUG =========
Total calls: 130
Avg tries: 1577.69
Confidence stops: 130
Max stops: 0
Max stop rate: 0.000
Real Fault Rank 6
===== SEED 5 | FR=0.3 | VR=60 =====
executing with fault mode: [0,1,3,3,4,5]

Fault scores (higher is better):
Fault: [0,1,0,3,4,5], logL: -25.324409, Exp of LogL: 0.000000, Normalized LogL: -1.266220, Exp of Normalized LogL: 0.281895, Best Rate: 0.3
Fault: [0,1,3,2,4,5], logL: -25.515656, Exp of LogL: 0.000000, Normalized LogL: -1.275783, Exp of Normalized LogL: 0.279212, Best Rate: 0.3
Fault: [0,1,3,0,4,5], logL: -25.515656, Exp of LogL: 0.000000, Normalized LogL: -1.275783, Exp of Normalized LogL: 0.279212, Best Rate: 0.3
Fault: [0,1,3,4,4,5], logL: -25.515656, Exp of LogL: 0.000000, Normalized LogL: -1.275783, Exp of Normalized LogL: 0.279212, Best Rate: 0.3
Fault: [0,1,3,3,4,5], logL: -25.515656, Exp of LogL: 0.000000, Normalized LogL: -1.275783, Exp of Normalized LogL: 0.279212, Best Rate: 0.3
Fault: [0,1,3,1,4,5], logL: -25.515656, Exp of LogL: 0.000000, Normalized LogL: -1.275783, Exp of Normalized LogL: 0.279212, Best Rate: 0.3
Fault: [0,1,1,3,4,5], logL: -28.580368, Exp of LogL: 0.000000, Normalized LogL: -1.429018, Exp of Normalized LogL: 0.239544, Best Rate: 0.3
Fault: [0,1,5,3,4,5], logL: -50.372387, Exp of LogL: 0.000000, Normalized LogL: -2.518619, Exp of Normalized LogL: 0.080571, Best Rate: 0.3
Fault: [0,1,4,3,4,5], logL: -50.372387, Exp of LogL: 0.000000, Normalized LogL: -2.518619, Exp of Normalized LogL: 0.080571, Best Rate: 0.3
Fault: [0,1,2,3,4,5], logL: -75.465975, Exp of LogL: 0.000000, Normalized LogL: -3.773299, Exp of Normalized LogL: 0.022976, Best Rate: 0.3

========= ADAPTIVE MC DEBUG =========
Total calls: 200
Avg tries: 1649.50
Confidence stops: 200
Max stops: 0
Max stop rate: 0.000
Real Fault Rank 5
===== SEED 5 | FR=0.3 | VR=80 =====
executing with fault mode: [0,1,3,3,4,5]

Fault scores (higher is better):
Fault: [0,1,3,2,4,5], logL: -28.761753, Exp of LogL: 0.000000, Normalized LogL: -1.106221, Exp of Normalized LogL: 0.330807, Best Rate: 0.3
Fault: [0,1,3,0,4,5], logL: -28.761753, Exp of LogL: 0.000000, Normalized LogL: -1.106221, Exp of Normalized LogL: 0.330807, Best Rate: 0.3
Fault: [0,1,3,4,4,5], logL: -28.761753, Exp of LogL: 0.000000, Normalized LogL: -1.106221, Exp of Normalized LogL: 0.330807, Best Rate: 0.3
Fault: [0,1,3,3,4,5], logL: -28.761753, Exp of LogL: 0.000000, Normalized LogL: -1.106221, Exp of Normalized LogL: 0.330807, Best Rate: 0.3
Fault: [0,1,3,1,4,5], logL: -28.761753, Exp of LogL: 0.000000, Normalized LogL: -1.106221, Exp of Normalized LogL: 0.330807, Best Rate: 0.3
Fault: [0,1,0,3,4,5], logL: -31.534137, Exp of LogL: 0.000000, Normalized LogL: -1.212851, Exp of Normalized LogL: 0.297348, Best Rate: 0.3
Fault: [0,1,1,3,4,5], logL: -34.869171, Exp of LogL: 0.000000, Normalized LogL: -1.341122, Exp of Normalized LogL: 0.261552, Best Rate: 0.3
Fault: [0,1,5,3,4,5], logL: -55.909571, Exp of LogL: 0.000000, Normalized LogL: -2.150368, Exp of Normalized LogL: 0.116441, Best Rate: 0.3
Fault: [0,1,4,3,4,5], logL: -55.909571, Exp of LogL: 0.000000, Normalized LogL: -2.150368, Exp of Normalized LogL: 0.116441, Best Rate: 0.3
Fault: [0,1,2,3,4,5], logL: -104.937616, Exp of LogL: 0.000000, Normalized LogL: -4.036062, Exp of Normalized LogL: 0.017667, Best Rate: 0.3

========= ADAPTIVE MC DEBUG =========
Total calls: 260
Avg tries: 1767.50
Confidence stops: 260
Max stops: 0
Max stop rate: 0.000
Real Fault Rank 4
===== SEED 5 | FR=0.3 | VR=100 =====
executing with fault mode: [0,1,3,3,4,5]

Fault scores (higher is better):
Fault: [0,1,3,2,4,5], logL: -31.397353, Exp of LogL: 0.000000, Normalized LogL: -0.951435, Exp of Normalized LogL: 0.386186, Best Rate: 0.3
Fault: [0,1,3,0,4,5], logL: -31.397353, Exp of LogL: 0.000000, Normalized LogL: -0.951435, Exp of Normalized LogL: 0.386186, Best Rate: 0.3
Fault: [0,1,3,4,4,5], logL: -31.397353, Exp of LogL: 0.000000, Normalized LogL: -0.951435, Exp of Normalized LogL: 0.386186, Best Rate: 0.3
Fault: [0,1,3,3,4,5], logL: -31.397353, Exp of LogL: 0.000000, Normalized LogL: -0.951435, Exp of Normalized LogL: 0.386186, Best Rate: 0.3
Fault: [0,1,3,1,4,5], logL: -31.397353, Exp of LogL: 0.000000, Normalized LogL: -0.951435, Exp of Normalized LogL: 0.386186, Best Rate: 0.3
Fault: [0,1,0,3,4,5], logL: -33.409595, Exp of LogL: 0.000000, Normalized LogL: -1.012412, Exp of Normalized LogL: 0.363342, Best Rate: 0.3
Fault: [0,1,1,3,4,5], logL: -37.727791, Exp of LogL: 0.000000, Normalized LogL: -1.143266, Exp of Normalized LogL: 0.318776, Best Rate: 0.3
Fault: [0,1,5,3,4,5], logL: -58.697226, Exp of LogL: 0.000000, Normalized LogL: -1.778704, Exp of Normalized LogL: 0.168857, Best Rate: 0.3
Fault: [0,1,4,3,4,5], logL: -58.697226, Exp of LogL: 0.000000, Normalized LogL: -1.778704, Exp of Normalized LogL: 0.168857, Best Rate: 0.3
Fault: [0,1,2,3,4,5], logL: -107.698476, Exp of LogL: 0.000000, Normalized LogL: -3.263590, Exp of Normalized LogL: 0.038251, Best Rate: 0.3

========= ADAPTIVE MC DEBUG =========
Total calls: 330
Avg tries: 1834.24
Confidence stops: 330
Max stops: 0
Max stop rate: 0.000
Real Fault Rank 4
================= 22/08/2026 04:51:09: SEED 5 END =================
================= 22/08/2026 04:51:09: SEED 6 (6/100), a*=3 fault=[0,1,2,4,4,5] START =================
===== SEED 6 | FR=0.3 | VR=20 =====
executing with fault mode: [0,1,2,4,4,5]

Fault scores (higher is better):
Fault: [0,1,2,4,2,5], logL: -9.862768, Exp of LogL: 0.000052, Normalized LogL: -1.643795, Exp of Normalized LogL: 0.193245, Best Rate: 0.3
Fault: [0,1,2,4,3,5], logL: -9.862768, Exp of LogL: 0.000052, Normalized LogL: -1.643795, Exp of Normalized LogL: 0.193245, Best Rate: 0.3
Fault: [0,1,2,4,5,5], logL: -9.862768, Exp of LogL: 0.000052, Normalized LogL: -1.643795, Exp of Normalized LogL: 0.193245, Best Rate: 0.3
Fault: [0,1,2,4,1,5], logL: -9.936659, Exp of LogL: 0.000048, Normalized LogL: -1.656110, Exp of Normalized LogL: 0.190880, Best Rate: 0.3
Fault: [0,1,2,5,4,5], logL: -9.944234, Exp of LogL: 0.000048, Normalized LogL: -1.657372, Exp of Normalized LogL: 0.190639, Best Rate: 0.3
Fault: [0,1,2,4,4,5], logL: -9.944234, Exp of LogL: 0.000048, Normalized LogL: -1.657372, Exp of Normalized LogL: 0.190639, Best Rate: 0.3
Fault: [0,1,2,1,4,5], logL: -10.936428, Exp of LogL: 0.000018, Normalized LogL: -1.822738, Exp of Normalized LogL: 0.161583, Best Rate: 0.3
Fault: [0,1,2,2,4,5], logL: -11.224833, Exp of LogL: 0.000013, Normalized LogL: -1.870805, Exp of Normalized LogL: 0.154000, Best Rate: 0.3
Fault: [0,1,2,0,4,5], logL: -11.472621, Exp of LogL: 0.000010, Normalized LogL: -1.912104, Exp of Normalized LogL: 0.147769, Best Rate: 0.3
Fault: [0,1,2,3,4,5], logL: -11.644850, Exp of LogL: 0.000009, Normalized LogL: -1.940808, Exp of Normalized LogL: 0.143588, Best Rate: 0.3

========= ADAPTIVE MC DEBUG =========
Total calls: 60
Avg tries: 1518.33
Confidence stops: 60
Max stops: 0
Max stop rate: 0.000
Real Fault Rank 6
===== SEED 6 | FR=0.3 | VR=40 =====
executing with fault mode: [0,1,2,4,4,5]

Fault scores (higher is better):
Fault: [0,1,2,4,2,5], logL: -12.239425, Exp of LogL: 0.000005, Normalized LogL: -1.112675, Exp of Normalized LogL: 0.328679, Best Rate: 0.3
Fault: [0,1,2,4,3,5], logL: -12.239425, Exp of LogL: 0.000005, Normalized LogL: -1.112675, Exp of Normalized LogL: 0.328679, Best Rate: 0.3
Fault: [0,1,2,4,5,5], logL: -12.239425, Exp of LogL: 0.000005, Normalized LogL: -1.112675, Exp of Normalized LogL: 0.328679, Best Rate: 0.3
Fault: [0,1,2,4,1,5], logL: -12.258303, Exp of LogL: 0.000005, Normalized LogL: -1.114391, Exp of Normalized LogL: 0.328115, Best Rate: 0.3
Fault: [0,1,2,5,4,5], logL: -12.513851, Exp of LogL: 0.000004, Normalized LogL: -1.137623, Exp of Normalized LogL: 0.320580, Best Rate: 0.3
Fault: [0,1,2,4,4,5], logL: -12.513851, Exp of LogL: 0.000004, Normalized LogL: -1.137623, Exp of Normalized LogL: 0.320580, Best Rate: 0.3
Fault: [0,1,2,1,4,5], logL: -13.509323, Exp of LogL: 0.000001, Normalized LogL: -1.228120, Exp of Normalized LogL: 0.292843, Best Rate: 0.3
Fault: [0,1,2,2,4,5], logL: -13.809844, Exp of LogL: 0.000001, Normalized LogL: -1.255440, Exp of Normalized LogL: 0.284950, Best Rate: 0.3
Fault: [0,1,2,0,4,5], logL: -14.049385, Exp of LogL: 0.000001, Normalized LogL: -1.277217, Exp of Normalized LogL: 0.278812, Best Rate: 0.3
Fault: [0,1,2,3,4,5], logL: -14.210423, Exp of LogL: 0.000001, Normalized LogL: -1.291857, Exp of Normalized LogL: 0.274760, Best Rate: 0.3

========= ADAPTIVE MC DEBUG =========
Total calls: 110
Avg tries: 1677.73
Confidence stops: 110
Max stops: 0
Max stop rate: 0.000
Real Fault Rank 6
===== SEED 6 | FR=0.3 | VR=60 =====
executing with fault mode: [0,1,2,4,4,5]

Fault scores (higher is better):
Fault: [0,1,2,4,2,5], logL: -15.610246, Exp of LogL: 0.000000, Normalized LogL: -0.918250, Exp of Normalized LogL: 0.399217, Best Rate: 0.3
Fault: [0,1,2,4,3,5], logL: -15.610246, Exp of LogL: 0.000000, Normalized LogL: -0.918250, Exp of Normalized LogL: 0.399217, Best Rate: 0.3
Fault: [0,1,2,4,5,5], logL: -15.610246, Exp of LogL: 0.000000, Normalized LogL: -0.918250, Exp of Normalized LogL: 0.399217, Best Rate: 0.3
Fault: [0,1,2,4,1,5], logL: -15.629125, Exp of LogL: 0.000000, Normalized LogL: -0.919360, Exp of Normalized LogL: 0.398774, Best Rate: 0.3
Fault: [0,1,2,5,4,5], logL: -15.884672, Exp of LogL: 0.000000, Normalized LogL: -0.934392, Exp of Normalized LogL: 0.392824, Best Rate: 0.3
Fault: [0,1,2,4,4,5], logL: -15.884672, Exp of LogL: 0.000000, Normalized LogL: -0.934392, Exp of Normalized LogL: 0.392824, Best Rate: 0.3
Fault: [0,1,2,1,4,5], logL: -41.218185, Exp of LogL: 0.000000, Normalized LogL: -2.424599, Exp of Normalized LogL: 0.088514, Best Rate: 0.3
Fault: [0,1,2,2,4,5], logL: -41.354208, Exp of LogL: 0.000000, Normalized LogL: -2.432600, Exp of Normalized LogL: 0.087808, Best Rate: 0.3
Fault: [0,1,2,3,4,5], logL: -41.943688, Exp of LogL: 0.000000, Normalized LogL: -2.467276, Exp of Normalized LogL: 0.084816, Best Rate: 0.3
Fault: [0,1,2,0,4,5], logL: -42.171191, Exp of LogL: 0.000000, Normalized LogL: -2.480658, Exp of Normalized LogL: 0.083688, Best Rate: 0.3

========= ADAPTIVE MC DEBUG =========
Total calls: 170
Avg tries: 1803.53
Confidence stops: 170
Max stops: 0
Max stop rate: 0.000
Real Fault Rank 6
===== SEED 6 | FR=0.3 | VR=80 =====
executing with fault mode: [0,1,2,4,4,5]

Fault scores (higher is better):
Fault: [0,1,2,5,4,5], logL: -19.661753, Exp of LogL: 0.000000, Normalized LogL: -0.893716, Exp of Normalized LogL: 0.409133, Best Rate: 0.3
Fault: [0,1,2,4,4,5], logL: -19.661753, Exp of LogL: 0.000000, Normalized LogL: -0.893716, Exp of Normalized LogL: 0.409133, Best Rate: 0.3
Fault: [0,1,2,4,2,5], logL: -20.022151, Exp of LogL: 0.000000, Normalized LogL: -0.910098, Exp of Normalized LogL: 0.402485, Best Rate: 0.3
Fault: [0,1,2,4,1,5], logL: -20.022151, Exp of LogL: 0.000000, Normalized LogL: -0.910098, Exp of Normalized LogL: 0.402485, Best Rate: 0.3
Fault: [0,1,2,4,3,5], logL: -20.022151, Exp of LogL: 0.000000, Normalized LogL: -0.910098, Exp of Normalized LogL: 0.402485, Best Rate: 0.3
Fault: [0,1,2,4,5,5], logL: -20.022151, Exp of LogL: 0.000000, Normalized LogL: -0.910098, Exp of Normalized LogL: 0.402485, Best Rate: 0.3
Fault: [0,1,2,3,4,5], logL: -125.616813, Exp of LogL: 0.000000, Normalized LogL: -5.709855, Exp of Normalized LogL: 0.003313, Best Rate: 0.3
Fault: [0,1,2,0,4,5], logL: -126.039417, Exp of LogL: 0.000000, Normalized LogL: -5.729064, Exp of Normalized LogL: 0.003250, Best Rate: 0.3
Fault: [0,1,2,1,4,5], logL: -126.081009, Exp of LogL: 0.000000, Normalized LogL: -5.730955, Exp of Normalized LogL: 0.003244, Best Rate: 0.3
Fault: [0,1,2,2,4,5], logL: -126.343068, Exp of LogL: 0.000000, Normalized LogL: -5.742867, Exp of Normalized LogL: 0.003206, Best Rate: 0.3

========= ADAPTIVE MC DEBUG =========
Total calls: 220
Avg tries: 1762.05
Confidence stops: 220
Max stops: 0
Max stop rate: 0.000
Real Fault Rank 2
===== SEED 6 | FR=0.3 | VR=100 =====
executing with fault mode: [0,1,2,4,4,5]

Fault scores (higher is better):
Fault: [0,1,2,5,4,5], logL: -22.560186, Exp of LogL: 0.000000, Normalized LogL: -0.805721, Exp of Normalized LogL: 0.446766, Best Rate: 0.3
Fault: [0,1,2,4,4,5], logL: -22.560186, Exp of LogL: 0.000000, Normalized LogL: -0.805721, Exp of Normalized LogL: 0.446766, Best Rate: 0.3
Fault: [0,1,2,4,2,5], logL: -22.897759, Exp of LogL: 0.000000, Normalized LogL: -0.817777, Exp of Normalized LogL: 0.441412, Best Rate: 0.3
Fault: [0,1,2,4,1,5], logL: -22.897759, Exp of LogL: 0.000000, Normalized LogL: -0.817777, Exp of Normalized LogL: 0.441412, Best Rate: 0.3
Fault: [0,1,2,4,3,5], logL: -22.897759, Exp of LogL: 0.000000, Normalized LogL: -0.817777, Exp of Normalized LogL: 0.441412, Best Rate: 0.3
Fault: [0,1,2,4,5,5], logL: -22.897759, Exp of LogL: 0.000000, Normalized LogL: -0.817777, Exp of Normalized LogL: 0.441412, Best Rate: 0.3
Fault: [0,1,2,3,4,5], logL: -153.295150, Exp of LogL: 0.000000, Normalized LogL: -5.474827, Exp of Normalized LogL: 0.004191, Best Rate: 0.3
Fault: [0,1,2,1,4,5], logL: -153.319333, Exp of LogL: 0.000000, Normalized LogL: -5.475690, Exp of Normalized LogL: 0.004187, Best Rate: 0.3
Fault: [0,1,2,2,4,5], logL: -154.320796, Exp of LogL: 0.000000, Normalized LogL: -5.511457, Exp of Normalized LogL: 0.004040, Best Rate: 0.3
Fault: [0,1,2,0,4,5], logL: -154.453513, Exp of LogL: 0.000000, Normalized LogL: -5.516197, Exp of Normalized LogL: 0.004021, Best Rate: 0.3

========= ADAPTIVE MC DEBUG =========
Total calls: 280
Avg tries: 1807.14
Confidence stops: 280
Max stops: 0
Max stop rate: 0.000
Real Fault Rank 2
================= 22/08/2026 04:55:23: SEED 6 END =================
================= 22/08/2026 04:55:23: SEED 7 (7/100), a*=1 fault=[0,2,2,3,4,5] START =================
===== SEED 7 | FR=0.3 | VR=20 =====
executing with fault mode: [0,2,2,3,4,5]

Fault scores (higher is better):
Fault: [0,2,2,3,3,5], logL: -6.242389, Exp of LogL: 0.001945, Normalized LogL: -1.560597, Exp of Normalized LogL: 0.210011, Best Rate: 0.3
Fault: [0,2,2,3,0,5], logL: -6.242389, Exp of LogL: 0.001945, Normalized LogL: -1.560597, Exp of Normalized LogL: 0.210011, Best Rate: 0.3
Fault: [0,2,2,3,5,5], logL: -6.242389, Exp of LogL: 0.001945, Normalized LogL: -1.560597, Exp of Normalized LogL: 0.210011, Best Rate: 0.3
Fault: [0,1,2,3,4,5], logL: -6.552318, Exp of LogL: 0.001427, Normalized LogL: -1.638080, Exp of Normalized LogL: 0.194353, Best Rate: 0.3
Fault: [0,2,2,3,4,5], logL: -6.559973, Exp of LogL: 0.001416, Normalized LogL: -1.639993, Exp of Normalized LogL: 0.193981, Best Rate: 0.3
Fault: [0,2,2,3,1,5], logL: -6.626131, Exp of LogL: 0.001325, Normalized LogL: -1.656533, Exp of Normalized LogL: 0.190799, Best Rate: 0.3
Fault: [0,3,2,3,4,5], logL: -7.331990, Exp of LogL: 0.000654, Normalized LogL: -1.832997, Exp of Normalized LogL: 0.159933, Best Rate: 0.3
Fault: [0,5,2,3,4,5], logL: -7.342640, Exp of LogL: 0.000647, Normalized LogL: -1.835660, Exp of Normalized LogL: 0.159508, Best Rate: 0.3
Fault: [0,0,2,3,4,5], logL: -7.418186, Exp of LogL: 0.000600, Normalized LogL: -1.854547, Exp of Normalized LogL: 0.156524, Best Rate: 0.3
Fault: [0,4,2,3,4,5], logL: -7.603315, Exp of LogL: 0.000499, Normalized LogL: -1.900829, Exp of Normalized LogL: 0.149445, Best Rate: 0.3

========= ADAPTIVE MC DEBUG =========
Total calls: 40
Avg tries: 1481.25
Confidence stops: 40
Max stops: 0
Max stop rate: 0.000
Real Fault Rank 5
===== SEED 7 | FR=0.3 | VR=40 =====
executing with fault mode: [0,2,2,3,4,5]

Fault scores (higher is better):
Fault: [0,2,2,3,4,5], logL: -10.315604, Exp of LogL: 0.000033, Normalized LogL: -1.473658, Exp of Normalized LogL: 0.229086, Best Rate: 0.3
Fault: [0,1,2,3,4,5], logL: -10.329541, Exp of LogL: 0.000033, Normalized LogL: -1.475649, Exp of Normalized LogL: 0.228630, Best Rate: 0.3
Fault: [0,2,2,3,3,5], logL: -10.642437, Exp of LogL: 0.000024, Normalized LogL: -1.520348, Exp of Normalized LogL: 0.218636, Best Rate: 0.3
Fault: [0,2,2,3,0,5], logL: -10.642437, Exp of LogL: 0.000024, Normalized LogL: -1.520348, Exp of Normalized LogL: 0.218636, Best Rate: 0.3
Fault: [0,2,2,3,5,5], logL: -10.642437, Exp of LogL: 0.000024, Normalized LogL: -1.520348, Exp of Normalized LogL: 0.218636, Best Rate: 0.3
Fault: [0,2,2,3,1,5], logL: -10.642437, Exp of LogL: 0.000024, Normalized LogL: -1.520348, Exp of Normalized LogL: 0.218636, Best Rate: 0.3
Fault: [0,3,2,3,4,5], logL: -11.083730, Exp of LogL: 0.000015, Normalized LogL: -1.583390, Exp of Normalized LogL: 0.205278, Best Rate: 0.3
Fault: [0,0,2,3,4,5], logL: -11.169926, Exp of LogL: 0.000014, Normalized LogL: -1.595704, Exp of Normalized LogL: 0.202766, Best Rate: 0.3
Fault: [0,4,2,3,4,5], logL: -11.355055, Exp of LogL: 0.000012, Normalized LogL: -1.622151, Exp of Normalized LogL: 0.197474, Best Rate: 0.3
Fault: [0,5,2,3,4,5], logL: -11.355055, Exp of LogL: 0.000012, Normalized LogL: -1.622151, Exp of Normalized LogL: 0.197474, Best Rate: 0.3

========= ADAPTIVE MC DEBUG =========
Total calls: 70
Avg tries: 1570.00
Confidence stops: 70
Max stops: 0
Max stop rate: 0.000
Real Fault Rank 1
===== SEED 7 | FR=0.3 | VR=60 =====
executing with fault mode: [0,2,2,3,4,5]

Fault scores (higher is better):
Fault: [0,1,2,3,4,5], logL: -11.152679, Exp of LogL: 0.000014, Normalized LogL: -1.013880, Exp of Normalized LogL: 0.362809, Best Rate: 0.3
Fault: [0,2,2,3,4,5], logL: -11.174689, Exp of LogL: 0.000014, Normalized LogL: -1.015881, Exp of Normalized LogL: 0.362083, Best Rate: 0.3
Fault: [0,2,2,3,3,5], logL: -11.501521, Exp of LogL: 0.000010, Normalized LogL: -1.045593, Exp of Normalized LogL: 0.351483, Best Rate: 0.3
Fault: [0,2,2,3,0,5], logL: -11.501521, Exp of LogL: 0.000010, Normalized LogL: -1.045593, Exp of Normalized LogL: 0.351483, Best Rate: 0.3
Fault: [0,2,2,3,5,5], logL: -11.501521, Exp of LogL: 0.000010, Normalized LogL: -1.045593, Exp of Normalized LogL: 0.351483, Best Rate: 0.3
Fault: [0,2,2,3,1,5], logL: -11.501521, Exp of LogL: 0.000010, Normalized LogL: -1.045593, Exp of Normalized LogL: 0.351483, Best Rate: 0.3
Fault: [0,3,2,3,4,5], logL: -11.961902, Exp of LogL: 0.000006, Normalized LogL: -1.087446, Exp of Normalized LogL: 0.337076, Best Rate: 0.3
Fault: [0,0,2,3,4,5], logL: -12.048098, Exp of LogL: 0.000006, Normalized LogL: -1.095282, Exp of Normalized LogL: 0.334445, Best Rate: 0.3
Fault: [0,4,2,3,4,5], logL: -12.233227, Exp of LogL: 0.000005, Normalized LogL: -1.112112, Exp of Normalized LogL: 0.328864, Best Rate: 0.3
Fault: [0,5,2,3,4,5], logL: -12.233227, Exp of LogL: 0.000005, Normalized LogL: -1.112112, Exp of Normalized LogL: 0.328864, Best Rate: 0.3

========= ADAPTIVE MC DEBUG =========
Total calls: 110
Avg tries: 1834.09
Confidence stops: 110
Max stops: 0
Max stop rate: 0.000
Real Fault Rank 2
===== SEED 7 | FR=0.3 | VR=80 =====
executing with fault mode: [0,2,2,3,4,5]

Fault scores (higher is better):
Fault: [0,1,2,3,4,5], logL: -11.339927, Exp of LogL: 0.000012, Normalized LogL: -0.809995, Exp of Normalized LogL: 0.444860, Best Rate: 0.3
Fault: [0,2,2,3,4,5], logL: -11.351463, Exp of LogL: 0.000012, Normalized LogL: -0.810819, Exp of Normalized LogL: 0.444494, Best Rate: 0.3
Fault: [0,2,2,3,3,5], logL: -11.678295, Exp of LogL: 0.000008, Normalized LogL: -0.834164, Exp of Normalized LogL: 0.434237, Best Rate: 0.3
Fault: [0,2,2,3,0,5], logL: -11.678295, Exp of LogL: 0.000008, Normalized LogL: -0.834164, Exp of Normalized LogL: 0.434237, Best Rate: 0.3
Fault: [0,2,2,3,5,5], logL: -11.678295, Exp of LogL: 0.000008, Normalized LogL: -0.834164, Exp of Normalized LogL: 0.434237, Best Rate: 0.3
Fault: [0,2,2,3,1,5], logL: -11.678295, Exp of LogL: 0.000008, Normalized LogL: -0.834164, Exp of Normalized LogL: 0.434237, Best Rate: 0.3
Fault: [0,0,2,3,4,5], logL: -12.261140, Exp of LogL: 0.000005, Normalized LogL: -0.875796, Exp of Normalized LogL: 0.416530, Best Rate: 0.3
Fault: [0,3,2,3,4,5], logL: -12.284151, Exp of LogL: 0.000005, Normalized LogL: -0.877439, Exp of Normalized LogL: 0.415846, Best Rate: 0.3
Fault: [0,4,2,3,4,5], logL: -12.406365, Exp of LogL: 0.000004, Normalized LogL: -0.886169, Exp of Normalized LogL: 0.412232, Best Rate: 0.3
Fault: [0,5,2,3,4,5], logL: -12.406365, Exp of LogL: 0.000004, Normalized LogL: -0.886169, Exp of Normalized LogL: 0.412232, Best Rate: 0.3

========= ADAPTIVE MC DEBUG =========
Total calls: 140
Avg tries: 1882.86
Confidence stops: 140
Max stops: 0
Max stop rate: 0.000
Real Fault Rank 2
===== SEED 7 | FR=0.3 | VR=100 =====
executing with fault mode: [0,2,2,3,4,5]

Fault scores (higher is better):
Fault: [0,1,2,3,4,5], logL: -13.602658, Exp of LogL: 0.000001, Normalized LogL: -0.755703, Exp of Normalized LogL: 0.469680, Best Rate: 0.3
Fault: [0,2,2,3,4,5], logL: -13.674285, Exp of LogL: 0.000001, Normalized LogL: -0.759683, Exp of Normalized LogL: 0.467815, Best Rate: 0.3
Fault: [0,2,2,3,3,5], logL: -14.030264, Exp of LogL: 0.000001, Normalized LogL: -0.779459, Exp of Normalized LogL: 0.458654, Best Rate: 0.3
Fault: [0,2,2,3,0,5], logL: -14.030264, Exp of LogL: 0.000001, Normalized LogL: -0.779459, Exp of Normalized LogL: 0.458654, Best Rate: 0.3
Fault: [0,2,2,3,5,5], logL: -14.030264, Exp of LogL: 0.000001, Normalized LogL: -0.779459, Exp of Normalized LogL: 0.458654, Best Rate: 0.3
Fault: [0,2,2,3,1,5], logL: -14.030264, Exp of LogL: 0.000001, Normalized LogL: -0.779459, Exp of Normalized LogL: 0.458654, Best Rate: 0.3
Fault: [0,3,2,3,4,5], logL: -14.496751, Exp of LogL: 0.000001, Normalized LogL: -0.805375, Exp of Normalized LogL: 0.446920, Best Rate: 0.3
Fault: [0,4,2,3,4,5], logL: -14.653326, Exp of LogL: 0.000000, Normalized LogL: -0.814074, Exp of Normalized LogL: 0.443050, Best Rate: 0.3
Fault: [0,5,2,3,4,5], logL: -14.653326, Exp of LogL: 0.000000, Normalized LogL: -0.814074, Exp of Normalized LogL: 0.443050, Best Rate: 0.3
Fault: [0,0,2,3,4,5], logL: -14.653326, Exp of LogL: 0.000000, Normalized LogL: -0.814074, Exp of Normalized LogL: 0.443050, Best Rate: 0.3

========= ADAPTIVE MC DEBUG =========
Total calls: 180
Avg tries: 1820.83
Confidence stops: 180
Max stops: 0
Max stop rate: 0.000
Real Fault Rank 2
================= 22/08/2026 04:58:08: SEED 7 END =================
================= 22/08/2026 04:58:08: SEED 8 (8/100), a*=1 fault=[0,3,2,3,4,5] START =================
===== SEED 8 | FR=0.3 | VR=20 =====
executing with fault mode: [0,3,2,3,4,5]

Fault scores (higher is better):
Fault: [0,3,2,3,3,5], logL: -16.471747, Exp of LogL: 0.000000, Normalized LogL: -2.058968, Exp of Normalized LogL: 0.127586, Best Rate: 0.3
Fault: [0,3,2,3,2,5], logL: -16.471747, Exp of LogL: 0.000000, Normalized LogL: -2.058968, Exp of Normalized LogL: 0.127586, Best Rate: 0.3
Fault: [0,3,2,3,0,5], logL: -16.471747, Exp of LogL: 0.000000, Normalized LogL: -2.058968, Exp of Normalized LogL: 0.127586, Best Rate: 0.3
Fault: [0,3,2,3,4,5], logL: -16.527679, Exp of LogL: 0.000000, Normalized LogL: -2.065960, Exp of Normalized LogL: 0.126697, Best Rate: 0.3
Fault: [0,4,2,3,4,5], logL: -16.558770, Exp of LogL: 0.000000, Normalized LogL: -2.069846, Exp of Normalized LogL: 0.126205, Best Rate: 0.3
Fault: [0,1,2,3,4,5], logL: -16.581865, Exp of LogL: 0.000000, Normalized LogL: -2.072733, Exp of Normalized LogL: 0.125841, Best Rate: 0.3
Fault: [0,3,2,3,1,5], logL: -16.584255, Exp of LogL: 0.000000, Normalized LogL: -2.073032, Exp of Normalized LogL: 0.125804, Best Rate: 0.3
Fault: [0,5,2,3,4,5], logL: -16.688143, Exp of LogL: 0.000000, Normalized LogL: -2.086018, Exp of Normalized LogL: 0.124181, Best Rate: 0.3
Fault: [0,2,2,3,4,5], logL: -16.863591, Exp of LogL: 0.000000, Normalized LogL: -2.107949, Exp of Normalized LogL: 0.121487, Best Rate: 0.3
Fault: [0,0,2,3,4,5], logL: -17.746462, Exp of LogL: 0.000000, Normalized LogL: -2.218308, Exp of Normalized LogL: 0.108793, Best Rate: 0.3

========= ADAPTIVE MC DEBUG =========
Total calls: 80
Avg tries: 1269.38
Confidence stops: 80
Max stops: 0
Max stop rate: 0.000
Real Fault Rank 4
===== SEED 8 | FR=0.3 | VR=40 =====
executing with fault mode: [0,3,2,3,4,5]

Fault scores (higher is better):
Fault: [0,1,2,3,4,5], logL: -22.055594, Exp of LogL: 0.000000, Normalized LogL: -1.378475, Exp of Normalized LogL: 0.251963, Best Rate: 0.3
Fault: [0,2,2,3,4,5], logL: -22.104109, Exp of LogL: 0.000000, Normalized LogL: -1.381507, Exp of Normalized LogL: 0.251200, Best Rate: 0.3
Fault: [0,3,2,3,4,5], logL: -22.387521, Exp of LogL: 0.000000, Normalized LogL: -1.399220, Exp of Normalized LogL: 0.246789, Best Rate: 0.3
Fault: [0,4,2,3,4,5], logL: -22.466627, Exp of LogL: 0.000000, Normalized LogL: -1.404164, Exp of Normalized LogL: 0.245572, Best Rate: 0.3
Fault: [0,3,2,3,3,5], logL: -22.486905, Exp of LogL: 0.000000, Normalized LogL: -1.405432, Exp of Normalized LogL: 0.245261, Best Rate: 0.3
Fault: [0,3,2,3,2,5], logL: -22.486905, Exp of LogL: 0.000000, Normalized LogL: -1.405432, Exp of Normalized LogL: 0.245261, Best Rate: 0.3
Fault: [0,3,2,3,0,5], logL: -22.486905, Exp of LogL: 0.000000, Normalized LogL: -1.405432, Exp of Normalized LogL: 0.245261, Best Rate: 0.3
Fault: [0,5,2,3,4,5], logL: -22.603212, Exp of LogL: 0.000000, Normalized LogL: -1.412701, Exp of Normalized LogL: 0.243485, Best Rate: 0.3
Fault: [0,3,2,3,1,5], logL: -22.639677, Exp of LogL: 0.000000, Normalized LogL: -1.414980, Exp of Normalized LogL: 0.242931, Best Rate: 0.3
Fault: [0,0,2,3,4,5], logL: -23.189432, Exp of LogL: 0.000000, Normalized LogL: -1.449340, Exp of Normalized LogL: 0.234725, Best Rate: 0.3

========= ADAPTIVE MC DEBUG =========
Total calls: 160
Avg tries: 1681.56
Confidence stops: 160
Max stops: 0
Max stop rate: 0.000
Real Fault Rank 3
===== SEED 8 | FR=0.3 | VR=60 =====
executing with fault mode: [0,3,2,3,4,5]

Fault scores (higher is better):
Fault: [0,1,2,3,4,5], logL: -26.595789, Exp of LogL: 0.000000, Normalized LogL: -1.108158, Exp of Normalized LogL: 0.330167, Best Rate: 0.3
Fault: [0,2,2,3,4,5], logL: -27.744808, Exp of LogL: 0.000000, Normalized LogL: -1.156034, Exp of Normalized LogL: 0.314732, Best Rate: 0.3
Fault: [0,3,2,3,4,5], logL: -27.760756, Exp of LogL: 0.000000, Normalized LogL: -1.156698, Exp of Normalized LogL: 0.314523, Best Rate: 0.3
Fault: [0,3,2,3,1,5], logL: -28.076939, Exp of LogL: 0.000000, Normalized LogL: -1.169872, Exp of Normalized LogL: 0.310407, Best Rate: 0.3
Fault: [0,3,2,3,3,5], logL: -28.076939, Exp of LogL: 0.000000, Normalized LogL: -1.169872, Exp of Normalized LogL: 0.310407, Best Rate: 0.3
Fault: [0,3,2,3,2,5], logL: -28.076939, Exp of LogL: 0.000000, Normalized LogL: -1.169872, Exp of Normalized LogL: 0.310407, Best Rate: 0.3
Fault: [0,3,2,3,0,5], logL: -28.076939, Exp of LogL: 0.000000, Normalized LogL: -1.169872, Exp of Normalized LogL: 0.310407, Best Rate: 0.3
Fault: [0,5,2,3,4,5], logL: -28.098297, Exp of LogL: 0.000000, Normalized LogL: -1.170762, Exp of Normalized LogL: 0.310130, Best Rate: 0.3
Fault: [0,4,2,3,4,5], logL: -28.098297, Exp of LogL: 0.000000, Normalized LogL: -1.170762, Exp of Normalized LogL: 0.310130, Best Rate: 0.3
Fault: [0,0,2,3,4,5], logL: -28.697534, Exp of LogL: 0.000000, Normalized LogL: -1.195731, Exp of Normalized LogL: 0.302483, Best Rate: 0.3

========= ADAPTIVE MC DEBUG =========
Total calls: 240
Avg tries: 1853.12
Confidence stops: 240
Max stops: 0
Max stop rate: 0.000
Real Fault Rank 3
===== SEED 8 | FR=0.3 | VR=80 =====
executing with fault mode: [0,3,2,3,4,5]

Fault scores (higher is better):
Fault: [0,1,2,3,4,5], logL: -32.180829, Exp of LogL: 0.000000, Normalized LogL: -1.005651, Exp of Normalized LogL: 0.365806, Best Rate: 0.3
Fault: [0,2,2,3,4,5], logL: -33.707550, Exp of LogL: 0.000000, Normalized LogL: -1.053361, Exp of Normalized LogL: 0.348764, Best Rate: 0.3
Fault: [0,3,2,3,4,5], logL: -33.761236, Exp of LogL: 0.000000, Normalized LogL: -1.055039, Exp of Normalized LogL: 0.348179, Best Rate: 0.3
Fault: [0,3,2,3,1,5], logL: -34.093539, Exp of LogL: 0.000000, Normalized LogL: -1.065423, Exp of Normalized LogL: 0.344582, Best Rate: 0.3
Fault: [0,3,2,3,3,5], logL: -34.093539, Exp of LogL: 0.000000, Normalized LogL: -1.065423, Exp of Normalized LogL: 0.344582, Best Rate: 0.3
Fault: [0,3,2,3,2,5], logL: -34.093539, Exp of LogL: 0.000000, Normalized LogL: -1.065423, Exp of Normalized LogL: 0.344582, Best Rate: 0.3
Fault: [0,3,2,3,0,5], logL: -34.093539, Exp of LogL: 0.000000, Normalized LogL: -1.065423, Exp of Normalized LogL: 0.344582, Best Rate: 0.3
Fault: [0,5,2,3,4,5], logL: -34.112776, Exp of LogL: 0.000000, Normalized LogL: -1.066024, Exp of Normalized LogL: 0.344375, Best Rate: 0.3
Fault: [0,4,2,3,4,5], logL: -34.112776, Exp of LogL: 0.000000, Normalized LogL: -1.066024, Exp of Normalized LogL: 0.344375, Best Rate: 0.3
Fault: [0,0,2,3,4,5], logL: -34.548549, Exp of LogL: 0.000000, Normalized LogL: -1.079642, Exp of Normalized LogL: 0.339717, Best Rate: 0.3

========= ADAPTIVE MC DEBUG =========
Total calls: 320
Avg tries: 1853.75
Confidence stops: 320
Max stops: 0
Max stop rate: 0.000
Real Fault Rank 3
===== SEED 8 | FR=0.3 | VR=100 =====
executing with fault mode: [0,3,2,3,4,5]

Fault scores (higher is better):
Fault: [0,1,2,3,4,5], logL: -34.087806, Exp of LogL: 0.000000, Normalized LogL: -0.852195, Exp of Normalized LogL: 0.426478, Best Rate: 0.3
Fault: [0,3,2,3,4,5], logL: -35.724795, Exp of LogL: 0.000000, Normalized LogL: -0.893120, Exp of Normalized LogL: 0.409377, Best Rate: 0.3
Fault: [0,2,2,3,4,5], logL: -35.982877, Exp of LogL: 0.000000, Normalized LogL: -0.899572, Exp of Normalized LogL: 0.406744, Best Rate: 0.3
Fault: [0,5,2,3,4,5], logL: -36.067408, Exp of LogL: 0.000000, Normalized LogL: -0.901685, Exp of Normalized LogL: 0.405885, Best Rate: 0.3
Fault: [0,4,2,3,4,5], logL: -36.067408, Exp of LogL: 0.000000, Normalized LogL: -0.901685, Exp of Normalized LogL: 0.405885, Best Rate: 0.3
Fault: [0,3,2,3,1,5], logL: -36.070106, Exp of LogL: 0.000000, Normalized LogL: -0.901753, Exp of Normalized LogL: 0.405858, Best Rate: 0.3
Fault: [0,3,2,3,3,5], logL: -36.070106, Exp of LogL: 0.000000, Normalized LogL: -0.901753, Exp of Normalized LogL: 0.405858, Best Rate: 0.3
Fault: [0,3,2,3,2,5], logL: -36.070106, Exp of LogL: 0.000000, Normalized LogL: -0.901753, Exp of Normalized LogL: 0.405858, Best Rate: 0.3
Fault: [0,3,2,3,0,5], logL: -36.070106, Exp of LogL: 0.000000, Normalized LogL: -0.901753, Exp of Normalized LogL: 0.405858, Best Rate: 0.3
Fault: [0,0,2,3,4,5], logL: -36.579893, Exp of LogL: 0.000000, Normalized LogL: -0.914497, Exp of Normalized LogL: 0.400718, Best Rate: 0.3

========= ADAPTIVE MC DEBUG =========
Total calls: 400
Avg tries: 1889.50
Confidence stops: 400
Max stops: 0
Max stop rate: 0.000
Real Fault Rank 2
================= 22/08/2026 05:04:09: SEED 8 END =================
================= 22/08/2026 05:04:09: SEED 9 (9/100), a*=1 fault=[0,4,2,3,4,5] START =================
===== SEED 9 | FR=0.3 | VR=20 =====
executing with fault mode: [0,4,2,3,4,5]

executing with fault mode: [0,4,2,3,4,5]

Fault scores (higher is better):
Fault: [0,4,2,3,0,5], logL: -4.850793, Exp of LogL: 0.007822, Normalized LogL: -1.212698, Exp of Normalized LogL: 0.297394, Best Rate: 0.3
Fault: [0,4,2,3,2,5], logL: -4.850793, Exp of LogL: 0.007822, Normalized LogL: -1.212698, Exp of Normalized LogL: 0.297394, Best Rate: 0.3
Fault: [0,4,2,3,5,5], logL: -4.850793, Exp of LogL: 0.007822, Normalized LogL: -1.212698, Exp of Normalized LogL: 0.297394, Best Rate: 0.3
Fault: [0,3,2,3,4,5], logL: -5.067480, Exp of LogL: 0.006298, Normalized LogL: -1.266870, Exp of Normalized LogL: 0.281712, Best Rate: 0.3
Fault: [0,4,2,3,1,5], logL: -5.096426, Exp of LogL: 0.006119, Normalized LogL: -1.274107, Exp of Normalized LogL: 0.279681, Best Rate: 0.3
Fault: [0,5,2,3,4,5], logL: -5.168354, Exp of LogL: 0.005694, Normalized LogL: -1.292089, Exp of Normalized LogL: 0.274696, Best Rate: 0.3
Fault: [0,4,2,3,4,5], logL: -5.177571, Exp of LogL: 0.005642, Normalized LogL: -1.294393, Exp of Normalized LogL: 0.274064, Best Rate: 0.3
Fault: [0,0,2,3,4,5], logL: -6.575653, Exp of LogL: 0.001394, Normalized LogL: -1.643913, Exp of Normalized LogL: 0.193222, Best Rate: 0.3
Fault: [0,2,2,3,4,5], logL: -7.099782, Exp of LogL: 0.000825, Normalized LogL: -1.774945, Exp of Normalized LogL: 0.169493, Best Rate: 0.3
Fault: [0,1,2,3,4,5], logL: -8.596827, Exp of LogL: 0.000185, Normalized LogL: -2.149207, Exp of Normalized LogL: 0.116577, Best Rate: 0.3

========= ADAPTIVE MC DEBUG =========
Total calls: 40
Avg tries: 1775.00
Confidence stops: 40
Max stops: 0
Max stop rate: 0.000
Real Fault Rank 7
===== SEED 9 | FR=0.3 | VR=40 =====
executing with fault mode: [0,4,2,3,4,5]

executing with fault mode: [0,4,2,3,4,5]

Fault scores (higher is better):
Fault: [0,4,2,3,0,5], logL: -6.469005, Exp of LogL: 0.001551, Normalized LogL: -0.924144, Exp of Normalized LogL: 0.396871, Best Rate: 0.3
Fault: [0,4,2,3,2,5], logL: -6.469005, Exp of LogL: 0.001551, Normalized LogL: -0.924144, Exp of Normalized LogL: 0.396871, Best Rate: 0.3
Fault: [0,4,2,3,5,5], logL: -6.469005, Exp of LogL: 0.001551, Normalized LogL: -0.924144, Exp of Normalized LogL: 0.396871, Best Rate: 0.3
Fault: [0,3,2,3,4,5], logL: -6.725589, Exp of LogL: 0.001200, Normalized LogL: -0.960798, Exp of Normalized LogL: 0.382587, Best Rate: 0.3
Fault: [0,4,2,3,4,5], logL: -6.791243, Exp of LogL: 0.001124, Normalized LogL: -0.970178, Exp of Normalized LogL: 0.379016, Best Rate: 0.3
Fault: [0,5,2,3,4,5], logL: -6.806599, Exp of LogL: 0.001106, Normalized LogL: -0.972371, Exp of Normalized LogL: 0.378185, Best Rate: 0.3
Fault: [0,4,2,3,1,5], logL: -6.919974, Exp of LogL: 0.000988, Normalized LogL: -0.988568, Exp of Normalized LogL: 0.372109, Best Rate: 0.3
Fault: [0,0,2,3,4,5], logL: -8.967137, Exp of LogL: 0.000128, Normalized LogL: -1.281020, Exp of Normalized LogL: 0.277754, Best Rate: 0.3
Fault: [0,1,2,3,4,5], logL: -9.750272, Exp of LogL: 0.000058, Normalized LogL: -1.392896, Exp of Normalized LogL: 0.248355, Best Rate: 0.3
Fault: [0,2,2,3,4,5], logL: -9.755645, Exp of LogL: 0.000058, Normalized LogL: -1.393664, Exp of Normalized LogL: 0.248164, Best Rate: 0.3

========= ADAPTIVE MC DEBUG =========
Total calls: 70
Avg tries: 1828.57
Confidence stops: 70
Max stops: 0
Max stop rate: 0.000
Real Fault Rank 5
===== SEED 9 | FR=0.3 | VR=60 =====
executing with fault mode: [0,4,2,3,4,5]

executing with fault mode: [0,4,2,3,4,5]

Fault scores (higher is better):
Fault: [0,4,2,3,0,5], logL: -7.776980, Exp of LogL: 0.000419, Normalized LogL: -0.777698, Exp of Normalized LogL: 0.459462, Best Rate: 0.3
Fault: [0,4,2,3,2,5], logL: -7.776980, Exp of LogL: 0.000419, Normalized LogL: -0.777698, Exp of Normalized LogL: 0.459462, Best Rate: 0.3
Fault: [0,4,2,3,5,5], logL: -7.776980, Exp of LogL: 0.000419, Normalized LogL: -0.777698, Exp of Normalized LogL: 0.459462, Best Rate: 0.3
Fault: [0,3,2,3,4,5], logL: -8.072270, Exp of LogL: 0.000312, Normalized LogL: -0.807227, Exp of Normalized LogL: 0.446093, Best Rate: 0.3
Fault: [0,4,2,3,4,5], logL: -8.099217, Exp of LogL: 0.000304, Normalized LogL: -0.809922, Exp of Normalized LogL: 0.444893, Best Rate: 0.3
Fault: [0,5,2,3,4,5], logL: -8.177618, Exp of LogL: 0.000281, Normalized LogL: -0.817762, Exp of Normalized LogL: 0.441419, Best Rate: 0.3
Fault: [0,4,2,3,1,5], logL: -8.227948, Exp of LogL: 0.000267, Normalized LogL: -0.822795, Exp of Normalized LogL: 0.439202, Best Rate: 0.3
Fault: [0,0,2,3,4,5], logL: -10.593417, Exp of LogL: 0.000025, Normalized LogL: -1.059342, Exp of Normalized LogL: 0.346684, Best Rate: 0.3
Fault: [0,1,2,3,4,5], logL: -11.127716, Exp of LogL: 0.000015, Normalized LogL: -1.112772, Exp of Normalized LogL: 0.328647, Best Rate: 0.3
Fault: [0,2,2,3,4,5], logL: -11.233281, Exp of LogL: 0.000013, Normalized LogL: -1.123328, Exp of Normalized LogL: 0.325196, Best Rate: 0.3

========= ADAPTIVE MC DEBUG =========
Total calls: 100
Avg tries: 2004.00
Confidence stops: 100
Max stops: 0
Max stop rate: 0.000
Real Fault Rank 5
===== SEED 9 | FR=0.3 | VR=80 =====
executing with fault mode: [0,4,2,3,4,5]

executing with fault mode: [0,4,2,3,4,5]

Fault scores (higher is better):
Fault: [0,3,2,3,4,5], logL: -9.275681, Exp of LogL: 0.000094, Normalized LogL: -0.713514, Exp of Normalized LogL: 0.489920, Best Rate: 0.3
Fault: [0,4,2,3,4,5], logL: -9.302629, Exp of LogL: 0.000091, Normalized LogL: -0.715587, Exp of Normalized LogL: 0.488905, Best Rate: 0.3
Fault: [0,5,2,3,4,5], logL: -9.302629, Exp of LogL: 0.000091, Normalized LogL: -0.715587, Exp of Normalized LogL: 0.488905, Best Rate: 0.3
Fault: [0,4,2,3,1,5], logL: -9.668873, Exp of LogL: 0.000063, Normalized LogL: -0.743759, Exp of Normalized LogL: 0.475324, Best Rate: 0.3
Fault: [0,4,2,3,0,5], logL: -9.668873, Exp of LogL: 0.000063, Normalized LogL: -0.743759, Exp of Normalized LogL: 0.475324, Best Rate: 0.3
Fault: [0,4,2,3,2,5], logL: -9.668873, Exp of LogL: 0.000063, Normalized LogL: -0.743759, Exp of Normalized LogL: 0.475324, Best Rate: 0.3
Fault: [0,4,2,3,5,5], logL: -9.668873, Exp of LogL: 0.000063, Normalized LogL: -0.743759, Exp of Normalized LogL: 0.475324, Best Rate: 0.3
Fault: [0,0,2,3,4,5], logL: -11.622138, Exp of LogL: 0.000009, Normalized LogL: -0.894011, Exp of Normalized LogL: 0.409012, Best Rate: 0.3
Fault: [0,1,2,3,4,5], logL: -12.226098, Exp of LogL: 0.000005, Normalized LogL: -0.940469, Exp of Normalized LogL: 0.390445, Best Rate: 0.3
Fault: [0,2,2,3,4,5], logL: -12.344403, Exp of LogL: 0.000004, Normalized LogL: -0.949569, Exp of Normalized LogL: 0.386908, Best Rate: 0.3

========= ADAPTIVE MC DEBUG =========
Total calls: 130
Avg tries: 1995.38
Confidence stops: 130
Max stops: 0
Max stop rate: 0.000
Real Fault Rank 2
===== SEED 9 | FR=0.3 | VR=100 =====
executing with fault mode: [0,4,2,3,4,5]

executing with fault mode: [0,4,2,3,4,5]

Fault scores (higher is better):
Fault: [0,4,2,3,4,5], logL: -10.775575, Exp of LogL: 0.000021, Normalized LogL: -0.673473, Exp of Normalized LogL: 0.509934, Best Rate: 0.3
Fault: [0,5,2,3,4,5], logL: -10.775575, Exp of LogL: 0.000021, Normalized LogL: -0.673473, Exp of Normalized LogL: 0.509934, Best Rate: 0.3
Fault: [0,3,2,3,4,5], logL: -10.775575, Exp of LogL: 0.000021, Normalized LogL: -0.673473, Exp of Normalized LogL: 0.509934, Best Rate: 0.3
Fault: [0,4,2,3,1,5], logL: -11.141819, Exp of LogL: 0.000014, Normalized LogL: -0.696364, Exp of Normalized LogL: 0.498394, Best Rate: 0.3
Fault: [0,4,2,3,0,5], logL: -11.141819, Exp of LogL: 0.000014, Normalized LogL: -0.696364, Exp of Normalized LogL: 0.498394, Best Rate: 0.3
Fault: [0,4,2,3,2,5], logL: -11.141819, Exp of LogL: 0.000014, Normalized LogL: -0.696364, Exp of Normalized LogL: 0.498394, Best Rate: 0.3
Fault: [0,4,2,3,5,5], logL: -11.141819, Exp of LogL: 0.000014, Normalized LogL: -0.696364, Exp of Normalized LogL: 0.498394, Best Rate: 0.3
Fault: [0,1,2,3,4,5], logL: -14.454838, Exp of LogL: 0.000001, Normalized LogL: -0.903427, Exp of Normalized LogL: 0.405179, Best Rate: 0.3
Fault: [0,0,2,3,4,5], logL: -15.831943, Exp of LogL: 0.000000, Normalized LogL: -0.989496, Exp of Normalized LogL: 0.371764, Best Rate: 0.3
Fault: [0,2,2,3,4,5], logL: -16.255809, Exp of LogL: 0.000000, Normalized LogL: -1.015988, Exp of Normalized LogL: 0.362045, Best Rate: 0.3

========= ADAPTIVE MC DEBUG =========
Total calls: 160
Avg tries: 2077.50
Confidence stops: 160
Max stops: 0
Max stop rate: 0.000
Real Fault Rank 1
================= 22/08/2026 05:06:56: SEED 9 END =================
================= 22/08/2026 05:06:56: SEED 10 (10/100), a*=1 fault=[0,5,2,3,4,5] START =================
===== SEED 10 | FR=0.3 | VR=20 =====
executing with fault mode: [0,5,2,3,4,5]

executing with fault mode: [0,5,2,3,4,5]

Fault scores (higher is better):
Fault: [0,1,2,3,4,5], logL: -7.724920, Exp of LogL: 0.000442, Normalized LogL: -1.544984, Exp of Normalized LogL: 0.213315, Best Rate: 0.3
Fault: [0,3,2,3,4,5], logL: -8.157744, Exp of LogL: 0.000287, Normalized LogL: -1.631549, Exp of Normalized LogL: 0.195626, Best Rate: 0.3
Fault: [0,5,2,3,4,5], logL: -8.238885, Exp of LogL: 0.000264, Normalized LogL: -1.647777, Exp of Normalized LogL: 0.192477, Best Rate: 0.3
Fault: [0,4,2,3,4,5], logL: -8.238885, Exp of LogL: 0.000264, Normalized LogL: -1.647777, Exp of Normalized LogL: 0.192477, Best Rate: 0.3
Fault: [0,5,2,3,1,5], logL: -8.249638, Exp of LogL: 0.000261, Normalized LogL: -1.649928, Exp of Normalized LogL: 0.192064, Best Rate: 0.3
Fault: [0,5,2,3,3,5], logL: -8.249638, Exp of LogL: 0.000261, Normalized LogL: -1.649928, Exp of Normalized LogL: 0.192064, Best Rate: 0.3
Fault: [0,2,2,3,4,5], logL: -8.270116, Exp of LogL: 0.000256, Normalized LogL: -1.654023, Exp of Normalized LogL: 0.191279, Best Rate: 0.3
Fault: [0,5,2,3,0,5], logL: -8.317708, Exp of LogL: 0.000244, Normalized LogL: -1.663542, Exp of Normalized LogL: 0.189467, Best Rate: 0.3
Fault: [0,5,2,3,2,5], logL: -8.365426, Exp of LogL: 0.000233, Normalized LogL: -1.673085, Exp of Normalized LogL: 0.187667, Best Rate: 0.3
Fault: [0,0,2,3,4,5], logL: -8.487758, Exp of LogL: 0.000206, Normalized LogL: -1.697552, Exp of Normalized LogL: 0.183131, Best Rate: 0.3

========= ADAPTIVE MC DEBUG =========
Total calls: 50
Avg tries: 1372.00
Confidence stops: 50
Max stops: 0
Max stop rate: 0.000
Real Fault Rank 3
===== SEED 10 | FR=0.3 | VR=40 =====
executing with fault mode: [0,5,2,3,4,5]

executing with fault mode: [0,5,2,3,4,5]

Fault scores (higher is better):
Fault: [0,3,2,3,4,5], logL: -12.005545, Exp of LogL: 0.000006, Normalized LogL: -1.200555, Exp of Normalized LogL: 0.301027, Best Rate: 0.3
Fault: [0,1,2,3,4,5], logL: -12.015945, Exp of LogL: 0.000006, Normalized LogL: -1.201595, Exp of Normalized LogL: 0.300714, Best Rate: 0.3
Fault: [0,5,2,3,1,5], logL: -12.135404, Exp of LogL: 0.000005, Normalized LogL: -1.213540, Exp of Normalized LogL: 0.297143, Best Rate: 0.3
Fault: [0,5,2,3,3,5], logL: -12.135404, Exp of LogL: 0.000005, Normalized LogL: -1.213540, Exp of Normalized LogL: 0.297143, Best Rate: 0.3
Fault: [0,2,2,3,4,5], logL: -12.149863, Exp of LogL: 0.000005, Normalized LogL: -1.214986, Exp of Normalized LogL: 0.296714, Best Rate: 0.3
Fault: [0,5,2,3,4,5], logL: -12.154729, Exp of LogL: 0.000005, Normalized LogL: -1.215473, Exp of Normalized LogL: 0.296570, Best Rate: 0.3
Fault: [0,4,2,3,4,5], logL: -12.154729, Exp of LogL: 0.000005, Normalized LogL: -1.215473, Exp of Normalized LogL: 0.296570, Best Rate: 0.3
Fault: [0,5,2,3,2,5], logL: -12.159619, Exp of LogL: 0.000005, Normalized LogL: -1.215962, Exp of Normalized LogL: 0.296425, Best Rate: 0.3
Fault: [0,5,2,3,0,5], logL: -12.184434, Exp of LogL: 0.000005, Normalized LogL: -1.218443, Exp of Normalized LogL: 0.295690, Best Rate: 0.3
Fault: [0,0,2,3,4,5], logL: -12.316605, Exp of LogL: 0.000004, Normalized LogL: -1.231660, Exp of Normalized LogL: 0.291808, Best Rate: 0.3

========= ADAPTIVE MC DEBUG =========
Total calls: 100
Avg tries: 1727.50
Confidence stops: 100
Max stops: 0
Max stop rate: 0.000
Real Fault Rank 6
===== SEED 10 | FR=0.3 | VR=60 =====
executing with fault mode: [0,5,2,3,4,5]

executing with fault mode: [0,5,2,3,4,5]

Fault scores (higher is better):
Fault: [0,1,2,3,4,5], logL: -16.170798, Exp of LogL: 0.000000, Normalized LogL: -1.078053, Exp of Normalized LogL: 0.340257, Best Rate: 0.3
Fault: [0,3,2,3,4,5], logL: -16.206572, Exp of LogL: 0.000000, Normalized LogL: -1.080438, Exp of Normalized LogL: 0.339447, Best Rate: 0.3
Fault: [0,5,2,3,4,5], logL: -16.401420, Exp of LogL: 0.000000, Normalized LogL: -1.093428, Exp of Normalized LogL: 0.335066, Best Rate: 0.3
Fault: [0,4,2,3,4,5], logL: -16.401420, Exp of LogL: 0.000000, Normalized LogL: -1.093428, Exp of Normalized LogL: 0.335066, Best Rate: 0.3
Fault: [0,5,2,3,1,5], logL: -16.457387, Exp of LogL: 0.000000, Normalized LogL: -1.097159, Exp of Normalized LogL: 0.333818, Best Rate: 0.3
Fault: [0,5,2,3,3,5], logL: -16.457387, Exp of LogL: 0.000000, Normalized LogL: -1.097159, Exp of Normalized LogL: 0.333818, Best Rate: 0.3
Fault: [0,5,2,3,0,5], logL: -16.832080, Exp of LogL: 0.000000, Normalized LogL: -1.122139, Exp of Normalized LogL: 0.325583, Best Rate: 0.3
Fault: [0,5,2,3,2,5], logL: -16.846265, Exp of LogL: 0.000000, Normalized LogL: -1.123084, Exp of Normalized LogL: 0.325275, Best Rate: 0.3
Fault: [0,2,2,3,4,5], logL: -17.125920, Exp of LogL: 0.000000, Normalized LogL: -1.141728, Exp of Normalized LogL: 0.319267, Best Rate: 0.3
Fault: [0,0,2,3,4,5], logL: -17.153101, Exp of LogL: 0.000000, Normalized LogL: -1.143540, Exp of Normalized LogL: 0.318689, Best Rate: 0.3

========= ADAPTIVE MC DEBUG =========
Total calls: 150
Avg tries: 1797.67
Confidence stops: 150
Max stops: 0
Max stop rate: 0.000
Real Fault Rank 3
===== SEED 10 | FR=0.3 | VR=80 =====
executing with fault mode: [0,5,2,3,4,5]

executing with fault mode: [0,5,2,3,4,5]

Fault scores (higher is better):
Fault: [0,3,2,3,4,5], logL: -18.995306, Exp of LogL: 0.000000, Normalized LogL: -0.949765, Exp of Normalized LogL: 0.386832, Best Rate: 0.3
Fault: [0,5,2,3,4,5], logL: -19.190154, Exp of LogL: 0.000000, Normalized LogL: -0.959508, Exp of Normalized LogL: 0.383081, Best Rate: 0.3
Fault: [0,4,2,3,4,5], logL: -19.190154, Exp of LogL: 0.000000, Normalized LogL: -0.959508, Exp of Normalized LogL: 0.383081, Best Rate: 0.3
Fault: [0,1,2,3,4,5], logL: -19.228720, Exp of LogL: 0.000000, Normalized LogL: -0.961436, Exp of Normalized LogL: 0.382343, Best Rate: 0.3
Fault: [0,5,2,3,0,5], logL: -19.490981, Exp of LogL: 0.000000, Normalized LogL: -0.974549, Exp of Normalized LogL: 0.377362, Best Rate: 0.3
Fault: [0,5,2,3,1,5], logL: -19.490981, Exp of LogL: 0.000000, Normalized LogL: -0.974549, Exp of Normalized LogL: 0.377362, Best Rate: 0.3
Fault: [0,5,2,3,3,5], logL: -19.490981, Exp of LogL: 0.000000, Normalized LogL: -0.974549, Exp of Normalized LogL: 0.377362, Best Rate: 0.3
Fault: [0,5,2,3,2,5], logL: -19.490981, Exp of LogL: 0.000000, Normalized LogL: -0.974549, Exp of Normalized LogL: 0.377362, Best Rate: 0.3
Fault: [0,0,2,3,4,5], logL: -20.178384, Exp of LogL: 0.000000, Normalized LogL: -1.008919, Exp of Normalized LogL: 0.364613, Best Rate: 0.3
Fault: [0,2,2,3,4,5], logL: -20.258340, Exp of LogL: 0.000000, Normalized LogL: -1.012917, Exp of Normalized LogL: 0.363158, Best Rate: 0.3

========= ADAPTIVE MC DEBUG =========
Total calls: 200
Avg tries: 1807.00
Confidence stops: 200
Max stops: 0
Max stop rate: 0.000
Real Fault Rank 2
===== SEED 10 | FR=0.3 | VR=100 =====
executing with fault mode: [0,5,2,3,4,5]

executing with fault mode: [0,5,2,3,4,5]

Fault scores (higher is better):
Fault: [0,5,2,3,4,5], logL: -20.495266, Exp of LogL: 0.000000, Normalized LogL: -0.819811, Exp of Normalized LogL: 0.440515, Best Rate: 0.3
Fault: [0,4,2,3,4,5], logL: -20.495266, Exp of LogL: 0.000000, Normalized LogL: -0.819811, Exp of Normalized LogL: 0.440515, Best Rate: 0.3
Fault: [0,5,2,3,0,5], logL: -20.835646, Exp of LogL: 0.000000, Normalized LogL: -0.833426, Exp of Normalized LogL: 0.434558, Best Rate: 0.3
Fault: [0,5,2,3,1,5], logL: -20.835646, Exp of LogL: 0.000000, Normalized LogL: -0.833426, Exp of Normalized LogL: 0.434558, Best Rate: 0.3
Fault: [0,5,2,3,3,5], logL: -20.835646, Exp of LogL: 0.000000, Normalized LogL: -0.833426, Exp of Normalized LogL: 0.434558, Best Rate: 0.3
Fault: [0,5,2,3,2,5], logL: -20.835646, Exp of LogL: 0.000000, Normalized LogL: -0.833426, Exp of Normalized LogL: 0.434558, Best Rate: 0.3
Fault: [0,2,2,3,4,5], logL: -21.575052, Exp of LogL: 0.000000, Normalized LogL: -0.863002, Exp of Normalized LogL: 0.421894, Best Rate: 0.3
Fault: [0,1,2,3,4,5], logL: -22.285323, Exp of LogL: 0.000000, Normalized LogL: -0.891413, Exp of Normalized LogL: 0.410076, Best Rate: 0.3
Fault: [0,3,2,3,4,5], logL: -23.156173, Exp of LogL: 0.000000, Normalized LogL: -0.926247, Exp of Normalized LogL: 0.396037, Best Rate: 0.3
Fault: [0,0,2,3,4,5], logL: -23.493252, Exp of LogL: 0.000000, Normalized LogL: -0.939730, Exp of Normalized LogL: 0.390733, Best Rate: 0.3

========= ADAPTIVE MC DEBUG =========
Total calls: 250
Avg tries: 1838.20
Confidence stops: 250
Max stops: 0
Max stop rate: 0.000
Real Fault Rank 1
================= 22/08/2026 05:10:43: SEED 10 END =================
================= 22/08/2026 05:10:43: SEED 11 (11/100), a*=2 fault=[0,1,1,3,4,5] START =================
===== SEED 11 | FR=0.3 | VR=20 =====
executing with fault mode: [0,1,1,3,4,5]

executing with fault mode: [0,1,1,3,4,5]

Fault scores (higher is better):
Fault: [0,1,2,3,4,5], logL: -10.524437, Exp of LogL: 0.000027, Normalized LogL: -1.754073, Exp of Normalized LogL: 0.173068, Best Rate: 0.3
Fault: [0,1,4,3,4,5], logL: -10.671869, Exp of LogL: 0.000023, Normalized LogL: -1.778645, Exp of Normalized LogL: 0.168867, Best Rate: 0.3
Fault: [0,1,5,3,4,5], logL: -10.671869, Exp of LogL: 0.000023, Normalized LogL: -1.778645, Exp of Normalized LogL: 0.168867, Best Rate: 0.3
Fault: [0,1,1,3,5,5], logL: -10.918729, Exp of LogL: 0.000018, Normalized LogL: -1.819788, Exp of Normalized LogL: 0.162060, Best Rate: 0.3
Fault: [0,1,1,3,1,5], logL: -10.918729, Exp of LogL: 0.000018, Normalized LogL: -1.819788, Exp of Normalized LogL: 0.162060, Best Rate: 0.3
Fault: [0,1,1,3,4,5], logL: -10.918729, Exp of LogL: 0.000018, Normalized LogL: -1.819788, Exp of Normalized LogL: 0.162060, Best Rate: 0.3
Fault: [0,1,1,3,3,5], logL: -10.918729, Exp of LogL: 0.000018, Normalized LogL: -1.819788, Exp of Normalized LogL: 0.162060, Best Rate: 0.3
Fault: [0,1,0,3,4,5], logL: -10.926451, Exp of LogL: 0.000018, Normalized LogL: -1.821075, Exp of Normalized LogL: 0.161852, Best Rate: 0.3
Fault: [0,1,3,3,4,5], logL: -11.167190, Exp of LogL: 0.000014, Normalized LogL: -1.861198, Exp of Normalized LogL: 0.155486, Best Rate: 0.3
Fault: [0,1,1,3,2,5], logL: -11.494093, Exp of LogL: 0.000010, Normalized LogL: -1.915682, Exp of Normalized LogL: 0.147241, Best Rate: 0.3

========= ADAPTIVE MC DEBUG =========
Total calls: 60
Avg tries: 1239.17
Confidence stops: 60
Max stops: 0
Max stop rate: 0.000
Real Fault Rank 6
===== SEED 11 | FR=0.3 | VR=40 =====
executing with fault mode: [0,1,1,3,4,5]

executing with fault mode: [0,1,1,3,4,5]

Fault scores (higher is better):
Fault: [0,1,1,3,5,5], logL: -17.042180, Exp of LogL: 0.000000, Normalized LogL: -1.420182, Exp of Normalized LogL: 0.241670, Best Rate: 0.3
Fault: [0,1,1,3,1,5], logL: -17.042180, Exp of LogL: 0.000000, Normalized LogL: -1.420182, Exp of Normalized LogL: 0.241670, Best Rate: 0.3
Fault: [0,1,1,3,3,5], logL: -17.042180, Exp of LogL: 0.000000, Normalized LogL: -1.420182, Exp of Normalized LogL: 0.241670, Best Rate: 0.3
Fault: [0,1,1,3,4,5], logL: -17.193116, Exp of LogL: 0.000000, Normalized LogL: -1.432760, Exp of Normalized LogL: 0.238649, Best Rate: 0.3
Fault: [0,1,2,3,4,5], logL: -17.386622, Exp of LogL: 0.000000, Normalized LogL: -1.448885, Exp of Normalized LogL: 0.234832, Best Rate: 0.3
Fault: [0,1,1,3,2,5], logL: -17.441454, Exp of LogL: 0.000000, Normalized LogL: -1.453454, Exp of Normalized LogL: 0.233761, Best Rate: 0.3
Fault: [0,1,3,3,4,5], logL: -18.071704, Exp of LogL: 0.000000, Normalized LogL: -1.505975, Exp of Normalized LogL: 0.221801, Best Rate: 0.3
Fault: [0,1,0,3,4,5], logL: -18.280543, Exp of LogL: 0.000000, Normalized LogL: -1.523379, Exp of Normalized LogL: 0.217974, Best Rate: 0.3
Fault: [0,1,4,3,4,5], logL: -18.880436, Exp of LogL: 0.000000, Normalized LogL: -1.573370, Exp of Normalized LogL: 0.207345, Best Rate: 0.3
Fault: [0,1,5,3,4,5], logL: -18.880436, Exp of LogL: 0.000000, Normalized LogL: -1.573370, Exp of Normalized LogL: 0.207345, Best Rate: 0.3

========= ADAPTIVE MC DEBUG =========
Total calls: 120
Avg tries: 1567.08
Confidence stops: 120
Max stops: 0
Max stop rate: 0.000
Real Fault Rank 4
===== SEED 11 | FR=0.3 | VR=60 =====
executing with fault mode: [0,1,1,3,4,5]

executing with fault mode: [0,1,1,3,4,5]

Fault scores (higher is better):
Fault: [0,1,1,3,4,5], logL: -18.620796, Exp of LogL: 0.000000, Normalized LogL: -1.034489, Exp of Normalized LogL: 0.355408, Best Rate: 0.3
Fault: [0,1,2,3,4,5], logL: -18.667608, Exp of LogL: 0.000000, Normalized LogL: -1.037089, Exp of Normalized LogL: 0.354485, Best Rate: 0.3
Fault: [0,1,1,3,5,5], logL: -18.978866, Exp of LogL: 0.000000, Normalized LogL: -1.054381, Exp of Normalized LogL: 0.348408, Best Rate: 0.3
Fault: [0,1,1,3,1,5], logL: -18.978866, Exp of LogL: 0.000000, Normalized LogL: -1.054381, Exp of Normalized LogL: 0.348408, Best Rate: 0.3
Fault: [0,1,1,3,3,5], logL: -18.978866, Exp of LogL: 0.000000, Normalized LogL: -1.054381, Exp of Normalized LogL: 0.348408, Best Rate: 0.3
Fault: [0,1,1,3,2,5], logL: -18.978866, Exp of LogL: 0.000000, Normalized LogL: -1.054381, Exp of Normalized LogL: 0.348408, Best Rate: 0.3
Fault: [0,1,3,3,4,5], logL: -19.373295, Exp of LogL: 0.000000, Normalized LogL: -1.076294, Exp of Normalized LogL: 0.340856, Best Rate: 0.3
Fault: [0,1,0,3,4,5], logL: -19.539514, Exp of LogL: 0.000000, Normalized LogL: -1.085529, Exp of Normalized LogL: 0.337723, Best Rate: 0.3
Fault: [0,1,4,3,4,5], logL: -20.140550, Exp of LogL: 0.000000, Normalized LogL: -1.118919, Exp of Normalized LogL: 0.326633, Best Rate: 0.3
Fault: [0,1,5,3,4,5], logL: -20.140550, Exp of LogL: 0.000000, Normalized LogL: -1.118919, Exp of Normalized LogL: 0.326633, Best Rate: 0.3

========= ADAPTIVE MC DEBUG =========
Total calls: 180
Avg tries: 1649.72
Confidence stops: 180
Max stops: 0
Max stop rate: 0.000
Real Fault Rank 1
===== SEED 11 | FR=0.3 | VR=80 =====
executing with fault mode: [0,1,1,3,4,5]

executing with fault mode: [0,1,1,3,4,5]

Fault scores (higher is better):
Fault: [0,1,1,3,4,5], logL: -22.379241, Exp of LogL: 0.000000, Normalized LogL: -0.932468, Exp of Normalized LogL: 0.393581, Best Rate: 0.3
Fault: [0,1,1,3,5,5], logL: -22.737311, Exp of LogL: 0.000000, Normalized LogL: -0.947388, Exp of Normalized LogL: 0.387753, Best Rate: 0.3
Fault: [0,1,1,3,1,5], logL: -22.737311, Exp of LogL: 0.000000, Normalized LogL: -0.947388, Exp of Normalized LogL: 0.387753, Best Rate: 0.3
Fault: [0,1,1,3,3,5], logL: -22.737311, Exp of LogL: 0.000000, Normalized LogL: -0.947388, Exp of Normalized LogL: 0.387753, Best Rate: 0.3
Fault: [0,1,1,3,2,5], logL: -22.737311, Exp of LogL: 0.000000, Normalized LogL: -0.947388, Exp of Normalized LogL: 0.387753, Best Rate: 0.3
Fault: [0,1,2,3,4,5], logL: -22.929248, Exp of LogL: 0.000000, Normalized LogL: -0.955385, Exp of Normalized LogL: 0.384664, Best Rate: 0.3
Fault: [0,1,3,3,4,5], logL: -23.898731, Exp of LogL: 0.000000, Normalized LogL: -0.995780, Exp of Normalized LogL: 0.369435, Best Rate: 0.3
Fault: [0,1,0,3,4,5], logL: -24.207207, Exp of LogL: 0.000000, Normalized LogL: -1.008634, Exp of Normalized LogL: 0.364717, Best Rate: 0.3
Fault: [0,1,4,3,4,5], logL: -24.456593, Exp of LogL: 0.000000, Normalized LogL: -1.019025, Exp of Normalized LogL: 0.360947, Best Rate: 0.3
Fault: [0,1,5,3,4,5], logL: -24.456593, Exp of LogL: 0.000000, Normalized LogL: -1.019025, Exp of Normalized LogL: 0.360947, Best Rate: 0.3

========= ADAPTIVE MC DEBUG =========
Total calls: 240
Avg tries: 1777.29
Confidence stops: 240
Max stops: 0
Max stop rate: 0.000
Real Fault Rank 1
===== SEED 11 | FR=0.3 | VR=100 =====
executing with fault mode: [0,1,1,3,4,5]

executing with fault mode: [0,1,1,3,4,5]

Fault scores (higher is better):
Fault: [0,1,1,3,4,5], logL: -28.296300, Exp of LogL: 0.000000, Normalized LogL: -0.943210, Exp of Normalized LogL: 0.389376, Best Rate: 0.3
Fault: [0,1,1,3,5,5], logL: -28.654369, Exp of LogL: 0.000000, Normalized LogL: -0.955146, Exp of Normalized LogL: 0.384756, Best Rate: 0.3
Fault: [0,1,1,3,1,5], logL: -28.654369, Exp of LogL: 0.000000, Normalized LogL: -0.955146, Exp of Normalized LogL: 0.384756, Best Rate: 0.3
Fault: [0,1,1,3,3,5], logL: -28.654369, Exp of LogL: 0.000000, Normalized LogL: -0.955146, Exp of Normalized LogL: 0.384756, Best Rate: 0.3
Fault: [0,1,1,3,2,5], logL: -28.654369, Exp of LogL: 0.000000, Normalized LogL: -0.955146, Exp of Normalized LogL: 0.384756, Best Rate: 0.3
Fault: [0,1,2,3,4,5], logL: -29.090185, Exp of LogL: 0.000000, Normalized LogL: -0.969673, Exp of Normalized LogL: 0.379207, Best Rate: 0.3
Fault: [0,1,3,3,4,5], logL: -30.128485, Exp of LogL: 0.000000, Normalized LogL: -1.004283, Exp of Normalized LogL: 0.366307, Best Rate: 0.3
Fault: [0,1,0,3,4,5], logL: -30.485963, Exp of LogL: 0.000000, Normalized LogL: -1.016199, Exp of Normalized LogL: 0.361968, Best Rate: 0.3
Fault: [0,1,4,3,4,5], logL: -30.773334, Exp of LogL: 0.000000, Normalized LogL: -1.025778, Exp of Normalized LogL: 0.358518, Best Rate: 0.3
Fault: [0,1,5,3,4,5], logL: -30.773334, Exp of LogL: 0.000000, Normalized LogL: -1.025778, Exp of Normalized LogL: 0.358518, Best Rate: 0.3

========= ADAPTIVE MC DEBUG =========
Total calls: 300
Avg tries: 1744.17
Confidence stops: 300
Max stops: 0
Max stop rate: 0.000
Real Fault Rank 1
================= 22/08/2026 05:14:58: SEED 11 END =================
================= 22/08/2026 05:14:58: SEED 12 (12/100), a*=3 fault=[0,1,2,5,4,5] START =================
===== SEED 12 | FR=0.3 | VR=20 =====
executing with fault mode: [0,1,2,5,4,5]

executing with fault mode: [0,1,2,5,4,5]

executing with fault mode: [0,1,2,5,4,5]

executing with fault mode: [0,1,2,5,4,5]

Fault scores (higher is better):
Fault: [0,1,2,5,3,5], logL: -4.268436, Exp of LogL: 0.014004, Normalized LogL: -1.067109, Exp of Normalized LogL: 0.344002, Best Rate: 0.3
Fault: [0,1,2,5,5,5], logL: -4.268436, Exp of LogL: 0.014004, Normalized LogL: -1.067109, Exp of Normalized LogL: 0.344002, Best Rate: 0.3
Fault: [0,1,2,5,2,5], logL: -4.268436, Exp of LogL: 0.014004, Normalized LogL: -1.067109, Exp of Normalized LogL: 0.344002, Best Rate: 0.3
Fault: [0,1,2,5,1,5], logL: -4.337865, Exp of LogL: 0.013064, Normalized LogL: -1.084466, Exp of Normalized LogL: 0.338082, Best Rate: 0.3
Fault: [0,1,2,4,4,5], logL: -4.366036, Exp of LogL: 0.012701, Normalized LogL: -1.091509, Exp of Normalized LogL: 0.335710, Best Rate: 0.3
Fault: [0,1,2,5,4,5], logL: -4.366036, Exp of LogL: 0.012701, Normalized LogL: -1.091509, Exp of Normalized LogL: 0.335710, Best Rate: 0.3
Fault: [0,1,2,3,4,5], logL: -30.808588, Exp of LogL: 0.000000, Normalized LogL: -7.702147, Exp of Normalized LogL: 0.000452, Best Rate: 0.3
Fault: [0,1,2,0,4,5], logL: -30.840849, Exp of LogL: 0.000000, Normalized LogL: -7.710212, Exp of Normalized LogL: 0.000448, Best Rate: 0.3
Fault: [0,1,2,1,4,5], logL: -30.874186, Exp of LogL: 0.000000, Normalized LogL: -7.718546, Exp of Normalized LogL: 0.000445, Best Rate: 0.3
Fault: [0,1,2,2,4,5], logL: -30.958475, Exp of LogL: 0.000000, Normalized LogL: -7.739619, Exp of Normalized LogL: 0.000435, Best Rate: 0.3

========= ADAPTIVE MC DEBUG =========
Total calls: 40
Avg tries: 1523.75
Confidence stops: 40
Max stops: 0
Max stop rate: 0.000
Real Fault Rank 6
===== SEED 12 | FR=0.3 | VR=40 =====
executing with fault mode: [0,1,2,5,4,5]

executing with fault mode: [0,1,2,5,4,5]

executing with fault mode: [0,1,2,5,4,5]

executing with fault mode: [0,1,2,5,4,5]

Fault scores (higher is better):
Fault: [0,1,2,4,4,5], logL: -11.922401, Exp of LogL: 0.000007, Normalized LogL: -1.490300, Exp of Normalized LogL: 0.225305, Best Rate: 0.3
Fault: [0,1,2,5,4,5], logL: -11.922401, Exp of LogL: 0.000007, Normalized LogL: -1.490300, Exp of Normalized LogL: 0.225305, Best Rate: 0.3
Fault: [0,1,2,5,1,5], logL: -12.279076, Exp of LogL: 0.000005, Normalized LogL: -1.534884, Exp of Normalized LogL: 0.215481, Best Rate: 0.3
Fault: [0,1,2,5,3,5], logL: -12.279076, Exp of LogL: 0.000005, Normalized LogL: -1.534884, Exp of Normalized LogL: 0.215481, Best Rate: 0.3
Fault: [0,1,2,5,5,5], logL: -12.279076, Exp of LogL: 0.000005, Normalized LogL: -1.534884, Exp of Normalized LogL: 0.215481, Best Rate: 0.3
Fault: [0,1,2,5,2,5], logL: -12.279076, Exp of LogL: 0.000005, Normalized LogL: -1.534884, Exp of Normalized LogL: 0.215481, Best Rate: 0.3
Fault: [0,1,2,3,4,5], logL: -37.935088, Exp of LogL: 0.000000, Normalized LogL: -4.741886, Exp of Normalized LogL: 0.008722, Best Rate: 0.3
Fault: [0,1,2,0,4,5], logL: -38.222697, Exp of LogL: 0.000000, Normalized LogL: -4.777837, Exp of Normalized LogL: 0.008414, Best Rate: 0.3
Fault: [0,1,2,1,4,5], logL: -38.241208, Exp of LogL: 0.000000, Normalized LogL: -4.780151, Exp of Normalized LogL: 0.008395, Best Rate: 0.3
Fault: [0,1,2,2,4,5], logL: -38.324131, Exp of LogL: 0.000000, Normalized LogL: -4.790516, Exp of Normalized LogL: 0.008308, Best Rate: 0.3

========= ADAPTIVE MC DEBUG =========
Total calls: 80
Avg tries: 1423.75
Confidence stops: 80
Max stops: 0
Max stop rate: 0.000
Real Fault Rank 2
===== SEED 12 | FR=0.3 | VR=60 =====
executing with fault mode: [0,1,2,5,4,5]

executing with fault mode: [0,1,2,5,4,5]

executing with fault mode: [0,1,2,5,4,5]

executing with fault mode: [0,1,2,5,4,5]

Fault scores (higher is better):
Fault: [0,1,2,4,4,5], logL: -12.989756, Exp of LogL: 0.000002, Normalized LogL: -1.082480, Exp of Normalized LogL: 0.338754, Best Rate: 0.3
Fault: [0,1,2,5,4,5], logL: -12.989756, Exp of LogL: 0.000002, Normalized LogL: -1.082480, Exp of Normalized LogL: 0.338754, Best Rate: 0.3
Fault: [0,1,2,5,1,5], logL: -13.346431, Exp of LogL: 0.000002, Normalized LogL: -1.112203, Exp of Normalized LogL: 0.328834, Best Rate: 0.3
Fault: [0,1,2,5,3,5], logL: -13.346431, Exp of LogL: 0.000002, Normalized LogL: -1.112203, Exp of Normalized LogL: 0.328834, Best Rate: 0.3
Fault: [0,1,2,5,5,5], logL: -13.346431, Exp of LogL: 0.000002, Normalized LogL: -1.112203, Exp of Normalized LogL: 0.328834, Best Rate: 0.3
Fault: [0,1,2,5,2,5], logL: -13.346431, Exp of LogL: 0.000002, Normalized LogL: -1.112203, Exp of Normalized LogL: 0.328834, Best Rate: 0.3
Fault: [0,1,2,3,4,5], logL: -38.746239, Exp of LogL: 0.000000, Normalized LogL: -3.228853, Exp of Normalized LogL: 0.039603, Best Rate: 0.3
Fault: [0,1,2,0,4,5], logL: -39.304356, Exp of LogL: 0.000000, Normalized LogL: -3.275363, Exp of Normalized LogL: 0.037803, Best Rate: 0.3
Fault: [0,1,2,1,4,5], logL: -39.311921, Exp of LogL: 0.000000, Normalized LogL: -3.275993, Exp of Normalized LogL: 0.037779, Best Rate: 0.3
Fault: [0,1,2,2,4,5], logL: -39.490232, Exp of LogL: 0.000000, Normalized LogL: -3.290853, Exp of Normalized LogL: 0.037222, Best Rate: 0.3

========= ADAPTIVE MC DEBUG =========
Total calls: 120
Avg tries: 1705.42
Confidence stops: 120
Max stops: 0
Max stop rate: 0.000
Real Fault Rank 2
===== SEED 12 | FR=0.3 | VR=80 =====
executing with fault mode: [0,1,2,5,4,5]

executing with fault mode: [0,1,2,5,4,5]

executing with fault mode: [0,1,2,5,4,5]

executing with fault mode: [0,1,2,5,4,5]

Fault scores (higher is better):
Fault: [0,1,2,4,4,5], logL: -14.471746, Exp of LogL: 0.000001, Normalized LogL: -0.904484, Exp of Normalized LogL: 0.404751, Best Rate: 0.3
Fault: [0,1,2,5,4,5], logL: -14.471746, Exp of LogL: 0.000001, Normalized LogL: -0.904484, Exp of Normalized LogL: 0.404751, Best Rate: 0.3
Fault: [0,1,2,5,1,5], logL: -14.819402, Exp of LogL: 0.000000, Normalized LogL: -0.926213, Exp of Normalized LogL: 0.396051, Best Rate: 0.3
Fault: [0,1,2,5,3,5], logL: -14.819402, Exp of LogL: 0.000000, Normalized LogL: -0.926213, Exp of Normalized LogL: 0.396051, Best Rate: 0.3
Fault: [0,1,2,5,5,5], logL: -14.819402, Exp of LogL: 0.000000, Normalized LogL: -0.926213, Exp of Normalized LogL: 0.396051, Best Rate: 0.3
Fault: [0,1,2,5,2,5], logL: -14.819402, Exp of LogL: 0.000000, Normalized LogL: -0.926213, Exp of Normalized LogL: 0.396051, Best Rate: 0.3
Fault: [0,1,2,3,4,5], logL: -40.228228, Exp of LogL: 0.000000, Normalized LogL: -2.514264, Exp of Normalized LogL: 0.080922, Best Rate: 0.3
Fault: [0,1,2,0,4,5], logL: -40.786346, Exp of LogL: 0.000000, Normalized LogL: -2.549147, Exp of Normalized LogL: 0.078148, Best Rate: 0.3
Fault: [0,1,2,1,4,5], logL: -40.793911, Exp of LogL: 0.000000, Normalized LogL: -2.549619, Exp of Normalized LogL: 0.078111, Best Rate: 0.3
Fault: [0,1,2,2,4,5], logL: -40.972222, Exp of LogL: 0.000000, Normalized LogL: -2.560764, Exp of Normalized LogL: 0.077246, Best Rate: 0.3

========= ADAPTIVE MC DEBUG =========
Total calls: 160
Avg tries: 1700.31
Confidence stops: 160
Max stops: 0
Max stop rate: 0.000
Real Fault Rank 2
===== SEED 12 | FR=0.3 | VR=100 =====
executing with fault mode: [0,1,2,5,4,5]

executing with fault mode: [0,1,2,5,4,5]

executing with fault mode: [0,1,2,5,4,5]

executing with fault mode: [0,1,2,5,4,5]

Fault scores (higher is better):
Fault: [0,1,2,4,4,5], logL: -14.493668, Exp of LogL: 0.000001, Normalized LogL: -0.724683, Exp of Normalized LogL: 0.484478, Best Rate: 0.3
Fault: [0,1,2,5,4,5], logL: -14.493668, Exp of LogL: 0.000001, Normalized LogL: -0.724683, Exp of Normalized LogL: 0.484478, Best Rate: 0.3
Fault: [0,1,2,5,1,5], logL: -14.841325, Exp of LogL: 0.000000, Normalized LogL: -0.742066, Exp of Normalized LogL: 0.476129, Best Rate: 0.3
Fault: [0,1,2,5,3,5], logL: -14.841325, Exp of LogL: 0.000000, Normalized LogL: -0.742066, Exp of Normalized LogL: 0.476129, Best Rate: 0.3
Fault: [0,1,2,5,5,5], logL: -14.841325, Exp of LogL: 0.000000, Normalized LogL: -0.742066, Exp of Normalized LogL: 0.476129, Best Rate: 0.3
Fault: [0,1,2,5,2,5], logL: -14.841325, Exp of LogL: 0.000000, Normalized LogL: -0.742066, Exp of Normalized LogL: 0.476129, Best Rate: 0.3
Fault: [0,1,2,3,4,5], logL: -40.268723, Exp of LogL: 0.000000, Normalized LogL: -2.013436, Exp of Normalized LogL: 0.133529, Best Rate: 0.3
Fault: [0,1,2,1,4,5], logL: -40.808826, Exp of LogL: 0.000000, Normalized LogL: -2.040441, Exp of Normalized LogL: 0.129971, Best Rate: 0.3
Fault: [0,1,2,0,4,5], logL: -40.818991, Exp of LogL: 0.000000, Normalized LogL: -2.040950, Exp of Normalized LogL: 0.129905, Best Rate: 0.3
Fault: [0,1,2,2,4,5], logL: -40.994144, Exp of LogL: 0.000000, Normalized LogL: -2.049707, Exp of Normalized LogL: 0.128773, Best Rate: 0.3

========= ADAPTIVE MC DEBUG =========
Total calls: 200
Avg tries: 1825.25
Confidence stops: 200
Max stops: 0
Max stop rate: 0.000
Real Fault Rank 2
================= 22/08/2026 05:17:47: SEED 12 END =================
================= 22/08/2026 05:17:47: SEED 13 (13/100), a*=1 fault=[0,5,2,3,4,5] START =================
===== SEED 13 | FR=0.3 | VR=20 =====
executing with fault mode: [0,5,2,3,4,5]

Fault scores (higher is better):
Fault: [0,5,2,3,4,5], logL: -7.556605, Exp of LogL: 0.000523, Normalized LogL: -1.889151, Exp of Normalized LogL: 0.151200, Best Rate: 0.3
Fault: [3,5,2,3,4,5], logL: -8.249752, Exp of LogL: 0.000261, Normalized LogL: -2.062438, Exp of Normalized LogL: 0.127144, Best Rate: 0.3
Fault: [5,5,2,3,4,5], logL: -8.249752, Exp of LogL: 0.000261, Normalized LogL: -2.062438, Exp of Normalized LogL: 0.127144, Best Rate: 0.3
Fault: [4,5,2,3,4,5], logL: -8.249752, Exp of LogL: 0.000261, Normalized LogL: -2.062438, Exp of Normalized LogL: 0.127144, Best Rate: 0.3
Fault: [1,5,2,3,4,5], logL: -8.249752, Exp of LogL: 0.000261, Normalized LogL: -2.062438, Exp of Normalized LogL: 0.127144, Best Rate: 0.3
Fault: [0,3,2,3,4,5], logL: -31.741396, Exp of LogL: 0.000000, Normalized LogL: -7.935349, Exp of Normalized LogL: 0.000358, Best Rate: 0.3
Fault: [0,1,2,3,4,5], logL: -31.895547, Exp of LogL: 0.000000, Normalized LogL: -7.973887, Exp of Normalized LogL: 0.000344, Best Rate: 0.3
Fault: [0,4,2,3,4,5], logL: -32.406372, Exp of LogL: 0.000000, Normalized LogL: -8.101593, Exp of Normalized LogL: 0.000303, Best Rate: 0.3
Fault: [0,2,2,3,4,5], logL: -32.811837, Exp of LogL: 0.000000, Normalized LogL: -8.202959, Exp of Normalized LogL: 0.000274, Best Rate: 0.3
Fault: [0,0,2,3,4,5], logL: -33.504985, Exp of LogL: 0.000000, Normalized LogL: -8.376246, Exp of Normalized LogL: 0.000230, Best Rate: 0.3

========= ADAPTIVE MC DEBUG =========
Total calls: 40
Avg tries: 738.75
Confidence stops: 40
Max stops: 0
Max stop rate: 0.000
Real Fault Rank 1
===== SEED 13 | FR=0.3 | VR=40 =====
executing with fault mode: [0,5,2,3,4,5]

Fault scores (higher is better):
Fault: [0,5,2,3,4,5], logL: -33.428539, Exp of LogL: 0.000000, Normalized LogL: -4.775506, Exp of Normalized LogL: 0.008434, Best Rate: 0.3
Fault: [1,5,2,3,4,5], logL: -33.502647, Exp of LogL: 0.000000, Normalized LogL: -4.786092, Exp of Normalized LogL: 0.008345, Best Rate: 0.3
Fault: [3,5,2,3,4,5], logL: -33.510777, Exp of LogL: 0.000000, Normalized LogL: -4.787254, Exp of Normalized LogL: 0.008335, Best Rate: 0.3
Fault: [5,5,2,3,4,5], logL: -33.510777, Exp of LogL: 0.000000, Normalized LogL: -4.787254, Exp of Normalized LogL: 0.008335, Best Rate: 0.3
Fault: [4,5,2,3,4,5], logL: -33.510777, Exp of LogL: 0.000000, Normalized LogL: -4.787254, Exp of Normalized LogL: 0.008335, Best Rate: 0.3
Fault: [0,3,2,3,4,5], logL: -35.900896, Exp of LogL: 0.000000, Normalized LogL: -5.128699, Exp of Normalized LogL: 0.005924, Best Rate: 0.3
Fault: [0,1,2,3,4,5], logL: -58.006126, Exp of LogL: 0.000000, Normalized LogL: -8.286589, Exp of Normalized LogL: 0.000252, Best Rate: 0.3
Fault: [0,2,2,3,4,5], logL: -58.521380, Exp of LogL: 0.000000, Normalized LogL: -8.360197, Exp of Normalized LogL: 0.000234, Best Rate: 0.3
Fault: [0,4,2,3,4,5], logL: -58.610839, Exp of LogL: 0.000000, Normalized LogL: -8.372977, Exp of Normalized LogL: 0.000231, Best Rate: 0.3
Fault: [0,0,2,3,4,5], logL: -58.766010, Exp of LogL: 0.000000, Normalized LogL: -8.395144, Exp of Normalized LogL: 0.000226, Best Rate: 0.3

========= ADAPTIVE MC DEBUG =========
Total calls: 70
Avg tries: 1316.43
Confidence stops: 70
Max stops: 0
Max stop rate: 0.000
Real Fault Rank 1
===== SEED 13 | FR=0.3 | VR=60 =====
executing with fault mode: [0,5,2,3,4,5]

Fault scores (higher is better):
Fault: [3,5,2,3,4,5], logL: -13.468678, Exp of LogL: 0.000001, Normalized LogL: -1.224425, Exp of Normalized LogL: 0.293927, Best Rate: 0.3
Fault: [0,5,2,3,4,5], logL: -13.468678, Exp of LogL: 0.000001, Normalized LogL: -1.224425, Exp of Normalized LogL: 0.293927, Best Rate: 0.3
Fault: [5,5,2,3,4,5], logL: -13.468678, Exp of LogL: 0.000001, Normalized LogL: -1.224425, Exp of Normalized LogL: 0.293927, Best Rate: 0.3
Fault: [4,5,2,3,4,5], logL: -13.468678, Exp of LogL: 0.000001, Normalized LogL: -1.224425, Exp of Normalized LogL: 0.293927, Best Rate: 0.3
Fault: [1,5,2,3,4,5], logL: -13.468678, Exp of LogL: 0.000001, Normalized LogL: -1.224425, Exp of Normalized LogL: 0.293927, Best Rate: 0.3
Fault: [0,3,2,3,4,5], logL: -92.378319, Exp of LogL: 0.000000, Normalized LogL: -8.398029, Exp of Normalized LogL: 0.000225, Best Rate: 0.3
Fault: [0,1,2,3,4,5], logL: -92.592941, Exp of LogL: 0.000000, Normalized LogL: -8.417540, Exp of Normalized LogL: 0.000221, Best Rate: 0.3
Fault: [0,2,2,3,4,5], logL: -92.693630, Exp of LogL: 0.000000, Normalized LogL: -8.426694, Exp of Normalized LogL: 0.000219, Best Rate: 0.3
Fault: [0,4,2,3,4,5], logL: -92.773956, Exp of LogL: 0.000000, Normalized LogL: -8.433996, Exp of Normalized LogL: 0.000217, Best Rate: 0.3
Fault: [0,0,2,3,4,5], logL: -93.131600, Exp of LogL: 0.000000, Normalized LogL: -8.466509, Exp of Normalized LogL: 0.000210, Best Rate: 0.3

========= ADAPTIVE MC DEBUG =========
Total calls: 110
Avg tries: 1519.09
Confidence stops: 110
Max stops: 0
Max stop rate: 0.000
Real Fault Rank 2
===== SEED 13 | FR=0.3 | VR=80 =====
executing with fault mode: [0,5,2,3,4,5]

Fault scores (higher is better):
Fault: [3,5,2,3,4,5], logL: -12.651067, Exp of LogL: 0.000003, Normalized LogL: -0.903648, Exp of Normalized LogL: 0.405089, Best Rate: 0.3
Fault: [0,5,2,3,4,5], logL: -12.651067, Exp of LogL: 0.000003, Normalized LogL: -0.903648, Exp of Normalized LogL: 0.405089, Best Rate: 0.3
Fault: [5,5,2,3,4,5], logL: -12.651067, Exp of LogL: 0.000003, Normalized LogL: -0.903648, Exp of Normalized LogL: 0.405089, Best Rate: 0.3
Fault: [4,5,2,3,4,5], logL: -12.651067, Exp of LogL: 0.000003, Normalized LogL: -0.903648, Exp of Normalized LogL: 0.405089, Best Rate: 0.3
Fault: [1,5,2,3,4,5], logL: -12.651067, Exp of LogL: 0.000003, Normalized LogL: -0.903648, Exp of Normalized LogL: 0.405089, Best Rate: 0.3
Fault: [0,1,2,3,4,5], logL: -91.275600, Exp of LogL: 0.000000, Normalized LogL: -6.519686, Exp of Normalized LogL: 0.001474, Best Rate: 0.3
Fault: [0,2,2,3,4,5], logL: -91.808172, Exp of LogL: 0.000000, Normalized LogL: -6.557727, Exp of Normalized LogL: 0.001419, Best Rate: 0.3
Fault: [0,4,2,3,4,5], logL: -91.888499, Exp of LogL: 0.000000, Normalized LogL: -6.563464, Exp of Normalized LogL: 0.001411, Best Rate: 0.3
Fault: [0,3,2,3,4,5], logL: -91.979199, Exp of LogL: 0.000000, Normalized LogL: -6.569943, Exp of Normalized LogL: 0.001402, Best Rate: 0.3
Fault: [0,0,2,3,4,5], logL: -92.538185, Exp of LogL: 0.000000, Normalized LogL: -6.609870, Exp of Normalized LogL: 0.001347, Best Rate: 0.3

========= ADAPTIVE MC DEBUG =========
Total calls: 140
Avg tries: 1522.14
Confidence stops: 140
Max stops: 0
Max stop rate: 0.000
Real Fault Rank 2
===== SEED 13 | FR=0.3 | VR=100 =====
executing with fault mode: [0,5,2,3,4,5]

Fault scores (higher is better):
Fault: [3,5,2,3,4,5], logL: -12.631174, Exp of LogL: 0.000003, Normalized LogL: -0.701732, Exp of Normalized LogL: 0.495726, Best Rate: 0.3
Fault: [0,5,2,3,4,5], logL: -12.631174, Exp of LogL: 0.000003, Normalized LogL: -0.701732, Exp of Normalized LogL: 0.495726, Best Rate: 0.3
Fault: [5,5,2,3,4,5], logL: -12.631174, Exp of LogL: 0.000003, Normalized LogL: -0.701732, Exp of Normalized LogL: 0.495726, Best Rate: 0.3
Fault: [4,5,2,3,4,5], logL: -12.631174, Exp of LogL: 0.000003, Normalized LogL: -0.701732, Exp of Normalized LogL: 0.495726, Best Rate: 0.3
Fault: [1,5,2,3,4,5], logL: -12.631174, Exp of LogL: 0.000003, Normalized LogL: -0.701732, Exp of Normalized LogL: 0.495726, Best Rate: 0.3
Fault: [0,1,2,3,4,5], logL: -91.350072, Exp of LogL: 0.000000, Normalized LogL: -5.075004, Exp of Normalized LogL: 0.006251, Best Rate: 0.3
Fault: [0,2,2,3,4,5], logL: -91.828916, Exp of LogL: 0.000000, Normalized LogL: -5.101606, Exp of Normalized LogL: 0.006087, Best Rate: 0.3
Fault: [0,3,2,3,4,5], logL: -91.837886, Exp of LogL: 0.000000, Normalized LogL: -5.102105, Exp of Normalized LogL: 0.006084, Best Rate: 0.3
Fault: [0,4,2,3,4,5], logL: -91.909243, Exp of LogL: 0.000000, Normalized LogL: -5.106069, Exp of Normalized LogL: 0.006060, Best Rate: 0.3
Fault: [0,0,2,3,4,5], logL: -92.426387, Exp of LogL: 0.000000, Normalized LogL: -5.134799, Exp of Normalized LogL: 0.005888, Best Rate: 0.3

========= ADAPTIVE MC DEBUG =========
Total calls: 180
Avg tries: 1431.94
Confidence stops: 180
Max stops: 0
Max stop rate: 0.000
Real Fault Rank 2
================= 22/08/2026 05:19:55: SEED 13 END =================
================= 22/08/2026 05:19:55: SEED 14 (14/100), a*=3 fault=[0,1,2,1,4,5] START =================
===== SEED 14 | FR=0.3 | VR=20 =====
executing with fault mode: [0,1,2,1,4,5]

executing with fault mode: [0,1,2,1,4,5]

Fault scores (higher is better):
Fault: [0,1,2,3,4,5], logL: -4.900505, Exp of LogL: 0.007443, Normalized LogL: -1.225126, Exp of Normalized LogL: 0.293721, Best Rate: 0.3
Fault: [0,1,2,5,4,5], logL: -4.956417, Exp of LogL: 0.007038, Normalized LogL: -1.239104, Exp of Normalized LogL: 0.289644, Best Rate: 0.3
Fault: [0,1,2,4,4,5], logL: -4.956417, Exp of LogL: 0.007038, Normalized LogL: -1.239104, Exp of Normalized LogL: 0.289644, Best Rate: 0.3
Fault: [0,1,2,0,4,5], logL: -5.083107, Exp of LogL: 0.006201, Normalized LogL: -1.270777, Exp of Normalized LogL: 0.280614, Best Rate: 0.3
Fault: [0,1,2,1,4,5], logL: -5.169275, Exp of LogL: 0.005689, Normalized LogL: -1.292319, Exp of Normalized LogL: 0.274633, Best Rate: 0.3
Fault: [0,1,2,1,1,5], logL: -5.200774, Exp of LogL: 0.005512, Normalized LogL: -1.300194, Exp of Normalized LogL: 0.272479, Best Rate: 0.3
Fault: [0,1,2,1,2,5], logL: -5.225067, Exp of LogL: 0.005380, Normalized LogL: -1.306267, Exp of Normalized LogL: 0.270829, Best Rate: 0.3
Fault: [0,1,2,1,0,5], logL: -5.225067, Exp of LogL: 0.005380, Normalized LogL: -1.306267, Exp of Normalized LogL: 0.270829, Best Rate: 0.3
Fault: [0,1,2,1,5,5], logL: -5.225067, Exp of LogL: 0.005380, Normalized LogL: -1.306267, Exp of Normalized LogL: 0.270829, Best Rate: 0.3
Fault: [0,1,2,2,4,5], logL: -5.353149, Exp of LogL: 0.004733, Normalized LogL: -1.338287, Exp of Normalized LogL: 0.262295, Best Rate: 0.3

========= ADAPTIVE MC DEBUG =========
Total calls: 40
Avg tries: 1716.25
Confidence stops: 40
Max stops: 0
Max stop rate: 0.000
Real Fault Rank 5
===== SEED 14 | FR=0.3 | VR=40 =====
executing with fault mode: [0,1,2,1,4,5]

executing with fault mode: [0,1,2,1,4,5]

Fault scores (higher is better):
Fault: [0,1,2,0,4,5], logL: -7.252523, Exp of LogL: 0.000708, Normalized LogL: -1.036075, Exp of Normalized LogL: 0.354845, Best Rate: 0.3
Fault: [0,1,2,3,4,5], logL: -7.544869, Exp of LogL: 0.000529, Normalized LogL: -1.077838, Exp of Normalized LogL: 0.340330, Best Rate: 0.3
Fault: [0,1,2,2,4,5], logL: -7.874214, Exp of LogL: 0.000380, Normalized LogL: -1.124888, Exp of Normalized LogL: 0.324689, Best Rate: 0.3
Fault: [0,1,2,1,4,5], logL: -8.173873, Exp of LogL: 0.000282, Normalized LogL: -1.167696, Exp of Normalized LogL: 0.311083, Best Rate: 0.3
Fault: [0,1,2,5,4,5], logL: -8.385040, Exp of LogL: 0.000228, Normalized LogL: -1.197863, Exp of Normalized LogL: 0.301839, Best Rate: 0.3
Fault: [0,1,2,4,4,5], logL: -8.385040, Exp of LogL: 0.000228, Normalized LogL: -1.197863, Exp of Normalized LogL: 0.301839, Best Rate: 0.3
Fault: [0,1,2,1,2,5], logL: -8.495031, Exp of LogL: 0.000204, Normalized LogL: -1.213576, Exp of Normalized LogL: 0.297133, Best Rate: 0.3
Fault: [0,1,2,1,1,5], logL: -8.495031, Exp of LogL: 0.000204, Normalized LogL: -1.213576, Exp of Normalized LogL: 0.297133, Best Rate: 0.3
Fault: [0,1,2,1,0,5], logL: -8.495031, Exp of LogL: 0.000204, Normalized LogL: -1.213576, Exp of Normalized LogL: 0.297133, Best Rate: 0.3
Fault: [0,1,2,1,5,5], logL: -8.495031, Exp of LogL: 0.000204, Normalized LogL: -1.213576, Exp of Normalized LogL: 0.297133, Best Rate: 0.3

========= ADAPTIVE MC DEBUG =========
Total calls: 70
Avg tries: 1938.57
Confidence stops: 70
Max stops: 0
Max stop rate: 0.000
Real Fault Rank 4
===== SEED 14 | FR=0.3 | VR=60 =====
executing with fault mode: [0,1,2,1,4,5]

executing with fault mode: [0,1,2,1,4,5]

Fault scores (higher is better):
Fault: [0,1,2,3,4,5], logL: -8.556643, Exp of LogL: 0.000192, Normalized LogL: -0.855664, Exp of Normalized LogL: 0.425001, Best Rate: 0.3
Fault: [0,1,2,0,4,5], logL: -8.622647, Exp of LogL: 0.000180, Normalized LogL: -0.862265, Exp of Normalized LogL: 0.422205, Best Rate: 0.3
Fault: [0,1,2,1,4,5], logL: -9.473344, Exp of LogL: 0.000077, Normalized LogL: -0.947334, Exp of Normalized LogL: 0.387773, Best Rate: 0.3
Fault: [0,1,2,2,4,5], logL: -9.558473, Exp of LogL: 0.000071, Normalized LogL: -0.955847, Exp of Normalized LogL: 0.384486, Best Rate: 0.3
Fault: [0,1,2,1,2,5], logL: -9.800404, Exp of LogL: 0.000055, Normalized LogL: -0.980040, Exp of Normalized LogL: 0.375296, Best Rate: 0.3
Fault: [0,1,2,1,1,5], logL: -9.800404, Exp of LogL: 0.000055, Normalized LogL: -0.980040, Exp of Normalized LogL: 0.375296, Best Rate: 0.3
Fault: [0,1,2,1,0,5], logL: -9.800404, Exp of LogL: 0.000055, Normalized LogL: -0.980040, Exp of Normalized LogL: 0.375296, Best Rate: 0.3
Fault: [0,1,2,1,5,5], logL: -9.800404, Exp of LogL: 0.000055, Normalized LogL: -0.980040, Exp of Normalized LogL: 0.375296, Best Rate: 0.3
Fault: [0,1,2,5,4,5], logL: -10.007050, Exp of LogL: 0.000045, Normalized LogL: -1.000705, Exp of Normalized LogL: 0.367620, Best Rate: 0.3
Fault: [0,1,2,4,4,5], logL: -10.007050, Exp of LogL: 0.000045, Normalized LogL: -1.000705, Exp of Normalized LogL: 0.367620, Best Rate: 0.3

========= ADAPTIVE MC DEBUG =========
Total calls: 100
Avg tries: 1958.00
Confidence stops: 100
Max stops: 0
Max stop rate: 0.000
Real Fault Rank 3
===== SEED 14 | FR=0.3 | VR=80 =====
executing with fault mode: [0,1,2,1,4,5]

executing with fault mode: [0,1,2,1,4,5]

Fault scores (higher is better):
Fault: [0,1,2,3,4,5], logL: -10.301553, Exp of LogL: 0.000034, Normalized LogL: -0.792427, Exp of Normalized LogL: 0.452745, Best Rate: 0.3
Fault: [0,1,2,1,4,5], logL: -10.629511, Exp of LogL: 0.000024, Normalized LogL: -0.817655, Exp of Normalized LogL: 0.441466, Best Rate: 0.3
Fault: [0,1,2,0,4,5], logL: -10.666895, Exp of LogL: 0.000023, Normalized LogL: -0.820530, Exp of Normalized LogL: 0.440198, Best Rate: 0.3
Fault: [0,1,2,1,2,5], logL: -10.960154, Exp of LogL: 0.000017, Normalized LogL: -0.843089, Exp of Normalized LogL: 0.430379, Best Rate: 0.3
Fault: [0,1,2,1,1,5], logL: -10.960154, Exp of LogL: 0.000017, Normalized LogL: -0.843089, Exp of Normalized LogL: 0.430379, Best Rate: 0.3
Fault: [0,1,2,1,0,5], logL: -10.960154, Exp of LogL: 0.000017, Normalized LogL: -0.843089, Exp of Normalized LogL: 0.430379, Best Rate: 0.3
Fault: [0,1,2,1,5,5], logL: -10.960154, Exp of LogL: 0.000017, Normalized LogL: -0.843089, Exp of Normalized LogL: 0.430379, Best Rate: 0.3
Fault: [0,1,2,2,4,5], logL: -11.657544, Exp of LogL: 0.000009, Normalized LogL: -0.896734, Exp of Normalized LogL: 0.407900, Best Rate: 0.3
Fault: [0,1,2,5,4,5], logL: -11.981943, Exp of LogL: 0.000006, Normalized LogL: -0.921688, Exp of Normalized LogL: 0.397847, Best Rate: 0.3
Fault: [0,1,2,4,4,5], logL: -11.981943, Exp of LogL: 0.000006, Normalized LogL: -0.921688, Exp of Normalized LogL: 0.397847, Best Rate: 0.3

========= ADAPTIVE MC DEBUG =========
Total calls: 130
Avg tries: 1859.23
Confidence stops: 130
Max stops: 0
Max stop rate: 0.000
Real Fault Rank 2
===== SEED 14 | FR=0.3 | VR=100 =====
executing with fault mode: [0,1,2,1,4,5]

executing with fault mode: [0,1,2,1,4,5]

Fault scores (higher is better):
Fault: [0,1,2,3,4,5], logL: -12.695347, Exp of LogL: 0.000003, Normalized LogL: -0.746785, Exp of Normalized LogL: 0.473888, Best Rate: 0.3
Fault: [0,1,2,1,4,5], logL: -12.939103, Exp of LogL: 0.000002, Normalized LogL: -0.761124, Exp of Normalized LogL: 0.467141, Best Rate: 0.3
Fault: [0,1,2,0,4,5], logL: -12.994451, Exp of LogL: 0.000002, Normalized LogL: -0.764379, Exp of Normalized LogL: 0.465623, Best Rate: 0.3
Fault: [0,1,2,1,2,5], logL: -13.269747, Exp of LogL: 0.000002, Normalized LogL: -0.780573, Exp of Normalized LogL: 0.458143, Best Rate: 0.3
Fault: [0,1,2,1,1,5], logL: -13.269747, Exp of LogL: 0.000002, Normalized LogL: -0.780573, Exp of Normalized LogL: 0.458143, Best Rate: 0.3
Fault: [0,1,2,1,0,5], logL: -13.269747, Exp of LogL: 0.000002, Normalized LogL: -0.780573, Exp of Normalized LogL: 0.458143, Best Rate: 0.3
Fault: [0,1,2,1,5,5], logL: -13.269747, Exp of LogL: 0.000002, Normalized LogL: -0.780573, Exp of Normalized LogL: 0.458143, Best Rate: 0.3
Fault: [0,1,2,2,4,5], logL: -13.975047, Exp of LogL: 0.000001, Normalized LogL: -0.822062, Exp of Normalized LogL: 0.439525, Best Rate: 0.3
Fault: [0,1,2,5,4,5], logL: -14.280429, Exp of LogL: 0.000001, Normalized LogL: -0.840025, Exp of Normalized LogL: 0.431700, Best Rate: 0.3
Fault: [0,1,2,4,4,5], logL: -14.280429, Exp of LogL: 0.000001, Normalized LogL: -0.840025, Exp of Normalized LogL: 0.431700, Best Rate: 0.3

========= ADAPTIVE MC DEBUG =========
Total calls: 170
Avg tries: 1868.24
Confidence stops: 170
Max stops: 0
Max stop rate: 0.000
Real Fault Rank 2
================= 22/08/2026 05:22:39: SEED 14 END =================
================= 22/08/2026 05:22:39: SEED 15 (15/100), a*=0 fault=[3,1,2,3,4,5] START =================
===== SEED 15 | FR=0.3 | VR=20 =====
executing with fault mode: [3,1,2,3,4,5]

executing with fault mode: [3,1,2,3,4,5]

Fault scores (higher is better):
Fault: [3,1,2,3,5,5], logL: -13.966299, Exp of LogL: 0.000001, Normalized LogL: -1.551811, Exp of Normalized LogL: 0.211864, Best Rate: 0.3
Fault: [3,1,2,3,3,5], logL: -13.966299, Exp of LogL: 0.000001, Normalized LogL: -1.551811, Exp of Normalized LogL: 0.211864, Best Rate: 0.3
Fault: [3,1,2,3,4,5], logL: -14.084370, Exp of LogL: 0.000001, Normalized LogL: -1.564930, Exp of Normalized LogL: 0.209103, Best Rate: 0.3
Fault: [3,1,2,3,1,5], logL: -14.359494, Exp of LogL: 0.000001, Normalized LogL: -1.595499, Exp of Normalized LogL: 0.202807, Best Rate: 0.3
Fault: [3,1,2,3,2,5], logL: -14.367658, Exp of LogL: 0.000001, Normalized LogL: -1.596406, Exp of Normalized LogL: 0.202623, Best Rate: 0.3
Fault: [4,1,2,3,4,5], logL: -15.215114, Exp of LogL: 0.000000, Normalized LogL: -1.690568, Exp of Normalized LogL: 0.184415, Best Rate: 0.3
Fault: [5,1,2,3,4,5], logL: -15.215114, Exp of LogL: 0.000000, Normalized LogL: -1.690568, Exp of Normalized LogL: 0.184415, Best Rate: 0.3
Fault: [1,1,2,3,4,5], logL: -15.721843, Exp of LogL: 0.000000, Normalized LogL: -1.746871, Exp of Normalized LogL: 0.174318, Best Rate: 0.3
Fault: [0,1,2,3,4,5], logL: -17.643083, Exp of LogL: 0.000000, Normalized LogL: -1.960343, Exp of Normalized LogL: 0.140810, Best Rate: 0.3
Fault: [2,1,2,3,4,5], logL: -18.663950, Exp of LogL: 0.000000, Normalized LogL: -2.073772, Exp of Normalized LogL: 0.125711, Best Rate: 0.3

========= ADAPTIVE MC DEBUG =========
Total calls: 90
Avg tries: 1373.33
Confidence stops: 90
Max stops: 0
Max stop rate: 0.000
Real Fault Rank 3
===== SEED 15 | FR=0.3 | VR=40 =====
executing with fault mode: [3,1,2,3,4,5]

executing with fault mode: [3,1,2,3,4,5]

Fault scores (higher is better):
Fault: [3,1,2,3,5,5], logL: -47.000189, Exp of LogL: 0.000000, Normalized LogL: -2.764717, Exp of Normalized LogL: 0.062994, Best Rate: 0.3
Fault: [3,1,2,3,3,5], logL: -47.000189, Exp of LogL: 0.000000, Normalized LogL: -2.764717, Exp of Normalized LogL: 0.062994, Best Rate: 0.3
Fault: [3,1,2,3,4,5], logL: -47.118260, Exp of LogL: 0.000000, Normalized LogL: -2.771662, Exp of Normalized LogL: 0.062558, Best Rate: 0.3
Fault: [3,1,2,3,1,5], logL: -47.393384, Exp of LogL: 0.000000, Normalized LogL: -2.787846, Exp of Normalized LogL: 0.061554, Best Rate: 0.3
Fault: [3,1,2,3,2,5], logL: -47.401548, Exp of LogL: 0.000000, Normalized LogL: -2.788326, Exp of Normalized LogL: 0.061524, Best Rate: 0.3
Fault: [4,1,2,3,4,5], logL: -48.128482, Exp of LogL: 0.000000, Normalized LogL: -2.831087, Exp of Normalized LogL: 0.058949, Best Rate: 0.3
Fault: [5,1,2,3,4,5], logL: -48.128482, Exp of LogL: 0.000000, Normalized LogL: -2.831087, Exp of Normalized LogL: 0.058949, Best Rate: 0.3
Fault: [1,1,2,3,4,5], logL: -48.941036, Exp of LogL: 0.000000, Normalized LogL: -2.878884, Exp of Normalized LogL: 0.056197, Best Rate: 0.3
Fault: [0,1,2,3,4,5], logL: -49.688643, Exp of LogL: 0.000000, Normalized LogL: -2.922861, Exp of Normalized LogL: 0.053780, Best Rate: 0.3
Fault: [2,1,2,3,4,5], logL: -51.254488, Exp of LogL: 0.000000, Normalized LogL: -3.014970, Exp of Normalized LogL: 0.049047, Best Rate: 0.3

========= ADAPTIVE MC DEBUG =========
Total calls: 170
Avg tries: 1589.12
Confidence stops: 170
Max stops: 0
Max stop rate: 0.000
Real Fault Rank 3
===== SEED 15 | FR=0.3 | VR=60 =====
executing with fault mode: [3,1,2,3,4,5]

executing with fault mode: [3,1,2,3,4,5]

Fault scores (higher is better):
Fault: [3,1,2,3,5,5], logL: -32.382443, Exp of LogL: 0.000000, Normalized LogL: -1.295298, Exp of Normalized LogL: 0.273816, Best Rate: 0.3
Fault: [3,1,2,3,3,5], logL: -32.382443, Exp of LogL: 0.000000, Normalized LogL: -1.295298, Exp of Normalized LogL: 0.273816, Best Rate: 0.3
Fault: [3,1,2,3,4,5], logL: -32.500704, Exp of LogL: 0.000000, Normalized LogL: -1.300028, Exp of Normalized LogL: 0.272524, Best Rate: 0.3
Fault: [3,1,2,3,2,5], logL: -32.749981, Exp of LogL: 0.000000, Normalized LogL: -1.309999, Exp of Normalized LogL: 0.269820, Best Rate: 0.3
Fault: [3,1,2,3,1,5], logL: -32.752411, Exp of LogL: 0.000000, Normalized LogL: -1.310096, Exp of Normalized LogL: 0.269794, Best Rate: 0.3
Fault: [4,1,2,3,4,5], logL: -33.849089, Exp of LogL: 0.000000, Normalized LogL: -1.353964, Exp of Normalized LogL: 0.258215, Best Rate: 0.3
Fault: [5,1,2,3,4,5], logL: -33.849089, Exp of LogL: 0.000000, Normalized LogL: -1.353964, Exp of Normalized LogL: 0.258215, Best Rate: 0.3
Fault: [1,1,2,3,4,5], logL: -35.533383, Exp of LogL: 0.000000, Normalized LogL: -1.421335, Exp of Normalized LogL: 0.241391, Best Rate: 0.3
Fault: [0,1,2,3,4,5], logL: -35.677606, Exp of LogL: 0.000000, Normalized LogL: -1.427104, Exp of Normalized LogL: 0.240003, Best Rate: 0.3
Fault: [2,1,2,3,4,5], logL: -38.219850, Exp of LogL: 0.000000, Normalized LogL: -1.528794, Exp of Normalized LogL: 0.216797, Best Rate: 0.3

========= ADAPTIVE MC DEBUG =========
Total calls: 250
Avg tries: 1702.80
Confidence stops: 250
Max stops: 0
Max stop rate: 0.000
Real Fault Rank 3
===== SEED 15 | FR=0.3 | VR=80 =====
executing with fault mode: [3,1,2,3,4,5]

executing with fault mode: [3,1,2,3,4,5]

Fault scores (higher is better):
Fault: [3,1,2,3,4,5], logL: -38.137481, Exp of LogL: 0.000000, Normalized LogL: -1.155681, Exp of Normalized LogL: 0.314843, Best Rate: 0.3
Fault: [3,1,2,3,2,5], logL: -38.493869, Exp of LogL: 0.000000, Normalized LogL: -1.166481, Exp of Normalized LogL: 0.311461, Best Rate: 0.3
Fault: [3,1,2,3,1,5], logL: -38.493869, Exp of LogL: 0.000000, Normalized LogL: -1.166481, Exp of Normalized LogL: 0.311461, Best Rate: 0.3
Fault: [3,1,2,3,5,5], logL: -38.493869, Exp of LogL: 0.000000, Normalized LogL: -1.166481, Exp of Normalized LogL: 0.311461, Best Rate: 0.3
Fault: [3,1,2,3,3,5], logL: -38.493869, Exp of LogL: 0.000000, Normalized LogL: -1.166481, Exp of Normalized LogL: 0.311461, Best Rate: 0.3
Fault: [1,1,2,3,4,5], logL: -40.242363, Exp of LogL: 0.000000, Normalized LogL: -1.219466, Exp of Normalized LogL: 0.295388, Best Rate: 0.3
Fault: [4,1,2,3,4,5], logL: -41.165767, Exp of LogL: 0.000000, Normalized LogL: -1.247447, Exp of Normalized LogL: 0.287237, Best Rate: 0.3
Fault: [5,1,2,3,4,5], logL: -41.165767, Exp of LogL: 0.000000, Normalized LogL: -1.247447, Exp of Normalized LogL: 0.287237, Best Rate: 0.3
Fault: [0,1,2,3,4,5], logL: -42.231698, Exp of LogL: 0.000000, Normalized LogL: -1.279748, Exp of Normalized LogL: 0.278107, Best Rate: 0.3
Fault: [2,1,2,3,4,5], logL: -43.886900, Exp of LogL: 0.000000, Normalized LogL: -1.329906, Exp of Normalized LogL: 0.264502, Best Rate: 0.3

========= ADAPTIVE MC DEBUG =========
Total calls: 330
Avg tries: 1727.12
Confidence stops: 330
Max stops: 0
Max stop rate: 0.000
Real Fault Rank 1
===== SEED 15 | FR=0.3 | VR=100 =====
executing with fault mode: [3,1,2,3,4,5]

executing with fault mode: [3,1,2,3,4,5]

Fault scores (higher is better):
Fault: [3,1,2,3,4,5], logL: -42.544832, Exp of LogL: 0.000000, Normalized LogL: -1.012972, Exp of Normalized LogL: 0.363138, Best Rate: 0.3
Fault: [3,1,2,3,2,5], logL: -42.888026, Exp of LogL: 0.000000, Normalized LogL: -1.021143, Exp of Normalized LogL: 0.360183, Best Rate: 0.3
Fault: [3,1,2,3,1,5], logL: -42.888026, Exp of LogL: 0.000000, Normalized LogL: -1.021143, Exp of Normalized LogL: 0.360183, Best Rate: 0.3
Fault: [3,1,2,3,5,5], logL: -42.888026, Exp of LogL: 0.000000, Normalized LogL: -1.021143, Exp of Normalized LogL: 0.360183, Best Rate: 0.3
Fault: [3,1,2,3,3,5], logL: -42.888026, Exp of LogL: 0.000000, Normalized LogL: -1.021143, Exp of Normalized LogL: 0.360183, Best Rate: 0.3
Fault: [4,1,2,3,4,5], logL: -44.777767, Exp of LogL: 0.000000, Normalized LogL: -1.066137, Exp of Normalized LogL: 0.344336, Best Rate: 0.3
Fault: [5,1,2,3,4,5], logL: -44.777767, Exp of LogL: 0.000000, Normalized LogL: -1.066137, Exp of Normalized LogL: 0.344336, Best Rate: 0.3
Fault: [0,1,2,3,4,5], logL: -45.672980, Exp of LogL: 0.000000, Normalized LogL: -1.087452, Exp of Normalized LogL: 0.337074, Best Rate: 0.3
Fault: [1,1,2,3,4,5], logL: -45.804770, Exp of LogL: 0.000000, Normalized LogL: -1.090590, Exp of Normalized LogL: 0.336018, Best Rate: 0.3
Fault: [2,1,2,3,4,5], logL: -47.820614, Exp of LogL: 0.000000, Normalized LogL: -1.138586, Exp of Normalized LogL: 0.320272, Best Rate: 0.3

========= ADAPTIVE MC DEBUG =========
Total calls: 420
Avg tries: 1762.26
Confidence stops: 420
Max stops: 0
Max stop rate: 0.000
Real Fault Rank 1
================= 22/08/2026 05:28:27: SEED 15 END =================
================= 22/08/2026 05:28:27: SEED 17 (16/100), a*=1 fault=[0,2,2,3,4,5] START =================
===== SEED 17 | FR=0.3 | VR=20 =====
executing with fault mode: [0,2,2,3,4,5]

Fault scores (higher is better):
Fault: [0,1,2,3,4,5], logL: -3.461975, Exp of LogL: 0.031368, Normalized LogL: -1.153992, Exp of Normalized LogL: 0.315375, Best Rate: 0.3
Fault: [0,3,2,3,4,5], logL: -3.733181, Exp of LogL: 0.023917, Normalized LogL: -1.244394, Exp of Normalized LogL: 0.288116, Best Rate: 0.3
Fault: [0,2,2,3,4,5], logL: -3.754458, Exp of LogL: 0.023413, Normalized LogL: -1.251486, Exp of Normalized LogL: 0.286079, Best Rate: 0.3
Fault: [0,4,2,3,4,5], logL: -3.791888, Exp of LogL: 0.022553, Normalized LogL: -1.263963, Exp of Normalized LogL: 0.282532, Best Rate: 0.3
Fault: [0,2,2,3,5,5], logL: -3.827919, Exp of LogL: 0.021755, Normalized LogL: -1.275973, Exp of Normalized LogL: 0.279159, Best Rate: 0.3
Fault: [0,2,2,3,3,5], logL: -3.827919, Exp of LogL: 0.021755, Normalized LogL: -1.275973, Exp of Normalized LogL: 0.279159, Best Rate: 0.3
Fault: [0,5,2,3,4,5], logL: -3.840577, Exp of LogL: 0.021481, Normalized LogL: -1.280192, Exp of Normalized LogL: 0.277984, Best Rate: 0.3
Fault: [0,2,2,3,2,5], logL: -3.930654, Exp of LogL: 0.019631, Normalized LogL: -1.310218, Exp of Normalized LogL: 0.269761, Best Rate: 0.3
Fault: [0,2,2,3,1,5], logL: -3.938317, Exp of LogL: 0.019481, Normalized LogL: -1.312772, Exp of Normalized LogL: 0.269073, Best Rate: 0.3
Fault: [0,0,2,3,4,5], logL: -3.961664, Exp of LogL: 0.019031, Normalized LogL: -1.320555, Exp of Normalized LogL: 0.266987, Best Rate: 0.3

========= ADAPTIVE MC DEBUG =========
Total calls: 30
Avg tries: 1645.00
Confidence stops: 30
Max stops: 0
Max stop rate: 0.000
Real Fault Rank 3
===== SEED 17 | FR=0.3 | VR=40 =====
executing with fault mode: [0,2,2,3,4,5]

Fault scores (higher is better):
Fault: [0,1,2,3,4,5], logL: -3.976056, Exp of LogL: 0.018759, Normalized LogL: -0.795211, Exp of Normalized LogL: 0.451486, Best Rate: 0.3
Fault: [0,2,2,3,4,5], logL: -4.209527, Exp of LogL: 0.014853, Normalized LogL: -0.841905, Exp of Normalized LogL: 0.430889, Best Rate: 0.3
Fault: [0,3,2,3,4,5], logL: -4.248332, Exp of LogL: 0.014288, Normalized LogL: -0.849666, Exp of Normalized LogL: 0.427558, Best Rate: 0.3
Fault: [0,5,2,3,4,5], logL: -4.255553, Exp of LogL: 0.014185, Normalized LogL: -0.851111, Exp of Normalized LogL: 0.426941, Best Rate: 0.3
Fault: [0,2,2,3,5,5], logL: -4.313899, Exp of LogL: 0.013381, Normalized LogL: -0.862780, Exp of Normalized LogL: 0.421987, Best Rate: 0.3
Fault: [0,2,2,3,3,5], logL: -4.313899, Exp of LogL: 0.013381, Normalized LogL: -0.862780, Exp of Normalized LogL: 0.421987, Best Rate: 0.3
Fault: [0,4,2,3,4,5], logL: -4.313899, Exp of LogL: 0.013381, Normalized LogL: -0.862780, Exp of Normalized LogL: 0.421987, Best Rate: 0.3
Fault: [0,2,2,3,1,5], logL: -4.322164, Exp of LogL: 0.013271, Normalized LogL: -0.864433, Exp of Normalized LogL: 0.421290, Best Rate: 0.3
Fault: [0,2,2,3,2,5], logL: -4.350058, Exp of LogL: 0.012906, Normalized LogL: -0.870012, Exp of Normalized LogL: 0.418947, Best Rate: 0.3
Fault: [0,0,2,3,4,5], logL: -4.414733, Exp of LogL: 0.012098, Normalized LogL: -0.882947, Exp of Normalized LogL: 0.413563, Best Rate: 0.3

========= ADAPTIVE MC DEBUG =========
Total calls: 50
Avg tries: 1861.00
Confidence stops: 50
Max stops: 0
Max stop rate: 0.000
Real Fault Rank 2
===== SEED 17 | FR=0.3 | VR=60 =====
executing with fault mode: [0,2,2,3,4,5]

Fault scores (higher is better):
Fault: [0,2,2,3,4,5], logL: -4.919708, Exp of LogL: 0.007301, Normalized LogL: -0.614963, Exp of Normalized LogL: 0.540661, Best Rate: 0.3
Fault: [0,1,2,3,4,5], logL: -5.100888, Exp of LogL: 0.006091, Normalized LogL: -0.637611, Exp of Normalized LogL: 0.528554, Best Rate: 0.3
Fault: [0,2,2,3,1,5], logL: -5.293903, Exp of LogL: 0.005022, Normalized LogL: -0.661738, Exp of Normalized LogL: 0.515954, Best Rate: 0.3
Fault: [0,2,2,3,2,5], logL: -5.293903, Exp of LogL: 0.005022, Normalized LogL: -0.661738, Exp of Normalized LogL: 0.515954, Best Rate: 0.3
Fault: [0,2,2,3,5,5], logL: -5.293903, Exp of LogL: 0.005022, Normalized LogL: -0.661738, Exp of Normalized LogL: 0.515954, Best Rate: 0.3
Fault: [0,2,2,3,3,5], logL: -5.293903, Exp of LogL: 0.005022, Normalized LogL: -0.661738, Exp of Normalized LogL: 0.515954, Best Rate: 0.3
Fault: [0,3,2,3,4,5], logL: -5.956887, Exp of LogL: 0.002588, Normalized LogL: -0.744611, Exp of Normalized LogL: 0.474919, Best Rate: 0.3
Fault: [0,0,2,3,4,5], logL: -5.994674, Exp of LogL: 0.002492, Normalized LogL: -0.749334, Exp of Normalized LogL: 0.472681, Best Rate: 0.3
Fault: [0,4,2,3,4,5], logL: -6.060271, Exp of LogL: 0.002334, Normalized LogL: -0.757534, Exp of Normalized LogL: 0.468821, Best Rate: 0.3
Fault: [0,5,2,3,4,5], logL: -6.060271, Exp of LogL: 0.002334, Normalized LogL: -0.757534, Exp of Normalized LogL: 0.468821, Best Rate: 0.3

========= ADAPTIVE MC DEBUG =========
Total calls: 80
Avg tries: 1995.00
Confidence stops: 80
Max stops: 0
Max stop rate: 0.000
Real Fault Rank 1
===== SEED 17 | FR=0.3 | VR=80 =====
executing with fault mode: [0,2,2,3,4,5]

Fault scores (higher is better):
Fault: [0,2,2,3,4,5], logL: -4.942268, Exp of LogL: 0.007138, Normalized LogL: -0.494227, Exp of Normalized LogL: 0.610042, Best Rate: 0.3
Fault: [0,1,2,3,4,5], logL: -5.062162, Exp of LogL: 0.006332, Normalized LogL: -0.506216, Exp of Normalized LogL: 0.602772, Best Rate: 0.3
Fault: [0,2,2,3,1,5], logL: -5.308619, Exp of LogL: 0.004949, Normalized LogL: -0.530862, Exp of Normalized LogL: 0.588098, Best Rate: 0.3
Fault: [0,2,2,3,2,5], logL: -5.308619, Exp of LogL: 0.004949, Normalized LogL: -0.530862, Exp of Normalized LogL: 0.588098, Best Rate: 0.3
Fault: [0,2,2,3,5,5], logL: -5.308619, Exp of LogL: 0.004949, Normalized LogL: -0.530862, Exp of Normalized LogL: 0.588098, Best Rate: 0.3
Fault: [0,2,2,3,3,5], logL: -5.308619, Exp of LogL: 0.004949, Normalized LogL: -0.530862, Exp of Normalized LogL: 0.588098, Best Rate: 0.3
Fault: [0,0,2,3,4,5], logL: -5.917671, Exp of LogL: 0.002691, Normalized LogL: -0.591767, Exp of Normalized LogL: 0.553349, Best Rate: 0.3
Fault: [0,3,2,3,4,5], logL: -5.963816, Exp of LogL: 0.002570, Normalized LogL: -0.596382, Exp of Normalized LogL: 0.550801, Best Rate: 0.3
Fault: [0,4,2,3,4,5], logL: -6.079952, Exp of LogL: 0.002288, Normalized LogL: -0.607995, Exp of Normalized LogL: 0.544441, Best Rate: 0.3
Fault: [0,5,2,3,4,5], logL: -6.079952, Exp of LogL: 0.002288, Normalized LogL: -0.607995, Exp of Normalized LogL: 0.544441, Best Rate: 0.3

========= ADAPTIVE MC DEBUG =========
Total calls: 100
Avg tries: 2044.50
Confidence stops: 100
Max stops: 0
Max stop rate: 0.000
Real Fault Rank 1
===== SEED 17 | FR=0.3 | VR=100 =====
executing with fault mode: [0,2,2,3,4,5]

Fault scores (higher is better):
Fault: [0,2,2,3,4,5], logL: -5.633849, Exp of LogL: 0.003575, Normalized LogL: -0.433373, Exp of Normalized LogL: 0.648319, Best Rate: 0.3
Fault: [0,1,2,3,4,5], logL: -5.705623, Exp of LogL: 0.003327, Normalized LogL: -0.438894, Exp of Normalized LogL: 0.644749, Best Rate: 0.3
Fault: [0,2,2,3,1,5], logL: -5.991919, Exp of LogL: 0.002499, Normalized LogL: -0.460917, Exp of Normalized LogL: 0.630705, Best Rate: 0.3
Fault: [0,2,2,3,2,5], logL: -5.991919, Exp of LogL: 0.002499, Normalized LogL: -0.460917, Exp of Normalized LogL: 0.630705, Best Rate: 0.3
Fault: [0,2,2,3,5,5], logL: -5.991919, Exp of LogL: 0.002499, Normalized LogL: -0.460917, Exp of Normalized LogL: 0.630705, Best Rate: 0.3
Fault: [0,2,2,3,3,5], logL: -5.991919, Exp of LogL: 0.002499, Normalized LogL: -0.460917, Exp of Normalized LogL: 0.630705, Best Rate: 0.3
Fault: [0,3,2,3,4,5], logL: -6.612067, Exp of LogL: 0.001344, Normalized LogL: -0.508621, Exp of Normalized LogL: 0.601325, Best Rate: 0.3
Fault: [0,0,2,3,4,5], logL: -6.780564, Exp of LogL: 0.001136, Normalized LogL: -0.521582, Exp of Normalized LogL: 0.593581, Best Rate: 0.3
Fault: [0,4,2,3,4,5], logL: -6.780564, Exp of LogL: 0.001136, Normalized LogL: -0.521582, Exp of Normalized LogL: 0.593581, Best Rate: 0.3
Fault: [0,5,2,3,4,5], logL: -6.780564, Exp of LogL: 0.001136, Normalized LogL: -0.521582, Exp of Normalized LogL: 0.593581, Best Rate: 0.3

========= ADAPTIVE MC DEBUG =========
Total calls: 130
Avg tries: 1968.85
Confidence stops: 130
Max stops: 0
Max stop rate: 0.000
Real Fault Rank 1
================= 22/08/2026 05:30:37: SEED 17 END =================
================= 22/08/2026 05:30:37: SEED 18 (17/100), a*=2 fault=[0,1,4,3,4,5] START =================
===== SEED 18 | FR=0.3 | VR=20 =====
executing with fault mode: [0,1,4,3,4,5]

Fault scores (higher is better):
Fault: [0,1,1,3,4,5], logL: -12.982313, Exp of LogL: 0.000002, Normalized LogL: -1.854616, Exp of Normalized LogL: 0.156513, Best Rate: 0.3
Fault: [0,1,4,3,5,5], logL: -13.295604, Exp of LogL: 0.000002, Normalized LogL: -1.899372, Exp of Normalized LogL: 0.149663, Best Rate: 0.3
Fault: [0,1,4,3,0,5], logL: -13.295604, Exp of LogL: 0.000002, Normalized LogL: -1.899372, Exp of Normalized LogL: 0.149663, Best Rate: 0.3
Fault: [0,1,4,3,2,5], logL: -13.295604, Exp of LogL: 0.000002, Normalized LogL: -1.899372, Exp of Normalized LogL: 0.149663, Best Rate: 0.3
Fault: [0,1,4,3,3,5], logL: -13.295604, Exp of LogL: 0.000002, Normalized LogL: -1.899372, Exp of Normalized LogL: 0.149663, Best Rate: 0.3
Fault: [0,1,2,3,4,5], logL: -13.600881, Exp of LogL: 0.000001, Normalized LogL: -1.942983, Exp of Normalized LogL: 0.143276, Best Rate: 0.3
Fault: [0,1,5,3,4,5], logL: -14.080013, Exp of LogL: 0.000001, Normalized LogL: -2.011430, Exp of Normalized LogL: 0.133797, Best Rate: 0.3
Fault: [0,1,4,3,4,5], logL: -14.080013, Exp of LogL: 0.000001, Normalized LogL: -2.011430, Exp of Normalized LogL: 0.133797, Best Rate: 0.3
Fault: [0,1,3,3,4,5], logL: -14.096852, Exp of LogL: 0.000001, Normalized LogL: -2.013836, Exp of Normalized LogL: 0.133476, Best Rate: 0.3
Fault: [0,1,0,3,4,5], logL: -14.100101, Exp of LogL: 0.000001, Normalized LogL: -2.014300, Exp of Normalized LogL: 0.133414, Best Rate: 0.3

========= ADAPTIVE MC DEBUG =========
Total calls: 70
Avg tries: 1277.86
Confidence stops: 70
Max stops: 0
Max stop rate: 0.000
Real Fault Rank 8
===== SEED 18 | FR=0.3 | VR=40 =====
executing with fault mode: [0,1,4,3,4,5]

Fault scores (higher is better):
Fault: [0,1,1,3,4,5], logL: -15.257793, Exp of LogL: 0.000000, Normalized LogL: -1.173676, Exp of Normalized LogL: 0.309228, Best Rate: 0.3
Fault: [0,1,2,3,4,5], logL: -15.962961, Exp of LogL: 0.000000, Normalized LogL: -1.227920, Exp of Normalized LogL: 0.292901, Best Rate: 0.3
Fault: [0,1,4,3,5,5], logL: -16.018299, Exp of LogL: 0.000000, Normalized LogL: -1.232177, Exp of Normalized LogL: 0.291657, Best Rate: 0.3
Fault: [0,1,4,3,0,5], logL: -16.018299, Exp of LogL: 0.000000, Normalized LogL: -1.232177, Exp of Normalized LogL: 0.291657, Best Rate: 0.3
Fault: [0,1,4,3,2,5], logL: -16.018299, Exp of LogL: 0.000000, Normalized LogL: -1.232177, Exp of Normalized LogL: 0.291657, Best Rate: 0.3
Fault: [0,1,4,3,3,5], logL: -16.018299, Exp of LogL: 0.000000, Normalized LogL: -1.232177, Exp of Normalized LogL: 0.291657, Best Rate: 0.3
Fault: [0,1,5,3,4,5], logL: -16.339578, Exp of LogL: 0.000000, Normalized LogL: -1.256891, Exp of Normalized LogL: 0.284537, Best Rate: 0.3
Fault: [0,1,4,3,4,5], logL: -16.339578, Exp of LogL: 0.000000, Normalized LogL: -1.256891, Exp of Normalized LogL: 0.284537, Best Rate: 0.3
Fault: [0,1,3,3,4,5], logL: -16.561211, Exp of LogL: 0.000000, Normalized LogL: -1.273939, Exp of Normalized LogL: 0.279728, Best Rate: 0.3
Fault: [0,1,0,3,4,5], logL: -16.683925, Exp of LogL: 0.000000, Normalized LogL: -1.283379, Exp of Normalized LogL: 0.277099, Best Rate: 0.3

========= ADAPTIVE MC DEBUG =========
Total calls: 130
Avg tries: 1677.31
Confidence stops: 130
Max stops: 0
Max stop rate: 0.000
Real Fault Rank 8
===== SEED 18 | FR=0.3 | VR=60 =====
executing with fault mode: [0,1,4,3,4,5]

Fault scores (higher is better):
Fault: [0,1,2,3,4,5], logL: -20.219727, Exp of LogL: 0.000000, Normalized LogL: -1.064196, Exp of Normalized LogL: 0.345005, Best Rate: 0.3
Fault: [0,1,5,3,4,5], logL: -20.230459, Exp of LogL: 0.000000, Normalized LogL: -1.064761, Exp of Normalized LogL: 0.344810, Best Rate: 0.3
Fault: [0,1,4,3,4,5], logL: -20.230459, Exp of LogL: 0.000000, Normalized LogL: -1.064761, Exp of Normalized LogL: 0.344810, Best Rate: 0.3
Fault: [0,1,4,3,5,5], logL: -20.602903, Exp of LogL: 0.000000, Normalized LogL: -1.084363, Exp of Normalized LogL: 0.338117, Best Rate: 0.3
Fault: [0,1,4,3,0,5], logL: -20.602903, Exp of LogL: 0.000000, Normalized LogL: -1.084363, Exp of Normalized LogL: 0.338117, Best Rate: 0.3
Fault: [0,1,4,3,2,5], logL: -20.602903, Exp of LogL: 0.000000, Normalized LogL: -1.084363, Exp of Normalized LogL: 0.338117, Best Rate: 0.3
Fault: [0,1,4,3,3,5], logL: -20.602903, Exp of LogL: 0.000000, Normalized LogL: -1.084363, Exp of Normalized LogL: 0.338117, Best Rate: 0.3
Fault: [0,1,1,3,4,5], logL: -43.167230, Exp of LogL: 0.000000, Normalized LogL: -2.271959, Exp of Normalized LogL: 0.103110, Best Rate: 0.3
Fault: [0,1,3,3,4,5], logL: -44.198130, Exp of LogL: 0.000000, Normalized LogL: -2.326217, Exp of Normalized LogL: 0.097664, Best Rate: 0.3
Fault: [0,1,0,3,4,5], logL: -44.504338, Exp of LogL: 0.000000, Normalized LogL: -2.342334, Exp of Normalized LogL: 0.096103, Best Rate: 0.3

========= ADAPTIVE MC DEBUG =========
Total calls: 190
Avg tries: 1725.53
Confidence stops: 190
Max stops: 0
Max stop rate: 0.000
Real Fault Rank 3
===== SEED 18 | FR=0.3 | VR=80 =====
executing with fault mode: [0,1,4,3,4,5]

Fault scores (higher is better):
Fault: [0,1,5,3,4,5], logL: -25.736199, Exp of LogL: 0.000000, Normalized LogL: -1.029448, Exp of Normalized LogL: 0.357204, Best Rate: 0.3
Fault: [0,1,4,3,4,5], logL: -25.736199, Exp of LogL: 0.000000, Normalized LogL: -1.029448, Exp of Normalized LogL: 0.357204, Best Rate: 0.3
Fault: [0,1,4,3,5,5], logL: -26.108644, Exp of LogL: 0.000000, Normalized LogL: -1.044346, Exp of Normalized LogL: 0.351922, Best Rate: 0.3
Fault: [0,1,4,3,0,5], logL: -26.108644, Exp of LogL: 0.000000, Normalized LogL: -1.044346, Exp of Normalized LogL: 0.351922, Best Rate: 0.3
Fault: [0,1,4,3,2,5], logL: -26.108644, Exp of LogL: 0.000000, Normalized LogL: -1.044346, Exp of Normalized LogL: 0.351922, Best Rate: 0.3
Fault: [0,1,4,3,3,5], logL: -26.108644, Exp of LogL: 0.000000, Normalized LogL: -1.044346, Exp of Normalized LogL: 0.351922, Best Rate: 0.3
Fault: [0,1,3,3,4,5], logL: -49.975897, Exp of LogL: 0.000000, Normalized LogL: -1.999036, Exp of Normalized LogL: 0.135466, Best Rate: 0.3
Fault: [0,1,1,3,4,5], logL: -51.639424, Exp of LogL: 0.000000, Normalized LogL: -2.065577, Exp of Normalized LogL: 0.126745, Best Rate: 0.3
Fault: [0,1,0,3,4,5], logL: -55.158136, Exp of LogL: 0.000000, Normalized LogL: -2.206325, Exp of Normalized LogL: 0.110104, Best Rate: 0.3
Fault: [0,1,2,3,4,5], logL: -76.623382, Exp of LogL: 0.000000, Normalized LogL: -3.064935, Exp of Normalized LogL: 0.046657, Best Rate: 0.3

========= ADAPTIVE MC DEBUG =========
Total calls: 250
Avg tries: 1682.80
Confidence stops: 250
Max stops: 0
Max stop rate: 0.000
Real Fault Rank 2
===== SEED 18 | FR=0.3 | VR=100 =====
executing with fault mode: [0,1,4,3,4,5]

Fault scores (higher is better):
Fault: [0,1,5,3,4,5], logL: -28.237761, Exp of LogL: 0.000000, Normalized LogL: -0.910896, Exp of Normalized LogL: 0.402164, Best Rate: 0.3
Fault: [0,1,4,3,4,5], logL: -28.237761, Exp of LogL: 0.000000, Normalized LogL: -0.910896, Exp of Normalized LogL: 0.402164, Best Rate: 0.3
Fault: [0,1,4,3,5,5], logL: -28.610206, Exp of LogL: 0.000000, Normalized LogL: -0.922910, Exp of Normalized LogL: 0.397361, Best Rate: 0.3
Fault: [0,1,4,3,0,5], logL: -28.610206, Exp of LogL: 0.000000, Normalized LogL: -0.922910, Exp of Normalized LogL: 0.397361, Best Rate: 0.3
Fault: [0,1,4,3,2,5], logL: -28.610206, Exp of LogL: 0.000000, Normalized LogL: -0.922910, Exp of Normalized LogL: 0.397361, Best Rate: 0.3
Fault: [0,1,4,3,3,5], logL: -28.610206, Exp of LogL: 0.000000, Normalized LogL: -0.922910, Exp of Normalized LogL: 0.397361, Best Rate: 0.3
Fault: [0,1,3,3,4,5], logL: -54.380176, Exp of LogL: 0.000000, Normalized LogL: -1.754199, Exp of Normalized LogL: 0.173046, Best Rate: 0.3
Fault: [0,1,1,3,4,5], logL: -56.234142, Exp of LogL: 0.000000, Normalized LogL: -1.814005, Exp of Normalized LogL: 0.163000, Best Rate: 0.3
Fault: [0,1,0,3,4,5], logL: -59.545335, Exp of LogL: 0.000000, Normalized LogL: -1.920817, Exp of Normalized LogL: 0.146487, Best Rate: 0.3
Fault: [0,1,2,3,4,5], logL: -105.790747, Exp of LogL: 0.000000, Normalized LogL: -3.412605, Exp of Normalized LogL: 0.032955, Best Rate: 0.3

========= ADAPTIVE MC DEBUG =========
Total calls: 310
Avg tries: 1784.84
Confidence stops: 310
Max stops: 0
Max stop rate: 0.000
Real Fault Rank 2
================= 22/08/2026 05:35:05: SEED 18 END =================
================= 22/08/2026 05:35:05: SEED 19 (18/100), a*=0 fault=[5,1,2,3,4,5] START =================
===== SEED 19 | FR=0.3 | VR=20 =====
executing with fault mode: [5,1,2,3,4,5]

executing with fault mode: [5,1,2,3,4,5]

Fault scores (higher is better):
Fault: [4,1,2,3,4,5], logL: -7.857709, Exp of LogL: 0.000387, Normalized LogL: -1.964427, Exp of Normalized LogL: 0.140236, Best Rate: 0.3
Fault: [5,1,2,3,4,5], logL: -7.857709, Exp of LogL: 0.000387, Normalized LogL: -1.964427, Exp of Normalized LogL: 0.140236, Best Rate: 0.3
Fault: [5,1,2,4,4,5], logL: -7.917721, Exp of LogL: 0.000364, Normalized LogL: -1.979430, Exp of Normalized LogL: 0.138148, Best Rate: 0.3
Fault: [3,1,2,3,4,5], logL: -8.178463, Exp of LogL: 0.000281, Normalized LogL: -2.044616, Exp of Normalized LogL: 0.129430, Best Rate: 0.3
Fault: [0,1,2,3,4,5], logL: -8.198904, Exp of LogL: 0.000275, Normalized LogL: -2.049726, Exp of Normalized LogL: 0.128770, Best Rate: 0.3
Fault: [5,1,2,0,4,5], logL: -8.254576, Exp of LogL: 0.000260, Normalized LogL: -2.063644, Exp of Normalized LogL: 0.126990, Best Rate: 0.3
Fault: [5,1,2,1,4,5], logL: -8.276287, Exp of LogL: 0.000254, Normalized LogL: -2.069072, Exp of Normalized LogL: 0.126303, Best Rate: 0.3
Fault: [5,1,2,2,4,5], logL: -8.365634, Exp of LogL: 0.000233, Normalized LogL: -2.091409, Exp of Normalized LogL: 0.123513, Best Rate: 0.3
Fault: [2,1,2,3,4,5], logL: -9.054446, Exp of LogL: 0.000117, Normalized LogL: -2.263611, Exp of Normalized LogL: 0.103974, Best Rate: 0.3
Fault: [1,1,2,3,4,5], logL: -9.259021, Exp of LogL: 0.000095, Normalized LogL: -2.314755, Exp of Normalized LogL: 0.098790, Best Rate: 0.3

========= ADAPTIVE MC DEBUG =========
Total calls: 40
Avg tries: 1105.00
Confidence stops: 40
Max stops: 0
Max stop rate: 0.000
Real Fault Rank 2
===== SEED 19 | FR=0.3 | VR=40 =====
executing with fault mode: [5,1,2,3,4,5]

executing with fault mode: [5,1,2,3,4,5]

Fault scores (higher is better):
Fault: [4,1,2,3,4,5], logL: -9.357190, Exp of LogL: 0.000086, Normalized LogL: -1.169649, Exp of Normalized LogL: 0.310476, Best Rate: 0.3
Fault: [5,1,2,3,4,5], logL: -9.357190, Exp of LogL: 0.000086, Normalized LogL: -1.169649, Exp of Normalized LogL: 0.310476, Best Rate: 0.3
Fault: [3,1,2,3,4,5], logL: -9.677944, Exp of LogL: 0.000063, Normalized LogL: -1.209743, Exp of Normalized LogL: 0.298274, Best Rate: 0.3
Fault: [5,1,2,0,4,5], logL: -9.693702, Exp of LogL: 0.000062, Normalized LogL: -1.211713, Exp of Normalized LogL: 0.297687, Best Rate: 0.3
Fault: [5,1,2,1,4,5], logL: -9.756495, Exp of LogL: 0.000058, Normalized LogL: -1.219562, Exp of Normalized LogL: 0.295360, Best Rate: 0.3
Fault: [5,1,2,4,4,5], logL: -9.808084, Exp of LogL: 0.000055, Normalized LogL: -1.226011, Exp of Normalized LogL: 0.293461, Best Rate: 0.3
Fault: [5,1,2,2,4,5], logL: -9.808084, Exp of LogL: 0.000055, Normalized LogL: -1.226011, Exp of Normalized LogL: 0.293461, Best Rate: 0.3
Fault: [0,1,2,3,4,5], logL: -10.315894, Exp of LogL: 0.000033, Normalized LogL: -1.289487, Exp of Normalized LogL: 0.275412, Best Rate: 0.3
Fault: [1,1,2,3,4,5], logL: -11.378779, Exp of LogL: 0.000011, Normalized LogL: -1.422347, Exp of Normalized LogL: 0.241147, Best Rate: 0.3
Fault: [2,1,2,3,4,5], logL: -11.405170, Exp of LogL: 0.000011, Normalized LogL: -1.425646, Exp of Normalized LogL: 0.240353, Best Rate: 0.3

========= ADAPTIVE MC DEBUG =========
Total calls: 80
Avg tries: 1730.62
Confidence stops: 80
Max stops: 0
Max stop rate: 0.000
Real Fault Rank 2
===== SEED 19 | FR=0.3 | VR=60 =====
executing with fault mode: [5,1,2,3,4,5]

executing with fault mode: [5,1,2,3,4,5]

Fault scores (higher is better):
Fault: [4,1,2,3,4,5], logL: -9.578754, Exp of LogL: 0.000069, Normalized LogL: -0.870796, Exp of Normalized LogL: 0.418618, Best Rate: 0.3
Fault: [5,1,2,3,4,5], logL: -9.578754, Exp of LogL: 0.000069, Normalized LogL: -0.870796, Exp of Normalized LogL: 0.418618, Best Rate: 0.3
Fault: [5,1,2,0,4,5], logL: -9.793398, Exp of LogL: 0.000056, Normalized LogL: -0.890309, Exp of Normalized LogL: 0.410529, Best Rate: 0.3
Fault: [5,1,2,1,4,5], logL: -9.843612, Exp of LogL: 0.000053, Normalized LogL: -0.894874, Exp of Normalized LogL: 0.408659, Best Rate: 0.3
Fault: [5,1,2,4,4,5], logL: -9.907780, Exp of LogL: 0.000050, Normalized LogL: -0.900707, Exp of Normalized LogL: 0.406282, Best Rate: 0.3
Fault: [5,1,2,2,4,5], logL: -9.907780, Exp of LogL: 0.000050, Normalized LogL: -0.900707, Exp of Normalized LogL: 0.406282, Best Rate: 0.3
Fault: [3,1,2,3,4,5], logL: -9.964905, Exp of LogL: 0.000047, Normalized LogL: -0.905900, Exp of Normalized LogL: 0.404178, Best Rate: 0.3
Fault: [0,1,2,3,4,5], logL: -10.883080, Exp of LogL: 0.000019, Normalized LogL: -0.989371, Exp of Normalized LogL: 0.371811, Best Rate: 0.3
Fault: [1,1,2,3,4,5], logL: -11.765584, Exp of LogL: 0.000008, Normalized LogL: -1.069599, Exp of Normalized LogL: 0.343146, Best Rate: 0.3
Fault: [2,1,2,3,4,5], logL: -12.621478, Exp of LogL: 0.000003, Normalized LogL: -1.147407, Exp of Normalized LogL: 0.317459, Best Rate: 0.3

========= ADAPTIVE MC DEBUG =========
Total calls: 110
Avg tries: 1809.09
Confidence stops: 110
Max stops: 0
Max stop rate: 0.000
Real Fault Rank 2
===== SEED 19 | FR=0.3 | VR=80 =====
executing with fault mode: [5,1,2,3,4,5]

executing with fault mode: [5,1,2,3,4,5]

Fault scores (higher is better):
Fault: [4,1,2,3,4,5], logL: -11.425946, Exp of LogL: 0.000011, Normalized LogL: -0.761730, Exp of Normalized LogL: 0.466858, Best Rate: 0.3
Fault: [5,1,2,3,4,5], logL: -11.425946, Exp of LogL: 0.000011, Normalized LogL: -0.761730, Exp of Normalized LogL: 0.466858, Best Rate: 0.3
Fault: [5,1,2,1,4,5], logL: -11.691968, Exp of LogL: 0.000008, Normalized LogL: -0.779465, Exp of Normalized LogL: 0.458652, Best Rate: 0.3
Fault: [5,1,2,0,4,5], logL: -11.691968, Exp of LogL: 0.000008, Normalized LogL: -0.779465, Exp of Normalized LogL: 0.458652, Best Rate: 0.3
Fault: [5,1,2,4,4,5], logL: -11.775258, Exp of LogL: 0.000008, Normalized LogL: -0.785017, Exp of Normalized LogL: 0.456112, Best Rate: 0.3
Fault: [5,1,2,2,4,5], logL: -11.775258, Exp of LogL: 0.000008, Normalized LogL: -0.785017, Exp of Normalized LogL: 0.456112, Best Rate: 0.3
Fault: [3,1,2,3,4,5], logL: -11.913953, Exp of LogL: 0.000007, Normalized LogL: -0.794264, Exp of Normalized LogL: 0.451914, Best Rate: 0.3
Fault: [0,1,2,3,4,5], logL: -12.778560, Exp of LogL: 0.000003, Normalized LogL: -0.851904, Exp of Normalized LogL: 0.426602, Best Rate: 0.3
Fault: [1,1,2,3,4,5], logL: -14.541885, Exp of LogL: 0.000000, Normalized LogL: -0.969459, Exp of Normalized LogL: 0.379288, Best Rate: 0.3
Fault: [2,1,2,3,4,5], logL: -14.828113, Exp of LogL: 0.000000, Normalized LogL: -0.988541, Exp of Normalized LogL: 0.372119, Best Rate: 0.3

========= ADAPTIVE MC DEBUG =========
Total calls: 150
Avg tries: 1882.67
Confidence stops: 150
Max stops: 0
Max stop rate: 0.000
Real Fault Rank 2
===== SEED 19 | FR=0.3 | VR=100 =====
executing with fault mode: [5,1,2,3,4,5]

executing with fault mode: [5,1,2,3,4,5]

Fault scores (higher is better):
Fault: [3,1,2,3,4,5], logL: -11.850892, Exp of LogL: 0.000007, Normalized LogL: -0.623731, Exp of Normalized LogL: 0.535941, Best Rate: 0.3
Fault: [4,1,2,3,4,5], logL: -11.950080, Exp of LogL: 0.000006, Normalized LogL: -0.628952, Exp of Normalized LogL: 0.533150, Best Rate: 0.3
Fault: [5,1,2,3,4,5], logL: -11.950080, Exp of LogL: 0.000006, Normalized LogL: -0.628952, Exp of Normalized LogL: 0.533150, Best Rate: 0.3
Fault: [5,1,2,1,4,5], logL: -12.216102, Exp of LogL: 0.000005, Normalized LogL: -0.642953, Exp of Normalized LogL: 0.525738, Best Rate: 0.3
Fault: [5,1,2,0,4,5], logL: -12.216102, Exp of LogL: 0.000005, Normalized LogL: -0.642953, Exp of Normalized LogL: 0.525738, Best Rate: 0.3
Fault: [5,1,2,4,4,5], logL: -12.299392, Exp of LogL: 0.000005, Normalized LogL: -0.647336, Exp of Normalized LogL: 0.523438, Best Rate: 0.3
Fault: [5,1,2,2,4,5], logL: -12.299392, Exp of LogL: 0.000005, Normalized LogL: -0.647336, Exp of Normalized LogL: 0.523438, Best Rate: 0.3
Fault: [0,1,2,3,4,5], logL: -12.675173, Exp of LogL: 0.000003, Normalized LogL: -0.667114, Exp of Normalized LogL: 0.513187, Best Rate: 0.3
Fault: [1,1,2,3,4,5], logL: -14.150033, Exp of LogL: 0.000001, Normalized LogL: -0.744739, Exp of Normalized LogL: 0.474858, Best Rate: 0.3
Fault: [2,1,2,3,4,5], logL: -14.739259, Exp of LogL: 0.000000, Normalized LogL: -0.775750, Exp of Normalized LogL: 0.460358, Best Rate: 0.3

========= ADAPTIVE MC DEBUG =========
Total calls: 190
Avg tries: 1930.26
Confidence stops: 190
Max stops: 0
Max stop rate: 0.000
Real Fault Rank 3
================= 22/08/2026 05:37:56: SEED 19 END =================
================= 22/08/2026 05:37:56: SEED 20 (19/100), a*=2 fault=[0,1,3,3,4,5] START =================
===== SEED 20 | FR=0.3 | VR=20 =====
executing with fault mode: [0,1,3,3,4,5]

Fault scores (higher is better):
Fault: [0,1,0,3,4,5], logL: -7.419701, Exp of LogL: 0.000599, Normalized LogL: -1.854925, Exp of Normalized LogL: 0.156465, Best Rate: 0.3
Fault: [0,1,3,3,4,5], logL: -7.701818, Exp of LogL: 0.000452, Normalized LogL: -1.925455, Exp of Normalized LogL: 0.145809, Best Rate: 0.3
Fault: [0,1,5,3,4,5], logL: -7.855969, Exp of LogL: 0.000387, Normalized LogL: -1.963992, Exp of Normalized LogL: 0.140297, Best Rate: 0.3
Fault: [0,1,4,3,4,5], logL: -7.855969, Exp of LogL: 0.000387, Normalized LogL: -1.963992, Exp of Normalized LogL: 0.140297, Best Rate: 0.3
Fault: [0,1,2,3,4,5], logL: -7.938526, Exp of LogL: 0.000357, Normalized LogL: -1.984631, Exp of Normalized LogL: 0.137431, Best Rate: 0.3
Fault: [0,1,1,3,4,5], logL: -8.008963, Exp of LogL: 0.000332, Normalized LogL: -2.002241, Exp of Normalized LogL: 0.135032, Best Rate: 0.3
Fault: [0,1,3,0,4,5], logL: -8.072687, Exp of LogL: 0.000312, Normalized LogL: -2.018172, Exp of Normalized LogL: 0.132898, Best Rate: 0.3
Fault: [0,1,3,5,4,5], logL: -8.103632, Exp of LogL: 0.000302, Normalized LogL: -2.025908, Exp of Normalized LogL: 0.131874, Best Rate: 0.3
Fault: [0,1,3,4,4,5], logL: -8.103632, Exp of LogL: 0.000302, Normalized LogL: -2.025908, Exp of Normalized LogL: 0.131874, Best Rate: 0.3
Fault: [0,1,3,2,4,5], logL: -8.117537, Exp of LogL: 0.000298, Normalized LogL: -2.029384, Exp of Normalized LogL: 0.131416, Best Rate: 0.3

========= ADAPTIVE MC DEBUG =========
Total calls: 40
Avg tries: 1135.00
Confidence stops: 40
Max stops: 0
Max stop rate: 0.000
Real Fault Rank 2
===== SEED 20 | FR=0.3 | VR=40 =====
executing with fault mode: [0,1,3,3,4,5]

Fault scores (higher is better):
Fault: [0,1,1,3,4,5], logL: -12.101827, Exp of LogL: 0.000006, Normalized LogL: -1.512728, Exp of Normalized LogL: 0.220308, Best Rate: 0.3
Fault: [0,1,0,3,4,5], logL: -12.576732, Exp of LogL: 0.000003, Normalized LogL: -1.572091, Exp of Normalized LogL: 0.207611, Best Rate: 0.3
Fault: [0,1,2,3,4,5], logL: -12.603103, Exp of LogL: 0.000003, Normalized LogL: -1.575388, Exp of Normalized LogL: 0.206927, Best Rate: 0.3
Fault: [0,1,3,2,4,5], logL: -12.826575, Exp of LogL: 0.000003, Normalized LogL: -1.603322, Exp of Normalized LogL: 0.201227, Best Rate: 0.3
Fault: [0,1,3,3,4,5], logL: -12.826575, Exp of LogL: 0.000003, Normalized LogL: -1.603322, Exp of Normalized LogL: 0.201227, Best Rate: 0.3
Fault: [0,1,3,5,4,5], logL: -12.826575, Exp of LogL: 0.000003, Normalized LogL: -1.603322, Exp of Normalized LogL: 0.201227, Best Rate: 0.3
Fault: [0,1,3,0,4,5], logL: -12.826575, Exp of LogL: 0.000003, Normalized LogL: -1.603322, Exp of Normalized LogL: 0.201227, Best Rate: 0.3
Fault: [0,1,3,4,4,5], logL: -12.826575, Exp of LogL: 0.000003, Normalized LogL: -1.603322, Exp of Normalized LogL: 0.201227, Best Rate: 0.3
Fault: [0,1,5,3,4,5], logL: -12.980726, Exp of LogL: 0.000002, Normalized LogL: -1.622591, Exp of Normalized LogL: 0.197387, Best Rate: 0.3
Fault: [0,1,4,3,4,5], logL: -12.980726, Exp of LogL: 0.000002, Normalized LogL: -1.622591, Exp of Normalized LogL: 0.197387, Best Rate: 0.3

========= ADAPTIVE MC DEBUG =========
Total calls: 80
Avg tries: 1455.62
Confidence stops: 80
Max stops: 0
Max stop rate: 0.000
Real Fault Rank 5
===== SEED 20 | FR=0.3 | VR=60 =====
executing with fault mode: [0,1,3,3,4,5]

Fault scores (higher is better):
Fault: [0,1,0,3,4,5], logL: -16.787149, Exp of LogL: 0.000000, Normalized LogL: -1.526104, Exp of Normalized LogL: 0.217381, Best Rate: 0.3
Fault: [0,1,2,3,4,5], logL: -17.194336, Exp of LogL: 0.000000, Normalized LogL: -1.563121, Exp of Normalized LogL: 0.209481, Best Rate: 0.3
Fault: [0,1,3,2,4,5], logL: -17.477772, Exp of LogL: 0.000000, Normalized LogL: -1.588888, Exp of Normalized LogL: 0.204152, Best Rate: 0.3
Fault: [0,1,3,3,4,5], logL: -17.477772, Exp of LogL: 0.000000, Normalized LogL: -1.588888, Exp of Normalized LogL: 0.204152, Best Rate: 0.3
Fault: [0,1,3,5,4,5], logL: -17.477772, Exp of LogL: 0.000000, Normalized LogL: -1.588888, Exp of Normalized LogL: 0.204152, Best Rate: 0.3
Fault: [0,1,3,0,4,5], logL: -17.477772, Exp of LogL: 0.000000, Normalized LogL: -1.588888, Exp of Normalized LogL: 0.204152, Best Rate: 0.3
Fault: [0,1,3,4,4,5], logL: -17.477772, Exp of LogL: 0.000000, Normalized LogL: -1.588888, Exp of Normalized LogL: 0.204152, Best Rate: 0.3
Fault: [0,1,1,3,4,5], logL: -18.772094, Exp of LogL: 0.000000, Normalized LogL: -1.706554, Exp of Normalized LogL: 0.181490, Best Rate: 0.3
Fault: [0,1,5,3,4,5], logL: -18.791159, Exp of LogL: 0.000000, Normalized LogL: -1.708287, Exp of Normalized LogL: 0.181176, Best Rate: 0.3
Fault: [0,1,4,3,4,5], logL: -18.791159, Exp of LogL: 0.000000, Normalized LogL: -1.708287, Exp of Normalized LogL: 0.181176, Best Rate: 0.3

========= ADAPTIVE MC DEBUG =========
Total calls: 110
Avg tries: 1516.36
Confidence stops: 110
Max stops: 0
Max stop rate: 0.000
Real Fault Rank 4
===== SEED 20 | FR=0.3 | VR=80 =====
executing with fault mode: [0,1,3,3,4,5]

Fault scores (higher is better):
Fault: [0,1,3,2,4,5], logL: -17.673774, Exp of LogL: 0.000000, Normalized LogL: -1.178252, Exp of Normalized LogL: 0.307816, Best Rate: 0.3
Fault: [0,1,3,3,4,5], logL: -17.673774, Exp of LogL: 0.000000, Normalized LogL: -1.178252, Exp of Normalized LogL: 0.307816, Best Rate: 0.3
Fault: [0,1,3,5,4,5], logL: -17.673774, Exp of LogL: 0.000000, Normalized LogL: -1.178252, Exp of Normalized LogL: 0.307816, Best Rate: 0.3
Fault: [0,1,3,0,4,5], logL: -17.673774, Exp of LogL: 0.000000, Normalized LogL: -1.178252, Exp of Normalized LogL: 0.307816, Best Rate: 0.3
Fault: [0,1,3,4,4,5], logL: -17.673774, Exp of LogL: 0.000000, Normalized LogL: -1.178252, Exp of Normalized LogL: 0.307816, Best Rate: 0.3
Fault: [0,1,0,3,4,5], logL: -18.047274, Exp of LogL: 0.000000, Normalized LogL: -1.203152, Exp of Normalized LogL: 0.300246, Best Rate: 0.3
Fault: [0,1,1,3,4,5], logL: -19.681317, Exp of LogL: 0.000000, Normalized LogL: -1.312088, Exp of Normalized LogL: 0.269257, Best Rate: 0.3
Fault: [0,1,2,3,4,5], logL: -42.809095, Exp of LogL: 0.000000, Normalized LogL: -2.853940, Exp of Normalized LogL: 0.057617, Best Rate: 0.3
Fault: [0,1,5,3,4,5], logL: -43.934825, Exp of LogL: 0.000000, Normalized LogL: -2.928988, Exp of Normalized LogL: 0.053451, Best Rate: 0.3
Fault: [0,1,4,3,4,5], logL: -43.934825, Exp of LogL: 0.000000, Normalized LogL: -2.928988, Exp of Normalized LogL: 0.053451, Best Rate: 0.3

========= ADAPTIVE MC DEBUG =========
Total calls: 150
Avg tries: 1667.67
Confidence stops: 150
Max stops: 0
Max stop rate: 0.000
Real Fault Rank 2
===== SEED 20 | FR=0.3 | VR=100 =====
executing with fault mode: [0,1,3,3,4,5]

Fault scores (higher is better):
Fault: [0,1,3,2,4,5], logL: -18.800352, Exp of LogL: 0.000000, Normalized LogL: -0.989492, Exp of Normalized LogL: 0.371765, Best Rate: 0.3
Fault: [0,1,3,3,4,5], logL: -18.800352, Exp of LogL: 0.000000, Normalized LogL: -0.989492, Exp of Normalized LogL: 0.371765, Best Rate: 0.3
Fault: [0,1,3,5,4,5], logL: -18.800352, Exp of LogL: 0.000000, Normalized LogL: -0.989492, Exp of Normalized LogL: 0.371765, Best Rate: 0.3
Fault: [0,1,3,0,4,5], logL: -18.800352, Exp of LogL: 0.000000, Normalized LogL: -0.989492, Exp of Normalized LogL: 0.371765, Best Rate: 0.3
Fault: [0,1,3,4,4,5], logL: -18.800352, Exp of LogL: 0.000000, Normalized LogL: -0.989492, Exp of Normalized LogL: 0.371765, Best Rate: 0.3
Fault: [0,1,0,3,4,5], logL: -19.865416, Exp of LogL: 0.000000, Normalized LogL: -1.045548, Exp of Normalized LogL: 0.351499, Best Rate: 0.3
Fault: [0,1,1,3,4,5], logL: -21.085205, Exp of LogL: 0.000000, Normalized LogL: -1.109748, Exp of Normalized LogL: 0.329642, Best Rate: 0.3
Fault: [0,1,5,3,4,5], logL: -45.200268, Exp of LogL: 0.000000, Normalized LogL: -2.378961, Exp of Normalized LogL: 0.092647, Best Rate: 0.3
Fault: [0,1,4,3,4,5], logL: -45.200268, Exp of LogL: 0.000000, Normalized LogL: -2.378961, Exp of Normalized LogL: 0.092647, Best Rate: 0.3
Fault: [0,1,2,3,4,5], logL: -68.946054, Exp of LogL: 0.000000, Normalized LogL: -3.628740, Exp of Normalized LogL: 0.026550, Best Rate: 0.3

========= ADAPTIVE MC DEBUG =========
Total calls: 190
Avg tries: 1674.74
Confidence stops: 190
Max stops: 0
Max stop rate: 0.000
Real Fault Rank 2
================= 22/08/2026 05:40:24: SEED 20 END =================
================= 22/08/2026 05:40:24: SEED 21 (20/100), a*=1 fault=[0,4,2,3,4,5] START =================
===== SEED 21 | FR=0.3 | VR=20 =====
executing with fault mode: [0,4,2,3,4,5]

executing with fault mode: [0,4,2,3,4,5]

Fault scores (higher is better):
Fault: [0,4,2,3,3,5], logL: -4.385500, Exp of LogL: 0.012457, Normalized LogL: -1.461833, Exp of Normalized LogL: 0.231811, Best Rate: 0.3
Fault: [0,4,2,3,1,5], logL: -4.385500, Exp of LogL: 0.012457, Normalized LogL: -1.461833, Exp of Normalized LogL: 0.231811, Best Rate: 0.3
Fault: [0,4,2,3,4,5], logL: -4.446322, Exp of LogL: 0.011722, Normalized LogL: -1.482107, Exp of Normalized LogL: 0.227158, Best Rate: 0.3
Fault: [0,5,2,3,4,5], logL: -4.446322, Exp of LogL: 0.011722, Normalized LogL: -1.482107, Exp of Normalized LogL: 0.227158, Best Rate: 0.3
Fault: [0,2,2,3,4,5], logL: -4.752023, Exp of LogL: 0.008634, Normalized LogL: -1.584008, Exp of Normalized LogL: 0.205151, Best Rate: 0.3
Fault: [0,4,2,3,0,5], logL: -4.753520, Exp of LogL: 0.008621, Normalized LogL: -1.584507, Exp of Normalized LogL: 0.205049, Best Rate: 0.3
Fault: [0,4,2,3,2,5], logL: -4.755331, Exp of LogL: 0.008606, Normalized LogL: -1.585110, Exp of Normalized LogL: 0.204925, Best Rate: 0.3
Fault: [0,1,2,3,4,5], logL: -5.132997, Exp of LogL: 0.005899, Normalized LogL: -1.710999, Exp of Normalized LogL: 0.180685, Best Rate: 0.3
Fault: [0,0,2,3,4,5], logL: -5.717103, Exp of LogL: 0.003289, Normalized LogL: -1.905701, Exp of Normalized LogL: 0.148718, Best Rate: 0.3
Fault: [0,3,2,3,4,5], logL: -5.812414, Exp of LogL: 0.002990, Normalized LogL: -1.937471, Exp of Normalized LogL: 0.144068, Best Rate: 0.3

========= ADAPTIVE MC DEBUG =========
Total calls: 30
Avg tries: 1603.33
Confidence stops: 30
Max stops: 0
Max stop rate: 0.000
Real Fault Rank 3
===== SEED 21 | FR=0.3 | VR=40 =====
executing with fault mode: [0,4,2,3,4,5]

executing with fault mode: [0,4,2,3,4,5]

Fault scores (higher is better):
Fault: [0,4,2,3,4,5], logL: -5.186584, Exp of LogL: 0.005591, Normalized LogL: -1.037317, Exp of Normalized LogL: 0.354404, Best Rate: 0.3
Fault: [0,5,2,3,4,5], logL: -5.186584, Exp of LogL: 0.005591, Normalized LogL: -1.037317, Exp of Normalized LogL: 0.354404, Best Rate: 0.3
Fault: [0,2,2,3,4,5], logL: -5.492284, Exp of LogL: 0.004118, Normalized LogL: -1.098457, Exp of Normalized LogL: 0.333385, Best Rate: 0.3
Fault: [0,4,2,3,2,5], logL: -5.566234, Exp of LogL: 0.003825, Normalized LogL: -1.113247, Exp of Normalized LogL: 0.328491, Best Rate: 0.3
Fault: [0,4,2,3,3,5], logL: -5.566234, Exp of LogL: 0.003825, Normalized LogL: -1.113247, Exp of Normalized LogL: 0.328491, Best Rate: 0.3
Fault: [0,4,2,3,1,5], logL: -5.566234, Exp of LogL: 0.003825, Normalized LogL: -1.113247, Exp of Normalized LogL: 0.328491, Best Rate: 0.3
Fault: [0,4,2,3,0,5], logL: -5.566234, Exp of LogL: 0.003825, Normalized LogL: -1.113247, Exp of Normalized LogL: 0.328491, Best Rate: 0.3
Fault: [0,1,2,3,4,5], logL: -5.873258, Exp of LogL: 0.002814, Normalized LogL: -1.174652, Exp of Normalized LogL: 0.308927, Best Rate: 0.3
Fault: [0,0,2,3,4,5], logL: -6.457365, Exp of LogL: 0.001569, Normalized LogL: -1.291473, Exp of Normalized LogL: 0.274866, Best Rate: 0.3
Fault: [0,3,2,3,4,5], logL: -6.552675, Exp of LogL: 0.001426, Normalized LogL: -1.310535, Exp of Normalized LogL: 0.269676, Best Rate: 0.3

========= ADAPTIVE MC DEBUG =========
Total calls: 50
Avg tries: 1757.00
Confidence stops: 50
Max stops: 0
Max stop rate: 0.000
Real Fault Rank 1
===== SEED 21 | FR=0.3 | VR=60 =====
executing with fault mode: [0,4,2,3,4,5]

executing with fault mode: [0,4,2,3,4,5]

Fault scores (higher is better):
Fault: [0,4,2,3,4,5], logL: -5.428704, Exp of LogL: 0.004389, Normalized LogL: -0.775529, Exp of Normalized LogL: 0.460460, Best Rate: 0.3
Fault: [0,5,2,3,4,5], logL: -5.428704, Exp of LogL: 0.004389, Normalized LogL: -0.775529, Exp of Normalized LogL: 0.460460, Best Rate: 0.3
Fault: [0,4,2,3,2,5], logL: -5.808354, Exp of LogL: 0.003002, Normalized LogL: -0.829765, Exp of Normalized LogL: 0.436152, Best Rate: 0.3
Fault: [0,4,2,3,3,5], logL: -5.808354, Exp of LogL: 0.003002, Normalized LogL: -0.829765, Exp of Normalized LogL: 0.436152, Best Rate: 0.3
Fault: [0,4,2,3,1,5], logL: -5.808354, Exp of LogL: 0.003002, Normalized LogL: -0.829765, Exp of Normalized LogL: 0.436152, Best Rate: 0.3
Fault: [0,4,2,3,0,5], logL: -5.808354, Exp of LogL: 0.003002, Normalized LogL: -0.829765, Exp of Normalized LogL: 0.436152, Best Rate: 0.3
Fault: [0,2,2,3,4,5], logL: -6.045843, Exp of LogL: 0.002368, Normalized LogL: -0.863692, Exp of Normalized LogL: 0.421603, Best Rate: 0.3
Fault: [0,1,2,3,4,5], logL: -6.337355, Exp of LogL: 0.001769, Normalized LogL: -0.905336, Exp of Normalized LogL: 0.404406, Best Rate: 0.3
Fault: [0,3,2,3,4,5], logL: -7.507975, Exp of LogL: 0.000549, Normalized LogL: -1.072568, Exp of Normalized LogL: 0.342129, Best Rate: 0.3
Fault: [0,0,2,3,4,5], logL: -7.577555, Exp of LogL: 0.000512, Normalized LogL: -1.082508, Exp of Normalized LogL: 0.338745, Best Rate: 0.3

========= ADAPTIVE MC DEBUG =========
Total calls: 70
Avg tries: 1967.14
Confidence stops: 70
Max stops: 0
Max stop rate: 0.000
Real Fault Rank 1
===== SEED 21 | FR=0.3 | VR=80 =====
executing with fault mode: [0,4,2,3,4,5]

executing with fault mode: [0,4,2,3,4,5]

Fault scores (higher is better):
Fault: [0,2,2,3,4,5], logL: -6.424157, Exp of LogL: 0.001622, Normalized LogL: -0.713795, Exp of Normalized LogL: 0.489782, Best Rate: 0.3
Fault: [0,4,2,3,4,5], logL: -6.502408, Exp of LogL: 0.001500, Normalized LogL: -0.722490, Exp of Normalized LogL: 0.485542, Best Rate: 0.3
Fault: [0,5,2,3,4,5], logL: -6.502408, Exp of LogL: 0.001500, Normalized LogL: -0.722490, Exp of Normalized LogL: 0.485542, Best Rate: 0.3
Fault: [0,1,2,3,4,5], logL: -6.841783, Exp of LogL: 0.001068, Normalized LogL: -0.760198, Exp of Normalized LogL: 0.467574, Best Rate: 0.3
Fault: [0,4,2,3,2,5], logL: -6.882058, Exp of LogL: 0.001026, Normalized LogL: -0.764673, Exp of Normalized LogL: 0.465486, Best Rate: 0.3
Fault: [0,4,2,3,3,5], logL: -6.882058, Exp of LogL: 0.001026, Normalized LogL: -0.764673, Exp of Normalized LogL: 0.465486, Best Rate: 0.3
Fault: [0,4,2,3,1,5], logL: -6.882058, Exp of LogL: 0.001026, Normalized LogL: -0.764673, Exp of Normalized LogL: 0.465486, Best Rate: 0.3
Fault: [0,4,2,3,0,5], logL: -6.882058, Exp of LogL: 0.001026, Normalized LogL: -0.764673, Exp of Normalized LogL: 0.465486, Best Rate: 0.3
Fault: [0,0,2,3,4,5], logL: -7.567348, Exp of LogL: 0.000517, Normalized LogL: -0.840816, Exp of Normalized LogL: 0.431358, Best Rate: 0.3
Fault: [0,3,2,3,4,5], logL: -7.717654, Exp of LogL: 0.000445, Normalized LogL: -0.857517, Exp of Normalized LogL: 0.424214, Best Rate: 0.3

========= ADAPTIVE MC DEBUG =========
Total calls: 90
Avg tries: 2050.56
Confidence stops: 90
Max stops: 0
Max stop rate: 0.000
Real Fault Rank 2
===== SEED 21 | FR=0.3 | VR=100 =====
executing with fault mode: [0,4,2,3,4,5]

executing with fault mode: [0,4,2,3,4,5]

Fault scores (higher is better):
Fault: [0,2,2,3,4,5], logL: -6.463793, Exp of LogL: 0.001559, Normalized LogL: -0.538649, Exp of Normalized LogL: 0.583536, Best Rate: 0.3
Fault: [0,4,2,3,4,5], logL: -6.541885, Exp of LogL: 0.001442, Normalized LogL: -0.545157, Exp of Normalized LogL: 0.579751, Best Rate: 0.3
Fault: [0,5,2,3,4,5], logL: -6.541885, Exp of LogL: 0.001442, Normalized LogL: -0.545157, Exp of Normalized LogL: 0.579751, Best Rate: 0.3
Fault: [0,1,2,3,4,5], logL: -6.888042, Exp of LogL: 0.001020, Normalized LogL: -0.574003, Exp of Normalized LogL: 0.563266, Best Rate: 0.3
Fault: [0,4,2,3,2,5], logL: -6.897167, Exp of LogL: 0.001011, Normalized LogL: -0.574764, Exp of Normalized LogL: 0.562838, Best Rate: 0.3
Fault: [0,4,2,3,3,5], logL: -6.897167, Exp of LogL: 0.001011, Normalized LogL: -0.574764, Exp of Normalized LogL: 0.562838, Best Rate: 0.3
Fault: [0,4,2,3,1,5], logL: -6.897167, Exp of LogL: 0.001011, Normalized LogL: -0.574764, Exp of Normalized LogL: 0.562838, Best Rate: 0.3
Fault: [0,4,2,3,0,5], logL: -6.897167, Exp of LogL: 0.001011, Normalized LogL: -0.574764, Exp of Normalized LogL: 0.562838, Best Rate: 0.3
Fault: [0,0,2,3,4,5], logL: -7.606826, Exp of LogL: 0.000497, Normalized LogL: -0.633902, Exp of Normalized LogL: 0.530518, Best Rate: 0.3
Fault: [0,3,2,3,4,5], logL: -7.743251, Exp of LogL: 0.000434, Normalized LogL: -0.645271, Exp of Normalized LogL: 0.524520, Best Rate: 0.3

========= ADAPTIVE MC DEBUG =========
Total calls: 120
Avg tries: 1938.33
Confidence stops: 120
Max stops: 0
Max stop rate: 0.000
Real Fault Rank 2
================= 22/08/2026 05:42:22: SEED 21 END =================
================= 22/08/2026 05:42:22: SEED 22 (21/100), a*=1 fault=[0,0,2,3,4,5] START =================
===== SEED 22 | FR=0.3 | VR=20 =====
executing with fault mode: [0,0,2,3,4,5]

Fault scores (higher is better):
Fault: [0,0,2,3,4,5], logL: -13.940929, Exp of LogL: 0.000001, Normalized LogL: -1.742616, Exp of Normalized LogL: 0.175062, Best Rate: 0.3
Fault: [0,0,2,3,0,5], logL: -14.023533, Exp of LogL: 0.000001, Normalized LogL: -1.752942, Exp of Normalized LogL: 0.173264, Best Rate: 0.3
Fault: [0,0,2,3,2,5], logL: -14.068269, Exp of LogL: 0.000001, Normalized LogL: -1.758534, Exp of Normalized LogL: 0.172297, Best Rate: 0.3
Fault: [0,0,2,3,3,5], logL: -14.082255, Exp of LogL: 0.000001, Normalized LogL: -1.760282, Exp of Normalized LogL: 0.171996, Best Rate: 0.3
Fault: [0,0,2,3,5,5], logL: -14.082255, Exp of LogL: 0.000001, Normalized LogL: -1.760282, Exp of Normalized LogL: 0.171996, Best Rate: 0.3
Fault: [0,4,2,3,4,5], logL: -15.273018, Exp of LogL: 0.000000, Normalized LogL: -1.909127, Exp of Normalized LogL: 0.148210, Best Rate: 0.3
Fault: [0,5,2,3,4,5], logL: -15.273018, Exp of LogL: 0.000000, Normalized LogL: -1.909127, Exp of Normalized LogL: 0.148210, Best Rate: 0.3
Fault: [0,2,2,3,4,5], logL: -15.772407, Exp of LogL: 0.000000, Normalized LogL: -1.971551, Exp of Normalized LogL: 0.139241, Best Rate: 0.3
Fault: [0,3,2,3,4,5], logL: -16.097722, Exp of LogL: 0.000000, Normalized LogL: -2.012215, Exp of Normalized LogL: 0.133692, Best Rate: 0.3
Fault: [0,1,2,3,4,5], logL: -18.530410, Exp of LogL: 0.000000, Normalized LogL: -2.316301, Exp of Normalized LogL: 0.098638, Best Rate: 0.3

========= ADAPTIVE MC DEBUG =========
Total calls: 80
Avg tries: 1259.38
Confidence stops: 80
Max stops: 0
Max stop rate: 0.000
Real Fault Rank 1
===== SEED 22 | FR=0.3 | VR=40 =====
executing with fault mode: [0,0,2,3,4,5]

Fault scores (higher is better):
Fault: [0,0,2,3,4,5], logL: -21.872310, Exp of LogL: 0.000000, Normalized LogL: -1.458154, Exp of Normalized LogL: 0.232665, Best Rate: 0.3
Fault: [0,0,2,3,3,5], logL: -22.010956, Exp of LogL: 0.000000, Normalized LogL: -1.467397, Exp of Normalized LogL: 0.230525, Best Rate: 0.3
Fault: [0,0,2,3,5,5], logL: -22.010956, Exp of LogL: 0.000000, Normalized LogL: -1.467397, Exp of Normalized LogL: 0.230525, Best Rate: 0.3
Fault: [0,0,2,3,0,5], logL: -22.144487, Exp of LogL: 0.000000, Normalized LogL: -1.476299, Exp of Normalized LogL: 0.228482, Best Rate: 0.3
Fault: [0,0,2,3,2,5], logL: -22.170463, Exp of LogL: 0.000000, Normalized LogL: -1.478031, Exp of Normalized LogL: 0.228086, Best Rate: 0.3
Fault: [0,2,2,3,4,5], logL: -25.789228, Exp of LogL: 0.000000, Normalized LogL: -1.719282, Exp of Normalized LogL: 0.179195, Best Rate: 0.3
Fault: [0,3,2,3,4,5], logL: -25.866602, Exp of LogL: 0.000000, Normalized LogL: -1.724440, Exp of Normalized LogL: 0.178273, Best Rate: 0.3
Fault: [0,4,2,3,4,5], logL: -74.059442, Exp of LogL: 0.000000, Normalized LogL: -4.937296, Exp of Normalized LogL: 0.007174, Best Rate: 0.3
Fault: [0,5,2,3,4,5], logL: -74.059442, Exp of LogL: 0.000000, Normalized LogL: -4.937296, Exp of Normalized LogL: 0.007174, Best Rate: 0.3
Fault: [0,1,2,3,4,5], logL: -74.829420, Exp of LogL: 0.000000, Normalized LogL: -4.988628, Exp of Normalized LogL: 0.006815, Best Rate: 0.3

========= ADAPTIVE MC DEBUG =========
Total calls: 150
Avg tries: 1508.67
Confidence stops: 150
Max stops: 0
Max stop rate: 0.000
Real Fault Rank 1
===== SEED 22 | FR=0.3 | VR=60 =====
executing with fault mode: [0,0,2,3,4,5]

Fault scores (higher is better):
Fault: [0,0,2,3,4,5], logL: -26.701832, Exp of LogL: 0.000000, Normalized LogL: -1.213720, Exp of Normalized LogL: 0.297090, Best Rate: 0.3
Fault: [0,0,2,3,3,5], logL: -26.831996, Exp of LogL: 0.000000, Normalized LogL: -1.219636, Exp of Normalized LogL: 0.295338, Best Rate: 0.3
Fault: [0,0,2,3,5,5], logL: -26.831996, Exp of LogL: 0.000000, Normalized LogL: -1.219636, Exp of Normalized LogL: 0.295338, Best Rate: 0.3
Fault: [0,0,2,3,2,5], logL: -26.986473, Exp of LogL: 0.000000, Normalized LogL: -1.226658, Exp of Normalized LogL: 0.293271, Best Rate: 0.3
Fault: [0,0,2,3,0,5], logL: -26.995284, Exp of LogL: 0.000000, Normalized LogL: -1.227058, Exp of Normalized LogL: 0.293154, Best Rate: 0.3
Fault: [0,2,2,3,4,5], logL: -30.985399, Exp of LogL: 0.000000, Normalized LogL: -1.408427, Exp of Normalized LogL: 0.244528, Best Rate: 0.3
Fault: [0,3,2,3,4,5], logL: -56.766452, Exp of LogL: 0.000000, Normalized LogL: -2.580293, Exp of Normalized LogL: 0.075752, Best Rate: 0.3
Fault: [0,1,2,3,4,5], logL: -105.712990, Exp of LogL: 0.000000, Normalized LogL: -4.805136, Exp of Normalized LogL: 0.008188, Best Rate: 0.3
Fault: [0,4,2,3,4,5], logL: -107.286736, Exp of LogL: 0.000000, Normalized LogL: -4.876670, Exp of Normalized LogL: 0.007622, Best Rate: 0.3
Fault: [0,5,2,3,4,5], logL: -107.286736, Exp of LogL: 0.000000, Normalized LogL: -4.876670, Exp of Normalized LogL: 0.007622, Best Rate: 0.3

========= ADAPTIVE MC DEBUG =========
Total calls: 220
Avg tries: 1706.82
Confidence stops: 220
Max stops: 0
Max stop rate: 0.000
Real Fault Rank 1
===== SEED 22 | FR=0.3 | VR=80 =====
executing with fault mode: [0,0,2,3,4,5]

Fault scores (higher is better):
Fault: [0,0,2,3,4,5], logL: -29.661923, Exp of LogL: 0.000000, Normalized LogL: -1.022825, Exp of Normalized LogL: 0.359578, Best Rate: 0.3
Fault: [0,0,2,3,2,5], logL: -30.019993, Exp of LogL: 0.000000, Normalized LogL: -1.035172, Exp of Normalized LogL: 0.355165, Best Rate: 0.3
Fault: [0,0,2,3,0,5], logL: -30.019993, Exp of LogL: 0.000000, Normalized LogL: -1.035172, Exp of Normalized LogL: 0.355165, Best Rate: 0.3
Fault: [0,0,2,3,3,5], logL: -30.019993, Exp of LogL: 0.000000, Normalized LogL: -1.035172, Exp of Normalized LogL: 0.355165, Best Rate: 0.3
Fault: [0,0,2,3,5,5], logL: -30.019993, Exp of LogL: 0.000000, Normalized LogL: -1.035172, Exp of Normalized LogL: 0.355165, Best Rate: 0.3
Fault: [0,2,2,3,4,5], logL: -33.888261, Exp of LogL: 0.000000, Normalized LogL: -1.168561, Exp of Normalized LogL: 0.310814, Best Rate: 0.3
Fault: [0,3,2,3,4,5], logL: -59.586578, Exp of LogL: 0.000000, Normalized LogL: -2.054710, Exp of Normalized LogL: 0.128130, Best Rate: 0.3
Fault: [0,1,2,3,4,5], logL: -107.802046, Exp of LogL: 0.000000, Normalized LogL: -3.717312, Exp of Normalized LogL: 0.024299, Best Rate: 0.3
Fault: [0,4,2,3,4,5], logL: -110.066432, Exp of LogL: 0.000000, Normalized LogL: -3.795394, Exp of Normalized LogL: 0.022474, Best Rate: 0.3
Fault: [0,5,2,3,4,5], logL: -110.066432, Exp of LogL: 0.000000, Normalized LogL: -3.795394, Exp of Normalized LogL: 0.022474, Best Rate: 0.3

========= ADAPTIVE MC DEBUG =========
Total calls: 290
Avg tries: 1772.24
Confidence stops: 290
Max stops: 0
Max stop rate: 0.000
Real Fault Rank 1
===== SEED 22 | FR=0.3 | VR=100 =====
executing with fault mode: [0,0,2,3,4,5]

Fault scores (higher is better):
Fault: [0,0,2,3,4,5], logL: -34.060623, Exp of LogL: 0.000000, Normalized LogL: -0.946128, Exp of Normalized LogL: 0.388241, Best Rate: 0.3
Fault: [0,0,2,3,2,5], logL: -34.418692, Exp of LogL: 0.000000, Normalized LogL: -0.956075, Exp of Normalized LogL: 0.384399, Best Rate: 0.3
Fault: [0,0,2,3,0,5], logL: -34.418692, Exp of LogL: 0.000000, Normalized LogL: -0.956075, Exp of Normalized LogL: 0.384399, Best Rate: 0.3
Fault: [0,0,2,3,3,5], logL: -34.418692, Exp of LogL: 0.000000, Normalized LogL: -0.956075, Exp of Normalized LogL: 0.384399, Best Rate: 0.3
Fault: [0,0,2,3,5,5], logL: -34.418692, Exp of LogL: 0.000000, Normalized LogL: -0.956075, Exp of Normalized LogL: 0.384399, Best Rate: 0.3
Fault: [0,2,2,3,4,5], logL: -38.500683, Exp of LogL: 0.000000, Normalized LogL: -1.069463, Exp of Normalized LogL: 0.343193, Best Rate: 0.3
Fault: [0,3,2,3,4,5], logL: -88.241988, Exp of LogL: 0.000000, Normalized LogL: -2.451166, Exp of Normalized LogL: 0.086193, Best Rate: 0.3
Fault: [0,1,2,3,4,5], logL: -135.613788, Exp of LogL: 0.000000, Normalized LogL: -3.767050, Exp of Normalized LogL: 0.023120, Best Rate: 0.3
Fault: [0,4,2,3,4,5], logL: -137.860152, Exp of LogL: 0.000000, Normalized LogL: -3.829449, Exp of Normalized LogL: 0.021722, Best Rate: 0.3
Fault: [0,5,2,3,4,5], logL: -137.860152, Exp of LogL: 0.000000, Normalized LogL: -3.829449, Exp of Normalized LogL: 0.021722, Best Rate: 0.3

========= ADAPTIVE MC DEBUG =========
Total calls: 360
Avg tries: 1807.08
Confidence stops: 360
Max stops: 0
Max stop rate: 0.000
Real Fault Rank 1
================= 22/08/2026 05:47:33: SEED 22 END =================
================= 22/08/2026 05:47:33: SEED 24 (22/100), a*=3 fault=[0,1,2,4,4,5] START =================
===== SEED 24 | FR=0.3 | VR=20 =====
executing with fault mode: [0,1,2,4,4,5]

executing with fault mode: [0,1,2,4,4,5]

Fault scores (higher is better):
Fault: [0,1,2,5,4,5], logL: -11.220620, Exp of LogL: 0.000013, Normalized LogL: -2.244124, Exp of Normalized LogL: 0.106020, Best Rate: 0.3
Fault: [0,1,2,4,4,5], logL: -11.220620, Exp of LogL: 0.000013, Normalized LogL: -2.244124, Exp of Normalized LogL: 0.106020, Best Rate: 0.3
Fault: [0,1,2,3,4,5], logL: -11.318342, Exp of LogL: 0.000012, Normalized LogL: -2.263668, Exp of Normalized LogL: 0.103968, Best Rate: 0.3
Fault: [0,1,2,1,4,5], logL: -11.693036, Exp of LogL: 0.000008, Normalized LogL: -2.338607, Exp of Normalized LogL: 0.096462, Best Rate: 0.3
Fault: [0,1,2,4,0,5], logL: -11.750863, Exp of LogL: 0.000008, Normalized LogL: -2.350173, Exp of Normalized LogL: 0.095353, Best Rate: 0.3
Fault: [0,1,2,4,1,5], logL: -11.750863, Exp of LogL: 0.000008, Normalized LogL: -2.350173, Exp of Normalized LogL: 0.095353, Best Rate: 0.3
Fault: [0,1,2,4,3,5], logL: -11.750863, Exp of LogL: 0.000008, Normalized LogL: -2.350173, Exp of Normalized LogL: 0.095353, Best Rate: 0.3
Fault: [0,1,2,4,2,5], logL: -11.750863, Exp of LogL: 0.000008, Normalized LogL: -2.350173, Exp of Normalized LogL: 0.095353, Best Rate: 0.3
Fault: [0,1,2,2,4,5], logL: -11.869355, Exp of LogL: 0.000007, Normalized LogL: -2.373871, Exp of Normalized LogL: 0.093120, Best Rate: 0.3
Fault: [0,1,2,0,4,5], logL: -11.890861, Exp of LogL: 0.000007, Normalized LogL: -2.378172, Exp of Normalized LogL: 0.092720, Best Rate: 0.3

========= ADAPTIVE MC DEBUG =========
Total calls: 50
Avg tries: 950.00
Confidence stops: 50
Max stops: 0
Max stop rate: 0.000
Real Fault Rank 2
===== SEED 24 | FR=0.3 | VR=40 =====
executing with fault mode: [0,1,2,4,4,5]

executing with fault mode: [0,1,2,4,4,5]

Fault scores (higher is better):
Fault: [0,1,2,5,4,5], logL: -13.787155, Exp of LogL: 0.000001, Normalized LogL: -1.531906, Exp of Normalized LogL: 0.216123, Best Rate: 0.3
Fault: [0,1,2,4,4,5], logL: -13.787155, Exp of LogL: 0.000001, Normalized LogL: -1.531906, Exp of Normalized LogL: 0.216123, Best Rate: 0.3
Fault: [0,1,2,4,0,5], logL: -14.317399, Exp of LogL: 0.000001, Normalized LogL: -1.590822, Exp of Normalized LogL: 0.203758, Best Rate: 0.3
Fault: [0,1,2,4,1,5], logL: -14.317399, Exp of LogL: 0.000001, Normalized LogL: -1.590822, Exp of Normalized LogL: 0.203758, Best Rate: 0.3
Fault: [0,1,2,4,3,5], logL: -14.317399, Exp of LogL: 0.000001, Normalized LogL: -1.590822, Exp of Normalized LogL: 0.203758, Best Rate: 0.3
Fault: [0,1,2,4,2,5], logL: -14.317399, Exp of LogL: 0.000001, Normalized LogL: -1.590822, Exp of Normalized LogL: 0.203758, Best Rate: 0.3
Fault: [0,1,2,3,4,5], logL: -39.812578, Exp of LogL: 0.000000, Normalized LogL: -4.423620, Exp of Normalized LogL: 0.011991, Best Rate: 0.3
Fault: [0,1,2,1,4,5], logL: -39.891597, Exp of LogL: 0.000000, Normalized LogL: -4.432400, Exp of Normalized LogL: 0.011886, Best Rate: 0.3
Fault: [0,1,2,0,4,5], logL: -40.114358, Exp of LogL: 0.000000, Normalized LogL: -4.457151, Exp of Normalized LogL: 0.011595, Best Rate: 0.3
Fault: [0,1,2,2,4,5], logL: -40.145303, Exp of LogL: 0.000000, Normalized LogL: -4.460589, Exp of Normalized LogL: 0.011556, Best Rate: 0.3

========= ADAPTIVE MC DEBUG =========
Total calls: 90
Avg tries: 1381.11
Confidence stops: 90
Max stops: 0
Max stop rate: 0.000
Real Fault Rank 2
===== SEED 24 | FR=0.3 | VR=60 =====
executing with fault mode: [0,1,2,4,4,5]

executing with fault mode: [0,1,2,4,4,5]

Fault scores (higher is better):
Fault: [0,1,2,5,4,5], logL: -14.089011, Exp of LogL: 0.000001, Normalized LogL: -1.083770, Exp of Normalized LogL: 0.338318, Best Rate: 0.3
Fault: [0,1,2,4,4,5], logL: -14.089011, Exp of LogL: 0.000001, Normalized LogL: -1.083770, Exp of Normalized LogL: 0.338318, Best Rate: 0.3
Fault: [0,1,2,4,0,5], logL: -14.619255, Exp of LogL: 0.000000, Normalized LogL: -1.124558, Exp of Normalized LogL: 0.324796, Best Rate: 0.3
Fault: [0,1,2,4,1,5], logL: -14.619255, Exp of LogL: 0.000000, Normalized LogL: -1.124558, Exp of Normalized LogL: 0.324796, Best Rate: 0.3
Fault: [0,1,2,4,3,5], logL: -14.619255, Exp of LogL: 0.000000, Normalized LogL: -1.124558, Exp of Normalized LogL: 0.324796, Best Rate: 0.3
Fault: [0,1,2,4,2,5], logL: -14.619255, Exp of LogL: 0.000000, Normalized LogL: -1.124558, Exp of Normalized LogL: 0.324796, Best Rate: 0.3
Fault: [0,1,2,3,4,5], logL: -40.114434, Exp of LogL: 0.000000, Normalized LogL: -3.085726, Exp of Normalized LogL: 0.045697, Best Rate: 0.3
Fault: [0,1,2,1,4,5], logL: -40.193453, Exp of LogL: 0.000000, Normalized LogL: -3.091804, Exp of Normalized LogL: 0.045420, Best Rate: 0.3
Fault: [0,1,2,0,4,5], logL: -40.416214, Exp of LogL: 0.000000, Normalized LogL: -3.108940, Exp of Normalized LogL: 0.044648, Best Rate: 0.3
Fault: [0,1,2,2,4,5], logL: -40.447158, Exp of LogL: 0.000000, Normalized LogL: -3.111320, Exp of Normalized LogL: 0.044542, Best Rate: 0.3

========= ADAPTIVE MC DEBUG =========
Total calls: 130
Avg tries: 1694.62
Confidence stops: 130
Max stops: 0
Max stop rate: 0.000
Real Fault Rank 2
===== SEED 24 | FR=0.3 | VR=80 =====
executing with fault mode: [0,1,2,4,4,5]

executing with fault mode: [0,1,2,4,4,5]

Fault scores (higher is better):
Fault: [0,1,2,5,4,5], logL: -17.626099, Exp of LogL: 0.000000, Normalized LogL: -1.036829, Exp of Normalized LogL: 0.354577, Best Rate: 0.3
Fault: [0,1,2,4,4,5], logL: -17.626099, Exp of LogL: 0.000000, Normalized LogL: -1.036829, Exp of Normalized LogL: 0.354577, Best Rate: 0.3
Fault: [0,1,2,4,0,5], logL: -17.959428, Exp of LogL: 0.000000, Normalized LogL: -1.056437, Exp of Normalized LogL: 0.347692, Best Rate: 0.3
Fault: [0,1,2,4,1,5], logL: -17.959428, Exp of LogL: 0.000000, Normalized LogL: -1.056437, Exp of Normalized LogL: 0.347692, Best Rate: 0.3
Fault: [0,1,2,4,3,5], logL: -17.959428, Exp of LogL: 0.000000, Normalized LogL: -1.056437, Exp of Normalized LogL: 0.347692, Best Rate: 0.3
Fault: [0,1,2,4,2,5], logL: -17.959428, Exp of LogL: 0.000000, Normalized LogL: -1.056437, Exp of Normalized LogL: 0.347692, Best Rate: 0.3
Fault: [0,1,2,3,4,5], logL: -43.328212, Exp of LogL: 0.000000, Normalized LogL: -2.548718, Exp of Normalized LogL: 0.078182, Best Rate: 0.3
Fault: [0,1,2,1,4,5], logL: -43.851708, Exp of LogL: 0.000000, Normalized LogL: -2.579512, Exp of Normalized LogL: 0.075811, Best Rate: 0.3
Fault: [0,1,2,0,4,5], logL: -43.869862, Exp of LogL: 0.000000, Normalized LogL: -2.580580, Exp of Normalized LogL: 0.075730, Best Rate: 0.3
Fault: [0,1,2,2,4,5], logL: -44.036753, Exp of LogL: 0.000000, Normalized LogL: -2.590397, Exp of Normalized LogL: 0.074990, Best Rate: 0.3

========= ADAPTIVE MC DEBUG =========
Total calls: 170
Avg tries: 1812.65
Confidence stops: 170
Max stops: 0
Max stop rate: 0.000
Real Fault Rank 2
===== SEED 24 | FR=0.3 | VR=100 =====
executing with fault mode: [0,1,2,4,4,5]

executing with fault mode: [0,1,2,4,4,5]

Fault scores (higher is better):
Fault: [0,1,2,5,4,5], logL: -18.134166, Exp of LogL: 0.000000, Normalized LogL: -0.863532, Exp of Normalized LogL: 0.421670, Best Rate: 0.3
Fault: [0,1,2,4,4,5], logL: -18.134166, Exp of LogL: 0.000000, Normalized LogL: -0.863532, Exp of Normalized LogL: 0.421670, Best Rate: 0.3
Fault: [0,1,2,4,0,5], logL: -18.483723, Exp of LogL: 0.000000, Normalized LogL: -0.880177, Exp of Normalized LogL: 0.414709, Best Rate: 0.3
Fault: [0,1,2,4,1,5], logL: -18.483723, Exp of LogL: 0.000000, Normalized LogL: -0.880177, Exp of Normalized LogL: 0.414709, Best Rate: 0.3
Fault: [0,1,2,4,3,5], logL: -18.483723, Exp of LogL: 0.000000, Normalized LogL: -0.880177, Exp of Normalized LogL: 0.414709, Best Rate: 0.3
Fault: [0,1,2,4,2,5], logL: -18.483723, Exp of LogL: 0.000000, Normalized LogL: -0.880177, Exp of Normalized LogL: 0.414709, Best Rate: 0.3
Fault: [0,1,2,3,4,5], logL: -43.836279, Exp of LogL: 0.000000, Normalized LogL: -2.087442, Exp of Normalized LogL: 0.124004, Best Rate: 0.3
Fault: [0,1,2,1,4,5], logL: -44.359775, Exp of LogL: 0.000000, Normalized LogL: -2.112370, Exp of Normalized LogL: 0.120951, Best Rate: 0.3
Fault: [0,1,2,0,4,5], logL: -44.377929, Exp of LogL: 0.000000, Normalized LogL: -2.113235, Exp of Normalized LogL: 0.120846, Best Rate: 0.3
Fault: [0,1,2,2,4,5], logL: -44.544820, Exp of LogL: 0.000000, Normalized LogL: -2.121182, Exp of Normalized LogL: 0.119890, Best Rate: 0.3

========= ADAPTIVE MC DEBUG =========
Total calls: 210
Avg tries: 1787.86
Confidence stops: 210
Max stops: 0
Max stop rate: 0.000
Real Fault Rank 2
================= 22/08/2026 05:50:29: SEED 24 END =================
================= 22/08/2026 05:50:29: SEED 25 (23/100), a*=2 fault=[0,1,1,3,4,5] START =================
===== SEED 25 | FR=0.3 | VR=20 =====
executing with fault mode: [0,1,1,3,4,5]

Fault scores (higher is better):
Fault: [0,1,1,3,4,5], logL: -8.619013, Exp of LogL: 0.000181, Normalized LogL: -1.723803, Exp of Normalized LogL: 0.178387, Best Rate: 0.3
Fault: [0,1,1,3,2,5], logL: -9.047703, Exp of LogL: 0.000118, Normalized LogL: -1.809541, Exp of Normalized LogL: 0.163729, Best Rate: 0.3
Fault: [0,1,1,3,0,5], logL: -9.047703, Exp of LogL: 0.000118, Normalized LogL: -1.809541, Exp of Normalized LogL: 0.163729, Best Rate: 0.3
Fault: [0,1,1,3,5,5], logL: -9.047703, Exp of LogL: 0.000118, Normalized LogL: -1.809541, Exp of Normalized LogL: 0.163729, Best Rate: 0.3
Fault: [0,1,1,3,1,5], logL: -9.047703, Exp of LogL: 0.000118, Normalized LogL: -1.809541, Exp of Normalized LogL: 0.163729, Best Rate: 0.3
Fault: [0,1,0,3,4,5], logL: -10.206355, Exp of LogL: 0.000037, Normalized LogL: -2.041271, Exp of Normalized LogL: 0.129864, Best Rate: 0.3
Fault: [0,1,2,3,4,5], logL: -31.552942, Exp of LogL: 0.000000, Normalized LogL: -6.310588, Exp of Normalized LogL: 0.001817, Best Rate: 0.3
Fault: [0,1,3,3,4,5], logL: -32.346860, Exp of LogL: 0.000000, Normalized LogL: -6.469372, Exp of Normalized LogL: 0.001550, Best Rate: 0.3
Fault: [0,1,4,3,4,5], logL: -32.418688, Exp of LogL: 0.000000, Normalized LogL: -6.483738, Exp of Normalized LogL: 0.001528, Best Rate: 0.3
Fault: [0,1,5,3,4,5], logL: -32.418688, Exp of LogL: 0.000000, Normalized LogL: -6.483738, Exp of Normalized LogL: 0.001528, Best Rate: 0.3

========= ADAPTIVE MC DEBUG =========
Total calls: 50
Avg tries: 1482.00
Confidence stops: 50
Max stops: 0
Max stop rate: 0.000
Real Fault Rank 1
===== SEED 25 | FR=0.3 | VR=40 =====
executing with fault mode: [0,1,1,3,4,5]

Fault scores (higher is better):
Fault: [0,1,1,3,4,5], logL: -13.314382, Exp of LogL: 0.000002, Normalized LogL: -1.479376, Exp of Normalized LogL: 0.227780, Best Rate: 0.3
Fault: [0,1,1,3,2,5], logL: -13.743071, Exp of LogL: 0.000001, Normalized LogL: -1.527008, Exp of Normalized LogL: 0.217185, Best Rate: 0.3
Fault: [0,1,1,3,0,5], logL: -13.743071, Exp of LogL: 0.000001, Normalized LogL: -1.527008, Exp of Normalized LogL: 0.217185, Best Rate: 0.3
Fault: [0,1,1,3,5,5], logL: -13.743071, Exp of LogL: 0.000001, Normalized LogL: -1.527008, Exp of Normalized LogL: 0.217185, Best Rate: 0.3
Fault: [0,1,1,3,1,5], logL: -13.743071, Exp of LogL: 0.000001, Normalized LogL: -1.527008, Exp of Normalized LogL: 0.217185, Best Rate: 0.3
Fault: [0,1,2,3,4,5], logL: -14.095398, Exp of LogL: 0.000001, Normalized LogL: -1.566155, Exp of Normalized LogL: 0.208847, Best Rate: 0.3
Fault: [0,1,0,3,4,5], logL: -15.158103, Exp of LogL: 0.000000, Normalized LogL: -1.684234, Exp of Normalized LogL: 0.185587, Best Rate: 0.3
Fault: [0,1,3,3,4,5], logL: -15.269866, Exp of LogL: 0.000000, Normalized LogL: -1.696652, Exp of Normalized LogL: 0.183296, Best Rate: 0.3
Fault: [0,1,4,3,4,5], logL: -15.348973, Exp of LogL: 0.000000, Normalized LogL: -1.705441, Exp of Normalized LogL: 0.181692, Best Rate: 0.3
Fault: [0,1,5,3,4,5], logL: -15.348973, Exp of LogL: 0.000000, Normalized LogL: -1.705441, Exp of Normalized LogL: 0.181692, Best Rate: 0.3

========= ADAPTIVE MC DEBUG =========
Total calls: 90
Avg tries: 1541.67
Confidence stops: 90
Max stops: 0
Max stop rate: 0.000
Real Fault Rank 1
===== SEED 25 | FR=0.3 | VR=60 =====
executing with fault mode: [0,1,1,3,4,5]

Fault scores (higher is better):
Fault: [0,1,1,3,4,5], logL: -15.299645, Exp of LogL: 0.000000, Normalized LogL: -1.092832, Exp of Normalized LogL: 0.335266, Best Rate: 0.3
Fault: [0,1,1,3,2,5], logL: -15.658413, Exp of LogL: 0.000000, Normalized LogL: -1.118458, Exp of Normalized LogL: 0.326783, Best Rate: 0.3
Fault: [0,1,1,3,0,5], logL: -15.658413, Exp of LogL: 0.000000, Normalized LogL: -1.118458, Exp of Normalized LogL: 0.326783, Best Rate: 0.3
Fault: [0,1,1,3,5,5], logL: -15.658413, Exp of LogL: 0.000000, Normalized LogL: -1.118458, Exp of Normalized LogL: 0.326783, Best Rate: 0.3
Fault: [0,1,1,3,1,5], logL: -15.658413, Exp of LogL: 0.000000, Normalized LogL: -1.118458, Exp of Normalized LogL: 0.326783, Best Rate: 0.3
Fault: [0,1,2,3,4,5], logL: -15.701461, Exp of LogL: 0.000000, Normalized LogL: -1.121533, Exp of Normalized LogL: 0.325780, Best Rate: 0.3
Fault: [0,1,0,3,4,5], logL: -16.968185, Exp of LogL: 0.000000, Normalized LogL: -1.212013, Exp of Normalized LogL: 0.297598, Best Rate: 0.3
Fault: [0,1,3,3,4,5], logL: -17.213334, Exp of LogL: 0.000000, Normalized LogL: -1.229524, Exp of Normalized LogL: 0.292432, Best Rate: 0.3
Fault: [0,1,4,3,4,5], logL: -17.451013, Exp of LogL: 0.000000, Normalized LogL: -1.246501, Exp of Normalized LogL: 0.287509, Best Rate: 0.3
Fault: [0,1,5,3,4,5], logL: -17.451013, Exp of LogL: 0.000000, Normalized LogL: -1.246501, Exp of Normalized LogL: 0.287509, Best Rate: 0.3

========= ADAPTIVE MC DEBUG =========
Total calls: 140
Avg tries: 1666.07
Confidence stops: 140
Max stops: 0
Max stop rate: 0.000
Real Fault Rank 1
===== SEED 25 | FR=0.3 | VR=80 =====
executing with fault mode: [0,1,1,3,4,5]

Fault scores (higher is better):
Fault: [0,1,1,3,4,5], logL: -18.016558, Exp of LogL: 0.000000, Normalized LogL: -1.000920, Exp of Normalized LogL: 0.367541, Best Rate: 0.3
Fault: [0,1,2,3,4,5], logL: -18.042351, Exp of LogL: 0.000000, Normalized LogL: -1.002353, Exp of Normalized LogL: 0.367015, Best Rate: 0.3
Fault: [0,1,0,3,4,5], logL: -18.264653, Exp of LogL: 0.000000, Normalized LogL: -1.014703, Exp of Normalized LogL: 0.362510, Best Rate: 0.3
Fault: [0,1,1,3,2,5], logL: -18.375326, Exp of LogL: 0.000000, Normalized LogL: -1.020851, Exp of Normalized LogL: 0.360288, Best Rate: 0.3
Fault: [0,1,1,3,0,5], logL: -18.375326, Exp of LogL: 0.000000, Normalized LogL: -1.020851, Exp of Normalized LogL: 0.360288, Best Rate: 0.3
Fault: [0,1,1,3,5,5], logL: -18.375326, Exp of LogL: 0.000000, Normalized LogL: -1.020851, Exp of Normalized LogL: 0.360288, Best Rate: 0.3
Fault: [0,1,1,3,1,5], logL: -18.375326, Exp of LogL: 0.000000, Normalized LogL: -1.020851, Exp of Normalized LogL: 0.360288, Best Rate: 0.3
Fault: [0,1,3,3,4,5], logL: -19.448947, Exp of LogL: 0.000000, Normalized LogL: -1.080497, Exp of Normalized LogL: 0.339427, Best Rate: 0.3
Fault: [0,1,4,3,4,5], logL: -20.508921, Exp of LogL: 0.000000, Normalized LogL: -1.139385, Exp of Normalized LogL: 0.320016, Best Rate: 0.3
Fault: [0,1,5,3,4,5], logL: -20.508921, Exp of LogL: 0.000000, Normalized LogL: -1.139385, Exp of Normalized LogL: 0.320016, Best Rate: 0.3

========= ADAPTIVE MC DEBUG =========
Total calls: 180
Avg tries: 1793.61
Confidence stops: 180
Max stops: 0
Max stop rate: 0.000
Real Fault Rank 1
===== SEED 25 | FR=0.3 | VR=100 =====
executing with fault mode: [0,1,1,3,4,5]

Fault scores (higher is better):
Fault: [0,1,3,3,4,5], logL: -22.076602, Exp of LogL: 0.000000, Normalized LogL: -0.959852, Exp of Normalized LogL: 0.382949, Best Rate: 0.3
Fault: [0,1,1,3,4,5], logL: -22.761923, Exp of LogL: 0.000000, Normalized LogL: -0.989649, Exp of Normalized LogL: 0.371707, Best Rate: 0.3
Fault: [0,1,0,3,4,5], logL: -22.768268, Exp of LogL: 0.000000, Normalized LogL: -0.989925, Exp of Normalized LogL: 0.371605, Best Rate: 0.3
Fault: [0,1,1,3,2,5], logL: -23.120691, Exp of LogL: 0.000000, Normalized LogL: -1.005247, Exp of Normalized LogL: 0.365954, Best Rate: 0.3
Fault: [0,1,1,3,0,5], logL: -23.120691, Exp of LogL: 0.000000, Normalized LogL: -1.005247, Exp of Normalized LogL: 0.365954, Best Rate: 0.3
Fault: [0,1,1,3,5,5], logL: -23.120691, Exp of LogL: 0.000000, Normalized LogL: -1.005247, Exp of Normalized LogL: 0.365954, Best Rate: 0.3
Fault: [0,1,1,3,1,5], logL: -23.120691, Exp of LogL: 0.000000, Normalized LogL: -1.005247, Exp of Normalized LogL: 0.365954, Best Rate: 0.3
Fault: [0,1,2,3,4,5], logL: -46.097014, Exp of LogL: 0.000000, Normalized LogL: -2.004218, Exp of Normalized LogL: 0.134766, Best Rate: 0.3
Fault: [0,1,4,3,4,5], logL: -49.013651, Exp of LogL: 0.000000, Normalized LogL: -2.131028, Exp of Normalized LogL: 0.118715, Best Rate: 0.3
Fault: [0,1,5,3,4,5], logL: -49.013651, Exp of LogL: 0.000000, Normalized LogL: -2.131028, Exp of Normalized LogL: 0.118715, Best Rate: 0.3

========= ADAPTIVE MC DEBUG =========
Total calls: 230
Avg tries: 1769.57
Confidence stops: 230
Max stops: 0
Max stop rate: 0.000
Real Fault Rank 2
================= 22/08/2026 05:53:41: SEED 25 END =================
================= 22/08/2026 05:53:41: SEED 26 (24/100), a*=1 fault=[0,2,2,3,4,5] START =================
===== SEED 26 | FR=0.3 | VR=20 =====
executing with fault mode: [0,2,2,3,4,5]

Fault scores (higher is better):
Fault: [0,1,2,3,4,5], logL: -9.868069, Exp of LogL: 0.000052, Normalized LogL: -1.644678, Exp of Normalized LogL: 0.193075, Best Rate: 0.3
Fault: [0,2,2,3,0,5], logL: -10.290975, Exp of LogL: 0.000034, Normalized LogL: -1.715163, Exp of Normalized LogL: 0.179934, Best Rate: 0.3
Fault: [0,2,2,3,2,5], logL: -10.290975, Exp of LogL: 0.000034, Normalized LogL: -1.715163, Exp of Normalized LogL: 0.179934, Best Rate: 0.3
Fault: [0,2,2,3,3,5], logL: -10.290975, Exp of LogL: 0.000034, Normalized LogL: -1.715163, Exp of Normalized LogL: 0.179934, Best Rate: 0.3
Fault: [0,2,2,3,4,5], logL: -10.328342, Exp of LogL: 0.000033, Normalized LogL: -1.721390, Exp of Normalized LogL: 0.178817, Best Rate: 0.3
Fault: [0,2,2,3,1,5], logL: -10.339037, Exp of LogL: 0.000032, Normalized LogL: -1.723173, Exp of Normalized LogL: 0.178499, Best Rate: 0.3
Fault: [0,3,2,3,4,5], logL: -10.394652, Exp of LogL: 0.000031, Normalized LogL: -1.732442, Exp of Normalized LogL: 0.176852, Best Rate: 0.3
Fault: [0,4,2,3,4,5], logL: -10.431161, Exp of LogL: 0.000029, Normalized LogL: -1.738527, Exp of Normalized LogL: 0.175779, Best Rate: 0.3
Fault: [0,0,2,3,4,5], logL: -10.534264, Exp of LogL: 0.000027, Normalized LogL: -1.755711, Exp of Normalized LogL: 0.172784, Best Rate: 0.3
Fault: [0,5,2,3,4,5], logL: -10.550754, Exp of LogL: 0.000026, Normalized LogL: -1.758459, Exp of Normalized LogL: 0.172310, Best Rate: 0.3

========= ADAPTIVE MC DEBUG =========
Total calls: 60
Avg tries: 1486.67
Confidence stops: 60
Max stops: 0
Max stop rate: 0.000
Real Fault Rank 5
===== SEED 26 | FR=0.3 | VR=40 =====
executing with fault mode: [0,2,2,3,4,5]

Fault scores (higher is better):
Fault: [0,1,2,3,4,5], logL: -15.316952, Exp of LogL: 0.000000, Normalized LogL: -1.392450, Exp of Normalized LogL: 0.248466, Best Rate: 0.3
Fault: [0,4,2,3,4,5], logL: -16.035553, Exp of LogL: 0.000000, Normalized LogL: -1.457778, Exp of Normalized LogL: 0.232753, Best Rate: 0.3
Fault: [0,3,2,3,4,5], logL: -16.035553, Exp of LogL: 0.000000, Normalized LogL: -1.457778, Exp of Normalized LogL: 0.232753, Best Rate: 0.3
Fault: [0,2,2,3,4,5], logL: -16.157500, Exp of LogL: 0.000000, Normalized LogL: -1.468864, Exp of Normalized LogL: 0.230187, Best Rate: 0.3
Fault: [0,5,2,3,4,5], logL: -16.261888, Exp of LogL: 0.000000, Normalized LogL: -1.478353, Exp of Normalized LogL: 0.228013, Best Rate: 0.3
Fault: [0,2,2,3,0,5], logL: -16.294650, Exp of LogL: 0.000000, Normalized LogL: -1.481332, Exp of Normalized LogL: 0.227335, Best Rate: 0.3
Fault: [0,2,2,3,2,5], logL: -16.294650, Exp of LogL: 0.000000, Normalized LogL: -1.481332, Exp of Normalized LogL: 0.227335, Best Rate: 0.3
Fault: [0,2,2,3,3,5], logL: -16.294650, Exp of LogL: 0.000000, Normalized LogL: -1.481332, Exp of Normalized LogL: 0.227335, Best Rate: 0.3
Fault: [0,2,2,3,1,5], logL: -16.403458, Exp of LogL: 0.000000, Normalized LogL: -1.491223, Exp of Normalized LogL: 0.225097, Best Rate: 0.3
Fault: [0,0,2,3,4,5], logL: -16.678788, Exp of LogL: 0.000000, Normalized LogL: -1.516253, Exp of Normalized LogL: 0.219533, Best Rate: 0.3

========= ADAPTIVE MC DEBUG =========
Total calls: 110
Avg tries: 1640.45
Confidence stops: 110
Max stops: 0
Max stop rate: 0.000
Real Fault Rank 4
===== SEED 26 | FR=0.3 | VR=60 =====
executing with fault mode: [0,2,2,3,4,5]

Fault scores (higher is better):
Fault: [0,1,2,3,4,5], logL: -18.115237, Exp of LogL: 0.000000, Normalized LogL: -1.132202, Exp of Normalized LogL: 0.322323, Best Rate: 0.3
Fault: [0,5,2,3,4,5], logL: -18.770555, Exp of LogL: 0.000000, Normalized LogL: -1.173160, Exp of Normalized LogL: 0.309388, Best Rate: 0.3
Fault: [0,4,2,3,4,5], logL: -18.770555, Exp of LogL: 0.000000, Normalized LogL: -1.173160, Exp of Normalized LogL: 0.309388, Best Rate: 0.3
Fault: [0,3,2,3,4,5], logL: -18.770555, Exp of LogL: 0.000000, Normalized LogL: -1.173160, Exp of Normalized LogL: 0.309388, Best Rate: 0.3
Fault: [0,2,2,3,4,5], logL: -19.696299, Exp of LogL: 0.000000, Normalized LogL: -1.231019, Exp of Normalized LogL: 0.291995, Best Rate: 0.3
Fault: [0,0,2,3,4,5], logL: -19.757397, Exp of LogL: 0.000000, Normalized LogL: -1.234837, Exp of Normalized LogL: 0.290882, Best Rate: 0.3
Fault: [0,2,2,3,0,5], logL: -20.048802, Exp of LogL: 0.000000, Normalized LogL: -1.253050, Exp of Normalized LogL: 0.285632, Best Rate: 0.3
Fault: [0,2,2,3,1,5], logL: -20.048802, Exp of LogL: 0.000000, Normalized LogL: -1.253050, Exp of Normalized LogL: 0.285632, Best Rate: 0.3
Fault: [0,2,2,3,2,5], logL: -20.048802, Exp of LogL: 0.000000, Normalized LogL: -1.253050, Exp of Normalized LogL: 0.285632, Best Rate: 0.3
Fault: [0,2,2,3,3,5], logL: -20.048802, Exp of LogL: 0.000000, Normalized LogL: -1.253050, Exp of Normalized LogL: 0.285632, Best Rate: 0.3

========= ADAPTIVE MC DEBUG =========
Total calls: 160
Avg tries: 1712.50
Confidence stops: 160
Max stops: 0
Max stop rate: 0.000
Real Fault Rank 5
===== SEED 26 | FR=0.3 | VR=80 =====
executing with fault mode: [0,2,2,3,4,5]

Fault scores (higher is better):
Fault: [0,1,2,3,4,5], logL: -22.813942, Exp of LogL: 0.000000, Normalized LogL: -1.086378, Exp of Normalized LogL: 0.337436, Best Rate: 0.3
Fault: [0,5,2,3,4,5], logL: -23.986003, Exp of LogL: 0.000000, Normalized LogL: -1.142191, Exp of Normalized LogL: 0.319119, Best Rate: 0.3
Fault: [0,4,2,3,4,5], logL: -23.986003, Exp of LogL: 0.000000, Normalized LogL: -1.142191, Exp of Normalized LogL: 0.319119, Best Rate: 0.3
Fault: [0,3,2,3,4,5], logL: -23.986003, Exp of LogL: 0.000000, Normalized LogL: -1.142191, Exp of Normalized LogL: 0.319119, Best Rate: 0.3
Fault: [0,2,2,3,4,5], logL: -24.044347, Exp of LogL: 0.000000, Normalized LogL: -1.144969, Exp of Normalized LogL: 0.318234, Best Rate: 0.3
Fault: [0,2,2,3,0,5], logL: -24.396849, Exp of LogL: 0.000000, Normalized LogL: -1.161755, Exp of Normalized LogL: 0.312937, Best Rate: 0.3
Fault: [0,2,2,3,1,5], logL: -24.396849, Exp of LogL: 0.000000, Normalized LogL: -1.161755, Exp of Normalized LogL: 0.312937, Best Rate: 0.3
Fault: [0,2,2,3,2,5], logL: -24.396849, Exp of LogL: 0.000000, Normalized LogL: -1.161755, Exp of Normalized LogL: 0.312937, Best Rate: 0.3
Fault: [0,2,2,3,3,5], logL: -24.396849, Exp of LogL: 0.000000, Normalized LogL: -1.161755, Exp of Normalized LogL: 0.312937, Best Rate: 0.3
Fault: [0,0,2,3,4,5], logL: -24.700747, Exp of LogL: 0.000000, Normalized LogL: -1.176226, Exp of Normalized LogL: 0.308441, Best Rate: 0.3

========= ADAPTIVE MC DEBUG =========
Total calls: 210
Avg tries: 1738.57
Confidence stops: 210
Max stops: 0
Max stop rate: 0.000
Real Fault Rank 5
===== SEED 26 | FR=0.3 | VR=100 =====
executing with fault mode: [0,2,2,3,4,5]

Fault scores (higher is better):
Fault: [0,1,2,3,4,5], logL: -24.198868, Exp of LogL: 0.000000, Normalized LogL: -0.896254, Exp of Normalized LogL: 0.408095, Best Rate: 0.3
Fault: [0,5,2,3,4,5], logL: -25.370929, Exp of LogL: 0.000000, Normalized LogL: -0.939664, Exp of Normalized LogL: 0.390759, Best Rate: 0.3
Fault: [0,4,2,3,4,5], logL: -25.370929, Exp of LogL: 0.000000, Normalized LogL: -0.939664, Exp of Normalized LogL: 0.390759, Best Rate: 0.3
Fault: [0,3,2,3,4,5], logL: -25.370929, Exp of LogL: 0.000000, Normalized LogL: -0.939664, Exp of Normalized LogL: 0.390759, Best Rate: 0.3
Fault: [0,2,2,3,4,5], logL: -25.429273, Exp of LogL: 0.000000, Normalized LogL: -0.941825, Exp of Normalized LogL: 0.389916, Best Rate: 0.3
Fault: [0,2,2,3,0,5], logL: -25.781776, Exp of LogL: 0.000000, Normalized LogL: -0.954881, Exp of Normalized LogL: 0.384858, Best Rate: 0.3
Fault: [0,2,2,3,1,5], logL: -25.781776, Exp of LogL: 0.000000, Normalized LogL: -0.954881, Exp of Normalized LogL: 0.384858, Best Rate: 0.3
Fault: [0,2,2,3,2,5], logL: -25.781776, Exp of LogL: 0.000000, Normalized LogL: -0.954881, Exp of Normalized LogL: 0.384858, Best Rate: 0.3
Fault: [0,2,2,3,3,5], logL: -25.781776, Exp of LogL: 0.000000, Normalized LogL: -0.954881, Exp of Normalized LogL: 0.384858, Best Rate: 0.3
Fault: [0,0,2,3,4,5], logL: -26.085673, Exp of LogL: 0.000000, Normalized LogL: -0.966136, Exp of Normalized LogL: 0.380551, Best Rate: 0.3

========= ADAPTIVE MC DEBUG =========
Total calls: 270
Avg tries: 1811.48
Confidence stops: 270
Max stops: 0
Max stop rate: 0.000
Real Fault Rank 5
================= 22/08/2026 05:57:41: SEED 26 END =================
================= 22/08/2026 05:57:41: SEED 27 (25/100), a*=1 fault=[0,0,2,3,4,5] START =================
===== SEED 27 | FR=0.3 | VR=20 =====
executing with fault mode: [0,0,2,3,4,5]

executing with fault mode: [0,0,2,3,4,5]

Fault scores (higher is better):
Fault: [0,0,2,3,4,5], logL: -7.946101, Exp of LogL: 0.000354, Normalized LogL: -1.589220, Exp of Normalized LogL: 0.204085, Best Rate: 0.3
Fault: [0,0,2,3,1,5], logL: -8.006725, Exp of LogL: 0.000333, Normalized LogL: -1.601345, Exp of Normalized LogL: 0.201625, Best Rate: 0.3
Fault: [0,0,2,3,5,5], logL: -8.006725, Exp of LogL: 0.000333, Normalized LogL: -1.601345, Exp of Normalized LogL: 0.201625, Best Rate: 0.3
Fault: [0,0,2,3,2,5], logL: -8.006725, Exp of LogL: 0.000333, Normalized LogL: -1.601345, Exp of Normalized LogL: 0.201625, Best Rate: 0.3
Fault: [0,0,2,3,3,5], logL: -8.160876, Exp of LogL: 0.000286, Normalized LogL: -1.632175, Exp of Normalized LogL: 0.195504, Best Rate: 0.3
Fault: [0,3,2,3,4,5], logL: -8.567065, Exp of LogL: 0.000190, Normalized LogL: -1.713413, Exp of Normalized LogL: 0.180250, Best Rate: 0.3
Fault: [0,2,2,3,4,5], logL: -9.033253, Exp of LogL: 0.000119, Normalized LogL: -1.806651, Exp of Normalized LogL: 0.164203, Best Rate: 0.3
Fault: [0,1,2,3,4,5], logL: -9.202863, Exp of LogL: 0.000101, Normalized LogL: -1.840573, Exp of Normalized LogL: 0.158727, Best Rate: 0.3
Fault: [0,4,2,3,4,5], logL: -10.342937, Exp of LogL: 0.000032, Normalized LogL: -2.068587, Exp of Normalized LogL: 0.126364, Best Rate: 0.3
Fault: [0,5,2,3,4,5], logL: -10.342937, Exp of LogL: 0.000032, Normalized LogL: -2.068587, Exp of Normalized LogL: 0.126364, Best Rate: 0.3

========= ADAPTIVE MC DEBUG =========
Total calls: 50
Avg tries: 1443.00
Confidence stops: 50
Max stops: 0
Max stop rate: 0.000
Real Fault Rank 1
===== SEED 27 | FR=0.3 | VR=40 =====
executing with fault mode: [0,0,2,3,4,5]

executing with fault mode: [0,0,2,3,4,5]

Fault scores (higher is better):
Fault: [0,0,2,3,4,5], logL: -10.563254, Exp of LogL: 0.000026, Normalized LogL: -1.173695, Exp of Normalized LogL: 0.309222, Best Rate: 0.3
Fault: [0,3,2,3,4,5], logL: -10.932891, Exp of LogL: 0.000018, Normalized LogL: -1.214766, Exp of Normalized LogL: 0.296780, Best Rate: 0.3
Fault: [0,0,2,3,3,5], logL: -10.966476, Exp of LogL: 0.000017, Normalized LogL: -1.218497, Exp of Normalized LogL: 0.295674, Best Rate: 0.3
Fault: [0,0,2,3,1,5], logL: -10.988137, Exp of LogL: 0.000017, Normalized LogL: -1.220904, Exp of Normalized LogL: 0.294963, Best Rate: 0.3
Fault: [0,0,2,3,5,5], logL: -10.988137, Exp of LogL: 0.000017, Normalized LogL: -1.220904, Exp of Normalized LogL: 0.294963, Best Rate: 0.3
Fault: [0,0,2,3,2,5], logL: -10.988137, Exp of LogL: 0.000017, Normalized LogL: -1.220904, Exp of Normalized LogL: 0.294963, Best Rate: 0.3
Fault: [0,1,2,3,4,5], logL: -36.140707, Exp of LogL: 0.000000, Normalized LogL: -4.015634, Exp of Normalized LogL: 0.018032, Best Rate: 0.3
Fault: [0,2,2,3,4,5], logL: -36.172008, Exp of LogL: 0.000000, Normalized LogL: -4.019112, Exp of Normalized LogL: 0.017969, Best Rate: 0.3
Fault: [0,4,2,3,4,5], logL: -36.194031, Exp of LogL: 0.000000, Normalized LogL: -4.021559, Exp of Normalized LogL: 0.017925, Best Rate: 0.3
Fault: [0,5,2,3,4,5], logL: -36.194031, Exp of LogL: 0.000000, Normalized LogL: -4.021559, Exp of Normalized LogL: 0.017925, Best Rate: 0.3

========= ADAPTIVE MC DEBUG =========
Total calls: 90
Avg tries: 1631.67
Confidence stops: 90
Max stops: 0
Max stop rate: 0.000
Real Fault Rank 1
===== SEED 27 | FR=0.3 | VR=60 =====
executing with fault mode: [0,0,2,3,4,5]

executing with fault mode: [0,0,2,3,4,5]

Fault scores (higher is better):
Fault: [0,0,2,3,4,5], logL: -15.674598, Exp of LogL: 0.000000, Normalized LogL: -1.119614, Exp of Normalized LogL: 0.326406, Best Rate: 0.3
Fault: [0,3,2,3,4,5], logL: -15.818798, Exp of LogL: 0.000000, Normalized LogL: -1.129914, Exp of Normalized LogL: 0.323061, Best Rate: 0.3
Fault: [0,0,2,3,1,5], logL: -15.987354, Exp of LogL: 0.000000, Normalized LogL: -1.141954, Exp of Normalized LogL: 0.319195, Best Rate: 0.3
Fault: [0,0,2,3,3,5], logL: -15.987354, Exp of LogL: 0.000000, Normalized LogL: -1.141954, Exp of Normalized LogL: 0.319195, Best Rate: 0.3
Fault: [0,0,2,3,5,5], logL: -15.987354, Exp of LogL: 0.000000, Normalized LogL: -1.141954, Exp of Normalized LogL: 0.319195, Best Rate: 0.3
Fault: [0,0,2,3,2,5], logL: -15.987354, Exp of LogL: 0.000000, Normalized LogL: -1.141954, Exp of Normalized LogL: 0.319195, Best Rate: 0.3
Fault: [0,1,2,3,4,5], logL: -40.864609, Exp of LogL: 0.000000, Normalized LogL: -2.918901, Exp of Normalized LogL: 0.053993, Best Rate: 0.3
Fault: [0,4,2,3,4,5], logL: -41.480797, Exp of LogL: 0.000000, Normalized LogL: -2.962914, Exp of Normalized LogL: 0.051668, Best Rate: 0.3
Fault: [0,2,2,3,4,5], logL: -41.480797, Exp of LogL: 0.000000, Normalized LogL: -2.962914, Exp of Normalized LogL: 0.051668, Best Rate: 0.3
Fault: [0,5,2,3,4,5], logL: -41.480797, Exp of LogL: 0.000000, Normalized LogL: -2.962914, Exp of Normalized LogL: 0.051668, Best Rate: 0.3

========= ADAPTIVE MC DEBUG =========
Total calls: 140
Avg tries: 1735.71
Confidence stops: 140
Max stops: 0
Max stop rate: 0.000
Real Fault Rank 1
===== SEED 27 | FR=0.3 | VR=80 =====
executing with fault mode: [0,0,2,3,4,5]

executing with fault mode: [0,0,2,3,4,5]

Fault scores (higher is better):
Fault: [0,3,2,3,4,5], logL: -16.078617, Exp of LogL: 0.000000, Normalized LogL: -0.893257, Exp of Normalized LogL: 0.409321, Best Rate: 0.3
Fault: [0,0,2,3,4,5], logL: -16.110183, Exp of LogL: 0.000000, Normalized LogL: -0.895010, Exp of Normalized LogL: 0.408603, Best Rate: 0.3
Fault: [0,0,2,3,1,5], logL: -16.441469, Exp of LogL: 0.000000, Normalized LogL: -0.913415, Exp of Normalized LogL: 0.401152, Best Rate: 0.3
Fault: [0,0,2,3,3,5], logL: -16.441469, Exp of LogL: 0.000000, Normalized LogL: -0.913415, Exp of Normalized LogL: 0.401152, Best Rate: 0.3
Fault: [0,0,2,3,5,5], logL: -16.441469, Exp of LogL: 0.000000, Normalized LogL: -0.913415, Exp of Normalized LogL: 0.401152, Best Rate: 0.3
Fault: [0,0,2,3,2,5], logL: -16.441469, Exp of LogL: 0.000000, Normalized LogL: -0.913415, Exp of Normalized LogL: 0.401152, Best Rate: 0.3
Fault: [0,1,2,3,4,5], logL: -41.054607, Exp of LogL: 0.000000, Normalized LogL: -2.280812, Exp of Normalized LogL: 0.102201, Best Rate: 0.3
Fault: [0,4,2,3,4,5], logL: -41.736067, Exp of LogL: 0.000000, Normalized LogL: -2.318670, Exp of Normalized LogL: 0.098404, Best Rate: 0.3
Fault: [0,2,2,3,4,5], logL: -41.736067, Exp of LogL: 0.000000, Normalized LogL: -2.318670, Exp of Normalized LogL: 0.098404, Best Rate: 0.3
Fault: [0,5,2,3,4,5], logL: -41.736067, Exp of LogL: 0.000000, Normalized LogL: -2.318670, Exp of Normalized LogL: 0.098404, Best Rate: 0.3

========= ADAPTIVE MC DEBUG =========
Total calls: 180
Avg tries: 1745.00
Confidence stops: 180
Max stops: 0
Max stop rate: 0.000
Real Fault Rank 2
===== SEED 27 | FR=0.3 | VR=100 =====
executing with fault mode: [0,0,2,3,4,5]

executing with fault mode: [0,0,2,3,4,5]

Fault scores (higher is better):
Fault: [0,0,2,3,4,5], logL: -17.659647, Exp of LogL: 0.000000, Normalized LogL: -0.767811, Exp of Normalized LogL: 0.464028, Best Rate: 0.3
Fault: [0,3,2,3,4,5], logL: -17.702427, Exp of LogL: 0.000000, Normalized LogL: -0.769671, Exp of Normalized LogL: 0.463166, Best Rate: 0.3
Fault: [0,0,2,3,1,5], logL: -17.990932, Exp of LogL: 0.000000, Normalized LogL: -0.782214, Exp of Normalized LogL: 0.457392, Best Rate: 0.3
Fault: [0,0,2,3,3,5], logL: -17.990932, Exp of LogL: 0.000000, Normalized LogL: -0.782214, Exp of Normalized LogL: 0.457392, Best Rate: 0.3
Fault: [0,0,2,3,5,5], logL: -17.990932, Exp of LogL: 0.000000, Normalized LogL: -0.782214, Exp of Normalized LogL: 0.457392, Best Rate: 0.3
Fault: [0,0,2,3,2,5], logL: -17.990932, Exp of LogL: 0.000000, Normalized LogL: -0.782214, Exp of Normalized LogL: 0.457392, Best Rate: 0.3
Fault: [0,1,2,3,4,5], logL: -42.853166, Exp of LogL: 0.000000, Normalized LogL: -1.863181, Exp of Normalized LogL: 0.155178, Best Rate: 0.3
Fault: [0,4,2,3,4,5], logL: -43.276675, Exp of LogL: 0.000000, Normalized LogL: -1.881595, Exp of Normalized LogL: 0.152347, Best Rate: 0.3
Fault: [0,2,2,3,4,5], logL: -43.276675, Exp of LogL: 0.000000, Normalized LogL: -1.881595, Exp of Normalized LogL: 0.152347, Best Rate: 0.3
Fault: [0,5,2,3,4,5], logL: -43.276675, Exp of LogL: 0.000000, Normalized LogL: -1.881595, Exp of Normalized LogL: 0.152347, Best Rate: 0.3

========= ADAPTIVE MC DEBUG =========
Total calls: 230
Avg tries: 1812.17
Confidence stops: 230
Max stops: 0
Max stop rate: 0.000
Real Fault Rank 1
================= 22/08/2026 06:00:57: SEED 27 END =================
================= 22/08/2026 06:00:57: SEED 28 (26/100), a*=3 fault=[0,1,2,4,4,5] START =================
===== SEED 28 | FR=0.3 | VR=20 =====
executing with fault mode: [0,1,2,4,4,5]

executing with fault mode: [0,1,2,4,4,5]

Fault scores (higher is better):
Fault: [0,1,2,5,4,5], logL: -8.185093, Exp of LogL: 0.000279, Normalized LogL: -1.637019, Exp of Normalized LogL: 0.194559, Best Rate: 0.3
Fault: [0,1,2,4,4,5], logL: -8.185093, Exp of LogL: 0.000279, Normalized LogL: -1.637019, Exp of Normalized LogL: 0.194559, Best Rate: 0.3
Fault: [0,1,2,4,5,5], logL: -8.253759, Exp of LogL: 0.000260, Normalized LogL: -1.650752, Exp of Normalized LogL: 0.191906, Best Rate: 0.3
Fault: [0,1,2,4,1,5], logL: -8.253759, Exp of LogL: 0.000260, Normalized LogL: -1.650752, Exp of Normalized LogL: 0.191906, Best Rate: 0.3
Fault: [0,1,2,4,0,5], logL: -8.324855, Exp of LogL: 0.000242, Normalized LogL: -1.664971, Exp of Normalized LogL: 0.189196, Best Rate: 0.3
Fault: [0,1,2,4,2,5], logL: -8.347328, Exp of LogL: 0.000237, Normalized LogL: -1.669466, Exp of Normalized LogL: 0.188348, Best Rate: 0.3
Fault: [0,1,2,2,4,5], logL: -9.845325, Exp of LogL: 0.000053, Normalized LogL: -1.969065, Exp of Normalized LogL: 0.139587, Best Rate: 0.3
Fault: [0,1,2,0,4,5], logL: -9.994666, Exp of LogL: 0.000046, Normalized LogL: -1.998933, Exp of Normalized LogL: 0.135480, Best Rate: 0.3
Fault: [0,1,2,1,4,5], logL: -10.024639, Exp of LogL: 0.000044, Normalized LogL: -2.004928, Exp of Normalized LogL: 0.134670, Best Rate: 0.3
Fault: [0,1,2,3,4,5], logL: -10.132656, Exp of LogL: 0.000040, Normalized LogL: -2.026531, Exp of Normalized LogL: 0.131792, Best Rate: 0.3

========= ADAPTIVE MC DEBUG =========
Total calls: 50
Avg tries: 1477.00
Confidence stops: 50
Max stops: 0
Max stop rate: 0.000
Real Fault Rank 2
===== SEED 28 | FR=0.3 | VR=40 =====
executing with fault mode: [0,1,2,4,4,5]

executing with fault mode: [0,1,2,4,4,5]

Fault scores (higher is better):
Fault: [0,1,2,5,4,5], logL: -14.056705, Exp of LogL: 0.000001, Normalized LogL: -1.561856, Exp of Normalized LogL: 0.209746, Best Rate: 0.3
Fault: [0,1,2,4,4,5], logL: -14.056705, Exp of LogL: 0.000001, Normalized LogL: -1.561856, Exp of Normalized LogL: 0.209746, Best Rate: 0.3
Fault: [0,1,2,4,5,5], logL: -14.489569, Exp of LogL: 0.000001, Normalized LogL: -1.609952, Exp of Normalized LogL: 0.199897, Best Rate: 0.3
Fault: [0,1,2,4,1,5], logL: -14.489569, Exp of LogL: 0.000001, Normalized LogL: -1.609952, Exp of Normalized LogL: 0.199897, Best Rate: 0.3
Fault: [0,1,2,4,2,5], logL: -14.554107, Exp of LogL: 0.000000, Normalized LogL: -1.617123, Exp of Normalized LogL: 0.198469, Best Rate: 0.3
Fault: [0,1,2,4,0,5], logL: -14.643719, Exp of LogL: 0.000000, Normalized LogL: -1.627080, Exp of Normalized LogL: 0.196503, Best Rate: 0.3
Fault: [0,1,2,3,4,5], logL: -16.992160, Exp of LogL: 0.000000, Normalized LogL: -1.888018, Exp of Normalized LogL: 0.151372, Best Rate: 0.3
Fault: [0,1,2,1,4,5], logL: -17.181767, Exp of LogL: 0.000000, Normalized LogL: -1.909085, Exp of Normalized LogL: 0.148216, Best Rate: 0.3
Fault: [0,1,2,2,4,5], logL: -17.577345, Exp of LogL: 0.000000, Normalized LogL: -1.953038, Exp of Normalized LogL: 0.141842, Best Rate: 0.3
Fault: [0,1,2,0,4,5], logL: -17.620538, Exp of LogL: 0.000000, Normalized LogL: -1.957838, Exp of Normalized LogL: 0.141163, Best Rate: 0.3

========= ADAPTIVE MC DEBUG =========
Total calls: 90
Avg tries: 1481.11
Confidence stops: 90
Max stops: 0
Max stop rate: 0.000
Real Fault Rank 2
===== SEED 28 | FR=0.3 | VR=60 =====
executing with fault mode: [0,1,2,4,4,5]

executing with fault mode: [0,1,2,4,4,5]

Fault scores (higher is better):
Fault: [0,1,2,5,4,5], logL: -17.538650, Exp of LogL: 0.000000, Normalized LogL: -1.252761, Exp of Normalized LogL: 0.285715, Best Rate: 0.3
Fault: [0,1,2,4,4,5], logL: -17.538650, Exp of LogL: 0.000000, Normalized LogL: -1.252761, Exp of Normalized LogL: 0.285715, Best Rate: 0.3
Fault: [0,1,2,4,5,5], logL: -17.971514, Exp of LogL: 0.000000, Normalized LogL: -1.283680, Exp of Normalized LogL: 0.277016, Best Rate: 0.3
Fault: [0,1,2,4,1,5], logL: -17.971514, Exp of LogL: 0.000000, Normalized LogL: -1.283680, Exp of Normalized LogL: 0.277016, Best Rate: 0.3
Fault: [0,1,2,4,2,5], logL: -18.036053, Exp of LogL: 0.000000, Normalized LogL: -1.288289, Exp of Normalized LogL: 0.275742, Best Rate: 0.3
Fault: [0,1,2,4,0,5], logL: -18.125665, Exp of LogL: 0.000000, Normalized LogL: -1.294690, Exp of Normalized LogL: 0.273983, Best Rate: 0.3
Fault: [0,1,2,3,4,5], logL: -174.970083, Exp of LogL: 0.000000, Normalized LogL: -12.497863, Exp of Normalized LogL: 0.000004, Best Rate: 0.3
Fault: [0,1,2,1,4,5], logL: -175.751477, Exp of LogL: 0.000000, Normalized LogL: -12.553677, Exp of Normalized LogL: 0.000004, Best Rate: 0.3
Fault: [0,1,2,0,4,5], logL: -175.976273, Exp of LogL: 0.000000, Normalized LogL: -12.569734, Exp of Normalized LogL: 0.000003, Best Rate: 0.3
Fault: [0,1,2,2,4,5], logL: -175.984141, Exp of LogL: 0.000000, Normalized LogL: -12.570296, Exp of Normalized LogL: 0.000003, Best Rate: 0.3

========= ADAPTIVE MC DEBUG =========
Total calls: 140
Avg tries: 1575.00
Confidence stops: 140
Max stops: 0
Max stop rate: 0.000
Real Fault Rank 2
===== SEED 28 | FR=0.3 | VR=80 =====
executing with fault mode: [0,1,2,4,4,5]

executing with fault mode: [0,1,2,4,4,5]

Fault scores (higher is better):
Fault: [0,1,2,4,5,5], logL: -19.167624, Exp of LogL: 0.000000, Normalized LogL: -1.064868, Exp of Normalized LogL: 0.344773, Best Rate: 0.3
Fault: [0,1,2,4,1,5], logL: -19.167624, Exp of LogL: 0.000000, Normalized LogL: -1.064868, Exp of Normalized LogL: 0.344773, Best Rate: 0.3
Fault: [0,1,2,5,4,5], logL: -20.025074, Exp of LogL: 0.000000, Normalized LogL: -1.112504, Exp of Normalized LogL: 0.328735, Best Rate: 0.3
Fault: [0,1,2,4,4,5], logL: -20.025074, Exp of LogL: 0.000000, Normalized LogL: -1.112504, Exp of Normalized LogL: 0.328735, Best Rate: 0.3
Fault: [0,1,2,4,0,5], logL: -20.025074, Exp of LogL: 0.000000, Normalized LogL: -1.112504, Exp of Normalized LogL: 0.328735, Best Rate: 0.3
Fault: [0,1,2,4,2,5], logL: -20.025074, Exp of LogL: 0.000000, Normalized LogL: -1.112504, Exp of Normalized LogL: 0.328735, Best Rate: 0.3
Fault: [0,1,2,3,4,5], logL: -177.124842, Exp of LogL: 0.000000, Normalized LogL: -9.840269, Exp of Normalized LogL: 0.000053, Best Rate: 0.3
Fault: [0,1,2,1,4,5], logL: -178.266205, Exp of LogL: 0.000000, Normalized LogL: -9.903678, Exp of Normalized LogL: 0.000050, Best Rate: 0.3
Fault: [0,1,2,2,4,5], logL: -178.568698, Exp of LogL: 0.000000, Normalized LogL: -9.920483, Exp of Normalized LogL: 0.000049, Best Rate: 0.3
Fault: [0,1,2,0,4,5], logL: -178.935326, Exp of LogL: 0.000000, Normalized LogL: -9.940851, Exp of Normalized LogL: 0.000048, Best Rate: 0.3

========= ADAPTIVE MC DEBUG =========
Total calls: 180
Avg tries: 1687.22
Confidence stops: 180
Max stops: 0
Max stop rate: 0.000
Real Fault Rank 4
===== SEED 28 | FR=0.3 | VR=100 =====
executing with fault mode: [0,1,2,4,4,5]

executing with fault mode: [0,1,2,4,4,5]

Fault scores (higher is better):
Fault: [0,1,2,5,4,5], logL: -19.950702, Exp of LogL: 0.000000, Normalized LogL: -0.867422, Exp of Normalized LogL: 0.420033, Best Rate: 0.3
Fault: [0,1,2,4,4,5], logL: -19.950702, Exp of LogL: 0.000000, Normalized LogL: -0.867422, Exp of Normalized LogL: 0.420033, Best Rate: 0.3
Fault: [0,1,2,4,5,5], logL: -20.318321, Exp of LogL: 0.000000, Normalized LogL: -0.883405, Exp of Normalized LogL: 0.413373, Best Rate: 0.3
Fault: [0,1,2,4,1,5], logL: -20.318321, Exp of LogL: 0.000000, Normalized LogL: -0.883405, Exp of Normalized LogL: 0.413373, Best Rate: 0.3
Fault: [0,1,2,4,0,5], logL: -20.318321, Exp of LogL: 0.000000, Normalized LogL: -0.883405, Exp of Normalized LogL: 0.413373, Best Rate: 0.3
Fault: [0,1,2,4,2,5], logL: -20.318321, Exp of LogL: 0.000000, Normalized LogL: -0.883405, Exp of Normalized LogL: 0.413373, Best Rate: 0.3
Fault: [0,1,2,3,4,5], logL: -177.798299, Exp of LogL: 0.000000, Normalized LogL: -7.730361, Exp of Normalized LogL: 0.000439, Best Rate: 0.3
Fault: [0,1,2,1,4,5], logL: -178.171708, Exp of LogL: 0.000000, Normalized LogL: -7.746596, Exp of Normalized LogL: 0.000432, Best Rate: 0.3
Fault: [0,1,2,2,4,5], logL: -178.494326, Exp of LogL: 0.000000, Normalized LogL: -7.760623, Exp of Normalized LogL: 0.000426, Best Rate: 0.3
Fault: [0,1,2,0,4,5], logL: -179.104895, Exp of LogL: 0.000000, Normalized LogL: -7.787169, Exp of Normalized LogL: 0.000415, Best Rate: 0.3

========= ADAPTIVE MC DEBUG =========
Total calls: 230
Avg tries: 1773.04
Confidence stops: 230
Max stops: 0
Max stop rate: 0.000
Real Fault Rank 2
================= 22/08/2026 06:04:06: SEED 28 END =================
================= 22/08/2026 06:04:06: SEED 29 (27/100), a*=1 fault=[0,0,2,3,4,5] START =================
===== SEED 29 | FR=0.3 | VR=20 =====
executing with fault mode: [0,0,2,3,4,5]

Fault scores (higher is better):
Fault: [0,3,2,3,4,5], logL: -15.801011, Exp of LogL: 0.000000, Normalized LogL: -1.975126, Exp of Normalized LogL: 0.138744, Best Rate: 0.3
Fault: [0,0,2,3,0,5], logL: -16.937760, Exp of LogL: 0.000000, Normalized LogL: -2.117220, Exp of Normalized LogL: 0.120366, Best Rate: 0.3
Fault: [0,0,2,3,4,5], logL: -16.963687, Exp of LogL: 0.000000, Normalized LogL: -2.120461, Exp of Normalized LogL: 0.119976, Best Rate: 0.3
Fault: [0,0,2,3,3,5], logL: -17.027435, Exp of LogL: 0.000000, Normalized LogL: -2.128429, Exp of Normalized LogL: 0.119024, Best Rate: 0.3
Fault: [0,0,2,3,2,5], logL: -17.028225, Exp of LogL: 0.000000, Normalized LogL: -2.128528, Exp of Normalized LogL: 0.119012, Best Rate: 0.3
Fault: [0,0,2,3,5,5], logL: -17.028225, Exp of LogL: 0.000000, Normalized LogL: -2.128528, Exp of Normalized LogL: 0.119012, Best Rate: 0.3
Fault: [0,4,2,3,4,5], logL: -17.129262, Exp of LogL: 0.000000, Normalized LogL: -2.141158, Exp of Normalized LogL: 0.117519, Best Rate: 0.3
Fault: [0,5,2,3,4,5], logL: -17.129262, Exp of LogL: 0.000000, Normalized LogL: -2.141158, Exp of Normalized LogL: 0.117519, Best Rate: 0.3
Fault: [0,2,2,3,4,5], logL: -17.877134, Exp of LogL: 0.000000, Normalized LogL: -2.234642, Exp of Normalized LogL: 0.107030, Best Rate: 0.3
Fault: [0,1,2,3,4,5], logL: -41.629156, Exp of LogL: 0.000000, Normalized LogL: -5.203645, Exp of Normalized LogL: 0.005496, Best Rate: 0.3

========= ADAPTIVE MC DEBUG =========
Total calls: 80
Avg tries: 1096.88
Confidence stops: 80
Max stops: 0
Max stop rate: 0.000
Real Fault Rank 3
===== SEED 29 | FR=0.3 | VR=40 =====
executing with fault mode: [0,0,2,3,4,5]

Fault scores (higher is better):
Fault: [0,0,2,3,4,5], logL: -25.663279, Exp of LogL: 0.000000, Normalized LogL: -1.710885, Exp of Normalized LogL: 0.180706, Best Rate: 0.3
Fault: [0,0,2,3,0,5], logL: -26.037972, Exp of LogL: 0.000000, Normalized LogL: -1.735865, Exp of Normalized LogL: 0.176248, Best Rate: 0.3
Fault: [0,0,2,3,2,5], logL: -26.037972, Exp of LogL: 0.000000, Normalized LogL: -1.735865, Exp of Normalized LogL: 0.176248, Best Rate: 0.3
Fault: [0,0,2,3,5,5], logL: -26.037972, Exp of LogL: 0.000000, Normalized LogL: -1.735865, Exp of Normalized LogL: 0.176248, Best Rate: 0.3
Fault: [0,0,2,3,3,5], logL: -26.037972, Exp of LogL: 0.000000, Normalized LogL: -1.735865, Exp of Normalized LogL: 0.176248, Best Rate: 0.3
Fault: [0,2,2,3,4,5], logL: -27.817594, Exp of LogL: 0.000000, Normalized LogL: -1.854506, Exp of Normalized LogL: 0.156530, Best Rate: 0.3
Fault: [0,3,2,3,4,5], logL: -50.197726, Exp of LogL: 0.000000, Normalized LogL: -3.346515, Exp of Normalized LogL: 0.035207, Best Rate: 0.3
Fault: [0,4,2,3,4,5], logL: -51.467661, Exp of LogL: 0.000000, Normalized LogL: -3.431177, Exp of Normalized LogL: 0.032349, Best Rate: 0.3
Fault: [0,5,2,3,4,5], logL: -51.467661, Exp of LogL: 0.000000, Normalized LogL: -3.431177, Exp of Normalized LogL: 0.032349, Best Rate: 0.3
Fault: [0,1,2,3,4,5], logL: -74.486414, Exp of LogL: 0.000000, Normalized LogL: -4.965761, Exp of Normalized LogL: 0.006973, Best Rate: 0.3

========= ADAPTIVE MC DEBUG =========
Total calls: 150
Avg tries: 1371.00
Confidence stops: 150
Max stops: 0
Max stop rate: 0.000
Real Fault Rank 1
===== SEED 29 | FR=0.3 | VR=60 =====
executing with fault mode: [0,0,2,3,4,5]

Fault scores (higher is better):
Fault: [0,0,2,3,4,5], logL: -30.601386, Exp of LogL: 0.000000, Normalized LogL: -1.390972, Exp of Normalized LogL: 0.248833, Best Rate: 0.3
Fault: [0,0,2,3,0,5], logL: -31.082358, Exp of LogL: 0.000000, Normalized LogL: -1.412834, Exp of Normalized LogL: 0.243452, Best Rate: 0.3
Fault: [0,0,2,3,2,5], logL: -31.082358, Exp of LogL: 0.000000, Normalized LogL: -1.412834, Exp of Normalized LogL: 0.243452, Best Rate: 0.3
Fault: [0,0,2,3,5,5], logL: -31.082358, Exp of LogL: 0.000000, Normalized LogL: -1.412834, Exp of Normalized LogL: 0.243452, Best Rate: 0.3
Fault: [0,0,2,3,3,5], logL: -31.082358, Exp of LogL: 0.000000, Normalized LogL: -1.412834, Exp of Normalized LogL: 0.243452, Best Rate: 0.3
Fault: [0,2,2,3,4,5], logL: -34.170654, Exp of LogL: 0.000000, Normalized LogL: -1.553212, Exp of Normalized LogL: 0.211567, Best Rate: 0.3
Fault: [0,3,2,3,4,5], logL: -57.147704, Exp of LogL: 0.000000, Normalized LogL: -2.597623, Exp of Normalized LogL: 0.074450, Best Rate: 0.3
Fault: [0,1,2,3,4,5], logL: -82.143990, Exp of LogL: 0.000000, Normalized LogL: -3.733818, Exp of Normalized LogL: 0.023901, Best Rate: 0.3
Fault: [0,4,2,3,4,5], logL: -82.205632, Exp of LogL: 0.000000, Normalized LogL: -3.736620, Exp of Normalized LogL: 0.023835, Best Rate: 0.3
Fault: [0,5,2,3,4,5], logL: -82.205632, Exp of LogL: 0.000000, Normalized LogL: -3.736620, Exp of Normalized LogL: 0.023835, Best Rate: 0.3

========= ADAPTIVE MC DEBUG =========
Total calls: 220
Avg tries: 1563.41
Confidence stops: 220
Max stops: 0
Max stop rate: 0.000
Real Fault Rank 1
===== SEED 29 | FR=0.3 | VR=80 =====
executing with fault mode: [0,0,2,3,4,5]

Fault scores (higher is better):
Fault: [0,0,2,3,4,5], logL: -35.820435, Exp of LogL: 0.000000, Normalized LogL: -1.235187, Exp of Normalized LogL: 0.290780, Best Rate: 0.3
Fault: [0,0,2,3,0,5], logL: -36.165040, Exp of LogL: 0.000000, Normalized LogL: -1.247070, Exp of Normalized LogL: 0.287345, Best Rate: 0.3
Fault: [0,0,2,3,2,5], logL: -36.165040, Exp of LogL: 0.000000, Normalized LogL: -1.247070, Exp of Normalized LogL: 0.287345, Best Rate: 0.3
Fault: [0,0,2,3,5,5], logL: -36.165040, Exp of LogL: 0.000000, Normalized LogL: -1.247070, Exp of Normalized LogL: 0.287345, Best Rate: 0.3
Fault: [0,0,2,3,3,5], logL: -36.165040, Exp of LogL: 0.000000, Normalized LogL: -1.247070, Exp of Normalized LogL: 0.287345, Best Rate: 0.3
Fault: [0,2,2,3,4,5], logL: -37.436984, Exp of LogL: 0.000000, Normalized LogL: -1.290930, Exp of Normalized LogL: 0.275015, Best Rate: 0.3
Fault: [0,3,2,3,4,5], logL: -61.525634, Exp of LogL: 0.000000, Normalized LogL: -2.121574, Exp of Normalized LogL: 0.119843, Best Rate: 0.3
Fault: [0,1,2,3,4,5], logL: -86.188270, Exp of LogL: 0.000000, Normalized LogL: -2.972009, Exp of Normalized LogL: 0.051200, Best Rate: 0.3
Fault: [0,4,2,3,4,5], logL: -86.205242, Exp of LogL: 0.000000, Normalized LogL: -2.972595, Exp of Normalized LogL: 0.051170, Best Rate: 0.3
Fault: [0,5,2,3,4,5], logL: -86.205242, Exp of LogL: 0.000000, Normalized LogL: -2.972595, Exp of Normalized LogL: 0.051170, Best Rate: 0.3

========= ADAPTIVE MC DEBUG =========
Total calls: 290
Avg tries: 1691.21
Confidence stops: 290
Max stops: 0
Max stop rate: 0.000
Real Fault Rank 1
===== SEED 29 | FR=0.3 | VR=100 =====
executing with fault mode: [0,0,2,3,4,5]

Fault scores (higher is better):
Fault: [0,0,2,3,4,5], logL: -38.690602, Exp of LogL: 0.000000, Normalized LogL: -1.045692, Exp of Normalized LogL: 0.351449, Best Rate: 0.3
Fault: [0,0,2,3,0,5], logL: -39.035207, Exp of LogL: 0.000000, Normalized LogL: -1.055006, Exp of Normalized LogL: 0.348190, Best Rate: 0.3
Fault: [0,0,2,3,2,5], logL: -39.035207, Exp of LogL: 0.000000, Normalized LogL: -1.055006, Exp of Normalized LogL: 0.348190, Best Rate: 0.3
Fault: [0,0,2,3,5,5], logL: -39.035207, Exp of LogL: 0.000000, Normalized LogL: -1.055006, Exp of Normalized LogL: 0.348190, Best Rate: 0.3
Fault: [0,0,2,3,3,5], logL: -39.035207, Exp of LogL: 0.000000, Normalized LogL: -1.055006, Exp of Normalized LogL: 0.348190, Best Rate: 0.3
Fault: [0,2,2,3,4,5], logL: -66.063207, Exp of LogL: 0.000000, Normalized LogL: -1.785492, Exp of Normalized LogL: 0.167715, Best Rate: 0.3
Fault: [0,3,2,3,4,5], logL: -66.545020, Exp of LogL: 0.000000, Normalized LogL: -1.798514, Exp of Normalized LogL: 0.165545, Best Rate: 0.3
Fault: [0,1,2,3,4,5], logL: -113.663477, Exp of LogL: 0.000000, Normalized LogL: -3.071986, Exp of Normalized LogL: 0.046329, Best Rate: 0.3
Fault: [0,4,2,3,4,5], logL: -115.101129, Exp of LogL: 0.000000, Normalized LogL: -3.110841, Exp of Normalized LogL: 0.044563, Best Rate: 0.3
Fault: [0,5,2,3,4,5], logL: -115.101129, Exp of LogL: 0.000000, Normalized LogL: -3.110841, Exp of Normalized LogL: 0.044563, Best Rate: 0.3

========= ADAPTIVE MC DEBUG =========
Total calls: 370
Avg tries: 1782.03
Confidence stops: 370
Max stops: 0
Max stop rate: 0.000
Real Fault Rank 1
================= 22/08/2026 06:08:55: SEED 29 END =================
================= 22/08/2026 06:08:55: SEED 30 (28/100), a*=3 fault=[0,1,2,0,4,5] START =================
===== SEED 30 | FR=0.3 | VR=20 =====
executing with fault mode: [0,1,2,0,4,5]

Fault scores (higher is better):
Fault: [0,1,2,1,4,5], logL: -12.460231, Exp of LogL: 0.000004, Normalized LogL: -1.780033, Exp of Normalized LogL: 0.168633, Best Rate: 0.3
Fault: [0,1,2,2,4,5], logL: -12.825619, Exp of LogL: 0.000003, Normalized LogL: -1.832231, Exp of Normalized LogL: 0.160056, Best Rate: 0.3
Fault: [0,1,2,0,0,5], logL: -13.429433, Exp of LogL: 0.000001, Normalized LogL: -1.918490, Exp of Normalized LogL: 0.146828, Best Rate: 0.3
Fault: [0,1,2,0,3,5], logL: -13.429433, Exp of LogL: 0.000001, Normalized LogL: -1.918490, Exp of Normalized LogL: 0.146828, Best Rate: 0.3
Fault: [0,1,2,0,4,5], logL: -13.588923, Exp of LogL: 0.000001, Normalized LogL: -1.941275, Exp of Normalized LogL: 0.143521, Best Rate: 0.3
Fault: [0,1,2,0,2,5], logL: -13.652382, Exp of LogL: 0.000001, Normalized LogL: -1.950340, Exp of Normalized LogL: 0.142226, Best Rate: 0.3
Fault: [0,1,2,0,1,5], logL: -13.658983, Exp of LogL: 0.000001, Normalized LogL: -1.951283, Exp of Normalized LogL: 0.142092, Best Rate: 0.3
Fault: [0,1,2,3,4,5], logL: -14.146506, Exp of LogL: 0.000001, Normalized LogL: -2.020929, Exp of Normalized LogL: 0.132532, Best Rate: 0.3
Fault: [0,1,2,4,4,5], logL: -14.657938, Exp of LogL: 0.000000, Normalized LogL: -2.093991, Exp of Normalized LogL: 0.123194, Best Rate: 0.3
Fault: [0,1,2,5,4,5], logL: -14.657938, Exp of LogL: 0.000000, Normalized LogL: -2.093991, Exp of Normalized LogL: 0.123194, Best Rate: 0.3

========= ADAPTIVE MC DEBUG =========
Total calls: 70
Avg tries: 1267.86
Confidence stops: 70
Max stops: 0
Max stop rate: 0.000
Real Fault Rank 5
===== SEED 30 | FR=0.3 | VR=40 =====
executing with fault mode: [0,1,2,0,4,5]

Fault scores (higher is better):
Fault: [0,1,2,1,4,5], logL: -19.136675, Exp of LogL: 0.000000, Normalized LogL: -1.366905, Exp of Normalized LogL: 0.254895, Best Rate: 0.3
Fault: [0,1,2,2,4,5], logL: -19.193485, Exp of LogL: 0.000000, Normalized LogL: -1.370963, Exp of Normalized LogL: 0.253862, Best Rate: 0.3
Fault: [0,1,2,0,4,5], logL: -21.983554, Exp of LogL: 0.000000, Normalized LogL: -1.570254, Exp of Normalized LogL: 0.207992, Best Rate: 0.3
Fault: [0,1,2,4,4,5], logL: -22.186565, Exp of LogL: 0.000000, Normalized LogL: -1.584755, Exp of Normalized LogL: 0.204998, Best Rate: 0.3
Fault: [0,1,2,5,4,5], logL: -22.186565, Exp of LogL: 0.000000, Normalized LogL: -1.584755, Exp of Normalized LogL: 0.204998, Best Rate: 0.3
Fault: [0,1,2,0,0,5], logL: -22.352125, Exp of LogL: 0.000000, Normalized LogL: -1.596580, Exp of Normalized LogL: 0.202588, Best Rate: 0.3
Fault: [0,1,2,0,2,5], logL: -22.352125, Exp of LogL: 0.000000, Normalized LogL: -1.596580, Exp of Normalized LogL: 0.202588, Best Rate: 0.3
Fault: [0,1,2,0,3,5], logL: -22.352125, Exp of LogL: 0.000000, Normalized LogL: -1.596580, Exp of Normalized LogL: 0.202588, Best Rate: 0.3
Fault: [0,1,2,0,1,5], logL: -22.352125, Exp of LogL: 0.000000, Normalized LogL: -1.596580, Exp of Normalized LogL: 0.202588, Best Rate: 0.3
Fault: [0,1,2,3,4,5], logL: -23.129684, Exp of LogL: 0.000000, Normalized LogL: -1.652120, Exp of Normalized LogL: 0.191643, Best Rate: 0.3

========= ADAPTIVE MC DEBUG =========
Total calls: 140
Avg tries: 1545.36
Confidence stops: 140
Max stops: 0
Max stop rate: 0.000
Real Fault Rank 3
===== SEED 30 | FR=0.3 | VR=60 =====
executing with fault mode: [0,1,2,0,4,5]

Fault scores (higher is better):
Fault: [0,1,2,1,4,5], logL: -25.637941, Exp of LogL: 0.000000, Normalized LogL: -1.220854, Exp of Normalized LogL: 0.294978, Best Rate: 0.3
Fault: [0,1,2,2,4,5], logL: -25.779594, Exp of LogL: 0.000000, Normalized LogL: -1.227600, Exp of Normalized LogL: 0.292995, Best Rate: 0.3
Fault: [0,1,2,0,4,5], logL: -27.324448, Exp of LogL: 0.000000, Normalized LogL: -1.301164, Exp of Normalized LogL: 0.272215, Best Rate: 0.3
Fault: [0,1,2,0,0,5], logL: -27.660620, Exp of LogL: 0.000000, Normalized LogL: -1.317172, Exp of Normalized LogL: 0.267892, Best Rate: 0.3
Fault: [0,1,2,0,2,5], logL: -27.660620, Exp of LogL: 0.000000, Normalized LogL: -1.317172, Exp of Normalized LogL: 0.267892, Best Rate: 0.3
Fault: [0,1,2,0,3,5], logL: -27.660620, Exp of LogL: 0.000000, Normalized LogL: -1.317172, Exp of Normalized LogL: 0.267892, Best Rate: 0.3
Fault: [0,1,2,0,1,5], logL: -27.660620, Exp of LogL: 0.000000, Normalized LogL: -1.317172, Exp of Normalized LogL: 0.267892, Best Rate: 0.3
Fault: [0,1,2,3,4,5], logL: -28.075193, Exp of LogL: 0.000000, Normalized LogL: -1.336914, Exp of Normalized LogL: 0.262655, Best Rate: 0.3
Fault: [0,1,2,4,4,5], logL: -52.696650, Exp of LogL: 0.000000, Normalized LogL: -2.509364, Exp of Normalized LogL: 0.081320, Best Rate: 0.3
Fault: [0,1,2,5,4,5], logL: -52.696650, Exp of LogL: 0.000000, Normalized LogL: -2.509364, Exp of Normalized LogL: 0.081320, Best Rate: 0.3

========= ADAPTIVE MC DEBUG =========
Total calls: 210
Avg tries: 1610.95
Confidence stops: 210
Max stops: 0
Max stop rate: 0.000
Real Fault Rank 3
===== SEED 30 | FR=0.3 | VR=80 =====
executing with fault mode: [0,1,2,0,4,5]

Fault scores (higher is better):
Fault: [0,1,2,1,4,5], logL: -31.457455, Exp of LogL: 0.000000, Normalized LogL: -1.123481, Exp of Normalized LogL: 0.325146, Best Rate: 0.3
Fault: [0,1,2,2,4,5], logL: -31.623386, Exp of LogL: 0.000000, Normalized LogL: -1.129407, Exp of Normalized LogL: 0.323225, Best Rate: 0.3
Fault: [0,1,2,0,4,5], logL: -31.677966, Exp of LogL: 0.000000, Normalized LogL: -1.131356, Exp of Normalized LogL: 0.322596, Best Rate: 0.3
Fault: [0,1,2,0,0,5], logL: -32.014138, Exp of LogL: 0.000000, Normalized LogL: -1.143362, Exp of Normalized LogL: 0.318746, Best Rate: 0.3
Fault: [0,1,2,0,2,5], logL: -32.014138, Exp of LogL: 0.000000, Normalized LogL: -1.143362, Exp of Normalized LogL: 0.318746, Best Rate: 0.3
Fault: [0,1,2,0,3,5], logL: -32.014138, Exp of LogL: 0.000000, Normalized LogL: -1.143362, Exp of Normalized LogL: 0.318746, Best Rate: 0.3
Fault: [0,1,2,0,1,5], logL: -32.014138, Exp of LogL: 0.000000, Normalized LogL: -1.143362, Exp of Normalized LogL: 0.318746, Best Rate: 0.3
Fault: [0,1,2,3,4,5], logL: -33.319072, Exp of LogL: 0.000000, Normalized LogL: -1.189967, Exp of Normalized LogL: 0.304231, Best Rate: 0.3
Fault: [0,1,2,4,4,5], logL: -35.189524, Exp of LogL: 0.000000, Normalized LogL: -1.256769, Exp of Normalized LogL: 0.284572, Best Rate: 0.3
Fault: [0,1,2,5,4,5], logL: -35.189524, Exp of LogL: 0.000000, Normalized LogL: -1.256769, Exp of Normalized LogL: 0.284572, Best Rate: 0.3

========= ADAPTIVE MC DEBUG =========
Total calls: 280
Avg tries: 1666.79
Confidence stops: 280
Max stops: 0
Max stop rate: 0.000
Real Fault Rank 3
===== SEED 30 | FR=0.3 | VR=100 =====
executing with fault mode: [0,1,2,0,4,5]

Fault scores (higher is better):
Fault: [0,1,2,2,4,5], logL: -36.245477, Exp of LogL: 0.000000, Normalized LogL: -1.035585, Exp of Normalized LogL: 0.355019, Best Rate: 0.3
Fault: [0,1,2,0,4,5], logL: -36.308155, Exp of LogL: 0.000000, Normalized LogL: -1.037376, Exp of Normalized LogL: 0.354383, Best Rate: 0.3
Fault: [0,1,2,1,4,5], logL: -36.615379, Exp of LogL: 0.000000, Normalized LogL: -1.046154, Exp of Normalized LogL: 0.351286, Best Rate: 0.3
Fault: [0,1,2,0,0,5], logL: -36.644327, Exp of LogL: 0.000000, Normalized LogL: -1.046981, Exp of Normalized LogL: 0.350996, Best Rate: 0.3
Fault: [0,1,2,0,2,5], logL: -36.644327, Exp of LogL: 0.000000, Normalized LogL: -1.046981, Exp of Normalized LogL: 0.350996, Best Rate: 0.3
Fault: [0,1,2,0,3,5], logL: -36.644327, Exp of LogL: 0.000000, Normalized LogL: -1.046981, Exp of Normalized LogL: 0.350996, Best Rate: 0.3
Fault: [0,1,2,0,1,5], logL: -36.644327, Exp of LogL: 0.000000, Normalized LogL: -1.046981, Exp of Normalized LogL: 0.350996, Best Rate: 0.3
Fault: [0,1,2,3,4,5], logL: -62.508957, Exp of LogL: 0.000000, Normalized LogL: -1.785970, Exp of Normalized LogL: 0.167634, Best Rate: 0.3
Fault: [0,1,2,4,4,5], logL: -66.096031, Exp of LogL: 0.000000, Normalized LogL: -1.888458, Exp of Normalized LogL: 0.151305, Best Rate: 0.3
Fault: [0,1,2,5,4,5], logL: -66.096031, Exp of LogL: 0.000000, Normalized LogL: -1.888458, Exp of Normalized LogL: 0.151305, Best Rate: 0.3

========= ADAPTIVE MC DEBUG =========
Total calls: 350
Avg tries: 1730.29
Confidence stops: 350
Max stops: 0
Max stop rate: 0.000
Real Fault Rank 2
================= 22/08/2026 06:13:40: SEED 30 END =================
================= 22/08/2026 06:13:40: SEED 31 (29/100), a*=0 fault=[4,1,2,3,4,5] START =================
===== SEED 31 | FR=0.3 | VR=20 =====
executing with fault mode: [4,1,2,3,4,5]

Fault scores (higher is better):
Fault: [4,1,2,3,4,5], logL: -14.409560, Exp of LogL: 0.000001, Normalized LogL: -2.058509, Exp of Normalized LogL: 0.127644, Best Rate: 0.3
Fault: [4,1,2,1,4,5], logL: -14.588175, Exp of LogL: 0.000000, Normalized LogL: -2.084025, Exp of Normalized LogL: 0.124428, Best Rate: 0.3
Fault: [4,1,2,5,4,5], logL: -14.640330, Exp of LogL: 0.000000, Normalized LogL: -2.091476, Exp of Normalized LogL: 0.123505, Best Rate: 0.3
Fault: [4,1,2,2,4,5], logL: -14.640330, Exp of LogL: 0.000000, Normalized LogL: -2.091476, Exp of Normalized LogL: 0.123505, Best Rate: 0.3
Fault: [4,1,2,0,4,5], logL: -14.640330, Exp of LogL: 0.000000, Normalized LogL: -2.091476, Exp of Normalized LogL: 0.123505, Best Rate: 0.3
Fault: [5,1,2,3,4,5], logL: -14.735939, Exp of LogL: 0.000000, Normalized LogL: -2.105134, Exp of Normalized LogL: 0.121829, Best Rate: 0.3
Fault: [1,1,2,3,4,5], logL: -15.412851, Exp of LogL: 0.000000, Normalized LogL: -2.201836, Exp of Normalized LogL: 0.110600, Best Rate: 0.3
Fault: [2,1,2,3,4,5], logL: -15.567415, Exp of LogL: 0.000000, Normalized LogL: -2.223916, Exp of Normalized LogL: 0.108185, Best Rate: 0.3
Fault: [3,1,2,3,4,5], logL: -16.655202, Exp of LogL: 0.000000, Normalized LogL: -2.379315, Exp of Normalized LogL: 0.092614, Best Rate: 0.3
Fault: [0,1,2,3,4,5], logL: -16.959366, Exp of LogL: 0.000000, Normalized LogL: -2.422767, Exp of Normalized LogL: 0.088676, Best Rate: 0.3

========= ADAPTIVE MC DEBUG =========
Total calls: 70
Avg tries: 1240.00
Confidence stops: 70
Max stops: 0
Max stop rate: 0.000
Real Fault Rank 1
===== SEED 31 | FR=0.3 | VR=40 =====
executing with fault mode: [4,1,2,3,4,5]

Fault scores (higher is better):
Fault: [4,1,2,3,4,5], logL: -20.326045, Exp of LogL: 0.000000, Normalized LogL: -1.563542, Exp of Normalized LogL: 0.209393, Best Rate: 0.3
Fault: [4,1,2,1,4,5], logL: -20.504660, Exp of LogL: 0.000000, Normalized LogL: -1.577282, Exp of Normalized LogL: 0.206536, Best Rate: 0.3
Fault: [1,1,2,3,4,5], logL: -20.520075, Exp of LogL: 0.000000, Normalized LogL: -1.578467, Exp of Normalized LogL: 0.206291, Best Rate: 0.3
Fault: [4,1,2,5,4,5], logL: -20.556815, Exp of LogL: 0.000000, Normalized LogL: -1.581293, Exp of Normalized LogL: 0.205709, Best Rate: 0.3
Fault: [4,1,2,2,4,5], logL: -20.556815, Exp of LogL: 0.000000, Normalized LogL: -1.581293, Exp of Normalized LogL: 0.205709, Best Rate: 0.3
Fault: [4,1,2,0,4,5], logL: -20.556815, Exp of LogL: 0.000000, Normalized LogL: -1.581293, Exp of Normalized LogL: 0.205709, Best Rate: 0.3
Fault: [5,1,2,3,4,5], logL: -20.844349, Exp of LogL: 0.000000, Normalized LogL: -1.603411, Exp of Normalized LogL: 0.201209, Best Rate: 0.3
Fault: [2,1,2,3,4,5], logL: -20.914616, Exp of LogL: 0.000000, Normalized LogL: -1.608817, Exp of Normalized LogL: 0.200124, Best Rate: 0.3
Fault: [0,1,2,3,4,5], logL: -44.738213, Exp of LogL: 0.000000, Normalized LogL: -3.441401, Exp of Normalized LogL: 0.032020, Best Rate: 0.3
Fault: [3,1,2,3,4,5], logL: -44.908655, Exp of LogL: 0.000000, Normalized LogL: -3.454512, Exp of Normalized LogL: 0.031603, Best Rate: 0.3

========= ADAPTIVE MC DEBUG =========
Total calls: 130
Avg tries: 1638.85
Confidence stops: 130
Max stops: 0
Max stop rate: 0.000
Real Fault Rank 1
===== SEED 31 | FR=0.3 | VR=60 =====
executing with fault mode: [4,1,2,3,4,5]

Fault scores (higher is better):
Fault: [3,1,2,3,4,5], logL: -26.145393, Exp of LogL: 0.000000, Normalized LogL: -1.307270, Exp of Normalized LogL: 0.270558, Best Rate: 0.3
Fault: [2,1,2,3,4,5], logL: -26.535650, Exp of LogL: 0.000000, Normalized LogL: -1.326782, Exp of Normalized LogL: 0.265330, Best Rate: 0.3
Fault: [4,1,2,3,4,5], logL: -26.604789, Exp of LogL: 0.000000, Normalized LogL: -1.330239, Exp of Normalized LogL: 0.264414, Best Rate: 0.3
Fault: [5,1,2,3,4,5], logL: -26.604789, Exp of LogL: 0.000000, Normalized LogL: -1.330239, Exp of Normalized LogL: 0.264414, Best Rate: 0.3
Fault: [1,1,2,3,4,5], logL: -26.677979, Exp of LogL: 0.000000, Normalized LogL: -1.333899, Exp of Normalized LogL: 0.263448, Best Rate: 0.3
Fault: [4,1,2,1,4,5], logL: -26.783404, Exp of LogL: 0.000000, Normalized LogL: -1.339170, Exp of Normalized LogL: 0.262063, Best Rate: 0.3
Fault: [4,1,2,5,4,5], logL: -26.835559, Exp of LogL: 0.000000, Normalized LogL: -1.341778, Exp of Normalized LogL: 0.261381, Best Rate: 0.3
Fault: [4,1,2,2,4,5], logL: -26.835559, Exp of LogL: 0.000000, Normalized LogL: -1.341778, Exp of Normalized LogL: 0.261381, Best Rate: 0.3
Fault: [4,1,2,0,4,5], logL: -26.835559, Exp of LogL: 0.000000, Normalized LogL: -1.341778, Exp of Normalized LogL: 0.261381, Best Rate: 0.3
Fault: [0,1,2,3,4,5], logL: -27.011918, Exp of LogL: 0.000000, Normalized LogL: -1.350596, Exp of Normalized LogL: 0.259086, Best Rate: 0.3

========= ADAPTIVE MC DEBUG =========
Total calls: 200
Avg tries: 1510.50
Confidence stops: 200
Max stops: 0
Max stop rate: 0.000
Real Fault Rank 3
===== SEED 31 | FR=0.3 | VR=80 =====
executing with fault mode: [4,1,2,3,4,5]

Fault scores (higher is better):
Fault: [4,1,2,3,4,5], logL: -30.404038, Exp of LogL: 0.000000, Normalized LogL: -1.169386, Exp of Normalized LogL: 0.310558, Best Rate: 0.3
Fault: [5,1,2,3,4,5], logL: -30.404038, Exp of LogL: 0.000000, Normalized LogL: -1.169386, Exp of Normalized LogL: 0.310558, Best Rate: 0.3
Fault: [3,1,2,3,4,5], logL: -30.404258, Exp of LogL: 0.000000, Normalized LogL: -1.169395, Exp of Normalized LogL: 0.310555, Best Rate: 0.3
Fault: [2,1,2,3,4,5], logL: -30.413877, Exp of LogL: 0.000000, Normalized LogL: -1.169764, Exp of Normalized LogL: 0.310440, Best Rate: 0.3
Fault: [4,1,2,1,4,5], logL: -30.582653, Exp of LogL: 0.000000, Normalized LogL: -1.176256, Exp of Normalized LogL: 0.308431, Best Rate: 0.3
Fault: [4,1,2,5,4,5], logL: -30.634808, Exp of LogL: 0.000000, Normalized LogL: -1.178262, Exp of Normalized LogL: 0.307813, Best Rate: 0.3
Fault: [4,1,2,2,4,5], logL: -30.634808, Exp of LogL: 0.000000, Normalized LogL: -1.178262, Exp of Normalized LogL: 0.307813, Best Rate: 0.3
Fault: [4,1,2,0,4,5], logL: -30.634808, Exp of LogL: 0.000000, Normalized LogL: -1.178262, Exp of Normalized LogL: 0.307813, Best Rate: 0.3
Fault: [0,1,2,3,4,5], logL: -30.935747, Exp of LogL: 0.000000, Normalized LogL: -1.189836, Exp of Normalized LogL: 0.304271, Best Rate: 0.3
Fault: [1,1,2,3,4,5], logL: -31.111572, Exp of LogL: 0.000000, Normalized LogL: -1.196599, Exp of Normalized LogL: 0.302220, Best Rate: 0.3

========= ADAPTIVE MC DEBUG =========
Total calls: 260
Avg tries: 1639.81
Confidence stops: 260
Max stops: 0
Max stop rate: 0.000
Real Fault Rank 1
===== SEED 31 | FR=0.3 | VR=100 =====
executing with fault mode: [4,1,2,3,4,5]

Fault scores (higher is better):
Fault: [4,1,2,3,4,5], logL: -33.113517, Exp of LogL: 0.000000, Normalized LogL: -1.003440, Exp of Normalized LogL: 0.366616, Best Rate: 0.3
Fault: [5,1,2,3,4,5], logL: -33.113517, Exp of LogL: 0.000000, Normalized LogL: -1.003440, Exp of Normalized LogL: 0.366616, Best Rate: 0.3
Fault: [2,1,2,3,4,5], logL: -33.256792, Exp of LogL: 0.000000, Normalized LogL: -1.007782, Exp of Normalized LogL: 0.365028, Best Rate: 0.3
Fault: [4,1,2,1,4,5], logL: -33.390795, Exp of LogL: 0.000000, Normalized LogL: -1.011842, Exp of Normalized LogL: 0.363549, Best Rate: 0.3
Fault: [4,1,2,5,4,5], logL: -33.480286, Exp of LogL: 0.000000, Normalized LogL: -1.014554, Exp of Normalized LogL: 0.362564, Best Rate: 0.3
Fault: [4,1,2,2,4,5], logL: -33.480286, Exp of LogL: 0.000000, Normalized LogL: -1.014554, Exp of Normalized LogL: 0.362564, Best Rate: 0.3
Fault: [4,1,2,0,4,5], logL: -33.480286, Exp of LogL: 0.000000, Normalized LogL: -1.014554, Exp of Normalized LogL: 0.362564, Best Rate: 0.3
Fault: [0,1,2,3,4,5], logL: -34.316209, Exp of LogL: 0.000000, Normalized LogL: -1.039885, Exp of Normalized LogL: 0.353495, Best Rate: 0.3
Fault: [3,1,2,3,4,5], logL: -35.423400, Exp of LogL: 0.000000, Normalized LogL: -1.073436, Exp of Normalized LogL: 0.341832, Best Rate: 0.3
Fault: [1,1,2,3,4,5], logL: -36.207003, Exp of LogL: 0.000000, Normalized LogL: -1.097182, Exp of Normalized LogL: 0.333810, Best Rate: 0.3

========= ADAPTIVE MC DEBUG =========
Total calls: 330
Avg tries: 1760.30
Confidence stops: 330
Max stops: 0
Max stop rate: 0.000
Real Fault Rank 1
================= 22/08/2026 06:18:11: SEED 31 END =================
================= 22/08/2026 06:18:11: SEED 32 (30/100), a*=2 fault=[0,1,0,3,4,5] START =================
===== SEED 32 | FR=0.3 | VR=20 =====
executing with fault mode: [0,1,0,3,4,5]

Fault scores (higher is better):
Fault: [0,1,4,3,4,5], logL: -9.999527, Exp of LogL: 0.000045, Normalized LogL: -1.666588, Exp of Normalized LogL: 0.188890, Best Rate: 0.3
Fault: [0,1,5,3,4,5], logL: -9.999527, Exp of LogL: 0.000045, Normalized LogL: -1.666588, Exp of Normalized LogL: 0.188890, Best Rate: 0.3
Fault: [0,1,2,3,4,5], logL: -10.872862, Exp of LogL: 0.000019, Normalized LogL: -1.812144, Exp of Normalized LogL: 0.163304, Best Rate: 0.3
Fault: [0,1,0,3,0,5], logL: -12.020311, Exp of LogL: 0.000006, Normalized LogL: -2.003385, Exp of Normalized LogL: 0.134878, Best Rate: 0.3
Fault: [0,1,0,3,3,5], logL: -12.020311, Exp of LogL: 0.000006, Normalized LogL: -2.003385, Exp of Normalized LogL: 0.134878, Best Rate: 0.3
Fault: [0,1,0,3,5,5], logL: -12.020311, Exp of LogL: 0.000006, Normalized LogL: -2.003385, Exp of Normalized LogL: 0.134878, Best Rate: 0.3
Fault: [0,1,0,3,2,5], logL: -12.020311, Exp of LogL: 0.000006, Normalized LogL: -2.003385, Exp of Normalized LogL: 0.134878, Best Rate: 0.3
Fault: [0,1,0,3,4,5], logL: -12.029880, Exp of LogL: 0.000006, Normalized LogL: -2.004980, Exp of Normalized LogL: 0.134663, Best Rate: 0.3
Fault: [0,1,3,3,4,5], logL: -12.090089, Exp of LogL: 0.000006, Normalized LogL: -2.015015, Exp of Normalized LogL: 0.133318, Best Rate: 0.3
Fault: [0,1,1,3,4,5], logL: -12.201363, Exp of LogL: 0.000005, Normalized LogL: -2.033561, Exp of Normalized LogL: 0.130869, Best Rate: 0.3

========= ADAPTIVE MC DEBUG =========
Total calls: 60
Avg tries: 1315.83
Confidence stops: 60
Max stops: 0
Max stop rate: 0.000
Real Fault Rank 8
===== SEED 32 | FR=0.3 | VR=40 =====
executing with fault mode: [0,1,0,3,4,5]

Fault scores (higher is better):
Fault: [0,1,2,3,4,5], logL: -14.383596, Exp of LogL: 0.000001, Normalized LogL: -1.307600, Exp of Normalized LogL: 0.270469, Best Rate: 0.3
Fault: [0,1,4,3,4,5], logL: -14.503934, Exp of LogL: 0.000001, Normalized LogL: -1.318539, Exp of Normalized LogL: 0.267526, Best Rate: 0.3
Fault: [0,1,5,3,4,5], logL: -14.503934, Exp of LogL: 0.000001, Normalized LogL: -1.318539, Exp of Normalized LogL: 0.267526, Best Rate: 0.3
Fault: [0,1,1,3,4,5], logL: -14.674644, Exp of LogL: 0.000000, Normalized LogL: -1.334059, Exp of Normalized LogL: 0.263406, Best Rate: 0.3
Fault: [0,1,3,3,4,5], logL: -14.692170, Exp of LogL: 0.000000, Normalized LogL: -1.335652, Exp of Normalized LogL: 0.262987, Best Rate: 0.3
Fault: [0,1,0,3,4,5], logL: -14.895290, Exp of LogL: 0.000000, Normalized LogL: -1.354117, Exp of Normalized LogL: 0.258175, Best Rate: 0.3
Fault: [0,1,0,3,0,5], logL: -15.229091, Exp of LogL: 0.000000, Normalized LogL: -1.384463, Exp of Normalized LogL: 0.250458, Best Rate: 0.3
Fault: [0,1,0,3,3,5], logL: -15.229091, Exp of LogL: 0.000000, Normalized LogL: -1.384463, Exp of Normalized LogL: 0.250458, Best Rate: 0.3
Fault: [0,1,0,3,5,5], logL: -15.229091, Exp of LogL: 0.000000, Normalized LogL: -1.384463, Exp of Normalized LogL: 0.250458, Best Rate: 0.3
Fault: [0,1,0,3,2,5], logL: -15.229091, Exp of LogL: 0.000000, Normalized LogL: -1.384463, Exp of Normalized LogL: 0.250458, Best Rate: 0.3

========= ADAPTIVE MC DEBUG =========
Total calls: 110
Avg tries: 1645.00
Confidence stops: 110
Max stops: 0
Max stop rate: 0.000
Real Fault Rank 6
===== SEED 32 | FR=0.3 | VR=60 =====
executing with fault mode: [0,1,0,3,4,5]

Fault scores (higher is better):
Fault: [0,1,2,3,4,5], logL: -15.012857, Exp of LogL: 0.000000, Normalized LogL: -0.938304, Exp of Normalized LogL: 0.391291, Best Rate: 0.3
Fault: [0,1,4,3,4,5], logL: -15.133195, Exp of LogL: 0.000000, Normalized LogL: -0.945825, Exp of Normalized LogL: 0.388359, Best Rate: 0.3
Fault: [0,1,5,3,4,5], logL: -15.133195, Exp of LogL: 0.000000, Normalized LogL: -0.945825, Exp of Normalized LogL: 0.388359, Best Rate: 0.3
Fault: [0,1,1,3,4,5], logL: -15.303906, Exp of LogL: 0.000000, Normalized LogL: -0.956494, Exp of Normalized LogL: 0.384238, Best Rate: 0.3
Fault: [0,1,3,3,4,5], logL: -15.321431, Exp of LogL: 0.000000, Normalized LogL: -0.957589, Exp of Normalized LogL: 0.383817, Best Rate: 0.3
Fault: [0,1,0,3,4,5], logL: -15.524551, Exp of LogL: 0.000000, Normalized LogL: -0.970284, Exp of Normalized LogL: 0.378975, Best Rate: 0.3
Fault: [0,1,0,3,0,5], logL: -15.891734, Exp of LogL: 0.000000, Normalized LogL: -0.993233, Exp of Normalized LogL: 0.370377, Best Rate: 0.3
Fault: [0,1,0,3,3,5], logL: -15.891734, Exp of LogL: 0.000000, Normalized LogL: -0.993233, Exp of Normalized LogL: 0.370377, Best Rate: 0.3
Fault: [0,1,0,3,5,5], logL: -15.891734, Exp of LogL: 0.000000, Normalized LogL: -0.993233, Exp of Normalized LogL: 0.370377, Best Rate: 0.3
Fault: [0,1,0,3,2,5], logL: -15.891734, Exp of LogL: 0.000000, Normalized LogL: -0.993233, Exp of Normalized LogL: 0.370377, Best Rate: 0.3

========= ADAPTIVE MC DEBUG =========
Total calls: 160
Avg tries: 1741.56
Confidence stops: 160
Max stops: 0
Max stop rate: 0.000
Real Fault Rank 6
===== SEED 32 | FR=0.3 | VR=80 =====
executing with fault mode: [0,1,0,3,4,5]

Fault scores (higher is better):
Fault: [0,1,3,3,4,5], logL: -17.754864, Exp of LogL: 0.000000, Normalized LogL: -0.845470, Exp of Normalized LogL: 0.429356, Best Rate: 0.3
Fault: [0,1,4,3,4,5], logL: -17.878390, Exp of LogL: 0.000000, Normalized LogL: -0.851352, Exp of Normalized LogL: 0.426838, Best Rate: 0.3
Fault: [0,1,5,3,4,5], logL: -17.878390, Exp of LogL: 0.000000, Normalized LogL: -0.851352, Exp of Normalized LogL: 0.426838, Best Rate: 0.3
Fault: [0,1,2,3,4,5], logL: -17.902775, Exp of LogL: 0.000000, Normalized LogL: -0.852513, Exp of Normalized LogL: 0.426342, Best Rate: 0.3
Fault: [0,1,1,3,4,5], logL: -17.956295, Exp of LogL: 0.000000, Normalized LogL: -0.855062, Exp of Normalized LogL: 0.425257, Best Rate: 0.3
Fault: [0,1,0,3,4,5], logL: -18.171235, Exp of LogL: 0.000000, Normalized LogL: -0.865297, Exp of Normalized LogL: 0.420927, Best Rate: 0.3
Fault: [0,1,0,3,0,5], logL: -18.538418, Exp of LogL: 0.000000, Normalized LogL: -0.882782, Exp of Normalized LogL: 0.413631, Best Rate: 0.3
Fault: [0,1,0,3,3,5], logL: -18.538418, Exp of LogL: 0.000000, Normalized LogL: -0.882782, Exp of Normalized LogL: 0.413631, Best Rate: 0.3
Fault: [0,1,0,3,5,5], logL: -18.538418, Exp of LogL: 0.000000, Normalized LogL: -0.882782, Exp of Normalized LogL: 0.413631, Best Rate: 0.3
Fault: [0,1,0,3,2,5], logL: -18.538418, Exp of LogL: 0.000000, Normalized LogL: -0.882782, Exp of Normalized LogL: 0.413631, Best Rate: 0.3

========= ADAPTIVE MC DEBUG =========
Total calls: 210
Avg tries: 1828.33
Confidence stops: 210
Max stops: 0
Max stop rate: 0.000
Real Fault Rank 6
===== SEED 32 | FR=0.3 | VR=100 =====
executing with fault mode: [0,1,0,3,4,5]

Fault scores (higher is better):
Fault: [0,1,3,3,4,5], logL: -20.176521, Exp of LogL: 0.000000, Normalized LogL: -0.776020, Exp of Normalized LogL: 0.460234, Best Rate: 0.3
Fault: [0,1,0,3,4,5], logL: -21.263132, Exp of LogL: 0.000000, Normalized LogL: -0.817813, Exp of Normalized LogL: 0.441396, Best Rate: 0.3
Fault: [0,1,0,3,0,5], logL: -21.630315, Exp of LogL: 0.000000, Normalized LogL: -0.831935, Exp of Normalized LogL: 0.435206, Best Rate: 0.3
Fault: [0,1,0,3,3,5], logL: -21.630315, Exp of LogL: 0.000000, Normalized LogL: -0.831935, Exp of Normalized LogL: 0.435206, Best Rate: 0.3
Fault: [0,1,0,3,5,5], logL: -21.630315, Exp of LogL: 0.000000, Normalized LogL: -0.831935, Exp of Normalized LogL: 0.435206, Best Rate: 0.3
Fault: [0,1,0,3,2,5], logL: -21.630315, Exp of LogL: 0.000000, Normalized LogL: -0.831935, Exp of Normalized LogL: 0.435206, Best Rate: 0.3
Fault: [0,1,1,3,4,5], logL: -21.806614, Exp of LogL: 0.000000, Normalized LogL: -0.838716, Exp of Normalized LogL: 0.432265, Best Rate: 0.3
Fault: [0,1,2,3,4,5], logL: -44.859988, Exp of LogL: 0.000000, Normalized LogL: -1.725384, Exp of Normalized LogL: 0.178105, Best Rate: 0.3
Fault: [0,1,4,3,4,5], logL: -46.225841, Exp of LogL: 0.000000, Normalized LogL: -1.777917, Exp of Normalized LogL: 0.168990, Best Rate: 0.3
Fault: [0,1,5,3,4,5], logL: -46.225841, Exp of LogL: 0.000000, Normalized LogL: -1.777917, Exp of Normalized LogL: 0.168990, Best Rate: 0.3

========= ADAPTIVE MC DEBUG =========
Total calls: 260
Avg tries: 1843.46
Confidence stops: 260
Max stops: 0
Max stop rate: 0.000
Real Fault Rank 2
================= 22/08/2026 06:22:08: SEED 32 END =================
================= 22/08/2026 06:22:08: SEED 33 (31/100), a*=3 fault=[0,1,2,1,4,5] START =================
===== SEED 33 | FR=0.3 | VR=20 =====
executing with fault mode: [0,1,2,1,4,5]

executing with fault mode: [0,1,2,1,4,5]

Fault scores (higher is better):
Fault: [0,1,2,1,3,5], logL: -16.773775, Exp of LogL: 0.000000, Normalized LogL: -2.396254, Exp of Normalized LogL: 0.091058, Best Rate: 0.3
Fault: [0,1,2,1,0,5], logL: -17.340699, Exp of LogL: 0.000000, Normalized LogL: -2.477243, Exp of Normalized LogL: 0.083974, Best Rate: 0.3
Fault: [0,1,2,1,4,5], logL: -18.123061, Exp of LogL: 0.000000, Normalized LogL: -2.589009, Exp of Normalized LogL: 0.075094, Best Rate: 0.3
Fault: [0,1,2,1,1,5], logL: -18.300986, Exp of LogL: 0.000000, Normalized LogL: -2.614427, Exp of Normalized LogL: 0.073210, Best Rate: 0.3
Fault: [0,1,2,1,2,5], logL: -18.300986, Exp of LogL: 0.000000, Normalized LogL: -2.614427, Exp of Normalized LogL: 0.073210, Best Rate: 0.3
Fault: [0,1,2,3,4,5], logL: -18.473053, Exp of LogL: 0.000000, Normalized LogL: -2.639008, Exp of Normalized LogL: 0.071432, Best Rate: 0.3
Fault: [0,1,2,5,4,5], logL: -18.928172, Exp of LogL: 0.000000, Normalized LogL: -2.704025, Exp of Normalized LogL: 0.066936, Best Rate: 0.3
Fault: [0,1,2,4,4,5], logL: -18.928172, Exp of LogL: 0.000000, Normalized LogL: -2.704025, Exp of Normalized LogL: 0.066936, Best Rate: 0.3
Fault: [0,1,2,0,4,5], logL: -19.071366, Exp of LogL: 0.000000, Normalized LogL: -2.724481, Exp of Normalized LogL: 0.065580, Best Rate: 0.3
Fault: [0,1,2,2,4,5], logL: -19.497761, Exp of LogL: 0.000000, Normalized LogL: -2.785394, Exp of Normalized LogL: 0.061705, Best Rate: 0.3

========= ADAPTIVE MC DEBUG =========
Total calls: 70
Avg tries: 1054.29
Confidence stops: 70
Max stops: 0
Max stop rate: 0.000
Real Fault Rank 3
===== SEED 33 | FR=0.3 | VR=40 =====
executing with fault mode: [0,1,2,1,4,5]

executing with fault mode: [0,1,2,1,4,5]

Fault scores (higher is better):
Fault: [0,1,2,1,1,5], logL: -23.722675, Exp of LogL: 0.000000, Normalized LogL: -1.824821, Exp of Normalized LogL: 0.161246, Best Rate: 0.3
Fault: [0,1,2,1,2,5], logL: -23.722675, Exp of LogL: 0.000000, Normalized LogL: -1.824821, Exp of Normalized LogL: 0.161246, Best Rate: 0.3
Fault: [0,1,2,1,0,5], logL: -25.439024, Exp of LogL: 0.000000, Normalized LogL: -1.956848, Exp of Normalized LogL: 0.141303, Best Rate: 0.3
Fault: [0,1,2,1,3,5], logL: -25.583467, Exp of LogL: 0.000000, Normalized LogL: -1.967959, Exp of Normalized LogL: 0.139742, Best Rate: 0.3
Fault: [0,1,2,1,4,5], logL: -25.653732, Exp of LogL: 0.000000, Normalized LogL: -1.973364, Exp of Normalized LogL: 0.138989, Best Rate: 0.3
Fault: [0,1,2,5,4,5], logL: -25.751215, Exp of LogL: 0.000000, Normalized LogL: -1.980863, Exp of Normalized LogL: 0.137950, Best Rate: 0.3
Fault: [0,1,2,4,4,5], logL: -25.751215, Exp of LogL: 0.000000, Normalized LogL: -1.980863, Exp of Normalized LogL: 0.137950, Best Rate: 0.3
Fault: [0,1,2,3,4,5], logL: -25.920647, Exp of LogL: 0.000000, Normalized LogL: -1.993896, Exp of Normalized LogL: 0.136164, Best Rate: 0.3
Fault: [0,1,2,2,4,5], logL: -26.257511, Exp of LogL: 0.000000, Normalized LogL: -2.019809, Exp of Normalized LogL: 0.132681, Best Rate: 0.3
Fault: [0,1,2,0,4,5], logL: -26.300335, Exp of LogL: 0.000000, Normalized LogL: -2.023103, Exp of Normalized LogL: 0.132245, Best Rate: 0.3

========= ADAPTIVE MC DEBUG =========
Total calls: 130
Avg tries: 1381.15
Confidence stops: 130
Max stops: 0
Max stop rate: 0.000
Real Fault Rank 5
===== SEED 33 | FR=0.3 | VR=60 =====
executing with fault mode: [0,1,2,1,4,5]

executing with fault mode: [0,1,2,1,4,5]

Fault scores (higher is better):
Fault: [0,1,2,1,1,5], logL: -28.741864, Exp of LogL: 0.000000, Normalized LogL: -1.512730, Exp of Normalized LogL: 0.220308, Best Rate: 0.3
Fault: [0,1,2,1,2,5], logL: -28.741864, Exp of LogL: 0.000000, Normalized LogL: -1.512730, Exp of Normalized LogL: 0.220308, Best Rate: 0.3
Fault: [0,1,2,1,0,5], logL: -30.458214, Exp of LogL: 0.000000, Normalized LogL: -1.603064, Exp of Normalized LogL: 0.201279, Best Rate: 0.3
Fault: [0,1,2,1,3,5], logL: -30.602656, Exp of LogL: 0.000000, Normalized LogL: -1.610666, Exp of Normalized LogL: 0.199755, Best Rate: 0.3
Fault: [0,1,2,5,4,5], logL: -30.639769, Exp of LogL: 0.000000, Normalized LogL: -1.612619, Exp of Normalized LogL: 0.199365, Best Rate: 0.3
Fault: [0,1,2,4,4,5], logL: -30.639769, Exp of LogL: 0.000000, Normalized LogL: -1.612619, Exp of Normalized LogL: 0.199365, Best Rate: 0.3
Fault: [0,1,2,1,4,5], logL: -30.672921, Exp of LogL: 0.000000, Normalized LogL: -1.614364, Exp of Normalized LogL: 0.199017, Best Rate: 0.3
Fault: [0,1,2,3,4,5], logL: -31.084393, Exp of LogL: 0.000000, Normalized LogL: -1.636021, Exp of Normalized LogL: 0.194753, Best Rate: 0.3
Fault: [0,1,2,2,4,5], logL: -31.647386, Exp of LogL: 0.000000, Normalized LogL: -1.665652, Exp of Normalized LogL: 0.189067, Best Rate: 0.3
Fault: [0,1,2,0,4,5], logL: -31.972424, Exp of LogL: 0.000000, Normalized LogL: -1.682759, Exp of Normalized LogL: 0.185860, Best Rate: 0.3

========= ADAPTIVE MC DEBUG =========
Total calls: 190
Avg tries: 1467.89
Confidence stops: 190
Max stops: 0
Max stop rate: 0.000
Real Fault Rank 7
===== SEED 33 | FR=0.3 | VR=80 =====
executing with fault mode: [0,1,2,1,4,5]

executing with fault mode: [0,1,2,1,4,5]

Fault scores (higher is better):
Fault: [0,1,2,5,4,5], logL: -31.735550, Exp of LogL: 0.000000, Normalized LogL: -1.269422, Exp of Normalized LogL: 0.280994, Best Rate: 0.3
Fault: [0,1,2,4,4,5], logL: -31.735550, Exp of LogL: 0.000000, Normalized LogL: -1.269422, Exp of Normalized LogL: 0.280994, Best Rate: 0.3
Fault: [0,1,2,1,1,5], logL: -32.110273, Exp of LogL: 0.000000, Normalized LogL: -1.284411, Exp of Normalized LogL: 0.276814, Best Rate: 0.3
Fault: [0,1,2,1,2,5], logL: -32.110273, Exp of LogL: 0.000000, Normalized LogL: -1.284411, Exp of Normalized LogL: 0.276814, Best Rate: 0.3
Fault: [0,1,2,1,4,5], logL: -32.887161, Exp of LogL: 0.000000, Normalized LogL: -1.315486, Exp of Normalized LogL: 0.268344, Best Rate: 0.3
Fault: [0,1,2,1,0,5], logL: -33.058603, Exp of LogL: 0.000000, Normalized LogL: -1.322344, Exp of Normalized LogL: 0.266510, Best Rate: 0.3
Fault: [0,1,2,1,3,5], logL: -33.106231, Exp of LogL: 0.000000, Normalized LogL: -1.324249, Exp of Normalized LogL: 0.266003, Best Rate: 0.3
Fault: [0,1,2,2,4,5], logL: -33.968060, Exp of LogL: 0.000000, Normalized LogL: -1.358722, Exp of Normalized LogL: 0.256989, Best Rate: 0.3
Fault: [0,1,2,3,4,5], logL: -34.008173, Exp of LogL: 0.000000, Normalized LogL: -1.360327, Exp of Normalized LogL: 0.256577, Best Rate: 0.3
Fault: [0,1,2,0,4,5], logL: -35.034905, Exp of LogL: 0.000000, Normalized LogL: -1.401396, Exp of Normalized LogL: 0.246253, Best Rate: 0.3

========= ADAPTIVE MC DEBUG =========
Total calls: 250
Avg tries: 1707.40
Confidence stops: 250
Max stops: 0
Max stop rate: 0.000
Real Fault Rank 5
===== SEED 33 | FR=0.3 | VR=100 =====
executing with fault mode: [0,1,2,1,4,5]

executing with fault mode: [0,1,2,1,4,5]

Fault scores (higher is better):
Fault: [0,1,2,1,4,5], logL: -33.189325, Exp of LogL: 0.000000, Normalized LogL: -1.070623, Exp of Normalized LogL: 0.342795, Best Rate: 0.3
Fault: [0,1,2,5,4,5], logL: -33.376266, Exp of LogL: 0.000000, Normalized LogL: -1.076654, Exp of Normalized LogL: 0.340734, Best Rate: 0.3
Fault: [0,1,2,4,4,5], logL: -33.376266, Exp of LogL: 0.000000, Normalized LogL: -1.076654, Exp of Normalized LogL: 0.340734, Best Rate: 0.3
Fault: [0,1,2,1,3,5], logL: -33.543912, Exp of LogL: 0.000000, Normalized LogL: -1.082062, Exp of Normalized LogL: 0.338896, Best Rate: 0.3
Fault: [0,1,2,1,0,5], logL: -33.543912, Exp of LogL: 0.000000, Normalized LogL: -1.082062, Exp of Normalized LogL: 0.338896, Best Rate: 0.3
Fault: [0,1,2,1,1,5], logL: -33.543912, Exp of LogL: 0.000000, Normalized LogL: -1.082062, Exp of Normalized LogL: 0.338896, Best Rate: 0.3
Fault: [0,1,2,1,2,5], logL: -33.543912, Exp of LogL: 0.000000, Normalized LogL: -1.082062, Exp of Normalized LogL: 0.338896, Best Rate: 0.3
Fault: [0,1,2,2,4,5], logL: -34.277542, Exp of LogL: 0.000000, Normalized LogL: -1.105727, Exp of Normalized LogL: 0.330970, Best Rate: 0.3
Fault: [0,1,2,3,4,5], logL: -35.587594, Exp of LogL: 0.000000, Normalized LogL: -1.147987, Exp of Normalized LogL: 0.317275, Best Rate: 0.3
Fault: [0,1,2,0,4,5], logL: -37.225689, Exp of LogL: 0.000000, Normalized LogL: -1.200829, Exp of Normalized LogL: 0.300945, Best Rate: 0.3

========= ADAPTIVE MC DEBUG =========
Total calls: 310
Avg tries: 1758.87
Confidence stops: 310
Max stops: 0
Max stop rate: 0.000
Real Fault Rank 1
================= 22/08/2026 06:26:11: SEED 33 END =================
================= 22/08/2026 06:26:11: SEED 34 (32/100), a*=2 fault=[0,1,0,3,4,5] START =================
===== SEED 34 | FR=0.3 | VR=20 =====
executing with fault mode: [0,1,0,3,4,5]

Fault scores (higher is better):
Fault: [0,1,0,3,4,5], logL: -5.614897, Exp of LogL: 0.003643, Normalized LogL: -1.403724, Exp of Normalized LogL: 0.245680, Best Rate: 0.3
Fault: [0,1,0,1,4,5], logL: -5.637402, Exp of LogL: 0.003562, Normalized LogL: -1.409351, Exp of Normalized LogL: 0.244302, Best Rate: 0.3
Fault: [0,1,3,3,4,5], logL: -5.796719, Exp of LogL: 0.003038, Normalized LogL: -1.449180, Exp of Normalized LogL: 0.234763, Best Rate: 0.3
Fault: [0,1,0,0,4,5], logL: -5.990830, Exp of LogL: 0.002502, Normalized LogL: -1.497707, Exp of Normalized LogL: 0.223642, Best Rate: 0.3
Fault: [0,1,0,2,4,5], logL: -5.990830, Exp of LogL: 0.002502, Normalized LogL: -1.497707, Exp of Normalized LogL: 0.223642, Best Rate: 0.3
Fault: [0,1,0,4,4,5], logL: -5.990830, Exp of LogL: 0.002502, Normalized LogL: -1.497707, Exp of Normalized LogL: 0.223642, Best Rate: 0.3
Fault: [0,1,1,3,4,5], logL: -6.220533, Exp of LogL: 0.001988, Normalized LogL: -1.555133, Exp of Normalized LogL: 0.211161, Best Rate: 0.3
Fault: [0,1,2,3,4,5], logL: -6.642746, Exp of LogL: 0.001303, Normalized LogL: -1.660687, Exp of Normalized LogL: 0.190008, Best Rate: 0.3
Fault: [0,1,5,3,4,5], logL: -7.000692, Exp of LogL: 0.000911, Normalized LogL: -1.750173, Exp of Normalized LogL: 0.173744, Best Rate: 0.3
Fault: [0,1,4,3,4,5], logL: -7.000692, Exp of LogL: 0.000911, Normalized LogL: -1.750173, Exp of Normalized LogL: 0.173744, Best Rate: 0.3

========= ADAPTIVE MC DEBUG =========
Total calls: 40
Avg tries: 1635.00
Confidence stops: 40
Max stops: 0
Max stop rate: 0.000
Real Fault Rank 1
===== SEED 34 | FR=0.3 | VR=40 =====
executing with fault mode: [0,1,0,3,4,5]

Fault scores (higher is better):
Fault: [0,1,3,3,4,5], logL: -8.983862, Exp of LogL: 0.000125, Normalized LogL: -1.122983, Exp of Normalized LogL: 0.325308, Best Rate: 0.3
Fault: [0,1,1,3,4,5], logL: -10.173478, Exp of LogL: 0.000038, Normalized LogL: -1.271685, Exp of Normalized LogL: 0.280359, Best Rate: 0.3
Fault: [0,1,0,3,4,5], logL: -10.650276, Exp of LogL: 0.000024, Normalized LogL: -1.331285, Exp of Normalized LogL: 0.264138, Best Rate: 0.3
Fault: [0,1,0,1,4,5], logL: -10.895925, Exp of LogL: 0.000019, Normalized LogL: -1.361991, Exp of Normalized LogL: 0.256150, Best Rate: 0.3
Fault: [0,1,0,0,4,5], logL: -10.998038, Exp of LogL: 0.000017, Normalized LogL: -1.374755, Exp of Normalized LogL: 0.252902, Best Rate: 0.3
Fault: [0,1,0,2,4,5], logL: -10.998038, Exp of LogL: 0.000017, Normalized LogL: -1.374755, Exp of Normalized LogL: 0.252902, Best Rate: 0.3
Fault: [0,1,0,4,4,5], logL: -10.998038, Exp of LogL: 0.000017, Normalized LogL: -1.374755, Exp of Normalized LogL: 0.252902, Best Rate: 0.3
Fault: [0,1,2,3,4,5], logL: -35.121288, Exp of LogL: 0.000000, Normalized LogL: -4.390161, Exp of Normalized LogL: 0.012399, Best Rate: 0.3
Fault: [0,1,5,3,4,5], logL: -35.455232, Exp of LogL: 0.000000, Normalized LogL: -4.431904, Exp of Normalized LogL: 0.011892, Best Rate: 0.3
Fault: [0,1,4,3,4,5], logL: -35.455232, Exp of LogL: 0.000000, Normalized LogL: -4.431904, Exp of Normalized LogL: 0.011892, Best Rate: 0.3

========= ADAPTIVE MC DEBUG =========
Total calls: 80
Avg tries: 1665.00
Confidence stops: 80
Max stops: 0
Max stop rate: 0.000
Real Fault Rank 3
===== SEED 34 | FR=0.3 | VR=60 =====
executing with fault mode: [0,1,0,3,4,5]

Fault scores (higher is better):
Fault: [0,1,3,3,4,5], logL: -13.456679, Exp of LogL: 0.000001, Normalized LogL: -1.223334, Exp of Normalized LogL: 0.294247, Best Rate: 0.3
Fault: [0,1,1,3,4,5], logL: -15.560841, Exp of LogL: 0.000000, Normalized LogL: -1.414622, Exp of Normalized LogL: 0.243017, Best Rate: 0.3
Fault: [0,1,0,3,4,5], logL: -18.055484, Exp of LogL: 0.000000, Normalized LogL: -1.641408, Exp of Normalized LogL: 0.193707, Best Rate: 0.3
Fault: [0,1,0,1,4,5], logL: -18.301133, Exp of LogL: 0.000000, Normalized LogL: -1.663739, Exp of Normalized LogL: 0.189429, Best Rate: 0.3
Fault: [0,1,0,0,4,5], logL: -18.403246, Exp of LogL: 0.000000, Normalized LogL: -1.673022, Exp of Normalized LogL: 0.187679, Best Rate: 0.3
Fault: [0,1,0,2,4,5], logL: -18.403246, Exp of LogL: 0.000000, Normalized LogL: -1.673022, Exp of Normalized LogL: 0.187679, Best Rate: 0.3
Fault: [0,1,0,4,4,5], logL: -18.403246, Exp of LogL: 0.000000, Normalized LogL: -1.673022, Exp of Normalized LogL: 0.187679, Best Rate: 0.3
Fault: [0,1,5,3,4,5], logL: -39.713853, Exp of LogL: 0.000000, Normalized LogL: -3.610350, Exp of Normalized LogL: 0.027042, Best Rate: 0.3
Fault: [0,1,4,3,4,5], logL: -39.713853, Exp of LogL: 0.000000, Normalized LogL: -3.610350, Exp of Normalized LogL: 0.027042, Best Rate: 0.3
Fault: [0,1,2,3,4,5], logL: -64.825906, Exp of LogL: 0.000000, Normalized LogL: -5.893264, Exp of Normalized LogL: 0.002758, Best Rate: 0.3

========= ADAPTIVE MC DEBUG =========
Total calls: 110
Avg tries: 1610.91
Confidence stops: 110
Max stops: 0
Max stop rate: 0.000
Real Fault Rank 3
===== SEED 34 | FR=0.3 | VR=80 =====
executing with fault mode: [0,1,0,3,4,5]

Fault scores (higher is better):
Fault: [0,1,3,3,4,5], logL: -15.497078, Exp of LogL: 0.000000, Normalized LogL: -1.033139, Exp of Normalized LogL: 0.355888, Best Rate: 0.3
Fault: [0,1,1,3,4,5], logL: -18.567366, Exp of LogL: 0.000000, Normalized LogL: -1.237824, Exp of Normalized LogL: 0.290014, Best Rate: 0.3
Fault: [0,1,0,3,4,5], logL: -18.769158, Exp of LogL: 0.000000, Normalized LogL: -1.251277, Exp of Normalized LogL: 0.286139, Best Rate: 0.3
Fault: [0,1,0,1,4,5], logL: -19.014806, Exp of LogL: 0.000000, Normalized LogL: -1.267654, Exp of Normalized LogL: 0.281491, Best Rate: 0.3
Fault: [0,1,0,0,4,5], logL: -19.116919, Exp of LogL: 0.000000, Normalized LogL: -1.274461, Exp of Normalized LogL: 0.279582, Best Rate: 0.3
Fault: [0,1,0,2,4,5], logL: -19.116919, Exp of LogL: 0.000000, Normalized LogL: -1.274461, Exp of Normalized LogL: 0.279582, Best Rate: 0.3
Fault: [0,1,0,4,4,5], logL: -19.116919, Exp of LogL: 0.000000, Normalized LogL: -1.274461, Exp of Normalized LogL: 0.279582, Best Rate: 0.3
Fault: [0,1,5,3,4,5], logL: -42.054695, Exp of LogL: 0.000000, Normalized LogL: -2.803646, Exp of Normalized LogL: 0.060589, Best Rate: 0.3
Fault: [0,1,4,3,4,5], logL: -42.054695, Exp of LogL: 0.000000, Normalized LogL: -2.803646, Exp of Normalized LogL: 0.060589, Best Rate: 0.3
Fault: [0,1,2,3,4,5], logL: -66.607609, Exp of LogL: 0.000000, Normalized LogL: -4.440507, Exp of Normalized LogL: 0.011790, Best Rate: 0.3

========= ADAPTIVE MC DEBUG =========
Total calls: 150
Avg tries: 1713.33
Confidence stops: 150
Max stops: 0
Max stop rate: 0.000
Real Fault Rank 3
===== SEED 34 | FR=0.3 | VR=100 =====
executing with fault mode: [0,1,0,3,4,5]

Fault scores (higher is better):
Fault: [0,1,3,3,4,5], logL: -17.606868, Exp of LogL: 0.000000, Normalized LogL: -0.926677, Exp of Normalized LogL: 0.395867, Best Rate: 0.3
Fault: [0,1,0,3,4,5], logL: -23.030406, Exp of LogL: 0.000000, Normalized LogL: -1.212127, Exp of Normalized LogL: 0.297564, Best Rate: 0.3
Fault: [0,1,0,1,4,5], logL: -23.276054, Exp of LogL: 0.000000, Normalized LogL: -1.225055, Exp of Normalized LogL: 0.293741, Best Rate: 0.3
Fault: [0,1,0,0,4,5], logL: -23.378167, Exp of LogL: 0.000000, Normalized LogL: -1.230430, Exp of Normalized LogL: 0.292167, Best Rate: 0.3
Fault: [0,1,0,2,4,5], logL: -23.378167, Exp of LogL: 0.000000, Normalized LogL: -1.230430, Exp of Normalized LogL: 0.292167, Best Rate: 0.3
Fault: [0,1,0,4,4,5], logL: -23.378167, Exp of LogL: 0.000000, Normalized LogL: -1.230430, Exp of Normalized LogL: 0.292167, Best Rate: 0.3
Fault: [0,1,1,3,4,5], logL: -23.378547, Exp of LogL: 0.000000, Normalized LogL: -1.230450, Exp of Normalized LogL: 0.292161, Best Rate: 0.3
Fault: [0,1,5,3,4,5], logL: -69.725002, Exp of LogL: 0.000000, Normalized LogL: -3.669737, Exp of Normalized LogL: 0.025483, Best Rate: 0.3
Fault: [0,1,4,3,4,5], logL: -69.725002, Exp of LogL: 0.000000, Normalized LogL: -3.669737, Exp of Normalized LogL: 0.025483, Best Rate: 0.3
Fault: [0,1,2,3,4,5], logL: -120.146025, Exp of LogL: 0.000000, Normalized LogL: -6.323475, Exp of Normalized LogL: 0.001794, Best Rate: 0.3

========= ADAPTIVE MC DEBUG =========
Total calls: 190
Avg tries: 1632.89
Confidence stops: 190
Max stops: 0
Max stop rate: 0.000
Real Fault Rank 2
================= 22/08/2026 06:28:49: SEED 34 END =================
================= 22/08/2026 06:28:49: SEED 35 (33/100), a*=0 fault=[1,1,2,3,4,5] START =================
===== SEED 35 | FR=0.3 | VR=20 =====
executing with fault mode: [1,1,2,3,4,5]

Fault scores (higher is better):
Fault: [0,1,2,3,4,5], logL: -4.727442, Exp of LogL: 0.008849, Normalized LogL: -1.181861, Exp of Normalized LogL: 0.306708, Best Rate: 0.3
Fault: [3,1,2,3,4,5], logL: -5.020902, Exp of LogL: 0.006599, Normalized LogL: -1.255225, Exp of Normalized LogL: 0.285012, Best Rate: 0.3
Fault: [4,1,2,3,4,5], logL: -5.068719, Exp of LogL: 0.006290, Normalized LogL: -1.267180, Exp of Normalized LogL: 0.281625, Best Rate: 0.3
Fault: [5,1,2,3,4,5], logL: -5.109785, Exp of LogL: 0.006037, Normalized LogL: -1.277446, Exp of Normalized LogL: 0.278748, Best Rate: 0.3
Fault: [1,1,2,3,4,5], logL: -5.223361, Exp of LogL: 0.005389, Normalized LogL: -1.305840, Exp of Normalized LogL: 0.270945, Best Rate: 0.3
Fault: [2,1,2,3,4,5], logL: -5.375497, Exp of LogL: 0.004629, Normalized LogL: -1.343874, Exp of Normalized LogL: 0.260833, Best Rate: 0.3
Fault: [1,1,2,1,4,5], logL: -5.496101, Exp of LogL: 0.004103, Normalized LogL: -1.374025, Exp of Normalized LogL: 0.253086, Best Rate: 0.3
Fault: [1,1,2,5,4,5], logL: -5.515662, Exp of LogL: 0.004023, Normalized LogL: -1.378915, Exp of Normalized LogL: 0.251852, Best Rate: 0.3
Fault: [1,1,2,4,4,5], logL: -5.515662, Exp of LogL: 0.004023, Normalized LogL: -1.378915, Exp of Normalized LogL: 0.251852, Best Rate: 0.3
Fault: [1,1,2,2,4,5], logL: -5.534354, Exp of LogL: 0.003949, Normalized LogL: -1.383588, Exp of Normalized LogL: 0.250677, Best Rate: 0.3

========= ADAPTIVE MC DEBUG =========
Total calls: 40
Avg tries: 1652.50
Confidence stops: 40
Max stops: 0
Max stop rate: 0.000
Real Fault Rank 5
===== SEED 35 | FR=0.3 | VR=40 =====
executing with fault mode: [1,1,2,3,4,5]

Fault scores (higher is better):
Fault: [0,1,2,3,4,5], logL: -8.418092, Exp of LogL: 0.000221, Normalized LogL: -1.052261, Exp of Normalized LogL: 0.349147, Best Rate: 0.3
Fault: [3,1,2,3,4,5], logL: -8.848241, Exp of LogL: 0.000144, Normalized LogL: -1.106030, Exp of Normalized LogL: 0.330870, Best Rate: 0.3
Fault: [4,1,2,3,4,5], logL: -8.908468, Exp of LogL: 0.000135, Normalized LogL: -1.113559, Exp of Normalized LogL: 0.328388, Best Rate: 0.3
Fault: [5,1,2,3,4,5], logL: -8.908468, Exp of LogL: 0.000135, Normalized LogL: -1.113559, Exp of Normalized LogL: 0.328388, Best Rate: 0.3
Fault: [1,1,2,3,4,5], logL: -8.936424, Exp of LogL: 0.000132, Normalized LogL: -1.117053, Exp of Normalized LogL: 0.327243, Best Rate: 0.3
Fault: [2,1,2,3,4,5], logL: -9.016784, Exp of LogL: 0.000121, Normalized LogL: -1.127098, Exp of Normalized LogL: 0.323972, Best Rate: 0.3
Fault: [1,1,2,1,4,5], logL: -9.037574, Exp of LogL: 0.000119, Normalized LogL: -1.129697, Exp of Normalized LogL: 0.323131, Best Rate: 0.3
Fault: [1,1,2,2,4,5], logL: -9.404818, Exp of LogL: 0.000082, Normalized LogL: -1.175602, Exp of Normalized LogL: 0.308633, Best Rate: 0.3
Fault: [1,1,2,5,4,5], logL: -9.404818, Exp of LogL: 0.000082, Normalized LogL: -1.175602, Exp of Normalized LogL: 0.308633, Best Rate: 0.3
Fault: [1,1,2,4,4,5], logL: -9.404818, Exp of LogL: 0.000082, Normalized LogL: -1.175602, Exp of Normalized LogL: 0.308633, Best Rate: 0.3

========= ADAPTIVE MC DEBUG =========
Total calls: 80
Avg tries: 1840.00
Confidence stops: 80
Max stops: 0
Max stop rate: 0.000
Real Fault Rank 5
===== SEED 35 | FR=0.3 | VR=60 =====
executing with fault mode: [1,1,2,3,4,5]

Fault scores (higher is better):
Fault: [1,1,2,3,4,5], logL: -12.508345, Exp of LogL: 0.000004, Normalized LogL: -1.042362, Exp of Normalized LogL: 0.352621, Best Rate: 0.3
Fault: [1,1,2,1,4,5], logL: -12.609495, Exp of LogL: 0.000003, Normalized LogL: -1.050791, Exp of Normalized LogL: 0.349661, Best Rate: 0.3
Fault: [1,1,2,2,4,5], logL: -12.976739, Exp of LogL: 0.000002, Normalized LogL: -1.081395, Exp of Normalized LogL: 0.339122, Best Rate: 0.3
Fault: [1,1,2,5,4,5], logL: -12.976739, Exp of LogL: 0.000002, Normalized LogL: -1.081395, Exp of Normalized LogL: 0.339122, Best Rate: 0.3
Fault: [1,1,2,4,4,5], logL: -12.976739, Exp of LogL: 0.000002, Normalized LogL: -1.081395, Exp of Normalized LogL: 0.339122, Best Rate: 0.3
Fault: [2,1,2,3,4,5], logL: -13.774561, Exp of LogL: 0.000001, Normalized LogL: -1.147880, Exp of Normalized LogL: 0.317309, Best Rate: 0.3
Fault: [0,1,2,3,4,5], logL: -37.489352, Exp of LogL: 0.000000, Normalized LogL: -3.124113, Exp of Normalized LogL: 0.043976, Best Rate: 0.3
Fault: [3,1,2,3,4,5], logL: -38.574380, Exp of LogL: 0.000000, Normalized LogL: -3.214532, Exp of Normalized LogL: 0.040174, Best Rate: 0.3
Fault: [4,1,2,3,4,5], logL: -38.574380, Exp of LogL: 0.000000, Normalized LogL: -3.214532, Exp of Normalized LogL: 0.040174, Best Rate: 0.3
Fault: [5,1,2,3,4,5], logL: -38.574380, Exp of LogL: 0.000000, Normalized LogL: -3.214532, Exp of Normalized LogL: 0.040174, Best Rate: 0.3

========= ADAPTIVE MC DEBUG =========
Total calls: 120
Avg tries: 1860.83
Confidence stops: 120
Max stops: 0
Max stop rate: 0.000
Real Fault Rank 1
===== SEED 35 | FR=0.3 | VR=80 =====
executing with fault mode: [1,1,2,3,4,5]

Fault scores (higher is better):
Fault: [1,1,2,3,4,5], logL: -12.866666, Exp of LogL: 0.000003, Normalized LogL: -0.804167, Exp of Normalized LogL: 0.447461, Best Rate: 0.3
Fault: [1,1,2,1,4,5], logL: -13.106854, Exp of LogL: 0.000002, Normalized LogL: -0.819178, Exp of Normalized LogL: 0.440794, Best Rate: 0.3
Fault: [1,1,2,2,4,5], logL: -13.189527, Exp of LogL: 0.000002, Normalized LogL: -0.824345, Exp of Normalized LogL: 0.438522, Best Rate: 0.3
Fault: [1,1,2,5,4,5], logL: -13.189527, Exp of LogL: 0.000002, Normalized LogL: -0.824345, Exp of Normalized LogL: 0.438522, Best Rate: 0.3
Fault: [1,1,2,4,4,5], logL: -13.189527, Exp of LogL: 0.000002, Normalized LogL: -0.824345, Exp of Normalized LogL: 0.438522, Best Rate: 0.3
Fault: [2,1,2,3,4,5], logL: -14.132882, Exp of LogL: 0.000001, Normalized LogL: -0.883305, Exp of Normalized LogL: 0.413414, Best Rate: 0.3
Fault: [0,1,2,3,4,5], logL: -37.847673, Exp of LogL: 0.000000, Normalized LogL: -2.365480, Exp of Normalized LogL: 0.093904, Best Rate: 0.3
Fault: [3,1,2,3,4,5], logL: -38.932701, Exp of LogL: 0.000000, Normalized LogL: -2.433294, Exp of Normalized LogL: 0.087747, Best Rate: 0.3
Fault: [4,1,2,3,4,5], logL: -38.932701, Exp of LogL: 0.000000, Normalized LogL: -2.433294, Exp of Normalized LogL: 0.087747, Best Rate: 0.3
Fault: [5,1,2,3,4,5], logL: -38.932701, Exp of LogL: 0.000000, Normalized LogL: -2.433294, Exp of Normalized LogL: 0.087747, Best Rate: 0.3

========= ADAPTIVE MC DEBUG =========
Total calls: 160
Avg tries: 1811.56
Confidence stops: 160
Max stops: 0
Max stop rate: 0.000
Real Fault Rank 1
===== SEED 35 | FR=0.3 | VR=100 =====
executing with fault mode: [1,1,2,3,4,5]

Fault scores (higher is better):
Fault: [1,1,2,3,4,5], logL: -13.675780, Exp of LogL: 0.000001, Normalized LogL: -0.683789, Exp of Normalized LogL: 0.504701, Best Rate: 0.3
Fault: [1,1,2,1,4,5], logL: -13.915967, Exp of LogL: 0.000001, Normalized LogL: -0.695798, Exp of Normalized LogL: 0.498676, Best Rate: 0.3
Fault: [1,1,2,2,4,5], logL: -13.998640, Exp of LogL: 0.000001, Normalized LogL: -0.699932, Exp of Normalized LogL: 0.496619, Best Rate: 0.3
Fault: [1,1,2,5,4,5], logL: -13.998640, Exp of LogL: 0.000001, Normalized LogL: -0.699932, Exp of Normalized LogL: 0.496619, Best Rate: 0.3
Fault: [1,1,2,4,4,5], logL: -13.998640, Exp of LogL: 0.000001, Normalized LogL: -0.699932, Exp of Normalized LogL: 0.496619, Best Rate: 0.3
Fault: [2,1,2,3,4,5], logL: -14.959986, Exp of LogL: 0.000000, Normalized LogL: -0.747999, Exp of Normalized LogL: 0.473313, Best Rate: 0.3
Fault: [0,1,2,3,4,5], logL: -38.640820, Exp of LogL: 0.000000, Normalized LogL: -1.932041, Exp of Normalized LogL: 0.144852, Best Rate: 0.3
Fault: [3,1,2,3,4,5], logL: -39.741815, Exp of LogL: 0.000000, Normalized LogL: -1.987091, Exp of Normalized LogL: 0.137094, Best Rate: 0.3
Fault: [4,1,2,3,4,5], logL: -39.741815, Exp of LogL: 0.000000, Normalized LogL: -1.987091, Exp of Normalized LogL: 0.137094, Best Rate: 0.3
Fault: [5,1,2,3,4,5], logL: -39.741815, Exp of LogL: 0.000000, Normalized LogL: -1.987091, Exp of Normalized LogL: 0.137094, Best Rate: 0.3

========= ADAPTIVE MC DEBUG =========
Total calls: 200
Avg tries: 1839.75
Confidence stops: 200
Max stops: 0
Max stop rate: 0.000
Real Fault Rank 1
================= 22/08/2026 06:31:57: SEED 35 END =================
================= 22/08/2026 06:31:57: SEED 36 (34/100), a*=0 fault=[3,1,2,3,4,5] START =================
===== SEED 36 | FR=0.3 | VR=20 =====
executing with fault mode: [3,1,2,3,4,5]

executing with fault mode: [3,1,2,3,4,5]

Fault scores (higher is better):
Fault: [1,1,2,3,4,5], logL: -15.278783, Exp of LogL: 0.000000, Normalized LogL: -2.546464, Exp of Normalized LogL: 0.078358, Best Rate: 0.3
Fault: [2,1,2,3,4,5], logL: -15.325575, Exp of LogL: 0.000000, Normalized LogL: -2.554263, Exp of Normalized LogL: 0.077750, Best Rate: 0.3
Fault: [0,1,2,3,4,5], logL: -15.845953, Exp of LogL: 0.000000, Normalized LogL: -2.640992, Exp of Normalized LogL: 0.071291, Best Rate: 0.3
Fault: [3,1,2,3,0,5], logL: -16.131169, Exp of LogL: 0.000000, Normalized LogL: -2.688528, Exp of Normalized LogL: 0.067981, Best Rate: 0.3
Fault: [3,1,2,3,4,5], logL: -16.131169, Exp of LogL: 0.000000, Normalized LogL: -2.688528, Exp of Normalized LogL: 0.067981, Best Rate: 0.3
Fault: [3,1,2,3,1,5], logL: -16.131169, Exp of LogL: 0.000000, Normalized LogL: -2.688528, Exp of Normalized LogL: 0.067981, Best Rate: 0.3
Fault: [3,1,2,3,5,5], logL: -16.131169, Exp of LogL: 0.000000, Normalized LogL: -2.688528, Exp of Normalized LogL: 0.067981, Best Rate: 0.3
Fault: [3,1,2,3,3,5], logL: -16.131169, Exp of LogL: 0.000000, Normalized LogL: -2.688528, Exp of Normalized LogL: 0.067981, Best Rate: 0.3
Fault: [4,1,2,3,4,5], logL: -16.208634, Exp of LogL: 0.000000, Normalized LogL: -2.701439, Exp of Normalized LogL: 0.067109, Best Rate: 0.3
Fault: [5,1,2,3,4,5], logL: -16.208634, Exp of LogL: 0.000000, Normalized LogL: -2.701439, Exp of Normalized LogL: 0.067109, Best Rate: 0.3

========= ADAPTIVE MC DEBUG =========
Total calls: 60
Avg tries: 956.67
Confidence stops: 60
Max stops: 0
Max stop rate: 0.000
Real Fault Rank 5
===== SEED 36 | FR=0.3 | VR=40 =====
executing with fault mode: [3,1,2,3,4,5]

executing with fault mode: [3,1,2,3,4,5]

Fault scores (higher is better):
Fault: [1,1,2,3,4,5], logL: -18.936160, Exp of LogL: 0.000000, Normalized LogL: -1.721469, Exp of Normalized LogL: 0.178803, Best Rate: 0.3
Fault: [2,1,2,3,4,5], logL: -19.148626, Exp of LogL: 0.000000, Normalized LogL: -1.740784, Exp of Normalized LogL: 0.175383, Best Rate: 0.3
Fault: [3,1,2,3,4,5], logL: -19.474008, Exp of LogL: 0.000000, Normalized LogL: -1.770364, Exp of Normalized LogL: 0.170271, Best Rate: 0.3
Fault: [3,1,2,3,0,5], logL: -19.842336, Exp of LogL: 0.000000, Normalized LogL: -1.803849, Exp of Normalized LogL: 0.164664, Best Rate: 0.3
Fault: [3,1,2,3,1,5], logL: -19.842336, Exp of LogL: 0.000000, Normalized LogL: -1.803849, Exp of Normalized LogL: 0.164664, Best Rate: 0.3
Fault: [3,1,2,3,5,5], logL: -19.842336, Exp of LogL: 0.000000, Normalized LogL: -1.803849, Exp of Normalized LogL: 0.164664, Best Rate: 0.3
Fault: [3,1,2,3,3,5], logL: -19.842336, Exp of LogL: 0.000000, Normalized LogL: -1.803849, Exp of Normalized LogL: 0.164664, Best Rate: 0.3
Fault: [0,1,2,3,4,5], logL: -19.887817, Exp of LogL: 0.000000, Normalized LogL: -1.807983, Exp of Normalized LogL: 0.163985, Best Rate: 0.3
Fault: [4,1,2,3,4,5], logL: -20.134567, Exp of LogL: 0.000000, Normalized LogL: -1.830415, Exp of Normalized LogL: 0.160347, Best Rate: 0.3
Fault: [5,1,2,3,4,5], logL: -20.134567, Exp of LogL: 0.000000, Normalized LogL: -1.830415, Exp of Normalized LogL: 0.160347, Best Rate: 0.3

========= ADAPTIVE MC DEBUG =========
Total calls: 110
Avg tries: 1425.45
Confidence stops: 110
Max stops: 0
Max stop rate: 0.000
Real Fault Rank 3
===== SEED 36 | FR=0.3 | VR=60 =====
executing with fault mode: [3,1,2,3,4,5]

executing with fault mode: [3,1,2,3,4,5]

Fault scores (higher is better):
Fault: [1,1,2,3,4,5], logL: -23.188517, Exp of LogL: 0.000000, Normalized LogL: -1.449282, Exp of Normalized LogL: 0.234739, Best Rate: 0.3
Fault: [2,1,2,3,4,5], logL: -23.318373, Exp of LogL: 0.000000, Normalized LogL: -1.457398, Exp of Normalized LogL: 0.232841, Best Rate: 0.3
Fault: [3,1,2,3,4,5], logL: -23.469857, Exp of LogL: 0.000000, Normalized LogL: -1.466866, Exp of Normalized LogL: 0.230647, Best Rate: 0.3
Fault: [3,1,2,3,0,5], logL: -23.838185, Exp of LogL: 0.000000, Normalized LogL: -1.489887, Exp of Normalized LogL: 0.225398, Best Rate: 0.3
Fault: [3,1,2,3,1,5], logL: -23.838185, Exp of LogL: 0.000000, Normalized LogL: -1.489887, Exp of Normalized LogL: 0.225398, Best Rate: 0.3
Fault: [3,1,2,3,5,5], logL: -23.838185, Exp of LogL: 0.000000, Normalized LogL: -1.489887, Exp of Normalized LogL: 0.225398, Best Rate: 0.3
Fault: [3,1,2,3,3,5], logL: -23.838185, Exp of LogL: 0.000000, Normalized LogL: -1.489887, Exp of Normalized LogL: 0.225398, Best Rate: 0.3
Fault: [0,1,2,3,4,5], logL: -24.074547, Exp of LogL: 0.000000, Normalized LogL: -1.504659, Exp of Normalized LogL: 0.222093, Best Rate: 0.3
Fault: [4,1,2,3,4,5], logL: -24.731837, Exp of LogL: 0.000000, Normalized LogL: -1.545740, Exp of Normalized LogL: 0.213154, Best Rate: 0.3
Fault: [5,1,2,3,4,5], logL: -24.731837, Exp of LogL: 0.000000, Normalized LogL: -1.545740, Exp of Normalized LogL: 0.213154, Best Rate: 0.3

========= ADAPTIVE MC DEBUG =========
Total calls: 160
Avg tries: 1572.50
Confidence stops: 160
Max stops: 0
Max stop rate: 0.000
Real Fault Rank 3
===== SEED 36 | FR=0.3 | VR=80 =====
executing with fault mode: [3,1,2,3,4,5]

executing with fault mode: [3,1,2,3,4,5]

Fault scores (higher is better):
Fault: [1,1,2,3,4,5], logL: -25.351950, Exp of LogL: 0.000000, Normalized LogL: -1.207236, Exp of Normalized LogL: 0.299023, Best Rate: 0.3
Fault: [2,1,2,3,4,5], logL: -25.494694, Exp of LogL: 0.000000, Normalized LogL: -1.214033, Exp of Normalized LogL: 0.296997, Best Rate: 0.3
Fault: [3,1,2,3,4,5], logL: -25.635434, Exp of LogL: 0.000000, Normalized LogL: -1.220735, Exp of Normalized LogL: 0.295013, Best Rate: 0.3
Fault: [3,1,2,3,0,5], logL: -26.003762, Exp of LogL: 0.000000, Normalized LogL: -1.238274, Exp of Normalized LogL: 0.289884, Best Rate: 0.3
Fault: [3,1,2,3,1,5], logL: -26.003762, Exp of LogL: 0.000000, Normalized LogL: -1.238274, Exp of Normalized LogL: 0.289884, Best Rate: 0.3
Fault: [3,1,2,3,5,5], logL: -26.003762, Exp of LogL: 0.000000, Normalized LogL: -1.238274, Exp of Normalized LogL: 0.289884, Best Rate: 0.3
Fault: [3,1,2,3,3,5], logL: -26.003762, Exp of LogL: 0.000000, Normalized LogL: -1.238274, Exp of Normalized LogL: 0.289884, Best Rate: 0.3
Fault: [0,1,2,3,4,5], logL: -26.211421, Exp of LogL: 0.000000, Normalized LogL: -1.248163, Exp of Normalized LogL: 0.287032, Best Rate: 0.3
Fault: [4,1,2,3,4,5], logL: -26.895271, Exp of LogL: 0.000000, Normalized LogL: -1.280727, Exp of Normalized LogL: 0.277835, Best Rate: 0.3
Fault: [5,1,2,3,4,5], logL: -26.895271, Exp of LogL: 0.000000, Normalized LogL: -1.280727, Exp of Normalized LogL: 0.277835, Best Rate: 0.3

========= ADAPTIVE MC DEBUG =========
Total calls: 210
Avg tries: 1666.90
Confidence stops: 210
Max stops: 0
Max stop rate: 0.000
Real Fault Rank 3
===== SEED 36 | FR=0.3 | VR=100 =====
executing with fault mode: [3,1,2,3,4,5]

executing with fault mode: [3,1,2,3,4,5]

Fault scores (higher is better):
Fault: [0,1,2,3,4,5], logL: -29.253349, Exp of LogL: 0.000000, Normalized LogL: -1.083457, Exp of Normalized LogL: 0.338423, Best Rate: 0.3
Fault: [3,1,2,3,4,5], logL: -29.280429, Exp of LogL: 0.000000, Normalized LogL: -1.084460, Exp of Normalized LogL: 0.338084, Best Rate: 0.3
Fault: [2,1,2,3,4,5], logL: -29.430987, Exp of LogL: 0.000000, Normalized LogL: -1.090037, Exp of Normalized LogL: 0.336204, Best Rate: 0.3
Fault: [3,1,2,3,0,5], logL: -29.652873, Exp of LogL: 0.000000, Normalized LogL: -1.098255, Exp of Normalized LogL: 0.333453, Best Rate: 0.3
Fault: [3,1,2,3,1,5], logL: -29.652873, Exp of LogL: 0.000000, Normalized LogL: -1.098255, Exp of Normalized LogL: 0.333453, Best Rate: 0.3
Fault: [3,1,2,3,5,5], logL: -29.652873, Exp of LogL: 0.000000, Normalized LogL: -1.098255, Exp of Normalized LogL: 0.333453, Best Rate: 0.3
Fault: [3,1,2,3,3,5], logL: -29.652873, Exp of LogL: 0.000000, Normalized LogL: -1.098255, Exp of Normalized LogL: 0.333453, Best Rate: 0.3
Fault: [1,1,2,3,4,5], logL: -30.323636, Exp of LogL: 0.000000, Normalized LogL: -1.123098, Exp of Normalized LogL: 0.325271, Best Rate: 0.3
Fault: [4,1,2,3,4,5], logL: -31.784546, Exp of LogL: 0.000000, Normalized LogL: -1.177205, Exp of Normalized LogL: 0.308139, Best Rate: 0.3
Fault: [5,1,2,3,4,5], logL: -31.784546, Exp of LogL: 0.000000, Normalized LogL: -1.177205, Exp of Normalized LogL: 0.308139, Best Rate: 0.3

========= ADAPTIVE MC DEBUG =========
Total calls: 270
Avg tries: 1667.04
Confidence stops: 270
Max stops: 0
Max stop rate: 0.000
Real Fault Rank 2
================= 22/08/2026 06:35:25: SEED 36 END =================
================= 22/08/2026 06:35:25: SEED 37 (35/100), a*=2 fault=[0,1,3,3,4,5] START =================
===== SEED 37 | FR=0.3 | VR=20 =====
executing with fault mode: [0,1,3,3,4,5]

Fault scores (higher is better):
Fault: [0,1,1,3,4,5], logL: -6.845597, Exp of LogL: 0.001064, Normalized LogL: -2.281866, Exp of Normalized LogL: 0.102094, Best Rate: 0.3
Fault: [0,1,2,3,4,5], logL: -6.865087, Exp of LogL: 0.001044, Normalized LogL: -2.288362, Exp of Normalized LogL: 0.101432, Best Rate: 0.3
Fault: [0,1,4,3,4,5], logL: -7.025493, Exp of LogL: 0.000889, Normalized LogL: -2.341831, Exp of Normalized LogL: 0.096151, Best Rate: 0.3
Fault: [0,1,5,3,4,5], logL: -7.025493, Exp of LogL: 0.000889, Normalized LogL: -2.341831, Exp of Normalized LogL: 0.096151, Best Rate: 0.3
Fault: [0,1,0,3,4,5], logL: -7.455765, Exp of LogL: 0.000578, Normalized LogL: -2.485255, Exp of Normalized LogL: 0.083304, Best Rate: 0.3
Fault: [0,1,3,3,4,5], logL: -7.474457, Exp of LogL: 0.000567, Normalized LogL: -2.491486, Exp of Normalized LogL: 0.082787, Best Rate: 0.3
Fault: [0,1,3,3,1,5], logL: -7.474457, Exp of LogL: 0.000567, Normalized LogL: -2.491486, Exp of Normalized LogL: 0.082787, Best Rate: 0.3
Fault: [0,1,3,3,2,5], logL: -7.474457, Exp of LogL: 0.000567, Normalized LogL: -2.491486, Exp of Normalized LogL: 0.082787, Best Rate: 0.3
Fault: [0,1,3,3,3,5], logL: -7.474457, Exp of LogL: 0.000567, Normalized LogL: -2.491486, Exp of Normalized LogL: 0.082787, Best Rate: 0.3
Fault: [0,1,3,3,5,5], logL: -7.474457, Exp of LogL: 0.000567, Normalized LogL: -2.491486, Exp of Normalized LogL: 0.082787, Best Rate: 0.3

========= ADAPTIVE MC DEBUG =========
Total calls: 30
Avg tries: 1178.33
Confidence stops: 30
Max stops: 0
Max stop rate: 0.000
Real Fault Rank 6
===== SEED 37 | FR=0.3 | VR=40 =====
executing with fault mode: [0,1,3,3,4,5]

Fault scores (higher is better):
Fault: [0,1,1,3,4,5], logL: -11.584136, Exp of LogL: 0.000009, Normalized LogL: -1.930689, Exp of Normalized LogL: 0.145048, Best Rate: 0.3
Fault: [0,1,4,3,4,5], logL: -11.719656, Exp of LogL: 0.000008, Normalized LogL: -1.953276, Exp of Normalized LogL: 0.141809, Best Rate: 0.3
Fault: [0,1,5,3,4,5], logL: -11.719656, Exp of LogL: 0.000008, Normalized LogL: -1.953276, Exp of Normalized LogL: 0.141809, Best Rate: 0.3
Fault: [0,1,2,3,4,5], logL: -11.971635, Exp of LogL: 0.000006, Normalized LogL: -1.995272, Exp of Normalized LogL: 0.135977, Best Rate: 0.3
Fault: [0,1,3,3,1,5], logL: -12.354682, Exp of LogL: 0.000004, Normalized LogL: -2.059114, Exp of Normalized LogL: 0.127567, Best Rate: 0.3
Fault: [0,1,3,3,2,5], logL: -12.354682, Exp of LogL: 0.000004, Normalized LogL: -2.059114, Exp of Normalized LogL: 0.127567, Best Rate: 0.3
Fault: [0,1,3,3,5,5], logL: -12.354682, Exp of LogL: 0.000004, Normalized LogL: -2.059114, Exp of Normalized LogL: 0.127567, Best Rate: 0.3
Fault: [0,1,3,3,4,5], logL: -12.398533, Exp of LogL: 0.000004, Normalized LogL: -2.066422, Exp of Normalized LogL: 0.126638, Best Rate: 0.3
Fault: [0,1,0,3,4,5], logL: -12.555393, Exp of LogL: 0.000004, Normalized LogL: -2.092565, Exp of Normalized LogL: 0.123370, Best Rate: 0.3
Fault: [0,1,3,3,3,5], logL: -12.718322, Exp of LogL: 0.000003, Normalized LogL: -2.119720, Exp of Normalized LogL: 0.120065, Best Rate: 0.3

========= ADAPTIVE MC DEBUG =========
Total calls: 60
Avg tries: 1275.00
Confidence stops: 60
Max stops: 0
Max stop rate: 0.000
Real Fault Rank 8
===== SEED 37 | FR=0.3 | VR=60 =====
executing with fault mode: [0,1,3,3,4,5]

Fault scores (higher is better):
Fault: [0,1,1,3,4,5], logL: -12.665960, Exp of LogL: 0.000003, Normalized LogL: -1.407329, Exp of Normalized LogL: 0.244796, Best Rate: 0.3
Fault: [0,1,4,3,4,5], logL: -12.937623, Exp of LogL: 0.000002, Normalized LogL: -1.437514, Exp of Normalized LogL: 0.237518, Best Rate: 0.3
Fault: [0,1,5,3,4,5], logL: -12.937623, Exp of LogL: 0.000002, Normalized LogL: -1.437514, Exp of Normalized LogL: 0.237518, Best Rate: 0.3
Fault: [0,1,3,3,1,5], logL: -13.131986, Exp of LogL: 0.000002, Normalized LogL: -1.459110, Exp of Normalized LogL: 0.232443, Best Rate: 0.3
Fault: [0,1,3,3,2,5], logL: -13.131986, Exp of LogL: 0.000002, Normalized LogL: -1.459110, Exp of Normalized LogL: 0.232443, Best Rate: 0.3
Fault: [0,1,3,3,5,5], logL: -13.131986, Exp of LogL: 0.000002, Normalized LogL: -1.459110, Exp of Normalized LogL: 0.232443, Best Rate: 0.3
Fault: [0,1,2,3,4,5], logL: -13.154511, Exp of LogL: 0.000002, Normalized LogL: -1.461612, Exp of Normalized LogL: 0.231862, Best Rate: 0.3
Fault: [0,1,3,3,4,5], logL: -13.459709, Exp of LogL: 0.000001, Normalized LogL: -1.495523, Exp of Normalized LogL: 0.224131, Best Rate: 0.3
Fault: [0,1,3,3,3,5], logL: -13.684661, Exp of LogL: 0.000001, Normalized LogL: -1.520518, Exp of Normalized LogL: 0.218599, Best Rate: 0.3
Fault: [0,1,0,3,4,5], logL: -13.773360, Exp of LogL: 0.000001, Normalized LogL: -1.530373, Exp of Normalized LogL: 0.216455, Best Rate: 0.3

========= ADAPTIVE MC DEBUG =========
Total calls: 90
Avg tries: 1611.67
Confidence stops: 90
Max stops: 0
Max stop rate: 0.000
Real Fault Rank 8
===== SEED 37 | FR=0.3 | VR=80 =====
executing with fault mode: [0,1,3,3,4,5]

Fault scores (higher is better):
Fault: [0,1,1,3,4,5], logL: -13.274495, Exp of LogL: 0.000002, Normalized LogL: -1.106208, Exp of Normalized LogL: 0.330811, Best Rate: 0.3
Fault: [0,1,4,3,4,5], logL: -13.546157, Exp of LogL: 0.000001, Normalized LogL: -1.128846, Exp of Normalized LogL: 0.323406, Best Rate: 0.3
Fault: [0,1,5,3,4,5], logL: -13.546157, Exp of LogL: 0.000001, Normalized LogL: -1.128846, Exp of Normalized LogL: 0.323406, Best Rate: 0.3
Fault: [0,1,2,3,4,5], logL: -13.763045, Exp of LogL: 0.000001, Normalized LogL: -1.146920, Exp of Normalized LogL: 0.317613, Best Rate: 0.3
Fault: [0,1,3,3,4,5], logL: -14.068244, Exp of LogL: 0.000001, Normalized LogL: -1.172354, Exp of Normalized LogL: 0.309637, Best Rate: 0.3
Fault: [0,1,0,3,4,5], logL: -14.381895, Exp of LogL: 0.000001, Normalized LogL: -1.198491, Exp of Normalized LogL: 0.301649, Best Rate: 0.3
Fault: [0,1,3,3,1,5], logL: -14.433316, Exp of LogL: 0.000001, Normalized LogL: -1.202776, Exp of Normalized LogL: 0.300359, Best Rate: 0.3
Fault: [0,1,3,3,2,5], logL: -14.433316, Exp of LogL: 0.000001, Normalized LogL: -1.202776, Exp of Normalized LogL: 0.300359, Best Rate: 0.3
Fault: [0,1,3,3,3,5], logL: -14.433316, Exp of LogL: 0.000001, Normalized LogL: -1.202776, Exp of Normalized LogL: 0.300359, Best Rate: 0.3
Fault: [0,1,3,3,5,5], logL: -14.433316, Exp of LogL: 0.000001, Normalized LogL: -1.202776, Exp of Normalized LogL: 0.300359, Best Rate: 0.3

========= ADAPTIVE MC DEBUG =========
Total calls: 120
Avg tries: 1555.83
Confidence stops: 120
Max stops: 0
Max stop rate: 0.000
Real Fault Rank 5
===== SEED 37 | FR=0.3 | VR=100 =====
executing with fault mode: [0,1,3,3,4,5]

Fault scores (higher is better):
Fault: [0,1,1,3,4,5], logL: -13.669519, Exp of LogL: 0.000001, Normalized LogL: -0.911301, Exp of Normalized LogL: 0.402001, Best Rate: 0.3
Fault: [0,1,2,3,4,5], logL: -14.068384, Exp of LogL: 0.000001, Normalized LogL: -0.937892, Exp of Normalized LogL: 0.391452, Best Rate: 0.3
Fault: [0,1,3,3,4,5], logL: -14.398664, Exp of LogL: 0.000001, Normalized LogL: -0.959911, Exp of Normalized LogL: 0.382927, Best Rate: 0.3
Fault: [0,1,0,3,4,5], logL: -14.642171, Exp of LogL: 0.000000, Normalized LogL: -0.976145, Exp of Normalized LogL: 0.376761, Best Rate: 0.3
Fault: [0,1,4,3,4,5], logL: -14.731007, Exp of LogL: 0.000000, Normalized LogL: -0.982067, Exp of Normalized LogL: 0.374536, Best Rate: 0.3
Fault: [0,1,5,3,4,5], logL: -14.731007, Exp of LogL: 0.000000, Normalized LogL: -0.982067, Exp of Normalized LogL: 0.374536, Best Rate: 0.3
Fault: [0,1,3,3,1,5], logL: -14.763737, Exp of LogL: 0.000000, Normalized LogL: -0.984249, Exp of Normalized LogL: 0.373720, Best Rate: 0.3
Fault: [0,1,3,3,2,5], logL: -14.763737, Exp of LogL: 0.000000, Normalized LogL: -0.984249, Exp of Normalized LogL: 0.373720, Best Rate: 0.3
Fault: [0,1,3,3,3,5], logL: -14.763737, Exp of LogL: 0.000000, Normalized LogL: -0.984249, Exp of Normalized LogL: 0.373720, Best Rate: 0.3
Fault: [0,1,3,3,5,5], logL: -14.763737, Exp of LogL: 0.000000, Normalized LogL: -0.984249, Exp of Normalized LogL: 0.373720, Best Rate: 0.3

========= ADAPTIVE MC DEBUG =========
Total calls: 150
Avg tries: 1679.33
Confidence stops: 150
Max stops: 0
Max stop rate: 0.000
Real Fault Rank 3
================= 22/08/2026 06:37:23: SEED 37 END =================
================= 22/08/2026 06:37:23: SEED 38 (36/100), a*=2 fault=[0,1,1,3,4,5] START =================
===== SEED 38 | FR=0.3 | VR=20 =====
executing with fault mode: [0,1,1,3,4,5]

executing with fault mode: [0,1,1,3,4,5]

executing with fault mode: [0,1,1,3,4,5]

Fault scores (higher is better):
Fault: [0,1,1,3,5,5], logL: -11.340799, Exp of LogL: 0.000012, Normalized LogL: -1.890133, Exp of Normalized LogL: 0.151052, Best Rate: 0.3
Fault: [0,1,1,3,3,5], logL: -11.340799, Exp of LogL: 0.000012, Normalized LogL: -1.890133, Exp of Normalized LogL: 0.151052, Best Rate: 0.3
Fault: [0,1,1,3,0,5], logL: -11.340799, Exp of LogL: 0.000012, Normalized LogL: -1.890133, Exp of Normalized LogL: 0.151052, Best Rate: 0.3
Fault: [0,1,1,3,1,5], logL: -11.373589, Exp of LogL: 0.000011, Normalized LogL: -1.895598, Exp of Normalized LogL: 0.150228, Best Rate: 0.3
Fault: [0,1,1,3,4,5], logL: -11.383639, Exp of LogL: 0.000011, Normalized LogL: -1.897273, Exp of Normalized LogL: 0.149977, Best Rate: 0.3
Fault: [0,1,4,3,4,5], logL: -11.837895, Exp of LogL: 0.000007, Normalized LogL: -1.972982, Exp of Normalized LogL: 0.139042, Best Rate: 0.3
Fault: [0,1,5,3,4,5], logL: -11.837895, Exp of LogL: 0.000007, Normalized LogL: -1.972982, Exp of Normalized LogL: 0.139042, Best Rate: 0.3
Fault: [0,1,3,3,4,5], logL: -11.971426, Exp of LogL: 0.000006, Normalized LogL: -1.995238, Exp of Normalized LogL: 0.135981, Best Rate: 0.3
Fault: [0,1,2,3,4,5], logL: -12.559213, Exp of LogL: 0.000004, Normalized LogL: -2.093202, Exp of Normalized LogL: 0.123292, Best Rate: 0.3
Fault: [0,1,0,3,4,5], logL: -12.559213, Exp of LogL: 0.000004, Normalized LogL: -2.093202, Exp of Normalized LogL: 0.123292, Best Rate: 0.3

========= ADAPTIVE MC DEBUG =========
Total calls: 60
Avg tries: 1288.33
Confidence stops: 60
Max stops: 0
Max stop rate: 0.000
Real Fault Rank 5
===== SEED 38 | FR=0.3 | VR=40 =====
executing with fault mode: [0,1,1,3,4,5]

executing with fault mode: [0,1,1,3,4,5]

executing with fault mode: [0,1,1,3,4,5]

Fault scores (higher is better):
Fault: [0,1,2,3,4,5], logL: -16.416988, Exp of LogL: 0.000000, Normalized LogL: -1.492453, Exp of Normalized LogL: 0.224820, Best Rate: 0.3
Fault: [0,1,0,3,4,5], logL: -16.487569, Exp of LogL: 0.000000, Normalized LogL: -1.498870, Exp of Normalized LogL: 0.223382, Best Rate: 0.3
Fault: [0,1,1,3,4,5], logL: -17.195631, Exp of LogL: 0.000000, Normalized LogL: -1.563239, Exp of Normalized LogL: 0.209456, Best Rate: 0.3
Fault: [0,1,3,3,4,5], logL: -17.210408, Exp of LogL: 0.000000, Normalized LogL: -1.564583, Exp of Normalized LogL: 0.209175, Best Rate: 0.3
Fault: [0,1,1,3,5,5], logL: -17.302442, Exp of LogL: 0.000000, Normalized LogL: -1.572949, Exp of Normalized LogL: 0.207433, Best Rate: 0.3
Fault: [0,1,1,3,3,5], logL: -17.302442, Exp of LogL: 0.000000, Normalized LogL: -1.572949, Exp of Normalized LogL: 0.207433, Best Rate: 0.3
Fault: [0,1,1,3,0,5], logL: -17.302442, Exp of LogL: 0.000000, Normalized LogL: -1.572949, Exp of Normalized LogL: 0.207433, Best Rate: 0.3
Fault: [0,1,4,3,4,5], logL: -17.357376, Exp of LogL: 0.000000, Normalized LogL: -1.577943, Exp of Normalized LogL: 0.206399, Best Rate: 0.3
Fault: [0,1,5,3,4,5], logL: -17.357376, Exp of LogL: 0.000000, Normalized LogL: -1.577943, Exp of Normalized LogL: 0.206399, Best Rate: 0.3
Fault: [0,1,1,3,1,5], logL: -17.565171, Exp of LogL: 0.000000, Normalized LogL: -1.596834, Exp of Normalized LogL: 0.202537, Best Rate: 0.3

========= ADAPTIVE MC DEBUG =========
Total calls: 110
Avg tries: 1524.55
Confidence stops: 110
Max stops: 0
Max stop rate: 0.000
Real Fault Rank 3
===== SEED 38 | FR=0.3 | VR=60 =====
executing with fault mode: [0,1,1,3,4,5]

executing with fault mode: [0,1,1,3,4,5]

executing with fault mode: [0,1,1,3,4,5]

Fault scores (higher is better):
Fault: [0,1,1,3,4,5], logL: -20.196374, Exp of LogL: 0.000000, Normalized LogL: -1.188022, Exp of Normalized LogL: 0.304824, Best Rate: 0.3
Fault: [0,1,1,3,5,5], logL: -20.290358, Exp of LogL: 0.000000, Normalized LogL: -1.193550, Exp of Normalized LogL: 0.303143, Best Rate: 0.3
Fault: [0,1,1,3,3,5], logL: -20.290358, Exp of LogL: 0.000000, Normalized LogL: -1.193550, Exp of Normalized LogL: 0.303143, Best Rate: 0.3
Fault: [0,1,1,3,0,5], logL: -20.290358, Exp of LogL: 0.000000, Normalized LogL: -1.193550, Exp of Normalized LogL: 0.303143, Best Rate: 0.3
Fault: [0,1,1,3,1,5], logL: -20.480324, Exp of LogL: 0.000000, Normalized LogL: -1.204725, Exp of Normalized LogL: 0.299774, Best Rate: 0.3
Fault: [0,1,2,3,4,5], logL: -20.975870, Exp of LogL: 0.000000, Normalized LogL: -1.233875, Exp of Normalized LogL: 0.291162, Best Rate: 0.3
Fault: [0,1,0,3,4,5], logL: -21.154144, Exp of LogL: 0.000000, Normalized LogL: -1.244361, Exp of Normalized LogL: 0.288125, Best Rate: 0.3
Fault: [0,1,3,3,4,5], logL: -21.161705, Exp of LogL: 0.000000, Normalized LogL: -1.244806, Exp of Normalized LogL: 0.287997, Best Rate: 0.3
Fault: [0,1,4,3,4,5], logL: -21.956107, Exp of LogL: 0.000000, Normalized LogL: -1.291536, Exp of Normalized LogL: 0.274848, Best Rate: 0.3
Fault: [0,1,5,3,4,5], logL: -21.956107, Exp of LogL: 0.000000, Normalized LogL: -1.291536, Exp of Normalized LogL: 0.274848, Best Rate: 0.3

========= ADAPTIVE MC DEBUG =========
Total calls: 170
Avg tries: 1619.41
Confidence stops: 170
Max stops: 0
Max stop rate: 0.000
Real Fault Rank 1
===== SEED 38 | FR=0.3 | VR=80 =====
executing with fault mode: [0,1,1,3,4,5]

executing with fault mode: [0,1,1,3,4,5]

executing with fault mode: [0,1,1,3,4,5]

Fault scores (higher is better):
Fault: [0,1,1,3,4,5], logL: -22.851203, Exp of LogL: 0.000000, Normalized LogL: -1.038691, Exp of Normalized LogL: 0.353918, Best Rate: 0.3
Fault: [0,1,1,3,1,5], logL: -23.200299, Exp of LogL: 0.000000, Normalized LogL: -1.054559, Exp of Normalized LogL: 0.348346, Best Rate: 0.3
Fault: [0,1,1,3,5,5], logL: -23.200299, Exp of LogL: 0.000000, Normalized LogL: -1.054559, Exp of Normalized LogL: 0.348346, Best Rate: 0.3
Fault: [0,1,1,3,3,5], logL: -23.200299, Exp of LogL: 0.000000, Normalized LogL: -1.054559, Exp of Normalized LogL: 0.348346, Best Rate: 0.3
Fault: [0,1,1,3,0,5], logL: -23.200299, Exp of LogL: 0.000000, Normalized LogL: -1.054559, Exp of Normalized LogL: 0.348346, Best Rate: 0.3
Fault: [0,1,2,3,4,5], logL: -23.484357, Exp of LogL: 0.000000, Normalized LogL: -1.067471, Exp of Normalized LogL: 0.343877, Best Rate: 0.3
Fault: [0,1,0,3,4,5], logL: -23.783566, Exp of LogL: 0.000000, Normalized LogL: -1.081071, Exp of Normalized LogL: 0.339232, Best Rate: 0.3
Fault: [0,1,3,3,4,5], logL: -24.033261, Exp of LogL: 0.000000, Normalized LogL: -1.092421, Exp of Normalized LogL: 0.335404, Best Rate: 0.3
Fault: [0,1,4,3,4,5], logL: -25.022193, Exp of LogL: 0.000000, Normalized LogL: -1.137372, Exp of Normalized LogL: 0.320660, Best Rate: 0.3
Fault: [0,1,5,3,4,5], logL: -25.022193, Exp of LogL: 0.000000, Normalized LogL: -1.137372, Exp of Normalized LogL: 0.320660, Best Rate: 0.3

========= ADAPTIVE MC DEBUG =========
Total calls: 220
Avg tries: 1771.59
Confidence stops: 220
Max stops: 0
Max stop rate: 0.000
Real Fault Rank 1
===== SEED 38 | FR=0.3 | VR=100 =====
executing with fault mode: [0,1,1,3,4,5]

executing with fault mode: [0,1,1,3,4,5]

executing with fault mode: [0,1,1,3,4,5]

Fault scores (higher is better):
Fault: [0,1,1,3,4,5], logL: -23.857965, Exp of LogL: 0.000000, Normalized LogL: -0.852070, Exp of Normalized LogL: 0.426531, Best Rate: 0.3
Fault: [0,1,1,3,1,5], logL: -24.214640, Exp of LogL: 0.000000, Normalized LogL: -0.864809, Exp of Normalized LogL: 0.421132, Best Rate: 0.3
Fault: [0,1,1,3,5,5], logL: -24.214640, Exp of LogL: 0.000000, Normalized LogL: -0.864809, Exp of Normalized LogL: 0.421132, Best Rate: 0.3
Fault: [0,1,1,3,3,5], logL: -24.214640, Exp of LogL: 0.000000, Normalized LogL: -0.864809, Exp of Normalized LogL: 0.421132, Best Rate: 0.3
Fault: [0,1,1,3,0,5], logL: -24.214640, Exp of LogL: 0.000000, Normalized LogL: -0.864809, Exp of Normalized LogL: 0.421132, Best Rate: 0.3
Fault: [0,1,2,3,4,5], logL: -24.495243, Exp of LogL: 0.000000, Normalized LogL: -0.874830, Exp of Normalized LogL: 0.416933, Best Rate: 0.3
Fault: [0,1,0,3,4,5], logL: -24.768088, Exp of LogL: 0.000000, Normalized LogL: -0.884575, Exp of Normalized LogL: 0.412890, Best Rate: 0.3
Fault: [0,1,3,3,4,5], logL: -25.028824, Exp of LogL: 0.000000, Normalized LogL: -0.893887, Exp of Normalized LogL: 0.409063, Best Rate: 0.3
Fault: [0,1,4,3,4,5], logL: -26.017756, Exp of LogL: 0.000000, Normalized LogL: -0.929206, Exp of Normalized LogL: 0.394867, Best Rate: 0.3
Fault: [0,1,5,3,4,5], logL: -26.017756, Exp of LogL: 0.000000, Normalized LogL: -0.929206, Exp of Normalized LogL: 0.394867, Best Rate: 0.3

========= ADAPTIVE MC DEBUG =========
Total calls: 280
Avg tries: 1786.43
Confidence stops: 280
Max stops: 0
Max stop rate: 0.000
Real Fault Rank 1
================= 22/08/2026 06:41:18: SEED 38 END =================
================= 22/08/2026 06:41:18: SEED 39 (37/100), a*=0 fault=[2,1,2,3,4,5] START =================
===== SEED 39 | FR=0.3 | VR=20 =====
executing with fault mode: [2,1,2,3,4,5]

Fault scores (higher is better):
Fault: [0,1,2,3,4,5], logL: -6.954531, Exp of LogL: 0.000954, Normalized LogL: -1.390906, Exp of Normalized LogL: 0.248850, Best Rate: 0.3
Fault: [2,1,2,3,4,5], logL: -7.256351, Exp of LogL: 0.000706, Normalized LogL: -1.451270, Exp of Normalized LogL: 0.234273, Best Rate: 0.3
Fault: [2,1,2,3,3,5], logL: -7.594351, Exp of LogL: 0.000503, Normalized LogL: -1.518870, Exp of Normalized LogL: 0.218959, Best Rate: 0.3
Fault: [2,1,2,3,2,5], logL: -7.594351, Exp of LogL: 0.000503, Normalized LogL: -1.518870, Exp of Normalized LogL: 0.218959, Best Rate: 0.3
Fault: [2,1,2,3,0,5], logL: -7.594351, Exp of LogL: 0.000503, Normalized LogL: -1.518870, Exp of Normalized LogL: 0.218959, Best Rate: 0.3
Fault: [2,1,2,3,1,5], logL: -7.594351, Exp of LogL: 0.000503, Normalized LogL: -1.518870, Exp of Normalized LogL: 0.218959, Best Rate: 0.3
Fault: [3,1,2,3,4,5], logL: -7.694198, Exp of LogL: 0.000455, Normalized LogL: -1.538840, Exp of Normalized LogL: 0.214630, Best Rate: 0.3
Fault: [1,1,2,3,4,5], logL: -7.719840, Exp of LogL: 0.000444, Normalized LogL: -1.543968, Exp of Normalized LogL: 0.213532, Best Rate: 0.3
Fault: [5,1,2,3,4,5], logL: -7.726355, Exp of LogL: 0.000441, Normalized LogL: -1.545271, Exp of Normalized LogL: 0.213254, Best Rate: 0.3
Fault: [4,1,2,3,4,5], logL: -7.726355, Exp of LogL: 0.000441, Normalized LogL: -1.545271, Exp of Normalized LogL: 0.213254, Best Rate: 0.3

========= ADAPTIVE MC DEBUG =========
Total calls: 50
Avg tries: 1428.00
Confidence stops: 50
Max stops: 0
Max stop rate: 0.000
Real Fault Rank 2
===== SEED 39 | FR=0.3 | VR=40 =====
executing with fault mode: [2,1,2,3,4,5]

Fault scores (higher is better):
Fault: [0,1,2,3,4,5], logL: -10.668816, Exp of LogL: 0.000023, Normalized LogL: -1.185424, Exp of Normalized LogL: 0.305617, Best Rate: 0.3
Fault: [2,1,2,3,4,5], logL: -10.803467, Exp of LogL: 0.000020, Normalized LogL: -1.200385, Exp of Normalized LogL: 0.301078, Best Rate: 0.3
Fault: [2,1,2,3,3,5], logL: -11.150483, Exp of LogL: 0.000014, Normalized LogL: -1.238943, Exp of Normalized LogL: 0.289690, Best Rate: 0.3
Fault: [2,1,2,3,2,5], logL: -11.150483, Exp of LogL: 0.000014, Normalized LogL: -1.238943, Exp of Normalized LogL: 0.289690, Best Rate: 0.3
Fault: [2,1,2,3,0,5], logL: -11.150483, Exp of LogL: 0.000014, Normalized LogL: -1.238943, Exp of Normalized LogL: 0.289690, Best Rate: 0.3
Fault: [2,1,2,3,1,5], logL: -11.150483, Exp of LogL: 0.000014, Normalized LogL: -1.238943, Exp of Normalized LogL: 0.289690, Best Rate: 0.3
Fault: [5,1,2,3,4,5], logL: -11.348490, Exp of LogL: 0.000012, Normalized LogL: -1.260943, Exp of Normalized LogL: 0.283387, Best Rate: 0.3
Fault: [4,1,2,3,4,5], logL: -11.348490, Exp of LogL: 0.000012, Normalized LogL: -1.260943, Exp of Normalized LogL: 0.283387, Best Rate: 0.3
Fault: [1,1,2,3,4,5], logL: -11.429496, Exp of LogL: 0.000011, Normalized LogL: -1.269944, Exp of Normalized LogL: 0.280847, Best Rate: 0.3
Fault: [3,1,2,3,4,5], logL: -11.678379, Exp of LogL: 0.000008, Normalized LogL: -1.297598, Exp of Normalized LogL: 0.273187, Best Rate: 0.3

========= ADAPTIVE MC DEBUG =========
Total calls: 90
Avg tries: 1708.33
Confidence stops: 90
Max stops: 0
Max stop rate: 0.000
Real Fault Rank 2
===== SEED 39 | FR=0.3 | VR=60 =====
executing with fault mode: [2,1,2,3,4,5]

Fault scores (higher is better):
Fault: [0,1,2,3,4,5], logL: -11.040283, Exp of LogL: 0.000016, Normalized LogL: -0.849253, Exp of Normalized LogL: 0.427735, Best Rate: 0.3
Fault: [2,1,2,3,4,5], logL: -11.235551, Exp of LogL: 0.000013, Normalized LogL: -0.864273, Exp of Normalized LogL: 0.421358, Best Rate: 0.3
Fault: [2,1,2,3,3,5], logL: -11.582566, Exp of LogL: 0.000009, Normalized LogL: -0.890967, Exp of Normalized LogL: 0.410259, Best Rate: 0.3
Fault: [2,1,2,3,2,5], logL: -11.582566, Exp of LogL: 0.000009, Normalized LogL: -0.890967, Exp of Normalized LogL: 0.410259, Best Rate: 0.3
Fault: [2,1,2,3,0,5], logL: -11.582566, Exp of LogL: 0.000009, Normalized LogL: -0.890967, Exp of Normalized LogL: 0.410259, Best Rate: 0.3
Fault: [2,1,2,3,1,5], logL: -11.582566, Exp of LogL: 0.000009, Normalized LogL: -0.890967, Exp of Normalized LogL: 0.410259, Best Rate: 0.3
Fault: [5,1,2,3,4,5], logL: -11.681066, Exp of LogL: 0.000008, Normalized LogL: -0.898544, Exp of Normalized LogL: 0.407162, Best Rate: 0.3
Fault: [4,1,2,3,4,5], logL: -11.681066, Exp of LogL: 0.000008, Normalized LogL: -0.898544, Exp of Normalized LogL: 0.407162, Best Rate: 0.3
Fault: [1,1,2,3,4,5], logL: -11.718900, Exp of LogL: 0.000008, Normalized LogL: -0.901454, Exp of Normalized LogL: 0.405979, Best Rate: 0.3
Fault: [3,1,2,3,4,5], logL: -12.010767, Exp of LogL: 0.000006, Normalized LogL: -0.923905, Exp of Normalized LogL: 0.396966, Best Rate: 0.3

========= ADAPTIVE MC DEBUG =========
Total calls: 130
Avg tries: 2007.31
Confidence stops: 130
Max stops: 0
Max stop rate: 0.000
Real Fault Rank 2
===== SEED 39 | FR=0.3 | VR=80 =====
executing with fault mode: [2,1,2,3,4,5]

Fault scores (higher is better):
Fault: [0,1,2,3,4,5], logL: -11.256839, Exp of LogL: 0.000013, Normalized LogL: -0.662167, Exp of Normalized LogL: 0.515733, Best Rate: 0.3
Fault: [2,1,2,3,4,5], logL: -11.637069, Exp of LogL: 0.000009, Normalized LogL: -0.684533, Exp of Normalized LogL: 0.504325, Best Rate: 0.3
Fault: [5,1,2,3,4,5], logL: -11.883638, Exp of LogL: 0.000007, Normalized LogL: -0.699038, Exp of Normalized LogL: 0.497063, Best Rate: 0.3
Fault: [4,1,2,3,4,5], logL: -11.883638, Exp of LogL: 0.000007, Normalized LogL: -0.699038, Exp of Normalized LogL: 0.497063, Best Rate: 0.3
Fault: [1,1,2,3,4,5], logL: -11.964644, Exp of LogL: 0.000006, Normalized LogL: -0.703803, Exp of Normalized LogL: 0.494701, Best Rate: 0.3
Fault: [2,1,2,3,3,5], logL: -12.012976, Exp of LogL: 0.000006, Normalized LogL: -0.706646, Exp of Normalized LogL: 0.493296, Best Rate: 0.3
Fault: [2,1,2,3,2,5], logL: -12.012976, Exp of LogL: 0.000006, Normalized LogL: -0.706646, Exp of Normalized LogL: 0.493296, Best Rate: 0.3
Fault: [2,1,2,3,0,5], logL: -12.012976, Exp of LogL: 0.000006, Normalized LogL: -0.706646, Exp of Normalized LogL: 0.493296, Best Rate: 0.3
Fault: [2,1,2,3,1,5], logL: -12.012976, Exp of LogL: 0.000006, Normalized LogL: -0.706646, Exp of Normalized LogL: 0.493296, Best Rate: 0.3
Fault: [3,1,2,3,4,5], logL: -12.205256, Exp of LogL: 0.000005, Normalized LogL: -0.717956, Exp of Normalized LogL: 0.487748, Best Rate: 0.3

========= ADAPTIVE MC DEBUG =========
Total calls: 170
Avg tries: 2022.35
Confidence stops: 170
Max stops: 0
Max stop rate: 0.000
Real Fault Rank 2
===== SEED 39 | FR=0.3 | VR=100 =====
executing with fault mode: [2,1,2,3,4,5]

Fault scores (higher is better):
Fault: [2,1,2,3,4,5], logL: -12.398705, Exp of LogL: 0.000004, Normalized LogL: -0.563578, Exp of Normalized LogL: 0.569169, Best Rate: 0.3
Fault: [5,1,2,3,4,5], logL: -12.570255, Exp of LogL: 0.000003, Normalized LogL: -0.571375, Exp of Normalized LogL: 0.564748, Best Rate: 0.3
Fault: [4,1,2,3,4,5], logL: -12.570255, Exp of LogL: 0.000003, Normalized LogL: -0.571375, Exp of Normalized LogL: 0.564748, Best Rate: 0.3
Fault: [2,1,2,3,3,5], logL: -12.774612, Exp of LogL: 0.000003, Normalized LogL: -0.580664, Exp of Normalized LogL: 0.559527, Best Rate: 0.3
Fault: [2,1,2,3,2,5], logL: -12.774612, Exp of LogL: 0.000003, Normalized LogL: -0.580664, Exp of Normalized LogL: 0.559527, Best Rate: 0.3
Fault: [2,1,2,3,0,5], logL: -12.774612, Exp of LogL: 0.000003, Normalized LogL: -0.580664, Exp of Normalized LogL: 0.559527, Best Rate: 0.3
Fault: [2,1,2,3,1,5], logL: -12.774612, Exp of LogL: 0.000003, Normalized LogL: -0.580664, Exp of Normalized LogL: 0.559527, Best Rate: 0.3
Fault: [0,1,2,3,4,5], logL: -13.449423, Exp of LogL: 0.000001, Normalized LogL: -0.611337, Exp of Normalized LogL: 0.542625, Best Rate: 0.3
Fault: [1,1,2,3,4,5], logL: -14.517689, Exp of LogL: 0.000000, Normalized LogL: -0.659895, Exp of Normalized LogL: 0.516906, Best Rate: 0.3
Fault: [3,1,2,3,4,5], logL: -15.158189, Exp of LogL: 0.000000, Normalized LogL: -0.689009, Exp of Normalized LogL: 0.502074, Best Rate: 0.3

========= ADAPTIVE MC DEBUG =========
Total calls: 220
Avg tries: 1967.73
Confidence stops: 220
Max stops: 0
Max stop rate: 0.000
Real Fault Rank 1
================= 22/08/2026 06:44:54: SEED 39 END =================
================= 22/08/2026 06:44:54: SEED 40 (38/100), a*=1 fault=[0,4,2,3,4,5] START =================
===== SEED 40 | FR=0.3 | VR=20 =====
executing with fault mode: [0,4,2,3,4,5]

Fault scores (higher is better):
Fault: [0,4,2,3,3,5], logL: -4.595009, Exp of LogL: 0.010102, Normalized LogL: -1.148752, Exp of Normalized LogL: 0.317032, Best Rate: 0.3
Fault: [0,4,2,3,0,5], logL: -4.595009, Exp of LogL: 0.010102, Normalized LogL: -1.148752, Exp of Normalized LogL: 0.317032, Best Rate: 0.3
Fault: [0,4,2,3,5,5], logL: -4.595009, Exp of LogL: 0.010102, Normalized LogL: -1.148752, Exp of Normalized LogL: 0.317032, Best Rate: 0.3
Fault: [0,2,2,3,4,5], logL: -5.071561, Exp of LogL: 0.006273, Normalized LogL: -1.267890, Exp of Normalized LogL: 0.281425, Best Rate: 0.3
Fault: [0,3,2,3,4,5], logL: -5.180936, Exp of LogL: 0.005623, Normalized LogL: -1.295234, Exp of Normalized LogL: 0.273834, Best Rate: 0.3
Fault: [0,4,2,3,1,5], logL: -5.199340, Exp of LogL: 0.005520, Normalized LogL: -1.299835, Exp of Normalized LogL: 0.272577, Best Rate: 0.3
Fault: [0,4,2,3,4,5], logL: -5.239809, Exp of LogL: 0.005301, Normalized LogL: -1.309952, Exp of Normalized LogL: 0.269833, Best Rate: 0.3
Fault: [0,0,2,3,4,5], logL: -5.578458, Exp of LogL: 0.003778, Normalized LogL: -1.394614, Exp of Normalized LogL: 0.247929, Best Rate: 0.3
Fault: [0,5,2,3,4,5], logL: -6.224116, Exp of LogL: 0.001981, Normalized LogL: -1.556029, Exp of Normalized LogL: 0.210972, Best Rate: 0.3
Fault: [0,1,2,3,4,5], logL: -6.385577, Exp of LogL: 0.001686, Normalized LogL: -1.596394, Exp of Normalized LogL: 0.202626, Best Rate: 0.3

========= ADAPTIVE MC DEBUG =========
Total calls: 40
Avg tries: 1852.50
Confidence stops: 40
Max stops: 0
Max stop rate: 0.000
Real Fault Rank 7
===== SEED 40 | FR=0.3 | VR=40 =====
executing with fault mode: [0,4,2,3,4,5]

Fault scores (higher is better):
Fault: [0,2,2,3,4,5], logL: -8.393029, Exp of LogL: 0.000226, Normalized LogL: -1.199004, Exp of Normalized LogL: 0.301494, Best Rate: 0.3
Fault: [0,4,2,3,3,5], logL: -9.468193, Exp of LogL: 0.000077, Normalized LogL: -1.352599, Exp of Normalized LogL: 0.258567, Best Rate: 0.3
Fault: [0,4,2,3,0,5], logL: -9.468193, Exp of LogL: 0.000077, Normalized LogL: -1.352599, Exp of Normalized LogL: 0.258567, Best Rate: 0.3
Fault: [0,4,2,3,5,5], logL: -9.468193, Exp of LogL: 0.000077, Normalized LogL: -1.352599, Exp of Normalized LogL: 0.258567, Best Rate: 0.3
Fault: [0,4,2,3,4,5], logL: -9.594498, Exp of LogL: 0.000068, Normalized LogL: -1.370643, Exp of Normalized LogL: 0.253944, Best Rate: 0.3
Fault: [0,4,2,3,1,5], logL: -9.753438, Exp of LogL: 0.000058, Normalized LogL: -1.393348, Exp of Normalized LogL: 0.248243, Best Rate: 0.3
Fault: [0,0,2,3,4,5], logL: -10.040971, Exp of LogL: 0.000044, Normalized LogL: -1.434424, Exp of Normalized LogL: 0.238252, Best Rate: 0.3
Fault: [0,1,2,3,4,5], logL: -10.102101, Exp of LogL: 0.000041, Normalized LogL: -1.443157, Exp of Normalized LogL: 0.236181, Best Rate: 0.3
Fault: [0,3,2,3,4,5], logL: -10.280725, Exp of LogL: 0.000034, Normalized LogL: -1.468675, Exp of Normalized LogL: 0.230230, Best Rate: 0.3
Fault: [0,5,2,3,4,5], logL: -10.465259, Exp of LogL: 0.000029, Normalized LogL: -1.495037, Exp of Normalized LogL: 0.224240, Best Rate: 0.3

========= ADAPTIVE MC DEBUG =========
Total calls: 70
Avg tries: 1657.14
Confidence stops: 70
Max stops: 0
Max stop rate: 0.000
Real Fault Rank 5
===== SEED 40 | FR=0.3 | VR=60 =====
executing with fault mode: [0,4,2,3,4,5]

Fault scores (higher is better):
Fault: [0,2,2,3,4,5], logL: -9.161326, Exp of LogL: 0.000105, Normalized LogL: -0.916133, Exp of Normalized LogL: 0.400063, Best Rate: 0.3
Fault: [0,4,2,3,4,5], logL: -9.805216, Exp of LogL: 0.000055, Normalized LogL: -0.980522, Exp of Normalized LogL: 0.375115, Best Rate: 0.3
Fault: [0,1,2,3,4,5], logL: -10.049668, Exp of LogL: 0.000043, Normalized LogL: -1.004967, Exp of Normalized LogL: 0.366057, Best Rate: 0.3
Fault: [0,4,2,3,3,5], logL: -10.162588, Exp of LogL: 0.000039, Normalized LogL: -1.016259, Exp of Normalized LogL: 0.361947, Best Rate: 0.3
Fault: [0,4,2,3,1,5], logL: -10.162588, Exp of LogL: 0.000039, Normalized LogL: -1.016259, Exp of Normalized LogL: 0.361947, Best Rate: 0.3
Fault: [0,4,2,3,0,5], logL: -10.162588, Exp of LogL: 0.000039, Normalized LogL: -1.016259, Exp of Normalized LogL: 0.361947, Best Rate: 0.3
Fault: [0,4,2,3,5,5], logL: -10.162588, Exp of LogL: 0.000039, Normalized LogL: -1.016259, Exp of Normalized LogL: 0.361947, Best Rate: 0.3
Fault: [0,3,2,3,4,5], logL: -10.336151, Exp of LogL: 0.000032, Normalized LogL: -1.033615, Exp of Normalized LogL: 0.355719, Best Rate: 0.3
Fault: [0,5,2,3,4,5], logL: -10.750856, Exp of LogL: 0.000021, Normalized LogL: -1.075086, Exp of Normalized LogL: 0.341269, Best Rate: 0.3
Fault: [0,0,2,3,4,5], logL: -12.093060, Exp of LogL: 0.000006, Normalized LogL: -1.209306, Exp of Normalized LogL: 0.298404, Best Rate: 0.3

========= ADAPTIVE MC DEBUG =========
Total calls: 100
Avg tries: 1805.00
Confidence stops: 100
Max stops: 0
Max stop rate: 0.000
Real Fault Rank 2
===== SEED 40 | FR=0.3 | VR=80 =====
executing with fault mode: [0,4,2,3,4,5]

Fault scores (higher is better):
Fault: [0,4,2,3,4,5], logL: -10.949863, Exp of LogL: 0.000018, Normalized LogL: -0.842297, Exp of Normalized LogL: 0.430720, Best Rate: 0.3
Fault: [0,4,2,3,3,5], logL: -11.307235, Exp of LogL: 0.000012, Normalized LogL: -0.869787, Exp of Normalized LogL: 0.419041, Best Rate: 0.3
Fault: [0,4,2,3,1,5], logL: -11.307235, Exp of LogL: 0.000012, Normalized LogL: -0.869787, Exp of Normalized LogL: 0.419041, Best Rate: 0.3
Fault: [0,4,2,3,0,5], logL: -11.307235, Exp of LogL: 0.000012, Normalized LogL: -0.869787, Exp of Normalized LogL: 0.419041, Best Rate: 0.3
Fault: [0,4,2,3,5,5], logL: -11.307235, Exp of LogL: 0.000012, Normalized LogL: -0.869787, Exp of Normalized LogL: 0.419041, Best Rate: 0.3
Fault: [0,5,2,3,4,5], logL: -11.895503, Exp of LogL: 0.000007, Normalized LogL: -0.915039, Exp of Normalized LogL: 0.400501, Best Rate: 0.3
Fault: [0,2,2,3,4,5], logL: -37.342884, Exp of LogL: 0.000000, Normalized LogL: -2.872530, Exp of Normalized LogL: 0.056556, Best Rate: 0.3
Fault: [0,1,2,3,4,5], logL: -38.538349, Exp of LogL: 0.000000, Normalized LogL: -2.964488, Exp of Normalized LogL: 0.051587, Best Rate: 0.3
Fault: [0,3,2,3,4,5], logL: -39.417724, Exp of LogL: 0.000000, Normalized LogL: -3.032133, Exp of Normalized LogL: 0.048213, Best Rate: 0.3
Fault: [0,0,2,3,4,5], logL: -41.161158, Exp of LogL: 0.000000, Normalized LogL: -3.166243, Exp of Normalized LogL: 0.042162, Best Rate: 0.3

========= ADAPTIVE MC DEBUG =========
Total calls: 130
Avg tries: 1768.85
Confidence stops: 130
Max stops: 0
Max stop rate: 0.000
Real Fault Rank 1
===== SEED 40 | FR=0.3 | VR=100 =====
executing with fault mode: [0,4,2,3,4,5]

Fault scores (higher is better):
Fault: [0,4,2,3,4,5], logL: -12.360087, Exp of LogL: 0.000004, Normalized LogL: -0.772505, Exp of Normalized LogL: 0.461854, Best Rate: 0.3
Fault: [0,4,2,3,3,5], logL: -12.717459, Exp of LogL: 0.000003, Normalized LogL: -0.794841, Exp of Normalized LogL: 0.451653, Best Rate: 0.3
Fault: [0,4,2,3,1,5], logL: -12.717459, Exp of LogL: 0.000003, Normalized LogL: -0.794841, Exp of Normalized LogL: 0.451653, Best Rate: 0.3
Fault: [0,4,2,3,0,5], logL: -12.717459, Exp of LogL: 0.000003, Normalized LogL: -0.794841, Exp of Normalized LogL: 0.451653, Best Rate: 0.3
Fault: [0,4,2,3,5,5], logL: -12.717459, Exp of LogL: 0.000003, Normalized LogL: -0.794841, Exp of Normalized LogL: 0.451653, Best Rate: 0.3
Fault: [0,5,2,3,4,5], logL: -13.305726, Exp of LogL: 0.000002, Normalized LogL: -0.831608, Exp of Normalized LogL: 0.435349, Best Rate: 0.3
Fault: [0,2,2,3,4,5], logL: -37.487370, Exp of LogL: 0.000000, Normalized LogL: -2.342961, Exp of Normalized LogL: 0.096043, Best Rate: 0.3
Fault: [0,1,2,3,4,5], logL: -38.891461, Exp of LogL: 0.000000, Normalized LogL: -2.430716, Exp of Normalized LogL: 0.087974, Best Rate: 0.3
Fault: [0,3,2,3,4,5], logL: -39.760905, Exp of LogL: 0.000000, Normalized LogL: -2.485057, Exp of Normalized LogL: 0.083321, Best Rate: 0.3
Fault: [0,0,2,3,4,5], logL: -39.799660, Exp of LogL: 0.000000, Normalized LogL: -2.487479, Exp of Normalized LogL: 0.083119, Best Rate: 0.3

========= ADAPTIVE MC DEBUG =========
Total calls: 160
Avg tries: 1936.56
Confidence stops: 160
Max stops: 0
Max stop rate: 0.000
Real Fault Rank 1
================= 22/08/2026 06:47:24: SEED 40 END =================
================= 22/08/2026 06:47:24: SEED 41 (39/100), a*=0 fault=[3,1,2,3,4,5] START =================
===== SEED 41 | FR=0.3 | VR=20 =====
executing with fault mode: [3,1,2,3,4,5]

Fault scores (higher is better):
Fault: [4,1,2,3,4,5], logL: -7.112834, Exp of LogL: 0.000815, Normalized LogL: -1.422567, Exp of Normalized LogL: 0.241094, Best Rate: 0.3
Fault: [3,1,2,3,4,5], logL: -7.112834, Exp of LogL: 0.000815, Normalized LogL: -1.422567, Exp of Normalized LogL: 0.241094, Best Rate: 0.3
Fault: [5,1,2,3,4,5], logL: -7.112834, Exp of LogL: 0.000815, Normalized LogL: -1.422567, Exp of Normalized LogL: 0.241094, Best Rate: 0.3
Fault: [3,1,2,4,4,5], logL: -7.528802, Exp of LogL: 0.000537, Normalized LogL: -1.505760, Exp of Normalized LogL: 0.221849, Best Rate: 0.3
Fault: [3,1,2,0,4,5], logL: -7.623990, Exp of LogL: 0.000489, Normalized LogL: -1.524798, Exp of Normalized LogL: 0.217665, Best Rate: 0.3
Fault: [3,1,2,1,4,5], logL: -7.748953, Exp of LogL: 0.000431, Normalized LogL: -1.549791, Exp of Normalized LogL: 0.212292, Best Rate: 0.3
Fault: [3,1,2,2,4,5], logL: -7.837816, Exp of LogL: 0.000395, Normalized LogL: -1.567563, Exp of Normalized LogL: 0.208553, Best Rate: 0.3
Fault: [0,1,2,3,4,5], logL: -9.173528, Exp of LogL: 0.000104, Normalized LogL: -1.834706, Exp of Normalized LogL: 0.159660, Best Rate: 0.3
Fault: [2,1,2,3,4,5], logL: -9.280729, Exp of LogL: 0.000093, Normalized LogL: -1.856146, Exp of Normalized LogL: 0.156274, Best Rate: 0.3
Fault: [1,1,2,3,4,5], logL: -9.306274, Exp of LogL: 0.000091, Normalized LogL: -1.861255, Exp of Normalized LogL: 0.155477, Best Rate: 0.3

========= ADAPTIVE MC DEBUG =========
Total calls: 50
Avg tries: 1701.00
Confidence stops: 50
Max stops: 0
Max stop rate: 0.000
Real Fault Rank 2
===== SEED 41 | FR=0.3 | VR=40 =====
executing with fault mode: [3,1,2,3,4,5]

Fault scores (higher is better):
Fault: [4,1,2,3,4,5], logL: -9.915952, Exp of LogL: 0.000049, Normalized LogL: -1.101772, Exp of Normalized LogL: 0.332282, Best Rate: 0.3
Fault: [3,1,2,3,4,5], logL: -9.915952, Exp of LogL: 0.000049, Normalized LogL: -1.101772, Exp of Normalized LogL: 0.332282, Best Rate: 0.3
Fault: [5,1,2,3,4,5], logL: -9.915952, Exp of LogL: 0.000049, Normalized LogL: -1.101772, Exp of Normalized LogL: 0.332282, Best Rate: 0.3
Fault: [3,1,2,0,4,5], logL: -10.141751, Exp of LogL: 0.000039, Normalized LogL: -1.126861, Exp of Normalized LogL: 0.324049, Best Rate: 0.3
Fault: [3,1,2,4,4,5], logL: -10.508791, Exp of LogL: 0.000027, Normalized LogL: -1.167643, Exp of Normalized LogL: 0.311099, Best Rate: 0.3
Fault: [3,1,2,1,4,5], logL: -10.728942, Exp of LogL: 0.000022, Normalized LogL: -1.192105, Exp of Normalized LogL: 0.303582, Best Rate: 0.3
Fault: [3,1,2,2,4,5], logL: -10.817805, Exp of LogL: 0.000020, Normalized LogL: -1.201978, Exp of Normalized LogL: 0.300599, Best Rate: 0.3
Fault: [2,1,2,3,4,5], logL: -12.083848, Exp of LogL: 0.000006, Normalized LogL: -1.342650, Exp of Normalized LogL: 0.261153, Best Rate: 0.3
Fault: [1,1,2,3,4,5], logL: -12.755489, Exp of LogL: 0.000003, Normalized LogL: -1.417277, Exp of Normalized LogL: 0.242373, Best Rate: 0.3
Fault: [0,1,2,3,4,5], logL: -12.969427, Exp of LogL: 0.000002, Normalized LogL: -1.441047, Exp of Normalized LogL: 0.236680, Best Rate: 0.3

========= ADAPTIVE MC DEBUG =========
Total calls: 90
Avg tries: 1843.33
Confidence stops: 90
Max stops: 0
Max stop rate: 0.000
Real Fault Rank 2
===== SEED 41 | FR=0.3 | VR=60 =====
executing with fault mode: [3,1,2,3,4,5]

Fault scores (higher is better):
Fault: [3,1,2,0,4,5], logL: -12.149215, Exp of LogL: 0.000005, Normalized LogL: -0.934555, Exp of Normalized LogL: 0.392761, Best Rate: 0.3
Fault: [4,1,2,3,4,5], logL: -12.267078, Exp of LogL: 0.000005, Normalized LogL: -0.943621, Exp of Normalized LogL: 0.389216, Best Rate: 0.3
Fault: [3,1,2,3,4,5], logL: -12.267078, Exp of LogL: 0.000005, Normalized LogL: -0.943621, Exp of Normalized LogL: 0.389216, Best Rate: 0.3
Fault: [5,1,2,3,4,5], logL: -12.267078, Exp of LogL: 0.000005, Normalized LogL: -0.943621, Exp of Normalized LogL: 0.389216, Best Rate: 0.3
Fault: [3,1,2,4,4,5], logL: -12.747604, Exp of LogL: 0.000003, Normalized LogL: -0.980585, Exp of Normalized LogL: 0.375092, Best Rate: 0.3
Fault: [3,1,2,1,4,5], logL: -13.103059, Exp of LogL: 0.000002, Normalized LogL: -1.007928, Exp of Normalized LogL: 0.364975, Best Rate: 0.3
Fault: [3,1,2,2,4,5], logL: -13.218891, Exp of LogL: 0.000002, Normalized LogL: -1.016838, Exp of Normalized LogL: 0.361737, Best Rate: 0.3
Fault: [2,1,2,3,4,5], logL: -14.623232, Exp of LogL: 0.000000, Normalized LogL: -1.124864, Exp of Normalized LogL: 0.324697, Best Rate: 0.3
Fault: [0,1,2,3,4,5], logL: -15.355233, Exp of LogL: 0.000000, Normalized LogL: -1.181172, Exp of Normalized LogL: 0.306919, Best Rate: 0.3
Fault: [1,1,2,3,4,5], logL: -15.466747, Exp of LogL: 0.000000, Normalized LogL: -1.189750, Exp of Normalized LogL: 0.304297, Best Rate: 0.3

========= ADAPTIVE MC DEBUG =========
Total calls: 130
Avg tries: 1984.23
Confidence stops: 130
Max stops: 0
Max stop rate: 0.000
Real Fault Rank 3
===== SEED 41 | FR=0.3 | VR=80 =====
executing with fault mode: [3,1,2,3,4,5]

Fault scores (higher is better):
Fault: [3,1,2,0,4,5], logL: -14.358219, Exp of LogL: 0.000001, Normalized LogL: -0.844601, Exp of Normalized LogL: 0.429729, Best Rate: 0.3
Fault: [3,1,2,4,4,5], logL: -14.508690, Exp of LogL: 0.000000, Normalized LogL: -0.853452, Exp of Normalized LogL: 0.425942, Best Rate: 0.3
Fault: [4,1,2,3,4,5], logL: -14.708371, Exp of LogL: 0.000000, Normalized LogL: -0.865198, Exp of Normalized LogL: 0.420968, Best Rate: 0.3
Fault: [3,1,2,3,4,5], logL: -14.708371, Exp of LogL: 0.000000, Normalized LogL: -0.865198, Exp of Normalized LogL: 0.420968, Best Rate: 0.3
Fault: [5,1,2,3,4,5], logL: -14.708371, Exp of LogL: 0.000000, Normalized LogL: -0.865198, Exp of Normalized LogL: 0.420968, Best Rate: 0.3
Fault: [3,1,2,1,4,5], logL: -15.680532, Exp of LogL: 0.000000, Normalized LogL: -0.922384, Exp of Normalized LogL: 0.397570, Best Rate: 0.3
Fault: [3,1,2,2,4,5], logL: -15.758775, Exp of LogL: 0.000000, Normalized LogL: -0.926987, Exp of Normalized LogL: 0.395744, Best Rate: 0.3
Fault: [2,1,2,3,4,5], logL: -15.927088, Exp of LogL: 0.000000, Normalized LogL: -0.936888, Exp of Normalized LogL: 0.391846, Best Rate: 0.3
Fault: [0,1,2,3,4,5], logL: -17.057262, Exp of LogL: 0.000000, Normalized LogL: -1.003368, Exp of Normalized LogL: 0.366642, Best Rate: 0.3
Fault: [1,1,2,3,4,5], logL: -17.799832, Exp of LogL: 0.000000, Normalized LogL: -1.047049, Exp of Normalized LogL: 0.350972, Best Rate: 0.3

========= ADAPTIVE MC DEBUG =========
Total calls: 170
Avg tries: 2053.24
Confidence stops: 170
Max stops: 0
Max stop rate: 0.000
Real Fault Rank 4
===== SEED 41 | FR=0.3 | VR=100 =====
executing with fault mode: [3,1,2,3,4,5]

Fault scores (higher is better):
Fault: [3,1,2,0,4,5], logL: -14.964107, Exp of LogL: 0.000000, Normalized LogL: -0.712577, Exp of Normalized LogL: 0.490379, Best Rate: 0.3
Fault: [4,1,2,3,4,5], logL: -15.314259, Exp of LogL: 0.000000, Normalized LogL: -0.729250, Exp of Normalized LogL: 0.482270, Best Rate: 0.3
Fault: [3,1,2,3,4,5], logL: -15.314259, Exp of LogL: 0.000000, Normalized LogL: -0.729250, Exp of Normalized LogL: 0.482270, Best Rate: 0.3
Fault: [5,1,2,3,4,5], logL: -15.314259, Exp of LogL: 0.000000, Normalized LogL: -0.729250, Exp of Normalized LogL: 0.482270, Best Rate: 0.3
Fault: [3,1,2,1,4,5], logL: -16.286421, Exp of LogL: 0.000000, Normalized LogL: -0.775544, Exp of Normalized LogL: 0.460453, Best Rate: 0.3
Fault: [3,1,2,4,4,5], logL: -16.364664, Exp of LogL: 0.000000, Normalized LogL: -0.779270, Exp of Normalized LogL: 0.458741, Best Rate: 0.3
Fault: [3,1,2,2,4,5], logL: -16.364664, Exp of LogL: 0.000000, Normalized LogL: -0.779270, Exp of Normalized LogL: 0.458741, Best Rate: 0.3
Fault: [2,1,2,3,4,5], logL: -16.532976, Exp of LogL: 0.000000, Normalized LogL: -0.787285, Exp of Normalized LogL: 0.455079, Best Rate: 0.3
Fault: [0,1,2,3,4,5], logL: -17.663150, Exp of LogL: 0.000000, Normalized LogL: -0.841102, Exp of Normalized LogL: 0.431235, Best Rate: 0.3
Fault: [1,1,2,3,4,5], logL: -18.405720, Exp of LogL: 0.000000, Normalized LogL: -0.876463, Exp of Normalized LogL: 0.416253, Best Rate: 0.3

========= ADAPTIVE MC DEBUG =========
Total calls: 210
Avg tries: 1939.29
Confidence stops: 210
Max stops: 0
Max stop rate: 0.000
Real Fault Rank 3
================= 22/08/2026 06:50:53: SEED 41 END =================
================= 22/08/2026 06:50:53: SEED 42 (40/100), a*=1 fault=[0,0,2,3,4,5] START =================
===== SEED 42 | FR=0.3 | VR=20 =====
executing with fault mode: [0,0,2,3,4,5]

Fault scores (higher is better):
Fault: [0,2,2,3,4,5], logL: -11.029172, Exp of LogL: 0.000016, Normalized LogL: -2.205834, Exp of Normalized LogL: 0.110159, Best Rate: 0.3
Fault: [0,1,2,3,4,5], logL: -11.564020, Exp of LogL: 0.000010, Normalized LogL: -2.312804, Exp of Normalized LogL: 0.098983, Best Rate: 0.3
Fault: [0,3,2,3,4,5], logL: -11.818083, Exp of LogL: 0.000007, Normalized LogL: -2.363617, Exp of Normalized LogL: 0.094079, Best Rate: 0.3
Fault: [0,0,2,3,4,5], logL: -11.832420, Exp of LogL: 0.000007, Normalized LogL: -2.366484, Exp of Normalized LogL: 0.093810, Best Rate: 0.3
Fault: [0,4,2,3,4,5], logL: -11.936270, Exp of LogL: 0.000007, Normalized LogL: -2.387254, Exp of Normalized LogL: 0.091882, Best Rate: 0.3
Fault: [0,0,0,3,4,5], logL: -11.998741, Exp of LogL: 0.000006, Normalized LogL: -2.399748, Exp of Normalized LogL: 0.090741, Best Rate: 0.3
Fault: [0,0,1,3,4,5], logL: -12.055564, Exp of LogL: 0.000006, Normalized LogL: -2.411113, Exp of Normalized LogL: 0.089715, Best Rate: 0.3
Fault: [0,5,2,3,4,5], logL: -12.072072, Exp of LogL: 0.000006, Normalized LogL: -2.414414, Exp of Normalized LogL: 0.089420, Best Rate: 0.3
Fault: [0,0,3,3,4,5], logL: -12.210956, Exp of LogL: 0.000005, Normalized LogL: -2.442191, Exp of Normalized LogL: 0.086970, Best Rate: 0.3
Fault: [0,0,4,3,4,5], logL: -12.210956, Exp of LogL: 0.000005, Normalized LogL: -2.442191, Exp of Normalized LogL: 0.086970, Best Rate: 0.3

========= ADAPTIVE MC DEBUG =========
Total calls: 50
Avg tries: 915.00
Confidence stops: 50
Max stops: 0
Max stop rate: 0.000
Real Fault Rank 4
===== SEED 42 | FR=0.3 | VR=40 =====
executing with fault mode: [0,0,2,3,4,5]

Fault scores (higher is better):
Fault: [0,2,2,3,4,5], logL: -14.833983, Exp of LogL: 0.000000, Normalized LogL: -1.648220, Exp of Normalized LogL: 0.192392, Best Rate: 0.3
Fault: [0,1,2,3,4,5], logL: -15.429997, Exp of LogL: 0.000000, Normalized LogL: -1.714444, Exp of Normalized LogL: 0.180064, Best Rate: 0.3
Fault: [0,4,2,3,4,5], logL: -15.741082, Exp of LogL: 0.000000, Normalized LogL: -1.749009, Exp of Normalized LogL: 0.173946, Best Rate: 0.3
Fault: [0,0,2,3,4,5], logL: -15.741082, Exp of LogL: 0.000000, Normalized LogL: -1.749009, Exp of Normalized LogL: 0.173946, Best Rate: 0.3
Fault: [0,5,2,3,4,5], logL: -15.876883, Exp of LogL: 0.000000, Normalized LogL: -1.764098, Exp of Normalized LogL: 0.171341, Best Rate: 0.3
Fault: [0,3,2,3,4,5], logL: -15.882200, Exp of LogL: 0.000000, Normalized LogL: -1.764689, Exp of Normalized LogL: 0.171240, Best Rate: 0.3
Fault: [0,0,0,3,4,5], logL: -15.907403, Exp of LogL: 0.000000, Normalized LogL: -1.767489, Exp of Normalized LogL: 0.170761, Best Rate: 0.3
Fault: [0,0,1,3,4,5], logL: -15.964225, Exp of LogL: 0.000000, Normalized LogL: -1.773803, Exp of Normalized LogL: 0.169686, Best Rate: 0.3
Fault: [0,0,3,3,4,5], logL: -16.119617, Exp of LogL: 0.000000, Normalized LogL: -1.791069, Exp of Normalized LogL: 0.166782, Best Rate: 0.3
Fault: [0,0,4,3,4,5], logL: -16.119617, Exp of LogL: 0.000000, Normalized LogL: -1.791069, Exp of Normalized LogL: 0.166782, Best Rate: 0.3

========= ADAPTIVE MC DEBUG =========
Total calls: 90
Avg tries: 1416.67
Confidence stops: 90
Max stops: 0
Max stop rate: 0.000
Real Fault Rank 4
===== SEED 42 | FR=0.3 | VR=60 =====
executing with fault mode: [0,0,2,3,4,5]

Fault scores (higher is better):
Fault: [0,2,2,3,4,5], logL: -16.000084, Exp of LogL: 0.000000, Normalized LogL: -1.230776, Exp of Normalized LogL: 0.292066, Best Rate: 0.3
Fault: [0,1,2,3,4,5], logL: -16.599852, Exp of LogL: 0.000000, Normalized LogL: -1.276912, Exp of Normalized LogL: 0.278897, Best Rate: 0.3
Fault: [0,4,2,3,4,5], logL: -16.818651, Exp of LogL: 0.000000, Normalized LogL: -1.293742, Exp of Normalized LogL: 0.274243, Best Rate: 0.3
Fault: [0,0,2,3,4,5], logL: -16.818651, Exp of LogL: 0.000000, Normalized LogL: -1.293742, Exp of Normalized LogL: 0.274243, Best Rate: 0.3
Fault: [0,3,2,3,4,5], logL: -16.943335, Exp of LogL: 0.000000, Normalized LogL: -1.303333, Exp of Normalized LogL: 0.271625, Best Rate: 0.3
Fault: [0,0,0,3,4,5], logL: -17.088824, Exp of LogL: 0.000000, Normalized LogL: -1.314525, Exp of Normalized LogL: 0.268602, Best Rate: 0.3
Fault: [0,0,1,3,4,5], logL: -17.096692, Exp of LogL: 0.000000, Normalized LogL: -1.315130, Exp of Normalized LogL: 0.268439, Best Rate: 0.3
Fault: [0,0,3,3,4,5], logL: -17.184135, Exp of LogL: 0.000000, Normalized LogL: -1.321857, Exp of Normalized LogL: 0.266640, Best Rate: 0.3
Fault: [0,0,4,3,4,5], logL: -17.184135, Exp of LogL: 0.000000, Normalized LogL: -1.321857, Exp of Normalized LogL: 0.266640, Best Rate: 0.3
Fault: [0,5,2,3,4,5], logL: -17.357647, Exp of LogL: 0.000000, Normalized LogL: -1.335204, Exp of Normalized LogL: 0.263105, Best Rate: 0.3

========= ADAPTIVE MC DEBUG =========
Total calls: 130
Avg tries: 1761.54
Confidence stops: 130
Max stops: 0
Max stop rate: 0.000
Real Fault Rank 4
===== SEED 42 | FR=0.3 | VR=80 =====
executing with fault mode: [0,0,2,3,4,5]

Fault scores (higher is better):
Fault: [0,1,2,3,4,5], logL: -17.188979, Exp of LogL: 0.000000, Normalized LogL: -1.011116, Exp of Normalized LogL: 0.363813, Best Rate: 0.3
Fault: [0,3,2,3,4,5], logL: -17.192021, Exp of LogL: 0.000000, Normalized LogL: -1.011295, Exp of Normalized LogL: 0.363748, Best Rate: 0.3
Fault: [0,2,2,3,4,5], logL: -17.195256, Exp of LogL: 0.000000, Normalized LogL: -1.011486, Exp of Normalized LogL: 0.363678, Best Rate: 0.3
Fault: [0,4,2,3,4,5], logL: -17.366853, Exp of LogL: 0.000000, Normalized LogL: -1.021580, Exp of Normalized LogL: 0.360026, Best Rate: 0.3
Fault: [0,0,2,3,4,5], logL: -17.366853, Exp of LogL: 0.000000, Normalized LogL: -1.021580, Exp of Normalized LogL: 0.360026, Best Rate: 0.3
Fault: [0,0,0,3,4,5], logL: -17.637026, Exp of LogL: 0.000000, Normalized LogL: -1.037472, Exp of Normalized LogL: 0.354349, Best Rate: 0.3
Fault: [0,0,1,3,4,5], logL: -17.644894, Exp of LogL: 0.000000, Normalized LogL: -1.037935, Exp of Normalized LogL: 0.354185, Best Rate: 0.3
Fault: [0,0,3,3,4,5], logL: -17.732336, Exp of LogL: 0.000000, Normalized LogL: -1.043079, Exp of Normalized LogL: 0.352368, Best Rate: 0.3
Fault: [0,0,4,3,4,5], logL: -17.732336, Exp of LogL: 0.000000, Normalized LogL: -1.043079, Exp of Normalized LogL: 0.352368, Best Rate: 0.3
Fault: [0,5,2,3,4,5], logL: -18.713908, Exp of LogL: 0.000000, Normalized LogL: -1.100818, Exp of Normalized LogL: 0.332599, Best Rate: 0.3

========= ADAPTIVE MC DEBUG =========
Total calls: 170
Avg tries: 1833.24
Confidence stops: 170
Max stops: 0
Max stop rate: 0.000
Real Fault Rank 5
===== SEED 42 | FR=0.3 | VR=100 =====
executing with fault mode: [0,0,2,3,4,5]

Fault scores (higher is better):
Fault: [0,2,2,3,4,5], logL: -18.138639, Exp of LogL: 0.000000, Normalized LogL: -0.824484, Exp of Normalized LogL: 0.438461, Best Rate: 0.3
Fault: [0,1,2,3,4,5], logL: -18.143723, Exp of LogL: 0.000000, Normalized LogL: -0.824715, Exp of Normalized LogL: 0.438360, Best Rate: 0.3
Fault: [0,3,2,3,4,5], logL: -18.165079, Exp of LogL: 0.000000, Normalized LogL: -0.825685, Exp of Normalized LogL: 0.437935, Best Rate: 0.3
Fault: [0,4,2,3,4,5], logL: -18.339911, Exp of LogL: 0.000000, Normalized LogL: -0.833632, Exp of Normalized LogL: 0.434468, Best Rate: 0.3
Fault: [0,0,2,3,4,5], logL: -18.339911, Exp of LogL: 0.000000, Normalized LogL: -0.833632, Exp of Normalized LogL: 0.434468, Best Rate: 0.3
Fault: [0,0,0,3,4,5], logL: -18.610085, Exp of LogL: 0.000000, Normalized LogL: -0.845913, Exp of Normalized LogL: 0.429165, Best Rate: 0.3
Fault: [0,0,1,3,4,5], logL: -18.617953, Exp of LogL: 0.000000, Normalized LogL: -0.846271, Exp of Normalized LogL: 0.429012, Best Rate: 0.3
Fault: [0,0,3,3,4,5], logL: -18.705395, Exp of LogL: 0.000000, Normalized LogL: -0.850245, Exp of Normalized LogL: 0.427310, Best Rate: 0.3
Fault: [0,0,4,3,4,5], logL: -18.705395, Exp of LogL: 0.000000, Normalized LogL: -0.850245, Exp of Normalized LogL: 0.427310, Best Rate: 0.3
Fault: [0,5,2,3,4,5], logL: -19.660697, Exp of LogL: 0.000000, Normalized LogL: -0.893668, Exp of Normalized LogL: 0.409152, Best Rate: 0.3

========= ADAPTIVE MC DEBUG =========
Total calls: 220
Avg tries: 1775.91
Confidence stops: 220
Max stops: 0
Max stop rate: 0.000
Real Fault Rank 5
================= 22/08/2026 06:53:59: SEED 42 END =================
================= 22/08/2026 06:53:59: SEED 43 (41/100), a*=0 fault=[3,1,2,3,4,5] START =================
===== SEED 43 | FR=0.3 | VR=20 =====
executing with fault mode: [3,1,2,3,4,5]

Fault scores (higher is better):
Fault: [3,1,2,3,4,5], logL: -8.286267, Exp of LogL: 0.000252, Normalized LogL: -2.071567, Exp of Normalized LogL: 0.125988, Best Rate: 0.3
Fault: [3,1,2,3,3,5], logL: -8.323308, Exp of LogL: 0.000243, Normalized LogL: -2.080827, Exp of Normalized LogL: 0.124827, Best Rate: 0.3
Fault: [3,1,2,3,5,5], logL: -8.323308, Exp of LogL: 0.000243, Normalized LogL: -2.080827, Exp of Normalized LogL: 0.124827, Best Rate: 0.3
Fault: [3,1,2,3,2,5], logL: -8.323308, Exp of LogL: 0.000243, Normalized LogL: -2.080827, Exp of Normalized LogL: 0.124827, Best Rate: 0.3
Fault: [3,1,2,3,1,5], logL: -8.501863, Exp of LogL: 0.000203, Normalized LogL: -2.125466, Exp of Normalized LogL: 0.119377, Best Rate: 0.3
Fault: [0,1,2,3,4,5], logL: -30.726115, Exp of LogL: 0.000000, Normalized LogL: -7.681529, Exp of Normalized LogL: 0.000461, Best Rate: 0.3
Fault: [5,1,2,3,4,5], logL: -30.943694, Exp of LogL: 0.000000, Normalized LogL: -7.735924, Exp of Normalized LogL: 0.000437, Best Rate: 0.3
Fault: [4,1,2,3,4,5], logL: -30.943694, Exp of LogL: 0.000000, Normalized LogL: -7.735924, Exp of Normalized LogL: 0.000437, Best Rate: 0.3
Fault: [2,1,2,3,4,5], logL: -31.096274, Exp of LogL: 0.000000, Normalized LogL: -7.774068, Exp of Normalized LogL: 0.000420, Best Rate: 0.3
Fault: [1,1,2,3,4,5], logL: -31.319417, Exp of LogL: 0.000000, Normalized LogL: -7.829854, Exp of Normalized LogL: 0.000398, Best Rate: 0.3

========= ADAPTIVE MC DEBUG =========
Total calls: 40
Avg tries: 1243.75
Confidence stops: 40
Max stops: 0
Max stop rate: 0.000
Real Fault Rank 1
===== SEED 43 | FR=0.3 | VR=40 =====
executing with fault mode: [3,1,2,3,4,5]

Fault scores (higher is better):
Fault: [0,1,2,3,4,5], logL: -11.245710, Exp of LogL: 0.000013, Normalized LogL: -1.405714, Exp of Normalized LogL: 0.245192, Best Rate: 0.3
Fault: [2,1,2,3,4,5], logL: -12.531894, Exp of LogL: 0.000004, Normalized LogL: -1.566487, Exp of Normalized LogL: 0.208777, Best Rate: 0.3
Fault: [3,1,2,3,4,5], logL: -34.931282, Exp of LogL: 0.000000, Normalized LogL: -4.366410, Exp of Normalized LogL: 0.012697, Best Rate: 0.3
Fault: [5,1,2,3,4,5], logL: -35.026356, Exp of LogL: 0.000000, Normalized LogL: -4.378294, Exp of Normalized LogL: 0.012547, Best Rate: 0.3
Fault: [4,1,2,3,4,5], logL: -35.026356, Exp of LogL: 0.000000, Normalized LogL: -4.378294, Exp of Normalized LogL: 0.012547, Best Rate: 0.3
Fault: [3,1,2,3,3,5], logL: -35.026608, Exp of LogL: 0.000000, Normalized LogL: -4.378326, Exp of Normalized LogL: 0.012546, Best Rate: 0.3
Fault: [3,1,2,3,5,5], logL: -35.026608, Exp of LogL: 0.000000, Normalized LogL: -4.378326, Exp of Normalized LogL: 0.012546, Best Rate: 0.3
Fault: [3,1,2,3,2,5], logL: -35.026608, Exp of LogL: 0.000000, Normalized LogL: -4.378326, Exp of Normalized LogL: 0.012546, Best Rate: 0.3
Fault: [3,1,2,3,1,5], logL: -35.200504, Exp of LogL: 0.000000, Normalized LogL: -4.400063, Exp of Normalized LogL: 0.012277, Best Rate: 0.3
Fault: [1,1,2,3,4,5], logL: -35.643187, Exp of LogL: 0.000000, Normalized LogL: -4.455398, Exp of Normalized LogL: 0.011616, Best Rate: 0.3

========= ADAPTIVE MC DEBUG =========
Total calls: 80
Avg tries: 1662.50
Confidence stops: 80
Max stops: 0
Max stop rate: 0.000
Real Fault Rank 3
===== SEED 43 | FR=0.3 | VR=60 =====
executing with fault mode: [3,1,2,3,4,5]

Fault scores (higher is better):
Fault: [0,1,2,3,4,5], logL: -11.295755, Exp of LogL: 0.000012, Normalized LogL: -0.941313, Exp of Normalized LogL: 0.390115, Best Rate: 0.3
Fault: [2,1,2,3,4,5], logL: -12.608188, Exp of LogL: 0.000003, Normalized LogL: -1.050682, Exp of Normalized LogL: 0.349699, Best Rate: 0.3
Fault: [3,1,2,3,4,5], logL: -34.852327, Exp of LogL: 0.000000, Normalized LogL: -2.904361, Exp of Normalized LogL: 0.054784, Best Rate: 0.3
Fault: [5,1,2,3,4,5], logL: -34.947401, Exp of LogL: 0.000000, Normalized LogL: -2.912283, Exp of Normalized LogL: 0.054351, Best Rate: 0.3
Fault: [4,1,2,3,4,5], logL: -34.947401, Exp of LogL: 0.000000, Normalized LogL: -2.912283, Exp of Normalized LogL: 0.054351, Best Rate: 0.3
Fault: [3,1,2,3,3,5], logL: -35.208140, Exp of LogL: 0.000000, Normalized LogL: -2.934012, Exp of Normalized LogL: 0.053183, Best Rate: 0.3
Fault: [3,1,2,3,5,5], logL: -35.208140, Exp of LogL: 0.000000, Normalized LogL: -2.934012, Exp of Normalized LogL: 0.053183, Best Rate: 0.3
Fault: [3,1,2,3,1,5], logL: -35.208140, Exp of LogL: 0.000000, Normalized LogL: -2.934012, Exp of Normalized LogL: 0.053183, Best Rate: 0.3
Fault: [3,1,2,3,2,5], logL: -35.208140, Exp of LogL: 0.000000, Normalized LogL: -2.934012, Exp of Normalized LogL: 0.053183, Best Rate: 0.3
Fault: [1,1,2,3,4,5], logL: -35.690391, Exp of LogL: 0.000000, Normalized LogL: -2.974199, Exp of Normalized LogL: 0.051088, Best Rate: 0.3

========= ADAPTIVE MC DEBUG =========
Total calls: 120
Avg tries: 1989.58
Confidence stops: 120
Max stops: 0
Max stop rate: 0.000
Real Fault Rank 3
===== SEED 43 | FR=0.3 | VR=80 =====
executing with fault mode: [3,1,2,3,4,5]

Fault scores (higher is better):
Fault: [0,1,2,3,4,5], logL: -11.693136, Exp of LogL: 0.000008, Normalized LogL: -0.730821, Exp of Normalized LogL: 0.481514, Best Rate: 0.3
Fault: [3,1,2,3,4,5], logL: -12.336597, Exp of LogL: 0.000004, Normalized LogL: -0.771037, Exp of Normalized LogL: 0.462533, Best Rate: 0.3
Fault: [5,1,2,3,4,5], logL: -12.477706, Exp of LogL: 0.000004, Normalized LogL: -0.779857, Exp of Normalized LogL: 0.458472, Best Rate: 0.3
Fault: [4,1,2,3,4,5], logL: -12.477706, Exp of LogL: 0.000004, Normalized LogL: -0.779857, Exp of Normalized LogL: 0.458472, Best Rate: 0.3
Fault: [2,1,2,3,4,5], logL: -12.675802, Exp of LogL: 0.000003, Normalized LogL: -0.792238, Exp of Normalized LogL: 0.452830, Best Rate: 0.3
Fault: [3,1,2,3,3,5], logL: -12.692410, Exp of LogL: 0.000003, Normalized LogL: -0.793276, Exp of Normalized LogL: 0.452361, Best Rate: 0.3
Fault: [3,1,2,3,5,5], logL: -12.692410, Exp of LogL: 0.000003, Normalized LogL: -0.793276, Exp of Normalized LogL: 0.452361, Best Rate: 0.3
Fault: [3,1,2,3,1,5], logL: -12.692410, Exp of LogL: 0.000003, Normalized LogL: -0.793276, Exp of Normalized LogL: 0.452361, Best Rate: 0.3
Fault: [3,1,2,3,2,5], logL: -12.692410, Exp of LogL: 0.000003, Normalized LogL: -0.793276, Exp of Normalized LogL: 0.452361, Best Rate: 0.3
Fault: [1,1,2,3,4,5], logL: -13.220697, Exp of LogL: 0.000002, Normalized LogL: -0.826294, Exp of Normalized LogL: 0.437668, Best Rate: 0.3

========= ADAPTIVE MC DEBUG =========
Total calls: 160
Avg tries: 1958.75
Confidence stops: 160
Max stops: 0
Max stop rate: 0.000
Real Fault Rank 2
===== SEED 43 | FR=0.3 | VR=100 =====
executing with fault mode: [3,1,2,3,4,5]

Fault scores (higher is better):
Fault: [0,1,2,3,4,5], logL: -12.866567, Exp of LogL: 0.000003, Normalized LogL: -0.643328, Exp of Normalized LogL: 0.525540, Best Rate: 0.3
Fault: [3,1,2,3,4,5], logL: -13.102101, Exp of LogL: 0.000002, Normalized LogL: -0.655105, Exp of Normalized LogL: 0.519387, Best Rate: 0.3
Fault: [5,1,2,3,4,5], logL: -13.286665, Exp of LogL: 0.000002, Normalized LogL: -0.664333, Exp of Normalized LogL: 0.514617, Best Rate: 0.3
Fault: [4,1,2,3,4,5], logL: -13.286665, Exp of LogL: 0.000002, Normalized LogL: -0.664333, Exp of Normalized LogL: 0.514617, Best Rate: 0.3
Fault: [3,1,2,3,3,5], logL: -13.476621, Exp of LogL: 0.000001, Normalized LogL: -0.673831, Exp of Normalized LogL: 0.509752, Best Rate: 0.3
Fault: [3,1,2,3,5,5], logL: -13.476621, Exp of LogL: 0.000001, Normalized LogL: -0.673831, Exp of Normalized LogL: 0.509752, Best Rate: 0.3
Fault: [3,1,2,3,1,5], logL: -13.476621, Exp of LogL: 0.000001, Normalized LogL: -0.673831, Exp of Normalized LogL: 0.509752, Best Rate: 0.3
Fault: [3,1,2,3,2,5], logL: -13.476621, Exp of LogL: 0.000001, Normalized LogL: -0.673831, Exp of Normalized LogL: 0.509752, Best Rate: 0.3
Fault: [1,1,2,3,4,5], logL: -14.340978, Exp of LogL: 0.000001, Normalized LogL: -0.717049, Exp of Normalized LogL: 0.488191, Best Rate: 0.3
Fault: [2,1,2,3,4,5], logL: -14.399189, Exp of LogL: 0.000001, Normalized LogL: -0.719959, Exp of Normalized LogL: 0.486772, Best Rate: 0.3

========= ADAPTIVE MC DEBUG =========
Total calls: 200
Avg tries: 1939.00
Confidence stops: 200
Max stops: 0
Max stop rate: 0.000
Real Fault Rank 2
================= 22/08/2026 06:57:04: SEED 43 END =================
================= 22/08/2026 06:57:04: SEED 44 (42/100), a*=1 fault=[0,2,2,3,4,5] START =================
===== SEED 44 | FR=0.3 | VR=20 =====
executing with fault mode: [0,2,2,3,4,5]

Fault scores (higher is better):
Fault: [0,2,2,3,4,5], logL: -6.627022, Exp of LogL: 0.001324, Normalized LogL: -1.325404, Exp of Normalized LogL: 0.265696, Best Rate: 0.3
Fault: [0,2,2,3,5,5], logL: -6.655072, Exp of LogL: 0.001287, Normalized LogL: -1.331014, Exp of Normalized LogL: 0.264209, Best Rate: 0.3
Fault: [0,2,2,3,3,5], logL: -6.655072, Exp of LogL: 0.001287, Normalized LogL: -1.331014, Exp of Normalized LogL: 0.264209, Best Rate: 0.3
Fault: [0,2,2,3,1,5], logL: -6.760878, Exp of LogL: 0.001158, Normalized LogL: -1.352176, Exp of Normalized LogL: 0.258677, Best Rate: 0.3
Fault: [0,2,2,3,2,5], logL: -6.776627, Exp of LogL: 0.001140, Normalized LogL: -1.355325, Exp of Normalized LogL: 0.257863, Best Rate: 0.3
Fault: [0,5,2,3,4,5], logL: -7.035814, Exp of LogL: 0.000880, Normalized LogL: -1.407163, Exp of Normalized LogL: 0.244837, Best Rate: 0.3
Fault: [0,0,2,3,4,5], logL: -7.344858, Exp of LogL: 0.000646, Normalized LogL: -1.468972, Exp of Normalized LogL: 0.230162, Best Rate: 0.3
Fault: [0,3,2,3,4,5], logL: -7.832121, Exp of LogL: 0.000397, Normalized LogL: -1.566424, Exp of Normalized LogL: 0.208790, Best Rate: 0.3
Fault: [0,1,2,3,4,5], logL: -7.852120, Exp of LogL: 0.000389, Normalized LogL: -1.570424, Exp of Normalized LogL: 0.207957, Best Rate: 0.3
Fault: [0,4,2,3,4,5], logL: -7.852585, Exp of LogL: 0.000389, Normalized LogL: -1.570517, Exp of Normalized LogL: 0.207938, Best Rate: 0.3

========= ADAPTIVE MC DEBUG =========
Total calls: 50
Avg tries: 1619.00
Confidence stops: 50
Max stops: 0
Max stop rate: 0.000
Real Fault Rank 1
===== SEED 44 | FR=0.3 | VR=40 =====
executing with fault mode: [0,2,2,3,4,5]

Fault scores (higher is better):
Fault: [0,2,2,3,5,5], logL: -9.462925, Exp of LogL: 0.000078, Normalized LogL: -1.051436, Exp of Normalized LogL: 0.349436, Best Rate: 0.3
Fault: [0,2,2,3,3,5], logL: -9.462925, Exp of LogL: 0.000078, Normalized LogL: -1.051436, Exp of Normalized LogL: 0.349436, Best Rate: 0.3
Fault: [0,2,2,3,4,5], logL: -9.573507, Exp of LogL: 0.000070, Normalized LogL: -1.063723, Exp of Normalized LogL: 0.345168, Best Rate: 0.3
Fault: [0,2,2,3,2,5], logL: -9.816454, Exp of LogL: 0.000055, Normalized LogL: -1.090717, Exp of Normalized LogL: 0.335975, Best Rate: 0.3
Fault: [0,2,2,3,1,5], logL: -9.859904, Exp of LogL: 0.000052, Normalized LogL: -1.095545, Exp of Normalized LogL: 0.334357, Best Rate: 0.3
Fault: [0,1,2,3,4,5], logL: -10.375105, Exp of LogL: 0.000031, Normalized LogL: -1.152789, Exp of Normalized LogL: 0.315755, Best Rate: 0.3
Fault: [0,0,2,3,4,5], logL: -10.980155, Exp of LogL: 0.000017, Normalized LogL: -1.220017, Exp of Normalized LogL: 0.295225, Best Rate: 0.3
Fault: [0,3,2,3,4,5], logL: -11.289000, Exp of LogL: 0.000013, Normalized LogL: -1.254333, Exp of Normalized LogL: 0.285266, Best Rate: 0.3
Fault: [0,4,2,3,4,5], logL: -11.464304, Exp of LogL: 0.000010, Normalized LogL: -1.273812, Exp of Normalized LogL: 0.279763, Best Rate: 0.3
Fault: [0,5,2,3,4,5], logL: -11.991890, Exp of LogL: 0.000006, Normalized LogL: -1.332432, Exp of Normalized LogL: 0.263835, Best Rate: 0.3

========= ADAPTIVE MC DEBUG =========
Total calls: 90
Avg tries: 1774.44
Confidence stops: 90
Max stops: 0
Max stop rate: 0.000
Real Fault Rank 3
===== SEED 44 | FR=0.3 | VR=60 =====
executing with fault mode: [0,2,2,3,4,5]

Fault scores (higher is better):
Fault: [0,2,2,3,4,5], logL: -13.897157, Exp of LogL: 0.000001, Normalized LogL: -0.992654, Exp of Normalized LogL: 0.370592, Best Rate: 0.3
Fault: [0,2,2,3,5,5], logL: -14.239607, Exp of LogL: 0.000001, Normalized LogL: -1.017115, Exp of Normalized LogL: 0.361637, Best Rate: 0.3
Fault: [0,2,2,3,3,5], logL: -14.239607, Exp of LogL: 0.000001, Normalized LogL: -1.017115, Exp of Normalized LogL: 0.361637, Best Rate: 0.3
Fault: [0,2,2,3,2,5], logL: -14.239607, Exp of LogL: 0.000001, Normalized LogL: -1.017115, Exp of Normalized LogL: 0.361637, Best Rate: 0.3
Fault: [0,2,2,3,1,5], logL: -14.239607, Exp of LogL: 0.000001, Normalized LogL: -1.017115, Exp of Normalized LogL: 0.361637, Best Rate: 0.3
Fault: [0,0,2,3,4,5], logL: -14.534555, Exp of LogL: 0.000000, Normalized LogL: -1.038183, Exp of Normalized LogL: 0.354098, Best Rate: 0.3
Fault: [0,1,2,3,4,5], logL: -14.820175, Exp of LogL: 0.000000, Normalized LogL: -1.058584, Exp of Normalized LogL: 0.346947, Best Rate: 0.3
Fault: [0,3,2,3,4,5], logL: -15.062222, Exp of LogL: 0.000000, Normalized LogL: -1.075873, Exp of Normalized LogL: 0.341000, Best Rate: 0.3
Fault: [0,4,2,3,4,5], logL: -15.366595, Exp of LogL: 0.000000, Normalized LogL: -1.097614, Exp of Normalized LogL: 0.333666, Best Rate: 0.3
Fault: [0,5,2,3,4,5], logL: -16.700003, Exp of LogL: 0.000000, Normalized LogL: -1.192857, Exp of Normalized LogL: 0.303353, Best Rate: 0.3

========= ADAPTIVE MC DEBUG =========
Total calls: 140
Avg tries: 1878.57
Confidence stops: 140
Max stops: 0
Max stop rate: 0.000
Real Fault Rank 1
===== SEED 44 | FR=0.3 | VR=80 =====
executing with fault mode: [0,2,2,3,4,5]

Fault scores (higher is better):
Fault: [0,2,2,3,4,5], logL: -14.918657, Exp of LogL: 0.000000, Normalized LogL: -0.828814, Exp of Normalized LogL: 0.436567, Best Rate: 0.3
Fault: [0,2,2,3,5,5], logL: -15.279455, Exp of LogL: 0.000000, Normalized LogL: -0.848859, Exp of Normalized LogL: 0.427903, Best Rate: 0.3
Fault: [0,2,2,3,3,5], logL: -15.279455, Exp of LogL: 0.000000, Normalized LogL: -0.848859, Exp of Normalized LogL: 0.427903, Best Rate: 0.3
Fault: [0,2,2,3,2,5], logL: -15.279455, Exp of LogL: 0.000000, Normalized LogL: -0.848859, Exp of Normalized LogL: 0.427903, Best Rate: 0.3
Fault: [0,2,2,3,1,5], logL: -15.279455, Exp of LogL: 0.000000, Normalized LogL: -0.848859, Exp of Normalized LogL: 0.427903, Best Rate: 0.3
Fault: [0,0,2,3,4,5], logL: -16.120301, Exp of LogL: 0.000000, Normalized LogL: -0.895572, Exp of Normalized LogL: 0.408374, Best Rate: 0.3
Fault: [0,1,2,3,4,5], logL: -16.222824, Exp of LogL: 0.000000, Normalized LogL: -0.901268, Exp of Normalized LogL: 0.406054, Best Rate: 0.3
Fault: [0,3,2,3,4,5], logL: -16.924030, Exp of LogL: 0.000000, Normalized LogL: -0.940224, Exp of Normalized LogL: 0.390540, Best Rate: 0.3
Fault: [0,4,2,3,4,5], logL: -17.209624, Exp of LogL: 0.000000, Normalized LogL: -0.956090, Exp of Normalized LogL: 0.384393, Best Rate: 0.3
Fault: [0,5,2,3,4,5], logL: -18.543032, Exp of LogL: 0.000000, Normalized LogL: -1.030168, Exp of Normalized LogL: 0.356947, Best Rate: 0.3

========= ADAPTIVE MC DEBUG =========
Total calls: 180
Avg tries: 1900.56
Confidence stops: 180
Max stops: 0
Max stop rate: 0.000
Real Fault Rank 1
===== SEED 44 | FR=0.3 | VR=100 =====
executing with fault mode: [0,2,2,3,4,5]

Fault scores (higher is better):
Fault: [0,2,2,3,4,5], logL: -15.818618, Exp of LogL: 0.000000, Normalized LogL: -0.687766, Exp of Normalized LogL: 0.502698, Best Rate: 0.3
Fault: [0,2,2,3,5,5], logL: -16.168175, Exp of LogL: 0.000000, Normalized LogL: -0.702964, Exp of Normalized LogL: 0.495116, Best Rate: 0.3
Fault: [0,2,2,3,3,5], logL: -16.168175, Exp of LogL: 0.000000, Normalized LogL: -0.702964, Exp of Normalized LogL: 0.495116, Best Rate: 0.3
Fault: [0,2,2,3,2,5], logL: -16.168175, Exp of LogL: 0.000000, Normalized LogL: -0.702964, Exp of Normalized LogL: 0.495116, Best Rate: 0.3
Fault: [0,2,2,3,1,5], logL: -16.168175, Exp of LogL: 0.000000, Normalized LogL: -0.702964, Exp of Normalized LogL: 0.495116, Best Rate: 0.3
Fault: [0,1,2,3,4,5], logL: -17.277318, Exp of LogL: 0.000000, Normalized LogL: -0.751188, Exp of Normalized LogL: 0.471806, Best Rate: 0.3
Fault: [0,0,2,3,4,5], logL: -17.279948, Exp of LogL: 0.000000, Normalized LogL: -0.751302, Exp of Normalized LogL: 0.471752, Best Rate: 0.3
Fault: [0,3,2,3,4,5], logL: -18.324741, Exp of LogL: 0.000000, Normalized LogL: -0.796728, Exp of Normalized LogL: 0.450802, Best Rate: 0.3
Fault: [0,4,2,3,4,5], logL: -18.417290, Exp of LogL: 0.000000, Normalized LogL: -0.800752, Exp of Normalized LogL: 0.448991, Best Rate: 0.3
Fault: [0,5,2,3,4,5], logL: -19.750698, Exp of LogL: 0.000000, Normalized LogL: -0.858726, Exp of Normalized LogL: 0.423702, Best Rate: 0.3

========= ADAPTIVE MC DEBUG =========
Total calls: 230
Avg tries: 1870.22
Confidence stops: 230
Max stops: 0
Max stop rate: 0.000
Real Fault Rank 1
================= 22/08/2026 07:00:42: SEED 44 END =================
================= 22/08/2026 07:00:42: SEED 45 (43/100), a*=0 fault=[1,1,2,3,4,5] START =================
===== SEED 45 | FR=0.3 | VR=20 =====
executing with fault mode: [1,1,2,3,4,5]

executing with fault mode: [1,1,2,3,4,5]

executing with fault mode: [1,1,2,3,4,5]

executing with fault mode: [1,1,2,3,4,5]

Fault scores (higher is better):
Fault: [1,1,2,3,1,5], logL: -7.773712, Exp of LogL: 0.000421, Normalized LogL: -1.295619, Exp of Normalized LogL: 0.273728, Best Rate: 0.3
Fault: [1,1,2,3,5,5], logL: -7.773712, Exp of LogL: 0.000421, Normalized LogL: -1.295619, Exp of Normalized LogL: 0.273728, Best Rate: 0.3
Fault: [1,1,2,3,3,5], logL: -7.773712, Exp of LogL: 0.000421, Normalized LogL: -1.295619, Exp of Normalized LogL: 0.273728, Best Rate: 0.3
Fault: [1,1,2,3,0,5], logL: -7.847987, Exp of LogL: 0.000391, Normalized LogL: -1.307998, Exp of Normalized LogL: 0.270361, Best Rate: 0.3
Fault: [1,1,2,3,4,5], logL: -7.865286, Exp of LogL: 0.000384, Normalized LogL: -1.310881, Exp of Normalized LogL: 0.269582, Best Rate: 0.3
Fault: [5,1,2,3,4,5], logL: -7.973847, Exp of LogL: 0.000344, Normalized LogL: -1.328975, Exp of Normalized LogL: 0.264749, Best Rate: 0.3
Fault: [4,1,2,3,4,5], logL: -8.252312, Exp of LogL: 0.000261, Normalized LogL: -1.375385, Exp of Normalized LogL: 0.252742, Best Rate: 0.3
Fault: [3,1,2,3,4,5], logL: -8.329296, Exp of LogL: 0.000241, Normalized LogL: -1.388216, Exp of Normalized LogL: 0.249520, Best Rate: 0.3
Fault: [2,1,2,3,4,5], logL: -8.546047, Exp of LogL: 0.000194, Normalized LogL: -1.424341, Exp of Normalized LogL: 0.240667, Best Rate: 0.3
Fault: [0,1,2,3,4,5], logL: -9.019808, Exp of LogL: 0.000121, Normalized LogL: -1.503301, Exp of Normalized LogL: 0.222395, Best Rate: 0.3

========= ADAPTIVE MC DEBUG =========
Total calls: 60
Avg tries: 1685.83
Confidence stops: 60
Max stops: 0
Max stop rate: 0.000
Real Fault Rank 5
===== SEED 45 | FR=0.3 | VR=40 =====
executing with fault mode: [1,1,2,3,4,5]

executing with fault mode: [1,1,2,3,4,5]

executing with fault mode: [1,1,2,3,4,5]

executing with fault mode: [1,1,2,3,4,5]

Fault scores (higher is better):
Fault: [1,1,2,3,1,5], logL: -10.606256, Exp of LogL: 0.000025, Normalized LogL: -0.964205, Exp of Normalized LogL: 0.381286, Best Rate: 0.3
Fault: [1,1,2,3,5,5], logL: -10.606256, Exp of LogL: 0.000025, Normalized LogL: -0.964205, Exp of Normalized LogL: 0.381286, Best Rate: 0.3
Fault: [1,1,2,3,3,5], logL: -10.606256, Exp of LogL: 0.000025, Normalized LogL: -0.964205, Exp of Normalized LogL: 0.381286, Best Rate: 0.3
Fault: [1,1,2,3,0,5], logL: -10.680531, Exp of LogL: 0.000023, Normalized LogL: -0.970957, Exp of Normalized LogL: 0.378720, Best Rate: 0.3
Fault: [1,1,2,3,4,5], logL: -10.697830, Exp of LogL: 0.000023, Normalized LogL: -0.972530, Exp of Normalized LogL: 0.378125, Best Rate: 0.3
Fault: [5,1,2,3,4,5], logL: -11.745111, Exp of LogL: 0.000008, Normalized LogL: -1.067737, Exp of Normalized LogL: 0.343785, Best Rate: 0.3
Fault: [3,1,2,3,4,5], logL: -13.114800, Exp of LogL: 0.000002, Normalized LogL: -1.192255, Exp of Normalized LogL: 0.303536, Best Rate: 0.3
Fault: [4,1,2,3,4,5], logL: -13.182812, Exp of LogL: 0.000002, Normalized LogL: -1.198437, Exp of Normalized LogL: 0.301665, Best Rate: 0.3
Fault: [2,1,2,3,4,5], logL: -13.967912, Exp of LogL: 0.000001, Normalized LogL: -1.269810, Exp of Normalized LogL: 0.280885, Best Rate: 0.3
Fault: [0,1,2,3,4,5], logL: -36.443529, Exp of LogL: 0.000000, Normalized LogL: -3.313048, Exp of Normalized LogL: 0.036405, Best Rate: 0.3

========= ADAPTIVE MC DEBUG =========
Total calls: 110
Avg tries: 1833.18
Confidence stops: 110
Max stops: 0
Max stop rate: 0.000
Real Fault Rank 5
===== SEED 45 | FR=0.3 | VR=60 =====
executing with fault mode: [1,1,2,3,4,5]

executing with fault mode: [1,1,2,3,4,5]

executing with fault mode: [1,1,2,3,4,5]

executing with fault mode: [1,1,2,3,4,5]

Fault scores (higher is better):
Fault: [1,1,2,3,4,5], logL: -15.917633, Exp of LogL: 0.000000, Normalized LogL: -0.936331, Exp of Normalized LogL: 0.392064, Best Rate: 0.3
Fault: [1,1,2,3,1,5], logL: -16.290427, Exp of LogL: 0.000000, Normalized LogL: -0.958260, Exp of Normalized LogL: 0.383560, Best Rate: 0.3
Fault: [1,1,2,3,5,5], logL: -16.290427, Exp of LogL: 0.000000, Normalized LogL: -0.958260, Exp of Normalized LogL: 0.383560, Best Rate: 0.3
Fault: [1,1,2,3,3,5], logL: -16.290427, Exp of LogL: 0.000000, Normalized LogL: -0.958260, Exp of Normalized LogL: 0.383560, Best Rate: 0.3
Fault: [1,1,2,3,0,5], logL: -16.290427, Exp of LogL: 0.000000, Normalized LogL: -0.958260, Exp of Normalized LogL: 0.383560, Best Rate: 0.3
Fault: [2,1,2,3,4,5], logL: -19.084503, Exp of LogL: 0.000000, Normalized LogL: -1.122618, Exp of Normalized LogL: 0.325427, Best Rate: 0.3
Fault: [3,1,2,3,4,5], logL: -67.680687, Exp of LogL: 0.000000, Normalized LogL: -3.981217, Exp of Normalized LogL: 0.018663, Best Rate: 0.3
Fault: [4,1,2,3,4,5], logL: -67.823154, Exp of LogL: 0.000000, Normalized LogL: -3.989597, Exp of Normalized LogL: 0.018507, Best Rate: 0.3
Fault: [5,1,2,3,4,5], logL: -67.927088, Exp of LogL: 0.000000, Normalized LogL: -3.995711, Exp of Normalized LogL: 0.018394, Best Rate: 0.3
Fault: [0,1,2,3,4,5], logL: -67.993365, Exp of LogL: 0.000000, Normalized LogL: -3.999610, Exp of Normalized LogL: 0.018323, Best Rate: 0.3

========= ADAPTIVE MC DEBUG =========
Total calls: 170
Avg tries: 1785.59
Confidence stops: 170
Max stops: 0
Max stop rate: 0.000
Real Fault Rank 1
===== SEED 45 | FR=0.3 | VR=80 =====
executing with fault mode: [1,1,2,3,4,5]

executing with fault mode: [1,1,2,3,4,5]

executing with fault mode: [1,1,2,3,4,5]

executing with fault mode: [1,1,2,3,4,5]

Fault scores (higher is better):
Fault: [1,1,2,3,4,5], logL: -16.850882, Exp of LogL: 0.000000, Normalized LogL: -0.765949, Exp of Normalized LogL: 0.464892, Best Rate: 0.3
Fault: [1,1,2,3,1,5], logL: -17.181525, Exp of LogL: 0.000000, Normalized LogL: -0.780978, Exp of Normalized LogL: 0.457958, Best Rate: 0.3
Fault: [1,1,2,3,5,5], logL: -17.181525, Exp of LogL: 0.000000, Normalized LogL: -0.780978, Exp of Normalized LogL: 0.457958, Best Rate: 0.3
Fault: [1,1,2,3,3,5], logL: -17.181525, Exp of LogL: 0.000000, Normalized LogL: -0.780978, Exp of Normalized LogL: 0.457958, Best Rate: 0.3
Fault: [1,1,2,3,0,5], logL: -17.181525, Exp of LogL: 0.000000, Normalized LogL: -0.780978, Exp of Normalized LogL: 0.457958, Best Rate: 0.3
Fault: [2,1,2,3,4,5], logL: -21.508429, Exp of LogL: 0.000000, Normalized LogL: -0.977656, Exp of Normalized LogL: 0.376192, Best Rate: 0.3
Fault: [3,1,2,3,4,5], logL: -69.336100, Exp of LogL: 0.000000, Normalized LogL: -3.151641, Exp of Normalized LogL: 0.042782, Best Rate: 0.3
Fault: [4,1,2,3,4,5], logL: -69.432116, Exp of LogL: 0.000000, Normalized LogL: -3.156005, Exp of Normalized LogL: 0.042596, Best Rate: 0.3
Fault: [5,1,2,3,4,5], logL: -70.324500, Exp of LogL: 0.000000, Normalized LogL: -3.196568, Exp of Normalized LogL: 0.040902, Best Rate: 0.3
Fault: [0,1,2,3,4,5], logL: -70.568537, Exp of LogL: 0.000000, Normalized LogL: -3.207661, Exp of Normalized LogL: 0.040451, Best Rate: 0.3

========= ADAPTIVE MC DEBUG =========
Total calls: 220
Avg tries: 1892.95
Confidence stops: 220
Max stops: 0
Max stop rate: 0.000
Real Fault Rank 1
===== SEED 45 | FR=0.3 | VR=100 =====
executing with fault mode: [1,1,2,3,4,5]

executing with fault mode: [1,1,2,3,4,5]

executing with fault mode: [1,1,2,3,4,5]

executing with fault mode: [1,1,2,3,4,5]

Fault scores (higher is better):
Fault: [1,1,2,3,4,5], logL: -18.050537, Exp of LogL: 0.000000, Normalized LogL: -0.644662, Exp of Normalized LogL: 0.524840, Best Rate: 0.3
Fault: [1,1,2,3,1,5], logL: -18.381180, Exp of LogL: 0.000000, Normalized LogL: -0.656471, Exp of Normalized LogL: 0.518679, Best Rate: 0.3
Fault: [1,1,2,3,5,5], logL: -18.381180, Exp of LogL: 0.000000, Normalized LogL: -0.656471, Exp of Normalized LogL: 0.518679, Best Rate: 0.3
Fault: [1,1,2,3,3,5], logL: -18.381180, Exp of LogL: 0.000000, Normalized LogL: -0.656471, Exp of Normalized LogL: 0.518679, Best Rate: 0.3
Fault: [1,1,2,3,0,5], logL: -18.381180, Exp of LogL: 0.000000, Normalized LogL: -0.656471, Exp of Normalized LogL: 0.518679, Best Rate: 0.3
Fault: [2,1,2,3,4,5], logL: -23.442428, Exp of LogL: 0.000000, Normalized LogL: -0.837230, Exp of Normalized LogL: 0.432908, Best Rate: 0.3
Fault: [3,1,2,3,4,5], logL: -70.180743, Exp of LogL: 0.000000, Normalized LogL: -2.506455, Exp of Normalized LogL: 0.081557, Best Rate: 0.3
Fault: [4,1,2,3,4,5], logL: -70.180743, Exp of LogL: 0.000000, Normalized LogL: -2.506455, Exp of Normalized LogL: 0.081557, Best Rate: 0.3
Fault: [0,1,2,3,4,5], logL: -71.685214, Exp of LogL: 0.000000, Normalized LogL: -2.560186, Exp of Normalized LogL: 0.077290, Best Rate: 0.3
Fault: [5,1,2,3,4,5], logL: -74.502327, Exp of LogL: 0.000000, Normalized LogL: -2.660797, Exp of Normalized LogL: 0.069892, Best Rate: 0.3

========= ADAPTIVE MC DEBUG =========
Total calls: 280
Avg tries: 1905.18
Confidence stops: 280
Max stops: 0
Max stop rate: 0.000
Real Fault Rank 1
================= 22/08/2026 07:05:05: SEED 45 END =================
================= 22/08/2026 07:05:05: SEED 46 (44/100), a*=1 fault=[0,3,2,3,4,5] START =================
===== SEED 46 | FR=0.3 | VR=20 =====
executing with fault mode: [0,3,2,3,4,5]

Fault scores (higher is better):
Fault: [0,3,2,3,0,5], logL: -6.213503, Exp of LogL: 0.002002, Normalized LogL: -1.553376, Exp of Normalized LogL: 0.211533, Best Rate: 0.3
Fault: [0,3,2,3,4,5], logL: -6.562529, Exp of LogL: 0.001412, Normalized LogL: -1.640632, Exp of Normalized LogL: 0.193857, Best Rate: 0.3
Fault: [0,3,2,3,3,5], logL: -6.636305, Exp of LogL: 0.001312, Normalized LogL: -1.659076, Exp of Normalized LogL: 0.190315, Best Rate: 0.3
Fault: [0,3,2,3,1,5], logL: -6.915018, Exp of LogL: 0.000993, Normalized LogL: -1.728755, Exp of Normalized LogL: 0.177505, Best Rate: 0.3
Fault: [0,3,2,3,5,5], logL: -6.915018, Exp of LogL: 0.000993, Normalized LogL: -1.728755, Exp of Normalized LogL: 0.177505, Best Rate: 0.3
Fault: [0,1,2,3,4,5], logL: -7.135511, Exp of LogL: 0.000796, Normalized LogL: -1.783878, Exp of Normalized LogL: 0.167985, Best Rate: 0.3
Fault: [0,5,2,3,4,5], logL: -7.586068, Exp of LogL: 0.000507, Normalized LogL: -1.896517, Exp of Normalized LogL: 0.150090, Best Rate: 0.3
Fault: [0,4,2,3,4,5], logL: -7.586068, Exp of LogL: 0.000507, Normalized LogL: -1.896517, Exp of Normalized LogL: 0.150090, Best Rate: 0.3
Fault: [0,2,2,3,4,5], logL: -7.626583, Exp of LogL: 0.000487, Normalized LogL: -1.906646, Exp of Normalized LogL: 0.148578, Best Rate: 0.3
Fault: [0,0,2,3,4,5], logL: -7.693380, Exp of LogL: 0.000456, Normalized LogL: -1.923345, Exp of Normalized LogL: 0.146117, Best Rate: 0.3

========= ADAPTIVE MC DEBUG =========
Total calls: 40
Avg tries: 1368.75
Confidence stops: 40
Max stops: 0
Max stop rate: 0.000
Real Fault Rank 2
===== SEED 46 | FR=0.3 | VR=40 =====
executing with fault mode: [0,3,2,3,4,5]

Fault scores (higher is better):
Fault: [0,3,2,3,0,5], logL: -12.124729, Exp of LogL: 0.000005, Normalized LogL: -1.732104, Exp of Normalized LogL: 0.176912, Best Rate: 0.3
Fault: [0,3,2,3,4,5], logL: -12.473755, Exp of LogL: 0.000004, Normalized LogL: -1.781965, Exp of Normalized LogL: 0.168307, Best Rate: 0.3
Fault: [0,3,2,3,3,5], logL: -12.547531, Exp of LogL: 0.000004, Normalized LogL: -1.792504, Exp of Normalized LogL: 0.166543, Best Rate: 0.3
Fault: [0,3,2,3,1,5], logL: -12.826245, Exp of LogL: 0.000003, Normalized LogL: -1.832321, Exp of Normalized LogL: 0.160042, Best Rate: 0.3
Fault: [0,3,2,3,5,5], logL: -12.826245, Exp of LogL: 0.000003, Normalized LogL: -1.832321, Exp of Normalized LogL: 0.160042, Best Rate: 0.3
Fault: [0,1,2,3,4,5], logL: -13.116565, Exp of LogL: 0.000002, Normalized LogL: -1.873795, Exp of Normalized LogL: 0.153540, Best Rate: 0.3
Fault: [0,5,2,3,4,5], logL: -14.030604, Exp of LogL: 0.000001, Normalized LogL: -2.004372, Exp of Normalized LogL: 0.134745, Best Rate: 0.3
Fault: [0,4,2,3,4,5], logL: -14.030604, Exp of LogL: 0.000001, Normalized LogL: -2.004372, Exp of Normalized LogL: 0.134745, Best Rate: 0.3
Fault: [0,0,2,3,4,5], logL: -14.117946, Exp of LogL: 0.000001, Normalized LogL: -2.016849, Exp of Normalized LogL: 0.133074, Best Rate: 0.3
Fault: [0,2,2,3,4,5], logL: -14.604484, Exp of LogL: 0.000000, Normalized LogL: -2.086355, Exp of Normalized LogL: 0.124139, Best Rate: 0.3

========= ADAPTIVE MC DEBUG =========
Total calls: 70
Avg tries: 1415.71
Confidence stops: 70
Max stops: 0
Max stop rate: 0.000
Real Fault Rank 2
===== SEED 46 | FR=0.3 | VR=60 =====
executing with fault mode: [0,3,2,3,4,5]

Fault scores (higher is better):
Fault: [0,3,2,3,3,5], logL: -16.387342, Exp of LogL: 0.000000, Normalized LogL: -1.489758, Exp of Normalized LogL: 0.225427, Best Rate: 0.3
Fault: [0,1,2,3,4,5], logL: -17.033589, Exp of LogL: 0.000000, Normalized LogL: -1.548508, Exp of Normalized LogL: 0.212565, Best Rate: 0.3
Fault: [0,3,2,3,0,5], logL: -17.141367, Exp of LogL: 0.000000, Normalized LogL: -1.558306, Exp of Normalized LogL: 0.210492, Best Rate: 0.3
Fault: [0,3,2,3,4,5], logL: -17.345893, Exp of LogL: 0.000000, Normalized LogL: -1.576899, Exp of Normalized LogL: 0.206615, Best Rate: 0.3
Fault: [0,3,2,3,1,5], logL: -17.698382, Exp of LogL: 0.000000, Normalized LogL: -1.608944, Exp of Normalized LogL: 0.200099, Best Rate: 0.3
Fault: [0,3,2,3,5,5], logL: -17.698382, Exp of LogL: 0.000000, Normalized LogL: -1.608944, Exp of Normalized LogL: 0.200099, Best Rate: 0.3
Fault: [0,0,2,3,4,5], logL: -18.199822, Exp of LogL: 0.000000, Normalized LogL: -1.654529, Exp of Normalized LogL: 0.191182, Best Rate: 0.3
Fault: [0,2,2,3,4,5], logL: -18.367843, Exp of LogL: 0.000000, Normalized LogL: -1.669804, Exp of Normalized LogL: 0.188284, Best Rate: 0.3
Fault: [0,5,2,3,4,5], logL: -18.533631, Exp of LogL: 0.000000, Normalized LogL: -1.684876, Exp of Normalized LogL: 0.185468, Best Rate: 0.3
Fault: [0,4,2,3,4,5], logL: -18.533631, Exp of LogL: 0.000000, Normalized LogL: -1.684876, Exp of Normalized LogL: 0.185468, Best Rate: 0.3

========= ADAPTIVE MC DEBUG =========
Total calls: 110
Avg tries: 1498.64
Confidence stops: 110
Max stops: 0
Max stop rate: 0.000
Real Fault Rank 4
===== SEED 46 | FR=0.3 | VR=80 =====
executing with fault mode: [0,3,2,3,4,5]

Fault scores (higher is better):
Fault: [0,1,2,3,4,5], logL: -18.537647, Exp of LogL: 0.000000, Normalized LogL: -1.324118, Exp of Normalized LogL: 0.266038, Best Rate: 0.3
Fault: [0,3,2,3,4,5], logL: -18.849951, Exp of LogL: 0.000000, Normalized LogL: -1.346425, Exp of Normalized LogL: 0.260169, Best Rate: 0.3
Fault: [0,3,2,3,1,5], logL: -19.202440, Exp of LogL: 0.000000, Normalized LogL: -1.371603, Exp of Normalized LogL: 0.253700, Best Rate: 0.3
Fault: [0,3,2,3,3,5], logL: -19.202440, Exp of LogL: 0.000000, Normalized LogL: -1.371603, Exp of Normalized LogL: 0.253700, Best Rate: 0.3
Fault: [0,3,2,3,5,5], logL: -19.202440, Exp of LogL: 0.000000, Normalized LogL: -1.371603, Exp of Normalized LogL: 0.253700, Best Rate: 0.3
Fault: [0,3,2,3,0,5], logL: -19.202440, Exp of LogL: 0.000000, Normalized LogL: -1.371603, Exp of Normalized LogL: 0.253700, Best Rate: 0.3
Fault: [0,0,2,3,4,5], logL: -19.703880, Exp of LogL: 0.000000, Normalized LogL: -1.407420, Exp of Normalized LogL: 0.244774, Best Rate: 0.3
Fault: [0,2,2,3,4,5], logL: -19.871901, Exp of LogL: 0.000000, Normalized LogL: -1.419422, Exp of Normalized LogL: 0.241854, Best Rate: 0.3
Fault: [0,5,2,3,4,5], logL: -20.037689, Exp of LogL: 0.000000, Normalized LogL: -1.431263, Exp of Normalized LogL: 0.239007, Best Rate: 0.3
Fault: [0,4,2,3,4,5], logL: -20.037689, Exp of LogL: 0.000000, Normalized LogL: -1.431263, Exp of Normalized LogL: 0.239007, Best Rate: 0.3

========= ADAPTIVE MC DEBUG =========
Total calls: 140
Avg tries: 1607.50
Confidence stops: 140
Max stops: 0
Max stop rate: 0.000
Real Fault Rank 2
===== SEED 46 | FR=0.3 | VR=100 =====
executing with fault mode: [0,3,2,3,4,5]

Fault scores (higher is better):
Fault: [0,1,2,3,4,5], logL: -18.396998, Exp of LogL: 0.000000, Normalized LogL: -1.022055, Exp of Normalized LogL: 0.359855, Best Rate: 0.3
Fault: [0,3,2,3,4,5], logL: -18.685438, Exp of LogL: 0.000000, Normalized LogL: -1.038080, Exp of Normalized LogL: 0.354134, Best Rate: 0.3
Fault: [0,3,2,3,1,5], logL: -19.049106, Exp of LogL: 0.000000, Normalized LogL: -1.058284, Exp of Normalized LogL: 0.347051, Best Rate: 0.3
Fault: [0,3,2,3,3,5], logL: -19.049106, Exp of LogL: 0.000000, Normalized LogL: -1.058284, Exp of Normalized LogL: 0.347051, Best Rate: 0.3
Fault: [0,3,2,3,5,5], logL: -19.049106, Exp of LogL: 0.000000, Normalized LogL: -1.058284, Exp of Normalized LogL: 0.347051, Best Rate: 0.3
Fault: [0,3,2,3,0,5], logL: -19.049106, Exp of LogL: 0.000000, Normalized LogL: -1.058284, Exp of Normalized LogL: 0.347051, Best Rate: 0.3
Fault: [0,0,2,3,4,5], logL: -19.551032, Exp of LogL: 0.000000, Normalized LogL: -1.086168, Exp of Normalized LogL: 0.337507, Best Rate: 0.3
Fault: [0,2,2,3,4,5], logL: -19.719053, Exp of LogL: 0.000000, Normalized LogL: -1.095503, Exp of Normalized LogL: 0.334371, Best Rate: 0.3
Fault: [0,5,2,3,4,5], logL: -19.884841, Exp of LogL: 0.000000, Normalized LogL: -1.104713, Exp of Normalized LogL: 0.331306, Best Rate: 0.3
Fault: [0,4,2,3,4,5], logL: -19.884841, Exp of LogL: 0.000000, Normalized LogL: -1.104713, Exp of Normalized LogL: 0.331306, Best Rate: 0.3

========= ADAPTIVE MC DEBUG =========
Total calls: 180
Avg tries: 1701.11
Confidence stops: 180
Max stops: 0
Max stop rate: 0.000
Real Fault Rank 2
================= 22/08/2026 07:07:26: SEED 46 END =================
================= 22/08/2026 07:07:26: SEED 47 (45/100), a*=0 fault=[5,1,2,3,4,5] START =================
===== SEED 47 | FR=0.3 | VR=20 =====
executing with fault mode: [5,1,2,3,4,5]

Fault scores (higher is better):
Fault: [5,1,2,3,3,5], logL: -6.398655, Exp of LogL: 0.001664, Normalized LogL: -1.599664, Exp of Normalized LogL: 0.201964, Best Rate: 0.3
Fault: [5,1,2,3,0,5], logL: -6.398655, Exp of LogL: 0.001664, Normalized LogL: -1.599664, Exp of Normalized LogL: 0.201964, Best Rate: 0.3
Fault: [5,1,2,3,2,5], logL: -6.398655, Exp of LogL: 0.001664, Normalized LogL: -1.599664, Exp of Normalized LogL: 0.201964, Best Rate: 0.3
Fault: [5,1,2,3,5,5], logL: -6.398655, Exp of LogL: 0.001664, Normalized LogL: -1.599664, Exp of Normalized LogL: 0.201964, Best Rate: 0.3
Fault: [5,1,2,3,4,5], logL: -7.240093, Exp of LogL: 0.000717, Normalized LogL: -1.810023, Exp of Normalized LogL: 0.163650, Best Rate: 0.3
Fault: [3,1,2,3,4,5], logL: -7.240093, Exp of LogL: 0.000717, Normalized LogL: -1.810023, Exp of Normalized LogL: 0.163650, Best Rate: 0.3
Fault: [4,1,2,3,4,5], logL: -7.240093, Exp of LogL: 0.000717, Normalized LogL: -1.810023, Exp of Normalized LogL: 0.163650, Best Rate: 0.3
Fault: [2,1,2,3,4,5], logL: -7.506798, Exp of LogL: 0.000549, Normalized LogL: -1.876700, Exp of Normalized LogL: 0.153095, Best Rate: 0.3
Fault: [1,1,2,3,4,5], logL: -7.903278, Exp of LogL: 0.000370, Normalized LogL: -1.975820, Exp of Normalized LogL: 0.138648, Best Rate: 0.3
Fault: [0,1,2,3,4,5], logL: -9.830872, Exp of LogL: 0.000054, Normalized LogL: -2.457718, Exp of Normalized LogL: 0.085630, Best Rate: 0.3

========= ADAPTIVE MC DEBUG =========
Total calls: 40
Avg tries: 1442.50
Confidence stops: 40
Max stops: 0
Max stop rate: 0.000
Real Fault Rank 5
===== SEED 47 | FR=0.3 | VR=40 =====
executing with fault mode: [5,1,2,3,4,5]

Fault scores (higher is better):
Fault: [5,1,2,3,3,5], logL: -7.422518, Exp of LogL: 0.000598, Normalized LogL: -1.060360, Exp of Normalized LogL: 0.346331, Best Rate: 0.3
Fault: [5,1,2,3,0,5], logL: -7.422518, Exp of LogL: 0.000598, Normalized LogL: -1.060360, Exp of Normalized LogL: 0.346331, Best Rate: 0.3
Fault: [5,1,2,3,2,5], logL: -7.422518, Exp of LogL: 0.000598, Normalized LogL: -1.060360, Exp of Normalized LogL: 0.346331, Best Rate: 0.3
Fault: [5,1,2,3,5,5], logL: -7.422518, Exp of LogL: 0.000598, Normalized LogL: -1.060360, Exp of Normalized LogL: 0.346331, Best Rate: 0.3
Fault: [5,1,2,3,4,5], logL: -7.892065, Exp of LogL: 0.000374, Normalized LogL: -1.127438, Exp of Normalized LogL: 0.323862, Best Rate: 0.3
Fault: [3,1,2,3,4,5], logL: -7.892065, Exp of LogL: 0.000374, Normalized LogL: -1.127438, Exp of Normalized LogL: 0.323862, Best Rate: 0.3
Fault: [4,1,2,3,4,5], logL: -7.892065, Exp of LogL: 0.000374, Normalized LogL: -1.127438, Exp of Normalized LogL: 0.323862, Best Rate: 0.3
Fault: [2,1,2,3,4,5], logL: -8.252015, Exp of LogL: 0.000261, Normalized LogL: -1.178859, Exp of Normalized LogL: 0.307629, Best Rate: 0.3
Fault: [1,1,2,3,4,5], logL: -9.153455, Exp of LogL: 0.000106, Normalized LogL: -1.307636, Exp of Normalized LogL: 0.270459, Best Rate: 0.3
Fault: [0,1,2,3,4,5], logL: -10.823576, Exp of LogL: 0.000020, Normalized LogL: -1.546225, Exp of Normalized LogL: 0.213051, Best Rate: 0.3

========= ADAPTIVE MC DEBUG =========
Total calls: 70
Avg tries: 1740.00
Confidence stops: 70
Max stops: 0
Max stop rate: 0.000
Real Fault Rank 5
===== SEED 47 | FR=0.3 | VR=60 =====
executing with fault mode: [5,1,2,3,4,5]

Fault scores (higher is better):
Fault: [5,1,2,3,3,5], logL: -8.297032, Exp of LogL: 0.000249, Normalized LogL: -0.754276, Exp of Normalized LogL: 0.470351, Best Rate: 0.3
Fault: [5,1,2,3,0,5], logL: -8.297032, Exp of LogL: 0.000249, Normalized LogL: -0.754276, Exp of Normalized LogL: 0.470351, Best Rate: 0.3
Fault: [5,1,2,3,2,5], logL: -8.297032, Exp of LogL: 0.000249, Normalized LogL: -0.754276, Exp of Normalized LogL: 0.470351, Best Rate: 0.3
Fault: [5,1,2,3,5,5], logL: -8.297032, Exp of LogL: 0.000249, Normalized LogL: -0.754276, Exp of Normalized LogL: 0.470351, Best Rate: 0.3
Fault: [2,1,2,3,4,5], logL: -8.328246, Exp of LogL: 0.000242, Normalized LogL: -0.757113, Exp of Normalized LogL: 0.469018, Best Rate: 0.3
Fault: [5,1,2,3,4,5], logL: -8.395734, Exp of LogL: 0.000226, Normalized LogL: -0.763249, Exp of Normalized LogL: 0.466150, Best Rate: 0.3
Fault: [3,1,2,3,4,5], logL: -8.395734, Exp of LogL: 0.000226, Normalized LogL: -0.763249, Exp of Normalized LogL: 0.466150, Best Rate: 0.3
Fault: [4,1,2,3,4,5], logL: -8.395734, Exp of LogL: 0.000226, Normalized LogL: -0.763249, Exp of Normalized LogL: 0.466150, Best Rate: 0.3
Fault: [0,1,2,3,4,5], logL: -10.918114, Exp of LogL: 0.000018, Normalized LogL: -0.992556, Exp of Normalized LogL: 0.370628, Best Rate: 0.3
Fault: [1,1,2,3,4,5], logL: -10.930414, Exp of LogL: 0.000018, Normalized LogL: -0.993674, Exp of Normalized LogL: 0.370214, Best Rate: 0.3

========= ADAPTIVE MC DEBUG =========
Total calls: 110
Avg tries: 2092.27
Confidence stops: 110
Max stops: 0
Max stop rate: 0.000
Real Fault Rank 6
===== SEED 47 | FR=0.3 | VR=80 =====
executing with fault mode: [5,1,2,3,4,5]

Fault scores (higher is better):
Fault: [2,1,2,3,4,5], logL: -8.779499, Exp of LogL: 0.000154, Normalized LogL: -0.627107, Exp of Normalized LogL: 0.534135, Best Rate: 0.3
Fault: [5,1,2,3,4,5], logL: -8.846987, Exp of LogL: 0.000144, Normalized LogL: -0.631928, Exp of Normalized LogL: 0.531566, Best Rate: 0.3
Fault: [3,1,2,3,4,5], logL: -8.846987, Exp of LogL: 0.000144, Normalized LogL: -0.631928, Exp of Normalized LogL: 0.531566, Best Rate: 0.3
Fault: [4,1,2,3,4,5], logL: -8.846987, Exp of LogL: 0.000144, Normalized LogL: -0.631928, Exp of Normalized LogL: 0.531566, Best Rate: 0.3
Fault: [5,1,2,3,3,5], logL: -9.212763, Exp of LogL: 0.000100, Normalized LogL: -0.658054, Exp of Normalized LogL: 0.517858, Best Rate: 0.3
Fault: [5,1,2,3,0,5], logL: -9.212763, Exp of LogL: 0.000100, Normalized LogL: -0.658054, Exp of Normalized LogL: 0.517858, Best Rate: 0.3
Fault: [5,1,2,3,2,5], logL: -9.212763, Exp of LogL: 0.000100, Normalized LogL: -0.658054, Exp of Normalized LogL: 0.517858, Best Rate: 0.3
Fault: [5,1,2,3,5,5], logL: -9.212763, Exp of LogL: 0.000100, Normalized LogL: -0.658054, Exp of Normalized LogL: 0.517858, Best Rate: 0.3
Fault: [0,1,2,3,4,5], logL: -11.419835, Exp of LogL: 0.000011, Normalized LogL: -0.815703, Exp of Normalized LogL: 0.442328, Best Rate: 0.3
Fault: [1,1,2,3,4,5], logL: -12.156603, Exp of LogL: 0.000005, Normalized LogL: -0.868329, Exp of Normalized LogL: 0.419652, Best Rate: 0.3

========= ADAPTIVE MC DEBUG =========
Total calls: 140
Avg tries: 2198.21
Confidence stops: 140
Max stops: 0
Max stop rate: 0.000
Real Fault Rank 2
===== SEED 47 | FR=0.3 | VR=100 =====
executing with fault mode: [5,1,2,3,4,5]

Fault scores (higher is better):
Fault: [2,1,2,3,4,5], logL: -9.515264, Exp of LogL: 0.000074, Normalized LogL: -0.528626, Exp of Normalized LogL: 0.589414, Best Rate: 0.3
Fault: [5,1,2,3,4,5], logL: -9.582752, Exp of LogL: 0.000069, Normalized LogL: -0.532375, Exp of Normalized LogL: 0.587209, Best Rate: 0.3
Fault: [3,1,2,3,4,5], logL: -9.582752, Exp of LogL: 0.000069, Normalized LogL: -0.532375, Exp of Normalized LogL: 0.587209, Best Rate: 0.3
Fault: [4,1,2,3,4,5], logL: -9.582752, Exp of LogL: 0.000069, Normalized LogL: -0.532375, Exp of Normalized LogL: 0.587209, Best Rate: 0.3
Fault: [5,1,2,3,3,5], logL: -9.948527, Exp of LogL: 0.000048, Normalized LogL: -0.552696, Exp of Normalized LogL: 0.575396, Best Rate: 0.3
Fault: [5,1,2,3,0,5], logL: -9.948527, Exp of LogL: 0.000048, Normalized LogL: -0.552696, Exp of Normalized LogL: 0.575396, Best Rate: 0.3
Fault: [5,1,2,3,2,5], logL: -9.948527, Exp of LogL: 0.000048, Normalized LogL: -0.552696, Exp of Normalized LogL: 0.575396, Best Rate: 0.3
Fault: [5,1,2,3,5,5], logL: -9.948527, Exp of LogL: 0.000048, Normalized LogL: -0.552696, Exp of Normalized LogL: 0.575396, Best Rate: 0.3
Fault: [0,1,2,3,4,5], logL: -12.155600, Exp of LogL: 0.000005, Normalized LogL: -0.675311, Exp of Normalized LogL: 0.508998, Best Rate: 0.3
Fault: [1,1,2,3,4,5], logL: -12.892368, Exp of LogL: 0.000003, Normalized LogL: -0.716243, Exp of Normalized LogL: 0.488585, Best Rate: 0.3

========= ADAPTIVE MC DEBUG =========
Total calls: 180
Avg tries: 2129.17
Confidence stops: 180
Max stops: 0
Max stop rate: 0.000
Real Fault Rank 2
================= 22/08/2026 07:10:35: SEED 47 END =================
================= 22/08/2026 07:10:35: SEED 48 (46/100), a*=1 fault=[0,2,2,3,4,5] START =================
===== SEED 48 | FR=0.3 | VR=20 =====
executing with fault mode: [0,2,2,3,4,5]

Fault scores (higher is better):
Fault: [0,4,2,3,4,5], logL: -9.174086, Exp of LogL: 0.000104, Normalized LogL: -1.834817, Exp of Normalized LogL: 0.159643, Best Rate: 0.3
Fault: [0,5,2,3,4,5], logL: -9.174086, Exp of LogL: 0.000104, Normalized LogL: -1.834817, Exp of Normalized LogL: 0.159643, Best Rate: 0.3
Fault: [0,2,2,3,4,5], logL: -9.210018, Exp of LogL: 0.000100, Normalized LogL: -1.842004, Exp of Normalized LogL: 0.158500, Best Rate: 0.3
Fault: [0,2,2,3,1,5], logL: -9.384351, Exp of LogL: 0.000084, Normalized LogL: -1.876870, Exp of Normalized LogL: 0.153068, Best Rate: 0.3
Fault: [0,2,2,3,2,5], logL: -9.384351, Exp of LogL: 0.000084, Normalized LogL: -1.876870, Exp of Normalized LogL: 0.153068, Best Rate: 0.3
Fault: [0,2,2,3,5,5], logL: -9.384351, Exp of LogL: 0.000084, Normalized LogL: -1.876870, Exp of Normalized LogL: 0.153068, Best Rate: 0.3
Fault: [0,0,2,3,4,5], logL: -9.479620, Exp of LogL: 0.000076, Normalized LogL: -1.895924, Exp of Normalized LogL: 0.150179, Best Rate: 0.3
Fault: [0,2,2,3,0,5], logL: -9.560521, Exp of LogL: 0.000070, Normalized LogL: -1.912104, Exp of Normalized LogL: 0.147769, Best Rate: 0.3
Fault: [0,3,2,3,4,5], logL: -9.856701, Exp of LogL: 0.000052, Normalized LogL: -1.971340, Exp of Normalized LogL: 0.139270, Best Rate: 0.3
Fault: [0,1,2,3,4,5], logL: -10.110326, Exp of LogL: 0.000041, Normalized LogL: -2.022065, Exp of Normalized LogL: 0.132382, Best Rate: 0.3

========= ADAPTIVE MC DEBUG =========
Total calls: 50
Avg tries: 1237.00
Confidence stops: 50
Max stops: 0
Max stop rate: 0.000
Real Fault Rank 3
===== SEED 48 | FR=0.3 | VR=40 =====
executing with fault mode: [0,2,2,3,4,5]

Fault scores (higher is better):
Fault: [0,4,2,3,4,5], logL: -13.172667, Exp of LogL: 0.000002, Normalized LogL: -1.463630, Exp of Normalized LogL: 0.231395, Best Rate: 0.3
Fault: [0,5,2,3,4,5], logL: -13.172667, Exp of LogL: 0.000002, Normalized LogL: -1.463630, Exp of Normalized LogL: 0.231395, Best Rate: 0.3
Fault: [0,2,2,3,1,5], logL: -13.250328, Exp of LogL: 0.000002, Normalized LogL: -1.472259, Exp of Normalized LogL: 0.229407, Best Rate: 0.3
Fault: [0,2,2,3,2,5], logL: -13.250328, Exp of LogL: 0.000002, Normalized LogL: -1.472259, Exp of Normalized LogL: 0.229407, Best Rate: 0.3
Fault: [0,2,2,3,5,5], logL: -13.250328, Exp of LogL: 0.000002, Normalized LogL: -1.472259, Exp of Normalized LogL: 0.229407, Best Rate: 0.3
Fault: [0,2,2,3,4,5], logL: -13.259892, Exp of LogL: 0.000002, Normalized LogL: -1.473321, Exp of Normalized LogL: 0.229163, Best Rate: 0.3
Fault: [0,2,2,3,0,5], logL: -13.499880, Exp of LogL: 0.000001, Normalized LogL: -1.499987, Exp of Normalized LogL: 0.223133, Best Rate: 0.3
Fault: [0,1,2,3,4,5], logL: -14.425361, Exp of LogL: 0.000001, Normalized LogL: -1.602818, Exp of Normalized LogL: 0.201328, Best Rate: 0.3
Fault: [0,0,2,3,4,5], logL: -15.237994, Exp of LogL: 0.000000, Normalized LogL: -1.693110, Exp of Normalized LogL: 0.183946, Best Rate: 0.3
Fault: [0,3,2,3,4,5], logL: -16.012779, Exp of LogL: 0.000000, Normalized LogL: -1.779198, Exp of Normalized LogL: 0.168773, Best Rate: 0.3

========= ADAPTIVE MC DEBUG =========
Total calls: 90
Avg tries: 1470.00
Confidence stops: 90
Max stops: 0
Max stop rate: 0.000
Real Fault Rank 6
===== SEED 48 | FR=0.3 | VR=60 =====
executing with fault mode: [0,2,2,3,4,5]

Fault scores (higher is better):
Fault: [0,4,2,3,4,5], logL: -15.750659, Exp of LogL: 0.000000, Normalized LogL: -1.211589, Exp of Normalized LogL: 0.297724, Best Rate: 0.3
Fault: [0,5,2,3,4,5], logL: -15.750659, Exp of LogL: 0.000000, Normalized LogL: -1.211589, Exp of Normalized LogL: 0.297724, Best Rate: 0.3
Fault: [0,2,2,3,4,5], logL: -15.750659, Exp of LogL: 0.000000, Normalized LogL: -1.211589, Exp of Normalized LogL: 0.297724, Best Rate: 0.3
Fault: [0,2,2,3,1,5], logL: -15.767372, Exp of LogL: 0.000000, Normalized LogL: -1.212875, Exp of Normalized LogL: 0.297341, Best Rate: 0.3
Fault: [0,2,2,3,2,5], logL: -15.767372, Exp of LogL: 0.000000, Normalized LogL: -1.212875, Exp of Normalized LogL: 0.297341, Best Rate: 0.3
Fault: [0,2,2,3,5,5], logL: -15.767372, Exp of LogL: 0.000000, Normalized LogL: -1.212875, Exp of Normalized LogL: 0.297341, Best Rate: 0.3
Fault: [0,2,2,3,0,5], logL: -16.016923, Exp of LogL: 0.000000, Normalized LogL: -1.232071, Exp of Normalized LogL: 0.291688, Best Rate: 0.3
Fault: [0,1,2,3,4,5], logL: -16.984850, Exp of LogL: 0.000000, Normalized LogL: -1.306527, Exp of Normalized LogL: 0.270759, Best Rate: 0.3
Fault: [0,0,2,3,4,5], logL: -17.728761, Exp of LogL: 0.000000, Normalized LogL: -1.363751, Exp of Normalized LogL: 0.255700, Best Rate: 0.3
Fault: [0,3,2,3,4,5], logL: -18.590772, Exp of LogL: 0.000000, Normalized LogL: -1.430059, Exp of Normalized LogL: 0.239295, Best Rate: 0.3

========= ADAPTIVE MC DEBUG =========
Total calls: 130
Avg tries: 1525.00
Confidence stops: 130
Max stops: 0
Max stop rate: 0.000
Real Fault Rank 3
===== SEED 48 | FR=0.3 | VR=80 =====
executing with fault mode: [0,2,2,3,4,5]

Fault scores (higher is better):
Fault: [0,4,2,3,4,5], logL: -16.441277, Exp of LogL: 0.000000, Normalized LogL: -0.967134, Exp of Normalized LogL: 0.380171, Best Rate: 0.3
Fault: [0,5,2,3,4,5], logL: -16.441277, Exp of LogL: 0.000000, Normalized LogL: -0.967134, Exp of Normalized LogL: 0.380171, Best Rate: 0.3
Fault: [0,2,2,3,4,5], logL: -16.441277, Exp of LogL: 0.000000, Normalized LogL: -0.967134, Exp of Normalized LogL: 0.380171, Best Rate: 0.3
Fault: [0,2,2,3,1,5], logL: -16.785177, Exp of LogL: 0.000000, Normalized LogL: -0.987363, Exp of Normalized LogL: 0.372558, Best Rate: 0.3
Fault: [0,2,2,3,0,5], logL: -16.785177, Exp of LogL: 0.000000, Normalized LogL: -0.987363, Exp of Normalized LogL: 0.372558, Best Rate: 0.3
Fault: [0,2,2,3,2,5], logL: -16.785177, Exp of LogL: 0.000000, Normalized LogL: -0.987363, Exp of Normalized LogL: 0.372558, Best Rate: 0.3
Fault: [0,2,2,3,5,5], logL: -16.785177, Exp of LogL: 0.000000, Normalized LogL: -0.987363, Exp of Normalized LogL: 0.372558, Best Rate: 0.3
Fault: [0,1,2,3,4,5], logL: -17.764552, Exp of LogL: 0.000000, Normalized LogL: -1.044974, Exp of Normalized LogL: 0.351701, Best Rate: 0.3
Fault: [0,0,2,3,4,5], logL: -18.338358, Exp of LogL: 0.000000, Normalized LogL: -1.078727, Exp of Normalized LogL: 0.340028, Best Rate: 0.3
Fault: [0,3,2,3,4,5], logL: -18.932995, Exp of LogL: 0.000000, Normalized LogL: -1.113706, Exp of Normalized LogL: 0.328340, Best Rate: 0.3

========= ADAPTIVE MC DEBUG =========
Total calls: 170
Avg tries: 1727.65
Confidence stops: 170
Max stops: 0
Max stop rate: 0.000
Real Fault Rank 3
===== SEED 48 | FR=0.3 | VR=100 =====
executing with fault mode: [0,2,2,3,4,5]

Fault scores (higher is better):
Fault: [0,4,2,3,4,5], logL: -18.659468, Exp of LogL: 0.000000, Normalized LogL: -0.848158, Exp of Normalized LogL: 0.428203, Best Rate: 0.3
Fault: [0,5,2,3,4,5], logL: -18.659468, Exp of LogL: 0.000000, Normalized LogL: -0.848158, Exp of Normalized LogL: 0.428203, Best Rate: 0.3
Fault: [0,2,2,3,4,5], logL: -18.659468, Exp of LogL: 0.000000, Normalized LogL: -0.848158, Exp of Normalized LogL: 0.428203, Best Rate: 0.3
Fault: [0,2,2,3,1,5], logL: -19.003368, Exp of LogL: 0.000000, Normalized LogL: -0.863789, Exp of Normalized LogL: 0.421562, Best Rate: 0.3
Fault: [0,2,2,3,0,5], logL: -19.003368, Exp of LogL: 0.000000, Normalized LogL: -0.863789, Exp of Normalized LogL: 0.421562, Best Rate: 0.3
Fault: [0,2,2,3,2,5], logL: -19.003368, Exp of LogL: 0.000000, Normalized LogL: -0.863789, Exp of Normalized LogL: 0.421562, Best Rate: 0.3
Fault: [0,2,2,3,5,5], logL: -19.003368, Exp of LogL: 0.000000, Normalized LogL: -0.863789, Exp of Normalized LogL: 0.421562, Best Rate: 0.3
Fault: [0,1,2,3,4,5], logL: -19.907944, Exp of LogL: 0.000000, Normalized LogL: -0.904907, Exp of Normalized LogL: 0.404580, Best Rate: 0.3
Fault: [0,0,2,3,4,5], logL: -20.457575, Exp of LogL: 0.000000, Normalized LogL: -0.929890, Exp of Normalized LogL: 0.394597, Best Rate: 0.3
Fault: [0,3,2,3,4,5], logL: -21.098520, Exp of LogL: 0.000000, Normalized LogL: -0.959024, Exp of Normalized LogL: 0.383267, Best Rate: 0.3

========= ADAPTIVE MC DEBUG =========
Total calls: 220
Avg tries: 1800.00
Confidence stops: 220
Max stops: 0
Max stop rate: 0.000
Real Fault Rank 3
================= 22/08/2026 07:13:36: SEED 48 END =================
================= 22/08/2026 07:13:36: SEED 49 (47/100), a*=3 fault=[0,1,2,0,4,5] START =================
===== SEED 49 | FR=0.3 | VR=20 =====
executing with fault mode: [0,1,2,0,4,5]

Fault scores (higher is better):
Fault: [0,1,2,0,5,5], logL: -11.571558, Exp of LogL: 0.000009, Normalized LogL: -1.928593, Exp of Normalized LogL: 0.145353, Best Rate: 0.3
Fault: [0,1,2,0,3,5], logL: -11.571558, Exp of LogL: 0.000009, Normalized LogL: -1.928593, Exp of Normalized LogL: 0.145353, Best Rate: 0.3
Fault: [0,1,2,0,2,5], logL: -11.630316, Exp of LogL: 0.000009, Normalized LogL: -1.938386, Exp of Normalized LogL: 0.143936, Best Rate: 0.3
Fault: [0,1,2,0,0,5], logL: -11.734183, Exp of LogL: 0.000008, Normalized LogL: -1.955697, Exp of Normalized LogL: 0.141466, Best Rate: 0.3
Fault: [0,1,2,5,4,5], logL: -11.832286, Exp of LogL: 0.000007, Normalized LogL: -1.972048, Exp of Normalized LogL: 0.139172, Best Rate: 0.3
Fault: [0,1,2,4,4,5], logL: -11.832286, Exp of LogL: 0.000007, Normalized LogL: -1.972048, Exp of Normalized LogL: 0.139172, Best Rate: 0.3
Fault: [0,1,2,1,4,5], logL: -11.860936, Exp of LogL: 0.000007, Normalized LogL: -1.976823, Exp of Normalized LogL: 0.138509, Best Rate: 0.3
Fault: [0,1,2,2,4,5], logL: -12.005805, Exp of LogL: 0.000006, Normalized LogL: -2.000968, Exp of Normalized LogL: 0.135204, Best Rate: 0.3
Fault: [0,1,2,0,4,5], logL: -12.076074, Exp of LogL: 0.000006, Normalized LogL: -2.012679, Exp of Normalized LogL: 0.133630, Best Rate: 0.3
Fault: [0,1,2,3,4,5], logL: -12.217319, Exp of LogL: 0.000005, Normalized LogL: -2.036220, Exp of Normalized LogL: 0.130521, Best Rate: 0.3

========= ADAPTIVE MC DEBUG =========
Total calls: 60
Avg tries: 1305.00
Confidence stops: 60
Max stops: 0
Max stop rate: 0.000
Real Fault Rank 9
===== SEED 49 | FR=0.3 | VR=40 =====
executing with fault mode: [0,1,2,0,4,5]

Fault scores (higher is better):
Fault: [0,1,2,0,5,5], logL: -13.764651, Exp of LogL: 0.000001, Normalized LogL: -1.251332, Exp of Normalized LogL: 0.286123, Best Rate: 0.3
Fault: [0,1,2,0,3,5], logL: -13.764651, Exp of LogL: 0.000001, Normalized LogL: -1.251332, Exp of Normalized LogL: 0.286123, Best Rate: 0.3
Fault: [0,1,2,0,4,5], logL: -14.157814, Exp of LogL: 0.000001, Normalized LogL: -1.287074, Exp of Normalized LogL: 0.276077, Best Rate: 0.3
Fault: [0,1,2,0,0,5], logL: -14.327253, Exp of LogL: 0.000001, Normalized LogL: -1.302478, Exp of Normalized LogL: 0.271857, Best Rate: 0.3
Fault: [0,1,2,0,2,5], logL: -14.426637, Exp of LogL: 0.000001, Normalized LogL: -1.311512, Exp of Normalized LogL: 0.269412, Best Rate: 0.3
Fault: [0,1,2,3,4,5], logL: -15.053908, Exp of LogL: 0.000000, Normalized LogL: -1.368537, Exp of Normalized LogL: 0.254479, Best Rate: 0.3
Fault: [0,1,2,1,4,5], logL: -15.271740, Exp of LogL: 0.000000, Normalized LogL: -1.388340, Exp of Normalized LogL: 0.249489, Best Rate: 0.3
Fault: [0,1,2,2,4,5], logL: -15.587162, Exp of LogL: 0.000000, Normalized LogL: -1.417015, Exp of Normalized LogL: 0.242437, Best Rate: 0.3
Fault: [0,1,2,5,4,5], logL: -15.948008, Exp of LogL: 0.000000, Normalized LogL: -1.449819, Exp of Normalized LogL: 0.234613, Best Rate: 0.3
Fault: [0,1,2,4,4,5], logL: -15.948008, Exp of LogL: 0.000000, Normalized LogL: -1.449819, Exp of Normalized LogL: 0.234613, Best Rate: 0.3

========= ADAPTIVE MC DEBUG =========
Total calls: 110
Avg tries: 1822.73
Confidence stops: 110
Max stops: 0
Max stop rate: 0.000
Real Fault Rank 3
===== SEED 49 | FR=0.3 | VR=60 =====
executing with fault mode: [0,1,2,0,4,5]

Fault scores (higher is better):
Fault: [0,1,2,0,5,5], logL: -42.207407, Exp of LogL: 0.000000, Normalized LogL: -2.637963, Exp of Normalized LogL: 0.071507, Best Rate: 0.3
Fault: [0,1,2,0,3,5], logL: -42.207407, Exp of LogL: 0.000000, Normalized LogL: -2.637963, Exp of Normalized LogL: 0.071507, Best Rate: 0.3
Fault: [0,1,2,0,4,5], logL: -42.597861, Exp of LogL: 0.000000, Normalized LogL: -2.662366, Exp of Normalized LogL: 0.069783, Best Rate: 0.3
Fault: [0,1,2,0,0,5], logL: -42.770009, Exp of LogL: 0.000000, Normalized LogL: -2.673126, Exp of Normalized LogL: 0.069036, Best Rate: 0.3
Fault: [0,1,2,0,2,5], logL: -42.869393, Exp of LogL: 0.000000, Normalized LogL: -2.679337, Exp of Normalized LogL: 0.068609, Best Rate: 0.3
Fault: [0,1,2,3,4,5], logL: -44.096485, Exp of LogL: 0.000000, Normalized LogL: -2.756030, Exp of Normalized LogL: 0.063544, Best Rate: 0.3
Fault: [0,1,2,2,4,5], logL: -44.918559, Exp of LogL: 0.000000, Normalized LogL: -2.807410, Exp of Normalized LogL: 0.060361, Best Rate: 0.3
Fault: [0,1,2,1,4,5], logL: -45.188107, Exp of LogL: 0.000000, Normalized LogL: -2.824257, Exp of Normalized LogL: 0.059353, Best Rate: 0.3
Fault: [0,1,2,5,4,5], logL: -45.622339, Exp of LogL: 0.000000, Normalized LogL: -2.851396, Exp of Normalized LogL: 0.057764, Best Rate: 0.3
Fault: [0,1,2,4,4,5], logL: -45.622339, Exp of LogL: 0.000000, Normalized LogL: -2.851396, Exp of Normalized LogL: 0.057764, Best Rate: 0.3

========= ADAPTIVE MC DEBUG =========
Total calls: 160
Avg tries: 1760.62
Confidence stops: 160
Max stops: 0
Max stop rate: 0.000
Real Fault Rank 3
===== SEED 49 | FR=0.3 | VR=80 =====
executing with fault mode: [0,1,2,0,4,5]

Fault scores (higher is better):
Fault: [0,1,2,0,5,5], logL: -46.364504, Exp of LogL: 0.000000, Normalized LogL: -2.207834, Exp of Normalized LogL: 0.109939, Best Rate: 0.3
Fault: [0,1,2,0,3,5], logL: -46.364504, Exp of LogL: 0.000000, Normalized LogL: -2.207834, Exp of Normalized LogL: 0.109939, Best Rate: 0.3
Fault: [0,1,2,0,4,5], logL: -46.968888, Exp of LogL: 0.000000, Normalized LogL: -2.236614, Exp of Normalized LogL: 0.106820, Best Rate: 0.3
Fault: [0,1,2,0,0,5], logL: -47.094769, Exp of LogL: 0.000000, Normalized LogL: -2.242608, Exp of Normalized LogL: 0.106181, Best Rate: 0.3
Fault: [0,1,2,0,2,5], logL: -47.104338, Exp of LogL: 0.000000, Normalized LogL: -2.243064, Exp of Normalized LogL: 0.106133, Best Rate: 0.3
Fault: [0,1,2,3,4,5], logL: -47.929358, Exp of LogL: 0.000000, Normalized LogL: -2.282350, Exp of Normalized LogL: 0.102044, Best Rate: 0.3
Fault: [0,1,2,1,4,5], logL: -48.230293, Exp of LogL: 0.000000, Normalized LogL: -2.296681, Exp of Normalized LogL: 0.100592, Best Rate: 0.3
Fault: [0,1,2,2,4,5], logL: -49.028288, Exp of LogL: 0.000000, Normalized LogL: -2.334680, Exp of Normalized LogL: 0.096841, Best Rate: 0.3
Fault: [0,1,2,5,4,5], logL: -49.732068, Exp of LogL: 0.000000, Normalized LogL: -2.368194, Exp of Normalized LogL: 0.093650, Best Rate: 0.3
Fault: [0,1,2,4,4,5], logL: -49.732068, Exp of LogL: 0.000000, Normalized LogL: -2.368194, Exp of Normalized LogL: 0.093650, Best Rate: 0.3

========= ADAPTIVE MC DEBUG =========
Total calls: 210
Avg tries: 1734.05
Confidence stops: 210
Max stops: 0
Max stop rate: 0.000
Real Fault Rank 3
===== SEED 49 | FR=0.3 | VR=100 =====
executing with fault mode: [0,1,2,0,4,5]

Fault scores (higher is better):
Fault: [0,1,2,0,4,5], logL: -23.814105, Exp of LogL: 0.000000, Normalized LogL: -0.882004, Exp of Normalized LogL: 0.413953, Best Rate: 0.3
Fault: [0,1,2,0,0,5], logL: -24.159416, Exp of LogL: 0.000000, Normalized LogL: -0.894793, Exp of Normalized LogL: 0.408692, Best Rate: 0.3
Fault: [0,1,2,0,5,5], logL: -24.159416, Exp of LogL: 0.000000, Normalized LogL: -0.894793, Exp of Normalized LogL: 0.408692, Best Rate: 0.3
Fault: [0,1,2,0,3,5], logL: -24.159416, Exp of LogL: 0.000000, Normalized LogL: -0.894793, Exp of Normalized LogL: 0.408692, Best Rate: 0.3
Fault: [0,1,2,0,2,5], logL: -24.159416, Exp of LogL: 0.000000, Normalized LogL: -0.894793, Exp of Normalized LogL: 0.408692, Best Rate: 0.3
Fault: [0,1,2,3,4,5], logL: -24.746863, Exp of LogL: 0.000000, Normalized LogL: -0.916550, Exp of Normalized LogL: 0.399896, Best Rate: 0.3
Fault: [0,1,2,1,4,5], logL: -25.087362, Exp of LogL: 0.000000, Normalized LogL: -0.929162, Exp of Normalized LogL: 0.394885, Best Rate: 0.3
Fault: [0,1,2,2,4,5], logL: -25.885356, Exp of LogL: 0.000000, Normalized LogL: -0.958717, Exp of Normalized LogL: 0.383384, Best Rate: 0.3
Fault: [0,1,2,5,4,5], logL: -26.589136, Exp of LogL: 0.000000, Normalized LogL: -0.984783, Exp of Normalized LogL: 0.373520, Best Rate: 0.3
Fault: [0,1,2,4,4,5], logL: -26.589136, Exp of LogL: 0.000000, Normalized LogL: -0.984783, Exp of Normalized LogL: 0.373520, Best Rate: 0.3

========= ADAPTIVE MC DEBUG =========
Total calls: 270
Avg tries: 1786.48
Confidence stops: 270
Max stops: 0
Max stop rate: 0.000
Real Fault Rank 1
================= 22/08/2026 07:17:41: SEED 49 END =================
================= 22/08/2026 07:17:41: SEED 50 (48/100), a*=0 fault=[2,1,2,3,4,5] START =================
===== SEED 50 | FR=0.3 | VR=20 =====
executing with fault mode: [2,1,2,3,4,5]

executing with fault mode: [2,1,2,3,4,5]

Fault scores (higher is better):
Fault: [2,1,2,3,4,5], logL: -41.115557, Exp of LogL: 0.000000, Normalized LogL: -4.568395, Exp of Normalized LogL: 0.010375, Best Rate: 0.3
Fault: [2,1,1,3,4,5], logL: -41.204521, Exp of LogL: 0.000000, Normalized LogL: -4.578280, Exp of Normalized LogL: 0.010273, Best Rate: 0.3
Fault: [4,1,2,3,4,5], logL: -41.447833, Exp of LogL: 0.000000, Normalized LogL: -4.605315, Exp of Normalized LogL: 0.009999, Best Rate: 0.3
Fault: [5,1,2,3,4,5], logL: -41.447833, Exp of LogL: 0.000000, Normalized LogL: -4.605315, Exp of Normalized LogL: 0.009999, Best Rate: 0.3
Fault: [2,1,0,3,4,5], logL: -41.463445, Exp of LogL: 0.000000, Normalized LogL: -4.607049, Exp of Normalized LogL: 0.009981, Best Rate: 0.3
Fault: [2,1,3,3,4,5], logL: -41.521924, Exp of LogL: 0.000000, Normalized LogL: -4.613547, Exp of Normalized LogL: 0.009917, Best Rate: 0.3
Fault: [2,1,4,3,4,5], logL: -41.526264, Exp of LogL: 0.000000, Normalized LogL: -4.614029, Exp of Normalized LogL: 0.009912, Best Rate: 0.3
Fault: [1,1,2,3,4,5], logL: -42.140701, Exp of LogL: 0.000000, Normalized LogL: -4.682300, Exp of Normalized LogL: 0.009258, Best Rate: 0.3
Fault: [3,1,2,3,4,5], logL: -42.966970, Exp of LogL: 0.000000, Normalized LogL: -4.774108, Exp of Normalized LogL: 0.008446, Best Rate: 0.3
Fault: [0,1,2,3,4,5], logL: -43.782249, Exp of LogL: 0.000000, Normalized LogL: -4.864694, Exp of Normalized LogL: 0.007714, Best Rate: 0.3

========= ADAPTIVE MC DEBUG =========
Total calls: 90
Avg tries: 1224.44
Confidence stops: 90
Max stops: 0
Max stop rate: 0.000
Real Fault Rank 1
===== SEED 50 | FR=0.3 | VR=40 =====
executing with fault mode: [2,1,2,3,4,5]

executing with fault mode: [2,1,2,3,4,5]

Fault scores (higher is better):
Fault: [2,1,2,3,4,5], logL: -26.394168, Exp of LogL: 0.000000, Normalized LogL: -1.552598, Exp of Normalized LogL: 0.211697, Best Rate: 0.3
Fault: [2,1,1,3,4,5], logL: -26.483132, Exp of LogL: 0.000000, Normalized LogL: -1.557831, Exp of Normalized LogL: 0.210592, Best Rate: 0.3
Fault: [2,1,0,3,4,5], logL: -26.711114, Exp of LogL: 0.000000, Normalized LogL: -1.571242, Exp of Normalized LogL: 0.207787, Best Rate: 0.3
Fault: [2,1,3,3,4,5], logL: -26.741813, Exp of LogL: 0.000000, Normalized LogL: -1.573048, Exp of Normalized LogL: 0.207412, Best Rate: 0.3
Fault: [2,1,4,3,4,5], logL: -26.792296, Exp of LogL: 0.000000, Normalized LogL: -1.576017, Exp of Normalized LogL: 0.206797, Best Rate: 0.3
Fault: [4,1,2,3,4,5], logL: -27.878899, Exp of LogL: 0.000000, Normalized LogL: -1.639935, Exp of Normalized LogL: 0.193993, Best Rate: 0.3
Fault: [5,1,2,3,4,5], logL: -27.878899, Exp of LogL: 0.000000, Normalized LogL: -1.639935, Exp of Normalized LogL: 0.193993, Best Rate: 0.3
Fault: [3,1,2,3,4,5], logL: -28.801956, Exp of LogL: 0.000000, Normalized LogL: -1.694233, Exp of Normalized LogL: 0.183740, Best Rate: 0.3
Fault: [0,1,2,3,4,5], logL: -29.561423, Exp of LogL: 0.000000, Normalized LogL: -1.738907, Exp of Normalized LogL: 0.175712, Best Rate: 0.3
Fault: [1,1,2,3,4,5], logL: -29.619541, Exp of LogL: 0.000000, Normalized LogL: -1.742326, Exp of Normalized LogL: 0.175113, Best Rate: 0.3

========= ADAPTIVE MC DEBUG =========
Total calls: 170
Avg tries: 1620.00
Confidence stops: 170
Max stops: 0
Max stop rate: 0.000
Real Fault Rank 1
===== SEED 50 | FR=0.3 | VR=60 =====
executing with fault mode: [2,1,2,3,4,5]

executing with fault mode: [2,1,2,3,4,5]

Fault scores (higher is better):
Fault: [2,1,2,3,4,5], logL: -30.732591, Exp of LogL: 0.000000, Normalized LogL: -1.229304, Exp of Normalized LogL: 0.292496, Best Rate: 0.3
Fault: [2,1,1,3,4,5], logL: -30.993042, Exp of LogL: 0.000000, Normalized LogL: -1.239722, Exp of Normalized LogL: 0.289465, Best Rate: 0.3
Fault: [2,1,0,3,4,5], logL: -30.997661, Exp of LogL: 0.000000, Normalized LogL: -1.239906, Exp of Normalized LogL: 0.289411, Best Rate: 0.3
Fault: [2,1,4,3,4,5], logL: -31.079532, Exp of LogL: 0.000000, Normalized LogL: -1.243181, Exp of Normalized LogL: 0.288465, Best Rate: 0.3
Fault: [2,1,3,3,4,5], logL: -31.079532, Exp of LogL: 0.000000, Normalized LogL: -1.243181, Exp of Normalized LogL: 0.288465, Best Rate: 0.3
Fault: [4,1,2,3,4,5], logL: -32.324604, Exp of LogL: 0.000000, Normalized LogL: -1.292984, Exp of Normalized LogL: 0.274451, Best Rate: 0.3
Fault: [5,1,2,3,4,5], logL: -32.324604, Exp of LogL: 0.000000, Normalized LogL: -1.292984, Exp of Normalized LogL: 0.274451, Best Rate: 0.3
Fault: [0,1,2,3,4,5], logL: -34.083913, Exp of LogL: 0.000000, Normalized LogL: -1.363357, Exp of Normalized LogL: 0.255801, Best Rate: 0.3
Fault: [3,1,2,3,4,5], logL: -34.684151, Exp of LogL: 0.000000, Normalized LogL: -1.387366, Exp of Normalized LogL: 0.249732, Best Rate: 0.3
Fault: [1,1,2,3,4,5], logL: -35.159152, Exp of LogL: 0.000000, Normalized LogL: -1.406366, Exp of Normalized LogL: 0.245032, Best Rate: 0.3

========= ADAPTIVE MC DEBUG =========
Total calls: 250
Avg tries: 1768.20
Confidence stops: 250
Max stops: 0
Max stop rate: 0.000
Real Fault Rank 1
===== SEED 50 | FR=0.3 | VR=80 =====
executing with fault mode: [2,1,2,3,4,5]

executing with fault mode: [2,1,2,3,4,5]

Fault scores (higher is better):
Fault: [2,1,2,3,4,5], logL: -34.970748, Exp of LogL: 0.000000, Normalized LogL: -1.059720, Exp of Normalized LogL: 0.346553, Best Rate: 0.3
Fault: [2,1,1,3,4,5], logL: -35.231200, Exp of LogL: 0.000000, Normalized LogL: -1.067612, Exp of Normalized LogL: 0.343829, Best Rate: 0.3
Fault: [2,1,0,3,4,5], logL: -35.235819, Exp of LogL: 0.000000, Normalized LogL: -1.067752, Exp of Normalized LogL: 0.343780, Best Rate: 0.3
Fault: [2,1,4,3,4,5], logL: -35.317690, Exp of LogL: 0.000000, Normalized LogL: -1.070233, Exp of Normalized LogL: 0.342929, Best Rate: 0.3
Fault: [2,1,3,3,4,5], logL: -35.317690, Exp of LogL: 0.000000, Normalized LogL: -1.070233, Exp of Normalized LogL: 0.342929, Best Rate: 0.3
Fault: [4,1,2,3,4,5], logL: -38.243060, Exp of LogL: 0.000000, Normalized LogL: -1.158881, Exp of Normalized LogL: 0.313837, Best Rate: 0.3
Fault: [5,1,2,3,4,5], logL: -38.243060, Exp of LogL: 0.000000, Normalized LogL: -1.158881, Exp of Normalized LogL: 0.313837, Best Rate: 0.3
Fault: [0,1,2,3,4,5], logL: -38.909409, Exp of LogL: 0.000000, Normalized LogL: -1.179073, Exp of Normalized LogL: 0.307564, Best Rate: 0.3
Fault: [1,1,2,3,4,5], logL: -40.171668, Exp of LogL: 0.000000, Normalized LogL: -1.217323, Exp of Normalized LogL: 0.296021, Best Rate: 0.3
Fault: [3,1,2,3,4,5], logL: -41.221699, Exp of LogL: 0.000000, Normalized LogL: -1.249142, Exp of Normalized LogL: 0.286751, Best Rate: 0.3

========= ADAPTIVE MC DEBUG =========
Total calls: 330
Avg tries: 1853.03
Confidence stops: 330
Max stops: 0
Max stop rate: 0.000
Real Fault Rank 1
===== SEED 50 | FR=0.3 | VR=100 =====
executing with fault mode: [2,1,2,3,4,5]

executing with fault mode: [2,1,2,3,4,5]

Fault scores (higher is better):
Fault: [2,1,2,3,4,5], logL: -39.565272, Exp of LogL: 0.000000, Normalized LogL: -0.942030, Exp of Normalized LogL: 0.389836, Best Rate: 0.3
Fault: [2,1,1,3,4,5], logL: -39.825724, Exp of LogL: 0.000000, Normalized LogL: -0.948232, Exp of Normalized LogL: 0.387426, Best Rate: 0.3
Fault: [2,1,0,3,4,5], logL: -39.830343, Exp of LogL: 0.000000, Normalized LogL: -0.948341, Exp of Normalized LogL: 0.387383, Best Rate: 0.3
Fault: [2,1,4,3,4,5], logL: -39.912214, Exp of LogL: 0.000000, Normalized LogL: -0.950291, Exp of Normalized LogL: 0.386629, Best Rate: 0.3
Fault: [2,1,3,3,4,5], logL: -39.912214, Exp of LogL: 0.000000, Normalized LogL: -0.950291, Exp of Normalized LogL: 0.386629, Best Rate: 0.3
Fault: [4,1,2,3,4,5], logL: -42.189537, Exp of LogL: 0.000000, Normalized LogL: -1.004513, Exp of Normalized LogL: 0.366223, Best Rate: 0.3
Fault: [5,1,2,3,4,5], logL: -42.189537, Exp of LogL: 0.000000, Normalized LogL: -1.004513, Exp of Normalized LogL: 0.366223, Best Rate: 0.3
Fault: [0,1,2,3,4,5], logL: -44.212349, Exp of LogL: 0.000000, Normalized LogL: -1.052675, Exp of Normalized LogL: 0.349003, Best Rate: 0.3
Fault: [1,1,2,3,4,5], logL: -46.840868, Exp of LogL: 0.000000, Normalized LogL: -1.115259, Exp of Normalized LogL: 0.327830, Best Rate: 0.3
Fault: [3,1,2,3,4,5], logL: -48.088165, Exp of LogL: 0.000000, Normalized LogL: -1.144956, Exp of Normalized LogL: 0.318238, Best Rate: 0.3

========= ADAPTIVE MC DEBUG =========
Total calls: 420
Avg tries: 1847.02
Confidence stops: 420
Max stops: 0
Max stop rate: 0.000
Real Fault Rank 1
================= 22/08/2026 07:23:53: SEED 50 END =================
================= 22/08/2026 07:23:53: SEED 51 (49/100), a*=2 fault=[0,1,5,3,4,5] START =================
===== SEED 51 | FR=0.3 | VR=20 =====
executing with fault mode: [0,1,5,3,4,5]

executing with fault mode: [0,1,5,3,4,5]

executing with fault mode: [0,1,5,3,4,5]

Fault scores (higher is better):
Fault: [0,1,2,3,4,5], logL: -5.377605, Exp of LogL: 0.004619, Normalized LogL: -1.344401, Exp of Normalized LogL: 0.260696, Best Rate: 0.3
Fault: [0,1,5,3,5,5], logL: -5.406765, Exp of LogL: 0.004486, Normalized LogL: -1.351691, Exp of Normalized LogL: 0.258802, Best Rate: 0.3
Fault: [0,1,5,3,1,5], logL: -5.406765, Exp of LogL: 0.004486, Normalized LogL: -1.351691, Exp of Normalized LogL: 0.258802, Best Rate: 0.3
Fault: [0,1,5,3,2,5], logL: -5.406765, Exp of LogL: 0.004486, Normalized LogL: -1.351691, Exp of Normalized LogL: 0.258802, Best Rate: 0.3
Fault: [0,1,4,3,4,5], logL: -5.413734, Exp of LogL: 0.004455, Normalized LogL: -1.353434, Exp of Normalized LogL: 0.258352, Best Rate: 0.3
Fault: [0,1,5,3,4,5], logL: -5.413734, Exp of LogL: 0.004455, Normalized LogL: -1.353434, Exp of Normalized LogL: 0.258352, Best Rate: 0.3
Fault: [0,1,1,3,4,5], logL: -5.427819, Exp of LogL: 0.004393, Normalized LogL: -1.356955, Exp of Normalized LogL: 0.257444, Best Rate: 0.3
Fault: [0,1,0,3,4,5], logL: -5.545070, Exp of LogL: 0.003907, Normalized LogL: -1.386268, Exp of Normalized LogL: 0.250007, Best Rate: 0.3
Fault: [0,1,5,3,0,5], logL: -5.545070, Exp of LogL: 0.003907, Normalized LogL: -1.386268, Exp of Normalized LogL: 0.250007, Best Rate: 0.3
Fault: [0,1,3,3,4,5], logL: -5.605002, Exp of LogL: 0.003679, Normalized LogL: -1.401251, Exp of Normalized LogL: 0.246289, Best Rate: 0.3

========= ADAPTIVE MC DEBUG =========
Total calls: 40
Avg tries: 1630.00
Confidence stops: 40
Max stops: 0
Max stop rate: 0.000
Real Fault Rank 6
===== SEED 51 | FR=0.3 | VR=40 =====
executing with fault mode: [0,1,5,3,4,5]

executing with fault mode: [0,1,5,3,4,5]

executing with fault mode: [0,1,5,3,4,5]

Fault scores (higher is better):
Fault: [0,1,1,3,4,5], logL: -9.005627, Exp of LogL: 0.000123, Normalized LogL: -1.286518, Exp of Normalized LogL: 0.276231, Best Rate: 0.3
Fault: [0,1,2,3,4,5], logL: -9.758677, Exp of LogL: 0.000058, Normalized LogL: -1.394097, Exp of Normalized LogL: 0.248057, Best Rate: 0.3
Fault: [0,1,5,3,5,5], logL: -10.047259, Exp of LogL: 0.000043, Normalized LogL: -1.435323, Exp of Normalized LogL: 0.238039, Best Rate: 0.3
Fault: [0,1,5,3,1,5], logL: -10.047259, Exp of LogL: 0.000043, Normalized LogL: -1.435323, Exp of Normalized LogL: 0.238039, Best Rate: 0.3
Fault: [0,1,5,3,2,5], logL: -10.047259, Exp of LogL: 0.000043, Normalized LogL: -1.435323, Exp of Normalized LogL: 0.238039, Best Rate: 0.3
Fault: [0,1,4,3,4,5], logL: -10.053773, Exp of LogL: 0.000043, Normalized LogL: -1.436253, Exp of Normalized LogL: 0.237817, Best Rate: 0.3
Fault: [0,1,5,3,4,5], logL: -10.053773, Exp of LogL: 0.000043, Normalized LogL: -1.436253, Exp of Normalized LogL: 0.237817, Best Rate: 0.3
Fault: [0,1,3,3,4,5], logL: -10.060118, Exp of LogL: 0.000043, Normalized LogL: -1.437160, Exp of Normalized LogL: 0.237602, Best Rate: 0.3
Fault: [0,1,5,3,0,5], logL: -10.441913, Exp of LogL: 0.000029, Normalized LogL: -1.491702, Exp of Normalized LogL: 0.224989, Best Rate: 0.3
Fault: [0,1,0,3,4,5], logL: -10.512696, Exp of LogL: 0.000027, Normalized LogL: -1.501814, Exp of Normalized LogL: 0.222726, Best Rate: 0.3

========= ADAPTIVE MC DEBUG =========
Total calls: 70
Avg tries: 1543.57
Confidence stops: 70
Max stops: 0
Max stop rate: 0.000
Real Fault Rank 7
===== SEED 51 | FR=0.3 | VR=60 =====
executing with fault mode: [0,1,5,3,4,5]

executing with fault mode: [0,1,5,3,4,5]

executing with fault mode: [0,1,5,3,4,5]

Fault scores (higher is better):
Fault: [0,1,1,3,4,5], logL: -11.672024, Exp of LogL: 0.000009, Normalized LogL: -1.061093, Exp of Normalized LogL: 0.346077, Best Rate: 0.3
Fault: [0,1,2,3,4,5], logL: -12.529616, Exp of LogL: 0.000004, Normalized LogL: -1.139056, Exp of Normalized LogL: 0.320121, Best Rate: 0.3
Fault: [0,1,5,3,5,5], logL: -12.775932, Exp of LogL: 0.000003, Normalized LogL: -1.161448, Exp of Normalized LogL: 0.313032, Best Rate: 0.3
Fault: [0,1,5,3,1,5], logL: -12.775932, Exp of LogL: 0.000003, Normalized LogL: -1.161448, Exp of Normalized LogL: 0.313032, Best Rate: 0.3
Fault: [0,1,5,3,2,5], logL: -12.775932, Exp of LogL: 0.000003, Normalized LogL: -1.161448, Exp of Normalized LogL: 0.313032, Best Rate: 0.3
Fault: [0,1,4,3,4,5], logL: -12.782447, Exp of LogL: 0.000003, Normalized LogL: -1.162041, Exp of Normalized LogL: 0.312847, Best Rate: 0.3
Fault: [0,1,5,3,4,5], logL: -12.782447, Exp of LogL: 0.000003, Normalized LogL: -1.162041, Exp of Normalized LogL: 0.312847, Best Rate: 0.3
Fault: [0,1,3,3,4,5], logL: -12.878772, Exp of LogL: 0.000003, Normalized LogL: -1.170797, Exp of Normalized LogL: 0.310120, Best Rate: 0.3
Fault: [0,1,5,3,0,5], logL: -13.170586, Exp of LogL: 0.000002, Normalized LogL: -1.197326, Exp of Normalized LogL: 0.302001, Best Rate: 0.3
Fault: [0,1,0,3,4,5], logL: -13.241370, Exp of LogL: 0.000002, Normalized LogL: -1.203761, Exp of Normalized LogL: 0.300064, Best Rate: 0.3

========= ADAPTIVE MC DEBUG =========
Total calls: 110
Avg tries: 1671.82
Confidence stops: 110
Max stops: 0
Max stop rate: 0.000
Real Fault Rank 7
===== SEED 51 | FR=0.3 | VR=80 =====
executing with fault mode: [0,1,5,3,4,5]

executing with fault mode: [0,1,5,3,4,5]

executing with fault mode: [0,1,5,3,4,5]

Fault scores (higher is better):
Fault: [0,1,1,3,4,5], logL: -13.286370, Exp of LogL: 0.000002, Normalized LogL: -0.949026, Exp of Normalized LogL: 0.387118, Best Rate: 0.3
Fault: [0,1,4,3,4,5], logL: -13.385445, Exp of LogL: 0.000002, Normalized LogL: -0.956103, Exp of Normalized LogL: 0.384388, Best Rate: 0.3
Fault: [0,1,5,3,4,5], logL: -13.385445, Exp of LogL: 0.000002, Normalized LogL: -0.956103, Exp of Normalized LogL: 0.384388, Best Rate: 0.3
Fault: [0,1,5,3,5,5], logL: -13.738037, Exp of LogL: 0.000001, Normalized LogL: -0.981288, Exp of Normalized LogL: 0.374828, Best Rate: 0.3
Fault: [0,1,5,3,1,5], logL: -13.738037, Exp of LogL: 0.000001, Normalized LogL: -0.981288, Exp of Normalized LogL: 0.374828, Best Rate: 0.3
Fault: [0,1,5,3,2,5], logL: -13.738037, Exp of LogL: 0.000001, Normalized LogL: -0.981288, Exp of Normalized LogL: 0.374828, Best Rate: 0.3
Fault: [0,1,5,3,0,5], logL: -13.738037, Exp of LogL: 0.000001, Normalized LogL: -0.981288, Exp of Normalized LogL: 0.374828, Best Rate: 0.3
Fault: [0,1,2,3,4,5], logL: -13.781288, Exp of LogL: 0.000001, Normalized LogL: -0.984378, Exp of Normalized LogL: 0.373672, Best Rate: 0.3
Fault: [0,1,3,3,4,5], logL: -14.127341, Exp of LogL: 0.000001, Normalized LogL: -1.009096, Exp of Normalized LogL: 0.364548, Best Rate: 0.3
Fault: [0,1,0,3,4,5], logL: -14.414686, Exp of LogL: 0.000001, Normalized LogL: -1.029620, Exp of Normalized LogL: 0.357143, Best Rate: 0.3

========= ADAPTIVE MC DEBUG =========
Total calls: 140
Avg tries: 1783.21
Confidence stops: 140
Max stops: 0
Max stop rate: 0.000
Real Fault Rank 3
===== SEED 51 | FR=0.3 | VR=100 =====
executing with fault mode: [0,1,5,3,4,5]

executing with fault mode: [0,1,5,3,4,5]

executing with fault mode: [0,1,5,3,4,5]

Fault scores (higher is better):
Fault: [0,1,4,3,4,5], logL: -13.834446, Exp of LogL: 0.000001, Normalized LogL: -0.768580, Exp of Normalized LogL: 0.463671, Best Rate: 0.3
Fault: [0,1,5,3,4,5], logL: -13.834446, Exp of LogL: 0.000001, Normalized LogL: -0.768580, Exp of Normalized LogL: 0.463671, Best Rate: 0.3
Fault: [0,1,5,3,5,5], logL: -14.149878, Exp of LogL: 0.000001, Normalized LogL: -0.786104, Exp of Normalized LogL: 0.455616, Best Rate: 0.3
Fault: [0,1,5,3,1,5], logL: -14.149878, Exp of LogL: 0.000001, Normalized LogL: -0.786104, Exp of Normalized LogL: 0.455616, Best Rate: 0.3
Fault: [0,1,5,3,2,5], logL: -14.149878, Exp of LogL: 0.000001, Normalized LogL: -0.786104, Exp of Normalized LogL: 0.455616, Best Rate: 0.3
Fault: [0,1,5,3,0,5], logL: -14.149878, Exp of LogL: 0.000001, Normalized LogL: -0.786104, Exp of Normalized LogL: 0.455616, Best Rate: 0.3
Fault: [0,1,1,3,4,5], logL: -38.989798, Exp of LogL: 0.000000, Normalized LogL: -2.166100, Exp of Normalized LogL: 0.114624, Best Rate: 0.3
Fault: [0,1,2,3,4,5], logL: -39.486580, Exp of LogL: 0.000000, Normalized LogL: -2.193699, Exp of Normalized LogL: 0.111504, Best Rate: 0.3
Fault: [0,1,3,3,4,5], logL: -39.854769, Exp of LogL: 0.000000, Normalized LogL: -2.214154, Exp of Normalized LogL: 0.109246, Best Rate: 0.3
Fault: [0,1,0,3,4,5], logL: -40.147288, Exp of LogL: 0.000000, Normalized LogL: -2.230405, Exp of Normalized LogL: 0.107485, Best Rate: 0.3

========= ADAPTIVE MC DEBUG =========
Total calls: 180
Avg tries: 1769.72
Confidence stops: 180
Max stops: 0
Max stop rate: 0.000
Real Fault Rank 2
================= 22/08/2026 07:26:32: SEED 51 END =================
================= 22/08/2026 07:26:32: SEED 52 (50/100), a*=0 fault=[1,1,2,3,4,5] START =================
===== SEED 52 | FR=0.3 | VR=20 =====
executing with fault mode: [1,1,2,3,4,5]

Fault scores (higher is better):
Fault: [3,1,2,3,4,5], logL: -6.671671, Exp of LogL: 0.001266, Normalized LogL: -1.667918, Exp of Normalized LogL: 0.188639, Best Rate: 0.3
Fault: [4,1,2,3,4,5], logL: -6.707132, Exp of LogL: 0.001222, Normalized LogL: -1.676783, Exp of Normalized LogL: 0.186975, Best Rate: 0.3
Fault: [0,1,2,3,4,5], logL: -6.795624, Exp of LogL: 0.001119, Normalized LogL: -1.698906, Exp of Normalized LogL: 0.182883, Best Rate: 0.3
Fault: [5,1,2,3,4,5], logL: -6.817638, Exp of LogL: 0.001094, Normalized LogL: -1.704409, Exp of Normalized LogL: 0.181880, Best Rate: 0.3
Fault: [2,1,2,3,4,5], logL: -6.974879, Exp of LogL: 0.000935, Normalized LogL: -1.743720, Exp of Normalized LogL: 0.174869, Best Rate: 0.3
Fault: [1,1,1,3,4,5], logL: -7.116557, Exp of LogL: 0.000812, Normalized LogL: -1.779139, Exp of Normalized LogL: 0.168783, Best Rate: 0.3
Fault: [1,1,2,3,4,5], logL: -7.262562, Exp of LogL: 0.000701, Normalized LogL: -1.815640, Exp of Normalized LogL: 0.162734, Best Rate: 0.3
Fault: [1,1,3,3,4,5], logL: -8.296635, Exp of LogL: 0.000249, Normalized LogL: -2.074159, Exp of Normalized LogL: 0.125662, Best Rate: 0.3
Fault: [1,1,0,3,4,5], logL: -8.296635, Exp of LogL: 0.000249, Normalized LogL: -2.074159, Exp of Normalized LogL: 0.125662, Best Rate: 0.3
Fault: [1,1,5,3,4,5], logL: -8.296635, Exp of LogL: 0.000249, Normalized LogL: -2.074159, Exp of Normalized LogL: 0.125662, Best Rate: 0.3

========= ADAPTIVE MC DEBUG =========
Total calls: 40
Avg tries: 1586.25
Confidence stops: 40
Max stops: 0
Max stop rate: 0.000
Real Fault Rank 7
===== SEED 52 | FR=0.3 | VR=40 =====
executing with fault mode: [1,1,2,3,4,5]

Fault scores (higher is better):
Fault: [4,1,2,3,4,5], logL: -9.144466, Exp of LogL: 0.000107, Normalized LogL: -1.143058, Exp of Normalized LogL: 0.318842, Best Rate: 0.3
Fault: [3,1,2,3,4,5], logL: -9.144466, Exp of LogL: 0.000107, Normalized LogL: -1.143058, Exp of Normalized LogL: 0.318842, Best Rate: 0.3
Fault: [5,1,2,3,4,5], logL: -9.439748, Exp of LogL: 0.000080, Normalized LogL: -1.179969, Exp of Normalized LogL: 0.307288, Best Rate: 0.3
Fault: [0,1,2,3,4,5], logL: -9.669764, Exp of LogL: 0.000063, Normalized LogL: -1.208720, Exp of Normalized LogL: 0.298579, Best Rate: 0.3
Fault: [1,1,2,3,4,5], logL: -10.108933, Exp of LogL: 0.000041, Normalized LogL: -1.263617, Exp of Normalized LogL: 0.282630, Best Rate: 0.3
Fault: [2,1,2,3,4,5], logL: -10.227889, Exp of LogL: 0.000036, Normalized LogL: -1.278486, Exp of Normalized LogL: 0.278459, Best Rate: 0.3
Fault: [1,1,1,3,4,5], logL: -10.361548, Exp of LogL: 0.000032, Normalized LogL: -1.295193, Exp of Normalized LogL: 0.273845, Best Rate: 0.3
Fault: [1,1,3,3,4,5], logL: -10.465954, Exp of LogL: 0.000028, Normalized LogL: -1.308244, Exp of Normalized LogL: 0.270294, Best Rate: 0.3
Fault: [1,1,0,3,4,5], logL: -10.465954, Exp of LogL: 0.000028, Normalized LogL: -1.308244, Exp of Normalized LogL: 0.270294, Best Rate: 0.3
Fault: [1,1,5,3,4,5], logL: -10.465954, Exp of LogL: 0.000028, Normalized LogL: -1.308244, Exp of Normalized LogL: 0.270294, Best Rate: 0.3

========= ADAPTIVE MC DEBUG =========
Total calls: 80
Avg tries: 1769.38
Confidence stops: 80
Max stops: 0
Max stop rate: 0.000
Real Fault Rank 5
===== SEED 52 | FR=0.3 | VR=60 =====
executing with fault mode: [1,1,2,3,4,5]

Fault scores (higher is better):
Fault: [4,1,2,3,4,5], logL: -10.698460, Exp of LogL: 0.000023, Normalized LogL: -0.972587, Exp of Normalized LogL: 0.378104, Best Rate: 0.3
Fault: [3,1,2,3,4,5], logL: -10.698460, Exp of LogL: 0.000023, Normalized LogL: -0.972587, Exp of Normalized LogL: 0.378104, Best Rate: 0.3
Fault: [1,1,2,3,4,5], logL: -11.099429, Exp of LogL: 0.000015, Normalized LogL: -1.009039, Exp of Normalized LogL: 0.364569, Best Rate: 0.3
Fault: [0,1,2,3,4,5], logL: -11.209853, Exp of LogL: 0.000014, Normalized LogL: -1.019078, Exp of Normalized LogL: 0.360928, Best Rate: 0.3
Fault: [1,1,1,3,4,5], logL: -11.352043, Exp of LogL: 0.000012, Normalized LogL: -1.032004, Exp of Normalized LogL: 0.356292, Best Rate: 0.3
Fault: [1,1,3,3,4,5], logL: -11.456450, Exp of LogL: 0.000011, Normalized LogL: -1.041495, Exp of Normalized LogL: 0.352926, Best Rate: 0.3
Fault: [1,1,0,3,4,5], logL: -11.456450, Exp of LogL: 0.000011, Normalized LogL: -1.041495, Exp of Normalized LogL: 0.352926, Best Rate: 0.3
Fault: [1,1,5,3,4,5], logL: -11.456450, Exp of LogL: 0.000011, Normalized LogL: -1.041495, Exp of Normalized LogL: 0.352926, Best Rate: 0.3
Fault: [2,1,2,3,4,5], logL: -11.542797, Exp of LogL: 0.000010, Normalized LogL: -1.049345, Exp of Normalized LogL: 0.350167, Best Rate: 0.3
Fault: [5,1,2,3,4,5], logL: -12.082787, Exp of LogL: 0.000006, Normalized LogL: -1.098435, Exp of Normalized LogL: 0.333392, Best Rate: 0.3

========= ADAPTIVE MC DEBUG =========
Total calls: 110
Avg tries: 1939.55
Confidence stops: 110
Max stops: 0
Max stop rate: 0.000
Real Fault Rank 3
===== SEED 52 | FR=0.3 | VR=80 =====
executing with fault mode: [1,1,2,3,4,5]

Fault scores (higher is better):
Fault: [1,1,2,3,4,5], logL: -12.974598, Exp of LogL: 0.000002, Normalized LogL: -0.864973, Exp of Normalized LogL: 0.421063, Best Rate: 0.3
Fault: [1,1,1,3,4,5], logL: -13.227212, Exp of LogL: 0.000002, Normalized LogL: -0.881814, Exp of Normalized LogL: 0.414031, Best Rate: 0.3
Fault: [1,1,3,3,4,5], logL: -13.331619, Exp of LogL: 0.000002, Normalized LogL: -0.888775, Exp of Normalized LogL: 0.411159, Best Rate: 0.3
Fault: [1,1,0,3,4,5], logL: -13.331619, Exp of LogL: 0.000002, Normalized LogL: -0.888775, Exp of Normalized LogL: 0.411159, Best Rate: 0.3
Fault: [1,1,5,3,4,5], logL: -13.331619, Exp of LogL: 0.000002, Normalized LogL: -0.888775, Exp of Normalized LogL: 0.411159, Best Rate: 0.3
Fault: [4,1,2,3,4,5], logL: -13.367487, Exp of LogL: 0.000002, Normalized LogL: -0.891166, Exp of Normalized LogL: 0.410177, Best Rate: 0.3
Fault: [3,1,2,3,4,5], logL: -13.367487, Exp of LogL: 0.000002, Normalized LogL: -0.891166, Exp of Normalized LogL: 0.410177, Best Rate: 0.3
Fault: [0,1,2,3,4,5], logL: -13.533019, Exp of LogL: 0.000001, Normalized LogL: -0.902201, Exp of Normalized LogL: 0.405676, Best Rate: 0.3
Fault: [2,1,2,3,4,5], logL: -13.909485, Exp of LogL: 0.000001, Normalized LogL: -0.927299, Exp of Normalized LogL: 0.395621, Best Rate: 0.3
Fault: [5,1,2,3,4,5], logL: -14.751814, Exp of LogL: 0.000000, Normalized LogL: -0.983454, Exp of Normalized LogL: 0.374017, Best Rate: 0.3

========= ADAPTIVE MC DEBUG =========
Total calls: 150
Avg tries: 2001.00
Confidence stops: 150
Max stops: 0
Max stop rate: 0.000
Real Fault Rank 1
===== SEED 52 | FR=0.3 | VR=100 =====
executing with fault mode: [1,1,2,3,4,5]

Fault scores (higher is better):
Fault: [1,1,2,3,4,5], logL: -14.808857, Exp of LogL: 0.000000, Normalized LogL: -0.779414, Exp of Normalized LogL: 0.458675, Best Rate: 0.3
Fault: [1,1,1,3,4,5], logL: -15.061472, Exp of LogL: 0.000000, Normalized LogL: -0.792709, Exp of Normalized LogL: 0.452617, Best Rate: 0.3
Fault: [1,1,3,3,4,5], logL: -15.165878, Exp of LogL: 0.000000, Normalized LogL: -0.798204, Exp of Normalized LogL: 0.450137, Best Rate: 0.3
Fault: [1,1,0,3,4,5], logL: -15.165878, Exp of LogL: 0.000000, Normalized LogL: -0.798204, Exp of Normalized LogL: 0.450137, Best Rate: 0.3
Fault: [1,1,5,3,4,5], logL: -15.165878, Exp of LogL: 0.000000, Normalized LogL: -0.798204, Exp of Normalized LogL: 0.450137, Best Rate: 0.3
Fault: [2,1,2,3,4,5], logL: -17.322392, Exp of LogL: 0.000000, Normalized LogL: -0.911705, Exp of Normalized LogL: 0.401839, Best Rate: 0.3
Fault: [0,1,2,3,4,5], logL: -40.215151, Exp of LogL: 0.000000, Normalized LogL: -2.116587, Exp of Normalized LogL: 0.120442, Best Rate: 0.3
Fault: [4,1,2,3,4,5], logL: -40.925750, Exp of LogL: 0.000000, Normalized LogL: -2.153987, Exp of Normalized LogL: 0.116021, Best Rate: 0.3
Fault: [3,1,2,3,4,5], logL: -40.925750, Exp of LogL: 0.000000, Normalized LogL: -2.153987, Exp of Normalized LogL: 0.116021, Best Rate: 0.3
Fault: [5,1,2,3,4,5], logL: -42.512981, Exp of LogL: 0.000000, Normalized LogL: -2.237525, Exp of Normalized LogL: 0.106722, Best Rate: 0.3

========= ADAPTIVE MC DEBUG =========
Total calls: 190
Avg tries: 1859.47
Confidence stops: 190
Max stops: 0
Max stop rate: 0.000
Real Fault Rank 1
================= 22/08/2026 07:29:30: SEED 52 END =================
================= 22/08/2026 07:29:30: SEED 53 (51/100), a*=3 fault=[0,1,2,5,4,5] START =================
===== SEED 53 | FR=0.3 | VR=20 =====
executing with fault mode: [0,1,2,5,4,5]

executing with fault mode: [0,1,2,5,4,5]

Fault scores (higher is better):
Fault: [0,1,2,5,3,5], logL: -7.923841, Exp of LogL: 0.000362, Normalized LogL: -1.980960, Exp of Normalized LogL: 0.137937, Best Rate: 0.3
Fault: [0,1,2,5,1,5], logL: -7.923841, Exp of LogL: 0.000362, Normalized LogL: -1.980960, Exp of Normalized LogL: 0.137937, Best Rate: 0.3
Fault: [0,1,2,5,5,5], logL: -7.923841, Exp of LogL: 0.000362, Normalized LogL: -1.980960, Exp of Normalized LogL: 0.137937, Best Rate: 0.3
Fault: [0,1,2,5,4,5], logL: -8.013761, Exp of LogL: 0.000331, Normalized LogL: -2.003440, Exp of Normalized LogL: 0.134871, Best Rate: 0.3
Fault: [0,1,2,4,4,5], logL: -8.013761, Exp of LogL: 0.000331, Normalized LogL: -2.003440, Exp of Normalized LogL: 0.134871, Best Rate: 0.3
Fault: [0,1,2,5,0,5], logL: -8.202555, Exp of LogL: 0.000274, Normalized LogL: -2.050639, Exp of Normalized LogL: 0.128653, Best Rate: 0.3
Fault: [0,1,2,0,4,5], logL: -32.452251, Exp of LogL: 0.000000, Normalized LogL: -8.113063, Exp of Normalized LogL: 0.000300, Best Rate: 0.3
Fault: [0,1,2,3,4,5], logL: -32.478433, Exp of LogL: 0.000000, Normalized LogL: -8.119608, Exp of Normalized LogL: 0.000298, Best Rate: 0.3
Fault: [0,1,2,2,4,5], logL: -32.787534, Exp of LogL: 0.000000, Normalized LogL: -8.196884, Exp of Normalized LogL: 0.000276, Best Rate: 0.3
Fault: [0,1,2,1,4,5], logL: -33.096638, Exp of LogL: 0.000000, Normalized LogL: -8.274159, Exp of Normalized LogL: 0.000255, Best Rate: 0.3

========= ADAPTIVE MC DEBUG =========
Total calls: 40
Avg tries: 1273.75
Confidence stops: 40
Max stops: 0
Max stop rate: 0.000
Real Fault Rank 4
===== SEED 53 | FR=0.3 | VR=40 =====
executing with fault mode: [0,1,2,5,4,5]

executing with fault mode: [0,1,2,5,4,5]

Fault scores (higher is better):
Fault: [0,1,2,5,4,5], logL: -9.972540, Exp of LogL: 0.000047, Normalized LogL: -1.424649, Exp of Normalized LogL: 0.240593, Best Rate: 0.3
Fault: [0,1,2,4,4,5], logL: -9.972540, Exp of LogL: 0.000047, Normalized LogL: -1.424649, Exp of Normalized LogL: 0.240593, Best Rate: 0.3
Fault: [0,1,2,5,3,5], logL: -10.341469, Exp of LogL: 0.000032, Normalized LogL: -1.477353, Exp of Normalized LogL: 0.228241, Best Rate: 0.3
Fault: [0,1,2,5,1,5], logL: -10.341469, Exp of LogL: 0.000032, Normalized LogL: -1.477353, Exp of Normalized LogL: 0.228241, Best Rate: 0.3
Fault: [0,1,2,5,5,5], logL: -10.341469, Exp of LogL: 0.000032, Normalized LogL: -1.477353, Exp of Normalized LogL: 0.228241, Best Rate: 0.3
Fault: [0,1,2,5,0,5], logL: -10.341469, Exp of LogL: 0.000032, Normalized LogL: -1.477353, Exp of Normalized LogL: 0.228241, Best Rate: 0.3
Fault: [0,1,2,3,4,5], logL: -60.114305, Exp of LogL: 0.000000, Normalized LogL: -8.587758, Exp of Normalized LogL: 0.000186, Best Rate: 0.3
Fault: [0,1,2,0,4,5], logL: -60.338196, Exp of LogL: 0.000000, Normalized LogL: -8.619742, Exp of Normalized LogL: 0.000181, Best Rate: 0.3
Fault: [0,1,2,2,4,5], logL: -60.772953, Exp of LogL: 0.000000, Normalized LogL: -8.681850, Exp of Normalized LogL: 0.000170, Best Rate: 0.3
Fault: [0,1,2,1,4,5], logL: -61.147939, Exp of LogL: 0.000000, Normalized LogL: -8.735420, Exp of Normalized LogL: 0.000161, Best Rate: 0.3

========= ADAPTIVE MC DEBUG =========
Total calls: 70
Avg tries: 1573.57
Confidence stops: 70
Max stops: 0
Max stop rate: 0.000
Real Fault Rank 1
===== SEED 53 | FR=0.3 | VR=60 =====
executing with fault mode: [0,1,2,5,4,5]

executing with fault mode: [0,1,2,5,4,5]

Fault scores (higher is better):
Fault: [0,1,2,5,4,5], logL: -10.450541, Exp of LogL: 0.000029, Normalized LogL: -1.045054, Exp of Normalized LogL: 0.351673, Best Rate: 0.3
Fault: [0,1,2,4,4,5], logL: -10.450541, Exp of LogL: 0.000029, Normalized LogL: -1.045054, Exp of Normalized LogL: 0.351673, Best Rate: 0.3
Fault: [0,1,2,5,3,5], logL: -10.809917, Exp of LogL: 0.000020, Normalized LogL: -1.080992, Exp of Normalized LogL: 0.339259, Best Rate: 0.3
Fault: [0,1,2,5,1,5], logL: -10.809917, Exp of LogL: 0.000020, Normalized LogL: -1.080992, Exp of Normalized LogL: 0.339259, Best Rate: 0.3
Fault: [0,1,2,5,5,5], logL: -10.809917, Exp of LogL: 0.000020, Normalized LogL: -1.080992, Exp of Normalized LogL: 0.339259, Best Rate: 0.3
Fault: [0,1,2,5,0,5], logL: -10.809917, Exp of LogL: 0.000020, Normalized LogL: -1.080992, Exp of Normalized LogL: 0.339259, Best Rate: 0.3
Fault: [0,1,2,3,4,5], logL: -62.126038, Exp of LogL: 0.000000, Normalized LogL: -6.212604, Exp of Normalized LogL: 0.002004, Best Rate: 0.3
Fault: [0,1,2,1,4,5], logL: -62.343138, Exp of LogL: 0.000000, Normalized LogL: -6.234314, Exp of Normalized LogL: 0.001961, Best Rate: 0.3
Fault: [0,1,2,2,4,5], logL: -62.870048, Exp of LogL: 0.000000, Normalized LogL: -6.287005, Exp of Normalized LogL: 0.001860, Best Rate: 0.3
Fault: [0,1,2,0,4,5], logL: -62.949205, Exp of LogL: 0.000000, Normalized LogL: -6.294921, Exp of Normalized LogL: 0.001846, Best Rate: 0.3

========= ADAPTIVE MC DEBUG =========
Total calls: 100
Avg tries: 1929.00
Confidence stops: 100
Max stops: 0
Max stop rate: 0.000
Real Fault Rank 1
===== SEED 53 | FR=0.3 | VR=80 =====
executing with fault mode: [0,1,2,5,4,5]

executing with fault mode: [0,1,2,5,4,5]

Fault scores (higher is better):
Fault: [0,1,2,5,4,5], logL: -11.652024, Exp of LogL: 0.000009, Normalized LogL: -0.896310, Exp of Normalized LogL: 0.408073, Best Rate: 0.3
Fault: [0,1,2,4,4,5], logL: -11.652024, Exp of LogL: 0.000009, Normalized LogL: -0.896310, Exp of Normalized LogL: 0.408073, Best Rate: 0.3
Fault: [0,1,2,5,3,5], logL: -12.001755, Exp of LogL: 0.000006, Normalized LogL: -0.923212, Exp of Normalized LogL: 0.397241, Best Rate: 0.3
Fault: [0,1,2,5,1,5], logL: -12.001755, Exp of LogL: 0.000006, Normalized LogL: -0.923212, Exp of Normalized LogL: 0.397241, Best Rate: 0.3
Fault: [0,1,2,5,5,5], logL: -12.001755, Exp of LogL: 0.000006, Normalized LogL: -0.923212, Exp of Normalized LogL: 0.397241, Best Rate: 0.3
Fault: [0,1,2,5,0,5], logL: -12.001755, Exp of LogL: 0.000006, Normalized LogL: -0.923212, Exp of Normalized LogL: 0.397241, Best Rate: 0.3
Fault: [0,1,2,3,4,5], logL: -62.878603, Exp of LogL: 0.000000, Normalized LogL: -4.836816, Exp of Normalized LogL: 0.007932, Best Rate: 0.3
Fault: [0,1,2,1,4,5], logL: -63.239307, Exp of LogL: 0.000000, Normalized LogL: -4.864562, Exp of Normalized LogL: 0.007715, Best Rate: 0.3
Fault: [0,1,2,0,4,5], logL: -63.403467, Exp of LogL: 0.000000, Normalized LogL: -4.877190, Exp of Normalized LogL: 0.007618, Best Rate: 0.3
Fault: [0,1,2,2,4,5], logL: -63.991118, Exp of LogL: 0.000000, Normalized LogL: -4.922394, Exp of Normalized LogL: 0.007282, Best Rate: 0.3

========= ADAPTIVE MC DEBUG =========
Total calls: 130
Avg tries: 1795.77
Confidence stops: 130
Max stops: 0
Max stop rate: 0.000
Real Fault Rank 1
===== SEED 53 | FR=0.3 | VR=100 =====
executing with fault mode: [0,1,2,5,4,5]

executing with fault mode: [0,1,2,5,4,5]

Fault scores (higher is better):
Fault: [0,1,2,5,4,5], logL: -13.583463, Exp of LogL: 0.000001, Normalized LogL: -0.799027, Exp of Normalized LogL: 0.449766, Best Rate: 0.3
Fault: [0,1,2,4,4,5], logL: -13.583463, Exp of LogL: 0.000001, Normalized LogL: -0.799027, Exp of Normalized LogL: 0.449766, Best Rate: 0.3
Fault: [0,1,2,5,3,5], logL: -13.933193, Exp of LogL: 0.000001, Normalized LogL: -0.819600, Exp of Normalized LogL: 0.440608, Best Rate: 0.3
Fault: [0,1,2,5,1,5], logL: -13.933193, Exp of LogL: 0.000001, Normalized LogL: -0.819600, Exp of Normalized LogL: 0.440608, Best Rate: 0.3
Fault: [0,1,2,5,5,5], logL: -13.933193, Exp of LogL: 0.000001, Normalized LogL: -0.819600, Exp of Normalized LogL: 0.440608, Best Rate: 0.3
Fault: [0,1,2,5,0,5], logL: -13.933193, Exp of LogL: 0.000001, Normalized LogL: -0.819600, Exp of Normalized LogL: 0.440608, Best Rate: 0.3
Fault: [0,1,2,3,4,5], logL: -64.959177, Exp of LogL: 0.000000, Normalized LogL: -3.821128, Exp of Normalized LogL: 0.021903, Best Rate: 0.3
Fault: [0,1,2,1,4,5], logL: -65.158405, Exp of LogL: 0.000000, Normalized LogL: -3.832847, Exp of Normalized LogL: 0.021648, Best Rate: 0.3
Fault: [0,1,2,0,4,5], logL: -66.205186, Exp of LogL: 0.000000, Normalized LogL: -3.894423, Exp of Normalized LogL: 0.020355, Best Rate: 0.3
Fault: [0,1,2,2,4,5], logL: -66.207430, Exp of LogL: 0.000000, Normalized LogL: -3.894555, Exp of Normalized LogL: 0.020352, Best Rate: 0.3

========= ADAPTIVE MC DEBUG =========
Total calls: 170
Avg tries: 1798.24
Confidence stops: 170
Max stops: 0
Max stop rate: 0.000
Real Fault Rank 1
================= 22/08/2026 07:32:04: SEED 53 END =================
================= 22/08/2026 07:32:04: SEED 54 (52/100), a*=0 fault=[2,1,2,3,4,5] START =================
===== SEED 54 | FR=0.3 | VR=20 =====
executing with fault mode: [2,1,2,3,4,5]

Fault scores (higher is better):
Fault: [2,1,2,1,4,5], logL: -8.823738, Exp of LogL: 0.000147, Normalized LogL: -1.470623, Exp of Normalized LogL: 0.229782, Best Rate: 0.3
Fault: [2,1,2,0,4,5], logL: -9.364683, Exp of LogL: 0.000086, Normalized LogL: -1.560781, Exp of Normalized LogL: 0.209972, Best Rate: 0.3
Fault: [2,1,2,2,4,5], logL: -9.364683, Exp of LogL: 0.000086, Normalized LogL: -1.560781, Exp of Normalized LogL: 0.209972, Best Rate: 0.3
Fault: [2,1,2,5,4,5], logL: -9.364683, Exp of LogL: 0.000086, Normalized LogL: -1.560781, Exp of Normalized LogL: 0.209972, Best Rate: 0.3
Fault: [2,1,2,3,4,5], logL: -10.993618, Exp of LogL: 0.000017, Normalized LogL: -1.832270, Exp of Normalized LogL: 0.160050, Best Rate: 0.3
Fault: [4,1,2,3,4,5], logL: -12.074033, Exp of LogL: 0.000006, Normalized LogL: -2.012339, Exp of Normalized LogL: 0.133676, Best Rate: 0.3
Fault: [5,1,2,3,4,5], logL: -12.074033, Exp of LogL: 0.000006, Normalized LogL: -2.012339, Exp of Normalized LogL: 0.133676, Best Rate: 0.3
Fault: [0,1,2,3,4,5], logL: -15.258550, Exp of LogL: 0.000000, Normalized LogL: -2.543092, Exp of Normalized LogL: 0.078623, Best Rate: 0.3
Fault: [1,1,2,3,4,5], logL: -37.953692, Exp of LogL: 0.000000, Normalized LogL: -6.325615, Exp of Normalized LogL: 0.001790, Best Rate: 0.3
Fault: [3,1,2,3,4,5], logL: -38.926744, Exp of LogL: 0.000000, Normalized LogL: -6.487791, Exp of Normalized LogL: 0.001522, Best Rate: 0.3

========= ADAPTIVE MC DEBUG =========
Total calls: 60
Avg tries: 1428.33
Confidence stops: 60
Max stops: 0
Max stop rate: 0.000
Real Fault Rank 5
===== SEED 54 | FR=0.3 | VR=40 =====
executing with fault mode: [2,1,2,3,4,5]

Fault scores (higher is better):
Fault: [2,1,2,1,4,5], logL: -13.109144, Exp of LogL: 0.000002, Normalized LogL: -1.191740, Exp of Normalized LogL: 0.303692, Best Rate: 0.3
Fault: [2,1,2,3,4,5], logL: -13.997275, Exp of LogL: 0.000001, Normalized LogL: -1.272480, Exp of Normalized LogL: 0.280136, Best Rate: 0.3
Fault: [2,1,2,0,4,5], logL: -14.107483, Exp of LogL: 0.000001, Normalized LogL: -1.282498, Exp of Normalized LogL: 0.277344, Best Rate: 0.3
Fault: [2,1,2,2,4,5], logL: -14.107483, Exp of LogL: 0.000001, Normalized LogL: -1.282498, Exp of Normalized LogL: 0.277344, Best Rate: 0.3
Fault: [2,1,2,5,4,5], logL: -14.107483, Exp of LogL: 0.000001, Normalized LogL: -1.282498, Exp of Normalized LogL: 0.277344, Best Rate: 0.3
Fault: [4,1,2,3,4,5], logL: -14.989626, Exp of LogL: 0.000000, Normalized LogL: -1.362693, Exp of Normalized LogL: 0.255970, Best Rate: 0.3
Fault: [5,1,2,3,4,5], logL: -14.989626, Exp of LogL: 0.000000, Normalized LogL: -1.362693, Exp of Normalized LogL: 0.255970, Best Rate: 0.3
Fault: [0,1,2,3,4,5], logL: -20.646310, Exp of LogL: 0.000000, Normalized LogL: -1.876937, Exp of Normalized LogL: 0.153058, Best Rate: 0.3
Fault: [1,1,2,3,4,5], logL: -44.612134, Exp of LogL: 0.000000, Normalized LogL: -4.055649, Exp of Normalized LogL: 0.017324, Best Rate: 0.3
Fault: [3,1,2,3,4,5], logL: -46.410661, Exp of LogL: 0.000000, Normalized LogL: -4.219151, Exp of Normalized LogL: 0.014711, Best Rate: 0.3

========= ADAPTIVE MC DEBUG =========
Total calls: 110
Avg tries: 1679.55
Confidence stops: 110
Max stops: 0
Max stop rate: 0.000
Real Fault Rank 2
===== SEED 54 | FR=0.3 | VR=60 =====
executing with fault mode: [2,1,2,3,4,5]

Fault scores (higher is better):
Fault: [2,1,2,1,4,5], logL: -18.920933, Exp of LogL: 0.000000, Normalized LogL: -1.182558, Exp of Normalized LogL: 0.306494, Best Rate: 0.3
Fault: [2,1,2,0,4,5], logL: -18.972050, Exp of LogL: 0.000000, Normalized LogL: -1.185753, Exp of Normalized LogL: 0.305516, Best Rate: 0.3
Fault: [2,1,2,2,4,5], logL: -18.972050, Exp of LogL: 0.000000, Normalized LogL: -1.185753, Exp of Normalized LogL: 0.305516, Best Rate: 0.3
Fault: [2,1,2,5,4,5], logL: -18.972050, Exp of LogL: 0.000000, Normalized LogL: -1.185753, Exp of Normalized LogL: 0.305516, Best Rate: 0.3
Fault: [2,1,2,3,4,5], logL: -19.478168, Exp of LogL: 0.000000, Normalized LogL: -1.217386, Exp of Normalized LogL: 0.296003, Best Rate: 0.3
Fault: [4,1,2,3,4,5], logL: -20.823506, Exp of LogL: 0.000000, Normalized LogL: -1.301469, Exp of Normalized LogL: 0.272132, Best Rate: 0.3
Fault: [5,1,2,3,4,5], logL: -20.823506, Exp of LogL: 0.000000, Normalized LogL: -1.301469, Exp of Normalized LogL: 0.272132, Best Rate: 0.3
Fault: [0,1,2,3,4,5], logL: -26.164607, Exp of LogL: 0.000000, Normalized LogL: -1.635288, Exp of Normalized LogL: 0.194896, Best Rate: 0.3
Fault: [1,1,2,3,4,5], logL: -27.100011, Exp of LogL: 0.000000, Normalized LogL: -1.693751, Exp of Normalized LogL: 0.183829, Best Rate: 0.3
Fault: [3,1,2,3,4,5], logL: -29.966413, Exp of LogL: 0.000000, Normalized LogL: -1.872901, Exp of Normalized LogL: 0.153677, Best Rate: 0.3

========= ADAPTIVE MC DEBUG =========
Total calls: 160
Avg tries: 1768.12
Confidence stops: 160
Max stops: 0
Max stop rate: 0.000
Real Fault Rank 5
===== SEED 54 | FR=0.3 | VR=80 =====
executing with fault mode: [2,1,2,3,4,5]

Fault scores (higher is better):
Fault: [2,1,2,1,4,5], logL: -20.121449, Exp of LogL: 0.000000, Normalized LogL: -0.958164, Exp of Normalized LogL: 0.383596, Best Rate: 0.3
Fault: [2,1,2,0,4,5], logL: -20.186319, Exp of LogL: 0.000000, Normalized LogL: -0.961253, Exp of Normalized LogL: 0.382413, Best Rate: 0.3
Fault: [2,1,2,2,4,5], logL: -20.186319, Exp of LogL: 0.000000, Normalized LogL: -0.961253, Exp of Normalized LogL: 0.382413, Best Rate: 0.3
Fault: [2,1,2,5,4,5], logL: -20.186319, Exp of LogL: 0.000000, Normalized LogL: -0.961253, Exp of Normalized LogL: 0.382413, Best Rate: 0.3
Fault: [2,1,2,3,4,5], logL: -20.655739, Exp of LogL: 0.000000, Normalized LogL: -0.983607, Exp of Normalized LogL: 0.373960, Best Rate: 0.3
Fault: [4,1,2,3,4,5], logL: -21.988446, Exp of LogL: 0.000000, Normalized LogL: -1.047069, Exp of Normalized LogL: 0.350965, Best Rate: 0.3
Fault: [5,1,2,3,4,5], logL: -21.988446, Exp of LogL: 0.000000, Normalized LogL: -1.047069, Exp of Normalized LogL: 0.350965, Best Rate: 0.3
Fault: [0,1,2,3,4,5], logL: -27.467390, Exp of LogL: 0.000000, Normalized LogL: -1.307971, Exp of Normalized LogL: 0.270368, Best Rate: 0.3
Fault: [1,1,2,3,4,5], logL: -28.370389, Exp of LogL: 0.000000, Normalized LogL: -1.350971, Exp of Normalized LogL: 0.258989, Best Rate: 0.3
Fault: [3,1,2,3,4,5], logL: -31.434846, Exp of LogL: 0.000000, Normalized LogL: -1.496897, Exp of Normalized LogL: 0.223824, Best Rate: 0.3

========= ADAPTIVE MC DEBUG =========
Total calls: 210
Avg tries: 1754.29
Confidence stops: 210
Max stops: 0
Max stop rate: 0.000
Real Fault Rank 5
===== SEED 54 | FR=0.3 | VR=100 =====
executing with fault mode: [2,1,2,3,4,5]

Fault scores (higher is better):
Fault: [2,1,2,0,4,5], logL: -21.856633, Exp of LogL: 0.000000, Normalized LogL: -0.840640, Exp of Normalized LogL: 0.431434, Best Rate: 0.3
Fault: [2,1,2,2,4,5], logL: -21.856633, Exp of LogL: 0.000000, Normalized LogL: -0.840640, Exp of Normalized LogL: 0.431434, Best Rate: 0.3
Fault: [2,1,2,5,4,5], logL: -21.856633, Exp of LogL: 0.000000, Normalized LogL: -0.840640, Exp of Normalized LogL: 0.431434, Best Rate: 0.3
Fault: [2,1,2,1,4,5], logL: -21.868094, Exp of LogL: 0.000000, Normalized LogL: -0.841081, Exp of Normalized LogL: 0.431244, Best Rate: 0.3
Fault: [2,1,2,3,4,5], logL: -22.178732, Exp of LogL: 0.000000, Normalized LogL: -0.853028, Exp of Normalized LogL: 0.426123, Best Rate: 0.3
Fault: [4,1,2,3,4,5], logL: -23.236862, Exp of LogL: 0.000000, Normalized LogL: -0.893725, Exp of Normalized LogL: 0.409129, Best Rate: 0.3
Fault: [5,1,2,3,4,5], logL: -23.236862, Exp of LogL: 0.000000, Normalized LogL: -0.893725, Exp of Normalized LogL: 0.409129, Best Rate: 0.3
Fault: [0,1,2,3,4,5], logL: -30.634676, Exp of LogL: 0.000000, Normalized LogL: -1.178257, Exp of Normalized LogL: 0.307815, Best Rate: 0.3
Fault: [1,1,2,3,4,5], logL: -31.829801, Exp of LogL: 0.000000, Normalized LogL: -1.224223, Exp of Normalized LogL: 0.293986, Best Rate: 0.3
Fault: [3,1,2,3,4,5], logL: -35.221915, Exp of LogL: 0.000000, Normalized LogL: -1.354689, Exp of Normalized LogL: 0.258028, Best Rate: 0.3

========= ADAPTIVE MC DEBUG =========
Total calls: 260
Avg tries: 1878.46
Confidence stops: 260
Max stops: 0
Max stop rate: 0.000
Real Fault Rank 5
================= 22/08/2026 07:35:56: SEED 54 END =================
================= 22/08/2026 07:35:56: SEED 55 (53/100), a*=3 fault=[0,1,2,0,4,5] START =================
===== SEED 55 | FR=0.3 | VR=20 =====
executing with fault mode: [0,1,2,0,4,5]

Fault scores (higher is better):
Fault: [0,1,2,0,4,5], logL: -13.736371, Exp of LogL: 0.000001, Normalized LogL: -1.717046, Exp of Normalized LogL: 0.179596, Best Rate: 0.3
Fault: [0,1,2,0,0,5], logL: -14.094627, Exp of LogL: 0.000001, Normalized LogL: -1.761828, Exp of Normalized LogL: 0.171731, Best Rate: 0.3
Fault: [0,1,2,0,2,5], logL: -14.094627, Exp of LogL: 0.000001, Normalized LogL: -1.761828, Exp of Normalized LogL: 0.171731, Best Rate: 0.3
Fault: [0,1,2,0,5,5], logL: -14.094627, Exp of LogL: 0.000001, Normalized LogL: -1.761828, Exp of Normalized LogL: 0.171731, Best Rate: 0.3
Fault: [0,1,2,0,1,5], logL: -14.094627, Exp of LogL: 0.000001, Normalized LogL: -1.761828, Exp of Normalized LogL: 0.171731, Best Rate: 0.3
Fault: [0,1,2,1,4,5], logL: -15.376137, Exp of LogL: 0.000000, Normalized LogL: -1.922017, Exp of Normalized LogL: 0.146312, Best Rate: 0.3
Fault: [0,1,2,3,4,5], logL: -15.610434, Exp of LogL: 0.000000, Normalized LogL: -1.951304, Exp of Normalized LogL: 0.142089, Best Rate: 0.3
Fault: [0,1,2,2,4,5], logL: -15.774970, Exp of LogL: 0.000000, Normalized LogL: -1.971871, Exp of Normalized LogL: 0.139196, Best Rate: 0.3
Fault: [0,1,2,5,4,5], logL: -16.512600, Exp of LogL: 0.000000, Normalized LogL: -2.064075, Exp of Normalized LogL: 0.126936, Best Rate: 0.3
Fault: [0,1,2,4,4,5], logL: -16.512600, Exp of LogL: 0.000000, Normalized LogL: -2.064075, Exp of Normalized LogL: 0.126936, Best Rate: 0.3

========= ADAPTIVE MC DEBUG =========
Total calls: 80
Avg tries: 1478.75
Confidence stops: 80
Max stops: 0
Max stop rate: 0.000
Real Fault Rank 1
===== SEED 55 | FR=0.3 | VR=40 =====
executing with fault mode: [0,1,2,0,4,5]

Fault scores (higher is better):
Fault: [0,1,2,2,4,5], logL: -21.053115, Exp of LogL: 0.000000, Normalized LogL: -1.403541, Exp of Normalized LogL: 0.245725, Best Rate: 0.3
Fault: [0,1,2,0,4,5], logL: -42.425935, Exp of LogL: 0.000000, Normalized LogL: -2.828396, Exp of Normalized LogL: 0.059108, Best Rate: 0.3
Fault: [0,1,2,0,0,5], logL: -42.784192, Exp of LogL: 0.000000, Normalized LogL: -2.852279, Exp of Normalized LogL: 0.057713, Best Rate: 0.3
Fault: [0,1,2,0,2,5], logL: -42.784192, Exp of LogL: 0.000000, Normalized LogL: -2.852279, Exp of Normalized LogL: 0.057713, Best Rate: 0.3
Fault: [0,1,2,0,5,5], logL: -42.784192, Exp of LogL: 0.000000, Normalized LogL: -2.852279, Exp of Normalized LogL: 0.057713, Best Rate: 0.3
Fault: [0,1,2,0,1,5], logL: -42.784192, Exp of LogL: 0.000000, Normalized LogL: -2.852279, Exp of Normalized LogL: 0.057713, Best Rate: 0.3
Fault: [0,1,2,3,4,5], logL: -43.375670, Exp of LogL: 0.000000, Normalized LogL: -2.891711, Exp of Normalized LogL: 0.055481, Best Rate: 0.3
Fault: [0,1,2,1,4,5], logL: -44.192462, Exp of LogL: 0.000000, Normalized LogL: -2.946164, Exp of Normalized LogL: 0.052541, Best Rate: 0.3
Fault: [0,1,2,5,4,5], logL: -44.201967, Exp of LogL: 0.000000, Normalized LogL: -2.946798, Exp of Normalized LogL: 0.052508, Best Rate: 0.3
Fault: [0,1,2,4,4,5], logL: -44.201967, Exp of LogL: 0.000000, Normalized LogL: -2.946798, Exp of Normalized LogL: 0.052508, Best Rate: 0.3

========= ADAPTIVE MC DEBUG =========
Total calls: 150
Avg tries: 1747.33
Confidence stops: 150
Max stops: 0
Max stop rate: 0.000
Real Fault Rank 2
===== SEED 55 | FR=0.3 | VR=60 =====
executing with fault mode: [0,1,2,0,4,5]

Fault scores (higher is better):
Fault: [0,1,2,0,4,5], logL: -22.866061, Exp of LogL: 0.000000, Normalized LogL: -1.039366, Exp of Normalized LogL: 0.353679, Best Rate: 0.3
Fault: [0,1,2,0,0,5], logL: -23.224317, Exp of LogL: 0.000000, Normalized LogL: -1.055651, Exp of Normalized LogL: 0.347966, Best Rate: 0.3
Fault: [0,1,2,0,2,5], logL: -23.224317, Exp of LogL: 0.000000, Normalized LogL: -1.055651, Exp of Normalized LogL: 0.347966, Best Rate: 0.3
Fault: [0,1,2,0,5,5], logL: -23.224317, Exp of LogL: 0.000000, Normalized LogL: -1.055651, Exp of Normalized LogL: 0.347966, Best Rate: 0.3
Fault: [0,1,2,0,1,5], logL: -23.224317, Exp of LogL: 0.000000, Normalized LogL: -1.055651, Exp of Normalized LogL: 0.347966, Best Rate: 0.3
Fault: [0,1,2,2,4,5], logL: -47.123312, Exp of LogL: 0.000000, Normalized LogL: -2.141969, Exp of Normalized LogL: 0.117423, Best Rate: 0.3
Fault: [0,1,2,5,4,5], logL: -47.939460, Exp of LogL: 0.000000, Normalized LogL: -2.179066, Exp of Normalized LogL: 0.113147, Best Rate: 0.3
Fault: [0,1,2,4,4,5], logL: -47.939460, Exp of LogL: 0.000000, Normalized LogL: -2.179066, Exp of Normalized LogL: 0.113147, Best Rate: 0.3
Fault: [0,1,2,3,4,5], logL: -49.507136, Exp of LogL: 0.000000, Normalized LogL: -2.250324, Exp of Normalized LogL: 0.105365, Best Rate: 0.3
Fault: [0,1,2,1,4,5], logL: -50.309596, Exp of LogL: 0.000000, Normalized LogL: -2.286800, Exp of Normalized LogL: 0.101591, Best Rate: 0.3

========= ADAPTIVE MC DEBUG =========
Total calls: 220
Avg tries: 1854.09
Confidence stops: 220
Max stops: 0
Max stop rate: 0.000
Real Fault Rank 1
===== SEED 55 | FR=0.3 | VR=80 =====
executing with fault mode: [0,1,2,0,4,5]

Fault scores (higher is better):
Fault: [0,1,2,0,4,5], logL: -25.075821, Exp of LogL: 0.000000, Normalized LogL: -0.864683, Exp of Normalized LogL: 0.421185, Best Rate: 0.3
Fault: [0,1,2,0,0,5], logL: -25.434277, Exp of LogL: 0.000000, Normalized LogL: -0.877044, Exp of Normalized LogL: 0.416011, Best Rate: 0.3
Fault: [0,1,2,0,2,5], logL: -25.434277, Exp of LogL: 0.000000, Normalized LogL: -0.877044, Exp of Normalized LogL: 0.416011, Best Rate: 0.3
Fault: [0,1,2,0,5,5], logL: -25.434277, Exp of LogL: 0.000000, Normalized LogL: -0.877044, Exp of Normalized LogL: 0.416011, Best Rate: 0.3
Fault: [0,1,2,0,1,5], logL: -25.434277, Exp of LogL: 0.000000, Normalized LogL: -0.877044, Exp of Normalized LogL: 0.416011, Best Rate: 0.3
Fault: [0,1,2,2,4,5], logL: -26.493004, Exp of LogL: 0.000000, Normalized LogL: -0.913552, Exp of Normalized LogL: 0.401097, Best Rate: 0.3
Fault: [0,1,2,5,4,5], logL: -29.324055, Exp of LogL: 0.000000, Normalized LogL: -1.011174, Exp of Normalized LogL: 0.363792, Best Rate: 0.3
Fault: [0,1,2,4,4,5], logL: -29.324055, Exp of LogL: 0.000000, Normalized LogL: -1.011174, Exp of Normalized LogL: 0.363792, Best Rate: 0.3
Fault: [0,1,2,3,4,5], logL: -34.703046, Exp of LogL: 0.000000, Normalized LogL: -1.196657, Exp of Normalized LogL: 0.302203, Best Rate: 0.3
Fault: [0,1,2,1,4,5], logL: -35.217944, Exp of LogL: 0.000000, Normalized LogL: -1.214412, Exp of Normalized LogL: 0.296885, Best Rate: 0.3

========= ADAPTIVE MC DEBUG =========
Total calls: 290
Avg tries: 1933.28
Confidence stops: 290
Max stops: 0
Max stop rate: 0.000
Real Fault Rank 1
===== SEED 55 | FR=0.3 | VR=100 =====
executing with fault mode: [0,1,2,0,4,5]

Fault scores (higher is better):
Fault: [0,1,2,0,4,5], logL: -26.796313, Exp of LogL: 0.000000, Normalized LogL: -0.724225, Exp of Normalized LogL: 0.484700, Best Rate: 0.3
Fault: [0,1,2,0,0,5], logL: -27.181276, Exp of LogL: 0.000000, Normalized LogL: -0.734629, Exp of Normalized LogL: 0.479683, Best Rate: 0.3
Fault: [0,1,2,0,2,5], logL: -27.181276, Exp of LogL: 0.000000, Normalized LogL: -0.734629, Exp of Normalized LogL: 0.479683, Best Rate: 0.3
Fault: [0,1,2,0,5,5], logL: -27.181276, Exp of LogL: 0.000000, Normalized LogL: -0.734629, Exp of Normalized LogL: 0.479683, Best Rate: 0.3
Fault: [0,1,2,0,1,5], logL: -27.181276, Exp of LogL: 0.000000, Normalized LogL: -0.734629, Exp of Normalized LogL: 0.479683, Best Rate: 0.3
Fault: [0,1,2,2,4,5], logL: -28.947988, Exp of LogL: 0.000000, Normalized LogL: -0.782378, Exp of Normalized LogL: 0.457317, Best Rate: 0.3
Fault: [0,1,2,5,4,5], logL: -30.158084, Exp of LogL: 0.000000, Normalized LogL: -0.815083, Exp of Normalized LogL: 0.442602, Best Rate: 0.3
Fault: [0,1,2,4,4,5], logL: -30.158084, Exp of LogL: 0.000000, Normalized LogL: -0.815083, Exp of Normalized LogL: 0.442602, Best Rate: 0.3
Fault: [0,1,2,3,4,5], logL: -36.555831, Exp of LogL: 0.000000, Normalized LogL: -0.987995, Exp of Normalized LogL: 0.372322, Best Rate: 0.3
Fault: [0,1,2,1,4,5], logL: -37.723274, Exp of LogL: 0.000000, Normalized LogL: -1.019548, Exp of Normalized LogL: 0.360758, Best Rate: 0.3

========= ADAPTIVE MC DEBUG =========
Total calls: 370
Avg tries: 1961.35
Confidence stops: 370
Max stops: 0
Max stop rate: 0.000
Real Fault Rank 1
================= 22/08/2026 07:41:41: SEED 55 END =================
================= 22/08/2026 07:41:41: SEED 56 (54/100), a*=2 fault=[0,1,0,3,4,5] START =================
===== SEED 56 | FR=0.3 | VR=20 =====
executing with fault mode: [0,1,0,3,4,5]

Fault scores (higher is better):
Fault: [0,1,3,3,4,5], logL: -8.158515, Exp of LogL: 0.000286, Normalized LogL: -2.039629, Exp of Normalized LogL: 0.130077, Best Rate: 0.3
Fault: [0,1,0,3,4,5], logL: -9.501850, Exp of LogL: 0.000075, Normalized LogL: -2.375463, Exp of Normalized LogL: 0.092971, Best Rate: 0.3
Fault: [0,1,1,3,4,5], logL: -9.876543, Exp of LogL: 0.000051, Normalized LogL: -2.469136, Exp of Normalized LogL: 0.084658, Best Rate: 0.3
Fault: [0,1,0,3,0,5], logL: -10.194997, Exp of LogL: 0.000037, Normalized LogL: -2.548749, Exp of Normalized LogL: 0.078179, Best Rate: 0.3
Fault: [0,1,0,3,5,5], logL: -10.194997, Exp of LogL: 0.000037, Normalized LogL: -2.548749, Exp of Normalized LogL: 0.078179, Best Rate: 0.3
Fault: [0,1,0,3,3,5], logL: -10.194997, Exp of LogL: 0.000037, Normalized LogL: -2.548749, Exp of Normalized LogL: 0.078179, Best Rate: 0.3
Fault: [0,1,0,3,2,5], logL: -10.194997, Exp of LogL: 0.000037, Normalized LogL: -2.548749, Exp of Normalized LogL: 0.078179, Best Rate: 0.3
Fault: [0,1,2,3,4,5], logL: -33.595542, Exp of LogL: 0.000000, Normalized LogL: -8.398885, Exp of Normalized LogL: 0.000225, Best Rate: 0.3
Fault: [0,1,5,3,4,5], logL: -33.883224, Exp of LogL: 0.000000, Normalized LogL: -8.470806, Exp of Normalized LogL: 0.000209, Best Rate: 0.3
Fault: [0,1,4,3,4,5], logL: -33.883224, Exp of LogL: 0.000000, Normalized LogL: -8.470806, Exp of Normalized LogL: 0.000209, Best Rate: 0.3

========= ADAPTIVE MC DEBUG =========
Total calls: 40
Avg tries: 1057.50
Confidence stops: 40
Max stops: 0
Max stop rate: 0.000
Real Fault Rank 2
===== SEED 56 | FR=0.3 | VR=40 =====
executing with fault mode: [0,1,0,3,4,5]

Fault scores (higher is better):
Fault: [0,1,3,3,4,5], logL: -9.504573, Exp of LogL: 0.000075, Normalized LogL: -1.357796, Exp of Normalized LogL: 0.257227, Best Rate: 0.3
Fault: [0,1,0,3,0,5], logL: -10.425501, Exp of LogL: 0.000030, Normalized LogL: -1.489357, Exp of Normalized LogL: 0.225518, Best Rate: 0.3
Fault: [0,1,0,3,5,5], logL: -10.425501, Exp of LogL: 0.000030, Normalized LogL: -1.489357, Exp of Normalized LogL: 0.225518, Best Rate: 0.3
Fault: [0,1,0,3,3,5], logL: -10.425501, Exp of LogL: 0.000030, Normalized LogL: -1.489357, Exp of Normalized LogL: 0.225518, Best Rate: 0.3
Fault: [0,1,0,3,2,5], logL: -10.592555, Exp of LogL: 0.000025, Normalized LogL: -1.513222, Exp of Normalized LogL: 0.220199, Best Rate: 0.3
Fault: [0,1,0,3,4,5], logL: -10.639075, Exp of LogL: 0.000024, Normalized LogL: -1.519868, Exp of Normalized LogL: 0.218741, Best Rate: 0.3
Fault: [0,1,1,3,4,5], logL: -11.029789, Exp of LogL: 0.000016, Normalized LogL: -1.575684, Exp of Normalized LogL: 0.206866, Best Rate: 0.3
Fault: [0,1,2,3,4,5], logL: -34.940846, Exp of LogL: 0.000000, Normalized LogL: -4.991549, Exp of Normalized LogL: 0.006795, Best Rate: 0.3
Fault: [0,1,5,3,4,5], logL: -35.634747, Exp of LogL: 0.000000, Normalized LogL: -5.090678, Exp of Normalized LogL: 0.006154, Best Rate: 0.3
Fault: [0,1,4,3,4,5], logL: -35.634747, Exp of LogL: 0.000000, Normalized LogL: -5.090678, Exp of Normalized LogL: 0.006154, Best Rate: 0.3

========= ADAPTIVE MC DEBUG =========
Total calls: 70
Avg tries: 1582.14
Confidence stops: 70
Max stops: 0
Max stop rate: 0.000
Real Fault Rank 6
===== SEED 56 | FR=0.3 | VR=60 =====
executing with fault mode: [0,1,0,3,4,5]

Fault scores (higher is better):
Fault: [0,1,3,3,4,5], logL: -11.424823, Exp of LogL: 0.000011, Normalized LogL: -1.038620, Exp of Normalized LogL: 0.353943, Best Rate: 0.3
Fault: [0,1,0,3,0,5], logL: -12.495447, Exp of LogL: 0.000004, Normalized LogL: -1.135950, Exp of Normalized LogL: 0.321117, Best Rate: 0.3
Fault: [0,1,0,3,5,5], logL: -12.495447, Exp of LogL: 0.000004, Normalized LogL: -1.135950, Exp of Normalized LogL: 0.321117, Best Rate: 0.3
Fault: [0,1,0,3,3,5], logL: -12.495447, Exp of LogL: 0.000004, Normalized LogL: -1.135950, Exp of Normalized LogL: 0.321117, Best Rate: 0.3
Fault: [0,1,0,3,4,5], logL: -12.605555, Exp of LogL: 0.000003, Normalized LogL: -1.145960, Exp of Normalized LogL: 0.317919, Best Rate: 0.3
Fault: [0,1,0,3,2,5], logL: -12.780780, Exp of LogL: 0.000003, Normalized LogL: -1.161889, Exp of Normalized LogL: 0.312895, Best Rate: 0.3
Fault: [0,1,1,3,4,5], logL: -12.951705, Exp of LogL: 0.000002, Normalized LogL: -1.177428, Exp of Normalized LogL: 0.308070, Best Rate: 0.3
Fault: [0,1,2,3,4,5], logL: -36.861549, Exp of LogL: 0.000000, Normalized LogL: -3.351050, Exp of Normalized LogL: 0.035048, Best Rate: 0.3
Fault: [0,1,5,3,4,5], logL: -37.554996, Exp of LogL: 0.000000, Normalized LogL: -3.414091, Exp of Normalized LogL: 0.032906, Best Rate: 0.3
Fault: [0,1,4,3,4,5], logL: -37.554996, Exp of LogL: 0.000000, Normalized LogL: -3.414091, Exp of Normalized LogL: 0.032906, Best Rate: 0.3

========= ADAPTIVE MC DEBUG =========
Total calls: 110
Avg tries: 1813.18
Confidence stops: 110
Max stops: 0
Max stop rate: 0.000
Real Fault Rank 5
===== SEED 56 | FR=0.3 | VR=80 =====
executing with fault mode: [0,1,0,3,4,5]

Fault scores (higher is better):
Fault: [0,1,3,3,4,5], logL: -12.697731, Exp of LogL: 0.000003, Normalized LogL: -0.906981, Exp of Normalized LogL: 0.403741, Best Rate: 0.3
Fault: [0,1,0,3,4,5], logL: -13.874373, Exp of LogL: 0.000001, Normalized LogL: -0.991027, Exp of Normalized LogL: 0.371195, Best Rate: 0.3
Fault: [0,1,1,3,4,5], logL: -14.232693, Exp of LogL: 0.000001, Normalized LogL: -1.016621, Exp of Normalized LogL: 0.361815, Best Rate: 0.3
Fault: [0,1,0,3,0,5], logL: -14.292597, Exp of LogL: 0.000001, Normalized LogL: -1.020900, Exp of Normalized LogL: 0.360271, Best Rate: 0.3
Fault: [0,1,0,3,5,5], logL: -14.292597, Exp of LogL: 0.000001, Normalized LogL: -1.020900, Exp of Normalized LogL: 0.360271, Best Rate: 0.3
Fault: [0,1,0,3,3,5], logL: -14.292597, Exp of LogL: 0.000001, Normalized LogL: -1.020900, Exp of Normalized LogL: 0.360271, Best Rate: 0.3
Fault: [0,1,0,3,2,5], logL: -14.292597, Exp of LogL: 0.000001, Normalized LogL: -1.020900, Exp of Normalized LogL: 0.360271, Best Rate: 0.3
Fault: [0,1,2,3,4,5], logL: -38.131525, Exp of LogL: 0.000000, Normalized LogL: -2.723680, Exp of Normalized LogL: 0.065633, Best Rate: 0.3
Fault: [0,1,5,3,4,5], logL: -38.827904, Exp of LogL: 0.000000, Normalized LogL: -2.773422, Exp of Normalized LogL: 0.062448, Best Rate: 0.3
Fault: [0,1,4,3,4,5], logL: -38.827904, Exp of LogL: 0.000000, Normalized LogL: -2.773422, Exp of Normalized LogL: 0.062448, Best Rate: 0.3

========= ADAPTIVE MC DEBUG =========
Total calls: 140
Avg tries: 1823.57
Confidence stops: 140
Max stops: 0
Max stop rate: 0.000
Real Fault Rank 2
===== SEED 56 | FR=0.3 | VR=100 =====
executing with fault mode: [0,1,0,3,4,5]

Fault scores (higher is better):
Fault: [0,1,3,3,4,5], logL: -12.660829, Exp of LogL: 0.000003, Normalized LogL: -0.703379, Exp of Normalized LogL: 0.494910, Best Rate: 0.3
Fault: [0,1,0,3,4,5], logL: -13.837471, Exp of LogL: 0.000001, Normalized LogL: -0.768748, Exp of Normalized LogL: 0.463593, Best Rate: 0.3
Fault: [0,1,0,3,0,5], logL: -14.181371, Exp of LogL: 0.000001, Normalized LogL: -0.787854, Exp of Normalized LogL: 0.454820, Best Rate: 0.3
Fault: [0,1,0,3,5,5], logL: -14.181371, Exp of LogL: 0.000001, Normalized LogL: -0.787854, Exp of Normalized LogL: 0.454820, Best Rate: 0.3
Fault: [0,1,0,3,3,5], logL: -14.181371, Exp of LogL: 0.000001, Normalized LogL: -0.787854, Exp of Normalized LogL: 0.454820, Best Rate: 0.3
Fault: [0,1,0,3,2,5], logL: -14.181371, Exp of LogL: 0.000001, Normalized LogL: -0.787854, Exp of Normalized LogL: 0.454820, Best Rate: 0.3
Fault: [0,1,1,3,4,5], logL: -14.195792, Exp of LogL: 0.000001, Normalized LogL: -0.788655, Exp of Normalized LogL: 0.454456, Best Rate: 0.3
Fault: [0,1,2,3,4,5], logL: -38.094624, Exp of LogL: 0.000000, Normalized LogL: -2.116368, Exp of Normalized LogL: 0.120468, Best Rate: 0.3
Fault: [0,1,5,3,4,5], logL: -38.791003, Exp of LogL: 0.000000, Normalized LogL: -2.155056, Exp of Normalized LogL: 0.115897, Best Rate: 0.3
Fault: [0,1,4,3,4,5], logL: -38.791003, Exp of LogL: 0.000000, Normalized LogL: -2.155056, Exp of Normalized LogL: 0.115897, Best Rate: 0.3

========= ADAPTIVE MC DEBUG =========
Total calls: 180
Avg tries: 1806.67
Confidence stops: 180
Max stops: 0
Max stop rate: 0.000
Real Fault Rank 2
================= 22/08/2026 07:44:17: SEED 56 END =================
================= 22/08/2026 07:44:17: SEED 57 (55/100), a*=2 fault=[0,1,5,3,4,5] START =================
===== SEED 57 | FR=0.3 | VR=20 =====
executing with fault mode: [0,1,5,3,4,5]

Fault scores (higher is better):
Fault: [0,1,5,3,0,5], logL: -9.688331, Exp of LogL: 0.000062, Normalized LogL: -2.422083, Exp of Normalized LogL: 0.088737, Best Rate: 0.3
Fault: [0,1,5,3,3,5], logL: -9.901905, Exp of LogL: 0.000050, Normalized LogL: -2.475476, Exp of Normalized LogL: 0.084123, Best Rate: 0.3
Fault: [0,1,5,3,4,5], logL: -9.901905, Exp of LogL: 0.000050, Normalized LogL: -2.475476, Exp of Normalized LogL: 0.084123, Best Rate: 0.3
Fault: [0,1,4,3,4,5], logL: -9.901905, Exp of LogL: 0.000050, Normalized LogL: -2.475476, Exp of Normalized LogL: 0.084123, Best Rate: 0.3
Fault: [0,1,5,3,5,5], logL: -10.019688, Exp of LogL: 0.000045, Normalized LogL: -2.504922, Exp of Normalized LogL: 0.081682, Best Rate: 0.3
Fault: [0,1,5,3,2,5], logL: -10.019688, Exp of LogL: 0.000045, Normalized LogL: -2.504922, Exp of Normalized LogL: 0.081682, Best Rate: 0.3
Fault: [0,1,1,3,4,5], logL: -10.498661, Exp of LogL: 0.000028, Normalized LogL: -2.624665, Exp of Normalized LogL: 0.072464, Best Rate: 0.3
Fault: [0,1,3,3,4,5], logL: -10.625528, Exp of LogL: 0.000024, Normalized LogL: -2.656382, Exp of Normalized LogL: 0.070202, Best Rate: 0.3
Fault: [0,1,2,3,4,5], logL: -11.204041, Exp of LogL: 0.000014, Normalized LogL: -2.801010, Exp of Normalized LogL: 0.060749, Best Rate: 0.3
Fault: [0,1,0,3,4,5], logL: -34.217660, Exp of LogL: 0.000000, Normalized LogL: -8.554415, Exp of Normalized LogL: 0.000193, Best Rate: 0.3

========= ADAPTIVE MC DEBUG =========
Total calls: 40
Avg tries: 813.75
Confidence stops: 40
Max stops: 0
Max stop rate: 0.000
Real Fault Rank 3
===== SEED 57 | FR=0.3 | VR=40 =====
executing with fault mode: [0,1,5,3,4,5]

Fault scores (higher is better):
Fault: [0,1,5,3,4,5], logL: -14.590323, Exp of LogL: 0.000000, Normalized LogL: -1.823790, Exp of Normalized LogL: 0.161413, Best Rate: 0.3
Fault: [0,1,4,3,4,5], logL: -14.590323, Exp of LogL: 0.000000, Normalized LogL: -1.823790, Exp of Normalized LogL: 0.161413, Best Rate: 0.3
Fault: [0,1,5,3,3,5], logL: -15.135800, Exp of LogL: 0.000000, Normalized LogL: -1.891975, Exp of Normalized LogL: 0.150774, Best Rate: 0.3
Fault: [0,1,5,3,0,5], logL: -15.135800, Exp of LogL: 0.000000, Normalized LogL: -1.891975, Exp of Normalized LogL: 0.150774, Best Rate: 0.3
Fault: [0,1,5,3,5,5], logL: -15.135800, Exp of LogL: 0.000000, Normalized LogL: -1.891975, Exp of Normalized LogL: 0.150774, Best Rate: 0.3
Fault: [0,1,5,3,2,5], logL: -15.135800, Exp of LogL: 0.000000, Normalized LogL: -1.891975, Exp of Normalized LogL: 0.150774, Best Rate: 0.3
Fault: [0,1,3,3,4,5], logL: -16.012667, Exp of LogL: 0.000000, Normalized LogL: -2.001583, Exp of Normalized LogL: 0.135121, Best Rate: 0.3
Fault: [0,1,1,3,4,5], logL: -39.135699, Exp of LogL: 0.000000, Normalized LogL: -4.891962, Exp of Normalized LogL: 0.007507, Best Rate: 0.3
Fault: [0,1,2,3,4,5], logL: -39.553962, Exp of LogL: 0.000000, Normalized LogL: -4.944245, Exp of Normalized LogL: 0.007124, Best Rate: 0.3
Fault: [0,1,0,3,4,5], logL: -40.519619, Exp of LogL: 0.000000, Normalized LogL: -5.064952, Exp of Normalized LogL: 0.006314, Best Rate: 0.3

========= ADAPTIVE MC DEBUG =========
Total calls: 80
Avg tries: 1303.75
Confidence stops: 80
Max stops: 0
Max stop rate: 0.000
Real Fault Rank 1
===== SEED 57 | FR=0.3 | VR=60 =====
executing with fault mode: [0,1,5,3,4,5]

Fault scores (higher is better):
Fault: [0,1,5,3,4,5], logL: -16.890469, Exp of LogL: 0.000000, Normalized LogL: -1.407539, Exp of Normalized LogL: 0.244745, Best Rate: 0.3
Fault: [0,1,4,3,4,5], logL: -16.890469, Exp of LogL: 0.000000, Normalized LogL: -1.407539, Exp of Normalized LogL: 0.244745, Best Rate: 0.3
Fault: [0,1,5,3,3,5], logL: -17.232668, Exp of LogL: 0.000000, Normalized LogL: -1.436056, Exp of Normalized LogL: 0.237864, Best Rate: 0.3
Fault: [0,1,5,3,0,5], logL: -17.232668, Exp of LogL: 0.000000, Normalized LogL: -1.436056, Exp of Normalized LogL: 0.237864, Best Rate: 0.3
Fault: [0,1,5,3,5,5], logL: -17.232668, Exp of LogL: 0.000000, Normalized LogL: -1.436056, Exp of Normalized LogL: 0.237864, Best Rate: 0.3
Fault: [0,1,5,3,2,5], logL: -17.232668, Exp of LogL: 0.000000, Normalized LogL: -1.436056, Exp of Normalized LogL: 0.237864, Best Rate: 0.3
Fault: [0,1,3,3,4,5], logL: -17.376989, Exp of LogL: 0.000000, Normalized LogL: -1.448082, Exp of Normalized LogL: 0.235021, Best Rate: 0.3
Fault: [0,1,0,3,4,5], logL: -20.043123, Exp of LogL: 0.000000, Normalized LogL: -1.670260, Exp of Normalized LogL: 0.188198, Best Rate: 0.3
Fault: [0,1,1,3,4,5], logL: -41.466888, Exp of LogL: 0.000000, Normalized LogL: -3.455574, Exp of Normalized LogL: 0.031569, Best Rate: 0.3
Fault: [0,1,2,3,4,5], logL: -66.375701, Exp of LogL: 0.000000, Normalized LogL: -5.531308, Exp of Normalized LogL: 0.003961, Best Rate: 0.3

========= ADAPTIVE MC DEBUG =========
Total calls: 120
Avg tries: 1535.42
Confidence stops: 120
Max stops: 0
Max stop rate: 0.000
Real Fault Rank 1
===== SEED 57 | FR=0.3 | VR=80 =====
executing with fault mode: [0,1,5,3,4,5]

Fault scores (higher is better):
Fault: [0,1,5,3,4,5], logL: -18.168721, Exp of LogL: 0.000000, Normalized LogL: -1.135545, Exp of Normalized LogL: 0.321247, Best Rate: 0.3
Fault: [0,1,4,3,4,5], logL: -18.168721, Exp of LogL: 0.000000, Normalized LogL: -1.135545, Exp of Normalized LogL: 0.321247, Best Rate: 0.3
Fault: [0,1,5,3,3,5], logL: -18.510921, Exp of LogL: 0.000000, Normalized LogL: -1.156933, Exp of Normalized LogL: 0.314449, Best Rate: 0.3
Fault: [0,1,5,3,0,5], logL: -18.510921, Exp of LogL: 0.000000, Normalized LogL: -1.156933, Exp of Normalized LogL: 0.314449, Best Rate: 0.3
Fault: [0,1,5,3,5,5], logL: -18.510921, Exp of LogL: 0.000000, Normalized LogL: -1.156933, Exp of Normalized LogL: 0.314449, Best Rate: 0.3
Fault: [0,1,5,3,2,5], logL: -18.510921, Exp of LogL: 0.000000, Normalized LogL: -1.156933, Exp of Normalized LogL: 0.314449, Best Rate: 0.3
Fault: [0,1,3,3,4,5], logL: -44.254261, Exp of LogL: 0.000000, Normalized LogL: -2.765891, Exp of Normalized LogL: 0.062920, Best Rate: 0.3
Fault: [0,1,1,3,4,5], logL: -44.944659, Exp of LogL: 0.000000, Normalized LogL: -2.809041, Exp of Normalized LogL: 0.060263, Best Rate: 0.3
Fault: [0,1,0,3,4,5], logL: -45.214925, Exp of LogL: 0.000000, Normalized LogL: -2.825933, Exp of Normalized LogL: 0.059253, Best Rate: 0.3
Fault: [0,1,2,3,4,5], logL: -69.290827, Exp of LogL: 0.000000, Normalized LogL: -4.330677, Exp of Normalized LogL: 0.013159, Best Rate: 0.3

========= ADAPTIVE MC DEBUG =========
Total calls: 160
Avg tries: 1745.62
Confidence stops: 160
Max stops: 0
Max stop rate: 0.000
Real Fault Rank 1
===== SEED 57 | FR=0.3 | VR=100 =====
executing with fault mode: [0,1,5,3,4,5]

Fault scores (higher is better):
Fault: [0,1,5,3,4,5], logL: -19.364450, Exp of LogL: 0.000000, Normalized LogL: -0.968222, Exp of Normalized LogL: 0.379757, Best Rate: 0.3
Fault: [0,1,4,3,4,5], logL: -19.364450, Exp of LogL: 0.000000, Normalized LogL: -0.968222, Exp of Normalized LogL: 0.379757, Best Rate: 0.3
Fault: [0,1,5,3,3,5], logL: -19.706940, Exp of LogL: 0.000000, Normalized LogL: -0.985347, Exp of Normalized LogL: 0.373310, Best Rate: 0.3
Fault: [0,1,5,3,0,5], logL: -19.706940, Exp of LogL: 0.000000, Normalized LogL: -0.985347, Exp of Normalized LogL: 0.373310, Best Rate: 0.3
Fault: [0,1,5,3,5,5], logL: -19.706940, Exp of LogL: 0.000000, Normalized LogL: -0.985347, Exp of Normalized LogL: 0.373310, Best Rate: 0.3
Fault: [0,1,5,3,2,5], logL: -19.706940, Exp of LogL: 0.000000, Normalized LogL: -0.985347, Exp of Normalized LogL: 0.373310, Best Rate: 0.3
Fault: [0,1,3,3,4,5], logL: -45.449989, Exp of LogL: 0.000000, Normalized LogL: -2.272499, Exp of Normalized LogL: 0.103054, Best Rate: 0.3
Fault: [0,1,1,3,4,5], logL: -46.098000, Exp of LogL: 0.000000, Normalized LogL: -2.304900, Exp of Normalized LogL: 0.099769, Best Rate: 0.3
Fault: [0,1,0,3,4,5], logL: -46.363628, Exp of LogL: 0.000000, Normalized LogL: -2.318181, Exp of Normalized LogL: 0.098452, Best Rate: 0.3
Fault: [0,1,2,3,4,5], logL: -70.435443, Exp of LogL: 0.000000, Normalized LogL: -3.521772, Exp of Normalized LogL: 0.029547, Best Rate: 0.3

========= ADAPTIVE MC DEBUG =========
Total calls: 200
Avg tries: 1714.50
Confidence stops: 200
Max stops: 0
Max stop rate: 0.000
Real Fault Rank 1
================= 22/08/2026 07:46:50: SEED 57 END =================
================= 22/08/2026 07:46:50: SEED 58 (56/100), a*=0 fault=[4,1,2,3,4,5] START =================
===== SEED 58 | FR=0.3 | VR=20 =====
executing with fault mode: [4,1,2,3,4,5]

Fault scores (higher is better):
Fault: [0,1,2,3,4,5], logL: -10.958460, Exp of LogL: 0.000017, Normalized LogL: -2.191692, Exp of Normalized LogL: 0.111728, Best Rate: 0.3
Fault: [4,1,2,3,4,5], logL: -11.007535, Exp of LogL: 0.000017, Normalized LogL: -2.201507, Exp of Normalized LogL: 0.110636, Best Rate: 0.3
Fault: [5,1,2,3,4,5], logL: -11.007535, Exp of LogL: 0.000017, Normalized LogL: -2.201507, Exp of Normalized LogL: 0.110636, Best Rate: 0.3
Fault: [3,1,2,3,4,5], logL: -11.082758, Exp of LogL: 0.000015, Normalized LogL: -2.216552, Exp of Normalized LogL: 0.108984, Best Rate: 0.3
Fault: [4,1,2,3,0,5], logL: -11.343041, Exp of LogL: 0.000012, Normalized LogL: -2.268608, Exp of Normalized LogL: 0.103456, Best Rate: 0.3
Fault: [4,1,2,3,3,5], logL: -11.343041, Exp of LogL: 0.000012, Normalized LogL: -2.268608, Exp of Normalized LogL: 0.103456, Best Rate: 0.3
Fault: [4,1,2,3,5,5], logL: -11.343041, Exp of LogL: 0.000012, Normalized LogL: -2.268608, Exp of Normalized LogL: 0.103456, Best Rate: 0.3
Fault: [2,1,2,3,4,5], logL: -11.370440, Exp of LogL: 0.000012, Normalized LogL: -2.274088, Exp of Normalized LogL: 0.102891, Best Rate: 0.3
Fault: [4,1,2,3,1,5], logL: -11.432961, Exp of LogL: 0.000011, Normalized LogL: -2.286592, Exp of Normalized LogL: 0.101612, Best Rate: 0.3
Fault: [1,1,2,3,4,5], logL: -11.513541, Exp of LogL: 0.000010, Normalized LogL: -2.302708, Exp of Normalized LogL: 0.099988, Best Rate: 0.3

========= ADAPTIVE MC DEBUG =========
Total calls: 50
Avg tries: 982.00
Confidence stops: 50
Max stops: 0
Max stop rate: 0.000
Real Fault Rank 2
===== SEED 58 | FR=0.3 | VR=40 =====
executing with fault mode: [4,1,2,3,4,5]

Fault scores (higher is better):
Fault: [4,1,2,3,0,5], logL: -12.173317, Exp of LogL: 0.000005, Normalized LogL: -1.352591, Exp of Normalized LogL: 0.258569, Best Rate: 0.3
Fault: [4,1,2,3,3,5], logL: -12.173317, Exp of LogL: 0.000005, Normalized LogL: -1.352591, Exp of Normalized LogL: 0.258569, Best Rate: 0.3
Fault: [4,1,2,3,5,5], logL: -12.173317, Exp of LogL: 0.000005, Normalized LogL: -1.352591, Exp of Normalized LogL: 0.258569, Best Rate: 0.3
Fault: [4,1,2,3,4,5], logL: -12.194880, Exp of LogL: 0.000005, Normalized LogL: -1.354987, Exp of Normalized LogL: 0.257951, Best Rate: 0.3
Fault: [5,1,2,3,4,5], logL: -12.194880, Exp of LogL: 0.000005, Normalized LogL: -1.354987, Exp of Normalized LogL: 0.257951, Best Rate: 0.3
Fault: [4,1,2,3,1,5], logL: -12.457421, Exp of LogL: 0.000004, Normalized LogL: -1.384158, Exp of Normalized LogL: 0.250535, Best Rate: 0.3
Fault: [0,1,2,3,4,5], logL: -12.533528, Exp of LogL: 0.000004, Normalized LogL: -1.392614, Exp of Normalized LogL: 0.248425, Best Rate: 0.3
Fault: [3,1,2,3,4,5], logL: -12.932479, Exp of LogL: 0.000002, Normalized LogL: -1.436942, Exp of Normalized LogL: 0.237653, Best Rate: 0.3
Fault: [2,1,2,3,4,5], logL: -13.287300, Exp of LogL: 0.000002, Normalized LogL: -1.476367, Exp of Normalized LogL: 0.228466, Best Rate: 0.3
Fault: [1,1,2,3,4,5], logL: -13.643975, Exp of LogL: 0.000001, Normalized LogL: -1.515997, Exp of Normalized LogL: 0.219589, Best Rate: 0.3

========= ADAPTIVE MC DEBUG =========
Total calls: 90
Avg tries: 1371.11
Confidence stops: 90
Max stops: 0
Max stop rate: 0.000
Real Fault Rank 4
===== SEED 58 | FR=0.3 | VR=60 =====
executing with fault mode: [4,1,2,3,4,5]

Fault scores (higher is better):
Fault: [4,1,2,3,0,5], logL: -13.507070, Exp of LogL: 0.000001, Normalized LogL: -1.039005, Exp of Normalized LogL: 0.353806, Best Rate: 0.3
Fault: [4,1,2,3,3,5], logL: -13.507070, Exp of LogL: 0.000001, Normalized LogL: -1.039005, Exp of Normalized LogL: 0.353806, Best Rate: 0.3
Fault: [4,1,2,3,5,5], logL: -13.507070, Exp of LogL: 0.000001, Normalized LogL: -1.039005, Exp of Normalized LogL: 0.353806, Best Rate: 0.3
Fault: [4,1,2,3,4,5], logL: -13.528633, Exp of LogL: 0.000001, Normalized LogL: -1.040664, Exp of Normalized LogL: 0.353220, Best Rate: 0.3
Fault: [5,1,2,3,4,5], logL: -13.528633, Exp of LogL: 0.000001, Normalized LogL: -1.040664, Exp of Normalized LogL: 0.353220, Best Rate: 0.3
Fault: [4,1,2,3,1,5], logL: -13.791174, Exp of LogL: 0.000001, Normalized LogL: -1.060860, Exp of Normalized LogL: 0.346158, Best Rate: 0.3
Fault: [0,1,2,3,4,5], logL: -13.867281, Exp of LogL: 0.000001, Normalized LogL: -1.066714, Exp of Normalized LogL: 0.344138, Best Rate: 0.3
Fault: [3,1,2,3,4,5], logL: -14.266232, Exp of LogL: 0.000001, Normalized LogL: -1.097402, Exp of Normalized LogL: 0.333737, Best Rate: 0.3
Fault: [2,1,2,3,4,5], logL: -14.621053, Exp of LogL: 0.000000, Normalized LogL: -1.124696, Exp of Normalized LogL: 0.324751, Best Rate: 0.3
Fault: [1,1,2,3,4,5], logL: -14.977728, Exp of LogL: 0.000000, Normalized LogL: -1.152133, Exp of Normalized LogL: 0.315962, Best Rate: 0.3

========= ADAPTIVE MC DEBUG =========
Total calls: 130
Avg tries: 1595.38
Confidence stops: 130
Max stops: 0
Max stop rate: 0.000
Real Fault Rank 4
===== SEED 58 | FR=0.3 | VR=80 =====
executing with fault mode: [4,1,2,3,4,5]

Fault scores (higher is better):
Fault: [4,1,2,3,4,5], logL: -13.992868, Exp of LogL: 0.000001, Normalized LogL: -0.823110, Exp of Normalized LogL: 0.439064, Best Rate: 0.3
Fault: [5,1,2,3,4,5], logL: -13.992868, Exp of LogL: 0.000001, Normalized LogL: -0.823110, Exp of Normalized LogL: 0.439064, Best Rate: 0.3
Fault: [4,1,2,3,0,5], logL: -14.346759, Exp of LogL: 0.000001, Normalized LogL: -0.843927, Exp of Normalized LogL: 0.430019, Best Rate: 0.3
Fault: [4,1,2,3,3,5], logL: -14.346759, Exp of LogL: 0.000001, Normalized LogL: -0.843927, Exp of Normalized LogL: 0.430019, Best Rate: 0.3
Fault: [4,1,2,3,1,5], logL: -14.346759, Exp of LogL: 0.000001, Normalized LogL: -0.843927, Exp of Normalized LogL: 0.430019, Best Rate: 0.3
Fault: [4,1,2,3,5,5], logL: -14.346759, Exp of LogL: 0.000001, Normalized LogL: -0.843927, Exp of Normalized LogL: 0.430019, Best Rate: 0.3
Fault: [3,1,2,3,4,5], logL: -14.397954, Exp of LogL: 0.000001, Normalized LogL: -0.846938, Exp of Normalized LogL: 0.428725, Best Rate: 0.3
Fault: [0,1,2,3,4,5], logL: -14.779220, Exp of LogL: 0.000000, Normalized LogL: -0.869366, Exp of Normalized LogL: 0.419217, Best Rate: 0.3
Fault: [1,1,2,3,4,5], logL: -15.464583, Exp of LogL: 0.000000, Normalized LogL: -0.909681, Exp of Normalized LogL: 0.402653, Best Rate: 0.3
Fault: [2,1,2,3,4,5], logL: -15.565559, Exp of LogL: 0.000000, Normalized LogL: -0.915621, Exp of Normalized LogL: 0.400268, Best Rate: 0.3

========= ADAPTIVE MC DEBUG =========
Total calls: 170
Avg tries: 1841.47
Confidence stops: 170
Max stops: 0
Max stop rate: 0.000
Real Fault Rank 1
===== SEED 58 | FR=0.3 | VR=100 =====
executing with fault mode: [4,1,2,3,4,5]

Fault scores (higher is better):
Fault: [3,1,2,3,4,5], logL: -16.421840, Exp of LogL: 0.000000, Normalized LogL: -0.746447, Exp of Normalized LogL: 0.474048, Best Rate: 0.3
Fault: [4,1,2,3,4,5], logL: -16.522492, Exp of LogL: 0.000000, Normalized LogL: -0.751022, Exp of Normalized LogL: 0.471884, Best Rate: 0.3
Fault: [5,1,2,3,4,5], logL: -16.522492, Exp of LogL: 0.000000, Normalized LogL: -0.751022, Exp of Normalized LogL: 0.471884, Best Rate: 0.3
Fault: [0,1,2,3,4,5], logL: -16.783867, Exp of LogL: 0.000000, Normalized LogL: -0.762903, Exp of Normalized LogL: 0.466311, Best Rate: 0.3
Fault: [4,1,2,3,0,5], logL: -16.876384, Exp of LogL: 0.000000, Normalized LogL: -0.767108, Exp of Normalized LogL: 0.464354, Best Rate: 0.3
Fault: [4,1,2,3,3,5], logL: -16.876384, Exp of LogL: 0.000000, Normalized LogL: -0.767108, Exp of Normalized LogL: 0.464354, Best Rate: 0.3
Fault: [4,1,2,3,1,5], logL: -16.876384, Exp of LogL: 0.000000, Normalized LogL: -0.767108, Exp of Normalized LogL: 0.464354, Best Rate: 0.3
Fault: [4,1,2,3,5,5], logL: -16.876384, Exp of LogL: 0.000000, Normalized LogL: -0.767108, Exp of Normalized LogL: 0.464354, Best Rate: 0.3
Fault: [1,1,2,3,4,5], logL: -17.458223, Exp of LogL: 0.000000, Normalized LogL: -0.793556, Exp of Normalized LogL: 0.452234, Best Rate: 0.3
Fault: [2,1,2,3,4,5], logL: -17.668273, Exp of LogL: 0.000000, Normalized LogL: -0.803103, Exp of Normalized LogL: 0.447937, Best Rate: 0.3

========= ADAPTIVE MC DEBUG =========
Total calls: 220
Avg tries: 1829.77
Confidence stops: 220
Max stops: 0
Max stop rate: 0.000
Real Fault Rank 2
================= 22/08/2026 07:49:51: SEED 58 END =================
================= 22/08/2026 07:49:51: SEED 59 (57/100), a*=3 fault=[0,1,2,2,4,5] START =================
===== SEED 59 | FR=0.3 | VR=20 =====
executing with fault mode: [0,1,2,2,4,5]

executing with fault mode: [0,1,2,2,4,5]

Fault scores (higher is better):
Fault: [0,1,2,2,5,5], logL: -15.229128, Exp of LogL: 0.000000, Normalized LogL: -2.175590, Exp of Normalized LogL: 0.113541, Best Rate: 0.3
Fault: [0,1,2,2,3,5], logL: -15.229128, Exp of LogL: 0.000000, Normalized LogL: -2.175590, Exp of Normalized LogL: 0.113541, Best Rate: 0.3
Fault: [0,1,2,2,0,5], logL: -15.314157, Exp of LogL: 0.000000, Normalized LogL: -2.187737, Exp of Normalized LogL: 0.112170, Best Rate: 0.3
Fault: [0,1,2,2,2,5], logL: -15.327915, Exp of LogL: 0.000000, Normalized LogL: -2.189702, Exp of Normalized LogL: 0.111950, Best Rate: 0.3
Fault: [0,1,2,2,4,5], logL: -15.415765, Exp of LogL: 0.000000, Normalized LogL: -2.202252, Exp of Normalized LogL: 0.110554, Best Rate: 0.3
Fault: [0,1,2,0,4,5], logL: -16.471944, Exp of LogL: 0.000000, Normalized LogL: -2.353135, Exp of Normalized LogL: 0.095071, Best Rate: 0.3
Fault: [0,1,2,5,4,5], logL: -40.297671, Exp of LogL: 0.000000, Normalized LogL: -5.756810, Exp of Normalized LogL: 0.003161, Best Rate: 0.3
Fault: [0,1,2,4,4,5], logL: -40.297671, Exp of LogL: 0.000000, Normalized LogL: -5.756810, Exp of Normalized LogL: 0.003161, Best Rate: 0.3
Fault: [0,1,2,3,4,5], logL: -41.113270, Exp of LogL: 0.000000, Normalized LogL: -5.873324, Exp of Normalized LogL: 0.002814, Best Rate: 0.3
Fault: [0,1,2,1,4,5], logL: -64.345173, Exp of LogL: 0.000000, Normalized LogL: -9.192168, Exp of Normalized LogL: 0.000102, Best Rate: 0.3

========= ADAPTIVE MC DEBUG =========
Total calls: 70
Avg tries: 1085.00
Confidence stops: 70
Max stops: 0
Max stop rate: 0.000
Real Fault Rank 5
===== SEED 59 | FR=0.3 | VR=40 =====
executing with fault mode: [0,1,2,2,4,5]

executing with fault mode: [0,1,2,2,4,5]

Fault scores (higher is better):
Fault: [0,1,2,2,4,5], logL: -20.328623, Exp of LogL: 0.000000, Normalized LogL: -1.452044, Exp of Normalized LogL: 0.234091, Best Rate: 0.3
Fault: [0,1,2,2,0,5], logL: -20.662469, Exp of LogL: 0.000000, Normalized LogL: -1.475891, Exp of Normalized LogL: 0.228575, Best Rate: 0.3
Fault: [0,1,2,2,5,5], logL: -20.662469, Exp of LogL: 0.000000, Normalized LogL: -1.475891, Exp of Normalized LogL: 0.228575, Best Rate: 0.3
Fault: [0,1,2,2,3,5], logL: -20.662469, Exp of LogL: 0.000000, Normalized LogL: -1.475891, Exp of Normalized LogL: 0.228575, Best Rate: 0.3
Fault: [0,1,2,2,2,5], logL: -20.662469, Exp of LogL: 0.000000, Normalized LogL: -1.475891, Exp of Normalized LogL: 0.228575, Best Rate: 0.3
Fault: [0,1,2,0,4,5], logL: -23.042603, Exp of LogL: 0.000000, Normalized LogL: -1.645900, Exp of Normalized LogL: 0.192839, Best Rate: 0.3
Fault: [0,1,2,5,4,5], logL: -23.160567, Exp of LogL: 0.000000, Normalized LogL: -1.654326, Exp of Normalized LogL: 0.191221, Best Rate: 0.3
Fault: [0,1,2,4,4,5], logL: -23.160567, Exp of LogL: 0.000000, Normalized LogL: -1.654326, Exp of Normalized LogL: 0.191221, Best Rate: 0.3
Fault: [0,1,2,1,4,5], logL: -47.217963, Exp of LogL: 0.000000, Normalized LogL: -3.372712, Exp of Normalized LogL: 0.034297, Best Rate: 0.3
Fault: [0,1,2,3,4,5], logL: -49.646606, Exp of LogL: 0.000000, Normalized LogL: -3.546186, Exp of Normalized LogL: 0.028834, Best Rate: 0.3

========= ADAPTIVE MC DEBUG =========
Total calls: 140
Avg tries: 1588.57
Confidence stops: 140
Max stops: 0
Max stop rate: 0.000
Real Fault Rank 1
===== SEED 59 | FR=0.3 | VR=60 =====
executing with fault mode: [0,1,2,2,4,5]

executing with fault mode: [0,1,2,2,4,5]

Fault scores (higher is better):
Fault: [0,1,2,2,4,5], logL: -24.072093, Exp of LogL: 0.000000, Normalized LogL: -1.203605, Exp of Normalized LogL: 0.300110, Best Rate: 0.3
Fault: [0,1,2,2,0,5], logL: -24.405939, Exp of LogL: 0.000000, Normalized LogL: -1.220297, Exp of Normalized LogL: 0.295143, Best Rate: 0.3
Fault: [0,1,2,2,5,5], logL: -24.405939, Exp of LogL: 0.000000, Normalized LogL: -1.220297, Exp of Normalized LogL: 0.295143, Best Rate: 0.3
Fault: [0,1,2,2,3,5], logL: -24.405939, Exp of LogL: 0.000000, Normalized LogL: -1.220297, Exp of Normalized LogL: 0.295143, Best Rate: 0.3
Fault: [0,1,2,2,2,5], logL: -24.405939, Exp of LogL: 0.000000, Normalized LogL: -1.220297, Exp of Normalized LogL: 0.295143, Best Rate: 0.3
Fault: [0,1,2,0,4,5], logL: -27.330645, Exp of LogL: 0.000000, Normalized LogL: -1.366532, Exp of Normalized LogL: 0.254990, Best Rate: 0.3
Fault: [0,1,2,1,4,5], logL: -52.326048, Exp of LogL: 0.000000, Normalized LogL: -2.616302, Exp of Normalized LogL: 0.073073, Best Rate: 0.3
Fault: [0,1,2,5,4,5], logL: -52.776410, Exp of LogL: 0.000000, Normalized LogL: -2.638821, Exp of Normalized LogL: 0.071445, Best Rate: 0.3
Fault: [0,1,2,4,4,5], logL: -52.776410, Exp of LogL: 0.000000, Normalized LogL: -2.638821, Exp of Normalized LogL: 0.071445, Best Rate: 0.3
Fault: [0,1,2,3,4,5], logL: -78.672465, Exp of LogL: 0.000000, Normalized LogL: -3.933623, Exp of Normalized LogL: 0.019573, Best Rate: 0.3

========= ADAPTIVE MC DEBUG =========
Total calls: 200
Avg tries: 1738.75
Confidence stops: 200
Max stops: 0
Max stop rate: 0.000
Real Fault Rank 1
===== SEED 59 | FR=0.3 | VR=80 =====
executing with fault mode: [0,1,2,2,4,5]

executing with fault mode: [0,1,2,2,4,5]

Fault scores (higher is better):
Fault: [0,1,2,2,4,5], logL: -28.886999, Exp of LogL: 0.000000, Normalized LogL: -1.069889, Exp of Normalized LogL: 0.343047, Best Rate: 0.3
Fault: [0,1,2,2,0,5], logL: -29.220845, Exp of LogL: 0.000000, Normalized LogL: -1.082254, Exp of Normalized LogL: 0.338831, Best Rate: 0.3
Fault: [0,1,2,2,5,5], logL: -29.220845, Exp of LogL: 0.000000, Normalized LogL: -1.082254, Exp of Normalized LogL: 0.338831, Best Rate: 0.3
Fault: [0,1,2,2,3,5], logL: -29.220845, Exp of LogL: 0.000000, Normalized LogL: -1.082254, Exp of Normalized LogL: 0.338831, Best Rate: 0.3
Fault: [0,1,2,2,2,5], logL: -29.220845, Exp of LogL: 0.000000, Normalized LogL: -1.082254, Exp of Normalized LogL: 0.338831, Best Rate: 0.3
Fault: [0,1,2,0,4,5], logL: -33.524938, Exp of LogL: 0.000000, Normalized LogL: -1.241664, Exp of Normalized LogL: 0.288903, Best Rate: 0.3
Fault: [0,1,2,1,4,5], logL: -34.466504, Exp of LogL: 0.000000, Normalized LogL: -1.276537, Exp of Normalized LogL: 0.279002, Best Rate: 0.3
Fault: [0,1,2,5,4,5], logL: -83.971514, Exp of LogL: 0.000000, Normalized LogL: -3.110056, Exp of Normalized LogL: 0.044598, Best Rate: 0.3
Fault: [0,1,2,4,4,5], logL: -83.971514, Exp of LogL: 0.000000, Normalized LogL: -3.110056, Exp of Normalized LogL: 0.044598, Best Rate: 0.3
Fault: [0,1,2,3,4,5], logL: -108.563308, Exp of LogL: 0.000000, Normalized LogL: -4.020863, Exp of Normalized LogL: 0.017937, Best Rate: 0.3

========= ADAPTIVE MC DEBUG =========
Total calls: 270
Avg tries: 1755.56
Confidence stops: 270
Max stops: 0
Max stop rate: 0.000
Real Fault Rank 1
===== SEED 59 | FR=0.3 | VR=100 =====
executing with fault mode: [0,1,2,2,4,5]

executing with fault mode: [0,1,2,2,4,5]

Fault scores (higher is better):
Fault: [0,1,2,2,4,5], logL: -31.706904, Exp of LogL: 0.000000, Normalized LogL: -0.932556, Exp of Normalized LogL: 0.393547, Best Rate: 0.3
Fault: [0,1,2,2,0,5], logL: -32.060796, Exp of LogL: 0.000000, Normalized LogL: -0.942965, Exp of Normalized LogL: 0.389472, Best Rate: 0.3
Fault: [0,1,2,2,5,5], logL: -32.060796, Exp of LogL: 0.000000, Normalized LogL: -0.942965, Exp of Normalized LogL: 0.389472, Best Rate: 0.3
Fault: [0,1,2,2,3,5], logL: -32.060796, Exp of LogL: 0.000000, Normalized LogL: -0.942965, Exp of Normalized LogL: 0.389472, Best Rate: 0.3
Fault: [0,1,2,2,2,5], logL: -32.060796, Exp of LogL: 0.000000, Normalized LogL: -0.942965, Exp of Normalized LogL: 0.389472, Best Rate: 0.3
Fault: [0,1,2,0,4,5], logL: -36.805817, Exp of LogL: 0.000000, Normalized LogL: -1.082524, Exp of Normalized LogL: 0.338739, Best Rate: 0.3
Fault: [0,1,2,1,4,5], logL: -37.936627, Exp of LogL: 0.000000, Normalized LogL: -1.115783, Exp of Normalized LogL: 0.327659, Best Rate: 0.3
Fault: [0,1,2,5,4,5], logL: -110.777643, Exp of LogL: 0.000000, Normalized LogL: -3.258166, Exp of Normalized LogL: 0.038459, Best Rate: 0.3
Fault: [0,1,2,4,4,5], logL: -110.777643, Exp of LogL: 0.000000, Normalized LogL: -3.258166, Exp of Normalized LogL: 0.038459, Best Rate: 0.3
Fault: [0,1,2,3,4,5], logL: -135.473112, Exp of LogL: 0.000000, Normalized LogL: -3.984503, Exp of Normalized LogL: 0.018602, Best Rate: 0.3

========= ADAPTIVE MC DEBUG =========
Total calls: 340
Avg tries: 1760.88
Confidence stops: 340
Max stops: 0
Max stop rate: 0.000
Real Fault Rank 1
================= 22/08/2026 07:54:37: SEED 59 END =================
================= 22/08/2026 07:54:37: SEED 60 (58/100), a*=0 fault=[1,1,2,3,4,5] START =================
===== SEED 60 | FR=0.3 | VR=20 =====
executing with fault mode: [1,1,2,3,4,5]

Fault scores (higher is better):
Fault: [1,1,2,3,4,5], logL: -9.736846, Exp of LogL: 0.000059, Normalized LogL: -1.947369, Exp of Normalized LogL: 0.142649, Best Rate: 0.3
Fault: [1,1,2,3,3,5], logL: -10.065117, Exp of LogL: 0.000043, Normalized LogL: -2.013023, Exp of Normalized LogL: 0.133584, Best Rate: 0.3
Fault: [1,1,2,3,5,5], logL: -10.065117, Exp of LogL: 0.000043, Normalized LogL: -2.013023, Exp of Normalized LogL: 0.133584, Best Rate: 0.3
Fault: [1,1,2,3,2,5], logL: -10.065117, Exp of LogL: 0.000043, Normalized LogL: -2.013023, Exp of Normalized LogL: 0.133584, Best Rate: 0.3
Fault: [1,1,2,3,0,5], logL: -10.065117, Exp of LogL: 0.000043, Normalized LogL: -2.013023, Exp of Normalized LogL: 0.133584, Best Rate: 0.3
Fault: [2,1,2,3,4,5], logL: -11.349997, Exp of LogL: 0.000012, Normalized LogL: -2.269999, Exp of Normalized LogL: 0.103312, Best Rate: 0.3
Fault: [3,1,2,3,4,5], logL: -11.772459, Exp of LogL: 0.000008, Normalized LogL: -2.354492, Exp of Normalized LogL: 0.094942, Best Rate: 0.3
Fault: [5,1,2,3,4,5], logL: -12.693930, Exp of LogL: 0.000003, Normalized LogL: -2.538786, Exp of Normalized LogL: 0.078962, Best Rate: 0.3
Fault: [4,1,2,3,4,5], logL: -12.693930, Exp of LogL: 0.000003, Normalized LogL: -2.538786, Exp of Normalized LogL: 0.078962, Best Rate: 0.3
Fault: [0,1,2,3,4,5], logL: -34.516749, Exp of LogL: 0.000000, Normalized LogL: -6.903350, Exp of Normalized LogL: 0.001004, Best Rate: 0.3

========= ADAPTIVE MC DEBUG =========
Total calls: 50
Avg tries: 1322.00
Confidence stops: 50
Max stops: 0
Max stop rate: 0.000
Real Fault Rank 1
===== SEED 60 | FR=0.3 | VR=40 =====
executing with fault mode: [1,1,2,3,4,5]

Fault scores (higher is better):
Fault: [1,1,2,3,4,5], logL: -13.181370, Exp of LogL: 0.000002, Normalized LogL: -1.318137, Exp of Normalized LogL: 0.267633, Best Rate: 0.3
Fault: [1,1,2,3,3,5], logL: -13.544337, Exp of LogL: 0.000001, Normalized LogL: -1.354434, Exp of Normalized LogL: 0.258093, Best Rate: 0.3
Fault: [1,1,2,3,5,5], logL: -13.544337, Exp of LogL: 0.000001, Normalized LogL: -1.354434, Exp of Normalized LogL: 0.258093, Best Rate: 0.3
Fault: [1,1,2,3,2,5], logL: -13.544337, Exp of LogL: 0.000001, Normalized LogL: -1.354434, Exp of Normalized LogL: 0.258093, Best Rate: 0.3
Fault: [1,1,2,3,0,5], logL: -13.544337, Exp of LogL: 0.000001, Normalized LogL: -1.354434, Exp of Normalized LogL: 0.258093, Best Rate: 0.3
Fault: [2,1,2,3,4,5], logL: -15.433986, Exp of LogL: 0.000000, Normalized LogL: -1.543399, Exp of Normalized LogL: 0.213654, Best Rate: 0.3
Fault: [5,1,2,3,4,5], logL: -16.602865, Exp of LogL: 0.000000, Normalized LogL: -1.660287, Exp of Normalized LogL: 0.190085, Best Rate: 0.3
Fault: [4,1,2,3,4,5], logL: -16.602865, Exp of LogL: 0.000000, Normalized LogL: -1.660287, Exp of Normalized LogL: 0.190085, Best Rate: 0.3
Fault: [3,1,2,3,4,5], logL: -16.882094, Exp of LogL: 0.000000, Normalized LogL: -1.688209, Exp of Normalized LogL: 0.184850, Best Rate: 0.3
Fault: [0,1,2,3,4,5], logL: -39.968653, Exp of LogL: 0.000000, Normalized LogL: -3.996865, Exp of Normalized LogL: 0.018373, Best Rate: 0.3

========= ADAPTIVE MC DEBUG =========
Total calls: 100
Avg tries: 1510.50
Confidence stops: 100
Max stops: 0
Max stop rate: 0.000
Real Fault Rank 1
===== SEED 60 | FR=0.3 | VR=60 =====
executing with fault mode: [1,1,2,3,4,5]

Fault scores (higher is better):
Fault: [2,1,2,3,4,5], logL: -16.632300, Exp of LogL: 0.000000, Normalized LogL: -1.188021, Exp of Normalized LogL: 0.304824, Best Rate: 0.3
Fault: [1,1,2,3,4,5], logL: -17.124510, Exp of LogL: 0.000000, Normalized LogL: -1.223179, Exp of Normalized LogL: 0.294293, Best Rate: 0.3
Fault: [1,1,2,3,3,5], logL: -17.487476, Exp of LogL: 0.000000, Normalized LogL: -1.249105, Exp of Normalized LogL: 0.286761, Best Rate: 0.3
Fault: [1,1,2,3,5,5], logL: -17.487476, Exp of LogL: 0.000000, Normalized LogL: -1.249105, Exp of Normalized LogL: 0.286761, Best Rate: 0.3
Fault: [1,1,2,3,2,5], logL: -17.487476, Exp of LogL: 0.000000, Normalized LogL: -1.249105, Exp of Normalized LogL: 0.286761, Best Rate: 0.3
Fault: [1,1,2,3,0,5], logL: -17.487476, Exp of LogL: 0.000000, Normalized LogL: -1.249105, Exp of Normalized LogL: 0.286761, Best Rate: 0.3
Fault: [5,1,2,3,4,5], logL: -18.505196, Exp of LogL: 0.000000, Normalized LogL: -1.321800, Exp of Normalized LogL: 0.266655, Best Rate: 0.3
Fault: [4,1,2,3,4,5], logL: -18.505196, Exp of LogL: 0.000000, Normalized LogL: -1.321800, Exp of Normalized LogL: 0.266655, Best Rate: 0.3
Fault: [3,1,2,3,4,5], logL: -18.717967, Exp of LogL: 0.000000, Normalized LogL: -1.336998, Exp of Normalized LogL: 0.262633, Best Rate: 0.3
Fault: [0,1,2,3,4,5], logL: -20.174125, Exp of LogL: 0.000000, Normalized LogL: -1.441009, Exp of Normalized LogL: 0.236689, Best Rate: 0.3

========= ADAPTIVE MC DEBUG =========
Total calls: 140
Avg tries: 1635.00
Confidence stops: 140
Max stops: 0
Max stop rate: 0.000
Real Fault Rank 2
===== SEED 60 | FR=0.3 | VR=80 =====
executing with fault mode: [1,1,2,3,4,5]

Fault scores (higher is better):
Fault: [2,1,2,3,4,5], logL: -18.955139, Exp of LogL: 0.000000, Normalized LogL: -0.997639, Exp of Normalized LogL: 0.368749, Best Rate: 0.3
Fault: [1,1,2,3,4,5], logL: -19.724923, Exp of LogL: 0.000000, Normalized LogL: -1.038154, Exp of Normalized LogL: 0.354108, Best Rate: 0.3
Fault: [1,1,2,3,3,5], logL: -20.087890, Exp of LogL: 0.000000, Normalized LogL: -1.057257, Exp of Normalized LogL: 0.347407, Best Rate: 0.3
Fault: [1,1,2,3,5,5], logL: -20.087890, Exp of LogL: 0.000000, Normalized LogL: -1.057257, Exp of Normalized LogL: 0.347407, Best Rate: 0.3
Fault: [1,1,2,3,2,5], logL: -20.087890, Exp of LogL: 0.000000, Normalized LogL: -1.057257, Exp of Normalized LogL: 0.347407, Best Rate: 0.3
Fault: [1,1,2,3,0,5], logL: -20.087890, Exp of LogL: 0.000000, Normalized LogL: -1.057257, Exp of Normalized LogL: 0.347407, Best Rate: 0.3
Fault: [3,1,2,3,4,5], logL: -21.344648, Exp of LogL: 0.000000, Normalized LogL: -1.123403, Exp of Normalized LogL: 0.325171, Best Rate: 0.3
Fault: [5,1,2,3,4,5], logL: -21.347806, Exp of LogL: 0.000000, Normalized LogL: -1.123569, Exp of Normalized LogL: 0.325117, Best Rate: 0.3
Fault: [4,1,2,3,4,5], logL: -21.347806, Exp of LogL: 0.000000, Normalized LogL: -1.123569, Exp of Normalized LogL: 0.325117, Best Rate: 0.3
Fault: [0,1,2,3,4,5], logL: -22.025648, Exp of LogL: 0.000000, Normalized LogL: -1.159245, Exp of Normalized LogL: 0.313723, Best Rate: 0.3

========= ADAPTIVE MC DEBUG =========
Total calls: 190
Avg tries: 1791.32
Confidence stops: 190
Max stops: 0
Max stop rate: 0.000
Real Fault Rank 2
===== SEED 60 | FR=0.3 | VR=100 =====
executing with fault mode: [1,1,2,3,4,5]

Fault scores (higher is better):
Fault: [1,1,2,3,4,5], logL: -21.907167, Exp of LogL: 0.000000, Normalized LogL: -0.912799, Exp of Normalized LogL: 0.401399, Best Rate: 0.3
Fault: [1,1,2,3,3,5], logL: -22.270134, Exp of LogL: 0.000000, Normalized LogL: -0.927922, Exp of Normalized LogL: 0.395374, Best Rate: 0.3
Fault: [1,1,2,3,5,5], logL: -22.270134, Exp of LogL: 0.000000, Normalized LogL: -0.927922, Exp of Normalized LogL: 0.395374, Best Rate: 0.3
Fault: [1,1,2,3,2,5], logL: -22.270134, Exp of LogL: 0.000000, Normalized LogL: -0.927922, Exp of Normalized LogL: 0.395374, Best Rate: 0.3
Fault: [1,1,2,3,0,5], logL: -22.270134, Exp of LogL: 0.000000, Normalized LogL: -0.927922, Exp of Normalized LogL: 0.395374, Best Rate: 0.3
Fault: [3,1,2,3,4,5], logL: -25.615769, Exp of LogL: 0.000000, Normalized LogL: -1.067324, Exp of Normalized LogL: 0.343928, Best Rate: 0.3
Fault: [2,1,2,3,4,5], logL: -72.474815, Exp of LogL: 0.000000, Normalized LogL: -3.019784, Exp of Normalized LogL: 0.048812, Best Rate: 0.3
Fault: [0,1,2,3,4,5], logL: -73.420232, Exp of LogL: 0.000000, Normalized LogL: -3.059176, Exp of Normalized LogL: 0.046926, Best Rate: 0.3
Fault: [5,1,2,3,4,5], logL: -74.765665, Exp of LogL: 0.000000, Normalized LogL: -3.115236, Exp of Normalized LogL: 0.044368, Best Rate: 0.3
Fault: [4,1,2,3,4,5], logL: -74.765665, Exp of LogL: 0.000000, Normalized LogL: -3.115236, Exp of Normalized LogL: 0.044368, Best Rate: 0.3

========= ADAPTIVE MC DEBUG =========
Total calls: 240
Avg tries: 1790.21
Confidence stops: 240
Max stops: 0
Max stop rate: 0.000
Real Fault Rank 1
================= 22/08/2026 07:58:02: SEED 60 END =================
================= 22/08/2026 07:58:02: SEED 61 (59/100), a*=0 fault=[4,1,2,3,4,5] START =================
===== SEED 61 | FR=0.3 | VR=20 =====
executing with fault mode: [4,1,2,3,4,5]

executing with fault mode: [4,1,2,3,4,5]

executing with fault mode: [4,1,2,3,4,5]

Fault scores (higher is better):
Fault: [2,1,2,3,4,5], logL: -7.884041, Exp of LogL: 0.000377, Normalized LogL: -1.971010, Exp of Normalized LogL: 0.139316, Best Rate: 0.3
Fault: [4,1,1,3,4,5], logL: -8.477096, Exp of LogL: 0.000208, Normalized LogL: -2.119274, Exp of Normalized LogL: 0.120119, Best Rate: 0.3
Fault: [4,1,2,3,4,5], logL: -8.605846, Exp of LogL: 0.000183, Normalized LogL: -2.151462, Exp of Normalized LogL: 0.116314, Best Rate: 0.3
Fault: [5,1,2,3,4,5], logL: -8.605846, Exp of LogL: 0.000183, Normalized LogL: -2.151462, Exp of Normalized LogL: 0.116314, Best Rate: 0.3
Fault: [4,1,5,3,4,5], logL: -8.615374, Exp of LogL: 0.000181, Normalized LogL: -2.153843, Exp of Normalized LogL: 0.116037, Best Rate: 0.3
Fault: [4,1,4,3,4,5], logL: -8.615374, Exp of LogL: 0.000181, Normalized LogL: -2.153843, Exp of Normalized LogL: 0.116037, Best Rate: 0.3
Fault: [4,1,0,3,4,5], logL: -9.383533, Exp of LogL: 0.000084, Normalized LogL: -2.345883, Exp of Normalized LogL: 0.095763, Best Rate: 0.3
Fault: [1,1,2,3,4,5], logL: -10.552907, Exp of LogL: 0.000026, Normalized LogL: -2.638227, Exp of Normalized LogL: 0.071488, Best Rate: 0.3
Fault: [3,1,2,3,4,5], logL: -10.592128, Exp of LogL: 0.000025, Normalized LogL: -2.648032, Exp of Normalized LogL: 0.070790, Best Rate: 0.3
Fault: [0,1,2,3,4,5], logL: -10.771596, Exp of LogL: 0.000021, Normalized LogL: -2.692899, Exp of Normalized LogL: 0.067684, Best Rate: 0.3

========= ADAPTIVE MC DEBUG =========
Total calls: 40
Avg tries: 1183.75
Confidence stops: 40
Max stops: 0
Max stop rate: 0.000
Real Fault Rank 3
===== SEED 61 | FR=0.3 | VR=40 =====
executing with fault mode: [4,1,2,3,4,5]

executing with fault mode: [4,1,2,3,4,5]

executing with fault mode: [4,1,2,3,4,5]

Fault scores (higher is better):
Fault: [2,1,2,3,4,5], logL: -10.102091, Exp of LogL: 0.000041, Normalized LogL: -1.262761, Exp of Normalized LogL: 0.282872, Best Rate: 0.3
Fault: [4,1,2,3,4,5], logL: -10.866190, Exp of LogL: 0.000019, Normalized LogL: -1.358274, Exp of Normalized LogL: 0.257104, Best Rate: 0.3
Fault: [5,1,2,3,4,5], logL: -10.866190, Exp of LogL: 0.000019, Normalized LogL: -1.358274, Exp of Normalized LogL: 0.257104, Best Rate: 0.3
Fault: [4,1,1,3,4,5], logL: -11.015852, Exp of LogL: 0.000016, Normalized LogL: -1.376982, Exp of Normalized LogL: 0.252339, Best Rate: 0.3
Fault: [4,1,5,3,4,5], logL: -11.218723, Exp of LogL: 0.000013, Normalized LogL: -1.402340, Exp of Normalized LogL: 0.246021, Best Rate: 0.3
Fault: [4,1,4,3,4,5], logL: -11.218723, Exp of LogL: 0.000013, Normalized LogL: -1.402340, Exp of Normalized LogL: 0.246021, Best Rate: 0.3
Fault: [4,1,0,3,4,5], logL: -11.589696, Exp of LogL: 0.000009, Normalized LogL: -1.448712, Exp of Normalized LogL: 0.234873, Best Rate: 0.3
Fault: [0,1,2,3,4,5], logL: -13.879966, Exp of LogL: 0.000001, Normalized LogL: -1.734996, Exp of Normalized LogL: 0.176401, Best Rate: 0.3
Fault: [1,1,2,3,4,5], logL: -14.096293, Exp of LogL: 0.000001, Normalized LogL: -1.762037, Exp of Normalized LogL: 0.171695, Best Rate: 0.3
Fault: [3,1,2,3,4,5], logL: -14.694577, Exp of LogL: 0.000000, Normalized LogL: -1.836822, Exp of Normalized LogL: 0.159323, Best Rate: 0.3

========= ADAPTIVE MC DEBUG =========
Total calls: 80
Avg tries: 1636.25
Confidence stops: 80
Max stops: 0
Max stop rate: 0.000
Real Fault Rank 2
===== SEED 61 | FR=0.3 | VR=60 =====
executing with fault mode: [4,1,2,3,4,5]

executing with fault mode: [4,1,2,3,4,5]

executing with fault mode: [4,1,2,3,4,5]

Fault scores (higher is better):
Fault: [2,1,2,3,4,5], logL: -12.036010, Exp of LogL: 0.000006, Normalized LogL: -1.003001, Exp of Normalized LogL: 0.366777, Best Rate: 0.3
Fault: [4,1,2,3,4,5], logL: -13.129148, Exp of LogL: 0.000002, Normalized LogL: -1.094096, Exp of Normalized LogL: 0.334842, Best Rate: 0.3
Fault: [5,1,2,3,4,5], logL: -13.129148, Exp of LogL: 0.000002, Normalized LogL: -1.094096, Exp of Normalized LogL: 0.334842, Best Rate: 0.3
Fault: [4,1,1,3,4,5], logL: -13.802635, Exp of LogL: 0.000001, Normalized LogL: -1.150220, Exp of Normalized LogL: 0.316567, Best Rate: 0.3
Fault: [4,1,0,3,4,5], logL: -13.808887, Exp of LogL: 0.000001, Normalized LogL: -1.150741, Exp of Normalized LogL: 0.316402, Best Rate: 0.3
Fault: [4,1,5,3,4,5], logL: -14.197189, Exp of LogL: 0.000001, Normalized LogL: -1.183099, Exp of Normalized LogL: 0.306328, Best Rate: 0.3
Fault: [4,1,4,3,4,5], logL: -14.197189, Exp of LogL: 0.000001, Normalized LogL: -1.183099, Exp of Normalized LogL: 0.306328, Best Rate: 0.3
Fault: [0,1,2,3,4,5], logL: -15.073495, Exp of LogL: 0.000000, Normalized LogL: -1.256125, Exp of Normalized LogL: 0.284755, Best Rate: 0.3
Fault: [1,1,2,3,4,5], logL: -15.339816, Exp of LogL: 0.000000, Normalized LogL: -1.278318, Exp of Normalized LogL: 0.278505, Best Rate: 0.3
Fault: [3,1,2,3,4,5], logL: -16.279615, Exp of LogL: 0.000000, Normalized LogL: -1.356635, Exp of Normalized LogL: 0.257526, Best Rate: 0.3

========= ADAPTIVE MC DEBUG =========
Total calls: 120
Avg tries: 1816.67
Confidence stops: 120
Max stops: 0
Max stop rate: 0.000
Real Fault Rank 2
===== SEED 61 | FR=0.3 | VR=80 =====
executing with fault mode: [4,1,2,3,4,5]

executing with fault mode: [4,1,2,3,4,5]

executing with fault mode: [4,1,2,3,4,5]

Fault scores (higher is better):
Fault: [2,1,2,3,4,5], logL: -14.458177, Exp of LogL: 0.000001, Normalized LogL: -0.903636, Exp of Normalized LogL: 0.405094, Best Rate: 0.3
Fault: [4,1,2,3,4,5], logL: -15.589962, Exp of LogL: 0.000000, Normalized LogL: -0.974373, Exp of Normalized LogL: 0.377429, Best Rate: 0.3
Fault: [5,1,2,3,4,5], logL: -15.589962, Exp of LogL: 0.000000, Normalized LogL: -0.974373, Exp of Normalized LogL: 0.377429, Best Rate: 0.3
Fault: [4,1,0,3,4,5], logL: -16.057173, Exp of LogL: 0.000000, Normalized LogL: -1.003573, Exp of Normalized LogL: 0.366567, Best Rate: 0.3
Fault: [4,1,1,3,4,5], logL: -16.058772, Exp of LogL: 0.000000, Normalized LogL: -1.003673, Exp of Normalized LogL: 0.366531, Best Rate: 0.3
Fault: [4,1,5,3,4,5], logL: -16.377546, Exp of LogL: 0.000000, Normalized LogL: -1.023597, Exp of Normalized LogL: 0.359300, Best Rate: 0.3
Fault: [4,1,4,3,4,5], logL: -16.377546, Exp of LogL: 0.000000, Normalized LogL: -1.023597, Exp of Normalized LogL: 0.359300, Best Rate: 0.3
Fault: [0,1,2,3,4,5], logL: -18.036702, Exp of LogL: 0.000000, Normalized LogL: -1.127294, Exp of Normalized LogL: 0.323909, Best Rate: 0.3
Fault: [1,1,2,3,4,5], logL: -18.250743, Exp of LogL: 0.000000, Normalized LogL: -1.140671, Exp of Normalized LogL: 0.319604, Best Rate: 0.3
Fault: [3,1,2,3,4,5], logL: -19.791705, Exp of LogL: 0.000000, Normalized LogL: -1.236982, Exp of Normalized LogL: 0.290259, Best Rate: 0.3

========= ADAPTIVE MC DEBUG =========
Total calls: 160
Avg tries: 1800.00
Confidence stops: 160
Max stops: 0
Max stop rate: 0.000
Real Fault Rank 2
===== SEED 61 | FR=0.3 | VR=100 =====
executing with fault mode: [4,1,2,3,4,5]

executing with fault mode: [4,1,2,3,4,5]

executing with fault mode: [4,1,2,3,4,5]

Fault scores (higher is better):
Fault: [2,1,2,3,4,5], logL: -16.538740, Exp of LogL: 0.000000, Normalized LogL: -0.826937, Exp of Normalized LogL: 0.437387, Best Rate: 0.3
Fault: [4,1,2,3,4,5], logL: -17.590076, Exp of LogL: 0.000000, Normalized LogL: -0.879504, Exp of Normalized LogL: 0.414989, Best Rate: 0.3
Fault: [5,1,2,3,4,5], logL: -17.590076, Exp of LogL: 0.000000, Normalized LogL: -0.879504, Exp of Normalized LogL: 0.414989, Best Rate: 0.3
Fault: [4,1,0,3,4,5], logL: -18.150771, Exp of LogL: 0.000000, Normalized LogL: -0.907539, Exp of Normalized LogL: 0.403516, Best Rate: 0.3
Fault: [4,1,1,3,4,5], logL: -18.160140, Exp of LogL: 0.000000, Normalized LogL: -0.908007, Exp of Normalized LogL: 0.403327, Best Rate: 0.3
Fault: [4,1,5,3,4,5], logL: -18.335845, Exp of LogL: 0.000000, Normalized LogL: -0.916792, Exp of Normalized LogL: 0.399799, Best Rate: 0.3
Fault: [4,1,4,3,4,5], logL: -18.335845, Exp of LogL: 0.000000, Normalized LogL: -0.916792, Exp of Normalized LogL: 0.399799, Best Rate: 0.3
Fault: [0,1,2,3,4,5], logL: -19.119113, Exp of LogL: 0.000000, Normalized LogL: -0.955956, Exp of Normalized LogL: 0.384445, Best Rate: 0.3
Fault: [1,1,2,3,4,5], logL: -20.183517, Exp of LogL: 0.000000, Normalized LogL: -1.009176, Exp of Normalized LogL: 0.364519, Best Rate: 0.3
Fault: [3,1,2,3,4,5], logL: -21.078071, Exp of LogL: 0.000000, Normalized LogL: -1.053904, Exp of Normalized LogL: 0.348574, Best Rate: 0.3

========= ADAPTIVE MC DEBUG =========
Total calls: 200
Avg tries: 1780.00
Confidence stops: 200
Max stops: 0
Max stop rate: 0.000
Real Fault Rank 2
================= 22/08/2026 08:00:57: SEED 61 END =================
================= 22/08/2026 08:00:57: SEED 62 (60/100), a*=3 fault=[0,1,2,4,4,5] START =================
===== SEED 62 | FR=0.3 | VR=20 =====
executing with fault mode: [0,1,2,4,4,5]

Fault scores (higher is better):
Fault: [0,1,1,4,4,5], logL: -6.239866, Exp of LogL: 0.001950, Normalized LogL: -1.559966, Exp of Normalized LogL: 0.210143, Best Rate: 0.3
Fault: [0,1,2,3,4,5], logL: -6.254613, Exp of LogL: 0.001922, Normalized LogL: -1.563653, Exp of Normalized LogL: 0.209370, Best Rate: 0.3
Fault: [0,1,2,5,4,5], logL: -6.261892, Exp of LogL: 0.001908, Normalized LogL: -1.565473, Exp of Normalized LogL: 0.208989, Best Rate: 0.3
Fault: [0,1,2,4,4,5], logL: -6.261892, Exp of LogL: 0.001908, Normalized LogL: -1.565473, Exp of Normalized LogL: 0.208989, Best Rate: 0.3
Fault: [0,1,2,0,4,5], logL: -6.353400, Exp of LogL: 0.001741, Normalized LogL: -1.588350, Exp of Normalized LogL: 0.204262, Best Rate: 0.3
Fault: [0,1,2,1,4,5], logL: -6.386190, Exp of LogL: 0.001685, Normalized LogL: -1.596547, Exp of Normalized LogL: 0.202595, Best Rate: 0.3
Fault: [0,1,3,4,4,5], logL: -6.420067, Exp of LogL: 0.001629, Normalized LogL: -1.605017, Exp of Normalized LogL: 0.200886, Best Rate: 0.3
Fault: [0,1,2,2,4,5], logL: -6.508792, Exp of LogL: 0.001490, Normalized LogL: -1.627198, Exp of Normalized LogL: 0.196479, Best Rate: 0.3
Fault: [0,1,5,4,4,5], logL: -6.536378, Exp of LogL: 0.001450, Normalized LogL: -1.634094, Exp of Normalized LogL: 0.195129, Best Rate: 0.3
Fault: [0,1,4,4,4,5], logL: -6.536378, Exp of LogL: 0.001450, Normalized LogL: -1.634094, Exp of Normalized LogL: 0.195129, Best Rate: 0.3

========= ADAPTIVE MC DEBUG =========
Total calls: 40
Avg tries: 1420.00
Confidence stops: 40
Max stops: 0
Max stop rate: 0.000
Real Fault Rank 4
===== SEED 62 | FR=0.3 | VR=40 =====
executing with fault mode: [0,1,2,4,4,5]

Fault scores (higher is better):
Fault: [0,1,2,5,4,5], logL: -13.072446, Exp of LogL: 0.000002, Normalized LogL: -1.634056, Exp of Normalized LogL: 0.195137, Best Rate: 0.3
Fault: [0,1,2,4,4,5], logL: -13.072446, Exp of LogL: 0.000002, Normalized LogL: -1.634056, Exp of Normalized LogL: 0.195137, Best Rate: 0.3
Fault: [0,1,2,3,4,5], logL: -13.290110, Exp of LogL: 0.000002, Normalized LogL: -1.661264, Exp of Normalized LogL: 0.189899, Best Rate: 0.3
Fault: [0,1,1,4,4,5], logL: -13.311903, Exp of LogL: 0.000002, Normalized LogL: -1.663988, Exp of Normalized LogL: 0.189382, Best Rate: 0.3
Fault: [0,1,2,1,4,5], logL: -13.451221, Exp of LogL: 0.000001, Normalized LogL: -1.681403, Exp of Normalized LogL: 0.186113, Best Rate: 0.3
Fault: [0,1,2,0,4,5], logL: -13.488961, Exp of LogL: 0.000001, Normalized LogL: -1.686120, Exp of Normalized LogL: 0.185237, Best Rate: 0.3
Fault: [0,1,3,4,4,5], logL: -13.499044, Exp of LogL: 0.000001, Normalized LogL: -1.687380, Exp of Normalized LogL: 0.185004, Best Rate: 0.3
Fault: [0,1,5,4,4,5], logL: -13.499044, Exp of LogL: 0.000001, Normalized LogL: -1.687380, Exp of Normalized LogL: 0.185004, Best Rate: 0.3
Fault: [0,1,4,4,4,5], logL: -13.499044, Exp of LogL: 0.000001, Normalized LogL: -1.687380, Exp of Normalized LogL: 0.185004, Best Rate: 0.3
Fault: [0,1,2,2,4,5], logL: -13.845636, Exp of LogL: 0.000001, Normalized LogL: -1.730704, Exp of Normalized LogL: 0.177160, Best Rate: 0.3

========= ADAPTIVE MC DEBUG =========
Total calls: 80
Avg tries: 1371.88
Confidence stops: 80
Max stops: 0
Max stop rate: 0.000
Real Fault Rank 2
===== SEED 62 | FR=0.3 | VR=60 =====
executing with fault mode: [0,1,2,4,4,5]

Fault scores (higher is better):
Fault: [0,1,2,5,4,5], logL: -16.528560, Exp of LogL: 0.000000, Normalized LogL: -1.377380, Exp of Normalized LogL: 0.252239, Best Rate: 0.3
Fault: [0,1,2,4,4,5], logL: -16.528560, Exp of LogL: 0.000000, Normalized LogL: -1.377380, Exp of Normalized LogL: 0.252239, Best Rate: 0.3
Fault: [0,1,2,1,4,5], logL: -16.696691, Exp of LogL: 0.000000, Normalized LogL: -1.391391, Exp of Normalized LogL: 0.248729, Best Rate: 0.3
Fault: [0,1,2,3,4,5], logL: -16.697881, Exp of LogL: 0.000000, Normalized LogL: -1.391490, Exp of Normalized LogL: 0.248704, Best Rate: 0.3
Fault: [0,1,1,4,4,5], logL: -16.768017, Exp of LogL: 0.000000, Normalized LogL: -1.397335, Exp of Normalized LogL: 0.247255, Best Rate: 0.3
Fault: [0,1,3,4,4,5], logL: -16.955158, Exp of LogL: 0.000000, Normalized LogL: -1.412930, Exp of Normalized LogL: 0.243429, Best Rate: 0.3
Fault: [0,1,5,4,4,5], logL: -16.955158, Exp of LogL: 0.000000, Normalized LogL: -1.412930, Exp of Normalized LogL: 0.243429, Best Rate: 0.3
Fault: [0,1,4,4,4,5], logL: -16.955158, Exp of LogL: 0.000000, Normalized LogL: -1.412930, Exp of Normalized LogL: 0.243429, Best Rate: 0.3
Fault: [0,1,2,2,4,5], logL: -17.602181, Exp of LogL: 0.000000, Normalized LogL: -1.466848, Exp of Normalized LogL: 0.230651, Best Rate: 0.3
Fault: [0,1,2,0,4,5], logL: -17.731228, Exp of LogL: 0.000000, Normalized LogL: -1.477602, Exp of Normalized LogL: 0.228184, Best Rate: 0.3

========= ADAPTIVE MC DEBUG =========
Total calls: 120
Avg tries: 1568.75
Confidence stops: 120
Max stops: 0
Max stop rate: 0.000
Real Fault Rank 2
===== SEED 62 | FR=0.3 | VR=80 =====
executing with fault mode: [0,1,2,4,4,5]

Fault scores (higher is better):
Fault: [0,1,2,5,4,5], logL: -17.306626, Exp of LogL: 0.000000, Normalized LogL: -1.081664, Exp of Normalized LogL: 0.339031, Best Rate: 0.3
Fault: [0,1,2,4,4,5], logL: -17.306626, Exp of LogL: 0.000000, Normalized LogL: -1.081664, Exp of Normalized LogL: 0.339031, Best Rate: 0.3
Fault: [0,1,1,4,4,5], logL: -17.569049, Exp of LogL: 0.000000, Normalized LogL: -1.098066, Exp of Normalized LogL: 0.333516, Best Rate: 0.3
Fault: [0,1,3,4,4,5], logL: -17.661014, Exp of LogL: 0.000000, Normalized LogL: -1.103813, Exp of Normalized LogL: 0.331604, Best Rate: 0.3
Fault: [0,1,5,4,4,5], logL: -17.661014, Exp of LogL: 0.000000, Normalized LogL: -1.103813, Exp of Normalized LogL: 0.331604, Best Rate: 0.3
Fault: [0,1,4,4,4,5], logL: -17.661014, Exp of LogL: 0.000000, Normalized LogL: -1.103813, Exp of Normalized LogL: 0.331604, Best Rate: 0.3
Fault: [0,1,2,1,4,5], logL: -42.418760, Exp of LogL: 0.000000, Normalized LogL: -2.651172, Exp of Normalized LogL: 0.070568, Best Rate: 0.3
Fault: [0,1,2,3,4,5], logL: -42.540661, Exp of LogL: 0.000000, Normalized LogL: -2.658791, Exp of Normalized LogL: 0.070033, Best Rate: 0.3
Fault: [0,1,2,2,4,5], logL: -43.258806, Exp of LogL: 0.000000, Normalized LogL: -2.703675, Exp of Normalized LogL: 0.066959, Best Rate: 0.3
Fault: [0,1,2,0,4,5], logL: -43.453051, Exp of LogL: 0.000000, Normalized LogL: -2.715816, Exp of Normalized LogL: 0.066151, Best Rate: 0.3

========= ADAPTIVE MC DEBUG =========
Total calls: 160
Avg tries: 1751.88
Confidence stops: 160
Max stops: 0
Max stop rate: 0.000
Real Fault Rank 2
===== SEED 62 | FR=0.3 | VR=100 =====
executing with fault mode: [0,1,2,4,4,5]

Fault scores (higher is better):
Fault: [0,1,2,5,4,5], logL: -18.501742, Exp of LogL: 0.000000, Normalized LogL: -0.925087, Exp of Normalized LogL: 0.396497, Best Rate: 0.3
Fault: [0,1,2,4,4,5], logL: -18.501742, Exp of LogL: 0.000000, Normalized LogL: -0.925087, Exp of Normalized LogL: 0.396497, Best Rate: 0.3
Fault: [0,1,1,4,4,5], logL: -18.764165, Exp of LogL: 0.000000, Normalized LogL: -0.938208, Exp of Normalized LogL: 0.391328, Best Rate: 0.3
Fault: [0,1,3,4,4,5], logL: -18.856130, Exp of LogL: 0.000000, Normalized LogL: -0.942807, Exp of Normalized LogL: 0.389533, Best Rate: 0.3
Fault: [0,1,5,4,4,5], logL: -18.856130, Exp of LogL: 0.000000, Normalized LogL: -0.942807, Exp of Normalized LogL: 0.389533, Best Rate: 0.3
Fault: [0,1,4,4,4,5], logL: -18.856130, Exp of LogL: 0.000000, Normalized LogL: -0.942807, Exp of Normalized LogL: 0.389533, Best Rate: 0.3
Fault: [0,1,2,3,4,5], logL: -43.430841, Exp of LogL: 0.000000, Normalized LogL: -2.171542, Exp of Normalized LogL: 0.114002, Best Rate: 0.3
Fault: [0,1,2,1,4,5], logL: -43.580776, Exp of LogL: 0.000000, Normalized LogL: -2.179039, Exp of Normalized LogL: 0.113150, Best Rate: 0.3
Fault: [0,1,2,2,4,5], logL: -44.512630, Exp of LogL: 0.000000, Normalized LogL: -2.225632, Exp of Normalized LogL: 0.107999, Best Rate: 0.3
Fault: [0,1,2,0,4,5], logL: -44.599244, Exp of LogL: 0.000000, Normalized LogL: -2.229962, Exp of Normalized LogL: 0.107532, Best Rate: 0.3

========= ADAPTIVE MC DEBUG =========
Total calls: 200
Avg tries: 1720.50
Confidence stops: 200
Max stops: 0
Max stop rate: 0.000
Real Fault Rank 2
================= 22/08/2026 08:03:43: SEED 62 END =================
================= 22/08/2026 08:03:43: SEED 63 (61/100), a*=1 fault=[0,4,2,3,4,5] START =================
===== SEED 63 | FR=0.3 | VR=20 =====
executing with fault mode: [0,4,2,3,4,5]

Fault scores (higher is better):
Fault: [0,4,2,3,4,5], logL: -19.773145, Exp of LogL: 0.000000, Normalized LogL: -2.197016, Exp of Normalized LogL: 0.111134, Best Rate: 0.3
Fault: [0,5,2,3,4,5], logL: -19.773145, Exp of LogL: 0.000000, Normalized LogL: -2.197016, Exp of Normalized LogL: 0.111134, Best Rate: 0.3
Fault: [0,4,2,3,2,5], logL: -19.852798, Exp of LogL: 0.000000, Normalized LogL: -2.205866, Exp of Normalized LogL: 0.110155, Best Rate: 0.3
Fault: [0,4,2,3,1,5], logL: -19.852798, Exp of LogL: 0.000000, Normalized LogL: -2.205866, Exp of Normalized LogL: 0.110155, Best Rate: 0.3
Fault: [0,4,2,3,5,5], logL: -19.852798, Exp of LogL: 0.000000, Normalized LogL: -2.205866, Exp of Normalized LogL: 0.110155, Best Rate: 0.3
Fault: [0,4,2,3,3,5], logL: -19.954290, Exp of LogL: 0.000000, Normalized LogL: -2.217143, Exp of Normalized LogL: 0.108920, Best Rate: 0.3
Fault: [0,2,2,3,4,5], logL: -20.030668, Exp of LogL: 0.000000, Normalized LogL: -2.225630, Exp of Normalized LogL: 0.107999, Best Rate: 0.3
Fault: [0,1,2,3,4,5], logL: -20.141310, Exp of LogL: 0.000000, Normalized LogL: -2.237923, Exp of Normalized LogL: 0.106680, Best Rate: 0.3
Fault: [0,3,2,3,4,5], logL: -20.318162, Exp of LogL: 0.000000, Normalized LogL: -2.257574, Exp of Normalized LogL: 0.104604, Best Rate: 0.3
Fault: [0,0,2,3,4,5], logL: -20.833448, Exp of LogL: 0.000000, Normalized LogL: -2.314828, Exp of Normalized LogL: 0.098783, Best Rate: 0.3

========= ADAPTIVE MC DEBUG =========
Total calls: 90
Avg tries: 1090.56
Confidence stops: 90
Max stops: 0
Max stop rate: 0.000
Real Fault Rank 1
===== SEED 63 | FR=0.3 | VR=40 =====
executing with fault mode: [0,4,2,3,4,5]

Fault scores (higher is better):
Fault: [0,4,2,3,4,5], logL: -26.269440, Exp of LogL: 0.000000, Normalized LogL: -1.545261, Exp of Normalized LogL: 0.213256, Best Rate: 0.3
Fault: [0,5,2,3,4,5], logL: -26.269440, Exp of LogL: 0.000000, Normalized LogL: -1.545261, Exp of Normalized LogL: 0.213256, Best Rate: 0.3
Fault: [0,4,2,3,2,5], logL: -26.617808, Exp of LogL: 0.000000, Normalized LogL: -1.565753, Exp of Normalized LogL: 0.208931, Best Rate: 0.3
Fault: [0,4,2,3,1,5], logL: -26.617808, Exp of LogL: 0.000000, Normalized LogL: -1.565753, Exp of Normalized LogL: 0.208931, Best Rate: 0.3
Fault: [0,4,2,3,5,5], logL: -26.617808, Exp of LogL: 0.000000, Normalized LogL: -1.565753, Exp of Normalized LogL: 0.208931, Best Rate: 0.3
Fault: [0,4,2,3,3,5], logL: -26.617808, Exp of LogL: 0.000000, Normalized LogL: -1.565753, Exp of Normalized LogL: 0.208931, Best Rate: 0.3
Fault: [0,2,2,3,4,5], logL: -27.026069, Exp of LogL: 0.000000, Normalized LogL: -1.589769, Exp of Normalized LogL: 0.203973, Best Rate: 0.3
Fault: [0,1,2,3,4,5], logL: -29.317084, Exp of LogL: 0.000000, Normalized LogL: -1.724534, Exp of Normalized LogL: 0.178256, Best Rate: 0.3
Fault: [0,0,2,3,4,5], logL: -29.516015, Exp of LogL: 0.000000, Normalized LogL: -1.736236, Exp of Normalized LogL: 0.176182, Best Rate: 0.3
Fault: [0,3,2,3,4,5], logL: -30.222758, Exp of LogL: 0.000000, Normalized LogL: -1.777809, Exp of Normalized LogL: 0.169008, Best Rate: 0.3

========= ADAPTIVE MC DEBUG =========
Total calls: 170
Avg tries: 1592.94
Confidence stops: 170
Max stops: 0
Max stop rate: 0.000
Real Fault Rank 1
===== SEED 63 | FR=0.3 | VR=60 =====
executing with fault mode: [0,4,2,3,4,5]

Fault scores (higher is better):
Fault: [0,4,2,3,4,5], logL: -31.685250, Exp of LogL: 0.000000, Normalized LogL: -1.218663, Exp of Normalized LogL: 0.295625, Best Rate: 0.3
Fault: [0,5,2,3,4,5], logL: -31.685250, Exp of LogL: 0.000000, Normalized LogL: -1.218663, Exp of Normalized LogL: 0.295625, Best Rate: 0.3
Fault: [0,4,2,3,2,5], logL: -32.020023, Exp of LogL: 0.000000, Normalized LogL: -1.231539, Exp of Normalized LogL: 0.291843, Best Rate: 0.3
Fault: [0,4,2,3,1,5], logL: -32.020023, Exp of LogL: 0.000000, Normalized LogL: -1.231539, Exp of Normalized LogL: 0.291843, Best Rate: 0.3
Fault: [0,4,2,3,5,5], logL: -32.020023, Exp of LogL: 0.000000, Normalized LogL: -1.231539, Exp of Normalized LogL: 0.291843, Best Rate: 0.3
Fault: [0,4,2,3,3,5], logL: -32.020023, Exp of LogL: 0.000000, Normalized LogL: -1.231539, Exp of Normalized LogL: 0.291843, Best Rate: 0.3
Fault: [0,2,2,3,4,5], logL: -32.769646, Exp of LogL: 0.000000, Normalized LogL: -1.260371, Exp of Normalized LogL: 0.283549, Best Rate: 0.3
Fault: [0,0,2,3,4,5], logL: -34.907855, Exp of LogL: 0.000000, Normalized LogL: -1.342610, Exp of Normalized LogL: 0.261163, Best Rate: 0.3
Fault: [0,1,2,3,4,5], logL: -34.933045, Exp of LogL: 0.000000, Normalized LogL: -1.343579, Exp of Normalized LogL: 0.260910, Best Rate: 0.3
Fault: [0,3,2,3,4,5], logL: -35.638567, Exp of LogL: 0.000000, Normalized LogL: -1.370714, Exp of Normalized LogL: 0.253926, Best Rate: 0.3

========= ADAPTIVE MC DEBUG =========
Total calls: 260
Avg tries: 1681.54
Confidence stops: 260
Max stops: 0
Max stop rate: 0.000
Real Fault Rank 1
===== SEED 63 | FR=0.3 | VR=80 =====
executing with fault mode: [0,4,2,3,4,5]

Fault scores (higher is better):
Fault: [0,4,2,3,4,5], logL: -65.110293, Exp of LogL: 0.000000, Normalized LogL: -1.915009, Exp of Normalized LogL: 0.147341, Best Rate: 0.3
Fault: [0,5,2,3,4,5], logL: -65.110293, Exp of LogL: 0.000000, Normalized LogL: -1.915009, Exp of Normalized LogL: 0.147341, Best Rate: 0.3
Fault: [0,4,2,3,2,5], logL: -65.445066, Exp of LogL: 0.000000, Normalized LogL: -1.924855, Exp of Normalized LogL: 0.145897, Best Rate: 0.3
Fault: [0,4,2,3,1,5], logL: -65.445066, Exp of LogL: 0.000000, Normalized LogL: -1.924855, Exp of Normalized LogL: 0.145897, Best Rate: 0.3
Fault: [0,4,2,3,5,5], logL: -65.445066, Exp of LogL: 0.000000, Normalized LogL: -1.924855, Exp of Normalized LogL: 0.145897, Best Rate: 0.3
Fault: [0,4,2,3,3,5], logL: -65.445066, Exp of LogL: 0.000000, Normalized LogL: -1.924855, Exp of Normalized LogL: 0.145897, Best Rate: 0.3
Fault: [0,2,2,3,4,5], logL: -65.727904, Exp of LogL: 0.000000, Normalized LogL: -1.933174, Exp of Normalized LogL: 0.144688, Best Rate: 0.3
Fault: [0,1,2,3,4,5], logL: -66.834902, Exp of LogL: 0.000000, Normalized LogL: -1.965732, Exp of Normalized LogL: 0.140053, Best Rate: 0.3
Fault: [0,0,2,3,4,5], logL: -68.789971, Exp of LogL: 0.000000, Normalized LogL: -2.023234, Exp of Normalized LogL: 0.132227, Best Rate: 0.3
Fault: [0,3,2,3,4,5], logL: -68.994872, Exp of LogL: 0.000000, Normalized LogL: -2.029261, Exp of Normalized LogL: 0.131433, Best Rate: 0.3

========= ADAPTIVE MC DEBUG =========
Total calls: 340
Avg tries: 1695.15
Confidence stops: 340
Max stops: 0
Max stop rate: 0.000
Real Fault Rank 1
===== SEED 63 | FR=0.3 | VR=100 =====
executing with fault mode: [0,4,2,3,4,5]

Fault scores (higher is better):
Fault: [0,4,2,3,4,5], logL: -44.062953, Exp of LogL: 0.000000, Normalized LogL: -1.024720, Exp of Normalized LogL: 0.358897, Best Rate: 0.3
Fault: [0,5,2,3,4,5], logL: -44.062953, Exp of LogL: 0.000000, Normalized LogL: -1.024720, Exp of Normalized LogL: 0.358897, Best Rate: 0.3
Fault: [0,4,2,3,2,5], logL: -44.397726, Exp of LogL: 0.000000, Normalized LogL: -1.032505, Exp of Normalized LogL: 0.356114, Best Rate: 0.3
Fault: [0,4,2,3,1,5], logL: -44.397726, Exp of LogL: 0.000000, Normalized LogL: -1.032505, Exp of Normalized LogL: 0.356114, Best Rate: 0.3
Fault: [0,4,2,3,5,5], logL: -44.397726, Exp of LogL: 0.000000, Normalized LogL: -1.032505, Exp of Normalized LogL: 0.356114, Best Rate: 0.3
Fault: [0,4,2,3,3,5], logL: -44.397726, Exp of LogL: 0.000000, Normalized LogL: -1.032505, Exp of Normalized LogL: 0.356114, Best Rate: 0.3
Fault: [0,2,2,3,4,5], logL: -45.149082, Exp of LogL: 0.000000, Normalized LogL: -1.049979, Exp of Normalized LogL: 0.349945, Best Rate: 0.3
Fault: [0,1,2,3,4,5], logL: -45.883890, Exp of LogL: 0.000000, Normalized LogL: -1.067067, Exp of Normalized LogL: 0.344016, Best Rate: 0.3
Fault: [0,3,2,3,4,5], logL: -47.947532, Exp of LogL: 0.000000, Normalized LogL: -1.115059, Exp of Normalized LogL: 0.327896, Best Rate: 0.3
Fault: [0,0,2,3,4,5], logL: -47.969529, Exp of LogL: 0.000000, Normalized LogL: -1.115570, Exp of Normalized LogL: 0.327728, Best Rate: 0.3

========= ADAPTIVE MC DEBUG =========
Total calls: 430
Avg tries: 1756.16
Confidence stops: 430
Max stops: 0
Max stop rate: 0.000
Real Fault Rank 1
================= 22/08/2026 08:09:37: SEED 63 END =================
================= 22/08/2026 08:09:37: SEED 64 (62/100), a*=1 fault=[0,4,2,3,4,5] START =================
===== SEED 64 | FR=0.3 | VR=20 =====
executing with fault mode: [0,4,2,3,4,5]

executing with fault mode: [0,4,2,3,4,5]

Fault scores (higher is better):
Fault: [0,4,2,3,0,5], logL: -8.320615, Exp of LogL: 0.000243, Normalized LogL: -2.080154, Exp of Normalized LogL: 0.124911, Best Rate: 0.3
Fault: [0,4,2,3,1,5], logL: -8.338211, Exp of LogL: 0.000239, Normalized LogL: -2.084553, Exp of Normalized LogL: 0.124363, Best Rate: 0.3
Fault: [0,4,2,3,2,5], logL: -8.338211, Exp of LogL: 0.000239, Normalized LogL: -2.084553, Exp of Normalized LogL: 0.124363, Best Rate: 0.3
Fault: [0,4,2,3,5,5], logL: -8.338211, Exp of LogL: 0.000239, Normalized LogL: -2.084553, Exp of Normalized LogL: 0.124363, Best Rate: 0.3
Fault: [0,2,2,3,4,5], logL: -8.523409, Exp of LogL: 0.000199, Normalized LogL: -2.130852, Exp of Normalized LogL: 0.118736, Best Rate: 0.3
Fault: [0,4,2,3,4,5], logL: -8.547465, Exp of LogL: 0.000194, Normalized LogL: -2.136866, Exp of Normalized LogL: 0.118024, Best Rate: 0.3
Fault: [0,5,2,3,4,5], logL: -8.547465, Exp of LogL: 0.000194, Normalized LogL: -2.136866, Exp of Normalized LogL: 0.118024, Best Rate: 0.3
Fault: [0,1,2,3,4,5], logL: -9.487729, Exp of LogL: 0.000076, Normalized LogL: -2.371932, Exp of Normalized LogL: 0.093300, Best Rate: 0.3
Fault: [0,0,2,3,4,5], logL: -10.106209, Exp of LogL: 0.000041, Normalized LogL: -2.526552, Exp of Normalized LogL: 0.079934, Best Rate: 0.3
Fault: [0,3,2,3,4,5], logL: -10.360884, Exp of LogL: 0.000032, Normalized LogL: -2.590221, Exp of Normalized LogL: 0.075003, Best Rate: 0.3

========= ADAPTIVE MC DEBUG =========
Total calls: 40
Avg tries: 1102.50
Confidence stops: 40
Max stops: 0
Max stop rate: 0.000
Real Fault Rank 6
===== SEED 64 | FR=0.3 | VR=40 =====
executing with fault mode: [0,4,2,3,4,5]

executing with fault mode: [0,4,2,3,4,5]

Fault scores (higher is better):
Fault: [0,2,2,3,4,5], logL: -11.321544, Exp of LogL: 0.000012, Normalized LogL: -1.617363, Exp of Normalized LogL: 0.198421, Best Rate: 0.3
Fault: [0,4,2,3,4,5], logL: -11.345600, Exp of LogL: 0.000012, Normalized LogL: -1.620800, Exp of Normalized LogL: 0.197740, Best Rate: 0.3
Fault: [0,5,2,3,4,5], logL: -11.345600, Exp of LogL: 0.000012, Normalized LogL: -1.620800, Exp of Normalized LogL: 0.197740, Best Rate: 0.3
Fault: [0,4,2,3,1,5], logL: -11.499751, Exp of LogL: 0.000010, Normalized LogL: -1.642822, Exp of Normalized LogL: 0.193433, Best Rate: 0.3
Fault: [0,4,2,3,0,5], logL: -11.499751, Exp of LogL: 0.000010, Normalized LogL: -1.642822, Exp of Normalized LogL: 0.193433, Best Rate: 0.3
Fault: [0,4,2,3,2,5], logL: -11.499751, Exp of LogL: 0.000010, Normalized LogL: -1.642822, Exp of Normalized LogL: 0.193433, Best Rate: 0.3
Fault: [0,4,2,3,5,5], logL: -11.499751, Exp of LogL: 0.000010, Normalized LogL: -1.642822, Exp of Normalized LogL: 0.193433, Best Rate: 0.3
Fault: [0,1,2,3,4,5], logL: -12.685732, Exp of LogL: 0.000003, Normalized LogL: -1.812247, Exp of Normalized LogL: 0.163287, Best Rate: 0.3
Fault: [0,0,2,3,4,5], logL: -13.375175, Exp of LogL: 0.000002, Normalized LogL: -1.910739, Exp of Normalized LogL: 0.147971, Best Rate: 0.3
Fault: [0,3,2,3,4,5], logL: -14.036372, Exp of LogL: 0.000001, Normalized LogL: -2.005196, Exp of Normalized LogL: 0.134634, Best Rate: 0.3

========= ADAPTIVE MC DEBUG =========
Total calls: 70
Avg tries: 1513.57
Confidence stops: 70
Max stops: 0
Max stop rate: 0.000
Real Fault Rank 2
===== SEED 64 | FR=0.3 | VR=60 =====
executing with fault mode: [0,4,2,3,4,5]

executing with fault mode: [0,4,2,3,4,5]

Fault scores (higher is better):
Fault: [0,2,2,3,4,5], logL: -12.966063, Exp of LogL: 0.000002, Normalized LogL: -1.178733, Exp of Normalized LogL: 0.307668, Best Rate: 0.3
Fault: [0,4,2,3,4,5], logL: -12.990119, Exp of LogL: 0.000002, Normalized LogL: -1.180920, Exp of Normalized LogL: 0.306996, Best Rate: 0.3
Fault: [0,5,2,3,4,5], logL: -12.990119, Exp of LogL: 0.000002, Normalized LogL: -1.180920, Exp of Normalized LogL: 0.306996, Best Rate: 0.3
Fault: [0,4,2,3,1,5], logL: -13.328730, Exp of LogL: 0.000002, Normalized LogL: -1.211703, Exp of Normalized LogL: 0.297690, Best Rate: 0.3
Fault: [0,4,2,3,0,5], logL: -13.328730, Exp of LogL: 0.000002, Normalized LogL: -1.211703, Exp of Normalized LogL: 0.297690, Best Rate: 0.3
Fault: [0,4,2,3,2,5], logL: -13.328730, Exp of LogL: 0.000002, Normalized LogL: -1.211703, Exp of Normalized LogL: 0.297690, Best Rate: 0.3
Fault: [0,4,2,3,5,5], logL: -13.328730, Exp of LogL: 0.000002, Normalized LogL: -1.211703, Exp of Normalized LogL: 0.297690, Best Rate: 0.3
Fault: [0,1,2,3,4,5], logL: -14.279285, Exp of LogL: 0.000001, Normalized LogL: -1.298117, Exp of Normalized LogL: 0.273046, Best Rate: 0.3
Fault: [0,0,2,3,4,5], logL: -15.019694, Exp of LogL: 0.000000, Normalized LogL: -1.365427, Exp of Normalized LogL: 0.255272, Best Rate: 0.3
Fault: [0,3,2,3,4,5], logL: -15.608855, Exp of LogL: 0.000000, Normalized LogL: -1.418987, Exp of Normalized LogL: 0.241959, Best Rate: 0.3

========= ADAPTIVE MC DEBUG =========
Total calls: 110
Avg tries: 1763.18
Confidence stops: 110
Max stops: 0
Max stop rate: 0.000
Real Fault Rank 2
===== SEED 64 | FR=0.3 | VR=80 =====
executing with fault mode: [0,4,2,3,4,5]

executing with fault mode: [0,4,2,3,4,5]

Fault scores (higher is better):
Fault: [0,4,2,3,4,5], logL: -14.455592, Exp of LogL: 0.000001, Normalized LogL: -1.032542, Exp of Normalized LogL: 0.356100, Best Rate: 0.3
Fault: [0,5,2,3,4,5], logL: -14.455592, Exp of LogL: 0.000001, Normalized LogL: -1.032542, Exp of Normalized LogL: 0.356100, Best Rate: 0.3
Fault: [0,2,2,3,4,5], logL: -14.455592, Exp of LogL: 0.000001, Normalized LogL: -1.032542, Exp of Normalized LogL: 0.356100, Best Rate: 0.3
Fault: [0,4,2,3,1,5], logL: -14.835668, Exp of LogL: 0.000000, Normalized LogL: -1.059691, Exp of Normalized LogL: 0.346563, Best Rate: 0.3
Fault: [0,4,2,3,0,5], logL: -14.835668, Exp of LogL: 0.000000, Normalized LogL: -1.059691, Exp of Normalized LogL: 0.346563, Best Rate: 0.3
Fault: [0,4,2,3,2,5], logL: -14.835668, Exp of LogL: 0.000000, Normalized LogL: -1.059691, Exp of Normalized LogL: 0.346563, Best Rate: 0.3
Fault: [0,4,2,3,5,5], logL: -14.835668, Exp of LogL: 0.000000, Normalized LogL: -1.059691, Exp of Normalized LogL: 0.346563, Best Rate: 0.3
Fault: [0,1,2,3,4,5], logL: -15.711353, Exp of LogL: 0.000000, Normalized LogL: -1.122240, Exp of Normalized LogL: 0.325550, Best Rate: 0.3
Fault: [0,0,2,3,4,5], logL: -16.555709, Exp of LogL: 0.000000, Normalized LogL: -1.182551, Exp of Normalized LogL: 0.306496, Best Rate: 0.3
Fault: [0,3,2,3,4,5], logL: -17.063514, Exp of LogL: 0.000000, Normalized LogL: -1.218822, Exp of Normalized LogL: 0.295578, Best Rate: 0.3

========= ADAPTIVE MC DEBUG =========
Total calls: 140
Avg tries: 1731.07
Confidence stops: 140
Max stops: 0
Max stop rate: 0.000
Real Fault Rank 1
===== SEED 64 | FR=0.3 | VR=100 =====
executing with fault mode: [0,4,2,3,4,5]

executing with fault mode: [0,4,2,3,4,5]

Fault scores (higher is better):
Fault: [0,4,2,3,4,5], logL: -15.407194, Exp of LogL: 0.000000, Normalized LogL: -0.855955, Exp of Normalized LogL: 0.424877, Best Rate: 0.3
Fault: [0,5,2,3,4,5], logL: -15.407194, Exp of LogL: 0.000000, Normalized LogL: -0.855955, Exp of Normalized LogL: 0.424877, Best Rate: 0.3
Fault: [0,2,2,3,4,5], logL: -15.407194, Exp of LogL: 0.000000, Normalized LogL: -0.855955, Exp of Normalized LogL: 0.424877, Best Rate: 0.3
Fault: [0,4,2,3,1,5], logL: -15.787270, Exp of LogL: 0.000000, Normalized LogL: -0.877071, Exp of Normalized LogL: 0.416000, Best Rate: 0.3
Fault: [0,4,2,3,0,5], logL: -15.787270, Exp of LogL: 0.000000, Normalized LogL: -0.877071, Exp of Normalized LogL: 0.416000, Best Rate: 0.3
Fault: [0,4,2,3,2,5], logL: -15.787270, Exp of LogL: 0.000000, Normalized LogL: -0.877071, Exp of Normalized LogL: 0.416000, Best Rate: 0.3
Fault: [0,4,2,3,5,5], logL: -15.787270, Exp of LogL: 0.000000, Normalized LogL: -0.877071, Exp of Normalized LogL: 0.416000, Best Rate: 0.3
Fault: [0,1,2,3,4,5], logL: -16.759570, Exp of LogL: 0.000000, Normalized LogL: -0.931087, Exp of Normalized LogL: 0.394125, Best Rate: 0.3
Fault: [0,0,2,3,4,5], logL: -17.448297, Exp of LogL: 0.000000, Normalized LogL: -0.969350, Exp of Normalized LogL: 0.379330, Best Rate: 0.3
Fault: [0,3,2,3,4,5], logL: -18.186311, Exp of LogL: 0.000000, Normalized LogL: -1.010351, Exp of Normalized LogL: 0.364091, Best Rate: 0.3

========= ADAPTIVE MC DEBUG =========
Total calls: 180
Avg tries: 1774.44
Confidence stops: 180
Max stops: 0
Max stop rate: 0.000
Real Fault Rank 1
================= 22/08/2026 08:12:09: SEED 64 END =================
================= 22/08/2026 08:12:09: SEED 65 (63/100), a*=2 fault=[0,1,5,3,4,5] START =================
===== SEED 65 | FR=0.3 | VR=20 =====
executing with fault mode: [0,1,5,3,4,5]

Fault scores (higher is better):
Fault: [0,1,5,3,4,5], logL: -6.651135, Exp of LogL: 0.001293, Normalized LogL: -1.662784, Exp of Normalized LogL: 0.189610, Best Rate: 0.3
Fault: [0,1,4,3,4,5], logL: -6.651135, Exp of LogL: 0.001293, Normalized LogL: -1.662784, Exp of Normalized LogL: 0.189610, Best Rate: 0.3
Fault: [0,1,5,3,0,5], logL: -6.944788, Exp of LogL: 0.000964, Normalized LogL: -1.736197, Exp of Normalized LogL: 0.176189, Best Rate: 0.3
Fault: [0,1,5,3,5,5], logL: -6.944788, Exp of LogL: 0.000964, Normalized LogL: -1.736197, Exp of Normalized LogL: 0.176189, Best Rate: 0.3
Fault: [0,1,5,3,3,5], logL: -6.944788, Exp of LogL: 0.000964, Normalized LogL: -1.736197, Exp of Normalized LogL: 0.176189, Best Rate: 0.3
Fault: [0,1,5,3,1,5], logL: -6.944788, Exp of LogL: 0.000964, Normalized LogL: -1.736197, Exp of Normalized LogL: 0.176189, Best Rate: 0.3
Fault: [0,1,1,3,4,5], logL: -32.484367, Exp of LogL: 0.000000, Normalized LogL: -8.121092, Exp of Normalized LogL: 0.000297, Best Rate: 0.3
Fault: [0,1,2,3,4,5], logL: -32.508503, Exp of LogL: 0.000000, Normalized LogL: -8.127126, Exp of Normalized LogL: 0.000295, Best Rate: 0.3
Fault: [0,1,3,3,4,5], logL: -32.925328, Exp of LogL: 0.000000, Normalized LogL: -8.231332, Exp of Normalized LogL: 0.000266, Best Rate: 0.3
Fault: [0,1,0,3,4,5], logL: -32.938486, Exp of LogL: 0.000000, Normalized LogL: -8.234622, Exp of Normalized LogL: 0.000265, Best Rate: 0.3

========= ADAPTIVE MC DEBUG =========
Total calls: 40
Avg tries: 1420.00
Confidence stops: 40
Max stops: 0
Max stop rate: 0.000
Real Fault Rank 1
===== SEED 65 | FR=0.3 | VR=40 =====
executing with fault mode: [0,1,5,3,4,5]

Fault scores (higher is better):
Fault: [0,1,5,3,4,5], logL: -10.417260, Exp of LogL: 0.000030, Normalized LogL: -1.302158, Exp of Normalized LogL: 0.271944, Best Rate: 0.3
Fault: [0,1,4,3,4,5], logL: -10.417260, Exp of LogL: 0.000030, Normalized LogL: -1.302158, Exp of Normalized LogL: 0.271944, Best Rate: 0.3
Fault: [0,1,5,3,0,5], logL: -10.815311, Exp of LogL: 0.000020, Normalized LogL: -1.351914, Exp of Normalized LogL: 0.258745, Best Rate: 0.3
Fault: [0,1,5,3,5,5], logL: -10.815311, Exp of LogL: 0.000020, Normalized LogL: -1.351914, Exp of Normalized LogL: 0.258745, Best Rate: 0.3
Fault: [0,1,5,3,3,5], logL: -10.815311, Exp of LogL: 0.000020, Normalized LogL: -1.351914, Exp of Normalized LogL: 0.258745, Best Rate: 0.3
Fault: [0,1,5,3,1,5], logL: -10.815311, Exp of LogL: 0.000020, Normalized LogL: -1.351914, Exp of Normalized LogL: 0.258745, Best Rate: 0.3
Fault: [0,1,1,3,4,5], logL: -36.298870, Exp of LogL: 0.000000, Normalized LogL: -4.537359, Exp of Normalized LogL: 0.010702, Best Rate: 0.3
Fault: [0,1,2,3,4,5], logL: -36.316150, Exp of LogL: 0.000000, Normalized LogL: -4.539519, Exp of Normalized LogL: 0.010679, Best Rate: 0.3
Fault: [0,1,3,3,4,5], logL: -36.682209, Exp of LogL: 0.000000, Normalized LogL: -4.585276, Exp of Normalized LogL: 0.010201, Best Rate: 0.3
Fault: [0,1,0,3,4,5], logL: -36.683908, Exp of LogL: 0.000000, Normalized LogL: -4.585489, Exp of Normalized LogL: 0.010199, Best Rate: 0.3

========= ADAPTIVE MC DEBUG =========
Total calls: 80
Avg tries: 1434.38
Confidence stops: 80
Max stops: 0
Max stop rate: 0.000
Real Fault Rank 1
===== SEED 65 | FR=0.3 | VR=60 =====
executing with fault mode: [0,1,5,3,4,5]

Fault scores (higher is better):
Fault: [0,1,5,3,4,5], logL: -11.277561, Exp of LogL: 0.000013, Normalized LogL: -1.025233, Exp of Normalized LogL: 0.358713, Best Rate: 0.3
Fault: [0,1,4,3,4,5], logL: -11.277561, Exp of LogL: 0.000013, Normalized LogL: -1.025233, Exp of Normalized LogL: 0.358713, Best Rate: 0.3
Fault: [0,1,5,3,0,5], logL: -11.675612, Exp of LogL: 0.000008, Normalized LogL: -1.061419, Exp of Normalized LogL: 0.345964, Best Rate: 0.3
Fault: [0,1,5,3,5,5], logL: -11.675612, Exp of LogL: 0.000008, Normalized LogL: -1.061419, Exp of Normalized LogL: 0.345964, Best Rate: 0.3
Fault: [0,1,5,3,3,5], logL: -11.675612, Exp of LogL: 0.000008, Normalized LogL: -1.061419, Exp of Normalized LogL: 0.345964, Best Rate: 0.3
Fault: [0,1,5,3,1,5], logL: -11.675612, Exp of LogL: 0.000008, Normalized LogL: -1.061419, Exp of Normalized LogL: 0.345964, Best Rate: 0.3
Fault: [0,1,2,3,4,5], logL: -37.223460, Exp of LogL: 0.000000, Normalized LogL: -3.383951, Exp of Normalized LogL: 0.033913, Best Rate: 0.3
Fault: [0,1,0,3,4,5], logL: -37.525348, Exp of LogL: 0.000000, Normalized LogL: -3.411395, Exp of Normalized LogL: 0.032995, Best Rate: 0.3
Fault: [0,1,1,3,4,5], logL: -37.531593, Exp of LogL: 0.000000, Normalized LogL: -3.411963, Exp of Normalized LogL: 0.032976, Best Rate: 0.3
Fault: [0,1,3,3,4,5], logL: -37.607760, Exp of LogL: 0.000000, Normalized LogL: -3.418887, Exp of Normalized LogL: 0.032749, Best Rate: 0.3

========= ADAPTIVE MC DEBUG =========
Total calls: 110
Avg tries: 1651.82
Confidence stops: 110
Max stops: 0
Max stop rate: 0.000
Real Fault Rank 1
===== SEED 65 | FR=0.3 | VR=80 =====
executing with fault mode: [0,1,5,3,4,5]

Fault scores (higher is better):
Fault: [0,1,5,3,4,5], logL: -12.619235, Exp of LogL: 0.000003, Normalized LogL: -0.841282, Exp of Normalized LogL: 0.431157, Best Rate: 0.3
Fault: [0,1,4,3,4,5], logL: -12.619235, Exp of LogL: 0.000003, Normalized LogL: -0.841282, Exp of Normalized LogL: 0.431157, Best Rate: 0.3
Fault: [0,1,5,3,0,5], logL: -13.017286, Exp of LogL: 0.000002, Normalized LogL: -0.867819, Exp of Normalized LogL: 0.419866, Best Rate: 0.3
Fault: [0,1,5,3,5,5], logL: -13.017286, Exp of LogL: 0.000002, Normalized LogL: -0.867819, Exp of Normalized LogL: 0.419866, Best Rate: 0.3
Fault: [0,1,5,3,3,5], logL: -13.017286, Exp of LogL: 0.000002, Normalized LogL: -0.867819, Exp of Normalized LogL: 0.419866, Best Rate: 0.3
Fault: [0,1,5,3,1,5], logL: -13.017286, Exp of LogL: 0.000002, Normalized LogL: -0.867819, Exp of Normalized LogL: 0.419866, Best Rate: 0.3
Fault: [0,1,2,3,4,5], logL: -38.294039, Exp of LogL: 0.000000, Normalized LogL: -2.552936, Exp of Normalized LogL: 0.077853, Best Rate: 0.3
Fault: [0,1,0,3,4,5], logL: -38.867838, Exp of LogL: 0.000000, Normalized LogL: -2.591189, Exp of Normalized LogL: 0.074931, Best Rate: 0.3
Fault: [0,1,1,3,4,5], logL: -38.870990, Exp of LogL: 0.000000, Normalized LogL: -2.591399, Exp of Normalized LogL: 0.074915, Best Rate: 0.3
Fault: [0,1,3,3,4,5], logL: -39.033190, Exp of LogL: 0.000000, Normalized LogL: -2.602213, Exp of Normalized LogL: 0.074109, Best Rate: 0.3

========= ADAPTIVE MC DEBUG =========
Total calls: 150
Avg tries: 1801.67
Confidence stops: 150
Max stops: 0
Max stop rate: 0.000
Real Fault Rank 1
===== SEED 65 | FR=0.3 | VR=100 =====
executing with fault mode: [0,1,5,3,4,5]

Fault scores (higher is better):
Fault: [0,1,5,3,4,5], logL: -14.220109, Exp of LogL: 0.000001, Normalized LogL: -0.748427, Exp of Normalized LogL: 0.473110, Best Rate: 0.3
Fault: [0,1,4,3,4,5], logL: -14.220109, Exp of LogL: 0.000001, Normalized LogL: -0.748427, Exp of Normalized LogL: 0.473110, Best Rate: 0.3
Fault: [0,1,5,3,0,5], logL: -14.618160, Exp of LogL: 0.000000, Normalized LogL: -0.769377, Exp of Normalized LogL: 0.463302, Best Rate: 0.3
Fault: [0,1,5,3,5,5], logL: -14.618160, Exp of LogL: 0.000000, Normalized LogL: -0.769377, Exp of Normalized LogL: 0.463302, Best Rate: 0.3
Fault: [0,1,5,3,3,5], logL: -14.618160, Exp of LogL: 0.000000, Normalized LogL: -0.769377, Exp of Normalized LogL: 0.463302, Best Rate: 0.3
Fault: [0,1,5,3,1,5], logL: -14.618160, Exp of LogL: 0.000000, Normalized LogL: -0.769377, Exp of Normalized LogL: 0.463302, Best Rate: 0.3
Fault: [0,1,2,3,4,5], logL: -39.894913, Exp of LogL: 0.000000, Normalized LogL: -2.099732, Exp of Normalized LogL: 0.122489, Best Rate: 0.3
Fault: [0,1,0,3,4,5], logL: -40.468713, Exp of LogL: 0.000000, Normalized LogL: -2.129932, Exp of Normalized LogL: 0.118845, Best Rate: 0.3
Fault: [0,1,1,3,4,5], logL: -40.471864, Exp of LogL: 0.000000, Normalized LogL: -2.130098, Exp of Normalized LogL: 0.118826, Best Rate: 0.3
Fault: [0,1,3,3,4,5], logL: -40.634064, Exp of LogL: 0.000000, Normalized LogL: -2.138635, Exp of Normalized LogL: 0.117816, Best Rate: 0.3

========= ADAPTIVE MC DEBUG =========
Total calls: 190
Avg tries: 1790.79
Confidence stops: 190
Max stops: 0
Max stop rate: 0.000
Real Fault Rank 1
================= 22/08/2026 08:14:50: SEED 65 END =================
================= 22/08/2026 08:14:50: SEED 66 (64/100), a*=2 fault=[0,1,5,3,4,5] START =================
===== SEED 66 | FR=0.3 | VR=20 =====
executing with fault mode: [0,1,5,3,4,5]

Fault scores (higher is better):
Fault: [0,1,5,3,1,5], logL: -35.203557, Exp of LogL: 0.000000, Normalized LogL: -5.029080, Exp of Normalized LogL: 0.006545, Best Rate: 0.3
Fault: [0,1,5,3,2,5], logL: -35.563100, Exp of LogL: 0.000000, Normalized LogL: -5.080443, Exp of Normalized LogL: 0.006217, Best Rate: 0.3
Fault: [0,1,0,3,4,5], logL: -35.761138, Exp of LogL: 0.000000, Normalized LogL: -5.108734, Exp of Normalized LogL: 0.006044, Best Rate: 0.3
Fault: [0,1,5,3,4,5], logL: -35.943459, Exp of LogL: 0.000000, Normalized LogL: -5.134780, Exp of Normalized LogL: 0.005888, Best Rate: 0.3
Fault: [0,1,4,3,4,5], logL: -35.943459, Exp of LogL: 0.000000, Normalized LogL: -5.134780, Exp of Normalized LogL: 0.005888, Best Rate: 0.3
Fault: [0,1,1,3,4,5], logL: -35.943459, Exp of LogL: 0.000000, Normalized LogL: -5.134780, Exp of Normalized LogL: 0.005888, Best Rate: 0.3
Fault: [0,1,5,3,3,5], logL: -35.977076, Exp of LogL: 0.000000, Normalized LogL: -5.139582, Exp of Normalized LogL: 0.005860, Best Rate: 0.3
Fault: [0,1,5,3,5,5], logL: -35.977076, Exp of LogL: 0.000000, Normalized LogL: -5.139582, Exp of Normalized LogL: 0.005860, Best Rate: 0.3
Fault: [0,1,3,3,4,5], logL: -36.166603, Exp of LogL: 0.000000, Normalized LogL: -5.166658, Exp of Normalized LogL: 0.005704, Best Rate: 0.3
Fault: [0,1,2,3,4,5], logL: -36.454285, Exp of LogL: 0.000000, Normalized LogL: -5.207755, Exp of Normalized LogL: 0.005474, Best Rate: 0.3

========= ADAPTIVE MC DEBUG =========
Total calls: 70
Avg tries: 1488.57
Confidence stops: 70
Max stops: 0
Max stop rate: 0.000
Real Fault Rank 4
===== SEED 66 | FR=0.3 | VR=40 =====
executing with fault mode: [0,1,5,3,4,5]

Fault scores (higher is better):
Fault: [0,1,5,3,4,5], logL: -40.996778, Exp of LogL: 0.000000, Normalized LogL: -3.153598, Exp of Normalized LogL: 0.042698, Best Rate: 0.3
Fault: [0,1,4,3,4,5], logL: -40.996778, Exp of LogL: 0.000000, Normalized LogL: -3.153598, Exp of Normalized LogL: 0.042698, Best Rate: 0.3
Fault: [0,1,5,3,3,5], logL: -41.352756, Exp of LogL: 0.000000, Normalized LogL: -3.180981, Exp of Normalized LogL: 0.041545, Best Rate: 0.3
Fault: [0,1,5,3,2,5], logL: -41.352756, Exp of LogL: 0.000000, Normalized LogL: -3.180981, Exp of Normalized LogL: 0.041545, Best Rate: 0.3
Fault: [0,1,5,3,5,5], logL: -41.352756, Exp of LogL: 0.000000, Normalized LogL: -3.180981, Exp of Normalized LogL: 0.041545, Best Rate: 0.3
Fault: [0,1,5,3,1,5], logL: -41.352756, Exp of LogL: 0.000000, Normalized LogL: -3.180981, Exp of Normalized LogL: 0.041545, Best Rate: 0.3
Fault: [0,1,0,3,4,5], logL: -42.557918, Exp of LogL: 0.000000, Normalized LogL: -3.273686, Exp of Normalized LogL: 0.037867, Best Rate: 0.3
Fault: [0,1,3,3,4,5], logL: -44.745207, Exp of LogL: 0.000000, Normalized LogL: -3.441939, Exp of Normalized LogL: 0.032003, Best Rate: 0.3
Fault: [0,1,1,3,4,5], logL: -45.103638, Exp of LogL: 0.000000, Normalized LogL: -3.469511, Exp of Normalized LogL: 0.031132, Best Rate: 0.3
Fault: [0,1,2,3,4,5], logL: -45.423280, Exp of LogL: 0.000000, Normalized LogL: -3.494098, Exp of Normalized LogL: 0.030376, Best Rate: 0.3

========= ADAPTIVE MC DEBUG =========
Total calls: 130
Avg tries: 1491.92
Confidence stops: 130
Max stops: 0
Max stop rate: 0.000
Real Fault Rank 1
===== SEED 66 | FR=0.3 | VR=60 =====
executing with fault mode: [0,1,5,3,4,5]

Fault scores (higher is better):
Fault: [0,1,5,3,4,5], logL: -25.916745, Exp of LogL: 0.000000, Normalized LogL: -1.364039, Exp of Normalized LogL: 0.255626, Best Rate: 0.3
Fault: [0,1,4,3,4,5], logL: -25.916745, Exp of LogL: 0.000000, Normalized LogL: -1.364039, Exp of Normalized LogL: 0.255626, Best Rate: 0.3
Fault: [0,1,5,3,3,5], logL: -26.272723, Exp of LogL: 0.000000, Normalized LogL: -1.382775, Exp of Normalized LogL: 0.250881, Best Rate: 0.3
Fault: [0,1,5,3,2,5], logL: -26.272723, Exp of LogL: 0.000000, Normalized LogL: -1.382775, Exp of Normalized LogL: 0.250881, Best Rate: 0.3
Fault: [0,1,5,3,5,5], logL: -26.272723, Exp of LogL: 0.000000, Normalized LogL: -1.382775, Exp of Normalized LogL: 0.250881, Best Rate: 0.3
Fault: [0,1,5,3,1,5], logL: -26.272723, Exp of LogL: 0.000000, Normalized LogL: -1.382775, Exp of Normalized LogL: 0.250881, Best Rate: 0.3
Fault: [0,1,0,3,4,5], logL: -106.119357, Exp of LogL: 0.000000, Normalized LogL: -5.585229, Exp of Normalized LogL: 0.003753, Best Rate: 0.3
Fault: [0,1,3,3,4,5], logL: -106.948637, Exp of LogL: 0.000000, Normalized LogL: -5.628876, Exp of Normalized LogL: 0.003593, Best Rate: 0.3
Fault: [0,1,2,3,4,5], logL: -106.976807, Exp of LogL: 0.000000, Normalized LogL: -5.630358, Exp of Normalized LogL: 0.003587, Best Rate: 0.3
Fault: [0,1,1,3,4,5], logL: -106.976807, Exp of LogL: 0.000000, Normalized LogL: -5.630358, Exp of Normalized LogL: 0.003587, Best Rate: 0.3

========= ADAPTIVE MC DEBUG =========
Total calls: 190
Avg tries: 1407.63
Confidence stops: 190
Max stops: 0
Max stop rate: 0.000
Real Fault Rank 1
===== SEED 66 | FR=0.3 | VR=80 =====
executing with fault mode: [0,1,5,3,4,5]

Fault scores (higher is better):
Fault: [0,1,5,3,4,5], logL: -28.009518, Exp of LogL: 0.000000, Normalized LogL: -1.120381, Exp of Normalized LogL: 0.326156, Best Rate: 0.3
Fault: [0,1,4,3,4,5], logL: -28.009518, Exp of LogL: 0.000000, Normalized LogL: -1.120381, Exp of Normalized LogL: 0.326156, Best Rate: 0.3
Fault: [0,1,5,3,3,5], logL: -28.365497, Exp of LogL: 0.000000, Normalized LogL: -1.134620, Exp of Normalized LogL: 0.321544, Best Rate: 0.3
Fault: [0,1,5,3,2,5], logL: -28.365497, Exp of LogL: 0.000000, Normalized LogL: -1.134620, Exp of Normalized LogL: 0.321544, Best Rate: 0.3
Fault: [0,1,5,3,5,5], logL: -28.365497, Exp of LogL: 0.000000, Normalized LogL: -1.134620, Exp of Normalized LogL: 0.321544, Best Rate: 0.3
Fault: [0,1,5,3,1,5], logL: -28.365497, Exp of LogL: 0.000000, Normalized LogL: -1.134620, Exp of Normalized LogL: 0.321544, Best Rate: 0.3
Fault: [0,1,0,3,4,5], logL: -131.609772, Exp of LogL: 0.000000, Normalized LogL: -5.264391, Exp of Normalized LogL: 0.005173, Best Rate: 0.3
Fault: [0,1,3,3,4,5], logL: -132.399708, Exp of LogL: 0.000000, Normalized LogL: -5.295988, Exp of Normalized LogL: 0.005012, Best Rate: 0.3
Fault: [0,1,2,3,4,5], logL: -132.583847, Exp of LogL: 0.000000, Normalized LogL: -5.303354, Exp of Normalized LogL: 0.004975, Best Rate: 0.3
Fault: [0,1,1,3,4,5], logL: -132.670051, Exp of LogL: 0.000000, Normalized LogL: -5.306802, Exp of Normalized LogL: 0.004958, Best Rate: 0.3

========= ADAPTIVE MC DEBUG =========
Total calls: 250
Avg tries: 1580.60
Confidence stops: 250
Max stops: 0
Max stop rate: 0.000
Real Fault Rank 1
===== SEED 66 | FR=0.3 | VR=100 =====
executing with fault mode: [0,1,5,3,4,5]

Fault scores (higher is better):
Fault: [0,1,5,3,4,5], logL: -30.992065, Exp of LogL: 0.000000, Normalized LogL: -0.968502, Exp of Normalized LogL: 0.379651, Best Rate: 0.3
Fault: [0,1,4,3,4,5], logL: -30.992065, Exp of LogL: 0.000000, Normalized LogL: -0.968502, Exp of Normalized LogL: 0.379651, Best Rate: 0.3
Fault: [0,1,5,3,3,5], logL: -31.348044, Exp of LogL: 0.000000, Normalized LogL: -0.979626, Exp of Normalized LogL: 0.375451, Best Rate: 0.3
Fault: [0,1,5,3,2,5], logL: -31.348044, Exp of LogL: 0.000000, Normalized LogL: -0.979626, Exp of Normalized LogL: 0.375451, Best Rate: 0.3
Fault: [0,1,5,3,5,5], logL: -31.348044, Exp of LogL: 0.000000, Normalized LogL: -0.979626, Exp of Normalized LogL: 0.375451, Best Rate: 0.3
Fault: [0,1,5,3,1,5], logL: -31.348044, Exp of LogL: 0.000000, Normalized LogL: -0.979626, Exp of Normalized LogL: 0.375451, Best Rate: 0.3
Fault: [0,1,0,3,4,5], logL: -188.381220, Exp of LogL: 0.000000, Normalized LogL: -5.886913, Exp of Normalized LogL: 0.002776, Best Rate: 0.3
Fault: [0,1,2,3,4,5], logL: -188.817859, Exp of LogL: 0.000000, Normalized LogL: -5.900558, Exp of Normalized LogL: 0.002738, Best Rate: 0.3
Fault: [0,1,3,3,4,5], logL: -189.209613, Exp of LogL: 0.000000, Normalized LogL: -5.912800, Exp of Normalized LogL: 0.002705, Best Rate: 0.3
Fault: [0,1,1,3,4,5], logL: -189.430978, Exp of LogL: 0.000000, Normalized LogL: -5.919718, Exp of Normalized LogL: 0.002686, Best Rate: 0.3

========= ADAPTIVE MC DEBUG =========
Total calls: 320
Avg tries: 1640.00
Confidence stops: 320
Max stops: 0
Max stop rate: 0.000
Real Fault Rank 1
================= 22/08/2026 08:18:59: SEED 66 END =================
================= 22/08/2026 08:18:59: SEED 67 (65/100), a*=0 fault=[5,1,2,3,4,5] START =================
===== SEED 67 | FR=0.3 | VR=20 =====
executing with fault mode: [5,1,2,3,4,5]

executing with fault mode: [5,1,2,3,4,5]

executing with fault mode: [5,1,2,3,4,5]

Fault scores (higher is better):
Fault: [5,1,2,3,0,5], logL: -12.027611, Exp of LogL: 0.000006, Normalized LogL: -2.004602, Exp of Normalized LogL: 0.134714, Best Rate: 0.3
Fault: [5,1,2,3,5,5], logL: -12.027611, Exp of LogL: 0.000006, Normalized LogL: -2.004602, Exp of Normalized LogL: 0.134714, Best Rate: 0.3
Fault: [4,1,2,3,4,5], logL: -12.030852, Exp of LogL: 0.000006, Normalized LogL: -2.005142, Exp of Normalized LogL: 0.134641, Best Rate: 0.3
Fault: [5,1,2,3,4,5], logL: -12.030852, Exp of LogL: 0.000006, Normalized LogL: -2.005142, Exp of Normalized LogL: 0.134641, Best Rate: 0.3
Fault: [5,1,2,3,1,5], logL: -12.182706, Exp of LogL: 0.000005, Normalized LogL: -2.030451, Exp of Normalized LogL: 0.131276, Best Rate: 0.3
Fault: [5,1,2,3,2,5], logL: -12.182706, Exp of LogL: 0.000005, Normalized LogL: -2.030451, Exp of Normalized LogL: 0.131276, Best Rate: 0.3
Fault: [3,1,2,3,4,5], logL: -12.297480, Exp of LogL: 0.000005, Normalized LogL: -2.049580, Exp of Normalized LogL: 0.128789, Best Rate: 0.3
Fault: [0,1,2,3,4,5], logL: -12.546775, Exp of LogL: 0.000004, Normalized LogL: -2.091129, Exp of Normalized LogL: 0.123548, Best Rate: 0.3
Fault: [2,1,2,3,4,5], logL: -13.168454, Exp of LogL: 0.000002, Normalized LogL: -2.194742, Exp of Normalized LogL: 0.111387, Best Rate: 0.3
Fault: [1,1,2,3,4,5], logL: -13.180041, Exp of LogL: 0.000002, Normalized LogL: -2.196674, Exp of Normalized LogL: 0.111172, Best Rate: 0.3

========= ADAPTIVE MC DEBUG =========
Total calls: 60
Avg tries: 1510.83
Confidence stops: 60
Max stops: 0
Max stop rate: 0.000
Real Fault Rank 4
===== SEED 67 | FR=0.3 | VR=40 =====
executing with fault mode: [5,1,2,3,4,5]

executing with fault mode: [5,1,2,3,4,5]

executing with fault mode: [5,1,2,3,4,5]

Fault scores (higher is better):
Fault: [3,1,2,3,4,5], logL: -15.684727, Exp of LogL: 0.000000, Normalized LogL: -1.425884, Exp of Normalized LogL: 0.240296, Best Rate: 0.3
Fault: [4,1,2,3,4,5], logL: -15.776624, Exp of LogL: 0.000000, Normalized LogL: -1.434239, Exp of Normalized LogL: 0.238297, Best Rate: 0.3
Fault: [5,1,2,3,4,5], logL: -15.776624, Exp of LogL: 0.000000, Normalized LogL: -1.434239, Exp of Normalized LogL: 0.238297, Best Rate: 0.3
Fault: [5,1,2,3,0,5], logL: -15.841299, Exp of LogL: 0.000000, Normalized LogL: -1.440118, Exp of Normalized LogL: 0.236900, Best Rate: 0.3
Fault: [5,1,2,3,5,5], logL: -15.841299, Exp of LogL: 0.000000, Normalized LogL: -1.440118, Exp of Normalized LogL: 0.236900, Best Rate: 0.3
Fault: [5,1,2,3,2,5], logL: -16.126370, Exp of LogL: 0.000000, Normalized LogL: -1.466034, Exp of Normalized LogL: 0.230839, Best Rate: 0.3
Fault: [5,1,2,3,1,5], logL: -16.160856, Exp of LogL: 0.000000, Normalized LogL: -1.469169, Exp of Normalized LogL: 0.230117, Best Rate: 0.3
Fault: [0,1,2,3,4,5], logL: -16.800933, Exp of LogL: 0.000000, Normalized LogL: -1.527358, Exp of Normalized LogL: 0.217109, Best Rate: 0.3
Fault: [1,1,2,3,4,5], logL: -17.618025, Exp of LogL: 0.000000, Normalized LogL: -1.601639, Exp of Normalized LogL: 0.201566, Best Rate: 0.3
Fault: [2,1,2,3,4,5], logL: -18.195692, Exp of LogL: 0.000000, Normalized LogL: -1.654154, Exp of Normalized LogL: 0.191254, Best Rate: 0.3

========= ADAPTIVE MC DEBUG =========
Total calls: 110
Avg tries: 1678.18
Confidence stops: 110
Max stops: 0
Max stop rate: 0.000
Real Fault Rank 3
===== SEED 67 | FR=0.3 | VR=60 =====
executing with fault mode: [5,1,2,3,4,5]

executing with fault mode: [5,1,2,3,4,5]

executing with fault mode: [5,1,2,3,4,5]

Fault scores (higher is better):
Fault: [5,1,2,3,0,5], logL: -19.936588, Exp of LogL: 0.000000, Normalized LogL: -1.246037, Exp of Normalized LogL: 0.287643, Best Rate: 0.3
Fault: [5,1,2,3,5,5], logL: -19.936588, Exp of LogL: 0.000000, Normalized LogL: -1.246037, Exp of Normalized LogL: 0.287643, Best Rate: 0.3
Fault: [3,1,2,3,4,5], logL: -20.198523, Exp of LogL: 0.000000, Normalized LogL: -1.262408, Exp of Normalized LogL: 0.282972, Best Rate: 0.3
Fault: [4,1,2,3,4,5], logL: -20.290420, Exp of LogL: 0.000000, Normalized LogL: -1.268151, Exp of Normalized LogL: 0.281351, Best Rate: 0.3
Fault: [5,1,2,3,4,5], logL: -20.290420, Exp of LogL: 0.000000, Normalized LogL: -1.268151, Exp of Normalized LogL: 0.281351, Best Rate: 0.3
Fault: [5,1,2,3,1,5], logL: -20.422592, Exp of LogL: 0.000000, Normalized LogL: -1.276412, Exp of Normalized LogL: 0.279037, Best Rate: 0.3
Fault: [5,1,2,3,2,5], logL: -20.508061, Exp of LogL: 0.000000, Normalized LogL: -1.281754, Exp of Normalized LogL: 0.277550, Best Rate: 0.3
Fault: [0,1,2,3,4,5], logL: -20.823334, Exp of LogL: 0.000000, Normalized LogL: -1.301458, Exp of Normalized LogL: 0.272135, Best Rate: 0.3
Fault: [1,1,2,3,4,5], logL: -21.511200, Exp of LogL: 0.000000, Normalized LogL: -1.344450, Exp of Normalized LogL: 0.260683, Best Rate: 0.3
Fault: [2,1,2,3,4,5], logL: -22.009259, Exp of LogL: 0.000000, Normalized LogL: -1.375579, Exp of Normalized LogL: 0.252693, Best Rate: 0.3

========= ADAPTIVE MC DEBUG =========
Total calls: 160
Avg tries: 1697.81
Confidence stops: 160
Max stops: 0
Max stop rate: 0.000
Real Fault Rank 5
===== SEED 67 | FR=0.3 | VR=80 =====
executing with fault mode: [5,1,2,3,4,5]

executing with fault mode: [5,1,2,3,4,5]

executing with fault mode: [5,1,2,3,4,5]

Fault scores (higher is better):
Fault: [5,1,2,3,0,5], logL: -21.477262, Exp of LogL: 0.000000, Normalized LogL: -1.022727, Exp of Normalized LogL: 0.359613, Best Rate: 0.3
Fault: [5,1,2,3,5,5], logL: -21.477262, Exp of LogL: 0.000000, Normalized LogL: -1.022727, Exp of Normalized LogL: 0.359613, Best Rate: 0.3
Fault: [3,1,2,3,4,5], logL: -21.746039, Exp of LogL: 0.000000, Normalized LogL: -1.035526, Exp of Normalized LogL: 0.355040, Best Rate: 0.3
Fault: [4,1,2,3,4,5], logL: -21.837936, Exp of LogL: 0.000000, Normalized LogL: -1.039902, Exp of Normalized LogL: 0.353489, Best Rate: 0.3
Fault: [5,1,2,3,4,5], logL: -21.837936, Exp of LogL: 0.000000, Normalized LogL: -1.039902, Exp of Normalized LogL: 0.353489, Best Rate: 0.3
Fault: [5,1,2,3,1,5], logL: -22.039675, Exp of LogL: 0.000000, Normalized LogL: -1.049508, Exp of Normalized LogL: 0.350110, Best Rate: 0.3
Fault: [5,1,2,3,2,5], logL: -22.066301, Exp of LogL: 0.000000, Normalized LogL: -1.050776, Exp of Normalized LogL: 0.349666, Best Rate: 0.3
Fault: [0,1,2,3,4,5], logL: -22.370849, Exp of LogL: 0.000000, Normalized LogL: -1.065279, Exp of Normalized LogL: 0.344632, Best Rate: 0.3
Fault: [1,1,2,3,4,5], logL: -23.058716, Exp of LogL: 0.000000, Normalized LogL: -1.098034, Exp of Normalized LogL: 0.333526, Best Rate: 0.3
Fault: [2,1,2,3,4,5], logL: -23.556775, Exp of LogL: 0.000000, Normalized LogL: -1.121751, Exp of Normalized LogL: 0.325709, Best Rate: 0.3

========= ADAPTIVE MC DEBUG =========
Total calls: 210
Avg tries: 1755.71
Confidence stops: 210
Max stops: 0
Max stop rate: 0.000
Real Fault Rank 5
===== SEED 67 | FR=0.3 | VR=100 =====
executing with fault mode: [5,1,2,3,4,5]

executing with fault mode: [5,1,2,3,4,5]

executing with fault mode: [5,1,2,3,4,5]

Fault scores (higher is better):
Fault: [3,1,2,3,4,5], logL: -26.455162, Exp of LogL: 0.000000, Normalized LogL: -0.979821, Exp of Normalized LogL: 0.375378, Best Rate: 0.3
Fault: [4,1,2,3,4,5], logL: -26.547060, Exp of LogL: 0.000000, Normalized LogL: -0.983224, Exp of Normalized LogL: 0.374103, Best Rate: 0.3
Fault: [5,1,2,3,4,5], logL: -26.547060, Exp of LogL: 0.000000, Normalized LogL: -0.983224, Exp of Normalized LogL: 0.374103, Best Rate: 0.3
Fault: [5,1,2,3,0,5], logL: -26.918123, Exp of LogL: 0.000000, Normalized LogL: -0.996968, Exp of Normalized LogL: 0.368997, Best Rate: 0.3
Fault: [5,1,2,3,1,5], logL: -26.918123, Exp of LogL: 0.000000, Normalized LogL: -0.996968, Exp of Normalized LogL: 0.368997, Best Rate: 0.3
Fault: [5,1,2,3,5,5], logL: -26.918123, Exp of LogL: 0.000000, Normalized LogL: -0.996968, Exp of Normalized LogL: 0.368997, Best Rate: 0.3
Fault: [5,1,2,3,2,5], logL: -26.918123, Exp of LogL: 0.000000, Normalized LogL: -0.996968, Exp of Normalized LogL: 0.368997, Best Rate: 0.3
Fault: [0,1,2,3,4,5], logL: -27.079973, Exp of LogL: 0.000000, Normalized LogL: -1.002962, Exp of Normalized LogL: 0.366791, Best Rate: 0.3
Fault: [1,1,2,3,4,5], logL: -27.767839, Exp of LogL: 0.000000, Normalized LogL: -1.028438, Exp of Normalized LogL: 0.357565, Best Rate: 0.3
Fault: [2,1,2,3,4,5], logL: -28.265899, Exp of LogL: 0.000000, Normalized LogL: -1.046885, Exp of Normalized LogL: 0.351029, Best Rate: 0.3

========= ADAPTIVE MC DEBUG =========
Total calls: 270
Avg tries: 1696.48
Confidence stops: 270
Max stops: 0
Max stop rate: 0.000
Real Fault Rank 3
================= 22/08/2026 08:22:51: SEED 67 END =================
================= 22/08/2026 08:22:51: SEED 68 (66/100), a*=2 fault=[0,1,4,3,4,5] START =================
===== SEED 68 | FR=0.3 | VR=20 =====
executing with fault mode: [0,1,4,3,4,5]

executing with fault mode: [0,1,4,3,4,5]

Fault scores (higher is better):
Fault: [0,0,4,3,4,5], logL: -7.558670, Exp of LogL: 0.000522, Normalized LogL: -0.188967, Exp of Normalized LogL: 0.827814, Best Rate: 0.3
Fault: [0,2,4,3,4,5], logL: -7.821785, Exp of LogL: 0.000401, Normalized LogL: -0.195545, Exp of Normalized LogL: 0.822387, Best Rate: 0.3
Fault: [0,1,0,3,4,5], logL: -8.273911, Exp of LogL: 0.000255, Normalized LogL: -0.206848, Exp of Normalized LogL: 0.813143, Best Rate: 0.3
Fault: [0,5,4,3,4,5], logL: -8.349140, Exp of LogL: 0.000237, Normalized LogL: -0.208728, Exp of Normalized LogL: 0.811616, Best Rate: 0.3
Fault: [0,4,4,3,4,5], logL: -8.349140, Exp of LogL: 0.000237, Normalized LogL: -0.208728, Exp of Normalized LogL: 0.811616, Best Rate: 0.3
Fault: [0,1,4,3,4,5], logL: -8.833527, Exp of LogL: 0.000146, Normalized LogL: -0.220838, Exp of Normalized LogL: 0.801846, Best Rate: 0.3
Fault: [0,1,5,3,4,5], logL: -8.833527, Exp of LogL: 0.000146, Normalized LogL: -0.220838, Exp of Normalized LogL: 0.801846, Best Rate: 0.3
Fault: [0,1,3,3,4,5], logL: -8.967058, Exp of LogL: 0.000128, Normalized LogL: -0.224176, Exp of Normalized LogL: 0.799174, Best Rate: 0.3
Fault: [0,1,2,3,4,5], logL: -9.084841, Exp of LogL: 0.000113, Normalized LogL: -0.227121, Exp of Normalized LogL: 0.796824, Best Rate: 0.3
Fault: [0,1,1,3,4,5], logL: -9.372523, Exp of LogL: 0.000085, Normalized LogL: -0.234313, Exp of Normalized LogL: 0.791114, Best Rate: 0.3

========= ADAPTIVE MC DEBUG =========
Total calls: 400
Avg tries: 209.62
Confidence stops: 400
Max stops: 0
Max stop rate: 0.000
Real Fault Rank 6
===== SEED 68 | FR=0.3 | VR=40 =====
executing with fault mode: [0,1,4,3,4,5]

executing with fault mode: [0,1,4,3,4,5]

Fault scores (higher is better):
Fault: [0,1,0,3,4,5], logL: -10.522894, Exp of LogL: 0.000027, Normalized LogL: -0.133201, Exp of Normalized LogL: 0.875289, Best Rate: 0.3
Fault: [0,2,4,3,4,5], logL: -10.756286, Exp of LogL: 0.000021, Normalized LogL: -0.136156, Exp of Normalized LogL: 0.872707, Best Rate: 0.3
Fault: [0,5,4,3,4,5], logL: -11.068876, Exp of LogL: 0.000016, Normalized LogL: -0.140112, Exp of Normalized LogL: 0.869261, Best Rate: 0.3
Fault: [0,4,4,3,4,5], logL: -11.068876, Exp of LogL: 0.000016, Normalized LogL: -0.140112, Exp of Normalized LogL: 0.869261, Best Rate: 0.3
Fault: [0,1,3,3,4,5], logL: -11.122143, Exp of LogL: 0.000015, Normalized LogL: -0.140787, Exp of Normalized LogL: 0.868675, Best Rate: 0.3
Fault: [0,0,4,3,4,5], logL: -11.286680, Exp of LogL: 0.000013, Normalized LogL: -0.142869, Exp of Normalized LogL: 0.866867, Best Rate: 0.3
Fault: [0,1,4,3,4,5], logL: -11.345290, Exp of LogL: 0.000012, Normalized LogL: -0.143611, Exp of Normalized LogL: 0.866224, Best Rate: 0.3
Fault: [0,1,5,3,4,5], logL: -11.345290, Exp of LogL: 0.000012, Normalized LogL: -0.143611, Exp of Normalized LogL: 0.866224, Best Rate: 0.3
Fault: [0,1,2,3,4,5], logL: -11.603034, Exp of LogL: 0.000009, Normalized LogL: -0.146874, Exp of Normalized LogL: 0.863403, Best Rate: 0.3
Fault: [0,1,1,3,4,5], logL: -12.266236, Exp of LogL: 0.000005, Normalized LogL: -0.155269, Exp of Normalized LogL: 0.856185, Best Rate: 0.3

========= ADAPTIVE MC DEBUG =========
Total calls: 790
Avg tries: 343.73
Confidence stops: 790
Max stops: 0
Max stop rate: 0.000
Real Fault Rank 7
===== SEED 68 | FR=0.3 | VR=60 =====
executing with fault mode: [0,1,4,3,4,5]

executing with fault mode: [0,1,4,3,4,5]

Fault scores (higher is better):
Fault: [0,5,4,3,4,5], logL: -14.872877, Exp of LogL: 0.000000, Normalized LogL: -0.124982, Exp of Normalized LogL: 0.882513, Best Rate: 0.3
Fault: [0,4,4,3,4,5], logL: -14.872877, Exp of LogL: 0.000000, Normalized LogL: -0.124982, Exp of Normalized LogL: 0.882513, Best Rate: 0.3
Fault: [0,2,4,3,4,5], logL: -15.099593, Exp of LogL: 0.000000, Normalized LogL: -0.126887, Exp of Normalized LogL: 0.880833, Best Rate: 0.3
Fault: [0,1,4,3,4,5], logL: -15.853020, Exp of LogL: 0.000000, Normalized LogL: -0.133219, Exp of Normalized LogL: 0.875274, Best Rate: 0.3
Fault: [0,1,5,3,4,5], logL: -15.853020, Exp of LogL: 0.000000, Normalized LogL: -0.133219, Exp of Normalized LogL: 0.875274, Best Rate: 0.3
Fault: [0,0,4,3,4,5], logL: -17.123622, Exp of LogL: 0.000000, Normalized LogL: -0.143896, Exp of Normalized LogL: 0.865978, Best Rate: 0.3
Fault: [0,1,0,3,4,5], logL: -68.387406, Exp of LogL: 0.000000, Normalized LogL: -0.574684, Exp of Normalized LogL: 0.562883, Best Rate: 0.3
Fault: [0,1,2,3,4,5], logL: -68.986448, Exp of LogL: 0.000000, Normalized LogL: -0.579718, Exp of Normalized LogL: 0.560056, Best Rate: 0.3
Fault: [0,1,3,3,4,5], logL: -69.326619, Exp of LogL: 0.000000, Normalized LogL: -0.582577, Exp of Normalized LogL: 0.558458, Best Rate: 0.3
Fault: [0,1,1,3,4,5], logL: -69.688084, Exp of LogL: 0.000000, Normalized LogL: -0.585614, Exp of Normalized LogL: 0.556764, Best Rate: 0.3

========= ADAPTIVE MC DEBUG =========
Total calls: 1190
Avg tries: 326.89
Confidence stops: 1190
Max stops: 0
Max stop rate: 0.000
Real Fault Rank 4
===== SEED 68 | FR=0.3 | VR=80 =====
executing with fault mode: [0,1,4,3,4,5]

executing with fault mode: [0,1,4,3,4,5]

Fault scores (higher is better):
Fault: [0,5,4,3,4,5], logL: -14.975827, Exp of LogL: 0.000000, Normalized LogL: -0.094784, Exp of Normalized LogL: 0.909570, Best Rate: 0.3
Fault: [0,4,4,3,4,5], logL: -14.975827, Exp of LogL: 0.000000, Normalized LogL: -0.094784, Exp of Normalized LogL: 0.909570, Best Rate: 0.3
Fault: [0,2,4,3,4,5], logL: -15.356282, Exp of LogL: 0.000000, Normalized LogL: -0.097192, Exp of Normalized LogL: 0.907382, Best Rate: 0.3
Fault: [0,1,4,3,4,5], logL: -15.967631, Exp of LogL: 0.000000, Normalized LogL: -0.101061, Exp of Normalized LogL: 0.903878, Best Rate: 0.3
Fault: [0,1,5,3,4,5], logL: -15.967631, Exp of LogL: 0.000000, Normalized LogL: -0.101061, Exp of Normalized LogL: 0.903878, Best Rate: 0.3
Fault: [0,0,4,3,4,5], logL: -17.390837, Exp of LogL: 0.000000, Normalized LogL: -0.110069, Exp of Normalized LogL: 0.895773, Best Rate: 0.3
Fault: [0,1,0,3,4,5], logL: -68.502018, Exp of LogL: 0.000000, Normalized LogL: -0.433557, Exp of Normalized LogL: 0.648199, Best Rate: 0.3
Fault: [0,1,2,3,4,5], logL: -69.101059, Exp of LogL: 0.000000, Normalized LogL: -0.437348, Exp of Normalized LogL: 0.645746, Best Rate: 0.3
Fault: [0,1,3,3,4,5], logL: -69.441230, Exp of LogL: 0.000000, Normalized LogL: -0.439501, Exp of Normalized LogL: 0.644358, Best Rate: 0.3
Fault: [0,1,1,3,4,5], logL: -69.802696, Exp of LogL: 0.000000, Normalized LogL: -0.441789, Exp of Normalized LogL: 0.642885, Best Rate: 0.3

========= ADAPTIVE MC DEBUG =========
Total calls: 1580
Avg tries: 291.65
Confidence stops: 1580
Max stops: 0
Max stop rate: 0.000
Real Fault Rank 4
===== SEED 68 | FR=0.3 | VR=100 =====
executing with fault mode: [0,1,4,3,4,5]

executing with fault mode: [0,1,4,3,4,5]

Fault scores (higher is better):
Fault: [0,5,4,3,4,5], logL: -16.249202, Exp of LogL: 0.000000, Normalized LogL: -0.082067, Exp of Normalized LogL: 0.921211, Best Rate: 0.3
Fault: [0,4,4,3,4,5], logL: -16.249202, Exp of LogL: 0.000000, Normalized LogL: -0.082067, Exp of Normalized LogL: 0.921211, Best Rate: 0.3
Fault: [0,2,4,3,4,5], logL: -17.613144, Exp of LogL: 0.000000, Normalized LogL: -0.088955, Exp of Normalized LogL: 0.914886, Best Rate: 0.3
Fault: [0,1,4,3,4,5], logL: -17.862935, Exp of LogL: 0.000000, Normalized LogL: -0.090217, Exp of Normalized LogL: 0.913733, Best Rate: 0.3
Fault: [0,1,5,3,4,5], logL: -17.862935, Exp of LogL: 0.000000, Normalized LogL: -0.090217, Exp of Normalized LogL: 0.913733, Best Rate: 0.3
Fault: [0,0,4,3,4,5], logL: -19.193707, Exp of LogL: 0.000000, Normalized LogL: -0.096938, Exp of Normalized LogL: 0.907612, Best Rate: 0.3
Fault: [0,1,0,3,4,5], logL: -69.289404, Exp of LogL: 0.000000, Normalized LogL: -0.349946, Exp of Normalized LogL: 0.704726, Best Rate: 0.3
Fault: [0,1,2,3,4,5], logL: -69.888446, Exp of LogL: 0.000000, Normalized LogL: -0.352972, Exp of Normalized LogL: 0.702597, Best Rate: 0.3
Fault: [0,1,3,3,4,5], logL: -70.228617, Exp of LogL: 0.000000, Normalized LogL: -0.354690, Exp of Normalized LogL: 0.701391, Best Rate: 0.3
Fault: [0,1,1,3,4,5], logL: -70.590082, Exp of LogL: 0.000000, Normalized LogL: -0.356516, Exp of Normalized LogL: 0.700112, Best Rate: 0.3

========= ADAPTIVE MC DEBUG =========
Total calls: 1980
Avg tries: 289.24
Confidence stops: 1980
Max stops: 0
Max stop rate: 0.000
Real Fault Rank 4
================= 22/08/2026 08:28:03: SEED 68 END =================
================= 22/08/2026 08:28:03: SEED 69 (67/100), a*=2 fault=[0,1,1,3,4,5] START =================
===== SEED 69 | FR=0.3 | VR=20 =====
executing with fault mode: [0,1,1,3,4,5]

Fault scores (higher is better):
Fault: [0,1,1,3,4,5], logL: -7.114250, Exp of LogL: 0.000813, Normalized LogL: -1.422850, Exp of Normalized LogL: 0.241026, Best Rate: 0.3
Fault: [0,1,1,3,5,5], logL: -7.539133, Exp of LogL: 0.000532, Normalized LogL: -1.507827, Exp of Normalized LogL: 0.221391, Best Rate: 0.3
Fault: [0,1,1,3,2,5], logL: -7.539133, Exp of LogL: 0.000532, Normalized LogL: -1.507827, Exp of Normalized LogL: 0.221391, Best Rate: 0.3
Fault: [0,1,1,3,0,5], logL: -7.539133, Exp of LogL: 0.000532, Normalized LogL: -1.507827, Exp of Normalized LogL: 0.221391, Best Rate: 0.3
Fault: [0,1,1,3,1,5], logL: -7.539133, Exp of LogL: 0.000532, Normalized LogL: -1.507827, Exp of Normalized LogL: 0.221391, Best Rate: 0.3
Fault: [0,1,2,3,4,5], logL: -7.705433, Exp of LogL: 0.000450, Normalized LogL: -1.541087, Exp of Normalized LogL: 0.214148, Best Rate: 0.3
Fault: [0,1,0,3,4,5], logL: -7.915889, Exp of LogL: 0.000365, Normalized LogL: -1.583178, Exp of Normalized LogL: 0.205322, Best Rate: 0.3
Fault: [0,1,4,3,4,5], logL: -8.576069, Exp of LogL: 0.000189, Normalized LogL: -1.715214, Exp of Normalized LogL: 0.179925, Best Rate: 0.3
Fault: [0,1,5,3,4,5], logL: -8.576069, Exp of LogL: 0.000189, Normalized LogL: -1.715214, Exp of Normalized LogL: 0.179925, Best Rate: 0.3
Fault: [0,1,3,3,4,5], logL: -8.919841, Exp of LogL: 0.000134, Normalized LogL: -1.783968, Exp of Normalized LogL: 0.167970, Best Rate: 0.3

========= ADAPTIVE MC DEBUG =========
Total calls: 50
Avg tries: 1557.00
Confidence stops: 50
Max stops: 0
Max stop rate: 0.000
Real Fault Rank 1
===== SEED 69 | FR=0.3 | VR=40 =====
executing with fault mode: [0,1,1,3,4,5]

Fault scores (higher is better):
Fault: [0,1,1,3,4,5], logL: -10.924221, Exp of LogL: 0.000018, Normalized LogL: -1.092422, Exp of Normalized LogL: 0.335403, Best Rate: 0.3
Fault: [0,1,1,3,0,5], logL: -11.117881, Exp of LogL: 0.000015, Normalized LogL: -1.111788, Exp of Normalized LogL: 0.328970, Best Rate: 0.3
Fault: [0,1,1,3,2,5], logL: -11.120725, Exp of LogL: 0.000015, Normalized LogL: -1.112073, Exp of Normalized LogL: 0.328877, Best Rate: 0.3
Fault: [0,1,1,3,5,5], logL: -11.126440, Exp of LogL: 0.000015, Normalized LogL: -1.112644, Exp of Normalized LogL: 0.328689, Best Rate: 0.3
Fault: [0,1,1,3,1,5], logL: -11.126440, Exp of LogL: 0.000015, Normalized LogL: -1.112644, Exp of Normalized LogL: 0.328689, Best Rate: 0.3
Fault: [0,1,2,3,4,5], logL: -11.456261, Exp of LogL: 0.000011, Normalized LogL: -1.145626, Exp of Normalized LogL: 0.318025, Best Rate: 0.3
Fault: [0,1,3,3,4,5], logL: -11.949890, Exp of LogL: 0.000006, Normalized LogL: -1.194989, Exp of Normalized LogL: 0.302707, Best Rate: 0.3
Fault: [0,1,4,3,4,5], logL: -12.503495, Exp of LogL: 0.000004, Normalized LogL: -1.250350, Exp of Normalized LogL: 0.286405, Best Rate: 0.3
Fault: [0,1,5,3,4,5], logL: -12.503495, Exp of LogL: 0.000004, Normalized LogL: -1.250350, Exp of Normalized LogL: 0.286405, Best Rate: 0.3
Fault: [0,1,0,3,4,5], logL: -12.776858, Exp of LogL: 0.000003, Normalized LogL: -1.277686, Exp of Normalized LogL: 0.278681, Best Rate: 0.3

========= ADAPTIVE MC DEBUG =========
Total calls: 100
Avg tries: 1647.50
Confidence stops: 100
Max stops: 0
Max stop rate: 0.000
Real Fault Rank 1
===== SEED 69 | FR=0.3 | VR=60 =====
executing with fault mode: [0,1,1,3,4,5]

Fault scores (higher is better):
Fault: [0,1,1,3,5,5], logL: -14.959833, Exp of LogL: 0.000000, Normalized LogL: -1.068559, Exp of Normalized LogL: 0.343503, Best Rate: 0.3
Fault: [0,1,1,3,1,5], logL: -14.959833, Exp of LogL: 0.000000, Normalized LogL: -1.068559, Exp of Normalized LogL: 0.343503, Best Rate: 0.3
Fault: [0,1,1,3,4,5], logL: -15.083240, Exp of LogL: 0.000000, Normalized LogL: -1.077374, Exp of Normalized LogL: 0.340488, Best Rate: 0.3
Fault: [0,1,3,3,4,5], logL: -15.291242, Exp of LogL: 0.000000, Normalized LogL: -1.092232, Exp of Normalized LogL: 0.335467, Best Rate: 0.3
Fault: [0,1,1,3,2,5], logL: -15.370056, Exp of LogL: 0.000000, Normalized LogL: -1.097861, Exp of Normalized LogL: 0.333584, Best Rate: 0.3
Fault: [0,1,1,3,0,5], logL: -15.376614, Exp of LogL: 0.000000, Normalized LogL: -1.098330, Exp of Normalized LogL: 0.333428, Best Rate: 0.3
Fault: [0,1,4,3,4,5], logL: -15.844848, Exp of LogL: 0.000000, Normalized LogL: -1.131775, Exp of Normalized LogL: 0.322460, Best Rate: 0.3
Fault: [0,1,5,3,4,5], logL: -15.844848, Exp of LogL: 0.000000, Normalized LogL: -1.131775, Exp of Normalized LogL: 0.322460, Best Rate: 0.3
Fault: [0,1,2,3,4,5], logL: -16.076422, Exp of LogL: 0.000000, Normalized LogL: -1.148316, Exp of Normalized LogL: 0.317170, Best Rate: 0.3
Fault: [0,1,0,3,4,5], logL: -16.708429, Exp of LogL: 0.000000, Normalized LogL: -1.193459, Exp of Normalized LogL: 0.303171, Best Rate: 0.3

========= ADAPTIVE MC DEBUG =========
Total calls: 140
Avg tries: 1727.86
Confidence stops: 140
Max stops: 0
Max stop rate: 0.000
Real Fault Rank 3
===== SEED 69 | FR=0.3 | VR=80 =====
executing with fault mode: [0,1,1,3,4,5]

Fault scores (higher is better):
Fault: [0,1,1,3,4,5], logL: -17.233428, Exp of LogL: 0.000000, Normalized LogL: -0.907023, Exp of Normalized LogL: 0.403725, Best Rate: 0.3
Fault: [0,1,3,3,4,5], logL: -17.291854, Exp of LogL: 0.000000, Normalized LogL: -0.910098, Exp of Normalized LogL: 0.402485, Best Rate: 0.3
Fault: [0,1,1,3,5,5], logL: -17.583132, Exp of LogL: 0.000000, Normalized LogL: -0.925428, Exp of Normalized LogL: 0.396362, Best Rate: 0.3
Fault: [0,1,1,3,2,5], logL: -17.583132, Exp of LogL: 0.000000, Normalized LogL: -0.925428, Exp of Normalized LogL: 0.396362, Best Rate: 0.3
Fault: [0,1,1,3,0,5], logL: -17.583132, Exp of LogL: 0.000000, Normalized LogL: -0.925428, Exp of Normalized LogL: 0.396362, Best Rate: 0.3
Fault: [0,1,1,3,1,5], logL: -17.583132, Exp of LogL: 0.000000, Normalized LogL: -0.925428, Exp of Normalized LogL: 0.396362, Best Rate: 0.3
Fault: [0,1,4,3,4,5], logL: -18.266464, Exp of LogL: 0.000000, Normalized LogL: -0.961393, Exp of Normalized LogL: 0.382360, Best Rate: 0.3
Fault: [0,1,5,3,4,5], logL: -18.266464, Exp of LogL: 0.000000, Normalized LogL: -0.961393, Exp of Normalized LogL: 0.382360, Best Rate: 0.3
Fault: [0,1,2,3,4,5], logL: -18.568673, Exp of LogL: 0.000000, Normalized LogL: -0.977299, Exp of Normalized LogL: 0.376326, Best Rate: 0.3
Fault: [0,1,0,3,4,5], logL: -18.840390, Exp of LogL: 0.000000, Normalized LogL: -0.991599, Exp of Normalized LogL: 0.370983, Best Rate: 0.3

========= ADAPTIVE MC DEBUG =========
Total calls: 190
Avg tries: 1862.63
Confidence stops: 190
Max stops: 0
Max stop rate: 0.000
Real Fault Rank 1
===== SEED 69 | FR=0.3 | VR=100 =====
executing with fault mode: [0,1,1,3,4,5]

Fault scores (higher is better):
Fault: [0,1,1,3,4,5], logL: -17.903189, Exp of LogL: 0.000000, Normalized LogL: -0.745966, Exp of Normalized LogL: 0.474276, Best Rate: 0.3
Fault: [0,1,1,3,5,5], logL: -18.252038, Exp of LogL: 0.000000, Normalized LogL: -0.760502, Exp of Normalized LogL: 0.467432, Best Rate: 0.3
Fault: [0,1,1,3,2,5], logL: -18.252038, Exp of LogL: 0.000000, Normalized LogL: -0.760502, Exp of Normalized LogL: 0.467432, Best Rate: 0.3
Fault: [0,1,1,3,0,5], logL: -18.252038, Exp of LogL: 0.000000, Normalized LogL: -0.760502, Exp of Normalized LogL: 0.467432, Best Rate: 0.3
Fault: [0,1,1,3,1,5], logL: -18.252038, Exp of LogL: 0.000000, Normalized LogL: -0.760502, Exp of Normalized LogL: 0.467432, Best Rate: 0.3
Fault: [0,1,2,3,4,5], logL: -18.884947, Exp of LogL: 0.000000, Normalized LogL: -0.786873, Exp of Normalized LogL: 0.455266, Best Rate: 0.3
Fault: [0,1,3,3,4,5], logL: -19.597735, Exp of LogL: 0.000000, Normalized LogL: -0.816572, Exp of Normalized LogL: 0.441944, Best Rate: 0.3
Fault: [0,1,0,3,4,5], logL: -19.986649, Exp of LogL: 0.000000, Normalized LogL: -0.832777, Exp of Normalized LogL: 0.434840, Best Rate: 0.3
Fault: [0,1,4,3,4,5], logL: -20.173153, Exp of LogL: 0.000000, Normalized LogL: -0.840548, Exp of Normalized LogL: 0.431474, Best Rate: 0.3
Fault: [0,1,5,3,4,5], logL: -20.173153, Exp of LogL: 0.000000, Normalized LogL: -0.840548, Exp of Normalized LogL: 0.431474, Best Rate: 0.3

========= ADAPTIVE MC DEBUG =========
Total calls: 240
Avg tries: 1812.29
Confidence stops: 240
Max stops: 0
Max stop rate: 0.000
Real Fault Rank 1
================= 22/08/2026 08:31:37: SEED 69 END =================
================= 22/08/2026 08:31:37: SEED 70 (68/100), a*=0 fault=[3,1,2,3,4,5] START =================
===== SEED 70 | FR=0.3 | VR=20 =====
executing with fault mode: [3,1,2,3,4,5]

Fault scores (higher is better):
Fault: [3,1,2,3,3,5], logL: -9.231422, Exp of LogL: 0.000098, Normalized LogL: -1.318775, Exp of Normalized LogL: 0.267463, Best Rate: 0.3
Fault: [3,1,2,3,2,5], logL: -9.231422, Exp of LogL: 0.000098, Normalized LogL: -1.318775, Exp of Normalized LogL: 0.267463, Best Rate: 0.3
Fault: [3,1,2,3,5,5], logL: -9.231422, Exp of LogL: 0.000098, Normalized LogL: -1.318775, Exp of Normalized LogL: 0.267463, Best Rate: 0.3
Fault: [3,1,2,3,1,5], logL: -9.407092, Exp of LogL: 0.000082, Normalized LogL: -1.343870, Exp of Normalized LogL: 0.260834, Best Rate: 0.3
Fault: [4,1,2,3,4,5], logL: -9.632978, Exp of LogL: 0.000066, Normalized LogL: -1.376140, Exp of Normalized LogL: 0.252552, Best Rate: 0.3
Fault: [5,1,2,3,4,5], logL: -9.632978, Exp of LogL: 0.000066, Normalized LogL: -1.376140, Exp of Normalized LogL: 0.252552, Best Rate: 0.3
Fault: [2,1,2,3,4,5], logL: -9.666851, Exp of LogL: 0.000063, Normalized LogL: -1.380979, Exp of Normalized LogL: 0.251332, Best Rate: 0.3
Fault: [3,1,2,3,4,5], logL: -9.673336, Exp of LogL: 0.000063, Normalized LogL: -1.381905, Exp of Normalized LogL: 0.251100, Best Rate: 0.3
Fault: [1,1,2,3,4,5], logL: -9.786066, Exp of LogL: 0.000056, Normalized LogL: -1.398009, Exp of Normalized LogL: 0.247088, Best Rate: 0.3
Fault: [0,1,2,3,4,5], logL: -10.144226, Exp of LogL: 0.000039, Normalized LogL: -1.449175, Exp of Normalized LogL: 0.234764, Best Rate: 0.3

========= ADAPTIVE MC DEBUG =========
Total calls: 70
Avg tries: 1857.14
Confidence stops: 70
Max stops: 0
Max stop rate: 0.000
Real Fault Rank 8
===== SEED 70 | FR=0.3 | VR=40 =====
executing with fault mode: [3,1,2,3,4,5]

Fault scores (higher is better):
Fault: [3,1,2,3,3,5], logL: -16.358570, Exp of LogL: 0.000000, Normalized LogL: -1.258352, Exp of Normalized LogL: 0.284122, Best Rate: 0.3
Fault: [3,1,2,3,2,5], logL: -16.358570, Exp of LogL: 0.000000, Normalized LogL: -1.258352, Exp of Normalized LogL: 0.284122, Best Rate: 0.3
Fault: [3,1,2,3,5,5], logL: -16.358570, Exp of LogL: 0.000000, Normalized LogL: -1.258352, Exp of Normalized LogL: 0.284122, Best Rate: 0.3
Fault: [3,1,2,3,1,5], logL: -16.970782, Exp of LogL: 0.000000, Normalized LogL: -1.305445, Exp of Normalized LogL: 0.271052, Best Rate: 0.3
Fault: [4,1,2,3,4,5], logL: -17.300787, Exp of LogL: 0.000000, Normalized LogL: -1.330830, Exp of Normalized LogL: 0.264258, Best Rate: 0.3
Fault: [5,1,2,3,4,5], logL: -17.300787, Exp of LogL: 0.000000, Normalized LogL: -1.330830, Exp of Normalized LogL: 0.264258, Best Rate: 0.3
Fault: [3,1,2,3,4,5], logL: -17.387022, Exp of LogL: 0.000000, Normalized LogL: -1.337463, Exp of Normalized LogL: 0.262511, Best Rate: 0.3
Fault: [0,1,2,3,4,5], logL: -17.446741, Exp of LogL: 0.000000, Normalized LogL: -1.342057, Exp of Normalized LogL: 0.261308, Best Rate: 0.3
Fault: [2,1,2,3,4,5], logL: -17.477993, Exp of LogL: 0.000000, Normalized LogL: -1.344461, Exp of Normalized LogL: 0.260680, Best Rate: 0.3
Fault: [1,1,2,3,4,5], logL: -17.582873, Exp of LogL: 0.000000, Normalized LogL: -1.352529, Exp of Normalized LogL: 0.258586, Best Rate: 0.3

========= ADAPTIVE MC DEBUG =========
Total calls: 130
Avg tries: 1738.08
Confidence stops: 130
Max stops: 0
Max stop rate: 0.000
Real Fault Rank 7
===== SEED 70 | FR=0.3 | VR=60 =====
executing with fault mode: [3,1,2,3,4,5]

Fault scores (higher is better):
Fault: [3,1,2,3,3,5], logL: -19.989617, Exp of LogL: 0.000000, Normalized LogL: -1.052085, Exp of Normalized LogL: 0.349209, Best Rate: 0.3
Fault: [3,1,2,3,2,5], logL: -19.989617, Exp of LogL: 0.000000, Normalized LogL: -1.052085, Exp of Normalized LogL: 0.349209, Best Rate: 0.3
Fault: [3,1,2,3,5,5], logL: -19.989617, Exp of LogL: 0.000000, Normalized LogL: -1.052085, Exp of Normalized LogL: 0.349209, Best Rate: 0.3
Fault: [2,1,2,3,4,5], logL: -20.104886, Exp of LogL: 0.000000, Normalized LogL: -1.058152, Exp of Normalized LogL: 0.347097, Best Rate: 0.3
Fault: [0,1,2,3,4,5], logL: -20.283393, Exp of LogL: 0.000000, Normalized LogL: -1.067547, Exp of Normalized LogL: 0.343851, Best Rate: 0.3
Fault: [3,1,2,3,4,5], logL: -20.367398, Exp of LogL: 0.000000, Normalized LogL: -1.071968, Exp of Normalized LogL: 0.342334, Best Rate: 0.3
Fault: [4,1,2,3,4,5], logL: -20.453070, Exp of LogL: 0.000000, Normalized LogL: -1.076477, Exp of Normalized LogL: 0.340794, Best Rate: 0.3
Fault: [5,1,2,3,4,5], logL: -20.453070, Exp of LogL: 0.000000, Normalized LogL: -1.076477, Exp of Normalized LogL: 0.340794, Best Rate: 0.3
Fault: [3,1,2,3,1,5], logL: -20.453909, Exp of LogL: 0.000000, Normalized LogL: -1.076522, Exp of Normalized LogL: 0.340779, Best Rate: 0.3
Fault: [1,1,2,3,4,5], logL: -20.723068, Exp of LogL: 0.000000, Normalized LogL: -1.090688, Exp of Normalized LogL: 0.335985, Best Rate: 0.3

========= ADAPTIVE MC DEBUG =========
Total calls: 190
Avg tries: 1905.00
Confidence stops: 190
Max stops: 0
Max stop rate: 0.000
Real Fault Rank 6
===== SEED 70 | FR=0.3 | VR=80 =====
executing with fault mode: [3,1,2,3,4,5]

Fault scores (higher is better):
Fault: [0,1,2,3,4,5], logL: -22.622707, Exp of LogL: 0.000000, Normalized LogL: -0.904908, Exp of Normalized LogL: 0.404579, Best Rate: 0.3
Fault: [3,1,2,3,3,5], logL: -22.824320, Exp of LogL: 0.000000, Normalized LogL: -0.912973, Exp of Normalized LogL: 0.401329, Best Rate: 0.3
Fault: [3,1,2,3,2,5], logL: -22.824320, Exp of LogL: 0.000000, Normalized LogL: -0.912973, Exp of Normalized LogL: 0.401329, Best Rate: 0.3
Fault: [3,1,2,3,5,5], logL: -22.824320, Exp of LogL: 0.000000, Normalized LogL: -0.912973, Exp of Normalized LogL: 0.401329, Best Rate: 0.3
Fault: [2,1,2,3,4,5], logL: -22.932148, Exp of LogL: 0.000000, Normalized LogL: -0.917286, Exp of Normalized LogL: 0.399602, Best Rate: 0.3
Fault: [3,1,2,3,4,5], logL: -23.202101, Exp of LogL: 0.000000, Normalized LogL: -0.928084, Exp of Normalized LogL: 0.395310, Best Rate: 0.3
Fault: [3,1,2,3,1,5], logL: -23.288612, Exp of LogL: 0.000000, Normalized LogL: -0.931544, Exp of Normalized LogL: 0.393945, Best Rate: 0.3
Fault: [4,1,2,3,4,5], logL: -23.531019, Exp of LogL: 0.000000, Normalized LogL: -0.941241, Exp of Normalized LogL: 0.390143, Best Rate: 0.3
Fault: [5,1,2,3,4,5], logL: -23.531019, Exp of LogL: 0.000000, Normalized LogL: -0.941241, Exp of Normalized LogL: 0.390143, Best Rate: 0.3
Fault: [1,1,2,3,4,5], logL: -23.854885, Exp of LogL: 0.000000, Normalized LogL: -0.954195, Exp of Normalized LogL: 0.385122, Best Rate: 0.3

========= ADAPTIVE MC DEBUG =========
Total calls: 250
Avg tries: 1939.20
Confidence stops: 250
Max stops: 0
Max stop rate: 0.000
Real Fault Rank 6
===== SEED 70 | FR=0.3 | VR=100 =====
executing with fault mode: [3,1,2,3,4,5]

Fault scores (higher is better):
Fault: [0,1,2,3,4,5], logL: -26.961020, Exp of LogL: 0.000000, Normalized LogL: -0.869710, Exp of Normalized LogL: 0.419073, Best Rate: 0.3
Fault: [2,1,2,3,4,5], logL: -27.090638, Exp of LogL: 0.000000, Normalized LogL: -0.873892, Exp of Normalized LogL: 0.417324, Best Rate: 0.3
Fault: [3,1,2,3,4,5], logL: -27.159063, Exp of LogL: 0.000000, Normalized LogL: -0.876099, Exp of Normalized LogL: 0.416404, Best Rate: 0.3
Fault: [3,1,2,3,3,5], logL: -27.541230, Exp of LogL: 0.000000, Normalized LogL: -0.888427, Exp of Normalized LogL: 0.411302, Best Rate: 0.3
Fault: [3,1,2,3,2,5], logL: -27.541230, Exp of LogL: 0.000000, Normalized LogL: -0.888427, Exp of Normalized LogL: 0.411302, Best Rate: 0.3
Fault: [3,1,2,3,1,5], logL: -27.541230, Exp of LogL: 0.000000, Normalized LogL: -0.888427, Exp of Normalized LogL: 0.411302, Best Rate: 0.3
Fault: [3,1,2,3,5,5], logL: -27.541230, Exp of LogL: 0.000000, Normalized LogL: -0.888427, Exp of Normalized LogL: 0.411302, Best Rate: 0.3
Fault: [1,1,2,3,4,5], logL: -28.033381, Exp of LogL: 0.000000, Normalized LogL: -0.904303, Exp of Normalized LogL: 0.404824, Best Rate: 0.3
Fault: [4,1,2,3,4,5], logL: -28.323605, Exp of LogL: 0.000000, Normalized LogL: -0.913665, Exp of Normalized LogL: 0.401052, Best Rate: 0.3
Fault: [5,1,2,3,4,5], logL: -28.323605, Exp of LogL: 0.000000, Normalized LogL: -0.913665, Exp of Normalized LogL: 0.401052, Best Rate: 0.3

========= ADAPTIVE MC DEBUG =========
Total calls: 310
Avg tries: 1839.19
Confidence stops: 310
Max stops: 0
Max stop rate: 0.000
Real Fault Rank 3
================= 22/08/2026 08:36:33: SEED 70 END =================
================= 22/08/2026 08:36:33: SEED 71 (69/100), a*=3 fault=[0,1,2,0,4,5] START =================
===== SEED 71 | FR=0.3 | VR=20 =====
executing with fault mode: [0,1,2,0,4,5]

Fault scores (higher is better):
Fault: [0,1,2,1,4,5], logL: -10.179049, Exp of LogL: 0.000038, Normalized LogL: -2.035810, Exp of Normalized LogL: 0.130575, Best Rate: 0.3
Fault: [0,1,2,2,4,5], logL: -10.350722, Exp of LogL: 0.000032, Normalized LogL: -2.070144, Exp of Normalized LogL: 0.126168, Best Rate: 0.3
Fault: [0,1,2,0,4,5], logL: -10.391646, Exp of LogL: 0.000031, Normalized LogL: -2.078329, Exp of Normalized LogL: 0.125139, Best Rate: 0.3
Fault: [0,1,2,5,4,5], logL: -10.721769, Exp of LogL: 0.000022, Normalized LogL: -2.144354, Exp of Normalized LogL: 0.117144, Best Rate: 0.3
Fault: [0,1,2,4,4,5], logL: -10.721769, Exp of LogL: 0.000022, Normalized LogL: -2.144354, Exp of Normalized LogL: 0.117144, Best Rate: 0.3
Fault: [0,1,2,3,4,5], logL: -11.189369, Exp of LogL: 0.000014, Normalized LogL: -2.237874, Exp of Normalized LogL: 0.106685, Best Rate: 0.3
Fault: [0,1,3,0,4,5], logL: -11.459487, Exp of LogL: 0.000011, Normalized LogL: -2.291897, Exp of Normalized LogL: 0.101075, Best Rate: 0.3
Fault: [0,1,5,0,4,5], logL: -11.459487, Exp of LogL: 0.000011, Normalized LogL: -2.291897, Exp of Normalized LogL: 0.101075, Best Rate: 0.3
Fault: [0,1,0,0,4,5], logL: -11.459487, Exp of LogL: 0.000011, Normalized LogL: -2.291897, Exp of Normalized LogL: 0.101075, Best Rate: 0.3
Fault: [0,1,4,0,4,5], logL: -11.459487, Exp of LogL: 0.000011, Normalized LogL: -2.291897, Exp of Normalized LogL: 0.101075, Best Rate: 0.3

========= ADAPTIVE MC DEBUG =========
Total calls: 50
Avg tries: 1087.00
Confidence stops: 50
Max stops: 0
Max stop rate: 0.000
Real Fault Rank 3
===== SEED 71 | FR=0.3 | VR=40 =====
executing with fault mode: [0,1,2,0,4,5]

Fault scores (higher is better):
Fault: [0,1,2,1,4,5], logL: -14.621926, Exp of LogL: 0.000000, Normalized LogL: -1.624658, Exp of Normalized LogL: 0.196979, Best Rate: 0.3
Fault: [0,1,2,3,4,5], logL: -14.649451, Exp of LogL: 0.000000, Normalized LogL: -1.627717, Exp of Normalized LogL: 0.196377, Best Rate: 0.3
Fault: [0,1,2,2,4,5], logL: -15.891287, Exp of LogL: 0.000000, Normalized LogL: -1.765699, Exp of Normalized LogL: 0.171067, Best Rate: 0.3
Fault: [0,1,2,0,4,5], logL: -15.995137, Exp of LogL: 0.000000, Normalized LogL: -1.777237, Exp of Normalized LogL: 0.169105, Best Rate: 0.3
Fault: [0,1,3,0,4,5], logL: -16.000809, Exp of LogL: 0.000000, Normalized LogL: -1.777868, Exp of Normalized LogL: 0.168998, Best Rate: 0.3
Fault: [0,1,5,0,4,5], logL: -16.000809, Exp of LogL: 0.000000, Normalized LogL: -1.777868, Exp of Normalized LogL: 0.168998, Best Rate: 0.3
Fault: [0,1,0,0,4,5], logL: -16.000809, Exp of LogL: 0.000000, Normalized LogL: -1.777868, Exp of Normalized LogL: 0.168998, Best Rate: 0.3
Fault: [0,1,4,0,4,5], logL: -16.000809, Exp of LogL: 0.000000, Normalized LogL: -1.777868, Exp of Normalized LogL: 0.168998, Best Rate: 0.3
Fault: [0,1,2,5,4,5], logL: -16.075075, Exp of LogL: 0.000000, Normalized LogL: -1.786119, Exp of Normalized LogL: 0.167609, Best Rate: 0.3
Fault: [0,1,2,4,4,5], logL: -16.075075, Exp of LogL: 0.000000, Normalized LogL: -1.786119, Exp of Normalized LogL: 0.167609, Best Rate: 0.3

========= ADAPTIVE MC DEBUG =========
Total calls: 90
Avg tries: 1386.67
Confidence stops: 90
Max stops: 0
Max stop rate: 0.000
Real Fault Rank 4
===== SEED 71 | FR=0.3 | VR=60 =====
executing with fault mode: [0,1,2,0,4,5]

Fault scores (higher is better):
Fault: [0,1,2,1,4,5], logL: -20.285756, Exp of LogL: 0.000000, Normalized LogL: -1.560443, Exp of Normalized LogL: 0.210043, Best Rate: 0.3
Fault: [0,1,2,3,4,5], logL: -20.313280, Exp of LogL: 0.000000, Normalized LogL: -1.562560, Exp of Normalized LogL: 0.209599, Best Rate: 0.3
Fault: [0,1,2,2,4,5], logL: -21.522326, Exp of LogL: 0.000000, Normalized LogL: -1.655564, Exp of Normalized LogL: 0.190984, Best Rate: 0.3
Fault: [0,1,2,0,4,5], logL: -21.626176, Exp of LogL: 0.000000, Normalized LogL: -1.663552, Exp of Normalized LogL: 0.189465, Best Rate: 0.3
Fault: [0,1,3,0,4,5], logL: -21.631848, Exp of LogL: 0.000000, Normalized LogL: -1.663988, Exp of Normalized LogL: 0.189382, Best Rate: 0.3
Fault: [0,1,5,0,4,5], logL: -21.631848, Exp of LogL: 0.000000, Normalized LogL: -1.663988, Exp of Normalized LogL: 0.189382, Best Rate: 0.3
Fault: [0,1,0,0,4,5], logL: -21.631848, Exp of LogL: 0.000000, Normalized LogL: -1.663988, Exp of Normalized LogL: 0.189382, Best Rate: 0.3
Fault: [0,1,4,0,4,5], logL: -21.631848, Exp of LogL: 0.000000, Normalized LogL: -1.663988, Exp of Normalized LogL: 0.189382, Best Rate: 0.3
Fault: [0,1,2,5,4,5], logL: -21.672213, Exp of LogL: 0.000000, Normalized LogL: -1.667093, Exp of Normalized LogL: 0.188795, Best Rate: 0.3
Fault: [0,1,2,4,4,5], logL: -21.672213, Exp of LogL: 0.000000, Normalized LogL: -1.667093, Exp of Normalized LogL: 0.188795, Best Rate: 0.3

========= ADAPTIVE MC DEBUG =========
Total calls: 130
Avg tries: 1425.38
Confidence stops: 130
Max stops: 0
Max stop rate: 0.000
Real Fault Rank 4
===== SEED 71 | FR=0.3 | VR=80 =====
executing with fault mode: [0,1,2,0,4,5]

Fault scores (higher is better):
Fault: [0,1,2,1,4,5], logL: -21.844860, Exp of LogL: 0.000000, Normalized LogL: -1.284992, Exp of Normalized LogL: 0.276653, Best Rate: 0.3
Fault: [0,1,2,3,4,5], logL: -22.795479, Exp of LogL: 0.000000, Normalized LogL: -1.340911, Exp of Normalized LogL: 0.261607, Best Rate: 0.3
Fault: [0,1,2,0,4,5], logL: -22.995567, Exp of LogL: 0.000000, Normalized LogL: -1.352680, Exp of Normalized LogL: 0.258546, Best Rate: 0.3
Fault: [0,1,2,2,4,5], logL: -23.303108, Exp of LogL: 0.000000, Normalized LogL: -1.370771, Exp of Normalized LogL: 0.253911, Best Rate: 0.3
Fault: [0,1,2,5,4,5], logL: -23.347966, Exp of LogL: 0.000000, Normalized LogL: -1.373410, Exp of Normalized LogL: 0.253242, Best Rate: 0.3
Fault: [0,1,2,4,4,5], logL: -23.347966, Exp of LogL: 0.000000, Normalized LogL: -1.373410, Exp of Normalized LogL: 0.253242, Best Rate: 0.3
Fault: [0,1,3,0,4,5], logL: -23.367302, Exp of LogL: 0.000000, Normalized LogL: -1.374547, Exp of Normalized LogL: 0.252954, Best Rate: 0.3
Fault: [0,1,5,0,4,5], logL: -23.367302, Exp of LogL: 0.000000, Normalized LogL: -1.374547, Exp of Normalized LogL: 0.252954, Best Rate: 0.3
Fault: [0,1,0,0,4,5], logL: -23.367302, Exp of LogL: 0.000000, Normalized LogL: -1.374547, Exp of Normalized LogL: 0.252954, Best Rate: 0.3
Fault: [0,1,4,0,4,5], logL: -23.367302, Exp of LogL: 0.000000, Normalized LogL: -1.374547, Exp of Normalized LogL: 0.252954, Best Rate: 0.3

========= ADAPTIVE MC DEBUG =========
Total calls: 170
Avg tries: 1598.53
Confidence stops: 170
Max stops: 0
Max stop rate: 0.000
Real Fault Rank 3
===== SEED 71 | FR=0.3 | VR=100 =====
executing with fault mode: [0,1,2,0,4,5]

Fault scores (higher is better):
Fault: [0,1,2,1,4,5], logL: -21.903509, Exp of LogL: 0.000000, Normalized LogL: -0.995614, Exp of Normalized LogL: 0.369496, Best Rate: 0.3
Fault: [0,1,2,3,4,5], logL: -22.814558, Exp of LogL: 0.000000, Normalized LogL: -1.037025, Exp of Normalized LogL: 0.354508, Best Rate: 0.3
Fault: [0,1,2,0,4,5], logL: -23.285809, Exp of LogL: 0.000000, Normalized LogL: -1.058446, Exp of Normalized LogL: 0.346995, Best Rate: 0.3
Fault: [0,1,2,5,4,5], logL: -23.443032, Exp of LogL: 0.000000, Normalized LogL: -1.065592, Exp of Normalized LogL: 0.344524, Best Rate: 0.3
Fault: [0,1,2,4,4,5], logL: -23.443032, Exp of LogL: 0.000000, Normalized LogL: -1.065592, Exp of Normalized LogL: 0.344524, Best Rate: 0.3
Fault: [0,1,2,2,4,5], logL: -23.443032, Exp of LogL: 0.000000, Normalized LogL: -1.065592, Exp of Normalized LogL: 0.344524, Best Rate: 0.3
Fault: [0,1,3,0,4,5], logL: -23.657544, Exp of LogL: 0.000000, Normalized LogL: -1.075343, Exp of Normalized LogL: 0.341181, Best Rate: 0.3
Fault: [0,1,5,0,4,5], logL: -23.657544, Exp of LogL: 0.000000, Normalized LogL: -1.075343, Exp of Normalized LogL: 0.341181, Best Rate: 0.3
Fault: [0,1,0,0,4,5], logL: -23.657544, Exp of LogL: 0.000000, Normalized LogL: -1.075343, Exp of Normalized LogL: 0.341181, Best Rate: 0.3
Fault: [0,1,4,0,4,5], logL: -23.657544, Exp of LogL: 0.000000, Normalized LogL: -1.075343, Exp of Normalized LogL: 0.341181, Best Rate: 0.3

========= ADAPTIVE MC DEBUG =========
Total calls: 220
Avg tries: 1652.05
Confidence stops: 220
Max stops: 0
Max stop rate: 0.000
Real Fault Rank 3
================= 22/08/2026 08:39:19: SEED 71 END =================
================= 22/08/2026 08:39:19: SEED 72 (70/100), a*=2 fault=[0,1,5,3,4,5] START =================
===== SEED 72 | FR=0.3 | VR=20 =====
executing with fault mode: [0,1,5,3,4,5]

Fault scores (higher is better):
Fault: [0,1,4,3,4,5], logL: -4.931633, Exp of LogL: 0.007215, Normalized LogL: -1.643878, Exp of Normalized LogL: 0.193229, Best Rate: 0.3
Fault: [0,1,5,3,4,5], logL: -4.931633, Exp of LogL: 0.007215, Normalized LogL: -1.643878, Exp of Normalized LogL: 0.193229, Best Rate: 0.3
Fault: [2,1,5,3,4,5], logL: -5.305351, Exp of LogL: 0.004965, Normalized LogL: -1.768450, Exp of Normalized LogL: 0.170597, Best Rate: 0.3
Fault: [4,1,5,3,4,5], logL: -5.336673, Exp of LogL: 0.004812, Normalized LogL: -1.778891, Exp of Normalized LogL: 0.168825, Best Rate: 0.3
Fault: [5,1,5,3,4,5], logL: -5.336673, Exp of LogL: 0.004812, Normalized LogL: -1.778891, Exp of Normalized LogL: 0.168825, Best Rate: 0.3
Fault: [1,1,5,3,4,5], logL: -5.355022, Exp of LogL: 0.004724, Normalized LogL: -1.785007, Exp of Normalized LogL: 0.167796, Best Rate: 0.3
Fault: [0,1,2,3,4,5], logL: -6.003289, Exp of LogL: 0.002471, Normalized LogL: -2.001096, Exp of Normalized LogL: 0.135187, Best Rate: 0.3
Fault: [0,1,3,3,4,5], logL: -6.054925, Exp of LogL: 0.002346, Normalized LogL: -2.018308, Exp of Normalized LogL: 0.132880, Best Rate: 0.3
Fault: [0,1,0,3,4,5], logL: -6.060991, Exp of LogL: 0.002332, Normalized LogL: -2.020330, Exp of Normalized LogL: 0.132612, Best Rate: 0.3
Fault: [0,1,1,3,4,5], logL: -6.302594, Exp of LogL: 0.001832, Normalized LogL: -2.100865, Exp of Normalized LogL: 0.122351, Best Rate: 0.3

========= ADAPTIVE MC DEBUG =========
Total calls: 30
Avg tries: 1388.33
Confidence stops: 30
Max stops: 0
Max stop rate: 0.000
Real Fault Rank 2
===== SEED 72 | FR=0.3 | VR=40 =====
executing with fault mode: [0,1,5,3,4,5]

Fault scores (higher is better):
Fault: [0,1,4,3,4,5], logL: -6.979547, Exp of LogL: 0.000931, Normalized LogL: -1.163258, Exp of Normalized LogL: 0.312467, Best Rate: 0.3
Fault: [0,1,5,3,4,5], logL: -6.979547, Exp of LogL: 0.000931, Normalized LogL: -1.163258, Exp of Normalized LogL: 0.312467, Best Rate: 0.3
Fault: [1,1,5,3,4,5], logL: -7.344969, Exp of LogL: 0.000646, Normalized LogL: -1.224162, Exp of Normalized LogL: 0.294004, Best Rate: 0.3
Fault: [4,1,5,3,4,5], logL: -7.344969, Exp of LogL: 0.000646, Normalized LogL: -1.224162, Exp of Normalized LogL: 0.294004, Best Rate: 0.3
Fault: [5,1,5,3,4,5], logL: -7.344969, Exp of LogL: 0.000646, Normalized LogL: -1.224162, Exp of Normalized LogL: 0.294004, Best Rate: 0.3
Fault: [2,1,5,3,4,5], logL: -7.344969, Exp of LogL: 0.000646, Normalized LogL: -1.224162, Exp of Normalized LogL: 0.294004, Best Rate: 0.3
Fault: [0,1,3,3,4,5], logL: -7.660957, Exp of LogL: 0.000471, Normalized LogL: -1.276826, Exp of Normalized LogL: 0.278921, Best Rate: 0.3
Fault: [0,1,0,3,4,5], logL: -8.516928, Exp of LogL: 0.000200, Normalized LogL: -1.419488, Exp of Normalized LogL: 0.241838, Best Rate: 0.3
Fault: [0,1,1,3,4,5], logL: -9.252688, Exp of LogL: 0.000096, Normalized LogL: -1.542115, Exp of Normalized LogL: 0.213928, Best Rate: 0.3
Fault: [0,1,2,3,4,5], logL: -32.435075, Exp of LogL: 0.000000, Normalized LogL: -5.405846, Exp of Normalized LogL: 0.004490, Best Rate: 0.3

========= ADAPTIVE MC DEBUG =========
Total calls: 60
Avg tries: 1779.17
Confidence stops: 60
Max stops: 0
Max stop rate: 0.000
Real Fault Rank 2
===== SEED 72 | FR=0.3 | VR=60 =====
executing with fault mode: [0,1,5,3,4,5]

Fault scores (higher is better):
Fault: [0,1,4,3,4,5], logL: -9.260270, Exp of LogL: 0.000095, Normalized LogL: -1.028919, Exp of Normalized LogL: 0.357393, Best Rate: 0.3
Fault: [0,1,5,3,4,5], logL: -9.260270, Exp of LogL: 0.000095, Normalized LogL: -1.028919, Exp of Normalized LogL: 0.357393, Best Rate: 0.3
Fault: [1,1,5,3,4,5], logL: -9.618323, Exp of LogL: 0.000066, Normalized LogL: -1.068703, Exp of Normalized LogL: 0.343454, Best Rate: 0.3
Fault: [4,1,5,3,4,5], logL: -9.618323, Exp of LogL: 0.000066, Normalized LogL: -1.068703, Exp of Normalized LogL: 0.343454, Best Rate: 0.3
Fault: [5,1,5,3,4,5], logL: -9.618323, Exp of LogL: 0.000066, Normalized LogL: -1.068703, Exp of Normalized LogL: 0.343454, Best Rate: 0.3
Fault: [2,1,5,3,4,5], logL: -9.618323, Exp of LogL: 0.000066, Normalized LogL: -1.068703, Exp of Normalized LogL: 0.343454, Best Rate: 0.3
Fault: [0,1,3,3,4,5], logL: -63.082193, Exp of LogL: 0.000000, Normalized LogL: -7.009133, Exp of Normalized LogL: 0.000904, Best Rate: 0.3
Fault: [0,1,1,3,4,5], logL: -64.158355, Exp of LogL: 0.000000, Normalized LogL: -7.128706, Exp of Normalized LogL: 0.000802, Best Rate: 0.3
Fault: [0,1,0,3,4,5], logL: -64.311413, Exp of LogL: 0.000000, Normalized LogL: -7.145713, Exp of Normalized LogL: 0.000788, Best Rate: 0.3
Fault: [0,1,2,3,4,5], logL: -87.109805, Exp of LogL: 0.000000, Normalized LogL: -9.678867, Exp of Normalized LogL: 0.000063, Best Rate: 0.3

========= ADAPTIVE MC DEBUG =========
Total calls: 90
Avg tries: 1691.11
Confidence stops: 90
Max stops: 0
Max stop rate: 0.000
Real Fault Rank 2
===== SEED 72 | FR=0.3 | VR=80 =====
executing with fault mode: [0,1,5,3,4,5]

Fault scores (higher is better):
Fault: [0,1,4,3,4,5], logL: -10.440963, Exp of LogL: 0.000029, Normalized LogL: -0.870080, Exp of Normalized LogL: 0.418918, Best Rate: 0.3
Fault: [0,1,5,3,4,5], logL: -10.440963, Exp of LogL: 0.000029, Normalized LogL: -0.870080, Exp of Normalized LogL: 0.418918, Best Rate: 0.3
Fault: [1,1,5,3,4,5], logL: -10.799017, Exp of LogL: 0.000020, Normalized LogL: -0.899918, Exp of Normalized LogL: 0.406603, Best Rate: 0.3
Fault: [4,1,5,3,4,5], logL: -10.799017, Exp of LogL: 0.000020, Normalized LogL: -0.899918, Exp of Normalized LogL: 0.406603, Best Rate: 0.3
Fault: [5,1,5,3,4,5], logL: -10.799017, Exp of LogL: 0.000020, Normalized LogL: -0.899918, Exp of Normalized LogL: 0.406603, Best Rate: 0.3
Fault: [2,1,5,3,4,5], logL: -10.799017, Exp of LogL: 0.000020, Normalized LogL: -0.899918, Exp of Normalized LogL: 0.406603, Best Rate: 0.3
Fault: [0,1,3,3,4,5], logL: -63.299313, Exp of LogL: 0.000000, Normalized LogL: -5.274943, Exp of Normalized LogL: 0.005118, Best Rate: 0.3
Fault: [0,1,1,3,4,5], logL: -64.196677, Exp of LogL: 0.000000, Normalized LogL: -5.349723, Exp of Normalized LogL: 0.004749, Best Rate: 0.3
Fault: [0,1,0,3,4,5], logL: -64.753576, Exp of LogL: 0.000000, Normalized LogL: -5.396131, Exp of Normalized LogL: 0.004534, Best Rate: 0.3
Fault: [0,1,2,3,4,5], logL: -87.900499, Exp of LogL: 0.000000, Normalized LogL: -7.325042, Exp of Normalized LogL: 0.000659, Best Rate: 0.3

========= ADAPTIVE MC DEBUG =========
Total calls: 120
Avg tries: 1722.08
Confidence stops: 120
Max stops: 0
Max stop rate: 0.000
Real Fault Rank 2
===== SEED 72 | FR=0.3 | VR=100 =====
executing with fault mode: [0,1,5,3,4,5]

Fault scores (higher is better):
Fault: [0,1,4,3,4,5], logL: -10.658838, Exp of LogL: 0.000023, Normalized LogL: -0.710589, Exp of Normalized LogL: 0.491355, Best Rate: 0.3
Fault: [0,1,5,3,4,5], logL: -10.658838, Exp of LogL: 0.000023, Normalized LogL: -0.710589, Exp of Normalized LogL: 0.491355, Best Rate: 0.3
Fault: [1,1,5,3,4,5], logL: -11.016892, Exp of LogL: 0.000016, Normalized LogL: -0.734459, Exp of Normalized LogL: 0.479765, Best Rate: 0.3
Fault: [4,1,5,3,4,5], logL: -11.016892, Exp of LogL: 0.000016, Normalized LogL: -0.734459, Exp of Normalized LogL: 0.479765, Best Rate: 0.3
Fault: [5,1,5,3,4,5], logL: -11.016892, Exp of LogL: 0.000016, Normalized LogL: -0.734459, Exp of Normalized LogL: 0.479765, Best Rate: 0.3
Fault: [2,1,5,3,4,5], logL: -11.016892, Exp of LogL: 0.000016, Normalized LogL: -0.734459, Exp of Normalized LogL: 0.479765, Best Rate: 0.3
Fault: [0,1,3,3,4,5], logL: -63.601059, Exp of LogL: 0.000000, Normalized LogL: -4.240071, Exp of Normalized LogL: 0.014407, Best Rate: 0.3
Fault: [0,1,1,3,4,5], logL: -64.911244, Exp of LogL: 0.000000, Normalized LogL: -4.327416, Exp of Normalized LogL: 0.013202, Best Rate: 0.3
Fault: [0,1,0,3,4,5], logL: -65.006726, Exp of LogL: 0.000000, Normalized LogL: -4.333782, Exp of Normalized LogL: 0.013118, Best Rate: 0.3
Fault: [0,1,2,3,4,5], logL: -88.235460, Exp of LogL: 0.000000, Normalized LogL: -5.882364, Exp of Normalized LogL: 0.002788, Best Rate: 0.3

========= ADAPTIVE MC DEBUG =========
Total calls: 150
Avg tries: 1848.33
Confidence stops: 150
Max stops: 0
Max stop rate: 0.000
Real Fault Rank 2
================= 22/08/2026 08:41:34: SEED 72 END =================
================= 22/08/2026 08:41:34: SEED 73 (71/100), a*=0 fault=[2,1,2,3,4,5] START =================
===== SEED 73 | FR=0.3 | VR=20 =====
executing with fault mode: [2,1,2,3,4,5]

Fault scores (higher is better):
Fault: [2,1,2,3,4,5], logL: -7.417279, Exp of LogL: 0.000601, Normalized LogL: -1.854320, Exp of Normalized LogL: 0.156559, Best Rate: 0.3
Fault: [2,1,2,3,0,5], logL: -7.428773, Exp of LogL: 0.000594, Normalized LogL: -1.857193, Exp of Normalized LogL: 0.156110, Best Rate: 0.3
Fault: [2,1,2,3,5,5], logL: -7.428773, Exp of LogL: 0.000594, Normalized LogL: -1.857193, Exp of Normalized LogL: 0.156110, Best Rate: 0.3
Fault: [2,1,2,3,2,5], logL: -7.539226, Exp of LogL: 0.000532, Normalized LogL: -1.884807, Exp of Normalized LogL: 0.151858, Best Rate: 0.3
Fault: [2,1,2,3,1,5], logL: -7.622021, Exp of LogL: 0.000490, Normalized LogL: -1.905505, Exp of Normalized LogL: 0.148747, Best Rate: 0.3
Fault: [1,1,2,3,4,5], logL: -8.417484, Exp of LogL: 0.000221, Normalized LogL: -2.104371, Exp of Normalized LogL: 0.121922, Best Rate: 0.3
Fault: [4,1,2,3,4,5], logL: -8.661597, Exp of LogL: 0.000173, Normalized LogL: -2.165399, Exp of Normalized LogL: 0.114704, Best Rate: 0.3
Fault: [5,1,2,3,4,5], logL: -8.661597, Exp of LogL: 0.000173, Normalized LogL: -2.165399, Exp of Normalized LogL: 0.114704, Best Rate: 0.3
Fault: [3,1,2,3,4,5], logL: -9.257029, Exp of LogL: 0.000095, Normalized LogL: -2.314257, Exp of Normalized LogL: 0.098840, Best Rate: 0.3
Fault: [0,1,2,3,4,5], logL: -9.907916, Exp of LogL: 0.000050, Normalized LogL: -2.476979, Exp of Normalized LogL: 0.083997, Best Rate: 0.3

========= ADAPTIVE MC DEBUG =========
Total calls: 40
Avg tries: 1301.25
Confidence stops: 40
Max stops: 0
Max stop rate: 0.000
Real Fault Rank 1
===== SEED 73 | FR=0.3 | VR=40 =====
executing with fault mode: [2,1,2,3,4,5]

Fault scores (higher is better):
Fault: [2,1,2,3,4,5], logL: -10.017758, Exp of LogL: 0.000045, Normalized LogL: -1.252220, Exp of Normalized LogL: 0.285870, Best Rate: 0.3
Fault: [2,1,2,3,0,5], logL: -10.433093, Exp of LogL: 0.000029, Normalized LogL: -1.304137, Exp of Normalized LogL: 0.271407, Best Rate: 0.3
Fault: [2,1,2,3,2,5], logL: -10.433093, Exp of LogL: 0.000029, Normalized LogL: -1.304137, Exp of Normalized LogL: 0.271407, Best Rate: 0.3
Fault: [2,1,2,3,1,5], logL: -10.433093, Exp of LogL: 0.000029, Normalized LogL: -1.304137, Exp of Normalized LogL: 0.271407, Best Rate: 0.3
Fault: [2,1,2,3,5,5], logL: -10.433093, Exp of LogL: 0.000029, Normalized LogL: -1.304137, Exp of Normalized LogL: 0.271407, Best Rate: 0.3
Fault: [4,1,2,3,4,5], logL: -11.249046, Exp of LogL: 0.000013, Normalized LogL: -1.406131, Exp of Normalized LogL: 0.245090, Best Rate: 0.3
Fault: [5,1,2,3,4,5], logL: -11.249046, Exp of LogL: 0.000013, Normalized LogL: -1.406131, Exp of Normalized LogL: 0.245090, Best Rate: 0.3
Fault: [1,1,2,3,4,5], logL: -11.403499, Exp of LogL: 0.000011, Normalized LogL: -1.425437, Exp of Normalized LogL: 0.240403, Best Rate: 0.3
Fault: [0,1,2,3,4,5], logL: -12.852106, Exp of LogL: 0.000003, Normalized LogL: -1.606513, Exp of Normalized LogL: 0.200586, Best Rate: 0.3
Fault: [3,1,2,3,4,5], logL: -13.192238, Exp of LogL: 0.000002, Normalized LogL: -1.649030, Exp of Normalized LogL: 0.192236, Best Rate: 0.3

========= ADAPTIVE MC DEBUG =========
Total calls: 80
Avg tries: 1648.12
Confidence stops: 80
Max stops: 0
Max stop rate: 0.000
Real Fault Rank 1
===== SEED 73 | FR=0.3 | VR=60 =====
executing with fault mode: [2,1,2,3,4,5]

Fault scores (higher is better):
Fault: [2,1,2,3,4,5], logL: -12.946818, Exp of LogL: 0.000002, Normalized LogL: -1.078902, Exp of Normalized LogL: 0.339969, Best Rate: 0.3
Fault: [2,1,2,3,0,5], logL: -13.362153, Exp of LogL: 0.000002, Normalized LogL: -1.113513, Exp of Normalized LogL: 0.328403, Best Rate: 0.3
Fault: [2,1,2,3,2,5], logL: -13.362153, Exp of LogL: 0.000002, Normalized LogL: -1.113513, Exp of Normalized LogL: 0.328403, Best Rate: 0.3
Fault: [2,1,2,3,1,5], logL: -13.362153, Exp of LogL: 0.000002, Normalized LogL: -1.113513, Exp of Normalized LogL: 0.328403, Best Rate: 0.3
Fault: [2,1,2,3,5,5], logL: -13.362153, Exp of LogL: 0.000002, Normalized LogL: -1.113513, Exp of Normalized LogL: 0.328403, Best Rate: 0.3
Fault: [1,1,2,3,4,5], logL: -14.284628, Exp of LogL: 0.000001, Normalized LogL: -1.190386, Exp of Normalized LogL: 0.304104, Best Rate: 0.3
Fault: [4,1,2,3,4,5], logL: -14.296240, Exp of LogL: 0.000001, Normalized LogL: -1.191353, Exp of Normalized LogL: 0.303810, Best Rate: 0.3
Fault: [5,1,2,3,4,5], logL: -14.296240, Exp of LogL: 0.000001, Normalized LogL: -1.191353, Exp of Normalized LogL: 0.303810, Best Rate: 0.3
Fault: [0,1,2,3,4,5], logL: -14.971773, Exp of LogL: 0.000000, Normalized LogL: -1.247648, Exp of Normalized LogL: 0.287180, Best Rate: 0.3
Fault: [3,1,2,3,4,5], logL: -15.194866, Exp of LogL: 0.000000, Normalized LogL: -1.266239, Exp of Normalized LogL: 0.281890, Best Rate: 0.3

========= ADAPTIVE MC DEBUG =========
Total calls: 120
Avg tries: 1818.33
Confidence stops: 120
Max stops: 0
Max stop rate: 0.000
Real Fault Rank 1
===== SEED 73 | FR=0.3 | VR=80 =====
executing with fault mode: [2,1,2,3,4,5]

Fault scores (higher is better):
Fault: [2,1,2,3,4,5], logL: -14.229771, Exp of LogL: 0.000001, Normalized LogL: -0.889361, Exp of Normalized LogL: 0.410918, Best Rate: 0.3
Fault: [2,1,2,3,0,5], logL: -14.606371, Exp of LogL: 0.000000, Normalized LogL: -0.912898, Exp of Normalized LogL: 0.401359, Best Rate: 0.3
Fault: [2,1,2,3,2,5], logL: -14.606371, Exp of LogL: 0.000000, Normalized LogL: -0.912898, Exp of Normalized LogL: 0.401359, Best Rate: 0.3
Fault: [2,1,2,3,1,5], logL: -14.606371, Exp of LogL: 0.000000, Normalized LogL: -0.912898, Exp of Normalized LogL: 0.401359, Best Rate: 0.3
Fault: [2,1,2,3,5,5], logL: -14.606371, Exp of LogL: 0.000000, Normalized LogL: -0.912898, Exp of Normalized LogL: 0.401359, Best Rate: 0.3
Fault: [4,1,2,3,4,5], logL: -15.454360, Exp of LogL: 0.000000, Normalized LogL: -0.965898, Exp of Normalized LogL: 0.380641, Best Rate: 0.3
Fault: [5,1,2,3,4,5], logL: -15.454360, Exp of LogL: 0.000000, Normalized LogL: -0.965898, Exp of Normalized LogL: 0.380641, Best Rate: 0.3
Fault: [1,1,2,3,4,5], logL: -17.725987, Exp of LogL: 0.000000, Normalized LogL: -1.107874, Exp of Normalized LogL: 0.330260, Best Rate: 0.3
Fault: [0,1,2,3,4,5], logL: -17.778121, Exp of LogL: 0.000000, Normalized LogL: -1.111133, Exp of Normalized LogL: 0.329186, Best Rate: 0.3
Fault: [3,1,2,3,4,5], logL: -19.041628, Exp of LogL: 0.000000, Normalized LogL: -1.190102, Exp of Normalized LogL: 0.304190, Best Rate: 0.3

========= ADAPTIVE MC DEBUG =========
Total calls: 160
Avg tries: 1819.06
Confidence stops: 160
Max stops: 0
Max stop rate: 0.000
Real Fault Rank 1
===== SEED 73 | FR=0.3 | VR=100 =====
executing with fault mode: [2,1,2,3,4,5]

Fault scores (higher is better):
Fault: [2,1,2,3,4,5], logL: -15.827964, Exp of LogL: 0.000000, Normalized LogL: -0.791398, Exp of Normalized LogL: 0.453211, Best Rate: 0.3
Fault: [2,1,2,3,0,5], logL: -16.204564, Exp of LogL: 0.000000, Normalized LogL: -0.810228, Exp of Normalized LogL: 0.444757, Best Rate: 0.3
Fault: [2,1,2,3,2,5], logL: -16.204564, Exp of LogL: 0.000000, Normalized LogL: -0.810228, Exp of Normalized LogL: 0.444757, Best Rate: 0.3
Fault: [2,1,2,3,1,5], logL: -16.204564, Exp of LogL: 0.000000, Normalized LogL: -0.810228, Exp of Normalized LogL: 0.444757, Best Rate: 0.3
Fault: [2,1,2,3,5,5], logL: -16.204564, Exp of LogL: 0.000000, Normalized LogL: -0.810228, Exp of Normalized LogL: 0.444757, Best Rate: 0.3
Fault: [4,1,2,3,4,5], logL: -16.871408, Exp of LogL: 0.000000, Normalized LogL: -0.843570, Exp of Normalized LogL: 0.430172, Best Rate: 0.3
Fault: [5,1,2,3,4,5], logL: -16.871408, Exp of LogL: 0.000000, Normalized LogL: -0.843570, Exp of Normalized LogL: 0.430172, Best Rate: 0.3
Fault: [0,1,2,3,4,5], logL: -19.141759, Exp of LogL: 0.000000, Normalized LogL: -0.957088, Exp of Normalized LogL: 0.384010, Best Rate: 0.3
Fault: [1,1,2,3,4,5], logL: -20.166699, Exp of LogL: 0.000000, Normalized LogL: -1.008335, Exp of Normalized LogL: 0.364826, Best Rate: 0.3
Fault: [3,1,2,3,4,5], logL: -20.836613, Exp of LogL: 0.000000, Normalized LogL: -1.041831, Exp of Normalized LogL: 0.352808, Best Rate: 0.3

========= ADAPTIVE MC DEBUG =========
Total calls: 200
Avg tries: 1873.00
Confidence stops: 200
Max stops: 0
Max stop rate: 0.000
Real Fault Rank 1
================= 22/08/2026 08:44:33: SEED 73 END =================
================= 22/08/2026 08:44:33: SEED 74 (72/100), a*=1 fault=[0,4,2,3,4,5] START =================
===== SEED 74 | FR=0.3 | VR=20 =====
executing with fault mode: [0,4,2,3,4,5]

Fault scores (higher is better):
Fault: [0,0,2,3,4,5], logL: -5.570322, Exp of LogL: 0.003809, Normalized LogL: -1.392580, Exp of Normalized LogL: 0.248433, Best Rate: 0.3
Fault: [0,4,2,3,3,5], logL: -5.621732, Exp of LogL: 0.003618, Normalized LogL: -1.405433, Exp of Normalized LogL: 0.245261, Best Rate: 0.3
Fault: [0,3,2,3,4,5], logL: -5.710368, Exp of LogL: 0.003311, Normalized LogL: -1.427592, Exp of Normalized LogL: 0.239886, Best Rate: 0.3
Fault: [0,4,2,3,0,5], logL: -5.727092, Exp of LogL: 0.003257, Normalized LogL: -1.431773, Exp of Normalized LogL: 0.238885, Best Rate: 0.3
Fault: [0,4,2,3,2,5], logL: -6.071933, Exp of LogL: 0.002307, Normalized LogL: -1.517983, Exp of Normalized LogL: 0.219153, Best Rate: 0.3
Fault: [0,4,2,3,5,5], logL: -6.071933, Exp of LogL: 0.002307, Normalized LogL: -1.517983, Exp of Normalized LogL: 0.219153, Best Rate: 0.3
Fault: [0,5,2,3,4,5], logL: -6.464139, Exp of LogL: 0.001558, Normalized LogL: -1.616035, Exp of Normalized LogL: 0.198685, Best Rate: 0.3
Fault: [0,4,2,3,4,5], logL: -6.464139, Exp of LogL: 0.001558, Normalized LogL: -1.616035, Exp of Normalized LogL: 0.198685, Best Rate: 0.3
Fault: [0,2,2,3,4,5], logL: -6.733964, Exp of LogL: 0.001190, Normalized LogL: -1.683491, Exp of Normalized LogL: 0.185724, Best Rate: 0.3
Fault: [0,1,2,3,4,5], logL: -7.772472, Exp of LogL: 0.000421, Normalized LogL: -1.943118, Exp of Normalized LogL: 0.143257, Best Rate: 0.3

========= ADAPTIVE MC DEBUG =========
Total calls: 40
Avg tries: 1082.50
Confidence stops: 40
Max stops: 0
Max stop rate: 0.000
Real Fault Rank 8
===== SEED 74 | FR=0.3 | VR=40 =====
executing with fault mode: [0,4,2,3,4,5]

Fault scores (higher is better):
Fault: [0,0,2,3,4,5], logL: -9.559573, Exp of LogL: 0.000071, Normalized LogL: -1.194947, Exp of Normalized LogL: 0.302720, Best Rate: 0.3
Fault: [0,5,2,3,4,5], logL: -10.250500, Exp of LogL: 0.000035, Normalized LogL: -1.281313, Exp of Normalized LogL: 0.277673, Best Rate: 0.3
Fault: [0,4,2,3,4,5], logL: -10.250500, Exp of LogL: 0.000035, Normalized LogL: -1.281313, Exp of Normalized LogL: 0.277673, Best Rate: 0.3
Fault: [0,2,2,3,4,5], logL: -10.250500, Exp of LogL: 0.000035, Normalized LogL: -1.281313, Exp of Normalized LogL: 0.277673, Best Rate: 0.3
Fault: [0,3,2,3,4,5], logL: -10.315464, Exp of LogL: 0.000033, Normalized LogL: -1.289433, Exp of Normalized LogL: 0.275427, Best Rate: 0.3
Fault: [0,4,2,3,2,5], logL: -10.612065, Exp of LogL: 0.000025, Normalized LogL: -1.326508, Exp of Normalized LogL: 0.265402, Best Rate: 0.3
Fault: [0,4,2,3,5,5], logL: -10.612065, Exp of LogL: 0.000025, Normalized LogL: -1.326508, Exp of Normalized LogL: 0.265402, Best Rate: 0.3
Fault: [0,4,2,3,3,5], logL: -10.612065, Exp of LogL: 0.000025, Normalized LogL: -1.326508, Exp of Normalized LogL: 0.265402, Best Rate: 0.3
Fault: [0,4,2,3,0,5], logL: -10.612065, Exp of LogL: 0.000025, Normalized LogL: -1.326508, Exp of Normalized LogL: 0.265402, Best Rate: 0.3
Fault: [0,1,2,3,4,5], logL: -10.876572, Exp of LogL: 0.000019, Normalized LogL: -1.359572, Exp of Normalized LogL: 0.256771, Best Rate: 0.3

========= ADAPTIVE MC DEBUG =========
Total calls: 80
Avg tries: 1525.62
Confidence stops: 80
Max stops: 0
Max stop rate: 0.000
Real Fault Rank 3
===== SEED 74 | FR=0.3 | VR=60 =====
executing with fault mode: [0,4,2,3,4,5]

Fault scores (higher is better):
Fault: [0,3,2,3,4,5], logL: -11.552021, Exp of LogL: 0.000010, Normalized LogL: -0.962668, Exp of Normalized LogL: 0.381873, Best Rate: 0.3
Fault: [0,0,2,3,4,5], logL: -12.212857, Exp of LogL: 0.000005, Normalized LogL: -1.017738, Exp of Normalized LogL: 0.361411, Best Rate: 0.3
Fault: [0,1,2,3,4,5], logL: -12.401151, Exp of LogL: 0.000004, Normalized LogL: -1.033429, Exp of Normalized LogL: 0.355785, Best Rate: 0.3
Fault: [0,5,2,3,4,5], logL: -12.682711, Exp of LogL: 0.000003, Normalized LogL: -1.056893, Exp of Normalized LogL: 0.347534, Best Rate: 0.3
Fault: [0,4,2,3,4,5], logL: -12.682711, Exp of LogL: 0.000003, Normalized LogL: -1.056893, Exp of Normalized LogL: 0.347534, Best Rate: 0.3
Fault: [0,2,2,3,4,5], logL: -12.682711, Exp of LogL: 0.000003, Normalized LogL: -1.056893, Exp of Normalized LogL: 0.347534, Best Rate: 0.3
Fault: [0,4,2,3,2,5], logL: -13.044276, Exp of LogL: 0.000002, Normalized LogL: -1.087023, Exp of Normalized LogL: 0.337219, Best Rate: 0.3
Fault: [0,4,2,3,5,5], logL: -13.044276, Exp of LogL: 0.000002, Normalized LogL: -1.087023, Exp of Normalized LogL: 0.337219, Best Rate: 0.3
Fault: [0,4,2,3,3,5], logL: -13.044276, Exp of LogL: 0.000002, Normalized LogL: -1.087023, Exp of Normalized LogL: 0.337219, Best Rate: 0.3
Fault: [0,4,2,3,0,5], logL: -13.044276, Exp of LogL: 0.000002, Normalized LogL: -1.087023, Exp of Normalized LogL: 0.337219, Best Rate: 0.3

========= ADAPTIVE MC DEBUG =========
Total calls: 120
Avg tries: 1625.83
Confidence stops: 120
Max stops: 0
Max stop rate: 0.000
Real Fault Rank 5
===== SEED 74 | FR=0.3 | VR=80 =====
executing with fault mode: [0,4,2,3,4,5]

Fault scores (higher is better):
Fault: [0,3,2,3,4,5], logL: -14.100444, Exp of LogL: 0.000001, Normalized LogL: -0.881278, Exp of Normalized LogL: 0.414253, Best Rate: 0.3
Fault: [0,1,2,3,4,5], logL: -14.680669, Exp of LogL: 0.000000, Normalized LogL: -0.917542, Exp of Normalized LogL: 0.399500, Best Rate: 0.3
Fault: [0,0,2,3,4,5], logL: -14.913752, Exp of LogL: 0.000000, Normalized LogL: -0.932109, Exp of Normalized LogL: 0.393722, Best Rate: 0.3
Fault: [0,5,2,3,4,5], logL: -15.042862, Exp of LogL: 0.000000, Normalized LogL: -0.940179, Exp of Normalized LogL: 0.390558, Best Rate: 0.3
Fault: [0,4,2,3,4,5], logL: -15.042862, Exp of LogL: 0.000000, Normalized LogL: -0.940179, Exp of Normalized LogL: 0.390558, Best Rate: 0.3
Fault: [0,2,2,3,4,5], logL: -15.042862, Exp of LogL: 0.000000, Normalized LogL: -0.940179, Exp of Normalized LogL: 0.390558, Best Rate: 0.3
Fault: [0,4,2,3,2,5], logL: -15.404427, Exp of LogL: 0.000000, Normalized LogL: -0.962777, Exp of Normalized LogL: 0.381831, Best Rate: 0.3
Fault: [0,4,2,3,5,5], logL: -15.404427, Exp of LogL: 0.000000, Normalized LogL: -0.962777, Exp of Normalized LogL: 0.381831, Best Rate: 0.3
Fault: [0,4,2,3,3,5], logL: -15.404427, Exp of LogL: 0.000000, Normalized LogL: -0.962777, Exp of Normalized LogL: 0.381831, Best Rate: 0.3
Fault: [0,4,2,3,0,5], logL: -15.404427, Exp of LogL: 0.000000, Normalized LogL: -0.962777, Exp of Normalized LogL: 0.381831, Best Rate: 0.3

========= ADAPTIVE MC DEBUG =========
Total calls: 160
Avg tries: 1762.19
Confidence stops: 160
Max stops: 0
Max stop rate: 0.000
Real Fault Rank 5
===== SEED 74 | FR=0.3 | VR=100 =====
executing with fault mode: [0,4,2,3,4,5]

Fault scores (higher is better):
Fault: [0,3,2,3,4,5], logL: -17.207048, Exp of LogL: 0.000000, Normalized LogL: -0.860352, Exp of Normalized LogL: 0.423013, Best Rate: 0.3
Fault: [0,1,2,3,4,5], logL: -17.551031, Exp of LogL: 0.000000, Normalized LogL: -0.877552, Exp of Normalized LogL: 0.415800, Best Rate: 0.3
Fault: [0,5,2,3,4,5], logL: -18.540344, Exp of LogL: 0.000000, Normalized LogL: -0.927017, Exp of Normalized LogL: 0.395732, Best Rate: 0.3
Fault: [0,4,2,3,4,5], logL: -18.540344, Exp of LogL: 0.000000, Normalized LogL: -0.927017, Exp of Normalized LogL: 0.395732, Best Rate: 0.3
Fault: [0,2,2,3,4,5], logL: -18.540344, Exp of LogL: 0.000000, Normalized LogL: -0.927017, Exp of Normalized LogL: 0.395732, Best Rate: 0.3
Fault: [0,0,2,3,4,5], logL: -18.645277, Exp of LogL: 0.000000, Normalized LogL: -0.932264, Exp of Normalized LogL: 0.393662, Best Rate: 0.3
Fault: [0,4,2,3,2,5], logL: -18.901909, Exp of LogL: 0.000000, Normalized LogL: -0.945095, Exp of Normalized LogL: 0.388642, Best Rate: 0.3
Fault: [0,4,2,3,5,5], logL: -18.901909, Exp of LogL: 0.000000, Normalized LogL: -0.945095, Exp of Normalized LogL: 0.388642, Best Rate: 0.3
Fault: [0,4,2,3,3,5], logL: -18.901909, Exp of LogL: 0.000000, Normalized LogL: -0.945095, Exp of Normalized LogL: 0.388642, Best Rate: 0.3
Fault: [0,4,2,3,0,5], logL: -18.901909, Exp of LogL: 0.000000, Normalized LogL: -0.945095, Exp of Normalized LogL: 0.388642, Best Rate: 0.3

========= ADAPTIVE MC DEBUG =========
Total calls: 200
Avg tries: 1778.25
Confidence stops: 200
Max stops: 0
Max stop rate: 0.000
Real Fault Rank 4
================= 22/08/2026 08:47:19: SEED 74 END =================
================= 22/08/2026 08:47:19: SEED 75 (73/100), a*=0 fault=[4,1,2,3,4,5] START =================
===== SEED 75 | FR=0.3 | VR=20 =====
executing with fault mode: [4,1,2,3,4,5]

Fault scores (higher is better):
Fault: [4,1,2,3,5,5], logL: -4.454539, Exp of LogL: 0.011626, Normalized LogL: -1.484846, Exp of Normalized LogL: 0.226537, Best Rate: 0.3
Fault: [4,1,2,3,0,5], logL: -4.454539, Exp of LogL: 0.011626, Normalized LogL: -1.484846, Exp of Normalized LogL: 0.226537, Best Rate: 0.3
Fault: [4,1,2,3,3,5], logL: -4.454539, Exp of LogL: 0.011626, Normalized LogL: -1.484846, Exp of Normalized LogL: 0.226537, Best Rate: 0.3
Fault: [0,1,2,3,4,5], logL: -4.455719, Exp of LogL: 0.011612, Normalized LogL: -1.485240, Exp of Normalized LogL: 0.226448, Best Rate: 0.3
Fault: [2,1,2,3,4,5], logL: -4.623907, Exp of LogL: 0.009814, Normalized LogL: -1.541302, Exp of Normalized LogL: 0.214102, Best Rate: 0.3
Fault: [5,1,2,3,4,5], logL: -4.672579, Exp of LogL: 0.009348, Normalized LogL: -1.557526, Exp of Normalized LogL: 0.210657, Best Rate: 0.3
Fault: [4,1,2,3,4,5], logL: -4.672579, Exp of LogL: 0.009348, Normalized LogL: -1.557526, Exp of Normalized LogL: 0.210657, Best Rate: 0.3
Fault: [4,1,2,3,1,5], logL: -4.680387, Exp of LogL: 0.009275, Normalized LogL: -1.560129, Exp of Normalized LogL: 0.210109, Best Rate: 0.3
Fault: [3,1,2,3,4,5], logL: -5.367201, Exp of LogL: 0.004667, Normalized LogL: -1.789067, Exp of Normalized LogL: 0.167116, Best Rate: 0.3
Fault: [1,1,2,3,4,5], logL: -5.520759, Exp of LogL: 0.004003, Normalized LogL: -1.840253, Exp of Normalized LogL: 0.158777, Best Rate: 0.3

========= ADAPTIVE MC DEBUG =========
Total calls: 30
Avg tries: 1616.67
Confidence stops: 30
Max stops: 0
Max stop rate: 0.000
Real Fault Rank 7
===== SEED 75 | FR=0.3 | VR=40 =====
executing with fault mode: [4,1,2,3,4,5]

Fault scores (higher is better):
Fault: [0,1,2,3,4,5], logL: -7.135375, Exp of LogL: 0.000796, Normalized LogL: -1.189229, Exp of Normalized LogL: 0.304456, Best Rate: 0.3
Fault: [2,1,2,3,4,5], logL: -7.304202, Exp of LogL: 0.000673, Normalized LogL: -1.217367, Exp of Normalized LogL: 0.296009, Best Rate: 0.3
Fault: [5,1,2,3,4,5], logL: -7.311840, Exp of LogL: 0.000668, Normalized LogL: -1.218640, Exp of Normalized LogL: 0.295632, Best Rate: 0.3
Fault: [4,1,2,3,4,5], logL: -7.311840, Exp of LogL: 0.000668, Normalized LogL: -1.218640, Exp of Normalized LogL: 0.295632, Best Rate: 0.3
Fault: [4,1,2,3,5,5], logL: -7.705787, Exp of LogL: 0.000450, Normalized LogL: -1.284298, Exp of Normalized LogL: 0.276845, Best Rate: 0.3
Fault: [4,1,2,3,0,5], logL: -7.705787, Exp of LogL: 0.000450, Normalized LogL: -1.284298, Exp of Normalized LogL: 0.276845, Best Rate: 0.3
Fault: [4,1,2,3,1,5], logL: -7.705787, Exp of LogL: 0.000450, Normalized LogL: -1.284298, Exp of Normalized LogL: 0.276845, Best Rate: 0.3
Fault: [4,1,2,3,3,5], logL: -7.705787, Exp of LogL: 0.000450, Normalized LogL: -1.284298, Exp of Normalized LogL: 0.276845, Best Rate: 0.3
Fault: [3,1,2,3,4,5], logL: -8.115678, Exp of LogL: 0.000299, Normalized LogL: -1.352613, Exp of Normalized LogL: 0.258564, Best Rate: 0.3
Fault: [1,1,2,3,4,5], logL: -8.205617, Exp of LogL: 0.000273, Normalized LogL: -1.367603, Exp of Normalized LogL: 0.254717, Best Rate: 0.3

========= ADAPTIVE MC DEBUG =========
Total calls: 60
Avg tries: 1843.33
Confidence stops: 60
Max stops: 0
Max stop rate: 0.000
Real Fault Rank 4
===== SEED 75 | FR=0.3 | VR=60 =====
executing with fault mode: [4,1,2,3,4,5]

Fault scores (higher is better):
Fault: [0,1,2,3,4,5], logL: -8.120072, Exp of LogL: 0.000298, Normalized LogL: -1.015009, Exp of Normalized LogL: 0.362399, Best Rate: 0.3
Fault: [2,1,2,3,4,5], logL: -8.288899, Exp of LogL: 0.000251, Normalized LogL: -1.036112, Exp of Normalized LogL: 0.354831, Best Rate: 0.3
Fault: [5,1,2,3,4,5], logL: -8.296537, Exp of LogL: 0.000249, Normalized LogL: -1.037067, Exp of Normalized LogL: 0.354493, Best Rate: 0.3
Fault: [4,1,2,3,4,5], logL: -8.296537, Exp of LogL: 0.000249, Normalized LogL: -1.037067, Exp of Normalized LogL: 0.354493, Best Rate: 0.3
Fault: [4,1,2,3,5,5], logL: -8.665834, Exp of LogL: 0.000172, Normalized LogL: -1.083229, Exp of Normalized LogL: 0.338501, Best Rate: 0.3
Fault: [4,1,2,3,0,5], logL: -8.665834, Exp of LogL: 0.000172, Normalized LogL: -1.083229, Exp of Normalized LogL: 0.338501, Best Rate: 0.3
Fault: [4,1,2,3,1,5], logL: -8.665834, Exp of LogL: 0.000172, Normalized LogL: -1.083229, Exp of Normalized LogL: 0.338501, Best Rate: 0.3
Fault: [4,1,2,3,3,5], logL: -8.665834, Exp of LogL: 0.000172, Normalized LogL: -1.083229, Exp of Normalized LogL: 0.338501, Best Rate: 0.3
Fault: [3,1,2,3,4,5], logL: -9.100374, Exp of LogL: 0.000112, Normalized LogL: -1.137547, Exp of Normalized LogL: 0.320605, Best Rate: 0.3
Fault: [1,1,2,3,4,5], logL: -9.190314, Exp of LogL: 0.000102, Normalized LogL: -1.148789, Exp of Normalized LogL: 0.317020, Best Rate: 0.3

========= ADAPTIVE MC DEBUG =========
Total calls: 80
Avg tries: 1782.50
Confidence stops: 80
Max stops: 0
Max stop rate: 0.000
Real Fault Rank 4
===== SEED 75 | FR=0.3 | VR=80 =====
executing with fault mode: [4,1,2,3,4,5]

Fault scores (higher is better):
Fault: [0,1,2,3,4,5], logL: -9.261531, Exp of LogL: 0.000095, Normalized LogL: -0.841957, Exp of Normalized LogL: 0.430866, Best Rate: 0.3
Fault: [5,1,2,3,4,5], logL: -9.330439, Exp of LogL: 0.000089, Normalized LogL: -0.848222, Exp of Normalized LogL: 0.428176, Best Rate: 0.3
Fault: [4,1,2,3,4,5], logL: -9.330439, Exp of LogL: 0.000089, Normalized LogL: -0.848222, Exp of Normalized LogL: 0.428176, Best Rate: 0.3
Fault: [2,1,2,3,4,5], logL: -9.330439, Exp of LogL: 0.000089, Normalized LogL: -0.848222, Exp of Normalized LogL: 0.428176, Best Rate: 0.3
Fault: [4,1,2,3,5,5], logL: -9.699737, Exp of LogL: 0.000061, Normalized LogL: -0.881794, Exp of Normalized LogL: 0.414039, Best Rate: 0.3
Fault: [4,1,2,3,0,5], logL: -9.699737, Exp of LogL: 0.000061, Normalized LogL: -0.881794, Exp of Normalized LogL: 0.414039, Best Rate: 0.3
Fault: [4,1,2,3,1,5], logL: -9.699737, Exp of LogL: 0.000061, Normalized LogL: -0.881794, Exp of Normalized LogL: 0.414039, Best Rate: 0.3
Fault: [4,1,2,3,3,5], logL: -9.699737, Exp of LogL: 0.000061, Normalized LogL: -0.881794, Exp of Normalized LogL: 0.414039, Best Rate: 0.3
Fault: [1,1,2,3,4,5], logL: -10.296810, Exp of LogL: 0.000034, Normalized LogL: -0.936074, Exp of Normalized LogL: 0.392165, Best Rate: 0.3
Fault: [3,1,2,3,4,5], logL: -10.428749, Exp of LogL: 0.000030, Normalized LogL: -0.948068, Exp of Normalized LogL: 0.387489, Best Rate: 0.3

========= ADAPTIVE MC DEBUG =========
Total calls: 110
Avg tries: 1867.73
Confidence stops: 110
Max stops: 0
Max stop rate: 0.000
Real Fault Rank 3
===== SEED 75 | FR=0.3 | VR=100 =====
executing with fault mode: [4,1,2,3,4,5]

Fault scores (higher is better):
Fault: [0,1,2,3,4,5], logL: -10.610458, Exp of LogL: 0.000025, Normalized LogL: -0.757890, Exp of Normalized LogL: 0.468654, Best Rate: 0.3
Fault: [5,1,2,3,4,5], logL: -10.679365, Exp of LogL: 0.000023, Normalized LogL: -0.762812, Exp of Normalized LogL: 0.466353, Best Rate: 0.3
Fault: [4,1,2,3,4,5], logL: -10.679365, Exp of LogL: 0.000023, Normalized LogL: -0.762812, Exp of Normalized LogL: 0.466353, Best Rate: 0.3
Fault: [2,1,2,3,4,5], logL: -10.679365, Exp of LogL: 0.000023, Normalized LogL: -0.762812, Exp of Normalized LogL: 0.466353, Best Rate: 0.3
Fault: [4,1,2,3,5,5], logL: -11.048663, Exp of LogL: 0.000016, Normalized LogL: -0.789190, Exp of Normalized LogL: 0.454212, Best Rate: 0.3
Fault: [4,1,2,3,0,5], logL: -11.048663, Exp of LogL: 0.000016, Normalized LogL: -0.789190, Exp of Normalized LogL: 0.454212, Best Rate: 0.3
Fault: [4,1,2,3,1,5], logL: -11.048663, Exp of LogL: 0.000016, Normalized LogL: -0.789190, Exp of Normalized LogL: 0.454212, Best Rate: 0.3
Fault: [4,1,2,3,3,5], logL: -11.048663, Exp of LogL: 0.000016, Normalized LogL: -0.789190, Exp of Normalized LogL: 0.454212, Best Rate: 0.3
Fault: [1,1,2,3,4,5], logL: -11.645736, Exp of LogL: 0.000009, Normalized LogL: -0.831838, Exp of Normalized LogL: 0.435248, Best Rate: 0.3
Fault: [3,1,2,3,4,5], logL: -11.777675, Exp of LogL: 0.000008, Normalized LogL: -0.841263, Exp of Normalized LogL: 0.431166, Best Rate: 0.3

========= ADAPTIVE MC DEBUG =========
Total calls: 140
Avg tries: 1896.07
Confidence stops: 140
Max stops: 0
Max stop rate: 0.000
Real Fault Rank 3
================= 22/08/2026 08:49:29: SEED 75 END =================
================= 22/08/2026 08:49:29: SEED 76 (74/100), a*=0 fault=[5,1,2,3,4,5] START =================
===== SEED 76 | FR=0.3 | VR=20 =====
executing with fault mode: [5,1,2,3,4,5]

executing with fault mode: [5,1,2,3,4,5]

executing with fault mode: [5,1,2,3,4,5]

Fault scores (higher is better):
Fault: [4,1,2,3,4,5], logL: -3.845278, Exp of LogL: 0.021380, Normalized LogL: -1.281759, Exp of Normalized LogL: 0.277549, Best Rate: 0.3
Fault: [1,1,2,3,4,5], logL: -4.012705, Exp of LogL: 0.018084, Normalized LogL: -1.337568, Exp of Normalized LogL: 0.262483, Best Rate: 0.3
Fault: [2,1,2,3,4,5], logL: -4.022461, Exp of LogL: 0.017909, Normalized LogL: -1.340820, Exp of Normalized LogL: 0.261631, Best Rate: 0.3
Fault: [5,1,5,3,4,5], logL: -4.302880, Exp of LogL: 0.013530, Normalized LogL: -1.434293, Exp of Normalized LogL: 0.238284, Best Rate: 0.3
Fault: [5,1,4,3,4,5], logL: -4.302880, Exp of LogL: 0.013530, Normalized LogL: -1.434293, Exp of Normalized LogL: 0.238284, Best Rate: 0.3
Fault: [0,1,2,3,4,5], logL: -4.522001, Exp of LogL: 0.010867, Normalized LogL: -1.507334, Exp of Normalized LogL: 0.221500, Best Rate: 0.3
Fault: [3,1,2,3,4,5], logL: -4.533065, Exp of LogL: 0.010748, Normalized LogL: -1.511022, Exp of Normalized LogL: 0.220684, Best Rate: 0.3
Fault: [5,1,1,3,4,5], logL: -4.580993, Exp of LogL: 0.010245, Normalized LogL: -1.526998, Exp of Normalized LogL: 0.217187, Best Rate: 0.3
Fault: [5,1,2,3,4,5], logL: -4.694157, Exp of LogL: 0.009149, Normalized LogL: -1.564719, Exp of Normalized LogL: 0.209147, Best Rate: 0.3
Fault: [5,1,0,3,4,5], logL: -4.920500, Exp of LogL: 0.007295, Normalized LogL: -1.640167, Exp of Normalized LogL: 0.193948, Best Rate: 0.3

========= ADAPTIVE MC DEBUG =========
Total calls: 30
Avg tries: 1711.67
Confidence stops: 30
Max stops: 0
Max stop rate: 0.000
Real Fault Rank 9
===== SEED 76 | FR=0.3 | VR=40 =====
executing with fault mode: [5,1,2,3,4,5]

executing with fault mode: [5,1,2,3,4,5]

executing with fault mode: [5,1,2,3,4,5]

Fault scores (higher is better):
Fault: [4,1,2,3,4,5], logL: -6.734615, Exp of LogL: 0.001189, Normalized LogL: -1.122436, Exp of Normalized LogL: 0.325486, Best Rate: 0.3
Fault: [5,1,2,3,4,5], logL: -7.096399, Exp of LogL: 0.000828, Normalized LogL: -1.182733, Exp of Normalized LogL: 0.306440, Best Rate: 0.3
Fault: [5,1,1,3,4,5], logL: -7.368775, Exp of LogL: 0.000631, Normalized LogL: -1.228129, Exp of Normalized LogL: 0.292840, Best Rate: 0.3
Fault: [5,1,0,3,4,5], logL: -7.369555, Exp of LogL: 0.000630, Normalized LogL: -1.228259, Exp of Normalized LogL: 0.292802, Best Rate: 0.3
Fault: [5,1,5,3,4,5], logL: -7.464397, Exp of LogL: 0.000573, Normalized LogL: -1.244066, Exp of Normalized LogL: 0.288210, Best Rate: 0.3
Fault: [5,1,4,3,4,5], logL: -7.464397, Exp of LogL: 0.000573, Normalized LogL: -1.244066, Exp of Normalized LogL: 0.288210, Best Rate: 0.3
Fault: [1,1,2,3,4,5], logL: -7.793159, Exp of LogL: 0.000413, Normalized LogL: -1.298860, Exp of Normalized LogL: 0.272843, Best Rate: 0.3
Fault: [3,1,2,3,4,5], logL: -7.958587, Exp of LogL: 0.000350, Normalized LogL: -1.326431, Exp of Normalized LogL: 0.265423, Best Rate: 0.3
Fault: [2,1,2,3,4,5], logL: -8.005366, Exp of LogL: 0.000334, Normalized LogL: -1.334228, Exp of Normalized LogL: 0.263362, Best Rate: 0.3
Fault: [0,1,2,3,4,5], logL: -8.235858, Exp of LogL: 0.000265, Normalized LogL: -1.372643, Exp of Normalized LogL: 0.253436, Best Rate: 0.3

========= ADAPTIVE MC DEBUG =========
Total calls: 60
Avg tries: 1853.33
Confidence stops: 60
Max stops: 0
Max stop rate: 0.000
Real Fault Rank 2
===== SEED 76 | FR=0.3 | VR=60 =====
executing with fault mode: [5,1,2,3,4,5]

executing with fault mode: [5,1,2,3,4,5]

executing with fault mode: [5,1,2,3,4,5]

Fault scores (higher is better):
Fault: [4,1,2,3,4,5], logL: -6.865209, Exp of LogL: 0.001043, Normalized LogL: -0.762801, Exp of Normalized LogL: 0.466358, Best Rate: 0.3
Fault: [5,1,2,3,4,5], logL: -7.226992, Exp of LogL: 0.000727, Normalized LogL: -0.802999, Exp of Normalized LogL: 0.447983, Best Rate: 0.3
Fault: [5,1,1,3,4,5], logL: -7.499369, Exp of LogL: 0.000553, Normalized LogL: -0.833263, Exp of Normalized LogL: 0.434629, Best Rate: 0.3
Fault: [5,1,0,3,4,5], logL: -7.500148, Exp of LogL: 0.000553, Normalized LogL: -0.833350, Exp of Normalized LogL: 0.434591, Best Rate: 0.3
Fault: [5,1,5,3,4,5], logL: -7.594991, Exp of LogL: 0.000503, Normalized LogL: -0.843888, Exp of Normalized LogL: 0.430035, Best Rate: 0.3
Fault: [5,1,4,3,4,5], logL: -7.594991, Exp of LogL: 0.000503, Normalized LogL: -0.843888, Exp of Normalized LogL: 0.430035, Best Rate: 0.3
Fault: [1,1,2,3,4,5], logL: -7.884066, Exp of LogL: 0.000377, Normalized LogL: -0.876007, Exp of Normalized LogL: 0.416442, Best Rate: 0.3
Fault: [3,1,2,3,4,5], logL: -8.089181, Exp of LogL: 0.000307, Normalized LogL: -0.898798, Exp of Normalized LogL: 0.407059, Best Rate: 0.3
Fault: [2,1,2,3,4,5], logL: -8.223215, Exp of LogL: 0.000268, Normalized LogL: -0.913691, Exp of Normalized LogL: 0.401041, Best Rate: 0.3
Fault: [0,1,2,3,4,5], logL: -8.382620, Exp of LogL: 0.000229, Normalized LogL: -0.931402, Exp of Normalized LogL: 0.394001, Best Rate: 0.3

========= ADAPTIVE MC DEBUG =========
Total calls: 90
Avg tries: 1974.44
Confidence stops: 90
Max stops: 0
Max stop rate: 0.000
Real Fault Rank 2
===== SEED 76 | FR=0.3 | VR=80 =====
executing with fault mode: [5,1,2,3,4,5]

executing with fault mode: [5,1,2,3,4,5]

executing with fault mode: [5,1,2,3,4,5]

Fault scores (higher is better):
Fault: [4,1,2,3,4,5], logL: -7.413800, Exp of LogL: 0.000603, Normalized LogL: -0.617817, Exp of Normalized LogL: 0.539120, Best Rate: 0.3
Fault: [5,1,2,3,4,5], logL: -8.384461, Exp of LogL: 0.000228, Normalized LogL: -0.698705, Exp of Normalized LogL: 0.497229, Best Rate: 0.3
Fault: [1,1,2,3,4,5], logL: -8.432657, Exp of LogL: 0.000218, Normalized LogL: -0.702721, Exp of Normalized LogL: 0.495236, Best Rate: 0.3
Fault: [5,1,1,3,4,5], logL: -8.656837, Exp of LogL: 0.000174, Normalized LogL: -0.721403, Exp of Normalized LogL: 0.486070, Best Rate: 0.3
Fault: [5,1,0,3,4,5], logL: -8.657617, Exp of LogL: 0.000174, Normalized LogL: -0.721468, Exp of Normalized LogL: 0.486038, Best Rate: 0.3
Fault: [5,1,5,3,4,5], logL: -8.752459, Exp of LogL: 0.000158, Normalized LogL: -0.729372, Exp of Normalized LogL: 0.482212, Best Rate: 0.3
Fault: [5,1,4,3,4,5], logL: -8.752459, Exp of LogL: 0.000158, Normalized LogL: -0.729372, Exp of Normalized LogL: 0.482212, Best Rate: 0.3
Fault: [2,1,2,3,4,5], logL: -8.771806, Exp of LogL: 0.000155, Normalized LogL: -0.730984, Exp of Normalized LogL: 0.481435, Best Rate: 0.3
Fault: [3,1,2,3,4,5], logL: -9.184849, Exp of LogL: 0.000103, Normalized LogL: -0.765404, Exp of Normalized LogL: 0.465146, Best Rate: 0.3
Fault: [0,1,2,3,4,5], logL: -9.419464, Exp of LogL: 0.000081, Normalized LogL: -0.784955, Exp of Normalized LogL: 0.456140, Best Rate: 0.3

========= ADAPTIVE MC DEBUG =========
Total calls: 120
Avg tries: 2025.00
Confidence stops: 120
Max stops: 0
Max stop rate: 0.000
Real Fault Rank 2
===== SEED 76 | FR=0.3 | VR=100 =====
executing with fault mode: [5,1,2,3,4,5]

executing with fault mode: [5,1,2,3,4,5]

executing with fault mode: [5,1,2,3,4,5]

Fault scores (higher is better):
Fault: [5,1,2,3,4,5], logL: -8.643314, Exp of LogL: 0.000176, Normalized LogL: -0.576221, Exp of Normalized LogL: 0.562018, Best Rate: 0.3
Fault: [5,1,1,3,4,5], logL: -8.915691, Exp of LogL: 0.000134, Normalized LogL: -0.594379, Exp of Normalized LogL: 0.551905, Best Rate: 0.3
Fault: [5,1,0,3,4,5], logL: -8.916470, Exp of LogL: 0.000134, Normalized LogL: -0.594431, Exp of Normalized LogL: 0.551876, Best Rate: 0.3
Fault: [5,1,5,3,4,5], logL: -9.011313, Exp of LogL: 0.000122, Normalized LogL: -0.600754, Exp of Normalized LogL: 0.548398, Best Rate: 0.3
Fault: [5,1,4,3,4,5], logL: -9.011313, Exp of LogL: 0.000122, Normalized LogL: -0.600754, Exp of Normalized LogL: 0.548398, Best Rate: 0.3
Fault: [4,1,2,3,4,5], logL: -33.670780, Exp of LogL: 0.000000, Normalized LogL: -2.244719, Exp of Normalized LogL: 0.105957, Best Rate: 0.3
Fault: [3,1,2,3,4,5], logL: -34.642519, Exp of LogL: 0.000000, Normalized LogL: -2.309501, Exp of Normalized LogL: 0.099311, Best Rate: 0.3
Fault: [1,1,2,3,4,5], logL: -34.689637, Exp of LogL: 0.000000, Normalized LogL: -2.312642, Exp of Normalized LogL: 0.098999, Best Rate: 0.3
Fault: [0,1,2,3,4,5], logL: -35.005486, Exp of LogL: 0.000000, Normalized LogL: -2.333699, Exp of Normalized LogL: 0.096937, Best Rate: 0.3
Fault: [2,1,2,3,4,5], logL: -35.034161, Exp of LogL: 0.000000, Normalized LogL: -2.335611, Exp of Normalized LogL: 0.096751, Best Rate: 0.3

========= ADAPTIVE MC DEBUG =========
Total calls: 150
Avg tries: 1727.33
Confidence stops: 150
Max stops: 0
Max stop rate: 0.000
Real Fault Rank 1
================= 22/08/2026 08:51:54: SEED 76 END =================
================= 22/08/2026 08:51:54: SEED 77 (75/100), a*=2 fault=[0,1,4,3,4,5] START =================
===== SEED 77 | FR=0.3 | VR=20 =====
executing with fault mode: [0,1,4,3,4,5]

Fault scores (higher is better):
Fault: [0,1,2,3,4,5], logL: -3.585672, Exp of LogL: 0.027718, Normalized LogL: -1.195224, Exp of Normalized LogL: 0.302636, Best Rate: 0.3
Fault: [0,1,1,3,4,5], logL: -3.850131, Exp of LogL: 0.021277, Normalized LogL: -1.283377, Exp of Normalized LogL: 0.277100, Best Rate: 0.3
Fault: [0,1,4,3,4,5], logL: -3.901663, Exp of LogL: 0.020208, Normalized LogL: -1.300554, Exp of Normalized LogL: 0.272381, Best Rate: 0.3
Fault: [0,1,5,3,4,5], logL: -3.901663, Exp of LogL: 0.020208, Normalized LogL: -1.300554, Exp of Normalized LogL: 0.272381, Best Rate: 0.3
Fault: [0,1,4,3,2,5], logL: -3.978164, Exp of LogL: 0.018720, Normalized LogL: -1.326055, Exp of Normalized LogL: 0.265523, Best Rate: 0.3
Fault: [0,1,4,3,5,5], logL: -3.978164, Exp of LogL: 0.018720, Normalized LogL: -1.326055, Exp of Normalized LogL: 0.265523, Best Rate: 0.3
Fault: [0,1,4,3,3,5], logL: -4.186536, Exp of LogL: 0.015199, Normalized LogL: -1.395512, Exp of Normalized LogL: 0.247706, Best Rate: 0.3
Fault: [0,1,4,3,0,5], logL: -4.243136, Exp of LogL: 0.014362, Normalized LogL: -1.414379, Exp of Normalized LogL: 0.243077, Best Rate: 0.3
Fault: [0,1,0,3,4,5], logL: -4.490080, Exp of LogL: 0.011220, Normalized LogL: -1.496693, Exp of Normalized LogL: 0.223869, Best Rate: 0.3
Fault: [0,1,3,3,4,5], logL: -4.497529, Exp of LogL: 0.011136, Normalized LogL: -1.499176, Exp of Normalized LogL: 0.223314, Best Rate: 0.3

========= ADAPTIVE MC DEBUG =========
Total calls: 30
Avg tries: 1856.67
Confidence stops: 30
Max stops: 0
Max stop rate: 0.000
Real Fault Rank 3
===== SEED 77 | FR=0.3 | VR=40 =====
executing with fault mode: [0,1,4,3,4,5]

Fault scores (higher is better):
Fault: [0,1,4,3,4,5], logL: -5.461711, Exp of LogL: 0.004246, Normalized LogL: -0.910285, Exp of Normalized LogL: 0.402409, Best Rate: 0.3
Fault: [0,1,5,3,4,5], logL: -5.461711, Exp of LogL: 0.004246, Normalized LogL: -0.910285, Exp of Normalized LogL: 0.402409, Best Rate: 0.3
Fault: [0,1,4,3,3,5], logL: -5.826090, Exp of LogL: 0.002950, Normalized LogL: -0.971015, Exp of Normalized LogL: 0.378698, Best Rate: 0.3
Fault: [0,1,4,3,2,5], logL: -5.826090, Exp of LogL: 0.002950, Normalized LogL: -0.971015, Exp of Normalized LogL: 0.378698, Best Rate: 0.3
Fault: [0,1,4,3,5,5], logL: -5.826090, Exp of LogL: 0.002950, Normalized LogL: -0.971015, Exp of Normalized LogL: 0.378698, Best Rate: 0.3
Fault: [0,1,4,3,0,5], logL: -5.826090, Exp of LogL: 0.002950, Normalized LogL: -0.971015, Exp of Normalized LogL: 0.378698, Best Rate: 0.3
Fault: [0,1,2,3,4,5], logL: -30.830560, Exp of LogL: 0.000000, Normalized LogL: -5.138427, Exp of Normalized LogL: 0.005867, Best Rate: 0.3
Fault: [0,1,1,3,4,5], logL: -31.377262, Exp of LogL: 0.000000, Normalized LogL: -5.229544, Exp of Normalized LogL: 0.005356, Best Rate: 0.3
Fault: [0,1,0,3,4,5], logL: -31.650647, Exp of LogL: 0.000000, Normalized LogL: -5.275108, Exp of Normalized LogL: 0.005117, Best Rate: 0.3
Fault: [0,1,3,3,4,5], logL: -31.784617, Exp of LogL: 0.000000, Normalized LogL: -5.297436, Exp of Normalized LogL: 0.005004, Best Rate: 0.3

========= ADAPTIVE MC DEBUG =========
Total calls: 60
Avg tries: 2032.50
Confidence stops: 60
Max stops: 0
Max stop rate: 0.000
Real Fault Rank 1
===== SEED 77 | FR=0.3 | VR=60 =====
executing with fault mode: [0,1,4,3,4,5]

Fault scores (higher is better):
Fault: [0,1,4,3,4,5], logL: -6.806116, Exp of LogL: 0.001107, Normalized LogL: -0.850764, Exp of Normalized LogL: 0.427088, Best Rate: 0.3
Fault: [0,1,5,3,4,5], logL: -6.806116, Exp of LogL: 0.001107, Normalized LogL: -0.850764, Exp of Normalized LogL: 0.427088, Best Rate: 0.3
Fault: [0,1,4,3,3,5], logL: -7.170495, Exp of LogL: 0.000769, Normalized LogL: -0.896312, Exp of Normalized LogL: 0.408072, Best Rate: 0.3
Fault: [0,1,4,3,2,5], logL: -7.170495, Exp of LogL: 0.000769, Normalized LogL: -0.896312, Exp of Normalized LogL: 0.408072, Best Rate: 0.3
Fault: [0,1,4,3,5,5], logL: -7.170495, Exp of LogL: 0.000769, Normalized LogL: -0.896312, Exp of Normalized LogL: 0.408072, Best Rate: 0.3
Fault: [0,1,4,3,0,5], logL: -7.170495, Exp of LogL: 0.000769, Normalized LogL: -0.896312, Exp of Normalized LogL: 0.408072, Best Rate: 0.3
Fault: [0,1,2,3,4,5], logL: -32.174964, Exp of LogL: 0.000000, Normalized LogL: -4.021871, Exp of Normalized LogL: 0.017919, Best Rate: 0.3
Fault: [0,1,1,3,4,5], logL: -32.721667, Exp of LogL: 0.000000, Normalized LogL: -4.090208, Exp of Normalized LogL: 0.016736, Best Rate: 0.3
Fault: [0,1,0,3,4,5], logL: -32.995051, Exp of LogL: 0.000000, Normalized LogL: -4.124381, Exp of Normalized LogL: 0.016173, Best Rate: 0.3
Fault: [0,1,3,3,4,5], logL: -33.129022, Exp of LogL: 0.000000, Normalized LogL: -4.141128, Exp of Normalized LogL: 0.015905, Best Rate: 0.3

========= ADAPTIVE MC DEBUG =========
Total calls: 80
Avg tries: 1961.88
Confidence stops: 80
Max stops: 0
Max stop rate: 0.000
Real Fault Rank 1
===== SEED 77 | FR=0.3 | VR=80 =====
executing with fault mode: [0,1,4,3,4,5]

Fault scores (higher is better):
Fault: [0,1,4,3,4,5], logL: -8.569774, Exp of LogL: 0.000190, Normalized LogL: -0.779070, Exp of Normalized LogL: 0.458832, Best Rate: 0.3
Fault: [0,1,5,3,4,5], logL: -8.569774, Exp of LogL: 0.000190, Normalized LogL: -0.779070, Exp of Normalized LogL: 0.458832, Best Rate: 0.3
Fault: [0,1,4,3,3,5], logL: -8.909517, Exp of LogL: 0.000135, Normalized LogL: -0.809956, Exp of Normalized LogL: 0.444878, Best Rate: 0.3
Fault: [0,1,4,3,2,5], logL: -8.909517, Exp of LogL: 0.000135, Normalized LogL: -0.809956, Exp of Normalized LogL: 0.444878, Best Rate: 0.3
Fault: [0,1,4,3,5,5], logL: -8.909517, Exp of LogL: 0.000135, Normalized LogL: -0.809956, Exp of Normalized LogL: 0.444878, Best Rate: 0.3
Fault: [0,1,4,3,0,5], logL: -8.909517, Exp of LogL: 0.000135, Normalized LogL: -0.809956, Exp of Normalized LogL: 0.444878, Best Rate: 0.3
Fault: [0,1,2,3,4,5], logL: -34.250238, Exp of LogL: 0.000000, Normalized LogL: -3.113658, Exp of Normalized LogL: 0.044438, Best Rate: 0.3
Fault: [0,1,1,3,4,5], logL: -34.728190, Exp of LogL: 0.000000, Normalized LogL: -3.157108, Exp of Normalized LogL: 0.042549, Best Rate: 0.3
Fault: [0,1,0,3,4,5], logL: -34.805979, Exp of LogL: 0.000000, Normalized LogL: -3.164180, Exp of Normalized LogL: 0.042249, Best Rate: 0.3
Fault: [0,1,3,3,4,5], logL: -34.947653, Exp of LogL: 0.000000, Normalized LogL: -3.177059, Exp of Normalized LogL: 0.041708, Best Rate: 0.3

========= ADAPTIVE MC DEBUG =========
Total calls: 110
Avg tries: 1937.73
Confidence stops: 110
Max stops: 0
Max stop rate: 0.000
Real Fault Rank 1
===== SEED 77 | FR=0.3 | VR=100 =====
executing with fault mode: [0,1,4,3,4,5]

Fault scores (higher is better):
Fault: [0,1,4,3,4,5], logL: -9.230536, Exp of LogL: 0.000098, Normalized LogL: -0.659324, Exp of Normalized LogL: 0.517201, Best Rate: 0.3
Fault: [0,1,5,3,4,5], logL: -9.230536, Exp of LogL: 0.000098, Normalized LogL: -0.659324, Exp of Normalized LogL: 0.517201, Best Rate: 0.3
Fault: [0,1,4,3,3,5], logL: -9.603673, Exp of LogL: 0.000067, Normalized LogL: -0.685977, Exp of Normalized LogL: 0.503598, Best Rate: 0.3
Fault: [0,1,4,3,2,5], logL: -9.603673, Exp of LogL: 0.000067, Normalized LogL: -0.685977, Exp of Normalized LogL: 0.503598, Best Rate: 0.3
Fault: [0,1,4,3,5,5], logL: -9.603673, Exp of LogL: 0.000067, Normalized LogL: -0.685977, Exp of Normalized LogL: 0.503598, Best Rate: 0.3
Fault: [0,1,4,3,0,5], logL: -9.603673, Exp of LogL: 0.000067, Normalized LogL: -0.685977, Exp of Normalized LogL: 0.503598, Best Rate: 0.3
Fault: [0,1,2,3,4,5], logL: -34.925534, Exp of LogL: 0.000000, Normalized LogL: -2.494681, Exp of Normalized LogL: 0.082523, Best Rate: 0.3
Fault: [0,1,1,3,4,5], logL: -35.464415, Exp of LogL: 0.000000, Normalized LogL: -2.533172, Exp of Normalized LogL: 0.079407, Best Rate: 0.3
Fault: [0,1,0,3,4,5], logL: -35.467329, Exp of LogL: 0.000000, Normalized LogL: -2.533381, Exp of Normalized LogL: 0.079390, Best Rate: 0.3
Fault: [0,1,3,3,4,5], logL: -35.625406, Exp of LogL: 0.000000, Normalized LogL: -2.544672, Exp of Normalized LogL: 0.078499, Best Rate: 0.3

========= ADAPTIVE MC DEBUG =========
Total calls: 140
Avg tries: 1857.14
Confidence stops: 140
Max stops: 0
Max stop rate: 0.000
Real Fault Rank 1
================= 22/08/2026 08:54:15: SEED 77 END =================
================= 22/08/2026 08:54:15: SEED 78 (76/100), a*=0 fault=[5,1,2,3,4,5] START =================
===== SEED 78 | FR=0.3 | VR=20 =====
executing with fault mode: [5,1,2,3,4,5]

executing with fault mode: [5,1,2,3,4,5]

Fault scores (higher is better):
Fault: [0,1,2,3,4,5], logL: -12.083140, Exp of LogL: 0.000006, Normalized LogL: -1.726163, Exp of Normalized LogL: 0.177966, Best Rate: 0.3
Fault: [2,1,2,3,4,5], logL: -12.189522, Exp of LogL: 0.000005, Normalized LogL: -1.741360, Exp of Normalized LogL: 0.175282, Best Rate: 0.3
Fault: [5,1,2,3,2,5], logL: -12.404250, Exp of LogL: 0.000004, Normalized LogL: -1.772036, Exp of Normalized LogL: 0.169987, Best Rate: 0.3
Fault: [5,1,2,3,0,5], logL: -12.427240, Exp of LogL: 0.000004, Normalized LogL: -1.775320, Exp of Normalized LogL: 0.169429, Best Rate: 0.3
Fault: [4,1,2,3,4,5], logL: -12.427240, Exp of LogL: 0.000004, Normalized LogL: -1.775320, Exp of Normalized LogL: 0.169429, Best Rate: 0.3
Fault: [5,1,2,3,3,5], logL: -12.427240, Exp of LogL: 0.000004, Normalized LogL: -1.775320, Exp of Normalized LogL: 0.169429, Best Rate: 0.3
Fault: [5,1,2,3,4,5], logL: -12.427240, Exp of LogL: 0.000004, Normalized LogL: -1.775320, Exp of Normalized LogL: 0.169429, Best Rate: 0.3
Fault: [5,1,2,3,1,5], logL: -12.450770, Exp of LogL: 0.000004, Normalized LogL: -1.778681, Exp of Normalized LogL: 0.168861, Best Rate: 0.3
Fault: [3,1,2,3,4,5], logL: -12.667979, Exp of LogL: 0.000003, Normalized LogL: -1.809711, Exp of Normalized LogL: 0.163701, Best Rate: 0.3
Fault: [1,1,2,3,4,5], logL: -12.768380, Exp of LogL: 0.000003, Normalized LogL: -1.824054, Exp of Normalized LogL: 0.161370, Best Rate: 0.3

========= ADAPTIVE MC DEBUG =========
Total calls: 70
Avg tries: 1475.00
Confidence stops: 70
Max stops: 0
Max stop rate: 0.000
Real Fault Rank 7
===== SEED 78 | FR=0.3 | VR=40 =====
executing with fault mode: [5,1,2,3,4,5]

executing with fault mode: [5,1,2,3,4,5]

Fault scores (higher is better):
Fault: [4,1,2,3,4,5], logL: -23.536214, Exp of LogL: 0.000000, Normalized LogL: -1.681158, Exp of Normalized LogL: 0.186158, Best Rate: 0.3
Fault: [5,1,2,3,4,5], logL: -23.536214, Exp of LogL: 0.000000, Normalized LogL: -1.681158, Exp of Normalized LogL: 0.186158, Best Rate: 0.3
Fault: [3,1,2,3,4,5], logL: -23.861706, Exp of LogL: 0.000000, Normalized LogL: -1.704408, Exp of Normalized LogL: 0.181880, Best Rate: 0.3
Fault: [5,1,2,3,0,5], logL: -23.913508, Exp of LogL: 0.000000, Normalized LogL: -1.708108, Exp of Normalized LogL: 0.181208, Best Rate: 0.3
Fault: [5,1,2,3,2,5], logL: -23.913508, Exp of LogL: 0.000000, Normalized LogL: -1.708108, Exp of Normalized LogL: 0.181208, Best Rate: 0.3
Fault: [5,1,2,3,3,5], logL: -23.913508, Exp of LogL: 0.000000, Normalized LogL: -1.708108, Exp of Normalized LogL: 0.181208, Best Rate: 0.3
Fault: [5,1,2,3,1,5], logL: -23.913508, Exp of LogL: 0.000000, Normalized LogL: -1.708108, Exp of Normalized LogL: 0.181208, Best Rate: 0.3
Fault: [0,1,2,3,4,5], logL: -25.024591, Exp of LogL: 0.000000, Normalized LogL: -1.787471, Exp of Normalized LogL: 0.167383, Best Rate: 0.3
Fault: [1,1,2,3,4,5], logL: -26.132025, Exp of LogL: 0.000000, Normalized LogL: -1.866573, Exp of Normalized LogL: 0.154653, Best Rate: 0.3
Fault: [2,1,2,3,4,5], logL: -26.484721, Exp of LogL: 0.000000, Normalized LogL: -1.891766, Exp of Normalized LogL: 0.150805, Best Rate: 0.3

========= ADAPTIVE MC DEBUG =========
Total calls: 140
Avg tries: 1440.36
Confidence stops: 140
Max stops: 0
Max stop rate: 0.000
Real Fault Rank 2
===== SEED 78 | FR=0.3 | VR=60 =====
executing with fault mode: [5,1,2,3,4,5]

executing with fault mode: [5,1,2,3,4,5]

Fault scores (higher is better):
Fault: [4,1,2,3,4,5], logL: -26.589320, Exp of LogL: 0.000000, Normalized LogL: -1.329466, Exp of Normalized LogL: 0.264619, Best Rate: 0.3
Fault: [5,1,2,3,4,5], logL: -26.589320, Exp of LogL: 0.000000, Normalized LogL: -1.329466, Exp of Normalized LogL: 0.264619, Best Rate: 0.3
Fault: [3,1,2,3,4,5], logL: -26.766015, Exp of LogL: 0.000000, Normalized LogL: -1.338301, Exp of Normalized LogL: 0.262291, Best Rate: 0.3
Fault: [5,1,2,3,0,5], logL: -26.950885, Exp of LogL: 0.000000, Normalized LogL: -1.347544, Exp of Normalized LogL: 0.259878, Best Rate: 0.3
Fault: [5,1,2,3,2,5], logL: -26.950885, Exp of LogL: 0.000000, Normalized LogL: -1.347544, Exp of Normalized LogL: 0.259878, Best Rate: 0.3
Fault: [5,1,2,3,3,5], logL: -26.950885, Exp of LogL: 0.000000, Normalized LogL: -1.347544, Exp of Normalized LogL: 0.259878, Best Rate: 0.3
Fault: [5,1,2,3,1,5], logL: -26.950885, Exp of LogL: 0.000000, Normalized LogL: -1.347544, Exp of Normalized LogL: 0.259878, Best Rate: 0.3
Fault: [0,1,2,3,4,5], logL: -28.098563, Exp of LogL: 0.000000, Normalized LogL: -1.404928, Exp of Normalized LogL: 0.245385, Best Rate: 0.3
Fault: [1,1,2,3,4,5], logL: -29.340149, Exp of LogL: 0.000000, Normalized LogL: -1.467007, Exp of Normalized LogL: 0.230615, Best Rate: 0.3
Fault: [2,1,2,3,4,5], logL: -29.722728, Exp of LogL: 0.000000, Normalized LogL: -1.486136, Exp of Normalized LogL: 0.226245, Best Rate: 0.3

========= ADAPTIVE MC DEBUG =========
Total calls: 200
Avg tries: 1562.75
Confidence stops: 200
Max stops: 0
Max stop rate: 0.000
Real Fault Rank 2
===== SEED 78 | FR=0.3 | VR=80 =====
executing with fault mode: [5,1,2,3,4,5]

executing with fault mode: [5,1,2,3,4,5]

Fault scores (higher is better):
Fault: [4,1,2,3,4,5], logL: -29.105469, Exp of LogL: 0.000000, Normalized LogL: -1.077980, Exp of Normalized LogL: 0.340282, Best Rate: 0.3
Fault: [5,1,2,3,4,5], logL: -29.105469, Exp of LogL: 0.000000, Normalized LogL: -1.077980, Exp of Normalized LogL: 0.340282, Best Rate: 0.3
Fault: [5,1,2,3,0,5], logL: -29.467034, Exp of LogL: 0.000000, Normalized LogL: -1.091372, Exp of Normalized LogL: 0.335756, Best Rate: 0.3
Fault: [5,1,2,3,2,5], logL: -29.467034, Exp of LogL: 0.000000, Normalized LogL: -1.091372, Exp of Normalized LogL: 0.335756, Best Rate: 0.3
Fault: [5,1,2,3,3,5], logL: -29.467034, Exp of LogL: 0.000000, Normalized LogL: -1.091372, Exp of Normalized LogL: 0.335756, Best Rate: 0.3
Fault: [5,1,2,3,1,5], logL: -29.467034, Exp of LogL: 0.000000, Normalized LogL: -1.091372, Exp of Normalized LogL: 0.335756, Best Rate: 0.3
Fault: [3,1,2,3,4,5], logL: -29.580318, Exp of LogL: 0.000000, Normalized LogL: -1.095567, Exp of Normalized LogL: 0.334350, Best Rate: 0.3
Fault: [0,1,2,3,4,5], logL: -30.371759, Exp of LogL: 0.000000, Normalized LogL: -1.124880, Exp of Normalized LogL: 0.324691, Best Rate: 0.3
Fault: [1,1,2,3,4,5], logL: -31.856298, Exp of LogL: 0.000000, Normalized LogL: -1.179863, Exp of Normalized LogL: 0.307321, Best Rate: 0.3
Fault: [2,1,2,3,4,5], logL: -32.191479, Exp of LogL: 0.000000, Normalized LogL: -1.192277, Exp of Normalized LogL: 0.303529, Best Rate: 0.3

========= ADAPTIVE MC DEBUG =========
Total calls: 270
Avg tries: 1688.70
Confidence stops: 270
Max stops: 0
Max stop rate: 0.000
Real Fault Rank 2
===== SEED 78 | FR=0.3 | VR=100 =====
executing with fault mode: [5,1,2,3,4,5]

executing with fault mode: [5,1,2,3,4,5]

Fault scores (higher is better):
Fault: [4,1,2,3,4,5], logL: -32.779640, Exp of LogL: 0.000000, Normalized LogL: -0.964107, Exp of Normalized LogL: 0.381324, Best Rate: 0.3
Fault: [5,1,2,3,4,5], logL: -32.779640, Exp of LogL: 0.000000, Normalized LogL: -0.964107, Exp of Normalized LogL: 0.381324, Best Rate: 0.3
Fault: [5,1,2,3,0,5], logL: -33.141205, Exp of LogL: 0.000000, Normalized LogL: -0.974741, Exp of Normalized LogL: 0.377290, Best Rate: 0.3
Fault: [5,1,2,3,2,5], logL: -33.141205, Exp of LogL: 0.000000, Normalized LogL: -0.974741, Exp of Normalized LogL: 0.377290, Best Rate: 0.3
Fault: [5,1,2,3,3,5], logL: -33.141205, Exp of LogL: 0.000000, Normalized LogL: -0.974741, Exp of Normalized LogL: 0.377290, Best Rate: 0.3
Fault: [5,1,2,3,1,5], logL: -33.141205, Exp of LogL: 0.000000, Normalized LogL: -0.974741, Exp of Normalized LogL: 0.377290, Best Rate: 0.3
Fault: [0,1,2,3,4,5], logL: -58.767602, Exp of LogL: 0.000000, Normalized LogL: -1.728459, Exp of Normalized LogL: 0.177558, Best Rate: 0.3
Fault: [3,1,2,3,4,5], logL: -59.072985, Exp of LogL: 0.000000, Normalized LogL: -1.737441, Exp of Normalized LogL: 0.175970, Best Rate: 0.3
Fault: [1,1,2,3,4,5], logL: -60.117154, Exp of LogL: 0.000000, Normalized LogL: -1.768152, Exp of Normalized LogL: 0.170648, Best Rate: 0.3
Fault: [2,1,2,3,4,5], logL: -60.185885, Exp of LogL: 0.000000, Normalized LogL: -1.770173, Exp of Normalized LogL: 0.170304, Best Rate: 0.3

========= ADAPTIVE MC DEBUG =========
Total calls: 340
Avg tries: 1745.59
Confidence stops: 340
Max stops: 0
Max stop rate: 0.000
Real Fault Rank 2
================= 22/08/2026 08:58:54: SEED 78 END =================
================= 22/08/2026 08:58:54: SEED 79 (77/100), a*=3 fault=[0,1,2,0,4,5] START =================
===== SEED 79 | FR=0.3 | VR=20 =====
executing with fault mode: [0,1,2,0,4,5]

Fault scores (higher is better):
Fault: [0,1,2,5,4,5], logL: -9.267124, Exp of LogL: 0.000094, Normalized LogL: -2.316781, Exp of Normalized LogL: 0.098590, Best Rate: 0.3
Fault: [0,1,2,4,4,5], logL: -9.267124, Exp of LogL: 0.000094, Normalized LogL: -2.316781, Exp of Normalized LogL: 0.098590, Best Rate: 0.3
Fault: [0,1,2,1,4,5], logL: -9.516654, Exp of LogL: 0.000074, Normalized LogL: -2.379164, Exp of Normalized LogL: 0.092628, Best Rate: 0.3
Fault: [0,1,2,2,4,5], logL: -9.651387, Exp of LogL: 0.000064, Normalized LogL: -2.412847, Exp of Normalized LogL: 0.089560, Best Rate: 0.3
Fault: [0,1,2,0,4,5], logL: -31.774913, Exp of LogL: 0.000000, Normalized LogL: -7.943728, Exp of Normalized LogL: 0.000355, Best Rate: 0.3
Fault: [0,1,2,0,5,5], logL: -32.126297, Exp of LogL: 0.000000, Normalized LogL: -8.031574, Exp of Normalized LogL: 0.000325, Best Rate: 0.3
Fault: [0,1,2,0,1,5], logL: -32.126297, Exp of LogL: 0.000000, Normalized LogL: -8.031574, Exp of Normalized LogL: 0.000325, Best Rate: 0.3
Fault: [0,1,2,0,2,5], logL: -32.126297, Exp of LogL: 0.000000, Normalized LogL: -8.031574, Exp of Normalized LogL: 0.000325, Best Rate: 0.3
Fault: [0,1,2,0,0,5], logL: -32.126297, Exp of LogL: 0.000000, Normalized LogL: -8.031574, Exp of Normalized LogL: 0.000325, Best Rate: 0.3
Fault: [0,1,2,3,4,5], logL: -32.247092, Exp of LogL: 0.000000, Normalized LogL: -8.061773, Exp of Normalized LogL: 0.000315, Best Rate: 0.3

========= ADAPTIVE MC DEBUG =========
Total calls: 40
Avg tries: 1300.00
Confidence stops: 40
Max stops: 0
Max stop rate: 0.000
Real Fault Rank 5
===== SEED 79 | FR=0.3 | VR=40 =====
executing with fault mode: [0,1,2,0,4,5]

Fault scores (higher is better):
Fault: [0,1,2,0,4,5], logL: -9.122672, Exp of LogL: 0.000109, Normalized LogL: -1.303239, Exp of Normalized LogL: 0.271651, Best Rate: 0.3
Fault: [0,1,2,0,5,5], logL: -9.479347, Exp of LogL: 0.000076, Normalized LogL: -1.354192, Exp of Normalized LogL: 0.258156, Best Rate: 0.3
Fault: [0,1,2,0,1,5], logL: -9.479347, Exp of LogL: 0.000076, Normalized LogL: -1.354192, Exp of Normalized LogL: 0.258156, Best Rate: 0.3
Fault: [0,1,2,0,2,5], logL: -9.479347, Exp of LogL: 0.000076, Normalized LogL: -1.354192, Exp of Normalized LogL: 0.258156, Best Rate: 0.3
Fault: [0,1,2,0,0,5], logL: -9.479347, Exp of LogL: 0.000076, Normalized LogL: -1.354192, Exp of Normalized LogL: 0.258156, Best Rate: 0.3
Fault: [0,1,2,5,4,5], logL: -10.274137, Exp of LogL: 0.000035, Normalized LogL: -1.467734, Exp of Normalized LogL: 0.230447, Best Rate: 0.3
Fault: [0,1,2,4,4,5], logL: -10.274137, Exp of LogL: 0.000035, Normalized LogL: -1.467734, Exp of Normalized LogL: 0.230447, Best Rate: 0.3
Fault: [0,1,2,1,4,5], logL: -10.523668, Exp of LogL: 0.000027, Normalized LogL: -1.503381, Exp of Normalized LogL: 0.222377, Best Rate: 0.3
Fault: [0,1,2,2,4,5], logL: -10.658400, Exp of LogL: 0.000024, Normalized LogL: -1.522629, Exp of Normalized LogL: 0.218138, Best Rate: 0.3
Fault: [0,1,2,3,4,5], logL: -11.103381, Exp of LogL: 0.000015, Normalized LogL: -1.586197, Exp of Normalized LogL: 0.204703, Best Rate: 0.3

========= ADAPTIVE MC DEBUG =========
Total calls: 70
Avg tries: 1375.00
Confidence stops: 70
Max stops: 0
Max stop rate: 0.000
Real Fault Rank 1
===== SEED 79 | FR=0.3 | VR=60 =====
executing with fault mode: [0,1,2,0,4,5]

Fault scores (higher is better):
Fault: [0,1,2,0,4,5], logL: -10.781183, Exp of LogL: 0.000021, Normalized LogL: -1.078118, Exp of Normalized LogL: 0.340235, Best Rate: 0.3
Fault: [0,1,2,0,5,5], logL: -11.137858, Exp of LogL: 0.000015, Normalized LogL: -1.113786, Exp of Normalized LogL: 0.328314, Best Rate: 0.3
Fault: [0,1,2,0,1,5], logL: -11.137858, Exp of LogL: 0.000015, Normalized LogL: -1.113786, Exp of Normalized LogL: 0.328314, Best Rate: 0.3
Fault: [0,1,2,0,2,5], logL: -11.137858, Exp of LogL: 0.000015, Normalized LogL: -1.113786, Exp of Normalized LogL: 0.328314, Best Rate: 0.3
Fault: [0,1,2,0,0,5], logL: -11.137858, Exp of LogL: 0.000015, Normalized LogL: -1.113786, Exp of Normalized LogL: 0.328314, Best Rate: 0.3
Fault: [0,1,2,3,4,5], logL: -13.060540, Exp of LogL: 0.000002, Normalized LogL: -1.306054, Exp of Normalized LogL: 0.270887, Best Rate: 0.3
Fault: [0,1,2,1,4,5], logL: -14.305577, Exp of LogL: 0.000001, Normalized LogL: -1.430558, Exp of Normalized LogL: 0.239176, Best Rate: 0.3
Fault: [0,1,2,2,4,5], logL: -14.359644, Exp of LogL: 0.000001, Normalized LogL: -1.435964, Exp of Normalized LogL: 0.237886, Best Rate: 0.3
Fault: [0,1,2,5,4,5], logL: -14.659748, Exp of LogL: 0.000000, Normalized LogL: -1.465975, Exp of Normalized LogL: 0.230853, Best Rate: 0.3
Fault: [0,1,2,4,4,5], logL: -14.659748, Exp of LogL: 0.000000, Normalized LogL: -1.465975, Exp of Normalized LogL: 0.230853, Best Rate: 0.3

========= ADAPTIVE MC DEBUG =========
Total calls: 100
Avg tries: 1497.50
Confidence stops: 100
Max stops: 0
Max stop rate: 0.000
Real Fault Rank 1
===== SEED 79 | FR=0.3 | VR=80 =====
executing with fault mode: [0,1,2,0,4,5]

Fault scores (higher is better):
Fault: [0,1,2,0,4,5], logL: -12.412239, Exp of LogL: 0.000004, Normalized LogL: -0.954788, Exp of Normalized LogL: 0.384894, Best Rate: 0.3
Fault: [0,1,2,0,5,5], logL: -12.768914, Exp of LogL: 0.000003, Normalized LogL: -0.982224, Exp of Normalized LogL: 0.374477, Best Rate: 0.3
Fault: [0,1,2,0,1,5], logL: -12.768914, Exp of LogL: 0.000003, Normalized LogL: -0.982224, Exp of Normalized LogL: 0.374477, Best Rate: 0.3
Fault: [0,1,2,0,2,5], logL: -12.768914, Exp of LogL: 0.000003, Normalized LogL: -0.982224, Exp of Normalized LogL: 0.374477, Best Rate: 0.3
Fault: [0,1,2,0,0,5], logL: -12.768914, Exp of LogL: 0.000003, Normalized LogL: -0.982224, Exp of Normalized LogL: 0.374477, Best Rate: 0.3
Fault: [0,1,2,3,4,5], logL: -15.110188, Exp of LogL: 0.000000, Normalized LogL: -1.162322, Exp of Normalized LogL: 0.312759, Best Rate: 0.3
Fault: [0,1,2,2,4,5], logL: -16.551977, Exp of LogL: 0.000000, Normalized LogL: -1.273229, Exp of Normalized LogL: 0.279926, Best Rate: 0.3
Fault: [0,1,2,1,4,5], logL: -16.738395, Exp of LogL: 0.000000, Normalized LogL: -1.287569, Exp of Normalized LogL: 0.275941, Best Rate: 0.3
Fault: [0,1,2,5,4,5], logL: -16.891435, Exp of LogL: 0.000000, Normalized LogL: -1.299341, Exp of Normalized LogL: 0.272711, Best Rate: 0.3
Fault: [0,1,2,4,4,5], logL: -16.891435, Exp of LogL: 0.000000, Normalized LogL: -1.299341, Exp of Normalized LogL: 0.272711, Best Rate: 0.3

========= ADAPTIVE MC DEBUG =========
Total calls: 130
Avg tries: 1645.00
Confidence stops: 130
Max stops: 0
Max stop rate: 0.000
Real Fault Rank 1
===== SEED 79 | FR=0.3 | VR=100 =====
executing with fault mode: [0,1,2,0,4,5]

Fault scores (higher is better):
Fault: [0,1,2,0,4,5], logL: -13.506556, Exp of LogL: 0.000001, Normalized LogL: -0.794503, Exp of Normalized LogL: 0.451806, Best Rate: 0.3
Fault: [0,1,2,0,5,5], logL: -13.863231, Exp of LogL: 0.000001, Normalized LogL: -0.815484, Exp of Normalized LogL: 0.442425, Best Rate: 0.3
Fault: [0,1,2,0,1,5], logL: -13.863231, Exp of LogL: 0.000001, Normalized LogL: -0.815484, Exp of Normalized LogL: 0.442425, Best Rate: 0.3
Fault: [0,1,2,0,2,5], logL: -13.863231, Exp of LogL: 0.000001, Normalized LogL: -0.815484, Exp of Normalized LogL: 0.442425, Best Rate: 0.3
Fault: [0,1,2,0,0,5], logL: -13.863231, Exp of LogL: 0.000001, Normalized LogL: -0.815484, Exp of Normalized LogL: 0.442425, Best Rate: 0.3
Fault: [0,1,2,3,4,5], logL: -14.812014, Exp of LogL: 0.000000, Normalized LogL: -0.871295, Exp of Normalized LogL: 0.418409, Best Rate: 0.3
Fault: [0,1,2,2,4,5], logL: -16.588641, Exp of LogL: 0.000000, Normalized LogL: -0.975802, Exp of Normalized LogL: 0.376890, Best Rate: 0.3
Fault: [0,1,2,1,4,5], logL: -16.763586, Exp of LogL: 0.000000, Normalized LogL: -0.986093, Exp of Normalized LogL: 0.373031, Best Rate: 0.3
Fault: [0,1,2,5,4,5], logL: -16.928099, Exp of LogL: 0.000000, Normalized LogL: -0.995771, Exp of Normalized LogL: 0.369439, Best Rate: 0.3
Fault: [0,1,2,4,4,5], logL: -16.928099, Exp of LogL: 0.000000, Normalized LogL: -0.995771, Exp of Normalized LogL: 0.369439, Best Rate: 0.3

========= ADAPTIVE MC DEBUG =========
Total calls: 170
Avg tries: 1798.53
Confidence stops: 170
Max stops: 0
Max stop rate: 0.000
Real Fault Rank 1
================= 22/08/2026 09:01:02: SEED 79 END =================
================= 22/08/2026 09:01:02: SEED 81 (78/100), a*=2 fault=[0,1,3,3,4,5] START =================
===== SEED 81 | FR=0.3 | VR=20 =====
executing with fault mode: [0,1,3,3,4,5]

executing with fault mode: [0,1,3,3,4,5]

Fault scores (higher is better):
Fault: [0,1,1,3,4,5], logL: -9.931330, Exp of LogL: 0.000049, Normalized LogL: -1.655222, Exp of Normalized LogL: 0.191050, Best Rate: 0.3
Fault: [0,1,4,3,4,5], logL: -9.981573, Exp of LogL: 0.000046, Normalized LogL: -1.663595, Exp of Normalized LogL: 0.189457, Best Rate: 0.3
Fault: [0,1,5,3,4,5], logL: -9.981573, Exp of LogL: 0.000046, Normalized LogL: -1.663595, Exp of Normalized LogL: 0.189457, Best Rate: 0.3
Fault: [0,1,3,3,5,5], logL: -10.071287, Exp of LogL: 0.000042, Normalized LogL: -1.678548, Exp of Normalized LogL: 0.186645, Best Rate: 0.3
Fault: [0,1,3,3,2,5], logL: -10.071287, Exp of LogL: 0.000042, Normalized LogL: -1.678548, Exp of Normalized LogL: 0.186645, Best Rate: 0.3
Fault: [0,1,3,3,4,5], logL: -10.149224, Exp of LogL: 0.000039, Normalized LogL: -1.691537, Exp of Normalized LogL: 0.184236, Best Rate: 0.3
Fault: [0,1,3,3,0,5], logL: -10.170389, Exp of LogL: 0.000038, Normalized LogL: -1.695065, Exp of Normalized LogL: 0.183587, Best Rate: 0.3
Fault: [0,1,0,3,4,5], logL: -10.203000, Exp of LogL: 0.000037, Normalized LogL: -1.700500, Exp of Normalized LogL: 0.182592, Best Rate: 0.3
Fault: [0,1,3,3,3,5], logL: -10.230777, Exp of LogL: 0.000036, Normalized LogL: -1.705129, Exp of Normalized LogL: 0.181749, Best Rate: 0.3
Fault: [0,1,2,3,4,5], logL: -10.300836, Exp of LogL: 0.000034, Normalized LogL: -1.716806, Exp of Normalized LogL: 0.179639, Best Rate: 0.3

========= ADAPTIVE MC DEBUG =========
Total calls: 60
Avg tries: 1370.00
Confidence stops: 60
Max stops: 0
Max stop rate: 0.000
Real Fault Rank 6
===== SEED 81 | FR=0.3 | VR=40 =====
executing with fault mode: [0,1,3,3,4,5]

executing with fault mode: [0,1,3,3,4,5]

Fault scores (higher is better):
Fault: [0,1,1,3,4,5], logL: -16.883261, Exp of LogL: 0.000000, Normalized LogL: -1.534842, Exp of Normalized LogL: 0.215490, Best Rate: 0.3
Fault: [0,1,4,3,4,5], logL: -16.933504, Exp of LogL: 0.000000, Normalized LogL: -1.539409, Exp of Normalized LogL: 0.214508, Best Rate: 0.3
Fault: [0,1,5,3,4,5], logL: -16.933504, Exp of LogL: 0.000000, Normalized LogL: -1.539409, Exp of Normalized LogL: 0.214508, Best Rate: 0.3
Fault: [0,1,3,3,5,5], logL: -17.023217, Exp of LogL: 0.000000, Normalized LogL: -1.547565, Exp of Normalized LogL: 0.212765, Best Rate: 0.3
Fault: [0,1,3,3,2,5], logL: -17.023217, Exp of LogL: 0.000000, Normalized LogL: -1.547565, Exp of Normalized LogL: 0.212765, Best Rate: 0.3
Fault: [0,1,3,3,4,5], logL: -17.101155, Exp of LogL: 0.000000, Normalized LogL: -1.554650, Exp of Normalized LogL: 0.211263, Best Rate: 0.3
Fault: [0,1,3,3,0,5], logL: -17.122320, Exp of LogL: 0.000000, Normalized LogL: -1.556575, Exp of Normalized LogL: 0.210857, Best Rate: 0.3
Fault: [0,1,0,3,4,5], logL: -17.154931, Exp of LogL: 0.000000, Normalized LogL: -1.559539, Exp of Normalized LogL: 0.210233, Best Rate: 0.3
Fault: [0,1,3,3,3,5], logL: -17.182707, Exp of LogL: 0.000000, Normalized LogL: -1.562064, Exp of Normalized LogL: 0.209703, Best Rate: 0.3
Fault: [0,1,2,3,4,5], logL: -17.252767, Exp of LogL: 0.000000, Normalized LogL: -1.568433, Exp of Normalized LogL: 0.208371, Best Rate: 0.3

========= ADAPTIVE MC DEBUG =========
Total calls: 110
Avg tries: 1474.55
Confidence stops: 110
Max stops: 0
Max stop rate: 0.000
Real Fault Rank 6
===== SEED 81 | FR=0.3 | VR=60 =====
executing with fault mode: [0,1,3,3,4,5]

executing with fault mode: [0,1,3,3,4,5]

Fault scores (higher is better):
Fault: [0,1,1,3,4,5], logL: -20.570619, Exp of LogL: 0.000000, Normalized LogL: -1.285664, Exp of Normalized LogL: 0.276467, Best Rate: 0.3
Fault: [0,1,4,3,4,5], logL: -20.593029, Exp of LogL: 0.000000, Normalized LogL: -1.287064, Exp of Normalized LogL: 0.276080, Best Rate: 0.3
Fault: [0,1,5,3,4,5], logL: -20.593029, Exp of LogL: 0.000000, Normalized LogL: -1.287064, Exp of Normalized LogL: 0.276080, Best Rate: 0.3
Fault: [0,1,3,3,4,5], logL: -20.761940, Exp of LogL: 0.000000, Normalized LogL: -1.297621, Exp of Normalized LogL: 0.273181, Best Rate: 0.3
Fault: [0,1,3,3,5,5], logL: -20.802132, Exp of LogL: 0.000000, Normalized LogL: -1.300133, Exp of Normalized LogL: 0.272495, Best Rate: 0.3
Fault: [0,1,3,3,2,5], logL: -20.802132, Exp of LogL: 0.000000, Normalized LogL: -1.300133, Exp of Normalized LogL: 0.272495, Best Rate: 0.3
Fault: [0,1,3,3,3,5], logL: -20.902966, Exp of LogL: 0.000000, Normalized LogL: -1.306435, Exp of Normalized LogL: 0.270784, Best Rate: 0.3
Fault: [0,1,3,3,0,5], logL: -20.912818, Exp of LogL: 0.000000, Normalized LogL: -1.307051, Exp of Normalized LogL: 0.270617, Best Rate: 0.3
Fault: [0,1,2,3,4,5], logL: -21.551132, Exp of LogL: 0.000000, Normalized LogL: -1.346946, Exp of Normalized LogL: 0.260033, Best Rate: 0.3
Fault: [0,1,0,3,4,5], logL: -21.682572, Exp of LogL: 0.000000, Normalized LogL: -1.355161, Exp of Normalized LogL: 0.257906, Best Rate: 0.3

========= ADAPTIVE MC DEBUG =========
Total calls: 160
Avg tries: 1627.19
Confidence stops: 160
Max stops: 0
Max stop rate: 0.000
Real Fault Rank 4
===== SEED 81 | FR=0.3 | VR=80 =====
executing with fault mode: [0,1,3,3,4,5]

executing with fault mode: [0,1,3,3,4,5]

Fault scores (higher is better):
Fault: [0,1,3,3,0,5], logL: -23.339615, Exp of LogL: 0.000000, Normalized LogL: -1.111410, Exp of Normalized LogL: 0.329095, Best Rate: 0.3
Fault: [0,1,3,3,3,5], logL: -23.807881, Exp of LogL: 0.000000, Normalized LogL: -1.133709, Exp of Normalized LogL: 0.321837, Best Rate: 0.3
Fault: [0,1,0,3,4,5], logL: -23.851598, Exp of LogL: 0.000000, Normalized LogL: -1.135790, Exp of Normalized LogL: 0.321168, Best Rate: 0.3
Fault: [0,1,3,3,4,5], logL: -23.852877, Exp of LogL: 0.000000, Normalized LogL: -1.135851, Exp of Normalized LogL: 0.321149, Best Rate: 0.3
Fault: [0,1,2,3,4,5], logL: -24.080567, Exp of LogL: 0.000000, Normalized LogL: -1.146694, Exp of Normalized LogL: 0.317685, Best Rate: 0.3
Fault: [0,1,3,3,5,5], logL: -24.182094, Exp of LogL: 0.000000, Normalized LogL: -1.151528, Exp of Normalized LogL: 0.316153, Best Rate: 0.3
Fault: [0,1,3,3,2,5], logL: -24.182094, Exp of LogL: 0.000000, Normalized LogL: -1.151528, Exp of Normalized LogL: 0.316153, Best Rate: 0.3
Fault: [0,1,1,3,4,5], logL: -24.289595, Exp of LogL: 0.000000, Normalized LogL: -1.156647, Exp of Normalized LogL: 0.314539, Best Rate: 0.3
Fault: [0,1,4,3,4,5], logL: -24.471917, Exp of LogL: 0.000000, Normalized LogL: -1.165329, Exp of Normalized LogL: 0.311820, Best Rate: 0.3
Fault: [0,1,5,3,4,5], logL: -24.471917, Exp of LogL: 0.000000, Normalized LogL: -1.165329, Exp of Normalized LogL: 0.311820, Best Rate: 0.3

========= ADAPTIVE MC DEBUG =========
Total calls: 210
Avg tries: 1634.05
Confidence stops: 210
Max stops: 0
Max stop rate: 0.000
Real Fault Rank 4
===== SEED 81 | FR=0.3 | VR=100 =====
executing with fault mode: [0,1,3,3,4,5]

executing with fault mode: [0,1,3,3,4,5]

Fault scores (higher is better):
Fault: [0,1,3,3,4,5], logL: -24.162904, Exp of LogL: 0.000000, Normalized LogL: -0.894922, Exp of Normalized LogL: 0.408639, Best Rate: 0.3
Fault: [0,1,0,3,4,5], logL: -24.395434, Exp of LogL: 0.000000, Normalized LogL: -0.903535, Exp of Normalized LogL: 0.405135, Best Rate: 0.3
Fault: [0,1,3,3,3,5], logL: -24.492121, Exp of LogL: 0.000000, Normalized LogL: -0.907116, Exp of Normalized LogL: 0.403687, Best Rate: 0.3
Fault: [0,1,3,3,0,5], logL: -24.492121, Exp of LogL: 0.000000, Normalized LogL: -0.907116, Exp of Normalized LogL: 0.403687, Best Rate: 0.3
Fault: [0,1,3,3,5,5], logL: -24.492121, Exp of LogL: 0.000000, Normalized LogL: -0.907116, Exp of Normalized LogL: 0.403687, Best Rate: 0.3
Fault: [0,1,3,3,2,5], logL: -24.492121, Exp of LogL: 0.000000, Normalized LogL: -0.907116, Exp of Normalized LogL: 0.403687, Best Rate: 0.3
Fault: [0,1,1,3,4,5], logL: -24.560538, Exp of LogL: 0.000000, Normalized LogL: -0.909650, Exp of Normalized LogL: 0.402665, Best Rate: 0.3
Fault: [0,1,2,3,4,5], logL: -24.584185, Exp of LogL: 0.000000, Normalized LogL: -0.910525, Exp of Normalized LogL: 0.402313, Best Rate: 0.3
Fault: [0,1,4,3,4,5], logL: -24.644081, Exp of LogL: 0.000000, Normalized LogL: -0.912744, Exp of Normalized LogL: 0.401421, Best Rate: 0.3
Fault: [0,1,5,3,4,5], logL: -24.644081, Exp of LogL: 0.000000, Normalized LogL: -0.912744, Exp of Normalized LogL: 0.401421, Best Rate: 0.3

========= ADAPTIVE MC DEBUG =========
Total calls: 270
Avg tries: 1770.37
Confidence stops: 270
Max stops: 0
Max stop rate: 0.000
Real Fault Rank 1
================= 22/08/2026 09:04:43: SEED 81 END =================
================= 22/08/2026 09:04:43: SEED 82 (79/100), a*=3 fault=[0,1,2,2,4,5] START =================
===== SEED 82 | FR=0.3 | VR=20 =====
executing with fault mode: [0,1,2,2,4,5]

Fault scores (higher is better):
Fault: [0,1,2,5,4,5], logL: -11.076524, Exp of LogL: 0.000015, Normalized LogL: -1.846087, Exp of Normalized LogL: 0.157854, Best Rate: 0.3
Fault: [0,1,2,4,4,5], logL: -11.076524, Exp of LogL: 0.000015, Normalized LogL: -1.846087, Exp of Normalized LogL: 0.157854, Best Rate: 0.3
Fault: [0,1,2,0,4,5], logL: -11.163663, Exp of LogL: 0.000014, Normalized LogL: -1.860610, Exp of Normalized LogL: 0.155578, Best Rate: 0.3
Fault: [0,1,2,2,2,5], logL: -11.462976, Exp of LogL: 0.000011, Normalized LogL: -1.910496, Exp of Normalized LogL: 0.148007, Best Rate: 0.3
Fault: [0,1,2,2,3,5], logL: -11.471522, Exp of LogL: 0.000010, Normalized LogL: -1.911920, Exp of Normalized LogL: 0.147796, Best Rate: 0.3
Fault: [0,1,2,2,5,5], logL: -11.471522, Exp of LogL: 0.000010, Normalized LogL: -1.911920, Exp of Normalized LogL: 0.147796, Best Rate: 0.3
Fault: [0,1,2,2,1,5], logL: -11.471522, Exp of LogL: 0.000010, Normalized LogL: -1.911920, Exp of Normalized LogL: 0.147796, Best Rate: 0.3
Fault: [0,1,2,2,4,5], logL: -12.041072, Exp of LogL: 0.000006, Normalized LogL: -2.006845, Exp of Normalized LogL: 0.134412, Best Rate: 0.3
Fault: [0,1,2,3,4,5], logL: -12.041083, Exp of LogL: 0.000006, Normalized LogL: -2.006847, Exp of Normalized LogL: 0.134412, Best Rate: 0.3
Fault: [0,1,2,1,4,5], logL: -13.296221, Exp of LogL: 0.000002, Normalized LogL: -2.216037, Exp of Normalized LogL: 0.109040, Best Rate: 0.3

========= ADAPTIVE MC DEBUG =========
Total calls: 60
Avg tries: 1303.33
Confidence stops: 60
Max stops: 0
Max stop rate: 0.000
Real Fault Rank 8
===== SEED 82 | FR=0.3 | VR=40 =====
executing with fault mode: [0,1,2,2,4,5]

Fault scores (higher is better):
Fault: [0,1,2,2,2,5], logL: -15.531675, Exp of LogL: 0.000000, Normalized LogL: -1.411970, Exp of Normalized LogL: 0.243663, Best Rate: 0.3
Fault: [0,1,2,2,3,5], logL: -15.627738, Exp of LogL: 0.000000, Normalized LogL: -1.420703, Exp of Normalized LogL: 0.241544, Best Rate: 0.3
Fault: [0,1,2,2,5,5], logL: -15.627738, Exp of LogL: 0.000000, Normalized LogL: -1.420703, Exp of Normalized LogL: 0.241544, Best Rate: 0.3
Fault: [0,1,2,2,1,5], logL: -15.627738, Exp of LogL: 0.000000, Normalized LogL: -1.420703, Exp of Normalized LogL: 0.241544, Best Rate: 0.3
Fault: [0,1,2,2,4,5], logL: -15.873790, Exp of LogL: 0.000000, Normalized LogL: -1.443072, Exp of Normalized LogL: 0.236201, Best Rate: 0.3
Fault: [0,1,2,0,4,5], logL: -16.553158, Exp of LogL: 0.000000, Normalized LogL: -1.504833, Exp of Normalized LogL: 0.222054, Best Rate: 0.3
Fault: [0,1,2,1,4,5], logL: -18.100336, Exp of LogL: 0.000000, Normalized LogL: -1.645485, Exp of Normalized LogL: 0.192919, Best Rate: 0.3
Fault: [0,1,2,5,4,5], logL: -40.761893, Exp of LogL: 0.000000, Normalized LogL: -3.705627, Exp of Normalized LogL: 0.024585, Best Rate: 0.3
Fault: [0,1,2,4,4,5], logL: -40.761893, Exp of LogL: 0.000000, Normalized LogL: -3.705627, Exp of Normalized LogL: 0.024585, Best Rate: 0.3
Fault: [0,1,2,3,4,5], logL: -41.180771, Exp of LogL: 0.000000, Normalized LogL: -3.743706, Exp of Normalized LogL: 0.023666, Best Rate: 0.3

========= ADAPTIVE MC DEBUG =========
Total calls: 110
Avg tries: 1604.55
Confidence stops: 110
Max stops: 0
Max stop rate: 0.000
Real Fault Rank 5
===== SEED 82 | FR=0.3 | VR=60 =====
executing with fault mode: [0,1,2,2,4,5]

Fault scores (higher is better):
Fault: [0,1,2,0,4,5], logL: -18.645448, Exp of LogL: 0.000000, Normalized LogL: -1.165340, Exp of Normalized LogL: 0.311816, Best Rate: 0.3
Fault: [0,1,2,2,2,5], logL: -18.784707, Exp of LogL: 0.000000, Normalized LogL: -1.174044, Exp of Normalized LogL: 0.309114, Best Rate: 0.3
Fault: [0,1,2,2,3,5], logL: -18.880769, Exp of LogL: 0.000000, Normalized LogL: -1.180048, Exp of Normalized LogL: 0.307264, Best Rate: 0.3
Fault: [0,1,2,2,5,5], logL: -18.880769, Exp of LogL: 0.000000, Normalized LogL: -1.180048, Exp of Normalized LogL: 0.307264, Best Rate: 0.3
Fault: [0,1,2,2,1,5], logL: -18.880769, Exp of LogL: 0.000000, Normalized LogL: -1.180048, Exp of Normalized LogL: 0.307264, Best Rate: 0.3
Fault: [0,1,2,2,4,5], logL: -19.126821, Exp of LogL: 0.000000, Normalized LogL: -1.195426, Exp of Normalized LogL: 0.302575, Best Rate: 0.3
Fault: [0,1,2,1,4,5], logL: -21.989164, Exp of LogL: 0.000000, Normalized LogL: -1.374323, Exp of Normalized LogL: 0.253011, Best Rate: 0.3
Fault: [0,1,2,3,4,5], logL: -44.879179, Exp of LogL: 0.000000, Normalized LogL: -2.804949, Exp of Normalized LogL: 0.060510, Best Rate: 0.3
Fault: [0,1,2,5,4,5], logL: -45.291146, Exp of LogL: 0.000000, Normalized LogL: -2.830697, Exp of Normalized LogL: 0.058972, Best Rate: 0.3
Fault: [0,1,2,4,4,5], logL: -45.291146, Exp of LogL: 0.000000, Normalized LogL: -2.830697, Exp of Normalized LogL: 0.058972, Best Rate: 0.3

========= ADAPTIVE MC DEBUG =========
Total calls: 160
Avg tries: 1784.69
Confidence stops: 160
Max stops: 0
Max stop rate: 0.000
Real Fault Rank 6
===== SEED 82 | FR=0.3 | VR=80 =====
executing with fault mode: [0,1,2,2,4,5]

Fault scores (higher is better):
Fault: [0,1,2,0,4,5], logL: -19.483078, Exp of LogL: 0.000000, Normalized LogL: -0.927766, Exp of Normalized LogL: 0.395436, Best Rate: 0.3
Fault: [0,1,2,2,2,5], logL: -20.113888, Exp of LogL: 0.000000, Normalized LogL: -0.957804, Exp of Normalized LogL: 0.383735, Best Rate: 0.3
Fault: [0,1,2,2,3,5], logL: -20.209950, Exp of LogL: 0.000000, Normalized LogL: -0.962379, Exp of Normalized LogL: 0.381983, Best Rate: 0.3
Fault: [0,1,2,2,5,5], logL: -20.209950, Exp of LogL: 0.000000, Normalized LogL: -0.962379, Exp of Normalized LogL: 0.381983, Best Rate: 0.3
Fault: [0,1,2,2,1,5], logL: -20.209950, Exp of LogL: 0.000000, Normalized LogL: -0.962379, Exp of Normalized LogL: 0.381983, Best Rate: 0.3
Fault: [0,1,2,2,4,5], logL: -20.456002, Exp of LogL: 0.000000, Normalized LogL: -0.974095, Exp of Normalized LogL: 0.377534, Best Rate: 0.3
Fault: [0,1,2,1,4,5], logL: -23.408177, Exp of LogL: 0.000000, Normalized LogL: -1.114675, Exp of Normalized LogL: 0.328022, Best Rate: 0.3
Fault: [0,1,2,3,4,5], logL: -46.006971, Exp of LogL: 0.000000, Normalized LogL: -2.190808, Exp of Normalized LogL: 0.111826, Best Rate: 0.3
Fault: [0,1,2,5,4,5], logL: -46.878929, Exp of LogL: 0.000000, Normalized LogL: -2.232330, Exp of Normalized LogL: 0.107278, Best Rate: 0.3
Fault: [0,1,2,4,4,5], logL: -46.878929, Exp of LogL: 0.000000, Normalized LogL: -2.232330, Exp of Normalized LogL: 0.107278, Best Rate: 0.3

========= ADAPTIVE MC DEBUG =========
Total calls: 210
Avg tries: 1833.33
Confidence stops: 210
Max stops: 0
Max stop rate: 0.000
Real Fault Rank 6
===== SEED 82 | FR=0.3 | VR=100 =====
executing with fault mode: [0,1,2,2,4,5]

Fault scores (higher is better):
Fault: [0,1,2,0,4,5], logL: -20.564072, Exp of LogL: 0.000000, Normalized LogL: -0.761632, Exp of Normalized LogL: 0.466904, Best Rate: 0.3
Fault: [0,1,2,2,4,5], logL: -22.070537, Exp of LogL: 0.000000, Normalized LogL: -0.817427, Exp of Normalized LogL: 0.441566, Best Rate: 0.3
Fault: [0,1,2,2,3,5], logL: -22.423040, Exp of LogL: 0.000000, Normalized LogL: -0.830483, Exp of Normalized LogL: 0.435839, Best Rate: 0.3
Fault: [0,1,2,2,5,5], logL: -22.423040, Exp of LogL: 0.000000, Normalized LogL: -0.830483, Exp of Normalized LogL: 0.435839, Best Rate: 0.3
Fault: [0,1,2,2,2,5], logL: -22.423040, Exp of LogL: 0.000000, Normalized LogL: -0.830483, Exp of Normalized LogL: 0.435839, Best Rate: 0.3
Fault: [0,1,2,2,1,5], logL: -22.423040, Exp of LogL: 0.000000, Normalized LogL: -0.830483, Exp of Normalized LogL: 0.435839, Best Rate: 0.3
Fault: [0,1,2,1,4,5], logL: -24.958688, Exp of LogL: 0.000000, Normalized LogL: -0.924396, Exp of Normalized LogL: 0.396771, Best Rate: 0.3
Fault: [0,1,2,3,4,5], logL: -47.335490, Exp of LogL: 0.000000, Normalized LogL: -1.753166, Exp of Normalized LogL: 0.173225, Best Rate: 0.3
Fault: [0,1,2,5,4,5], logL: -49.534638, Exp of LogL: 0.000000, Normalized LogL: -1.834616, Exp of Normalized LogL: 0.159675, Best Rate: 0.3
Fault: [0,1,2,4,4,5], logL: -49.534638, Exp of LogL: 0.000000, Normalized LogL: -1.834616, Exp of Normalized LogL: 0.159675, Best Rate: 0.3

========= ADAPTIVE MC DEBUG =========
Total calls: 270
Avg tries: 1782.78
Confidence stops: 270
Max stops: 0
Max stop rate: 0.000
Real Fault Rank 2
================= 22/08/2026 09:08:41: SEED 82 END =================
================= 22/08/2026 09:08:41: SEED 83 (80/100), a*=0 fault=[2,1,2,3,4,5] START =================
===== SEED 83 | FR=0.3 | VR=20 =====
executing with fault mode: [2,1,2,3,4,5]

Fault scores (higher is better):
Fault: [4,1,2,3,4,5], logL: -11.147096, Exp of LogL: 0.000014, Normalized LogL: -1.857849, Exp of Normalized LogL: 0.156008, Best Rate: 0.3
Fault: [5,1,2,3,4,5], logL: -11.147096, Exp of LogL: 0.000014, Normalized LogL: -1.857849, Exp of Normalized LogL: 0.156008, Best Rate: 0.3
Fault: [3,1,2,3,4,5], logL: -11.208018, Exp of LogL: 0.000014, Normalized LogL: -1.868003, Exp of Normalized LogL: 0.154432, Best Rate: 0.3
Fault: [2,1,2,3,4,5], logL: -11.264874, Exp of LogL: 0.000013, Normalized LogL: -1.877479, Exp of Normalized LogL: 0.152975, Best Rate: 0.3
Fault: [2,1,0,3,4,5], logL: -11.578736, Exp of LogL: 0.000009, Normalized LogL: -1.929789, Exp of Normalized LogL: 0.145179, Best Rate: 0.3
Fault: [2,1,5,3,4,5], logL: -11.635248, Exp of LogL: 0.000009, Normalized LogL: -1.939208, Exp of Normalized LogL: 0.143818, Best Rate: 0.3
Fault: [2,1,1,3,4,5], logL: -11.692680, Exp of LogL: 0.000008, Normalized LogL: -1.948780, Exp of Normalized LogL: 0.142448, Best Rate: 0.3
Fault: [1,1,2,3,4,5], logL: -11.731460, Exp of LogL: 0.000008, Normalized LogL: -1.955243, Exp of Normalized LogL: 0.141530, Best Rate: 0.3
Fault: [2,1,3,3,4,5], logL: -11.863573, Exp of LogL: 0.000007, Normalized LogL: -1.977262, Exp of Normalized LogL: 0.138448, Best Rate: 0.3
Fault: [0,1,2,3,4,5], logL: -12.144703, Exp of LogL: 0.000005, Normalized LogL: -2.024117, Exp of Normalized LogL: 0.132110, Best Rate: 0.3

========= ADAPTIVE MC DEBUG =========
Total calls: 60
Avg tries: 1329.17
Confidence stops: 60
Max stops: 0
Max stop rate: 0.000
Real Fault Rank 4
===== SEED 83 | FR=0.3 | VR=40 =====
executing with fault mode: [2,1,2,3,4,5]

Fault scores (higher is better):
Fault: [2,1,2,3,4,5], logL: -17.338754, Exp of LogL: 0.000000, Normalized LogL: -1.576250, Exp of Normalized LogL: 0.206749, Best Rate: 0.3
Fault: [2,1,0,3,4,5], logL: -17.782940, Exp of LogL: 0.000000, Normalized LogL: -1.616631, Exp of Normalized LogL: 0.198567, Best Rate: 0.3
Fault: [2,1,1,3,4,5], logL: -17.804445, Exp of LogL: 0.000000, Normalized LogL: -1.618586, Exp of Normalized LogL: 0.198179, Best Rate: 0.3
Fault: [2,1,5,3,4,5], logL: -17.854381, Exp of LogL: 0.000000, Normalized LogL: -1.623126, Exp of Normalized LogL: 0.197281, Best Rate: 0.3
Fault: [2,1,3,3,4,5], logL: -17.877477, Exp of LogL: 0.000000, Normalized LogL: -1.625225, Exp of Normalized LogL: 0.196867, Best Rate: 0.3
Fault: [4,1,2,3,4,5], logL: -18.011564, Exp of LogL: 0.000000, Normalized LogL: -1.637415, Exp of Normalized LogL: 0.194482, Best Rate: 0.3
Fault: [5,1,2,3,4,5], logL: -18.011564, Exp of LogL: 0.000000, Normalized LogL: -1.637415, Exp of Normalized LogL: 0.194482, Best Rate: 0.3
Fault: [0,1,2,3,4,5], logL: -18.634360, Exp of LogL: 0.000000, Normalized LogL: -1.694033, Exp of Normalized LogL: 0.183777, Best Rate: 0.3
Fault: [3,1,2,3,4,5], logL: -19.441422, Exp of LogL: 0.000000, Normalized LogL: -1.767402, Exp of Normalized LogL: 0.170776, Best Rate: 0.3
Fault: [1,1,2,3,4,5], logL: -19.636922, Exp of LogL: 0.000000, Normalized LogL: -1.785175, Exp of Normalized LogL: 0.167768, Best Rate: 0.3

========= ADAPTIVE MC DEBUG =========
Total calls: 110
Avg tries: 1602.27
Confidence stops: 110
Max stops: 0
Max stop rate: 0.000
Real Fault Rank 1
===== SEED 83 | FR=0.3 | VR=60 =====
executing with fault mode: [2,1,2,3,4,5]

Fault scores (higher is better):
Fault: [2,1,2,3,4,5], logL: -18.120051, Exp of LogL: 0.000000, Normalized LogL: -1.132503, Exp of Normalized LogL: 0.322226, Best Rate: 0.3
Fault: [2,1,0,3,4,5], logL: -18.564237, Exp of LogL: 0.000000, Normalized LogL: -1.160265, Exp of Normalized LogL: 0.313403, Best Rate: 0.3
Fault: [2,1,1,3,4,5], logL: -18.585742, Exp of LogL: 0.000000, Normalized LogL: -1.161609, Exp of Normalized LogL: 0.312982, Best Rate: 0.3
Fault: [2,1,5,3,4,5], logL: -18.635678, Exp of LogL: 0.000000, Normalized LogL: -1.164730, Exp of Normalized LogL: 0.312007, Best Rate: 0.3
Fault: [2,1,3,3,4,5], logL: -18.658774, Exp of LogL: 0.000000, Normalized LogL: -1.166173, Exp of Normalized LogL: 0.311557, Best Rate: 0.3
Fault: [4,1,2,3,4,5], logL: -18.784062, Exp of LogL: 0.000000, Normalized LogL: -1.174004, Exp of Normalized LogL: 0.309127, Best Rate: 0.3
Fault: [5,1,2,3,4,5], logL: -18.784062, Exp of LogL: 0.000000, Normalized LogL: -1.174004, Exp of Normalized LogL: 0.309127, Best Rate: 0.3
Fault: [0,1,2,3,4,5], logL: -19.514661, Exp of LogL: 0.000000, Normalized LogL: -1.219666, Exp of Normalized LogL: 0.295329, Best Rate: 0.3
Fault: [3,1,2,3,4,5], logL: -20.213920, Exp of LogL: 0.000000, Normalized LogL: -1.263370, Exp of Normalized LogL: 0.282700, Best Rate: 0.3
Fault: [1,1,2,3,4,5], logL: -20.409420, Exp of LogL: 0.000000, Normalized LogL: -1.275589, Exp of Normalized LogL: 0.279266, Best Rate: 0.3

========= ADAPTIVE MC DEBUG =========
Total calls: 160
Avg tries: 1642.81
Confidence stops: 160
Max stops: 0
Max stop rate: 0.000
Real Fault Rank 1
===== SEED 83 | FR=0.3 | VR=80 =====
executing with fault mode: [2,1,2,3,4,5]

Fault scores (higher is better):
Fault: [2,1,2,3,4,5], logL: -22.241414, Exp of LogL: 0.000000, Normalized LogL: -1.059115, Exp of Normalized LogL: 0.346763, Best Rate: 0.3
Fault: [2,1,1,3,4,5], logL: -22.468770, Exp of LogL: 0.000000, Normalized LogL: -1.069941, Exp of Normalized LogL: 0.343029, Best Rate: 0.3
Fault: [2,1,0,3,4,5], logL: -22.481716, Exp of LogL: 0.000000, Normalized LogL: -1.070558, Exp of Normalized LogL: 0.342817, Best Rate: 0.3
Fault: [2,1,5,3,4,5], logL: -22.563842, Exp of LogL: 0.000000, Normalized LogL: -1.074469, Exp of Normalized LogL: 0.341479, Best Rate: 0.3
Fault: [2,1,3,3,4,5], logL: -22.563842, Exp of LogL: 0.000000, Normalized LogL: -1.074469, Exp of Normalized LogL: 0.341479, Best Rate: 0.3
Fault: [4,1,2,3,4,5], logL: -23.122983, Exp of LogL: 0.000000, Normalized LogL: -1.101094, Exp of Normalized LogL: 0.332507, Best Rate: 0.3
Fault: [5,1,2,3,4,5], logL: -23.122983, Exp of LogL: 0.000000, Normalized LogL: -1.101094, Exp of Normalized LogL: 0.332507, Best Rate: 0.3
Fault: [0,1,2,3,4,5], logL: -25.029761, Exp of LogL: 0.000000, Normalized LogL: -1.191893, Exp of Normalized LogL: 0.303646, Best Rate: 0.3
Fault: [1,1,2,3,4,5], logL: -26.321681, Exp of LogL: 0.000000, Normalized LogL: -1.253413, Exp of Normalized LogL: 0.285529, Best Rate: 0.3
Fault: [3,1,2,3,4,5], logL: -26.662048, Exp of LogL: 0.000000, Normalized LogL: -1.269621, Exp of Normalized LogL: 0.280938, Best Rate: 0.3

========= ADAPTIVE MC DEBUG =========
Total calls: 210
Avg tries: 1715.24
Confidence stops: 210
Max stops: 0
Max stop rate: 0.000
Real Fault Rank 1
===== SEED 83 | FR=0.3 | VR=100 =====
executing with fault mode: [2,1,2,3,4,5]

Fault scores (higher is better):
Fault: [2,1,2,3,4,5], logL: -22.597918, Exp of LogL: 0.000000, Normalized LogL: -0.869151, Exp of Normalized LogL: 0.419308, Best Rate: 0.3
Fault: [2,1,0,3,4,5], logL: -22.861335, Exp of LogL: 0.000000, Normalized LogL: -0.879282, Exp of Normalized LogL: 0.415081, Best Rate: 0.3
Fault: [2,1,1,3,4,5], logL: -22.874357, Exp of LogL: 0.000000, Normalized LogL: -0.879783, Exp of Normalized LogL: 0.414873, Best Rate: 0.3
Fault: [2,1,5,3,4,5], logL: -22.955360, Exp of LogL: 0.000000, Normalized LogL: -0.882898, Exp of Normalized LogL: 0.413582, Best Rate: 0.3
Fault: [2,1,3,3,4,5], logL: -22.955360, Exp of LogL: 0.000000, Normalized LogL: -0.882898, Exp of Normalized LogL: 0.413582, Best Rate: 0.3
Fault: [4,1,2,3,4,5], logL: -23.939460, Exp of LogL: 0.000000, Normalized LogL: -0.920748, Exp of Normalized LogL: 0.398221, Best Rate: 0.3
Fault: [5,1,2,3,4,5], logL: -23.939460, Exp of LogL: 0.000000, Normalized LogL: -0.920748, Exp of Normalized LogL: 0.398221, Best Rate: 0.3
Fault: [0,1,2,3,4,5], logL: -25.727912, Exp of LogL: 0.000000, Normalized LogL: -0.989535, Exp of Normalized LogL: 0.371749, Best Rate: 0.3
Fault: [1,1,2,3,4,5], logL: -27.240119, Exp of LogL: 0.000000, Normalized LogL: -1.047697, Exp of Normalized LogL: 0.350745, Best Rate: 0.3
Fault: [3,1,2,3,4,5], logL: -27.986992, Exp of LogL: 0.000000, Normalized LogL: -1.076423, Exp of Normalized LogL: 0.340813, Best Rate: 0.3

========= ADAPTIVE MC DEBUG =========
Total calls: 260
Avg tries: 1805.96
Confidence stops: 260
Max stops: 0
Max stop rate: 0.000
Real Fault Rank 1
================= 22/08/2026 09:12:26: SEED 83 END =================
================= 22/08/2026 09:12:26: SEED 84 (81/100), a*=3 fault=[0,1,2,4,4,5] START =================
===== SEED 84 | FR=0.3 | VR=20 =====
executing with fault mode: [0,1,2,4,4,5]

Fault scores (higher is better):
Fault: [0,1,2,2,4,5], logL: -13.219216, Exp of LogL: 0.000002, Normalized LogL: -2.203203, Exp of Normalized LogL: 0.110449, Best Rate: 0.3
Fault: [0,1,2,4,3,5], logL: -13.313033, Exp of LogL: 0.000002, Normalized LogL: -2.218839, Exp of Normalized LogL: 0.108735, Best Rate: 0.3
Fault: [0,1,2,4,2,5], logL: -13.313033, Exp of LogL: 0.000002, Normalized LogL: -2.218839, Exp of Normalized LogL: 0.108735, Best Rate: 0.3
Fault: [0,1,2,4,0,5], logL: -13.313033, Exp of LogL: 0.000002, Normalized LogL: -2.218839, Exp of Normalized LogL: 0.108735, Best Rate: 0.3
Fault: [0,1,2,5,4,5], logL: -13.364784, Exp of LogL: 0.000002, Normalized LogL: -2.227464, Exp of Normalized LogL: 0.107801, Best Rate: 0.3
Fault: [0,1,2,4,1,5], logL: -13.364784, Exp of LogL: 0.000002, Normalized LogL: -2.227464, Exp of Normalized LogL: 0.107801, Best Rate: 0.3
Fault: [0,1,2,4,4,5], logL: -13.364784, Exp of LogL: 0.000002, Normalized LogL: -2.227464, Exp of Normalized LogL: 0.107801, Best Rate: 0.3
Fault: [0,1,2,1,4,5], logL: -13.909089, Exp of LogL: 0.000001, Normalized LogL: -2.318182, Exp of Normalized LogL: 0.098452, Best Rate: 0.3
Fault: [0,1,2,3,4,5], logL: -36.045508, Exp of LogL: 0.000000, Normalized LogL: -6.007585, Exp of Normalized LogL: 0.002460, Best Rate: 0.3
Fault: [0,1,2,0,4,5], logL: -36.168350, Exp of LogL: 0.000000, Normalized LogL: -6.028058, Exp of Normalized LogL: 0.002410, Best Rate: 0.3

========= ADAPTIVE MC DEBUG =========
Total calls: 60
Avg tries: 1308.33
Confidence stops: 60
Max stops: 0
Max stop rate: 0.000
Real Fault Rank 7
===== SEED 84 | FR=0.3 | VR=40 =====
executing with fault mode: [0,1,2,4,4,5]

Fault scores (higher is better):
Fault: [0,1,2,2,4,5], logL: -16.311506, Exp of LogL: 0.000000, Normalized LogL: -1.482864, Exp of Normalized LogL: 0.226987, Best Rate: 0.3
Fault: [0,1,2,5,4,5], logL: -16.601175, Exp of LogL: 0.000000, Normalized LogL: -1.509198, Exp of Normalized LogL: 0.221087, Best Rate: 0.3
Fault: [0,1,2,4,4,5], logL: -16.601175, Exp of LogL: 0.000000, Normalized LogL: -1.509198, Exp of Normalized LogL: 0.221087, Best Rate: 0.3
Fault: [0,1,2,4,3,5], logL: -16.669838, Exp of LogL: 0.000000, Normalized LogL: -1.515440, Exp of Normalized LogL: 0.219712, Best Rate: 0.3
Fault: [0,1,2,4,2,5], logL: -16.669838, Exp of LogL: 0.000000, Normalized LogL: -1.515440, Exp of Normalized LogL: 0.219712, Best Rate: 0.3
Fault: [0,1,2,4,0,5], logL: -16.669838, Exp of LogL: 0.000000, Normalized LogL: -1.515440, Exp of Normalized LogL: 0.219712, Best Rate: 0.3
Fault: [0,1,2,4,1,5], logL: -16.846662, Exp of LogL: 0.000000, Normalized LogL: -1.531515, Exp of Normalized LogL: 0.216208, Best Rate: 0.3
Fault: [0,1,2,1,4,5], logL: -16.876373, Exp of LogL: 0.000000, Normalized LogL: -1.534216, Exp of Normalized LogL: 0.215625, Best Rate: 0.3
Fault: [0,1,2,3,4,5], logL: -38.832980, Exp of LogL: 0.000000, Normalized LogL: -3.530271, Exp of Normalized LogL: 0.029297, Best Rate: 0.3
Fault: [0,1,2,0,4,5], logL: -39.098874, Exp of LogL: 0.000000, Normalized LogL: -3.554443, Exp of Normalized LogL: 0.028597, Best Rate: 0.3

========= ADAPTIVE MC DEBUG =========
Total calls: 110
Avg tries: 1795.00
Confidence stops: 110
Max stops: 0
Max stop rate: 0.000
Real Fault Rank 3
===== SEED 84 | FR=0.3 | VR=60 =====
executing with fault mode: [0,1,2,4,4,5]

Fault scores (higher is better):
Fault: [0,1,2,5,4,5], logL: -21.742694, Exp of LogL: 0.000000, Normalized LogL: -1.278982, Exp of Normalized LogL: 0.278320, Best Rate: 0.3
Fault: [0,1,2,4,4,5], logL: -21.742694, Exp of LogL: 0.000000, Normalized LogL: -1.278982, Exp of Normalized LogL: 0.278320, Best Rate: 0.3
Fault: [0,1,2,4,1,5], logL: -22.109579, Exp of LogL: 0.000000, Normalized LogL: -1.300563, Exp of Normalized LogL: 0.272378, Best Rate: 0.3
Fault: [0,1,2,4,3,5], logL: -22.109579, Exp of LogL: 0.000000, Normalized LogL: -1.300563, Exp of Normalized LogL: 0.272378, Best Rate: 0.3
Fault: [0,1,2,4,2,5], logL: -22.109579, Exp of LogL: 0.000000, Normalized LogL: -1.300563, Exp of Normalized LogL: 0.272378, Best Rate: 0.3
Fault: [0,1,2,4,0,5], logL: -22.109579, Exp of LogL: 0.000000, Normalized LogL: -1.300563, Exp of Normalized LogL: 0.272378, Best Rate: 0.3
Fault: [0,1,2,2,4,5], logL: -75.671102, Exp of LogL: 0.000000, Normalized LogL: -4.451241, Exp of Normalized LogL: 0.011664, Best Rate: 0.3
Fault: [0,1,2,1,4,5], logL: -76.177831, Exp of LogL: 0.000000, Normalized LogL: -4.481049, Exp of Normalized LogL: 0.011322, Best Rate: 0.3
Fault: [0,1,2,0,4,5], logL: -77.620984, Exp of LogL: 0.000000, Normalized LogL: -4.565940, Exp of Normalized LogL: 0.010400, Best Rate: 0.3
Fault: [0,1,2,3,4,5], logL: -101.135419, Exp of LogL: 0.000000, Normalized LogL: -5.949142, Exp of Normalized LogL: 0.002608, Best Rate: 0.3

========= ADAPTIVE MC DEBUG =========
Total calls: 170
Avg tries: 1756.47
Confidence stops: 170
Max stops: 0
Max stop rate: 0.000
Real Fault Rank 2
===== SEED 84 | FR=0.3 | VR=80 =====
executing with fault mode: [0,1,2,4,4,5]

Fault scores (higher is better):
Fault: [0,1,2,5,4,5], logL: -25.570592, Exp of LogL: 0.000000, Normalized LogL: -1.162300, Exp of Normalized LogL: 0.312766, Best Rate: 0.3
Fault: [0,1,2,4,4,5], logL: -25.570592, Exp of LogL: 0.000000, Normalized LogL: -1.162300, Exp of Normalized LogL: 0.312766, Best Rate: 0.3
Fault: [0,1,2,4,1,5], logL: -25.898406, Exp of LogL: 0.000000, Normalized LogL: -1.177200, Exp of Normalized LogL: 0.308140, Best Rate: 0.3
Fault: [0,1,2,4,3,5], logL: -25.898406, Exp of LogL: 0.000000, Normalized LogL: -1.177200, Exp of Normalized LogL: 0.308140, Best Rate: 0.3
Fault: [0,1,2,4,2,5], logL: -25.898406, Exp of LogL: 0.000000, Normalized LogL: -1.177200, Exp of Normalized LogL: 0.308140, Best Rate: 0.3
Fault: [0,1,2,4,0,5], logL: -25.898406, Exp of LogL: 0.000000, Normalized LogL: -1.177200, Exp of Normalized LogL: 0.308140, Best Rate: 0.3
Fault: [0,1,2,2,4,5], logL: -104.404219, Exp of LogL: 0.000000, Normalized LogL: -4.745646, Exp of Normalized LogL: 0.008689, Best Rate: 0.3
Fault: [0,1,2,1,4,5], logL: -104.791085, Exp of LogL: 0.000000, Normalized LogL: -4.763231, Exp of Normalized LogL: 0.008538, Best Rate: 0.3
Fault: [0,1,2,0,4,5], logL: -106.414882, Exp of LogL: 0.000000, Normalized LogL: -4.837040, Exp of Normalized LogL: 0.007930, Best Rate: 0.3
Fault: [0,1,2,3,4,5], logL: -129.550646, Exp of LogL: 0.000000, Normalized LogL: -5.888666, Exp of Normalized LogL: 0.002771, Best Rate: 0.3

========= ADAPTIVE MC DEBUG =========
Total calls: 220
Avg tries: 1747.50
Confidence stops: 220
Max stops: 0
Max stop rate: 0.000
Real Fault Rank 2
===== SEED 84 | FR=0.3 | VR=100 =====
executing with fault mode: [0,1,2,4,4,5]

Fault scores (higher is better):
Fault: [0,1,2,5,4,5], logL: -27.074587, Exp of LogL: 0.000000, Normalized LogL: -0.966950, Exp of Normalized LogL: 0.380241, Best Rate: 0.3
Fault: [0,1,2,4,4,5], logL: -27.074587, Exp of LogL: 0.000000, Normalized LogL: -0.966950, Exp of Normalized LogL: 0.380241, Best Rate: 0.3
Fault: [0,1,2,4,1,5], logL: -27.424854, Exp of LogL: 0.000000, Normalized LogL: -0.979459, Exp of Normalized LogL: 0.375514, Best Rate: 0.3
Fault: [0,1,2,4,3,5], logL: -27.424854, Exp of LogL: 0.000000, Normalized LogL: -0.979459, Exp of Normalized LogL: 0.375514, Best Rate: 0.3
Fault: [0,1,2,4,2,5], logL: -27.424854, Exp of LogL: 0.000000, Normalized LogL: -0.979459, Exp of Normalized LogL: 0.375514, Best Rate: 0.3
Fault: [0,1,2,4,0,5], logL: -27.424854, Exp of LogL: 0.000000, Normalized LogL: -0.979459, Exp of Normalized LogL: 0.375514, Best Rate: 0.3
Fault: [0,1,2,2,4,5], logL: -158.738656, Exp of LogL: 0.000000, Normalized LogL: -5.669238, Exp of Normalized LogL: 0.003450, Best Rate: 0.3
Fault: [0,1,2,1,4,5], logL: -159.245418, Exp of LogL: 0.000000, Normalized LogL: -5.687336, Exp of Normalized LogL: 0.003389, Best Rate: 0.3
Fault: [0,1,2,0,4,5], logL: -160.853331, Exp of LogL: 0.000000, Normalized LogL: -5.744762, Exp of Normalized LogL: 0.003199, Best Rate: 0.3
Fault: [0,1,2,3,4,5], logL: -183.763984, Exp of LogL: 0.000000, Normalized LogL: -6.562999, Exp of Normalized LogL: 0.001412, Best Rate: 0.3

========= ADAPTIVE MC DEBUG =========
Total calls: 280
Avg tries: 1752.68
Confidence stops: 280
Max stops: 0
Max stop rate: 0.000
Real Fault Rank 2
================= 22/08/2026 09:16:33: SEED 84 END =================
================= 22/08/2026 09:16:33: SEED 85 (82/100), a*=3 fault=[0,1,2,5,4,5] START =================
===== SEED 85 | FR=0.3 | VR=20 =====
executing with fault mode: [0,1,2,5,4,5]

Fault scores (higher is better):
Fault: [0,1,2,5,1,5], logL: -9.638041, Exp of LogL: 0.000065, Normalized LogL: -1.927608, Exp of Normalized LogL: 0.145496, Best Rate: 0.3
Fault: [0,1,2,5,2,5], logL: -9.671446, Exp of LogL: 0.000063, Normalized LogL: -1.934289, Exp of Normalized LogL: 0.144527, Best Rate: 0.3
Fault: [0,1,2,5,0,5], logL: -9.710704, Exp of LogL: 0.000061, Normalized LogL: -1.942141, Exp of Normalized LogL: 0.143397, Best Rate: 0.3
Fault: [0,1,2,5,5,5], logL: -9.710704, Exp of LogL: 0.000061, Normalized LogL: -1.942141, Exp of Normalized LogL: 0.143397, Best Rate: 0.3
Fault: [0,1,2,5,4,5], logL: -9.849350, Exp of LogL: 0.000053, Normalized LogL: -1.969870, Exp of Normalized LogL: 0.139475, Best Rate: 0.3
Fault: [0,1,2,4,4,5], logL: -9.849350, Exp of LogL: 0.000053, Normalized LogL: -1.969870, Exp of Normalized LogL: 0.139475, Best Rate: 0.3
Fault: [0,1,2,0,4,5], logL: -10.959251, Exp of LogL: 0.000017, Normalized LogL: -2.191850, Exp of Normalized LogL: 0.111710, Best Rate: 0.3
Fault: [0,1,2,1,4,5], logL: -11.227423, Exp of LogL: 0.000013, Normalized LogL: -2.245485, Exp of Normalized LogL: 0.105876, Best Rate: 0.3
Fault: [0,1,2,2,4,5], logL: -11.239955, Exp of LogL: 0.000013, Normalized LogL: -2.247991, Exp of Normalized LogL: 0.105611, Best Rate: 0.3
Fault: [0,1,2,3,4,5], logL: -11.697931, Exp of LogL: 0.000008, Normalized LogL: -2.339586, Exp of Normalized LogL: 0.096367, Best Rate: 0.3

========= ADAPTIVE MC DEBUG =========
Total calls: 50
Avg tries: 1159.00
Confidence stops: 50
Max stops: 0
Max stop rate: 0.000
Real Fault Rank 5
===== SEED 85 | FR=0.3 | VR=40 =====
executing with fault mode: [0,1,2,5,4,5]

Fault scores (higher is better):
Fault: [0,1,2,5,1,5], logL: -13.635859, Exp of LogL: 0.000001, Normalized LogL: -1.515095, Exp of Normalized LogL: 0.219787, Best Rate: 0.3
Fault: [0,1,2,5,2,5], logL: -13.737546, Exp of LogL: 0.000001, Normalized LogL: -1.526394, Exp of Normalized LogL: 0.217318, Best Rate: 0.3
Fault: [0,1,2,5,0,5], logL: -13.900726, Exp of LogL: 0.000001, Normalized LogL: -1.544525, Exp of Normalized LogL: 0.213413, Best Rate: 0.3
Fault: [0,1,2,5,5,5], logL: -13.900726, Exp of LogL: 0.000001, Normalized LogL: -1.544525, Exp of Normalized LogL: 0.213413, Best Rate: 0.3
Fault: [0,1,2,0,4,5], logL: -14.174481, Exp of LogL: 0.000001, Normalized LogL: -1.574942, Exp of Normalized LogL: 0.207019, Best Rate: 0.3
Fault: [0,1,2,5,4,5], logL: -14.265370, Exp of LogL: 0.000001, Normalized LogL: -1.585041, Exp of Normalized LogL: 0.204939, Best Rate: 0.3
Fault: [0,1,2,4,4,5], logL: -14.265370, Exp of LogL: 0.000001, Normalized LogL: -1.585041, Exp of Normalized LogL: 0.204939, Best Rate: 0.3
Fault: [0,1,2,2,4,5], logL: -14.348564, Exp of LogL: 0.000001, Normalized LogL: -1.594285, Exp of Normalized LogL: 0.203054, Best Rate: 0.3
Fault: [0,1,2,3,4,5], logL: -14.897630, Exp of LogL: 0.000000, Normalized LogL: -1.655292, Exp of Normalized LogL: 0.191036, Best Rate: 0.3
Fault: [0,1,2,1,4,5], logL: -15.013782, Exp of LogL: 0.000000, Normalized LogL: -1.668198, Exp of Normalized LogL: 0.188587, Best Rate: 0.3

========= ADAPTIVE MC DEBUG =========
Total calls: 90
Avg tries: 1587.78
Confidence stops: 90
Max stops: 0
Max stop rate: 0.000
Real Fault Rank 6
===== SEED 85 | FR=0.3 | VR=60 =====
executing with fault mode: [0,1,2,5,4,5]

Fault scores (higher is better):
Fault: [0,1,2,5,4,5], logL: -15.796123, Exp of LogL: 0.000000, Normalized LogL: -1.215086, Exp of Normalized LogL: 0.296684, Best Rate: 0.3
Fault: [0,1,2,4,4,5], logL: -15.796123, Exp of LogL: 0.000000, Normalized LogL: -1.215086, Exp of Normalized LogL: 0.296684, Best Rate: 0.3
Fault: [0,1,2,5,1,5], logL: -16.141435, Exp of LogL: 0.000000, Normalized LogL: -1.241649, Exp of Normalized LogL: 0.288907, Best Rate: 0.3
Fault: [0,1,2,5,2,5], logL: -16.141435, Exp of LogL: 0.000000, Normalized LogL: -1.241649, Exp of Normalized LogL: 0.288907, Best Rate: 0.3
Fault: [0,1,2,5,0,5], logL: -16.141435, Exp of LogL: 0.000000, Normalized LogL: -1.241649, Exp of Normalized LogL: 0.288907, Best Rate: 0.3
Fault: [0,1,2,5,5,5], logL: -16.141435, Exp of LogL: 0.000000, Normalized LogL: -1.241649, Exp of Normalized LogL: 0.288907, Best Rate: 0.3
Fault: [0,1,2,2,4,5], logL: -16.233104, Exp of LogL: 0.000000, Normalized LogL: -1.248700, Exp of Normalized LogL: 0.286877, Best Rate: 0.3
Fault: [0,1,2,0,4,5], logL: -16.276483, Exp of LogL: 0.000000, Normalized LogL: -1.252037, Exp of Normalized LogL: 0.285922, Best Rate: 0.3
Fault: [0,1,2,3,4,5], logL: -17.269949, Exp of LogL: 0.000000, Normalized LogL: -1.328458, Exp of Normalized LogL: 0.264886, Best Rate: 0.3
Fault: [0,1,2,1,4,5], logL: -17.430699, Exp of LogL: 0.000000, Normalized LogL: -1.340823, Exp of Normalized LogL: 0.261630, Best Rate: 0.3

========= ADAPTIVE MC DEBUG =========
Total calls: 130
Avg tries: 1608.46
Confidence stops: 130
Max stops: 0
Max stop rate: 0.000
Real Fault Rank 1
===== SEED 85 | FR=0.3 | VR=80 =====
executing with fault mode: [0,1,2,5,4,5]

Fault scores (higher is better):
Fault: [0,1,2,2,4,5], logL: -18.142207, Exp of LogL: 0.000000, Normalized LogL: -1.067189, Exp of Normalized LogL: 0.343974, Best Rate: 0.3
Fault: [0,1,2,0,4,5], logL: -18.183113, Exp of LogL: 0.000000, Normalized LogL: -1.069595, Exp of Normalized LogL: 0.343148, Best Rate: 0.3
Fault: [0,1,2,5,4,5], logL: -18.497125, Exp of LogL: 0.000000, Normalized LogL: -1.088066, Exp of Normalized LogL: 0.336867, Best Rate: 0.3
Fault: [0,1,2,4,4,5], logL: -18.497125, Exp of LogL: 0.000000, Normalized LogL: -1.088066, Exp of Normalized LogL: 0.336867, Best Rate: 0.3
Fault: [0,1,2,3,4,5], logL: -18.646753, Exp of LogL: 0.000000, Normalized LogL: -1.096868, Exp of Normalized LogL: 0.333915, Best Rate: 0.3
Fault: [0,1,2,5,1,5], logL: -18.842436, Exp of LogL: 0.000000, Normalized LogL: -1.108379, Exp of Normalized LogL: 0.330094, Best Rate: 0.3
Fault: [0,1,2,5,2,5], logL: -18.842436, Exp of LogL: 0.000000, Normalized LogL: -1.108379, Exp of Normalized LogL: 0.330094, Best Rate: 0.3
Fault: [0,1,2,5,0,5], logL: -18.842436, Exp of LogL: 0.000000, Normalized LogL: -1.108379, Exp of Normalized LogL: 0.330094, Best Rate: 0.3
Fault: [0,1,2,5,5,5], logL: -18.842436, Exp of LogL: 0.000000, Normalized LogL: -1.108379, Exp of Normalized LogL: 0.330094, Best Rate: 0.3
Fault: [0,1,2,1,4,5], logL: -19.266982, Exp of LogL: 0.000000, Normalized LogL: -1.133352, Exp of Normalized LogL: 0.321952, Best Rate: 0.3

========= ADAPTIVE MC DEBUG =========
Total calls: 170
Avg tries: 1776.18
Confidence stops: 170
Max stops: 0
Max stop rate: 0.000
Real Fault Rank 3
===== SEED 85 | FR=0.3 | VR=100 =====
executing with fault mode: [0,1,2,5,4,5]

Fault scores (higher is better):
Fault: [0,1,2,3,4,5], logL: -21.359154, Exp of LogL: 0.000000, Normalized LogL: -0.970871, Exp of Normalized LogL: 0.378753, Best Rate: 0.3
Fault: [0,1,2,0,4,5], logL: -21.712416, Exp of LogL: 0.000000, Normalized LogL: -0.986928, Exp of Normalized LogL: 0.372720, Best Rate: 0.3
Fault: [0,1,2,1,4,5], logL: -22.962858, Exp of LogL: 0.000000, Normalized LogL: -1.043766, Exp of Normalized LogL: 0.352126, Best Rate: 0.3
Fault: [0,1,2,2,4,5], logL: -23.031771, Exp of LogL: 0.000000, Normalized LogL: -1.046899, Exp of Normalized LogL: 0.351025, Best Rate: 0.3
Fault: [0,1,2,5,4,5], logL: -23.386689, Exp of LogL: 0.000000, Normalized LogL: -1.063031, Exp of Normalized LogL: 0.345407, Best Rate: 0.3
Fault: [0,1,2,4,4,5], logL: -23.386689, Exp of LogL: 0.000000, Normalized LogL: -1.063031, Exp of Normalized LogL: 0.345407, Best Rate: 0.3
Fault: [0,1,2,5,1,5], logL: -23.732000, Exp of LogL: 0.000000, Normalized LogL: -1.078727, Exp of Normalized LogL: 0.340028, Best Rate: 0.3
Fault: [0,1,2,5,2,5], logL: -23.732000, Exp of LogL: 0.000000, Normalized LogL: -1.078727, Exp of Normalized LogL: 0.340028, Best Rate: 0.3
Fault: [0,1,2,5,0,5], logL: -23.732000, Exp of LogL: 0.000000, Normalized LogL: -1.078727, Exp of Normalized LogL: 0.340028, Best Rate: 0.3
Fault: [0,1,2,5,5,5], logL: -23.732000, Exp of LogL: 0.000000, Normalized LogL: -1.078727, Exp of Normalized LogL: 0.340028, Best Rate: 0.3

========= ADAPTIVE MC DEBUG =========
Total calls: 220
Avg tries: 1784.09
Confidence stops: 220
Max stops: 0
Max stop rate: 0.000
Real Fault Rank 5
================= 22/08/2026 09:19:37: SEED 85 END =================
================= 22/08/2026 09:19:37: SEED 86 (83/100), a*=0 fault=[3,1,2,3,4,5] START =================
===== SEED 86 | FR=0.3 | VR=20 =====
executing with fault mode: [3,1,2,3,4,5]

Fault scores (higher is better):
Fault: [0,1,2,3,4,5], logL: -8.575242, Exp of LogL: 0.000189, Normalized LogL: -2.143810, Exp of Normalized LogL: 0.117207, Best Rate: 0.3
Fault: [2,1,2,3,4,5], logL: -8.903813, Exp of LogL: 0.000136, Normalized LogL: -2.225953, Exp of Normalized LogL: 0.107964, Best Rate: 0.3
Fault: [3,1,2,3,0,5], logL: -9.006752, Exp of LogL: 0.000123, Normalized LogL: -2.251688, Exp of Normalized LogL: 0.105221, Best Rate: 0.3
Fault: [3,1,2,3,4,5], logL: -9.006752, Exp of LogL: 0.000123, Normalized LogL: -2.251688, Exp of Normalized LogL: 0.105221, Best Rate: 0.3
Fault: [3,1,2,3,1,5], logL: -9.056349, Exp of LogL: 0.000117, Normalized LogL: -2.264087, Exp of Normalized LogL: 0.103925, Best Rate: 0.3
Fault: [3,1,2,3,2,5], logL: -9.056349, Exp of LogL: 0.000117, Normalized LogL: -2.264087, Exp of Normalized LogL: 0.103925, Best Rate: 0.3
Fault: [3,1,2,3,3,5], logL: -9.057560, Exp of LogL: 0.000117, Normalized LogL: -2.264390, Exp of Normalized LogL: 0.103893, Best Rate: 0.3
Fault: [1,1,2,3,4,5], logL: -9.133068, Exp of LogL: 0.000108, Normalized LogL: -2.283267, Exp of Normalized LogL: 0.101951, Best Rate: 0.3
Fault: [5,1,2,3,4,5], logL: -9.140638, Exp of LogL: 0.000107, Normalized LogL: -2.285159, Exp of Normalized LogL: 0.101758, Best Rate: 0.3
Fault: [4,1,2,3,4,5], logL: -9.162144, Exp of LogL: 0.000105, Normalized LogL: -2.290536, Exp of Normalized LogL: 0.101212, Best Rate: 0.3

========= ADAPTIVE MC DEBUG =========
Total calls: 40
Avg tries: 931.25
Confidence stops: 40
Max stops: 0
Max stop rate: 0.000
Real Fault Rank 4
===== SEED 86 | FR=0.3 | VR=40 =====
executing with fault mode: [3,1,2,3,4,5]

Fault scores (higher is better):
Fault: [3,1,2,3,0,5], logL: -12.633700, Exp of LogL: 0.000003, Normalized LogL: -1.579212, Exp of Normalized LogL: 0.206137, Best Rate: 0.3
Fault: [3,1,2,3,1,5], logL: -12.877299, Exp of LogL: 0.000003, Normalized LogL: -1.609662, Exp of Normalized LogL: 0.199955, Best Rate: 0.3
Fault: [3,1,2,3,2,5], logL: -12.877299, Exp of LogL: 0.000003, Normalized LogL: -1.609662, Exp of Normalized LogL: 0.199955, Best Rate: 0.3
Fault: [0,1,2,3,4,5], logL: -13.038649, Exp of LogL: 0.000002, Normalized LogL: -1.629831, Exp of Normalized LogL: 0.195963, Best Rate: 0.3
Fault: [3,1,2,3,4,5], logL: -13.072101, Exp of LogL: 0.000002, Normalized LogL: -1.634013, Exp of Normalized LogL: 0.195145, Best Rate: 0.3
Fault: [3,1,2,3,3,5], logL: -13.173452, Exp of LogL: 0.000002, Normalized LogL: -1.646682, Exp of Normalized LogL: 0.192688, Best Rate: 0.3
Fault: [2,1,2,3,4,5], logL: -13.746505, Exp of LogL: 0.000001, Normalized LogL: -1.718313, Exp of Normalized LogL: 0.179368, Best Rate: 0.3
Fault: [4,1,2,3,4,5], logL: -13.845291, Exp of LogL: 0.000001, Normalized LogL: -1.730661, Exp of Normalized LogL: 0.177167, Best Rate: 0.3
Fault: [1,1,2,3,4,5], logL: -13.845291, Exp of LogL: 0.000001, Normalized LogL: -1.730661, Exp of Normalized LogL: 0.177167, Best Rate: 0.3
Fault: [5,1,2,3,4,5], logL: -14.153593, Exp of LogL: 0.000001, Normalized LogL: -1.769199, Exp of Normalized LogL: 0.170469, Best Rate: 0.3

========= ADAPTIVE MC DEBUG =========
Total calls: 80
Avg tries: 1316.25
Confidence stops: 80
Max stops: 0
Max stop rate: 0.000
Real Fault Rank 5
===== SEED 86 | FR=0.3 | VR=60 =====
executing with fault mode: [3,1,2,3,4,5]

Fault scores (higher is better):
Fault: [3,1,2,3,0,5], logL: -12.795730, Exp of LogL: 0.000003, Normalized LogL: -1.163248, Exp of Normalized LogL: 0.312470, Best Rate: 0.3
Fault: [3,1,2,3,1,5], logL: -13.039330, Exp of LogL: 0.000002, Normalized LogL: -1.185394, Exp of Normalized LogL: 0.305626, Best Rate: 0.3
Fault: [3,1,2,3,2,5], logL: -13.039330, Exp of LogL: 0.000002, Normalized LogL: -1.185394, Exp of Normalized LogL: 0.305626, Best Rate: 0.3
Fault: [3,1,2,3,4,5], logL: -13.234132, Exp of LogL: 0.000002, Normalized LogL: -1.203103, Exp of Normalized LogL: 0.300261, Best Rate: 0.3
Fault: [0,1,2,3,4,5], logL: -13.259423, Exp of LogL: 0.000002, Normalized LogL: -1.205402, Exp of Normalized LogL: 0.299572, Best Rate: 0.3
Fault: [3,1,2,3,3,5], logL: -13.335483, Exp of LogL: 0.000002, Normalized LogL: -1.212317, Exp of Normalized LogL: 0.297507, Best Rate: 0.3
Fault: [2,1,2,3,4,5], logL: -13.883408, Exp of LogL: 0.000001, Normalized LogL: -1.262128, Exp of Normalized LogL: 0.283051, Best Rate: 0.3
Fault: [4,1,2,3,4,5], logL: -14.007322, Exp of LogL: 0.000001, Normalized LogL: -1.273393, Exp of Normalized LogL: 0.279880, Best Rate: 0.3
Fault: [1,1,2,3,4,5], logL: -14.007322, Exp of LogL: 0.000001, Normalized LogL: -1.273393, Exp of Normalized LogL: 0.279880, Best Rate: 0.3
Fault: [5,1,2,3,4,5], logL: -14.315623, Exp of LogL: 0.000001, Normalized LogL: -1.301420, Exp of Normalized LogL: 0.272145, Best Rate: 0.3

========= ADAPTIVE MC DEBUG =========
Total calls: 110
Avg tries: 1666.82
Confidence stops: 110
Max stops: 0
Max stop rate: 0.000
Real Fault Rank 4
===== SEED 86 | FR=0.3 | VR=80 =====
executing with fault mode: [3,1,2,3,4,5]

Fault scores (higher is better):
Fault: [3,1,2,3,4,5], logL: -14.256532, Exp of LogL: 0.000001, Normalized LogL: -0.950435, Exp of Normalized LogL: 0.386573, Best Rate: 0.3
Fault: [0,1,2,3,4,5], logL: -14.336731, Exp of LogL: 0.000001, Normalized LogL: -0.955782, Exp of Normalized LogL: 0.384511, Best Rate: 0.3
Fault: [2,1,2,3,4,5], logL: -14.566302, Exp of LogL: 0.000000, Normalized LogL: -0.971087, Exp of Normalized LogL: 0.378671, Best Rate: 0.3
Fault: [3,1,2,3,1,5], logL: -14.609729, Exp of LogL: 0.000000, Normalized LogL: -0.973982, Exp of Normalized LogL: 0.377577, Best Rate: 0.3
Fault: [3,1,2,3,2,5], logL: -14.609729, Exp of LogL: 0.000000, Normalized LogL: -0.973982, Exp of Normalized LogL: 0.377577, Best Rate: 0.3
Fault: [3,1,2,3,0,5], logL: -14.609729, Exp of LogL: 0.000000, Normalized LogL: -0.973982, Exp of Normalized LogL: 0.377577, Best Rate: 0.3
Fault: [3,1,2,3,3,5], logL: -14.609729, Exp of LogL: 0.000000, Normalized LogL: -0.973982, Exp of Normalized LogL: 0.377577, Best Rate: 0.3
Fault: [4,1,2,3,4,5], logL: -14.690215, Exp of LogL: 0.000000, Normalized LogL: -0.979348, Exp of Normalized LogL: 0.375556, Best Rate: 0.3
Fault: [1,1,2,3,4,5], logL: -14.690215, Exp of LogL: 0.000000, Normalized LogL: -0.979348, Exp of Normalized LogL: 0.375556, Best Rate: 0.3
Fault: [5,1,2,3,4,5], logL: -15.909455, Exp of LogL: 0.000000, Normalized LogL: -1.060630, Exp of Normalized LogL: 0.346237, Best Rate: 0.3

========= ADAPTIVE MC DEBUG =========
Total calls: 150
Avg tries: 1696.33
Confidence stops: 150
Max stops: 0
Max stop rate: 0.000
Real Fault Rank 1
===== SEED 86 | FR=0.3 | VR=100 =====
executing with fault mode: [3,1,2,3,4,5]

Fault scores (higher is better):
Fault: [3,1,2,3,4,5], logL: -15.702140, Exp of LogL: 0.000000, Normalized LogL: -0.826428, Exp of Normalized LogL: 0.437609, Best Rate: 0.3
Fault: [0,1,2,3,4,5], logL: -15.779041, Exp of LogL: 0.000000, Normalized LogL: -0.830476, Exp of Normalized LogL: 0.435842, Best Rate: 0.3
Fault: [3,1,2,3,1,5], logL: -16.055337, Exp of LogL: 0.000000, Normalized LogL: -0.845018, Exp of Normalized LogL: 0.429550, Best Rate: 0.3
Fault: [3,1,2,3,2,5], logL: -16.055337, Exp of LogL: 0.000000, Normalized LogL: -0.845018, Exp of Normalized LogL: 0.429550, Best Rate: 0.3
Fault: [3,1,2,3,0,5], logL: -16.055337, Exp of LogL: 0.000000, Normalized LogL: -0.845018, Exp of Normalized LogL: 0.429550, Best Rate: 0.3
Fault: [3,1,2,3,3,5], logL: -16.055337, Exp of LogL: 0.000000, Normalized LogL: -0.845018, Exp of Normalized LogL: 0.429550, Best Rate: 0.3
Fault: [2,1,2,3,4,5], logL: -16.734592, Exp of LogL: 0.000000, Normalized LogL: -0.880768, Exp of Normalized LogL: 0.414464, Best Rate: 0.3
Fault: [4,1,2,3,4,5], logL: -16.886880, Exp of LogL: 0.000000, Normalized LogL: -0.888783, Exp of Normalized LogL: 0.411156, Best Rate: 0.3
Fault: [5,1,2,3,4,5], logL: -16.886880, Exp of LogL: 0.000000, Normalized LogL: -0.888783, Exp of Normalized LogL: 0.411156, Best Rate: 0.3
Fault: [1,1,2,3,4,5], logL: -16.886880, Exp of LogL: 0.000000, Normalized LogL: -0.888783, Exp of Normalized LogL: 0.411156, Best Rate: 0.3

========= ADAPTIVE MC DEBUG =========
Total calls: 190
Avg tries: 1779.21
Confidence stops: 190
Max stops: 0
Max stop rate: 0.000
Real Fault Rank 1
================= 22/08/2026 09:22:10: SEED 86 END =================
================= 22/08/2026 09:22:10: SEED 87 (84/100), a*=3 fault=[0,1,2,1,4,5] START =================
===== SEED 87 | FR=0.3 | VR=20 =====
executing with fault mode: [0,1,2,1,4,5]

Fault scores (higher is better):
Fault: [4,1,2,1,4,5], logL: -7.027236, Exp of LogL: 0.000887, Normalized LogL: -1.405447, Exp of Normalized LogL: 0.245257, Best Rate: 0.3
Fault: [3,1,2,1,4,5], logL: -7.027236, Exp of LogL: 0.000887, Normalized LogL: -1.405447, Exp of Normalized LogL: 0.245257, Best Rate: 0.3
Fault: [5,1,2,1,4,5], logL: -7.027236, Exp of LogL: 0.000887, Normalized LogL: -1.405447, Exp of Normalized LogL: 0.245257, Best Rate: 0.3
Fault: [0,1,2,1,4,5], logL: -7.352548, Exp of LogL: 0.000641, Normalized LogL: -1.470510, Exp of Normalized LogL: 0.229808, Best Rate: 0.3
Fault: [1,1,2,1,4,5], logL: -7.855177, Exp of LogL: 0.000388, Normalized LogL: -1.571035, Exp of Normalized LogL: 0.207830, Best Rate: 0.3
Fault: [0,1,2,2,4,5], logL: -8.414793, Exp of LogL: 0.000222, Normalized LogL: -1.682959, Exp of Normalized LogL: 0.185823, Best Rate: 0.3
Fault: [0,1,2,3,4,5], logL: -8.422272, Exp of LogL: 0.000220, Normalized LogL: -1.684454, Exp of Normalized LogL: 0.185546, Best Rate: 0.3
Fault: [0,1,2,0,4,5], logL: -8.858526, Exp of LogL: 0.000142, Normalized LogL: -1.771705, Exp of Normalized LogL: 0.170043, Best Rate: 0.3
Fault: [0,1,2,5,4,5], logL: -9.202251, Exp of LogL: 0.000101, Normalized LogL: -1.840450, Exp of Normalized LogL: 0.158746, Best Rate: 0.3
Fault: [0,1,2,4,4,5], logL: -9.202251, Exp of LogL: 0.000101, Normalized LogL: -1.840450, Exp of Normalized LogL: 0.158746, Best Rate: 0.3

========= ADAPTIVE MC DEBUG =========
Total calls: 50
Avg tries: 1492.00
Confidence stops: 50
Max stops: 0
Max stop rate: 0.000
Real Fault Rank 4
===== SEED 87 | FR=0.3 | VR=40 =====
executing with fault mode: [0,1,2,1,4,5]

Fault scores (higher is better):
Fault: [4,1,2,1,4,5], logL: -14.123786, Exp of LogL: 0.000001, Normalized LogL: -1.412379, Exp of Normalized LogL: 0.243563, Best Rate: 0.3
Fault: [3,1,2,1,4,5], logL: -14.123786, Exp of LogL: 0.000001, Normalized LogL: -1.412379, Exp of Normalized LogL: 0.243563, Best Rate: 0.3
Fault: [5,1,2,1,4,5], logL: -14.123786, Exp of LogL: 0.000001, Normalized LogL: -1.412379, Exp of Normalized LogL: 0.243563, Best Rate: 0.3
Fault: [0,1,2,1,4,5], logL: -14.206347, Exp of LogL: 0.000001, Normalized LogL: -1.420635, Exp of Normalized LogL: 0.241561, Best Rate: 0.3
Fault: [0,1,2,5,4,5], logL: -14.370660, Exp of LogL: 0.000001, Normalized LogL: -1.437066, Exp of Normalized LogL: 0.237624, Best Rate: 0.3
Fault: [0,1,2,4,4,5], logL: -14.370660, Exp of LogL: 0.000001, Normalized LogL: -1.437066, Exp of Normalized LogL: 0.237624, Best Rate: 0.3
Fault: [0,1,2,3,4,5], logL: -14.733536, Exp of LogL: 0.000000, Normalized LogL: -1.473354, Exp of Normalized LogL: 0.229156, Best Rate: 0.3
Fault: [0,1,2,0,4,5], logL: -14.991695, Exp of LogL: 0.000000, Normalized LogL: -1.499169, Exp of Normalized LogL: 0.223316, Best Rate: 0.3
Fault: [1,1,2,1,4,5], logL: -15.087848, Exp of LogL: 0.000000, Normalized LogL: -1.508785, Exp of Normalized LogL: 0.221179, Best Rate: 0.3
Fault: [0,1,2,2,4,5], logL: -15.237489, Exp of LogL: 0.000000, Normalized LogL: -1.523749, Exp of Normalized LogL: 0.217893, Best Rate: 0.3

========= ADAPTIVE MC DEBUG =========
Total calls: 100
Avg tries: 1749.00
Confidence stops: 100
Max stops: 0
Max stop rate: 0.000
Real Fault Rank 4
===== SEED 87 | FR=0.3 | VR=60 =====
executing with fault mode: [0,1,2,1,4,5]

Fault scores (higher is better):
Fault: [4,1,2,1,4,5], logL: -16.737027, Exp of LogL: 0.000000, Normalized LogL: -1.195502, Exp of Normalized LogL: 0.302552, Best Rate: 0.3
Fault: [3,1,2,1,4,5], logL: -16.737027, Exp of LogL: 0.000000, Normalized LogL: -1.195502, Exp of Normalized LogL: 0.302552, Best Rate: 0.3
Fault: [5,1,2,1,4,5], logL: -16.737027, Exp of LogL: 0.000000, Normalized LogL: -1.195502, Exp of Normalized LogL: 0.302552, Best Rate: 0.3
Fault: [0,1,2,1,4,5], logL: -16.878425, Exp of LogL: 0.000000, Normalized LogL: -1.205602, Exp of Normalized LogL: 0.299512, Best Rate: 0.3
Fault: [0,1,2,3,4,5], logL: -17.021509, Exp of LogL: 0.000000, Normalized LogL: -1.215822, Exp of Normalized LogL: 0.296466, Best Rate: 0.3
Fault: [0,1,2,0,4,5], logL: -17.218629, Exp of LogL: 0.000000, Normalized LogL: -1.229902, Exp of Normalized LogL: 0.292321, Best Rate: 0.3
Fault: [0,1,2,5,4,5], logL: -17.672586, Exp of LogL: 0.000000, Normalized LogL: -1.262328, Exp of Normalized LogL: 0.282995, Best Rate: 0.3
Fault: [0,1,2,4,4,5], logL: -17.672586, Exp of LogL: 0.000000, Normalized LogL: -1.262328, Exp of Normalized LogL: 0.282995, Best Rate: 0.3
Fault: [1,1,2,1,4,5], logL: -17.725117, Exp of LogL: 0.000000, Normalized LogL: -1.266080, Exp of Normalized LogL: 0.281935, Best Rate: 0.3
Fault: [0,1,2,2,4,5], logL: -17.969248, Exp of LogL: 0.000000, Normalized LogL: -1.283518, Exp of Normalized LogL: 0.277061, Best Rate: 0.3

========= ADAPTIVE MC DEBUG =========
Total calls: 140
Avg tries: 1804.29
Confidence stops: 140
Max stops: 0
Max stop rate: 0.000
Real Fault Rank 4
===== SEED 87 | FR=0.3 | VR=80 =====
executing with fault mode: [0,1,2,1,4,5]

Fault scores (higher is better):
Fault: [0,1,2,3,4,5], logL: -18.452980, Exp of LogL: 0.000000, Normalized LogL: -0.971209, Exp of Normalized LogL: 0.378625, Best Rate: 0.3
Fault: [0,1,2,0,4,5], logL: -18.729912, Exp of LogL: 0.000000, Normalized LogL: -0.985785, Exp of Normalized LogL: 0.373146, Best Rate: 0.3
Fault: [4,1,2,1,4,5], logL: -19.012938, Exp of LogL: 0.000000, Normalized LogL: -1.000681, Exp of Normalized LogL: 0.367629, Best Rate: 0.3
Fault: [3,1,2,1,4,5], logL: -19.012938, Exp of LogL: 0.000000, Normalized LogL: -1.000681, Exp of Normalized LogL: 0.367629, Best Rate: 0.3
Fault: [5,1,2,1,4,5], logL: -19.012938, Exp of LogL: 0.000000, Normalized LogL: -1.000681, Exp of Normalized LogL: 0.367629, Best Rate: 0.3
Fault: [0,1,2,1,4,5], logL: -19.163136, Exp of LogL: 0.000000, Normalized LogL: -1.008586, Exp of Normalized LogL: 0.364734, Best Rate: 0.3
Fault: [1,1,2,1,4,5], logL: -19.901192, Exp of LogL: 0.000000, Normalized LogL: -1.047431, Exp of Normalized LogL: 0.350838, Best Rate: 0.3
Fault: [0,1,2,2,4,5], logL: -20.248900, Exp of LogL: 0.000000, Normalized LogL: -1.065732, Exp of Normalized LogL: 0.344476, Best Rate: 0.3
Fault: [0,1,2,5,4,5], logL: -21.550209, Exp of LogL: 0.000000, Normalized LogL: -1.134222, Exp of Normalized LogL: 0.321672, Best Rate: 0.3
Fault: [0,1,2,4,4,5], logL: -21.550209, Exp of LogL: 0.000000, Normalized LogL: -1.134222, Exp of Normalized LogL: 0.321672, Best Rate: 0.3

========= ADAPTIVE MC DEBUG =========
Total calls: 190
Avg tries: 1914.21
Confidence stops: 190
Max stops: 0
Max stop rate: 0.000
Real Fault Rank 6
===== SEED 87 | FR=0.3 | VR=100 =====
executing with fault mode: [0,1,2,1,4,5]

Fault scores (higher is better):
Fault: [0,1,2,1,4,5], logL: -20.305767, Exp of LogL: 0.000000, Normalized LogL: -0.846074, Exp of Normalized LogL: 0.429096, Best Rate: 0.3
Fault: [0,1,2,3,4,5], logL: -20.555868, Exp of LogL: 0.000000, Normalized LogL: -0.856495, Exp of Normalized LogL: 0.424648, Best Rate: 0.3
Fault: [4,1,2,1,4,5], logL: -20.866340, Exp of LogL: 0.000000, Normalized LogL: -0.869431, Exp of Normalized LogL: 0.419190, Best Rate: 0.3
Fault: [3,1,2,1,4,5], logL: -20.866340, Exp of LogL: 0.000000, Normalized LogL: -0.869431, Exp of Normalized LogL: 0.419190, Best Rate: 0.3
Fault: [5,1,2,1,4,5], logL: -20.866340, Exp of LogL: 0.000000, Normalized LogL: -0.869431, Exp of Normalized LogL: 0.419190, Best Rate: 0.3
Fault: [0,1,2,0,4,5], logL: -21.426303, Exp of LogL: 0.000000, Normalized LogL: -0.892763, Exp of Normalized LogL: 0.409523, Best Rate: 0.3
Fault: [1,1,2,1,4,5], logL: -21.738093, Exp of LogL: 0.000000, Normalized LogL: -0.905754, Exp of Normalized LogL: 0.404237, Best Rate: 0.3
Fault: [0,1,2,2,4,5], logL: -22.136072, Exp of LogL: 0.000000, Normalized LogL: -0.922336, Exp of Normalized LogL: 0.397589, Best Rate: 0.3
Fault: [0,1,2,5,4,5], logL: -24.081676, Exp of LogL: 0.000000, Normalized LogL: -1.003403, Exp of Normalized LogL: 0.366630, Best Rate: 0.3
Fault: [0,1,2,4,4,5], logL: -24.081676, Exp of LogL: 0.000000, Normalized LogL: -1.003403, Exp of Normalized LogL: 0.366630, Best Rate: 0.3

========= ADAPTIVE MC DEBUG =========
Total calls: 240
Avg tries: 1842.50
Confidence stops: 240
Max stops: 0
Max stop rate: 0.000
Real Fault Rank 1
================= 22/08/2026 09:25:47: SEED 87 END =================
================= 22/08/2026 09:25:47: SEED 88 (85/100), a*=0 fault=[4,1,2,3,4,5] START =================
===== SEED 88 | FR=0.3 | VR=20 =====
executing with fault mode: [4,1,2,3,4,5]

Fault scores (higher is better):
Fault: [3,1,2,3,4,5], logL: -4.917364, Exp of LogL: 0.007318, Normalized LogL: -1.229341, Exp of Normalized LogL: 0.292485, Best Rate: 0.3
Fault: [5,1,2,3,4,5], logL: -4.980627, Exp of LogL: 0.006870, Normalized LogL: -1.245157, Exp of Normalized LogL: 0.287896, Best Rate: 0.3
Fault: [4,1,2,3,4,5], logL: -5.016594, Exp of LogL: 0.006627, Normalized LogL: -1.254149, Exp of Normalized LogL: 0.285319, Best Rate: 0.3
Fault: [1,1,2,3,4,5], logL: -5.186266, Exp of LogL: 0.005593, Normalized LogL: -1.296566, Exp of Normalized LogL: 0.273469, Best Rate: 0.3
Fault: [0,1,2,3,4,5], logL: -5.286302, Exp of LogL: 0.005060, Normalized LogL: -1.321576, Exp of Normalized LogL: 0.266715, Best Rate: 0.3
Fault: [2,1,2,3,4,5], logL: -5.512484, Exp of LogL: 0.004036, Normalized LogL: -1.378121, Exp of Normalized LogL: 0.252052, Best Rate: 0.3
Fault: [4,1,2,0,4,5], logL: -5.585120, Exp of LogL: 0.003753, Normalized LogL: -1.396280, Exp of Normalized LogL: 0.247516, Best Rate: 0.3
Fault: [4,1,2,4,4,5], logL: -5.629941, Exp of LogL: 0.003589, Normalized LogL: -1.407485, Exp of Normalized LogL: 0.244758, Best Rate: 0.3
Fault: [4,1,2,5,4,5], logL: -5.629941, Exp of LogL: 0.003589, Normalized LogL: -1.407485, Exp of Normalized LogL: 0.244758, Best Rate: 0.3
Fault: [4,1,2,2,4,5], logL: -5.629941, Exp of LogL: 0.003589, Normalized LogL: -1.407485, Exp of Normalized LogL: 0.244758, Best Rate: 0.3

========= ADAPTIVE MC DEBUG =========
Total calls: 40
Avg tries: 1741.25
Confidence stops: 40
Max stops: 0
Max stop rate: 0.000
Real Fault Rank 3
===== SEED 88 | FR=0.3 | VR=40 =====
executing with fault mode: [4,1,2,3,4,5]

Fault scores (higher is better):
Fault: [5,1,2,3,4,5], logL: -6.532007, Exp of LogL: 0.001456, Normalized LogL: -0.816501, Exp of Normalized LogL: 0.441975, Best Rate: 0.3
Fault: [1,1,2,3,4,5], logL: -6.592240, Exp of LogL: 0.001371, Normalized LogL: -0.824030, Exp of Normalized LogL: 0.438660, Best Rate: 0.3
Fault: [3,1,2,3,4,5], logL: -6.982942, Exp of LogL: 0.000928, Normalized LogL: -0.872868, Exp of Normalized LogL: 0.417752, Best Rate: 0.3
Fault: [4,1,2,3,4,5], logL: -7.112804, Exp of LogL: 0.000815, Normalized LogL: -0.889100, Exp of Normalized LogL: 0.411025, Best Rate: 0.3
Fault: [4,1,2,0,4,5], logL: -7.680997, Exp of LogL: 0.000462, Normalized LogL: -0.960125, Exp of Normalized LogL: 0.382845, Best Rate: 0.3
Fault: [2,1,2,3,4,5], logL: -7.686251, Exp of LogL: 0.000459, Normalized LogL: -0.960781, Exp of Normalized LogL: 0.382594, Best Rate: 0.3
Fault: [4,1,2,4,4,5], logL: -7.741864, Exp of LogL: 0.000434, Normalized LogL: -0.967733, Exp of Normalized LogL: 0.379943, Best Rate: 0.3
Fault: [4,1,2,5,4,5], logL: -7.741864, Exp of LogL: 0.000434, Normalized LogL: -0.967733, Exp of Normalized LogL: 0.379943, Best Rate: 0.3
Fault: [4,1,2,2,4,5], logL: -7.741864, Exp of LogL: 0.000434, Normalized LogL: -0.967733, Exp of Normalized LogL: 0.379943, Best Rate: 0.3
Fault: [0,1,2,3,4,5], logL: -9.171857, Exp of LogL: 0.000104, Normalized LogL: -1.146482, Exp of Normalized LogL: 0.317753, Best Rate: 0.3

========= ADAPTIVE MC DEBUG =========
Total calls: 80
Avg tries: 2086.88
Confidence stops: 80
Max stops: 0
Max stop rate: 0.000
Real Fault Rank 4
===== SEED 88 | FR=0.3 | VR=60 =====
executing with fault mode: [4,1,2,3,4,5]

Fault scores (higher is better):
Fault: [4,1,2,3,4,5], logL: -8.482753, Exp of LogL: 0.000207, Normalized LogL: -0.771159, Exp of Normalized LogL: 0.462477, Best Rate: 0.3
Fault: [3,1,2,3,4,5], logL: -8.553554, Exp of LogL: 0.000193, Normalized LogL: -0.777596, Exp of Normalized LogL: 0.459509, Best Rate: 0.3
Fault: [4,1,2,0,4,5], logL: -9.050945, Exp of LogL: 0.000117, Normalized LogL: -0.822813, Exp of Normalized LogL: 0.439194, Best Rate: 0.3
Fault: [4,1,2,4,4,5], logL: -9.111813, Exp of LogL: 0.000110, Normalized LogL: -0.828347, Exp of Normalized LogL: 0.436771, Best Rate: 0.3
Fault: [4,1,2,5,4,5], logL: -9.111813, Exp of LogL: 0.000110, Normalized LogL: -0.828347, Exp of Normalized LogL: 0.436771, Best Rate: 0.3
Fault: [4,1,2,2,4,5], logL: -9.111813, Exp of LogL: 0.000110, Normalized LogL: -0.828347, Exp of Normalized LogL: 0.436771, Best Rate: 0.3
Fault: [1,1,2,3,4,5], logL: -10.737972, Exp of LogL: 0.000022, Normalized LogL: -0.976179, Exp of Normalized LogL: 0.376748, Best Rate: 0.3
Fault: [5,1,2,3,4,5], logL: -11.188461, Exp of LogL: 0.000014, Normalized LogL: -1.017133, Exp of Normalized LogL: 0.361630, Best Rate: 0.3
Fault: [0,1,2,3,4,5], logL: -11.820472, Exp of LogL: 0.000007, Normalized LogL: -1.074588, Exp of Normalized LogL: 0.341438, Best Rate: 0.3
Fault: [2,1,2,3,4,5], logL: -12.105230, Exp of LogL: 0.000006, Normalized LogL: -1.100475, Exp of Normalized LogL: 0.332713, Best Rate: 0.3

========= ADAPTIVE MC DEBUG =========
Total calls: 110
Avg tries: 2076.82
Confidence stops: 110
Max stops: 0
Max stop rate: 0.000
Real Fault Rank 1
===== SEED 88 | FR=0.3 | VR=80 =====
executing with fault mode: [4,1,2,3,4,5]

Fault scores (higher is better):
Fault: [4,1,2,3,4,5], logL: -10.350654, Exp of LogL: 0.000032, Normalized LogL: -0.690044, Exp of Normalized LogL: 0.501554, Best Rate: 0.3
Fault: [3,1,2,3,4,5], logL: -10.540170, Exp of LogL: 0.000026, Normalized LogL: -0.702678, Exp of Normalized LogL: 0.495257, Best Rate: 0.3
Fault: [4,1,2,0,4,5], logL: -10.918846, Exp of LogL: 0.000018, Normalized LogL: -0.727923, Exp of Normalized LogL: 0.482911, Best Rate: 0.3
Fault: [4,1,2,4,4,5], logL: -10.979714, Exp of LogL: 0.000017, Normalized LogL: -0.731981, Exp of Normalized LogL: 0.480955, Best Rate: 0.3
Fault: [4,1,2,5,4,5], logL: -10.979714, Exp of LogL: 0.000017, Normalized LogL: -0.731981, Exp of Normalized LogL: 0.480955, Best Rate: 0.3
Fault: [4,1,2,2,4,5], logL: -10.979714, Exp of LogL: 0.000017, Normalized LogL: -0.731981, Exp of Normalized LogL: 0.480955, Best Rate: 0.3
Fault: [1,1,2,3,4,5], logL: -11.796156, Exp of LogL: 0.000008, Normalized LogL: -0.786410, Exp of Normalized LogL: 0.455477, Best Rate: 0.3
Fault: [2,1,2,3,4,5], logL: -12.605982, Exp of LogL: 0.000003, Normalized LogL: -0.840399, Exp of Normalized LogL: 0.431538, Best Rate: 0.3
Fault: [5,1,2,3,4,5], logL: -13.056362, Exp of LogL: 0.000002, Normalized LogL: -0.870424, Exp of Normalized LogL: 0.418774, Best Rate: 0.3
Fault: [0,1,2,3,4,5], logL: -13.307572, Exp of LogL: 0.000002, Normalized LogL: -0.887171, Exp of Normalized LogL: 0.411819, Best Rate: 0.3

========= ADAPTIVE MC DEBUG =========
Total calls: 150
Avg tries: 1874.67
Confidence stops: 150
Max stops: 0
Max stop rate: 0.000
Real Fault Rank 1
===== SEED 88 | FR=0.3 | VR=100 =====
executing with fault mode: [4,1,2,3,4,5]

Fault scores (higher is better):
Fault: [3,1,2,3,4,5], logL: -12.708042, Exp of LogL: 0.000003, Normalized LogL: -0.668844, Exp of Normalized LogL: 0.512300, Best Rate: 0.3
Fault: [4,1,2,3,4,5], logL: -12.804728, Exp of LogL: 0.000003, Normalized LogL: -0.673933, Exp of Normalized LogL: 0.509700, Best Rate: 0.3
Fault: [4,1,2,4,4,5], logL: -13.161575, Exp of LogL: 0.000002, Normalized LogL: -0.692714, Exp of Normalized LogL: 0.500216, Best Rate: 0.3
Fault: [4,1,2,5,4,5], logL: -13.161575, Exp of LogL: 0.000002, Normalized LogL: -0.692714, Exp of Normalized LogL: 0.500216, Best Rate: 0.3
Fault: [4,1,2,0,4,5], logL: -13.161575, Exp of LogL: 0.000002, Normalized LogL: -0.692714, Exp of Normalized LogL: 0.500216, Best Rate: 0.3
Fault: [4,1,2,2,4,5], logL: -13.161575, Exp of LogL: 0.000002, Normalized LogL: -0.692714, Exp of Normalized LogL: 0.500216, Best Rate: 0.3
Fault: [1,1,2,3,4,5], logL: -14.590071, Exp of LogL: 0.000000, Normalized LogL: -0.767898, Exp of Normalized LogL: 0.463987, Best Rate: 0.3
Fault: [5,1,2,3,4,5], logL: -15.510436, Exp of LogL: 0.000000, Normalized LogL: -0.816339, Exp of Normalized LogL: 0.442047, Best Rate: 0.3
Fault: [0,1,2,3,4,5], logL: -15.712231, Exp of LogL: 0.000000, Normalized LogL: -0.826960, Exp of Normalized LogL: 0.437377, Best Rate: 0.3
Fault: [2,1,2,3,4,5], logL: -16.101934, Exp of LogL: 0.000000, Normalized LogL: -0.847470, Exp of Normalized LogL: 0.428498, Best Rate: 0.3

========= ADAPTIVE MC DEBUG =========
Total calls: 190
Avg tries: 1878.16
Confidence stops: 190
Max stops: 0
Max stop rate: 0.000
Real Fault Rank 2
================= 22/08/2026 09:28:57: SEED 88 END =================
================= 22/08/2026 09:28:57: SEED 89 (86/100), a*=3 fault=[0,1,2,2,4,5] START =================
===== SEED 89 | FR=0.3 | VR=20 =====
executing with fault mode: [0,1,2,2,4,5]

Fault scores (higher is better):
Fault: [0,1,2,1,4,5], logL: -13.458629, Exp of LogL: 0.000001, Normalized LogL: -1.922661, Exp of Normalized LogL: 0.146217, Best Rate: 0.3
Fault: [0,1,2,5,4,5], logL: -13.811874, Exp of LogL: 0.000001, Normalized LogL: -1.973125, Exp of Normalized LogL: 0.139022, Best Rate: 0.3
Fault: [0,1,2,4,4,5], logL: -13.923953, Exp of LogL: 0.000001, Normalized LogL: -1.989136, Exp of Normalized LogL: 0.136814, Best Rate: 0.3
Fault: [0,1,2,3,4,5], logL: -14.637453, Exp of LogL: 0.000000, Normalized LogL: -2.091065, Exp of Normalized LogL: 0.123556, Best Rate: 0.3
Fault: [0,1,2,2,4,5], logL: -14.884775, Exp of LogL: 0.000000, Normalized LogL: -2.126396, Exp of Normalized LogL: 0.119266, Best Rate: 0.3
Fault: [0,1,2,0,4,5], logL: -15.018829, Exp of LogL: 0.000000, Normalized LogL: -2.145547, Exp of Normalized LogL: 0.117004, Best Rate: 0.3
Fault: [0,3,2,2,4,5], logL: -15.457893, Exp of LogL: 0.000000, Normalized LogL: -2.208270, Exp of Normalized LogL: 0.109891, Best Rate: 0.3
Fault: [0,4,2,2,4,5], logL: -15.494894, Exp of LogL: 0.000000, Normalized LogL: -2.213556, Exp of Normalized LogL: 0.109311, Best Rate: 0.3
Fault: [0,5,2,2,4,5], logL: -15.494894, Exp of LogL: 0.000000, Normalized LogL: -2.213556, Exp of Normalized LogL: 0.109311, Best Rate: 0.3
Fault: [0,0,2,2,4,5], logL: -15.936727, Exp of LogL: 0.000000, Normalized LogL: -2.276675, Exp of Normalized LogL: 0.102625, Best Rate: 0.3

========= ADAPTIVE MC DEBUG =========
Total calls: 70
Avg tries: 1239.29
Confidence stops: 70
Max stops: 0
Max stop rate: 0.000
Real Fault Rank 5
===== SEED 89 | FR=0.3 | VR=40 =====
executing with fault mode: [0,1,2,2,4,5]

Fault scores (higher is better):
Fault: [0,1,2,1,4,5], logL: -18.325250, Exp of LogL: 0.000000, Normalized LogL: -1.409635, Exp of Normalized LogL: 0.244233, Best Rate: 0.3
Fault: [0,1,2,5,4,5], logL: -18.737731, Exp of LogL: 0.000000, Normalized LogL: -1.441364, Exp of Normalized LogL: 0.236605, Best Rate: 0.3
Fault: [0,1,2,4,4,5], logL: -18.783502, Exp of LogL: 0.000000, Normalized LogL: -1.444885, Exp of Normalized LogL: 0.235773, Best Rate: 0.3
Fault: [0,1,2,3,4,5], logL: -19.302448, Exp of LogL: 0.000000, Normalized LogL: -1.484804, Exp of Normalized LogL: 0.226547, Best Rate: 0.3
Fault: [0,1,2,2,4,5], logL: -19.841641, Exp of LogL: 0.000000, Normalized LogL: -1.526280, Exp of Normalized LogL: 0.217343, Best Rate: 0.3
Fault: [0,1,2,0,4,5], logL: -19.879251, Exp of LogL: 0.000000, Normalized LogL: -1.529173, Exp of Normalized LogL: 0.216715, Best Rate: 0.3
Fault: [0,3,2,2,4,5], logL: -20.009109, Exp of LogL: 0.000000, Normalized LogL: -1.539162, Exp of Normalized LogL: 0.214561, Best Rate: 0.3
Fault: [0,0,2,2,4,5], logL: -20.267058, Exp of LogL: 0.000000, Normalized LogL: -1.559004, Exp of Normalized LogL: 0.210345, Best Rate: 0.3
Fault: [0,4,2,2,4,5], logL: -20.267058, Exp of LogL: 0.000000, Normalized LogL: -1.559004, Exp of Normalized LogL: 0.210345, Best Rate: 0.3
Fault: [0,5,2,2,4,5], logL: -20.267058, Exp of LogL: 0.000000, Normalized LogL: -1.559004, Exp of Normalized LogL: 0.210345, Best Rate: 0.3

========= ADAPTIVE MC DEBUG =========
Total calls: 130
Avg tries: 1605.77
Confidence stops: 130
Max stops: 0
Max stop rate: 0.000
Real Fault Rank 5
===== SEED 89 | FR=0.3 | VR=60 =====
executing with fault mode: [0,1,2,2,4,5]

Fault scores (higher is better):
Fault: [0,1,2,1,4,5], logL: -21.978135, Exp of LogL: 0.000000, Normalized LogL: -1.156744, Exp of Normalized LogL: 0.314509, Best Rate: 0.3
Fault: [0,1,2,5,4,5], logL: -22.417834, Exp of LogL: 0.000000, Normalized LogL: -1.179886, Exp of Normalized LogL: 0.307314, Best Rate: 0.3
Fault: [0,1,2,4,4,5], logL: -22.463605, Exp of LogL: 0.000000, Normalized LogL: -1.182295, Exp of Normalized LogL: 0.306574, Best Rate: 0.3
Fault: [0,1,2,3,4,5], logL: -23.063785, Exp of LogL: 0.000000, Normalized LogL: -1.213883, Exp of Normalized LogL: 0.297041, Best Rate: 0.3
Fault: [0,1,2,2,4,5], logL: -23.521744, Exp of LogL: 0.000000, Normalized LogL: -1.237987, Exp of Normalized LogL: 0.289967, Best Rate: 0.3
Fault: [0,1,2,0,4,5], logL: -23.566410, Exp of LogL: 0.000000, Normalized LogL: -1.240337, Exp of Normalized LogL: 0.289287, Best Rate: 0.3
Fault: [0,3,2,2,4,5], logL: -23.776569, Exp of LogL: 0.000000, Normalized LogL: -1.251398, Exp of Normalized LogL: 0.286104, Best Rate: 0.3
Fault: [0,0,2,2,4,5], logL: -23.872829, Exp of LogL: 0.000000, Normalized LogL: -1.256465, Exp of Normalized LogL: 0.284659, Best Rate: 0.3
Fault: [0,4,2,2,4,5], logL: -23.872829, Exp of LogL: 0.000000, Normalized LogL: -1.256465, Exp of Normalized LogL: 0.284659, Best Rate: 0.3
Fault: [0,5,2,2,4,5], logL: -23.872829, Exp of LogL: 0.000000, Normalized LogL: -1.256465, Exp of Normalized LogL: 0.284659, Best Rate: 0.3

========= ADAPTIVE MC DEBUG =========
Total calls: 190
Avg tries: 1761.58
Confidence stops: 190
Max stops: 0
Max stop rate: 0.000
Real Fault Rank 5
===== SEED 89 | FR=0.3 | VR=80 =====
executing with fault mode: [0,1,2,2,4,5]

Fault scores (higher is better):
Fault: [0,1,2,1,4,5], logL: -26.622531, Exp of LogL: 0.000000, Normalized LogL: -1.064901, Exp of Normalized LogL: 0.344762, Best Rate: 0.3
Fault: [0,1,2,4,4,5], logL: -26.904780, Exp of LogL: 0.000000, Normalized LogL: -1.076191, Exp of Normalized LogL: 0.340891, Best Rate: 0.3
Fault: [0,1,2,3,4,5], logL: -27.832587, Exp of LogL: 0.000000, Normalized LogL: -1.113303, Exp of Normalized LogL: 0.328472, Best Rate: 0.3
Fault: [0,1,2,2,4,5], logL: -27.993327, Exp of LogL: 0.000000, Normalized LogL: -1.119733, Exp of Normalized LogL: 0.326367, Best Rate: 0.3
Fault: [0,3,2,2,4,5], logL: -28.248152, Exp of LogL: 0.000000, Normalized LogL: -1.129926, Exp of Normalized LogL: 0.323057, Best Rate: 0.3
Fault: [0,0,2,2,4,5], logL: -28.344412, Exp of LogL: 0.000000, Normalized LogL: -1.133776, Exp of Normalized LogL: 0.321816, Best Rate: 0.3
Fault: [0,4,2,2,4,5], logL: -28.344412, Exp of LogL: 0.000000, Normalized LogL: -1.133776, Exp of Normalized LogL: 0.321816, Best Rate: 0.3
Fault: [0,5,2,2,4,5], logL: -28.344412, Exp of LogL: 0.000000, Normalized LogL: -1.133776, Exp of Normalized LogL: 0.321816, Best Rate: 0.3
Fault: [0,1,2,0,4,5], logL: -28.661123, Exp of LogL: 0.000000, Normalized LogL: -1.146445, Exp of Normalized LogL: 0.317764, Best Rate: 0.3
Fault: [0,1,2,5,4,5], logL: -28.980619, Exp of LogL: 0.000000, Normalized LogL: -1.159225, Exp of Normalized LogL: 0.313729, Best Rate: 0.3

========= ADAPTIVE MC DEBUG =========
Total calls: 250
Avg tries: 1698.60
Confidence stops: 250
Max stops: 0
Max stop rate: 0.000
Real Fault Rank 4
===== SEED 89 | FR=0.3 | VR=100 =====
executing with fault mode: [0,1,2,2,4,5]

Fault scores (higher is better):
Fault: [0,1,2,1,4,5], logL: -28.320244, Exp of LogL: 0.000000, Normalized LogL: -0.913556, Exp of Normalized LogL: 0.401095, Best Rate: 0.3
Fault: [0,1,2,4,4,5], logL: -28.601849, Exp of LogL: 0.000000, Normalized LogL: -0.922640, Exp of Normalized LogL: 0.397468, Best Rate: 0.3
Fault: [0,1,2,2,4,5], logL: -29.282717, Exp of LogL: 0.000000, Normalized LogL: -0.944604, Exp of Normalized LogL: 0.388834, Best Rate: 0.3
Fault: [0,1,2,3,4,5], logL: -29.382831, Exp of LogL: 0.000000, Normalized LogL: -0.947833, Exp of Normalized LogL: 0.387580, Best Rate: 0.3
Fault: [0,3,2,2,4,5], logL: -29.537542, Exp of LogL: 0.000000, Normalized LogL: -0.952824, Exp of Normalized LogL: 0.385650, Best Rate: 0.3
Fault: [0,0,2,2,4,5], logL: -29.633802, Exp of LogL: 0.000000, Normalized LogL: -0.955929, Exp of Normalized LogL: 0.384455, Best Rate: 0.3
Fault: [0,4,2,2,4,5], logL: -29.633802, Exp of LogL: 0.000000, Normalized LogL: -0.955929, Exp of Normalized LogL: 0.384455, Best Rate: 0.3
Fault: [0,5,2,2,4,5], logL: -29.633802, Exp of LogL: 0.000000, Normalized LogL: -0.955929, Exp of Normalized LogL: 0.384455, Best Rate: 0.3
Fault: [0,1,2,0,4,5], logL: -30.152039, Exp of LogL: 0.000000, Normalized LogL: -0.972646, Exp of Normalized LogL: 0.378081, Best Rate: 0.3
Fault: [0,1,2,5,4,5], logL: -31.384894, Exp of LogL: 0.000000, Normalized LogL: -1.012416, Exp of Normalized LogL: 0.363340, Best Rate: 0.3

========= ADAPTIVE MC DEBUG =========
Total calls: 310
Avg tries: 1778.87
Confidence stops: 310
Max stops: 0
Max stop rate: 0.000
Real Fault Rank 3
================= 22/08/2026 09:33:23: SEED 89 END =================
================= 22/08/2026 09:33:23: SEED 90 (87/100), a*=1 fault=[0,0,2,3,4,5] START =================
===== SEED 90 | FR=0.3 | VR=20 =====
executing with fault mode: [0,0,2,3,4,5]

Fault scores (higher is better):
Fault: [0,3,2,3,4,5], logL: -6.109517, Exp of LogL: 0.002222, Normalized LogL: -1.527379, Exp of Normalized LogL: 0.217104, Best Rate: 0.3
Fault: [0,1,2,3,4,5], logL: -6.752828, Exp of LogL: 0.001168, Normalized LogL: -1.688207, Exp of Normalized LogL: 0.184851, Best Rate: 0.3
Fault: [0,0,2,3,4,5], logL: -7.149669, Exp of LogL: 0.000785, Normalized LogL: -1.787417, Exp of Normalized LogL: 0.167392, Best Rate: 0.3
Fault: [0,0,2,3,0,5], logL: -7.189462, Exp of LogL: 0.000754, Normalized LogL: -1.797365, Exp of Normalized LogL: 0.165735, Best Rate: 0.3
Fault: [0,2,2,3,4,5], logL: -7.293298, Exp of LogL: 0.000680, Normalized LogL: -1.823325, Exp of Normalized LogL: 0.161488, Best Rate: 0.3
Fault: [0,0,2,3,3,5], logL: -7.352599, Exp of LogL: 0.000641, Normalized LogL: -1.838150, Exp of Normalized LogL: 0.159112, Best Rate: 0.3
Fault: [0,5,2,3,4,5], logL: -7.385469, Exp of LogL: 0.000620, Normalized LogL: -1.846367, Exp of Normalized LogL: 0.157809, Best Rate: 0.3
Fault: [0,4,2,3,4,5], logL: -7.385469, Exp of LogL: 0.000620, Normalized LogL: -1.846367, Exp of Normalized LogL: 0.157809, Best Rate: 0.3
Fault: [0,0,2,3,5,5], logL: -7.449774, Exp of LogL: 0.000582, Normalized LogL: -1.862444, Exp of Normalized LogL: 0.155293, Best Rate: 0.3
Fault: [0,0,2,3,1,5], logL: -7.449774, Exp of LogL: 0.000582, Normalized LogL: -1.862444, Exp of Normalized LogL: 0.155293, Best Rate: 0.3

========= ADAPTIVE MC DEBUG =========
Total calls: 40
Avg tries: 1386.25
Confidence stops: 40
Max stops: 0
Max stop rate: 0.000
Real Fault Rank 3
===== SEED 90 | FR=0.3 | VR=40 =====
executing with fault mode: [0,0,2,3,4,5]

Fault scores (higher is better):
Fault: [0,3,2,3,4,5], logL: -7.146061, Exp of LogL: 0.000788, Normalized LogL: -0.893258, Exp of Normalized LogL: 0.409320, Best Rate: 0.3
Fault: [0,0,2,3,4,5], logL: -7.936646, Exp of LogL: 0.000357, Normalized LogL: -0.992081, Exp of Normalized LogL: 0.370804, Best Rate: 0.3
Fault: [0,0,2,3,0,5], logL: -8.098013, Exp of LogL: 0.000304, Normalized LogL: -1.012252, Exp of Normalized LogL: 0.363400, Best Rate: 0.3
Fault: [0,1,2,3,4,5], logL: -8.225631, Exp of LogL: 0.000268, Normalized LogL: -1.028204, Exp of Normalized LogL: 0.357649, Best Rate: 0.3
Fault: [0,0,2,3,3,5], logL: -8.254038, Exp of LogL: 0.000260, Normalized LogL: -1.031755, Exp of Normalized LogL: 0.356381, Best Rate: 0.3
Fault: [0,0,2,3,5,5], logL: -8.308937, Exp of LogL: 0.000246, Normalized LogL: -1.038617, Exp of Normalized LogL: 0.353944, Best Rate: 0.3
Fault: [0,0,2,3,1,5], logL: -8.308937, Exp of LogL: 0.000246, Normalized LogL: -1.038617, Exp of Normalized LogL: 0.353944, Best Rate: 0.3
Fault: [0,2,2,3,4,5], logL: -8.395861, Exp of LogL: 0.000226, Normalized LogL: -1.049483, Exp of Normalized LogL: 0.350119, Best Rate: 0.3
Fault: [0,5,2,3,4,5], logL: -8.436882, Exp of LogL: 0.000217, Normalized LogL: -1.054610, Exp of Normalized LogL: 0.348328, Best Rate: 0.3
Fault: [0,4,2,3,4,5], logL: -8.436882, Exp of LogL: 0.000217, Normalized LogL: -1.054610, Exp of Normalized LogL: 0.348328, Best Rate: 0.3

========= ADAPTIVE MC DEBUG =========
Total calls: 80
Avg tries: 1963.12
Confidence stops: 80
Max stops: 0
Max stop rate: 0.000
Real Fault Rank 2
===== SEED 90 | FR=0.3 | VR=60 =====
executing with fault mode: [0,0,2,3,4,5]

Fault scores (higher is better):
Fault: [0,3,2,3,4,5], logL: -10.427238, Exp of LogL: 0.000030, Normalized LogL: -0.868937, Exp of Normalized LogL: 0.419397, Best Rate: 0.3
Fault: [0,1,2,3,4,5], logL: -11.295616, Exp of LogL: 0.000012, Normalized LogL: -0.941301, Exp of Normalized LogL: 0.390120, Best Rate: 0.3
Fault: [0,0,2,3,4,5], logL: -11.436786, Exp of LogL: 0.000011, Normalized LogL: -0.953066, Exp of Normalized LogL: 0.385557, Best Rate: 0.3
Fault: [0,2,2,3,4,5], logL: -11.534251, Exp of LogL: 0.000010, Normalized LogL: -0.961188, Exp of Normalized LogL: 0.382438, Best Rate: 0.3
Fault: [0,5,2,3,4,5], logL: -11.534251, Exp of LogL: 0.000010, Normalized LogL: -0.961188, Exp of Normalized LogL: 0.382438, Best Rate: 0.3
Fault: [0,4,2,3,4,5], logL: -11.534251, Exp of LogL: 0.000010, Normalized LogL: -0.961188, Exp of Normalized LogL: 0.382438, Best Rate: 0.3
Fault: [0,0,2,3,0,5], logL: -11.587998, Exp of LogL: 0.000009, Normalized LogL: -0.965667, Exp of Normalized LogL: 0.380729, Best Rate: 0.3
Fault: [0,0,2,3,3,5], logL: -11.744023, Exp of LogL: 0.000008, Normalized LogL: -0.978669, Exp of Normalized LogL: 0.375811, Best Rate: 0.3
Fault: [0,0,2,3,5,5], logL: -11.798922, Exp of LogL: 0.000008, Normalized LogL: -0.983243, Exp of Normalized LogL: 0.374096, Best Rate: 0.3
Fault: [0,0,2,3,1,5], logL: -11.798922, Exp of LogL: 0.000008, Normalized LogL: -0.983243, Exp of Normalized LogL: 0.374096, Best Rate: 0.3

========= ADAPTIVE MC DEBUG =========
Total calls: 120
Avg tries: 1946.67
Confidence stops: 120
Max stops: 0
Max stop rate: 0.000
Real Fault Rank 3
===== SEED 90 | FR=0.3 | VR=80 =====
executing with fault mode: [0,0,2,3,4,5]

Fault scores (higher is better):
Fault: [0,3,2,3,4,5], logL: -12.403907, Exp of LogL: 0.000004, Normalized LogL: -0.775244, Exp of Normalized LogL: 0.460591, Best Rate: 0.3
Fault: [0,0,2,3,4,5], logL: -13.353482, Exp of LogL: 0.000002, Normalized LogL: -0.834593, Exp of Normalized LogL: 0.434051, Best Rate: 0.3
Fault: [0,2,2,3,4,5], logL: -13.450947, Exp of LogL: 0.000001, Normalized LogL: -0.840684, Exp of Normalized LogL: 0.431415, Best Rate: 0.3
Fault: [0,5,2,3,4,5], logL: -13.450947, Exp of LogL: 0.000001, Normalized LogL: -0.840684, Exp of Normalized LogL: 0.431415, Best Rate: 0.3
Fault: [0,4,2,3,4,5], logL: -13.450947, Exp of LogL: 0.000001, Normalized LogL: -0.840684, Exp of Normalized LogL: 0.431415, Best Rate: 0.3
Fault: [0,1,2,3,4,5], logL: -13.473720, Exp of LogL: 0.000001, Normalized LogL: -0.842107, Exp of Normalized LogL: 0.430802, Best Rate: 0.3
Fault: [0,0,2,3,0,5], logL: -13.504694, Exp of LogL: 0.000001, Normalized LogL: -0.844043, Exp of Normalized LogL: 0.429968, Best Rate: 0.3
Fault: [0,0,2,3,3,5], logL: -13.660719, Exp of LogL: 0.000001, Normalized LogL: -0.853795, Exp of Normalized LogL: 0.425796, Best Rate: 0.3
Fault: [0,0,2,3,5,5], logL: -13.715618, Exp of LogL: 0.000001, Normalized LogL: -0.857226, Exp of Normalized LogL: 0.424338, Best Rate: 0.3
Fault: [0,0,2,3,1,5], logL: -13.715618, Exp of LogL: 0.000001, Normalized LogL: -0.857226, Exp of Normalized LogL: 0.424338, Best Rate: 0.3

========= ADAPTIVE MC DEBUG =========
Total calls: 160
Avg tries: 1866.56
Confidence stops: 160
Max stops: 0
Max stop rate: 0.000
Real Fault Rank 2
===== SEED 90 | FR=0.3 | VR=100 =====
executing with fault mode: [0,0,2,3,4,5]

Fault scores (higher is better):
Fault: [0,0,2,3,4,5], logL: -15.018043, Exp of LogL: 0.000000, Normalized LogL: -0.750902, Exp of Normalized LogL: 0.471941, Best Rate: 0.3
Fault: [0,0,2,3,0,5], logL: -15.386635, Exp of LogL: 0.000000, Normalized LogL: -0.769332, Exp of Normalized LogL: 0.463323, Best Rate: 0.3
Fault: [0,0,2,3,5,5], logL: -15.386635, Exp of LogL: 0.000000, Normalized LogL: -0.769332, Exp of Normalized LogL: 0.463323, Best Rate: 0.3
Fault: [0,0,2,3,1,5], logL: -15.386635, Exp of LogL: 0.000000, Normalized LogL: -0.769332, Exp of Normalized LogL: 0.463323, Best Rate: 0.3
Fault: [0,0,2,3,3,5], logL: -15.386635, Exp of LogL: 0.000000, Normalized LogL: -0.769332, Exp of Normalized LogL: 0.463323, Best Rate: 0.3
Fault: [0,3,2,3,4,5], logL: -15.555975, Exp of LogL: 0.000000, Normalized LogL: -0.777799, Exp of Normalized LogL: 0.459416, Best Rate: 0.3
Fault: [0,1,2,3,4,5], logL: -40.280562, Exp of LogL: 0.000000, Normalized LogL: -2.014028, Exp of Normalized LogL: 0.133450, Best Rate: 0.3
Fault: [0,2,2,3,4,5], logL: -41.455608, Exp of LogL: 0.000000, Normalized LogL: -2.072780, Exp of Normalized LogL: 0.125835, Best Rate: 0.3
Fault: [0,5,2,3,4,5], logL: -41.455608, Exp of LogL: 0.000000, Normalized LogL: -2.072780, Exp of Normalized LogL: 0.125835, Best Rate: 0.3
Fault: [0,4,2,3,4,5], logL: -41.455608, Exp of LogL: 0.000000, Normalized LogL: -2.072780, Exp of Normalized LogL: 0.125835, Best Rate: 0.3

========= ADAPTIVE MC DEBUG =========
Total calls: 200
Avg tries: 1799.00
Confidence stops: 200
Max stops: 0
Max stop rate: 0.000
Real Fault Rank 1
================= 22/08/2026 09:36:36: SEED 90 END =================
================= 22/08/2026 09:36:36: SEED 91 (88/100), a*=2 fault=[0,1,1,3,4,5] START =================
===== SEED 91 | FR=0.3 | VR=20 =====
executing with fault mode: [0,1,1,3,4,5]

Fault scores (higher is better):
Fault: [0,1,2,3,4,5], logL: -6.821009, Exp of LogL: 0.001091, Normalized LogL: -1.364202, Exp of Normalized LogL: 0.255585, Best Rate: 0.3
Fault: [0,1,1,3,1,5], logL: -6.996362, Exp of LogL: 0.000915, Normalized LogL: -1.399272, Exp of Normalized LogL: 0.246776, Best Rate: 0.3
Fault: [0,1,1,3,5,5], logL: -6.996362, Exp of LogL: 0.000915, Normalized LogL: -1.399272, Exp of Normalized LogL: 0.246776, Best Rate: 0.3
Fault: [0,1,1,3,2,5], logL: -6.996362, Exp of LogL: 0.000915, Normalized LogL: -1.399272, Exp of Normalized LogL: 0.246776, Best Rate: 0.3
Fault: [0,1,1,3,4,5], logL: -7.006412, Exp of LogL: 0.000906, Normalized LogL: -1.401282, Exp of Normalized LogL: 0.246281, Best Rate: 0.3
Fault: [0,1,4,3,4,5], logL: -7.105846, Exp of LogL: 0.000820, Normalized LogL: -1.421169, Exp of Normalized LogL: 0.241432, Best Rate: 0.3
Fault: [0,1,5,3,4,5], logL: -7.105846, Exp of LogL: 0.000820, Normalized LogL: -1.421169, Exp of Normalized LogL: 0.241432, Best Rate: 0.3
Fault: [0,1,1,3,0,5], logL: -7.245892, Exp of LogL: 0.000713, Normalized LogL: -1.449178, Exp of Normalized LogL: 0.234763, Best Rate: 0.3
Fault: [0,1,0,3,4,5], logL: -7.711982, Exp of LogL: 0.000447, Normalized LogL: -1.542396, Exp of Normalized LogL: 0.213868, Best Rate: 0.3
Fault: [0,1,3,3,4,5], logL: -7.845514, Exp of LogL: 0.000392, Normalized LogL: -1.569103, Exp of Normalized LogL: 0.208232, Best Rate: 0.3

========= ADAPTIVE MC DEBUG =========
Total calls: 50
Avg tries: 1413.00
Confidence stops: 50
Max stops: 0
Max stop rate: 0.000
Real Fault Rank 5
===== SEED 91 | FR=0.3 | VR=40 =====
executing with fault mode: [0,1,1,3,4,5]

Fault scores (higher is better):
Fault: [0,1,2,3,4,5], logL: -34.582290, Exp of LogL: 0.000000, Normalized LogL: -3.842477, Exp of Normalized LogL: 0.021440, Best Rate: 0.3
Fault: [0,1,1,3,4,5], logL: -34.937635, Exp of LogL: 0.000000, Normalized LogL: -3.881959, Exp of Normalized LogL: 0.020610, Best Rate: 0.3
Fault: [0,1,1,3,0,5], logL: -35.362133, Exp of LogL: 0.000000, Normalized LogL: -3.929126, Exp of Normalized LogL: 0.019661, Best Rate: 0.3
Fault: [0,1,1,3,1,5], logL: -35.362133, Exp of LogL: 0.000000, Normalized LogL: -3.929126, Exp of Normalized LogL: 0.019661, Best Rate: 0.3
Fault: [0,1,1,3,5,5], logL: -35.362133, Exp of LogL: 0.000000, Normalized LogL: -3.929126, Exp of Normalized LogL: 0.019661, Best Rate: 0.3
Fault: [0,1,1,3,2,5], logL: -35.362133, Exp of LogL: 0.000000, Normalized LogL: -3.929126, Exp of Normalized LogL: 0.019661, Best Rate: 0.3
Fault: [0,1,0,3,4,5], logL: -35.923944, Exp of LogL: 0.000000, Normalized LogL: -3.991549, Exp of Normalized LogL: 0.018471, Best Rate: 0.3
Fault: [0,1,3,3,4,5], logL: -36.066507, Exp of LogL: 0.000000, Normalized LogL: -4.007390, Exp of Normalized LogL: 0.018181, Best Rate: 0.3
Fault: [0,1,4,3,4,5], logL: -36.409452, Exp of LogL: 0.000000, Normalized LogL: -4.045495, Exp of Normalized LogL: 0.017501, Best Rate: 0.3
Fault: [0,1,5,3,4,5], logL: -36.409452, Exp of LogL: 0.000000, Normalized LogL: -4.045495, Exp of Normalized LogL: 0.017501, Best Rate: 0.3

========= ADAPTIVE MC DEBUG =========
Total calls: 90
Avg tries: 1641.11
Confidence stops: 90
Max stops: 0
Max stop rate: 0.000
Real Fault Rank 2
===== SEED 91 | FR=0.3 | VR=60 =====
executing with fault mode: [0,1,1,3,4,5]

Fault scores (higher is better):
Fault: [0,1,2,3,4,5], logL: -13.753303, Exp of LogL: 0.000001, Normalized LogL: -1.057946, Exp of Normalized LogL: 0.347168, Best Rate: 0.3
Fault: [0,1,1,3,4,5], logL: -14.227348, Exp of LogL: 0.000001, Normalized LogL: -1.094411, Exp of Normalized LogL: 0.334737, Best Rate: 0.3
Fault: [0,1,1,3,0,5], logL: -14.547959, Exp of LogL: 0.000000, Normalized LogL: -1.119074, Exp of Normalized LogL: 0.326582, Best Rate: 0.3
Fault: [0,1,1,3,1,5], logL: -14.547959, Exp of LogL: 0.000000, Normalized LogL: -1.119074, Exp of Normalized LogL: 0.326582, Best Rate: 0.3
Fault: [0,1,1,3,5,5], logL: -14.547959, Exp of LogL: 0.000000, Normalized LogL: -1.119074, Exp of Normalized LogL: 0.326582, Best Rate: 0.3
Fault: [0,1,1,3,2,5], logL: -14.547959, Exp of LogL: 0.000000, Normalized LogL: -1.119074, Exp of Normalized LogL: 0.326582, Best Rate: 0.3
Fault: [0,1,0,3,4,5], logL: -14.727358, Exp of LogL: 0.000000, Normalized LogL: -1.132874, Exp of Normalized LogL: 0.322106, Best Rate: 0.3
Fault: [0,1,3,3,4,5], logL: -14.905002, Exp of LogL: 0.000000, Normalized LogL: -1.146539, Exp of Normalized LogL: 0.317735, Best Rate: 0.3
Fault: [0,1,4,3,4,5], logL: -14.979331, Exp of LogL: 0.000000, Normalized LogL: -1.152256, Exp of Normalized LogL: 0.315923, Best Rate: 0.3
Fault: [0,1,5,3,4,5], logL: -14.979331, Exp of LogL: 0.000000, Normalized LogL: -1.152256, Exp of Normalized LogL: 0.315923, Best Rate: 0.3

========= ADAPTIVE MC DEBUG =========
Total calls: 130
Avg tries: 1813.46
Confidence stops: 130
Max stops: 0
Max stop rate: 0.000
Real Fault Rank 2
===== SEED 91 | FR=0.3 | VR=80 =====
executing with fault mode: [0,1,1,3,4,5]

Fault scores (higher is better):
Fault: [0,1,1,3,4,5], logL: -16.549225, Exp of LogL: 0.000000, Normalized LogL: -0.973484, Exp of Normalized LogL: 0.377765, Best Rate: 0.3
Fault: [0,1,2,3,4,5], logL: -16.564721, Exp of LogL: 0.000000, Normalized LogL: -0.974395, Exp of Normalized LogL: 0.377420, Best Rate: 0.3
Fault: [0,1,1,3,0,5], logL: -16.916408, Exp of LogL: 0.000000, Normalized LogL: -0.995083, Exp of Normalized LogL: 0.369693, Best Rate: 0.3
Fault: [0,1,1,3,1,5], logL: -16.916408, Exp of LogL: 0.000000, Normalized LogL: -0.995083, Exp of Normalized LogL: 0.369693, Best Rate: 0.3
Fault: [0,1,1,3,5,5], logL: -16.916408, Exp of LogL: 0.000000, Normalized LogL: -0.995083, Exp of Normalized LogL: 0.369693, Best Rate: 0.3
Fault: [0,1,1,3,2,5], logL: -16.916408, Exp of LogL: 0.000000, Normalized LogL: -0.995083, Exp of Normalized LogL: 0.369693, Best Rate: 0.3
Fault: [0,1,3,3,4,5], logL: -17.587209, Exp of LogL: 0.000000, Normalized LogL: -1.034542, Exp of Normalized LogL: 0.355389, Best Rate: 0.3
Fault: [0,1,0,3,4,5], logL: -18.288654, Exp of LogL: 0.000000, Normalized LogL: -1.075803, Exp of Normalized LogL: 0.341024, Best Rate: 0.3
Fault: [0,1,4,3,4,5], logL: -18.445436, Exp of LogL: 0.000000, Normalized LogL: -1.085026, Exp of Normalized LogL: 0.337893, Best Rate: 0.3
Fault: [0,1,5,3,4,5], logL: -18.445436, Exp of LogL: 0.000000, Normalized LogL: -1.085026, Exp of Normalized LogL: 0.337893, Best Rate: 0.3

========= ADAPTIVE MC DEBUG =========
Total calls: 170
Avg tries: 1711.47
Confidence stops: 170
Max stops: 0
Max stop rate: 0.000
Real Fault Rank 1
===== SEED 91 | FR=0.3 | VR=100 =====
executing with fault mode: [0,1,1,3,4,5]

Fault scores (higher is better):
Fault: [0,1,2,3,4,5], logL: -16.631224, Exp of LogL: 0.000000, Normalized LogL: -0.755965, Exp of Normalized LogL: 0.469557, Best Rate: 0.3
Fault: [0,1,1,3,4,5], logL: -16.836522, Exp of LogL: 0.000000, Normalized LogL: -0.765296, Exp of Normalized LogL: 0.465196, Best Rate: 0.3
Fault: [0,1,1,3,0,5], logL: -17.203704, Exp of LogL: 0.000000, Normalized LogL: -0.781987, Exp of Normalized LogL: 0.457496, Best Rate: 0.3
Fault: [0,1,1,3,1,5], logL: -17.203704, Exp of LogL: 0.000000, Normalized LogL: -0.781987, Exp of Normalized LogL: 0.457496, Best Rate: 0.3
Fault: [0,1,1,3,5,5], logL: -17.203704, Exp of LogL: 0.000000, Normalized LogL: -0.781987, Exp of Normalized LogL: 0.457496, Best Rate: 0.3
Fault: [0,1,1,3,2,5], logL: -17.203704, Exp of LogL: 0.000000, Normalized LogL: -0.781987, Exp of Normalized LogL: 0.457496, Best Rate: 0.3
Fault: [0,1,3,3,4,5], logL: -17.765226, Exp of LogL: 0.000000, Normalized LogL: -0.807510, Exp of Normalized LogL: 0.445967, Best Rate: 0.3
Fault: [0,1,0,3,4,5], logL: -17.779386, Exp of LogL: 0.000000, Normalized LogL: -0.808154, Exp of Normalized LogL: 0.445680, Best Rate: 0.3
Fault: [0,1,4,3,4,5], logL: -18.036537, Exp of LogL: 0.000000, Normalized LogL: -0.819843, Exp of Normalized LogL: 0.440501, Best Rate: 0.3
Fault: [0,1,5,3,4,5], logL: -18.036537, Exp of LogL: 0.000000, Normalized LogL: -0.819843, Exp of Normalized LogL: 0.440501, Best Rate: 0.3

========= ADAPTIVE MC DEBUG =========
Total calls: 220
Avg tries: 1841.14
Confidence stops: 220
Max stops: 0
Max stop rate: 0.000
Real Fault Rank 2
================= 22/08/2026 09:39:45: SEED 91 END =================
================= 22/08/2026 09:39:45: SEED 92 (89/100), a*=2 fault=[0,1,0,3,4,5] START =================
===== SEED 92 | FR=0.3 | VR=20 =====
executing with fault mode: [0,1,0,3,4,5]

executing with fault mode: [0,1,0,3,4,5]

Fault scores (higher is better):
Fault: [0,1,4,3,4,5], logL: -3.027262, Exp of LogL: 0.048448, Normalized LogL: -1.009087, Exp of Normalized LogL: 0.364552, Best Rate: 0.3
Fault: [0,1,5,3,4,5], logL: -3.027262, Exp of LogL: 0.048448, Normalized LogL: -1.009087, Exp of Normalized LogL: 0.364552, Best Rate: 0.3
Fault: [0,1,2,3,4,5], logL: -3.110013, Exp of LogL: 0.044600, Normalized LogL: -1.036671, Exp of Normalized LogL: 0.354633, Best Rate: 0.3
Fault: [0,1,0,4,4,5], logL: -3.278576, Exp of LogL: 0.037682, Normalized LogL: -1.092859, Exp of Normalized LogL: 0.335257, Best Rate: 0.3
Fault: [0,1,0,5,4,5], logL: -3.278576, Exp of LogL: 0.037682, Normalized LogL: -1.092859, Exp of Normalized LogL: 0.335257, Best Rate: 0.3
Fault: [0,1,0,2,4,5], logL: -3.278576, Exp of LogL: 0.037682, Normalized LogL: -1.092859, Exp of Normalized LogL: 0.335257, Best Rate: 0.3
Fault: [0,1,0,0,4,5], logL: -3.436566, Exp of LogL: 0.032175, Normalized LogL: -1.145522, Exp of Normalized LogL: 0.318058, Best Rate: 0.3
Fault: [0,1,3,3,4,5], logL: -3.447326, Exp of LogL: 0.031831, Normalized LogL: -1.149109, Exp of Normalized LogL: 0.316919, Best Rate: 0.3
Fault: [0,1,0,3,4,5], logL: -3.467818, Exp of LogL: 0.031185, Normalized LogL: -1.155939, Exp of Normalized LogL: 0.314762, Best Rate: 0.3
Fault: [0,1,1,3,4,5], logL: -3.525303, Exp of LogL: 0.029443, Normalized LogL: -1.175101, Exp of Normalized LogL: 0.308788, Best Rate: 0.3

========= ADAPTIVE MC DEBUG =========
Total calls: 30
Avg tries: 2000.00
Confidence stops: 30
Max stops: 0
Max stop rate: 0.000
Real Fault Rank 9
===== SEED 92 | FR=0.3 | VR=40 =====
executing with fault mode: [0,1,0,3,4,5]

executing with fault mode: [0,1,0,3,4,5]

Fault scores (higher is better):
Fault: [0,1,4,3,4,5], logL: -4.478870, Exp of LogL: 0.011346, Normalized LogL: -0.895774, Exp of Normalized LogL: 0.408291, Best Rate: 0.3
Fault: [0,1,5,3,4,5], logL: -4.478870, Exp of LogL: 0.011346, Normalized LogL: -0.895774, Exp of Normalized LogL: 0.408291, Best Rate: 0.3
Fault: [0,1,0,4,4,5], logL: -4.597670, Exp of LogL: 0.010075, Normalized LogL: -0.919534, Exp of Normalized LogL: 0.398705, Best Rate: 0.3
Fault: [0,1,0,5,4,5], logL: -4.597670, Exp of LogL: 0.010075, Normalized LogL: -0.919534, Exp of Normalized LogL: 0.398705, Best Rate: 0.3
Fault: [0,1,0,2,4,5], logL: -4.597670, Exp of LogL: 0.010075, Normalized LogL: -0.919534, Exp of Normalized LogL: 0.398705, Best Rate: 0.3
Fault: [0,1,2,3,4,5], logL: -4.636137, Exp of LogL: 0.009695, Normalized LogL: -0.927227, Exp of Normalized LogL: 0.395649, Best Rate: 0.3
Fault: [0,1,0,3,4,5], logL: -4.797003, Exp of LogL: 0.008254, Normalized LogL: -0.959401, Exp of Normalized LogL: 0.383122, Best Rate: 0.3
Fault: [0,1,3,3,4,5], logL: -4.810667, Exp of LogL: 0.008142, Normalized LogL: -0.962133, Exp of Normalized LogL: 0.382077, Best Rate: 0.3
Fault: [0,1,0,0,4,5], logL: -4.852063, Exp of LogL: 0.007812, Normalized LogL: -0.970413, Exp of Normalized LogL: 0.378927, Best Rate: 0.3
Fault: [0,1,1,3,4,5], logL: -4.907689, Exp of LogL: 0.007390, Normalized LogL: -0.981538, Exp of Normalized LogL: 0.374734, Best Rate: 0.3

========= ADAPTIVE MC DEBUG =========
Total calls: 50
Avg tries: 1937.00
Confidence stops: 50
Max stops: 0
Max stop rate: 0.000
Real Fault Rank 7
===== SEED 92 | FR=0.3 | VR=60 =====
executing with fault mode: [0,1,0,3,4,5]

executing with fault mode: [0,1,0,3,4,5]

Fault scores (higher is better):
Fault: [0,1,2,3,4,5], logL: -5.108375, Exp of LogL: 0.006046, Normalized LogL: -0.729768, Exp of Normalized LogL: 0.482021, Best Rate: 0.3
Fault: [0,1,0,4,4,5], logL: -5.166803, Exp of LogL: 0.005703, Normalized LogL: -0.738115, Exp of Normalized LogL: 0.478014, Best Rate: 0.3
Fault: [0,1,0,5,4,5], logL: -5.166803, Exp of LogL: 0.005703, Normalized LogL: -0.738115, Exp of Normalized LogL: 0.478014, Best Rate: 0.3
Fault: [0,1,0,2,4,5], logL: -5.166803, Exp of LogL: 0.005703, Normalized LogL: -0.738115, Exp of Normalized LogL: 0.478014, Best Rate: 0.3
Fault: [0,1,0,3,4,5], logL: -5.450279, Exp of LogL: 0.004295, Normalized LogL: -0.778611, Exp of Normalized LogL: 0.459043, Best Rate: 0.3
Fault: [0,1,1,3,4,5], logL: -5.642759, Exp of LogL: 0.003543, Normalized LogL: -0.806108, Exp of Normalized LogL: 0.446593, Best Rate: 0.3
Fault: [0,1,0,0,4,5], logL: -5.701661, Exp of LogL: 0.003340, Normalized LogL: -0.814523, Exp of Normalized LogL: 0.442851, Best Rate: 0.3
Fault: [0,1,3,3,4,5], logL: -5.916496, Exp of LogL: 0.002695, Normalized LogL: -0.845214, Exp of Normalized LogL: 0.429466, Best Rate: 0.3
Fault: [0,1,4,3,4,5], logL: -6.164682, Exp of LogL: 0.002102, Normalized LogL: -0.880669, Exp of Normalized LogL: 0.414506, Best Rate: 0.3
Fault: [0,1,5,3,4,5], logL: -6.164682, Exp of LogL: 0.002102, Normalized LogL: -0.880669, Exp of Normalized LogL: 0.414506, Best Rate: 0.3

========= ADAPTIVE MC DEBUG =========
Total calls: 70
Avg tries: 2056.43
Confidence stops: 70
Max stops: 0
Max stop rate: 0.000
Real Fault Rank 5
===== SEED 92 | FR=0.3 | VR=80 =====
executing with fault mode: [0,1,0,3,4,5]

executing with fault mode: [0,1,0,3,4,5]

Fault scores (higher is better):
Fault: [0,1,2,3,4,5], logL: -5.308603, Exp of LogL: 0.004949, Normalized LogL: -0.589845, Exp of Normalized LogL: 0.554413, Best Rate: 0.3
Fault: [0,1,0,4,4,5], logL: -5.546876, Exp of LogL: 0.003900, Normalized LogL: -0.616320, Exp of Normalized LogL: 0.539928, Best Rate: 0.3
Fault: [0,1,0,5,4,5], logL: -5.546876, Exp of LogL: 0.003900, Normalized LogL: -0.616320, Exp of Normalized LogL: 0.539928, Best Rate: 0.3
Fault: [0,1,0,2,4,5], logL: -5.546876, Exp of LogL: 0.003900, Normalized LogL: -0.616320, Exp of Normalized LogL: 0.539928, Best Rate: 0.3
Fault: [0,1,0,3,4,5], logL: -5.830352, Exp of LogL: 0.002937, Normalized LogL: -0.647817, Exp of Normalized LogL: 0.523187, Best Rate: 0.3
Fault: [0,1,1,3,4,5], logL: -5.852319, Exp of LogL: 0.002873, Normalized LogL: -0.650258, Exp of Normalized LogL: 0.521911, Best Rate: 0.3
Fault: [0,1,0,0,4,5], logL: -6.081734, Exp of LogL: 0.002284, Normalized LogL: -0.675748, Exp of Normalized LogL: 0.508776, Best Rate: 0.3
Fault: [0,1,3,3,4,5], logL: -6.148252, Exp of LogL: 0.002137, Normalized LogL: -0.683139, Exp of Normalized LogL: 0.505029, Best Rate: 0.3
Fault: [0,1,4,3,4,5], logL: -6.396438, Exp of LogL: 0.001667, Normalized LogL: -0.710715, Exp of Normalized LogL: 0.491293, Best Rate: 0.3
Fault: [0,1,5,3,4,5], logL: -6.396438, Exp of LogL: 0.001667, Normalized LogL: -0.710715, Exp of Normalized LogL: 0.491293, Best Rate: 0.3

========= ADAPTIVE MC DEBUG =========
Total calls: 90
Avg tries: 2137.22
Confidence stops: 90
Max stops: 0
Max stop rate: 0.000
Real Fault Rank 5
===== SEED 92 | FR=0.3 | VR=100 =====
executing with fault mode: [0,1,0,3,4,5]

executing with fault mode: [0,1,0,3,4,5]

Fault scores (higher is better):
Fault: [0,1,0,3,4,5], logL: -7.133572, Exp of LogL: 0.000798, Normalized LogL: -0.594464, Exp of Normalized LogL: 0.551858, Best Rate: 0.3
Fault: [0,1,2,3,4,5], logL: -7.167462, Exp of LogL: 0.000771, Normalized LogL: -0.597288, Exp of Normalized LogL: 0.550302, Best Rate: 0.3
Fault: [0,1,0,0,4,5], logL: -7.373842, Exp of LogL: 0.000627, Normalized LogL: -0.614487, Exp of Normalized LogL: 0.540918, Best Rate: 0.3
Fault: [0,1,0,4,4,5], logL: -7.468392, Exp of LogL: 0.000571, Normalized LogL: -0.622366, Exp of Normalized LogL: 0.536673, Best Rate: 0.3
Fault: [0,1,0,5,4,5], logL: -7.468392, Exp of LogL: 0.000571, Normalized LogL: -0.622366, Exp of Normalized LogL: 0.536673, Best Rate: 0.3
Fault: [0,1,0,2,4,5], logL: -7.468392, Exp of LogL: 0.000571, Normalized LogL: -0.622366, Exp of Normalized LogL: 0.536673, Best Rate: 0.3
Fault: [0,1,3,3,4,5], logL: -8.178934, Exp of LogL: 0.000281, Normalized LogL: -0.681578, Exp of Normalized LogL: 0.505818, Best Rate: 0.3
Fault: [0,1,1,3,4,5], logL: -8.313453, Exp of LogL: 0.000245, Normalized LogL: -0.692788, Exp of Normalized LogL: 0.500180, Best Rate: 0.3
Fault: [0,1,4,3,4,5], logL: -8.581729, Exp of LogL: 0.000188, Normalized LogL: -0.715144, Exp of Normalized LogL: 0.489122, Best Rate: 0.3
Fault: [0,1,5,3,4,5], logL: -8.581729, Exp of LogL: 0.000188, Normalized LogL: -0.715144, Exp of Normalized LogL: 0.489122, Best Rate: 0.3

========= ADAPTIVE MC DEBUG =========
Total calls: 120
Avg tries: 1878.75
Confidence stops: 120
Max stops: 0
Max stop rate: 0.000
Real Fault Rank 1
================= 22/08/2026 09:41:46: SEED 92 END =================
================= 22/08/2026 09:41:46: SEED 93 (90/100), a*=2 fault=[0,1,1,3,4,5] START =================
===== SEED 93 | FR=0.3 | VR=20 =====
executing with fault mode: [0,1,1,3,4,5]

Fault scores (higher is better):
Fault: [0,1,0,3,4,5], logL: -10.108813, Exp of LogL: 0.000041, Normalized LogL: -1.684802, Exp of Normalized LogL: 0.185481, Best Rate: 0.3
Fault: [0,1,2,3,4,5], logL: -10.472345, Exp of LogL: 0.000028, Normalized LogL: -1.745391, Exp of Normalized LogL: 0.174577, Best Rate: 0.3
Fault: [0,1,3,3,4,5], logL: -10.541030, Exp of LogL: 0.000026, Normalized LogL: -1.756838, Exp of Normalized LogL: 0.172590, Best Rate: 0.3
Fault: [0,1,1,3,0,5], logL: -10.577079, Exp of LogL: 0.000025, Normalized LogL: -1.762847, Exp of Normalized LogL: 0.171556, Best Rate: 0.3
Fault: [0,1,1,3,5,5], logL: -10.577079, Exp of LogL: 0.000025, Normalized LogL: -1.762847, Exp of Normalized LogL: 0.171556, Best Rate: 0.3
Fault: [0,1,5,3,4,5], logL: -10.600635, Exp of LogL: 0.000025, Normalized LogL: -1.766773, Exp of Normalized LogL: 0.170884, Best Rate: 0.3
Fault: [0,1,4,3,4,5], logL: -10.600635, Exp of LogL: 0.000025, Normalized LogL: -1.766773, Exp of Normalized LogL: 0.170884, Best Rate: 0.3
Fault: [0,1,1,3,4,5], logL: -10.706650, Exp of LogL: 0.000022, Normalized LogL: -1.784442, Exp of Normalized LogL: 0.167891, Best Rate: 0.3
Fault: [0,1,1,3,1,5], logL: -10.813622, Exp of LogL: 0.000020, Normalized LogL: -1.802270, Exp of Normalized LogL: 0.164924, Best Rate: 0.3
Fault: [0,1,1,3,2,5], logL: -10.894614, Exp of LogL: 0.000019, Normalized LogL: -1.815769, Exp of Normalized LogL: 0.162713, Best Rate: 0.3

========= ADAPTIVE MC DEBUG =========
Total calls: 60
Avg tries: 1384.17
Confidence stops: 60
Max stops: 0
Max stop rate: 0.000
Real Fault Rank 8
===== SEED 93 | FR=0.3 | VR=40 =====
executing with fault mode: [0,1,1,3,4,5]

Fault scores (higher is better):
Fault: [0,1,0,3,4,5], logL: -13.146007, Exp of LogL: 0.000002, Normalized LogL: -1.195092, Exp of Normalized LogL: 0.302676, Best Rate: 0.3
Fault: [0,1,2,3,4,5], logL: -14.002449, Exp of LogL: 0.000001, Normalized LogL: -1.272950, Exp of Normalized LogL: 0.280004, Best Rate: 0.3
Fault: [0,1,3,3,4,5], logL: -14.309689, Exp of LogL: 0.000001, Normalized LogL: -1.300881, Exp of Normalized LogL: 0.272292, Best Rate: 0.3
Fault: [0,1,1,3,4,5], logL: -14.803601, Exp of LogL: 0.000000, Normalized LogL: -1.345782, Exp of Normalized LogL: 0.260336, Best Rate: 0.3
Fault: [0,1,5,3,4,5], logL: -14.827029, Exp of LogL: 0.000000, Normalized LogL: -1.347912, Exp of Normalized LogL: 0.259782, Best Rate: 0.3
Fault: [0,1,4,3,4,5], logL: -14.827029, Exp of LogL: 0.000000, Normalized LogL: -1.347912, Exp of Normalized LogL: 0.259782, Best Rate: 0.3
Fault: [0,1,1,3,0,5], logL: -15.165802, Exp of LogL: 0.000000, Normalized LogL: -1.378709, Exp of Normalized LogL: 0.251903, Best Rate: 0.3
Fault: [0,1,1,3,2,5], logL: -15.165802, Exp of LogL: 0.000000, Normalized LogL: -1.378709, Exp of Normalized LogL: 0.251903, Best Rate: 0.3
Fault: [0,1,1,3,1,5], logL: -15.165802, Exp of LogL: 0.000000, Normalized LogL: -1.378709, Exp of Normalized LogL: 0.251903, Best Rate: 0.3
Fault: [0,1,1,3,5,5], logL: -15.165802, Exp of LogL: 0.000000, Normalized LogL: -1.378709, Exp of Normalized LogL: 0.251903, Best Rate: 0.3

========= ADAPTIVE MC DEBUG =========
Total calls: 110
Avg tries: 1724.55
Confidence stops: 110
Max stops: 0
Max stop rate: 0.000
Real Fault Rank 4
===== SEED 93 | FR=0.3 | VR=60 =====
executing with fault mode: [0,1,1,3,4,5]

Fault scores (higher is better):
Fault: [0,1,0,3,4,5], logL: -14.698633, Exp of LogL: 0.000000, Normalized LogL: -0.918665, Exp of Normalized LogL: 0.399052, Best Rate: 0.3
Fault: [0,1,2,3,4,5], logL: -15.799834, Exp of LogL: 0.000000, Normalized LogL: -0.987490, Exp of Normalized LogL: 0.372511, Best Rate: 0.3
Fault: [0,1,3,3,4,5], logL: -15.980233, Exp of LogL: 0.000000, Normalized LogL: -0.998765, Exp of Normalized LogL: 0.368334, Best Rate: 0.3
Fault: [0,1,1,3,4,5], logL: -16.426021, Exp of LogL: 0.000000, Normalized LogL: -1.026626, Exp of Normalized LogL: 0.358213, Best Rate: 0.3
Fault: [0,1,5,3,4,5], logL: -16.427727, Exp of LogL: 0.000000, Normalized LogL: -1.026733, Exp of Normalized LogL: 0.358175, Best Rate: 0.3
Fault: [0,1,4,3,4,5], logL: -16.427727, Exp of LogL: 0.000000, Normalized LogL: -1.026733, Exp of Normalized LogL: 0.358175, Best Rate: 0.3
Fault: [0,1,1,3,0,5], logL: -16.789689, Exp of LogL: 0.000000, Normalized LogL: -1.049356, Exp of Normalized LogL: 0.350163, Best Rate: 0.3
Fault: [0,1,1,3,2,5], logL: -16.789689, Exp of LogL: 0.000000, Normalized LogL: -1.049356, Exp of Normalized LogL: 0.350163, Best Rate: 0.3
Fault: [0,1,1,3,1,5], logL: -16.789689, Exp of LogL: 0.000000, Normalized LogL: -1.049356, Exp of Normalized LogL: 0.350163, Best Rate: 0.3
Fault: [0,1,1,3,5,5], logL: -16.789689, Exp of LogL: 0.000000, Normalized LogL: -1.049356, Exp of Normalized LogL: 0.350163, Best Rate: 0.3

========= ADAPTIVE MC DEBUG =========
Total calls: 160
Avg tries: 1781.88
Confidence stops: 160
Max stops: 0
Max stop rate: 0.000
Real Fault Rank 4
===== SEED 93 | FR=0.3 | VR=80 =====
executing with fault mode: [0,1,1,3,4,5]

Fault scores (higher is better):
Fault: [0,1,0,3,4,5], logL: -18.122110, Exp of LogL: 0.000000, Normalized LogL: -0.862958, Exp of Normalized LogL: 0.421912, Best Rate: 0.3
Fault: [0,1,2,3,4,5], logL: -18.453065, Exp of LogL: 0.000000, Normalized LogL: -0.878717, Exp of Normalized LogL: 0.415315, Best Rate: 0.3
Fault: [0,1,3,3,4,5], logL: -19.371363, Exp of LogL: 0.000000, Normalized LogL: -0.922446, Exp of Normalized LogL: 0.397546, Best Rate: 0.3
Fault: [0,1,5,3,4,5], logL: -20.064510, Exp of LogL: 0.000000, Normalized LogL: -0.955453, Exp of Normalized LogL: 0.384638, Best Rate: 0.3
Fault: [0,1,4,3,4,5], logL: -20.064510, Exp of LogL: 0.000000, Normalized LogL: -0.955453, Exp of Normalized LogL: 0.384638, Best Rate: 0.3
Fault: [0,1,1,3,4,5], logL: -20.128153, Exp of LogL: 0.000000, Normalized LogL: -0.958483, Exp of Normalized LogL: 0.383474, Best Rate: 0.3
Fault: [0,1,1,3,0,5], logL: -20.491821, Exp of LogL: 0.000000, Normalized LogL: -0.975801, Exp of Normalized LogL: 0.376890, Best Rate: 0.3
Fault: [0,1,1,3,2,5], logL: -20.491821, Exp of LogL: 0.000000, Normalized LogL: -0.975801, Exp of Normalized LogL: 0.376890, Best Rate: 0.3
Fault: [0,1,1,3,1,5], logL: -20.491821, Exp of LogL: 0.000000, Normalized LogL: -0.975801, Exp of Normalized LogL: 0.376890, Best Rate: 0.3
Fault: [0,1,1,3,5,5], logL: -20.491821, Exp of LogL: 0.000000, Normalized LogL: -0.975801, Exp of Normalized LogL: 0.376890, Best Rate: 0.3

========= ADAPTIVE MC DEBUG =========
Total calls: 210
Avg tries: 1834.52
Confidence stops: 210
Max stops: 0
Max stop rate: 0.000
Real Fault Rank 6
===== SEED 93 | FR=0.3 | VR=100 =====
executing with fault mode: [0,1,1,3,4,5]

Fault scores (higher is better):
Fault: [0,1,0,3,4,5], logL: -20.597081, Exp of LogL: 0.000000, Normalized LogL: -0.792195, Exp of Normalized LogL: 0.452850, Best Rate: 0.3
Fault: [0,1,3,3,4,5], logL: -21.442039, Exp of LogL: 0.000000, Normalized LogL: -0.824694, Exp of Normalized LogL: 0.438369, Best Rate: 0.3
Fault: [0,1,1,3,4,5], logL: -23.005131, Exp of LogL: 0.000000, Normalized LogL: -0.884813, Exp of Normalized LogL: 0.412791, Best Rate: 0.3
Fault: [0,1,1,3,0,5], logL: -23.368799, Exp of LogL: 0.000000, Normalized LogL: -0.898800, Exp of Normalized LogL: 0.407058, Best Rate: 0.3
Fault: [0,1,1,3,2,5], logL: -23.368799, Exp of LogL: 0.000000, Normalized LogL: -0.898800, Exp of Normalized LogL: 0.407058, Best Rate: 0.3
Fault: [0,1,1,3,1,5], logL: -23.368799, Exp of LogL: 0.000000, Normalized LogL: -0.898800, Exp of Normalized LogL: 0.407058, Best Rate: 0.3
Fault: [0,1,1,3,5,5], logL: -23.368799, Exp of LogL: 0.000000, Normalized LogL: -0.898800, Exp of Normalized LogL: 0.407058, Best Rate: 0.3
Fault: [0,1,2,3,4,5], logL: -45.723670, Exp of LogL: 0.000000, Normalized LogL: -1.758603, Exp of Normalized LogL: 0.172285, Best Rate: 0.3
Fault: [0,1,5,3,4,5], logL: -47.851226, Exp of LogL: 0.000000, Normalized LogL: -1.840432, Exp of Normalized LogL: 0.158749, Best Rate: 0.3
Fault: [0,1,4,3,4,5], logL: -47.851226, Exp of LogL: 0.000000, Normalized LogL: -1.840432, Exp of Normalized LogL: 0.158749, Best Rate: 0.3

========= ADAPTIVE MC DEBUG =========
Total calls: 260
Avg tries: 1820.00
Confidence stops: 260
Max stops: 0
Max stop rate: 0.000
Real Fault Rank 3
================= 22/08/2026 09:45:42: SEED 93 END =================
================= 22/08/2026 09:45:42: SEED 94 (91/100), a*=0 fault=[5,1,2,3,4,5] START =================
===== SEED 94 | FR=0.3 | VR=20 =====
executing with fault mode: [5,1,2,3,4,5]

executing with fault mode: [5,1,2,3,4,5]

Fault scores (higher is better):
Fault: [5,1,2,3,5,5], logL: -7.526898, Exp of LogL: 0.000538, Normalized LogL: -1.881724, Exp of Normalized LogL: 0.152327, Best Rate: 0.3
Fault: [5,1,2,3,1,5], logL: -7.526898, Exp of LogL: 0.000538, Normalized LogL: -1.881724, Exp of Normalized LogL: 0.152327, Best Rate: 0.3
Fault: [5,1,2,3,4,5], logL: -7.536948, Exp of LogL: 0.000533, Normalized LogL: -1.884237, Exp of Normalized LogL: 0.151945, Best Rate: 0.3
Fault: [5,1,2,3,0,5], logL: -7.558001, Exp of LogL: 0.000522, Normalized LogL: -1.889500, Exp of Normalized LogL: 0.151147, Best Rate: 0.3
Fault: [5,1,2,3,3,5], logL: -7.573316, Exp of LogL: 0.000514, Normalized LogL: -1.893329, Exp of Normalized LogL: 0.150570, Best Rate: 0.3
Fault: [4,1,2,3,4,5], logL: -7.672123, Exp of LogL: 0.000466, Normalized LogL: -1.918031, Exp of Normalized LogL: 0.146896, Best Rate: 0.3
Fault: [2,1,2,3,4,5], logL: -7.672123, Exp of LogL: 0.000466, Normalized LogL: -1.918031, Exp of Normalized LogL: 0.146896, Best Rate: 0.3
Fault: [1,1,2,3,4,5], logL: -7.672123, Exp of LogL: 0.000466, Normalized LogL: -1.918031, Exp of Normalized LogL: 0.146896, Best Rate: 0.3
Fault: [0,1,2,3,4,5], logL: -7.819654, Exp of LogL: 0.000402, Normalized LogL: -1.954913, Exp of Normalized LogL: 0.141577, Best Rate: 0.3
Fault: [3,1,2,3,4,5], logL: -8.158246, Exp of LogL: 0.000286, Normalized LogL: -2.039561, Exp of Normalized LogL: 0.130086, Best Rate: 0.3

========= ADAPTIVE MC DEBUG =========
Total calls: 40
Avg tries: 1265.00
Confidence stops: 40
Max stops: 0
Max stop rate: 0.000
Real Fault Rank 3
===== SEED 94 | FR=0.3 | VR=40 =====
executing with fault mode: [5,1,2,3,4,5]

executing with fault mode: [5,1,2,3,4,5]

Fault scores (higher is better):
Fault: [5,1,2,3,0,5], logL: -8.327769, Exp of LogL: 0.000242, Normalized LogL: -1.189681, Exp of Normalized LogL: 0.304318, Best Rate: 0.3
Fault: [5,1,2,3,3,5], logL: -8.350497, Exp of LogL: 0.000236, Normalized LogL: -1.192928, Exp of Normalized LogL: 0.303332, Best Rate: 0.3
Fault: [5,1,2,3,5,5], logL: -8.436387, Exp of LogL: 0.000217, Normalized LogL: -1.205198, Exp of Normalized LogL: 0.299633, Best Rate: 0.3
Fault: [5,1,2,3,1,5], logL: -8.436387, Exp of LogL: 0.000217, Normalized LogL: -1.205198, Exp of Normalized LogL: 0.299633, Best Rate: 0.3
Fault: [5,1,2,3,4,5], logL: -8.463484, Exp of LogL: 0.000211, Normalized LogL: -1.209069, Exp of Normalized LogL: 0.298475, Best Rate: 0.3
Fault: [4,1,2,3,4,5], logL: -8.771963, Exp of LogL: 0.000155, Normalized LogL: -1.253138, Exp of Normalized LogL: 0.285607, Best Rate: 0.3
Fault: [2,1,2,3,4,5], logL: -8.771963, Exp of LogL: 0.000155, Normalized LogL: -1.253138, Exp of Normalized LogL: 0.285607, Best Rate: 0.3
Fault: [1,1,2,3,4,5], logL: -8.771963, Exp of LogL: 0.000155, Normalized LogL: -1.253138, Exp of Normalized LogL: 0.285607, Best Rate: 0.3
Fault: [0,1,2,3,4,5], logL: -9.026325, Exp of LogL: 0.000120, Normalized LogL: -1.289475, Exp of Normalized LogL: 0.275415, Best Rate: 0.3
Fault: [3,1,2,3,4,5], logL: -9.423780, Exp of LogL: 0.000081, Normalized LogL: -1.346254, Exp of Normalized LogL: 0.260213, Best Rate: 0.3

========= ADAPTIVE MC DEBUG =========
Total calls: 70
Avg tries: 1628.57
Confidence stops: 70
Max stops: 0
Max stop rate: 0.000
Real Fault Rank 5
===== SEED 94 | FR=0.3 | VR=60 =====
executing with fault mode: [5,1,2,3,4,5]

executing with fault mode: [5,1,2,3,4,5]

Fault scores (higher is better):
Fault: [5,1,2,3,0,5], logL: -9.255534, Exp of LogL: 0.000096, Normalized LogL: -0.925553, Exp of Normalized LogL: 0.396312, Best Rate: 0.3
Fault: [5,1,2,3,3,5], logL: -9.293362, Exp of LogL: 0.000092, Normalized LogL: -0.929336, Exp of Normalized LogL: 0.394816, Best Rate: 0.3
Fault: [5,1,2,3,4,5], logL: -9.403909, Exp of LogL: 0.000082, Normalized LogL: -0.940391, Exp of Normalized LogL: 0.390475, Best Rate: 0.3
Fault: [5,1,2,3,5,5], logL: -9.506438, Exp of LogL: 0.000074, Normalized LogL: -0.950644, Exp of Normalized LogL: 0.386492, Best Rate: 0.3
Fault: [5,1,2,3,1,5], logL: -9.506438, Exp of LogL: 0.000074, Normalized LogL: -0.950644, Exp of Normalized LogL: 0.386492, Best Rate: 0.3
Fault: [0,1,2,3,4,5], logL: -10.644629, Exp of LogL: 0.000024, Normalized LogL: -1.064463, Exp of Normalized LogL: 0.344913, Best Rate: 0.3
Fault: [3,1,2,3,4,5], logL: -10.925497, Exp of LogL: 0.000018, Normalized LogL: -1.092550, Exp of Normalized LogL: 0.335360, Best Rate: 0.3
Fault: [4,1,2,3,4,5], logL: -11.013347, Exp of LogL: 0.000016, Normalized LogL: -1.101335, Exp of Normalized LogL: 0.332427, Best Rate: 0.3
Fault: [2,1,2,3,4,5], logL: -11.013347, Exp of LogL: 0.000016, Normalized LogL: -1.101335, Exp of Normalized LogL: 0.332427, Best Rate: 0.3
Fault: [1,1,2,3,4,5], logL: -11.013347, Exp of LogL: 0.000016, Normalized LogL: -1.101335, Exp of Normalized LogL: 0.332427, Best Rate: 0.3

========= ADAPTIVE MC DEBUG =========
Total calls: 100
Avg tries: 1603.50
Confidence stops: 100
Max stops: 0
Max stop rate: 0.000
Real Fault Rank 3
===== SEED 94 | FR=0.3 | VR=80 =====
executing with fault mode: [5,1,2,3,4,5]

executing with fault mode: [5,1,2,3,4,5]

Fault scores (higher is better):
Fault: [5,1,2,3,4,5], logL: -9.622544, Exp of LogL: 0.000066, Normalized LogL: -0.740196, Exp of Normalized LogL: 0.477021, Best Rate: 0.3
Fault: [5,1,2,3,0,5], logL: -10.087435, Exp of LogL: 0.000042, Normalized LogL: -0.775957, Exp of Normalized LogL: 0.460263, Best Rate: 0.3
Fault: [5,1,2,3,3,5], logL: -10.105413, Exp of LogL: 0.000041, Normalized LogL: -0.777339, Exp of Normalized LogL: 0.459627, Best Rate: 0.3
Fault: [5,1,2,3,5,5], logL: -10.212469, Exp of LogL: 0.000037, Normalized LogL: -0.785575, Exp of Normalized LogL: 0.455858, Best Rate: 0.3
Fault: [5,1,2,3,1,5], logL: -10.212469, Exp of LogL: 0.000037, Normalized LogL: -0.785575, Exp of Normalized LogL: 0.455858, Best Rate: 0.3
Fault: [0,1,2,3,4,5], logL: -36.890763, Exp of LogL: 0.000000, Normalized LogL: -2.837751, Exp of Normalized LogL: 0.058557, Best Rate: 0.3
Fault: [3,1,2,3,4,5], logL: -37.164950, Exp of LogL: 0.000000, Normalized LogL: -2.858842, Exp of Normalized LogL: 0.057335, Best Rate: 0.3
Fault: [4,1,2,3,4,5], logL: -37.261600, Exp of LogL: 0.000000, Normalized LogL: -2.866277, Exp of Normalized LogL: 0.056910, Best Rate: 0.3
Fault: [2,1,2,3,4,5], logL: -37.261600, Exp of LogL: 0.000000, Normalized LogL: -2.866277, Exp of Normalized LogL: 0.056910, Best Rate: 0.3
Fault: [1,1,2,3,4,5], logL: -37.261600, Exp of LogL: 0.000000, Normalized LogL: -2.866277, Exp of Normalized LogL: 0.056910, Best Rate: 0.3

========= ADAPTIVE MC DEBUG =========
Total calls: 130
Avg tries: 1678.08
Confidence stops: 130
Max stops: 0
Max stop rate: 0.000
Real Fault Rank 1
===== SEED 94 | FR=0.3 | VR=100 =====
executing with fault mode: [5,1,2,3,4,5]

executing with fault mode: [5,1,2,3,4,5]

Fault scores (higher is better):
Fault: [5,1,2,3,4,5], logL: -9.956408, Exp of LogL: 0.000047, Normalized LogL: -0.585671, Exp of Normalized LogL: 0.556732, Best Rate: 0.3
Fault: [5,1,2,3,5,5], logL: -11.036222, Exp of LogL: 0.000016, Normalized LogL: -0.649190, Exp of Normalized LogL: 0.522469, Best Rate: 0.3
Fault: [5,1,2,3,3,5], logL: -11.036222, Exp of LogL: 0.000016, Normalized LogL: -0.649190, Exp of Normalized LogL: 0.522469, Best Rate: 0.3
Fault: [5,1,2,3,0,5], logL: -11.036222, Exp of LogL: 0.000016, Normalized LogL: -0.649190, Exp of Normalized LogL: 0.522469, Best Rate: 0.3
Fault: [5,1,2,3,1,5], logL: -11.036222, Exp of LogL: 0.000016, Normalized LogL: -0.649190, Exp of Normalized LogL: 0.522469, Best Rate: 0.3
Fault: [0,1,2,3,4,5], logL: -62.466977, Exp of LogL: 0.000000, Normalized LogL: -3.674528, Exp of Normalized LogL: 0.025361, Best Rate: 0.3
Fault: [3,1,2,3,4,5], logL: -62.741163, Exp of LogL: 0.000000, Normalized LogL: -3.690657, Exp of Normalized LogL: 0.024956, Best Rate: 0.3
Fault: [4,1,2,3,4,5], logL: -62.837813, Exp of LogL: 0.000000, Normalized LogL: -3.696342, Exp of Normalized LogL: 0.024814, Best Rate: 0.3
Fault: [2,1,2,3,4,5], logL: -62.837813, Exp of LogL: 0.000000, Normalized LogL: -3.696342, Exp of Normalized LogL: 0.024814, Best Rate: 0.3
Fault: [1,1,2,3,4,5], logL: -62.837813, Exp of LogL: 0.000000, Normalized LogL: -3.696342, Exp of Normalized LogL: 0.024814, Best Rate: 0.3

========= ADAPTIVE MC DEBUG =========
Total calls: 170
Avg tries: 1658.53
Confidence stops: 170
Max stops: 0
Max stop rate: 0.000
Real Fault Rank 1
================= 22/08/2026 09:48:03: SEED 94 END =================
================= 22/08/2026 09:48:03: SEED 95 (92/100), a*=2 fault=[0,1,0,3,4,5] START =================
===== SEED 95 | FR=0.3 | VR=20 =====
executing with fault mode: [0,1,0,3,4,5]

executing with fault mode: [0,1,0,3,4,5]

executing with fault mode: [0,1,0,3,4,5]

executing with fault mode: [0,1,0,3,4,5]

executing with fault mode: [0,1,0,3,4,5]

Fault scores (higher is better):
Fault: [0,1,0,3,1,5], logL: -12.780291, Exp of LogL: 0.000003, Normalized LogL: -2.130049, Exp of Normalized LogL: 0.118832, Best Rate: 0.3
Fault: [0,1,0,3,2,5], logL: -12.996222, Exp of LogL: 0.000002, Normalized LogL: -2.166037, Exp of Normalized LogL: 0.114631, Best Rate: 0.3
Fault: [0,1,0,3,0,5], logL: -13.155294, Exp of LogL: 0.000002, Normalized LogL: -2.192549, Exp of Normalized LogL: 0.111632, Best Rate: 0.3
Fault: [0,1,0,3,3,5], logL: -13.155294, Exp of LogL: 0.000002, Normalized LogL: -2.192549, Exp of Normalized LogL: 0.111632, Best Rate: 0.3
Fault: [0,1,0,3,4,5], logL: -13.483492, Exp of LogL: 0.000001, Normalized LogL: -2.247249, Exp of Normalized LogL: 0.105690, Best Rate: 0.3
Fault: [0,1,2,3,4,5], logL: -14.639817, Exp of LogL: 0.000000, Normalized LogL: -2.439969, Exp of Normalized LogL: 0.087164, Best Rate: 0.3
Fault: [0,1,5,3,4,5], logL: -14.885045, Exp of LogL: 0.000000, Normalized LogL: -2.480841, Exp of Normalized LogL: 0.083673, Best Rate: 0.3
Fault: [0,1,4,3,4,5], logL: -14.885045, Exp of LogL: 0.000000, Normalized LogL: -2.480841, Exp of Normalized LogL: 0.083673, Best Rate: 0.3
Fault: [0,1,3,3,4,5], logL: -15.358809, Exp of LogL: 0.000000, Normalized LogL: -2.559802, Exp of Normalized LogL: 0.077320, Best Rate: 0.3
Fault: [0,1,1,3,4,5], logL: -38.192754, Exp of LogL: 0.000000, Normalized LogL: -6.365459, Exp of Normalized LogL: 0.001720, Best Rate: 0.3

========= ADAPTIVE MC DEBUG =========
Total calls: 60
Avg tries: 1071.67
Confidence stops: 60
Max stops: 0
Max stop rate: 0.000
Real Fault Rank 5
===== SEED 95 | FR=0.3 | VR=40 =====
executing with fault mode: [0,1,0,3,4,5]

executing with fault mode: [0,1,0,3,4,5]

executing with fault mode: [0,1,0,3,4,5]

executing with fault mode: [0,1,0,3,4,5]

executing with fault mode: [0,1,0,3,4,5]

Fault scores (higher is better):
Fault: [0,1,0,3,1,5], logL: -15.573934, Exp of LogL: 0.000000, Normalized LogL: -1.297828, Exp of Normalized LogL: 0.273124, Best Rate: 0.3
Fault: [0,1,0,3,2,5], logL: -15.865219, Exp of LogL: 0.000000, Normalized LogL: -1.322102, Exp of Normalized LogL: 0.266574, Best Rate: 0.3
Fault: [0,1,0,3,0,5], logL: -16.031550, Exp of LogL: 0.000000, Normalized LogL: -1.335962, Exp of Normalized LogL: 0.262905, Best Rate: 0.3
Fault: [0,1,0,3,3,5], logL: -16.031550, Exp of LogL: 0.000000, Normalized LogL: -1.335962, Exp of Normalized LogL: 0.262905, Best Rate: 0.3
Fault: [0,1,0,3,4,5], logL: -16.359748, Exp of LogL: 0.000000, Normalized LogL: -1.363312, Exp of Normalized LogL: 0.255812, Best Rate: 0.3
Fault: [0,1,5,3,4,5], logL: -17.091321, Exp of LogL: 0.000000, Normalized LogL: -1.424277, Exp of Normalized LogL: 0.240682, Best Rate: 0.3
Fault: [0,1,4,3,4,5], logL: -17.091321, Exp of LogL: 0.000000, Normalized LogL: -1.424277, Exp of Normalized LogL: 0.240682, Best Rate: 0.3
Fault: [0,1,3,3,4,5], logL: -17.178587, Exp of LogL: 0.000000, Normalized LogL: -1.431549, Exp of Normalized LogL: 0.238939, Best Rate: 0.3
Fault: [0,1,2,3,4,5], logL: -17.361156, Exp of LogL: 0.000000, Normalized LogL: -1.446763, Exp of Normalized LogL: 0.235331, Best Rate: 0.3
Fault: [0,1,1,3,4,5], logL: -17.394069, Exp of LogL: 0.000000, Normalized LogL: -1.449506, Exp of Normalized LogL: 0.234686, Best Rate: 0.3

========= ADAPTIVE MC DEBUG =========
Total calls: 120
Avg tries: 1619.58
Confidence stops: 120
Max stops: 0
Max stop rate: 0.000
Real Fault Rank 5
===== SEED 95 | FR=0.3 | VR=60 =====
executing with fault mode: [0,1,0,3,4,5]

executing with fault mode: [0,1,0,3,4,5]

executing with fault mode: [0,1,0,3,4,5]

executing with fault mode: [0,1,0,3,4,5]

executing with fault mode: [0,1,0,3,4,5]

Fault scores (higher is better):
Fault: [0,1,1,3,4,5], logL: -19.553618, Exp of LogL: 0.000000, Normalized LogL: -1.086312, Exp of Normalized LogL: 0.337459, Best Rate: 0.3
Fault: [0,1,0,3,2,5], logL: -19.862177, Exp of LogL: 0.000000, Normalized LogL: -1.103454, Exp of Normalized LogL: 0.331723, Best Rate: 0.3
Fault: [0,1,0,3,4,5], logL: -20.371995, Exp of LogL: 0.000000, Normalized LogL: -1.131778, Exp of Normalized LogL: 0.322460, Best Rate: 0.3
Fault: [0,1,0,3,1,5], logL: -20.478835, Exp of LogL: 0.000000, Normalized LogL: -1.137713, Exp of Normalized LogL: 0.320551, Best Rate: 0.3
Fault: [0,1,5,3,4,5], logL: -20.579976, Exp of LogL: 0.000000, Normalized LogL: -1.143332, Exp of Normalized LogL: 0.318755, Best Rate: 0.3
Fault: [0,1,4,3,4,5], logL: -20.579976, Exp of LogL: 0.000000, Normalized LogL: -1.143332, Exp of Normalized LogL: 0.318755, Best Rate: 0.3
Fault: [0,1,0,3,0,5], logL: -20.718823, Exp of LogL: 0.000000, Normalized LogL: -1.151046, Exp of Normalized LogL: 0.316306, Best Rate: 0.3
Fault: [0,1,0,3,3,5], logL: -20.718823, Exp of LogL: 0.000000, Normalized LogL: -1.151046, Exp of Normalized LogL: 0.316306, Best Rate: 0.3
Fault: [0,1,2,3,4,5], logL: -20.754477, Exp of LogL: 0.000000, Normalized LogL: -1.153027, Exp of Normalized LogL: 0.315680, Best Rate: 0.3
Fault: [0,1,3,3,4,5], logL: -20.922801, Exp of LogL: 0.000000, Normalized LogL: -1.162378, Exp of Normalized LogL: 0.312742, Best Rate: 0.3

========= ADAPTIVE MC DEBUG =========
Total calls: 180
Avg tries: 1708.33
Confidence stops: 180
Max stops: 0
Max stop rate: 0.000
Real Fault Rank 3
===== SEED 95 | FR=0.3 | VR=80 =====
executing with fault mode: [0,1,0,3,4,5]

executing with fault mode: [0,1,0,3,4,5]

executing with fault mode: [0,1,0,3,4,5]

executing with fault mode: [0,1,0,3,4,5]

executing with fault mode: [0,1,0,3,4,5]

Fault scores (higher is better):
Fault: [0,1,1,3,4,5], logL: -22.049696, Exp of LogL: 0.000000, Normalized LogL: -0.918737, Exp of Normalized LogL: 0.399023, Best Rate: 0.3
Fault: [0,1,0,3,2,5], logL: -22.320050, Exp of LogL: 0.000000, Normalized LogL: -0.930002, Exp of Normalized LogL: 0.394553, Best Rate: 0.3
Fault: [0,1,0,3,4,5], logL: -22.826429, Exp of LogL: 0.000000, Normalized LogL: -0.951101, Exp of Normalized LogL: 0.386315, Best Rate: 0.3
Fault: [0,1,2,3,4,5], logL: -22.863216, Exp of LogL: 0.000000, Normalized LogL: -0.952634, Exp of Normalized LogL: 0.385724, Best Rate: 0.3
Fault: [0,1,0,3,1,5], logL: -22.936708, Exp of LogL: 0.000000, Normalized LogL: -0.955696, Exp of Normalized LogL: 0.384544, Best Rate: 0.3
Fault: [0,1,5,3,4,5], logL: -23.064946, Exp of LogL: 0.000000, Normalized LogL: -0.961039, Exp of Normalized LogL: 0.382495, Best Rate: 0.3
Fault: [0,1,4,3,4,5], logL: -23.064946, Exp of LogL: 0.000000, Normalized LogL: -0.961039, Exp of Normalized LogL: 0.382495, Best Rate: 0.3
Fault: [0,1,3,3,4,5], logL: -23.102087, Exp of LogL: 0.000000, Normalized LogL: -0.962587, Exp of Normalized LogL: 0.381904, Best Rate: 0.3
Fault: [0,1,0,3,0,5], logL: -23.176696, Exp of LogL: 0.000000, Normalized LogL: -0.965696, Exp of Normalized LogL: 0.380718, Best Rate: 0.3
Fault: [0,1,0,3,3,5], logL: -23.176696, Exp of LogL: 0.000000, Normalized LogL: -0.965696, Exp of Normalized LogL: 0.380718, Best Rate: 0.3

========= ADAPTIVE MC DEBUG =========
Total calls: 240
Avg tries: 1739.17
Confidence stops: 240
Max stops: 0
Max stop rate: 0.000
Real Fault Rank 3
===== SEED 95 | FR=0.3 | VR=100 =====
executing with fault mode: [0,1,0,3,4,5]

executing with fault mode: [0,1,0,3,4,5]

executing with fault mode: [0,1,0,3,4,5]

executing with fault mode: [0,1,0,3,4,5]

executing with fault mode: [0,1,0,3,4,5]

Fault scores (higher is better):
Fault: [0,1,1,3,4,5], logL: -25.577650, Exp of LogL: 0.000000, Normalized LogL: -0.852588, Exp of Normalized LogL: 0.426310, Best Rate: 0.3
Fault: [0,1,0,3,4,5], logL: -25.720780, Exp of LogL: 0.000000, Normalized LogL: -0.857359, Exp of Normalized LogL: 0.424281, Best Rate: 0.3
Fault: [0,1,0,3,0,5], logL: -26.071047, Exp of LogL: 0.000000, Normalized LogL: -0.869035, Exp of Normalized LogL: 0.419356, Best Rate: 0.3
Fault: [0,1,0,3,1,5], logL: -26.071047, Exp of LogL: 0.000000, Normalized LogL: -0.869035, Exp of Normalized LogL: 0.419356, Best Rate: 0.3
Fault: [0,1,0,3,2,5], logL: -26.071047, Exp of LogL: 0.000000, Normalized LogL: -0.869035, Exp of Normalized LogL: 0.419356, Best Rate: 0.3
Fault: [0,1,0,3,3,5], logL: -26.071047, Exp of LogL: 0.000000, Normalized LogL: -0.869035, Exp of Normalized LogL: 0.419356, Best Rate: 0.3
Fault: [0,1,2,3,4,5], logL: -26.086911, Exp of LogL: 0.000000, Normalized LogL: -0.869564, Exp of Normalized LogL: 0.419134, Best Rate: 0.3
Fault: [0,1,3,3,4,5], logL: -26.532185, Exp of LogL: 0.000000, Normalized LogL: -0.884406, Exp of Normalized LogL: 0.412959, Best Rate: 0.3
Fault: [0,1,5,3,4,5], logL: -28.015044, Exp of LogL: 0.000000, Normalized LogL: -0.933835, Exp of Normalized LogL: 0.393044, Best Rate: 0.3
Fault: [0,1,4,3,4,5], logL: -28.015044, Exp of LogL: 0.000000, Normalized LogL: -0.933835, Exp of Normalized LogL: 0.393044, Best Rate: 0.3

========= ADAPTIVE MC DEBUG =========
Total calls: 300
Avg tries: 1749.17
Confidence stops: 300
Max stops: 0
Max stop rate: 0.000
Real Fault Rank 2
================= 22/08/2026 09:52:16: SEED 95 END =================
================= 22/08/2026 09:52:16: SEED 96 (93/100), a*=1 fault=[0,5,2,3,4,5] START =================
===== SEED 96 | FR=0.3 | VR=20 =====
executing with fault mode: [0,5,2,3,4,5]

Fault scores (higher is better):
Fault: [0,4,2,3,4,5], logL: -5.903526, Exp of LogL: 0.002730, Normalized LogL: -1.475882, Exp of Normalized LogL: 0.228577, Best Rate: 0.3
Fault: [0,5,2,3,4,5], logL: -5.903526, Exp of LogL: 0.002730, Normalized LogL: -1.475882, Exp of Normalized LogL: 0.228577, Best Rate: 0.3
Fault: [0,5,2,3,3,5], logL: -6.015149, Exp of LogL: 0.002441, Normalized LogL: -1.503787, Exp of Normalized LogL: 0.222287, Best Rate: 0.3
Fault: [0,5,2,3,5,5], logL: -6.015149, Exp of LogL: 0.002441, Normalized LogL: -1.503787, Exp of Normalized LogL: 0.222287, Best Rate: 0.3
Fault: [0,1,2,3,4,5], logL: -6.078365, Exp of LogL: 0.002292, Normalized LogL: -1.519591, Exp of Normalized LogL: 0.218801, Best Rate: 0.3
Fault: [0,5,2,3,2,5], logL: -6.090818, Exp of LogL: 0.002264, Normalized LogL: -1.522705, Exp of Normalized LogL: 0.218121, Best Rate: 0.3
Fault: [0,5,2,3,0,5], logL: -6.112324, Exp of LogL: 0.002215, Normalized LogL: -1.528081, Exp of Normalized LogL: 0.216952, Best Rate: 0.3
Fault: [0,3,2,3,4,5], logL: -6.152020, Exp of LogL: 0.002129, Normalized LogL: -1.538005, Exp of Normalized LogL: 0.214809, Best Rate: 0.3
Fault: [0,2,2,3,4,5], logL: -6.422803, Exp of LogL: 0.001624, Normalized LogL: -1.605701, Exp of Normalized LogL: 0.200749, Best Rate: 0.3
Fault: [0,0,2,3,4,5], logL: -6.564015, Exp of LogL: 0.001410, Normalized LogL: -1.641004, Exp of Normalized LogL: 0.193785, Best Rate: 0.3

========= ADAPTIVE MC DEBUG =========
Total calls: 40
Avg tries: 1626.25
Confidence stops: 40
Max stops: 0
Max stop rate: 0.000
Real Fault Rank 2
===== SEED 96 | FR=0.3 | VR=40 =====
executing with fault mode: [0,5,2,3,4,5]

Fault scores (higher is better):
Fault: [0,4,2,3,4,5], logL: -8.299313, Exp of LogL: 0.000249, Normalized LogL: -1.185616, Exp of Normalized LogL: 0.305558, Best Rate: 0.3
Fault: [0,5,2,3,4,5], logL: -8.299313, Exp of LogL: 0.000249, Normalized LogL: -1.185616, Exp of Normalized LogL: 0.305558, Best Rate: 0.3
Fault: [0,5,2,3,2,5], logL: -8.692934, Exp of LogL: 0.000168, Normalized LogL: -1.241848, Exp of Normalized LogL: 0.288850, Best Rate: 0.3
Fault: [0,5,2,3,3,5], logL: -8.692934, Exp of LogL: 0.000168, Normalized LogL: -1.241848, Exp of Normalized LogL: 0.288850, Best Rate: 0.3
Fault: [0,5,2,3,5,5], logL: -8.692934, Exp of LogL: 0.000168, Normalized LogL: -1.241848, Exp of Normalized LogL: 0.288850, Best Rate: 0.3
Fault: [0,5,2,3,0,5], logL: -8.692934, Exp of LogL: 0.000168, Normalized LogL: -1.241848, Exp of Normalized LogL: 0.288850, Best Rate: 0.3
Fault: [0,1,2,3,4,5], logL: -33.950169, Exp of LogL: 0.000000, Normalized LogL: -4.850024, Exp of Normalized LogL: 0.007828, Best Rate: 0.3
Fault: [0,3,2,3,4,5], logL: -34.362117, Exp of LogL: 0.000000, Normalized LogL: -4.908874, Exp of Normalized LogL: 0.007381, Best Rate: 0.3
Fault: [0,2,2,3,4,5], logL: -34.651330, Exp of LogL: 0.000000, Normalized LogL: -4.950190, Exp of Normalized LogL: 0.007082, Best Rate: 0.3
Fault: [0,0,2,3,4,5], logL: -34.692850, Exp of LogL: 0.000000, Normalized LogL: -4.956121, Exp of Normalized LogL: 0.007040, Best Rate: 0.3

========= ADAPTIVE MC DEBUG =========
Total calls: 70
Avg tries: 1867.14
Confidence stops: 70
Max stops: 0
Max stop rate: 0.000
Real Fault Rank 2
===== SEED 96 | FR=0.3 | VR=60 =====
executing with fault mode: [0,5,2,3,4,5]

Fault scores (higher is better):
Fault: [0,4,2,3,4,5], logL: -9.132891, Exp of LogL: 0.000108, Normalized LogL: -0.913289, Exp of Normalized LogL: 0.401202, Best Rate: 0.3
Fault: [0,5,2,3,4,5], logL: -9.132891, Exp of LogL: 0.000108, Normalized LogL: -0.913289, Exp of Normalized LogL: 0.401202, Best Rate: 0.3
Fault: [0,5,2,3,2,5], logL: -9.526513, Exp of LogL: 0.000073, Normalized LogL: -0.952651, Exp of Normalized LogL: 0.385717, Best Rate: 0.3
Fault: [0,5,2,3,3,5], logL: -9.526513, Exp of LogL: 0.000073, Normalized LogL: -0.952651, Exp of Normalized LogL: 0.385717, Best Rate: 0.3
Fault: [0,5,2,3,5,5], logL: -9.526513, Exp of LogL: 0.000073, Normalized LogL: -0.952651, Exp of Normalized LogL: 0.385717, Best Rate: 0.3
Fault: [0,5,2,3,0,5], logL: -9.526513, Exp of LogL: 0.000073, Normalized LogL: -0.952651, Exp of Normalized LogL: 0.385717, Best Rate: 0.3
Fault: [0,1,2,3,4,5], logL: -34.783748, Exp of LogL: 0.000000, Normalized LogL: -3.478375, Exp of Normalized LogL: 0.030858, Best Rate: 0.3
Fault: [0,3,2,3,4,5], logL: -35.195696, Exp of LogL: 0.000000, Normalized LogL: -3.519570, Exp of Normalized LogL: 0.029612, Best Rate: 0.3
Fault: [0,2,2,3,4,5], logL: -35.484909, Exp of LogL: 0.000000, Normalized LogL: -3.548491, Exp of Normalized LogL: 0.028768, Best Rate: 0.3
Fault: [0,0,2,3,4,5], logL: -35.526429, Exp of LogL: 0.000000, Normalized LogL: -3.552643, Exp of Normalized LogL: 0.028649, Best Rate: 0.3

========= ADAPTIVE MC DEBUG =========
Total calls: 100
Avg tries: 1982.00
Confidence stops: 100
Max stops: 0
Max stop rate: 0.000
Real Fault Rank 2
===== SEED 96 | FR=0.3 | VR=80 =====
executing with fault mode: [0,5,2,3,4,5]

Fault scores (higher is better):
Fault: [0,4,2,3,4,5], logL: -9.203016, Exp of LogL: 0.000101, Normalized LogL: -0.707924, Exp of Normalized LogL: 0.492666, Best Rate: 0.3
Fault: [0,5,2,3,4,5], logL: -9.203016, Exp of LogL: 0.000101, Normalized LogL: -0.707924, Exp of Normalized LogL: 0.492666, Best Rate: 0.3
Fault: [0,5,2,3,2,5], logL: -9.562401, Exp of LogL: 0.000070, Normalized LogL: -0.735569, Exp of Normalized LogL: 0.479233, Best Rate: 0.3
Fault: [0,5,2,3,3,5], logL: -9.562401, Exp of LogL: 0.000070, Normalized LogL: -0.735569, Exp of Normalized LogL: 0.479233, Best Rate: 0.3
Fault: [0,5,2,3,5,5], logL: -9.562401, Exp of LogL: 0.000070, Normalized LogL: -0.735569, Exp of Normalized LogL: 0.479233, Best Rate: 0.3
Fault: [0,5,2,3,0,5], logL: -9.562401, Exp of LogL: 0.000070, Normalized LogL: -0.735569, Exp of Normalized LogL: 0.479233, Best Rate: 0.3
Fault: [0,1,2,3,4,5], logL: -34.928391, Exp of LogL: 0.000000, Normalized LogL: -2.686799, Exp of Normalized LogL: 0.068099, Best Rate: 0.3
Fault: [0,3,2,3,4,5], logL: -35.496129, Exp of LogL: 0.000000, Normalized LogL: -2.730471, Exp of Normalized LogL: 0.065189, Best Rate: 0.3
Fault: [0,2,2,3,4,5], logL: -35.564995, Exp of LogL: 0.000000, Normalized LogL: -2.735769, Exp of Normalized LogL: 0.064844, Best Rate: 0.3
Fault: [0,0,2,3,4,5], logL: -35.661317, Exp of LogL: 0.000000, Normalized LogL: -2.743178, Exp of Normalized LogL: 0.064365, Best Rate: 0.3

========= ADAPTIVE MC DEBUG =========
Total calls: 130
Avg tries: 1982.31
Confidence stops: 130
Max stops: 0
Max stop rate: 0.000
Real Fault Rank 2
===== SEED 96 | FR=0.3 | VR=100 =====
executing with fault mode: [0,5,2,3,4,5]

Fault scores (higher is better):
Fault: [0,4,2,3,4,5], logL: -10.294619, Exp of LogL: 0.000034, Normalized LogL: -0.605566, Exp of Normalized LogL: 0.545766, Best Rate: 0.3
Fault: [0,5,2,3,4,5], logL: -10.294619, Exp of LogL: 0.000034, Normalized LogL: -0.605566, Exp of Normalized LogL: 0.545766, Best Rate: 0.3
Fault: [0,5,2,3,2,5], logL: -10.683087, Exp of LogL: 0.000023, Normalized LogL: -0.628417, Exp of Normalized LogL: 0.533436, Best Rate: 0.3
Fault: [0,5,2,3,3,5], logL: -10.683087, Exp of LogL: 0.000023, Normalized LogL: -0.628417, Exp of Normalized LogL: 0.533436, Best Rate: 0.3
Fault: [0,5,2,3,5,5], logL: -10.683087, Exp of LogL: 0.000023, Normalized LogL: -0.628417, Exp of Normalized LogL: 0.533436, Best Rate: 0.3
Fault: [0,5,2,3,0,5], logL: -10.683087, Exp of LogL: 0.000023, Normalized LogL: -0.628417, Exp of Normalized LogL: 0.533436, Best Rate: 0.3
Fault: [0,1,2,3,4,5], logL: -36.019994, Exp of LogL: 0.000000, Normalized LogL: -2.118823, Exp of Normalized LogL: 0.120173, Best Rate: 0.3
Fault: [0,3,2,3,4,5], logL: -36.587732, Exp of LogL: 0.000000, Normalized LogL: -2.152220, Exp of Normalized LogL: 0.116226, Best Rate: 0.3
Fault: [0,2,2,3,4,5], logL: -36.656598, Exp of LogL: 0.000000, Normalized LogL: -2.156270, Exp of Normalized LogL: 0.115756, Best Rate: 0.3
Fault: [0,0,2,3,4,5], logL: -36.752920, Exp of LogL: 0.000000, Normalized LogL: -2.161936, Exp of Normalized LogL: 0.115102, Best Rate: 0.3

========= ADAPTIVE MC DEBUG =========
Total calls: 170
Avg tries: 1862.35
Confidence stops: 170
Max stops: 0
Max stop rate: 0.000
Real Fault Rank 2
================= 22/08/2026 09:55:05: SEED 96 END =================
================= 22/08/2026 09:55:05: SEED 97 (94/100), a*=0 fault=[3,1,2,3,4,5] START =================
===== SEED 97 | FR=0.3 | VR=20 =====
executing with fault mode: [3,1,2,3,4,5]

Fault scores (higher is better):
Fault: [2,1,2,3,4,5], logL: -8.058535, Exp of LogL: 0.000316, Normalized LogL: -1.611707, Exp of Normalized LogL: 0.199547, Best Rate: 0.3
Fault: [3,1,2,3,4,5], logL: -8.139508, Exp of LogL: 0.000292, Normalized LogL: -1.627902, Exp of Normalized LogL: 0.196341, Best Rate: 0.3
Fault: [4,1,2,3,4,5], logL: -8.195231, Exp of LogL: 0.000276, Normalized LogL: -1.639046, Exp of Normalized LogL: 0.194165, Best Rate: 0.3
Fault: [5,1,2,3,4,5], logL: -8.195231, Exp of LogL: 0.000276, Normalized LogL: -1.639046, Exp of Normalized LogL: 0.194165, Best Rate: 0.3
Fault: [3,1,5,3,4,5], logL: -8.260661, Exp of LogL: 0.000258, Normalized LogL: -1.652132, Exp of Normalized LogL: 0.191641, Best Rate: 0.3
Fault: [3,1,4,3,4,5], logL: -8.260661, Exp of LogL: 0.000258, Normalized LogL: -1.652132, Exp of Normalized LogL: 0.191641, Best Rate: 0.3
Fault: [3,1,0,3,4,5], logL: -8.265435, Exp of LogL: 0.000257, Normalized LogL: -1.653087, Exp of Normalized LogL: 0.191458, Best Rate: 0.3
Fault: [3,1,3,3,4,5], logL: -8.384556, Exp of LogL: 0.000228, Normalized LogL: -1.676911, Exp of Normalized LogL: 0.186951, Best Rate: 0.3
Fault: [0,1,2,3,4,5], logL: -8.704941, Exp of LogL: 0.000166, Normalized LogL: -1.740988, Exp of Normalized LogL: 0.175347, Best Rate: 0.3
Fault: [1,1,2,3,4,5], logL: -8.818708, Exp of LogL: 0.000148, Normalized LogL: -1.763742, Exp of Normalized LogL: 0.171402, Best Rate: 0.3

========= ADAPTIVE MC DEBUG =========
Total calls: 50
Avg tries: 1390.00
Confidence stops: 50
Max stops: 0
Max stop rate: 0.000
Real Fault Rank 2
===== SEED 97 | FR=0.3 | VR=40 =====
executing with fault mode: [3,1,2,3,4,5]

Fault scores (higher is better):
Fault: [2,1,2,3,4,5], logL: -10.116021, Exp of LogL: 0.000040, Normalized LogL: -1.124002, Exp of Normalized LogL: 0.324977, Best Rate: 0.3
Fault: [4,1,2,3,4,5], logL: -10.922111, Exp of LogL: 0.000018, Normalized LogL: -1.213568, Exp of Normalized LogL: 0.297135, Best Rate: 0.3
Fault: [5,1,2,3,4,5], logL: -10.922111, Exp of LogL: 0.000018, Normalized LogL: -1.213568, Exp of Normalized LogL: 0.297135, Best Rate: 0.3
Fault: [0,1,2,3,4,5], logL: -11.408792, Exp of LogL: 0.000011, Normalized LogL: -1.267644, Exp of Normalized LogL: 0.281494, Best Rate: 0.3
Fault: [3,1,2,3,4,5], logL: -11.566157, Exp of LogL: 0.000009, Normalized LogL: -1.285129, Exp of Normalized LogL: 0.276615, Best Rate: 0.3
Fault: [3,1,5,3,4,5], logL: -11.835821, Exp of LogL: 0.000007, Normalized LogL: -1.315091, Exp of Normalized LogL: 0.268450, Best Rate: 0.3
Fault: [3,1,4,3,4,5], logL: -11.835821, Exp of LogL: 0.000007, Normalized LogL: -1.315091, Exp of Normalized LogL: 0.268450, Best Rate: 0.3
Fault: [3,1,3,3,4,5], logL: -12.018142, Exp of LogL: 0.000006, Normalized LogL: -1.335349, Exp of Normalized LogL: 0.263066, Best Rate: 0.3
Fault: [3,1,0,3,4,5], logL: -12.018142, Exp of LogL: 0.000006, Normalized LogL: -1.335349, Exp of Normalized LogL: 0.263066, Best Rate: 0.3
Fault: [1,1,2,3,4,5], logL: -12.372923, Exp of LogL: 0.000004, Normalized LogL: -1.374769, Exp of Normalized LogL: 0.252898, Best Rate: 0.3

========= ADAPTIVE MC DEBUG =========
Total calls: 90
Avg tries: 1857.22
Confidence stops: 90
Max stops: 0
Max stop rate: 0.000
Real Fault Rank 5
===== SEED 97 | FR=0.3 | VR=60 =====
executing with fault mode: [3,1,2,3,4,5]

Fault scores (higher is better):
Fault: [2,1,2,3,4,5], logL: -11.641287, Exp of LogL: 0.000009, Normalized LogL: -0.895484, Exp of Normalized LogL: 0.408410, Best Rate: 0.3
Fault: [4,1,2,3,4,5], logL: -12.443466, Exp of LogL: 0.000004, Normalized LogL: -0.957190, Exp of Normalized LogL: 0.383970, Best Rate: 0.3
Fault: [5,1,2,3,4,5], logL: -12.443466, Exp of LogL: 0.000004, Normalized LogL: -0.957190, Exp of Normalized LogL: 0.383970, Best Rate: 0.3
Fault: [0,1,2,3,4,5], logL: -13.651234, Exp of LogL: 0.000001, Normalized LogL: -1.050095, Exp of Normalized LogL: 0.349905, Best Rate: 0.3
Fault: [3,1,2,3,4,5], logL: -14.093017, Exp of LogL: 0.000001, Normalized LogL: -1.084078, Exp of Normalized LogL: 0.338213, Best Rate: 0.3
Fault: [3,1,0,3,4,5], logL: -14.147084, Exp of LogL: 0.000001, Normalized LogL: -1.088237, Exp of Normalized LogL: 0.336810, Best Rate: 0.3
Fault: [3,1,5,3,4,5], logL: -14.242394, Exp of LogL: 0.000001, Normalized LogL: -1.095569, Exp of Normalized LogL: 0.334349, Best Rate: 0.3
Fault: [3,1,4,3,4,5], logL: -14.242394, Exp of LogL: 0.000001, Normalized LogL: -1.095569, Exp of Normalized LogL: 0.334349, Best Rate: 0.3
Fault: [3,1,3,3,4,5], logL: -14.252445, Exp of LogL: 0.000001, Normalized LogL: -1.096342, Exp of Normalized LogL: 0.334091, Best Rate: 0.3
Fault: [1,1,2,3,4,5], logL: -14.344388, Exp of LogL: 0.000001, Normalized LogL: -1.103414, Exp of Normalized LogL: 0.331736, Best Rate: 0.3

========= ADAPTIVE MC DEBUG =========
Total calls: 130
Avg tries: 1772.31
Confidence stops: 130
Max stops: 0
Max stop rate: 0.000
Real Fault Rank 5
===== SEED 97 | FR=0.3 | VR=80 =====
executing with fault mode: [3,1,2,3,4,5]

Fault scores (higher is better):
Fault: [2,1,2,3,4,5], logL: -14.343743, Exp of LogL: 0.000001, Normalized LogL: -0.843750, Exp of Normalized LogL: 0.430095, Best Rate: 0.3
Fault: [4,1,2,3,4,5], logL: -15.081571, Exp of LogL: 0.000000, Normalized LogL: -0.887151, Exp of Normalized LogL: 0.411827, Best Rate: 0.3
Fault: [5,1,2,3,4,5], logL: -15.081571, Exp of LogL: 0.000000, Normalized LogL: -0.887151, Exp of Normalized LogL: 0.411827, Best Rate: 0.3
Fault: [0,1,2,3,4,5], logL: -16.145334, Exp of LogL: 0.000000, Normalized LogL: -0.949726, Exp of Normalized LogL: 0.386847, Best Rate: 0.3
Fault: [3,1,2,3,4,5], logL: -16.218657, Exp of LogL: 0.000000, Normalized LogL: -0.954039, Exp of Normalized LogL: 0.385182, Best Rate: 0.3
Fault: [3,1,0,3,4,5], logL: -16.617866, Exp of LogL: 0.000000, Normalized LogL: -0.977522, Exp of Normalized LogL: 0.376242, Best Rate: 0.3
Fault: [1,1,2,3,4,5], logL: -16.718006, Exp of LogL: 0.000000, Normalized LogL: -0.983412, Exp of Normalized LogL: 0.374033, Best Rate: 0.3
Fault: [3,1,3,3,4,5], logL: -16.745394, Exp of LogL: 0.000000, Normalized LogL: -0.985023, Exp of Normalized LogL: 0.373431, Best Rate: 0.3
Fault: [3,1,5,3,4,5], logL: -16.745394, Exp of LogL: 0.000000, Normalized LogL: -0.985023, Exp of Normalized LogL: 0.373431, Best Rate: 0.3
Fault: [3,1,4,3,4,5], logL: -16.745394, Exp of LogL: 0.000000, Normalized LogL: -0.985023, Exp of Normalized LogL: 0.373431, Best Rate: 0.3

========= ADAPTIVE MC DEBUG =========
Total calls: 170
Avg tries: 1828.53
Confidence stops: 170
Max stops: 0
Max stop rate: 0.000
Real Fault Rank 5
===== SEED 97 | FR=0.3 | VR=100 =====
executing with fault mode: [3,1,2,3,4,5]

Fault scores (higher is better):
Fault: [2,1,2,3,4,5], logL: -15.420184, Exp of LogL: 0.000000, Normalized LogL: -0.734294, Exp of Normalized LogL: 0.479844, Best Rate: 0.3
Fault: [0,1,2,3,4,5], logL: -16.752391, Exp of LogL: 0.000000, Normalized LogL: -0.797733, Exp of Normalized LogL: 0.450349, Best Rate: 0.3
Fault: [4,1,2,3,4,5], logL: -16.875719, Exp of LogL: 0.000000, Normalized LogL: -0.803606, Exp of Normalized LogL: 0.447712, Best Rate: 0.3
Fault: [5,1,2,3,4,5], logL: -16.875719, Exp of LogL: 0.000000, Normalized LogL: -0.803606, Exp of Normalized LogL: 0.447712, Best Rate: 0.3
Fault: [3,1,2,3,4,5], logL: -16.980531, Exp of LogL: 0.000000, Normalized LogL: -0.808597, Exp of Normalized LogL: 0.445483, Best Rate: 0.3
Fault: [3,1,0,3,4,5], logL: -17.557314, Exp of LogL: 0.000000, Normalized LogL: -0.836063, Exp of Normalized LogL: 0.433414, Best Rate: 0.3
Fault: [3,1,3,3,4,5], logL: -17.716400, Exp of LogL: 0.000000, Normalized LogL: -0.843638, Exp of Normalized LogL: 0.430143, Best Rate: 0.3
Fault: [3,1,5,3,4,5], logL: -17.716400, Exp of LogL: 0.000000, Normalized LogL: -0.843638, Exp of Normalized LogL: 0.430143, Best Rate: 0.3
Fault: [3,1,4,3,4,5], logL: -17.716400, Exp of LogL: 0.000000, Normalized LogL: -0.843638, Exp of Normalized LogL: 0.430143, Best Rate: 0.3
Fault: [1,1,2,3,4,5], logL: -18.186970, Exp of LogL: 0.000000, Normalized LogL: -0.866046, Exp of Normalized LogL: 0.420611, Best Rate: 0.3

========= ADAPTIVE MC DEBUG =========
Total calls: 210
Avg tries: 1888.57
Confidence stops: 210
Max stops: 0
Max stop rate: 0.000
Real Fault Rank 5
================= 22/08/2026 09:58:18: SEED 97 END =================
================= 22/08/2026 09:58:18: SEED 98 (95/100), a*=2 fault=[0,1,0,3,4,5] START =================
===== SEED 98 | FR=0.3 | VR=20 =====
executing with fault mode: [0,1,0,3,4,5]

Fault scores (higher is better):
Fault: [0,1,2,3,4,5], logL: -7.302909, Exp of LogL: 0.000674, Normalized LogL: -1.825727, Exp of Normalized LogL: 0.161100, Best Rate: 0.3
Fault: [0,1,1,3,4,5], logL: -7.669883, Exp of LogL: 0.000467, Normalized LogL: -1.917471, Exp of Normalized LogL: 0.146978, Best Rate: 0.3
Fault: [0,1,0,3,0,5], logL: -7.704552, Exp of LogL: 0.000451, Normalized LogL: -1.926138, Exp of Normalized LogL: 0.145710, Best Rate: 0.3
Fault: [0,1,0,3,3,5], logL: -7.704552, Exp of LogL: 0.000451, Normalized LogL: -1.926138, Exp of Normalized LogL: 0.145710, Best Rate: 0.3
Fault: [0,1,0,3,5,5], logL: -7.704552, Exp of LogL: 0.000451, Normalized LogL: -1.926138, Exp of Normalized LogL: 0.145710, Best Rate: 0.3
Fault: [0,1,0,3,4,5], logL: -7.791564, Exp of LogL: 0.000413, Normalized LogL: -1.947891, Exp of Normalized LogL: 0.142574, Best Rate: 0.3
Fault: [0,1,3,3,4,5], logL: -7.948301, Exp of LogL: 0.000353, Normalized LogL: -1.987075, Exp of Normalized LogL: 0.137096, Best Rate: 0.3
Fault: [0,1,5,3,4,5], logL: -7.957351, Exp of LogL: 0.000350, Normalized LogL: -1.989338, Exp of Normalized LogL: 0.136786, Best Rate: 0.3
Fault: [0,1,4,3,4,5], logL: -7.957351, Exp of LogL: 0.000350, Normalized LogL: -1.989338, Exp of Normalized LogL: 0.136786, Best Rate: 0.3
Fault: [0,1,0,3,1,5], logL: -8.165523, Exp of LogL: 0.000284, Normalized LogL: -2.041381, Exp of Normalized LogL: 0.129849, Best Rate: 0.3

========= ADAPTIVE MC DEBUG =========
Total calls: 40
Avg tries: 1288.75
Confidence stops: 40
Max stops: 0
Max stop rate: 0.000
Real Fault Rank 6
===== SEED 98 | FR=0.3 | VR=40 =====
executing with fault mode: [0,1,0,3,4,5]

Fault scores (higher is better):
Fault: [0,1,2,3,4,5], logL: -9.678010, Exp of LogL: 0.000063, Normalized LogL: -1.382573, Exp of Normalized LogL: 0.250932, Best Rate: 0.3
Fault: [0,1,0,3,0,5], logL: -9.832413, Exp of LogL: 0.000054, Normalized LogL: -1.404630, Exp of Normalized LogL: 0.245458, Best Rate: 0.3
Fault: [0,1,0,3,3,5], logL: -9.832413, Exp of LogL: 0.000054, Normalized LogL: -1.404630, Exp of Normalized LogL: 0.245458, Best Rate: 0.3
Fault: [0,1,0,3,5,5], logL: -9.832413, Exp of LogL: 0.000054, Normalized LogL: -1.404630, Exp of Normalized LogL: 0.245458, Best Rate: 0.3
Fault: [0,1,0,3,4,5], logL: -9.919424, Exp of LogL: 0.000049, Normalized LogL: -1.417061, Exp of Normalized LogL: 0.242426, Best Rate: 0.3
Fault: [0,1,0,3,1,5], logL: -10.479040, Exp of LogL: 0.000028, Normalized LogL: -1.497006, Exp of Normalized LogL: 0.223799, Best Rate: 0.3
Fault: [0,1,1,3,4,5], logL: -10.577116, Exp of LogL: 0.000025, Normalized LogL: -1.511017, Exp of Normalized LogL: 0.220686, Best Rate: 0.3
Fault: [0,1,3,3,4,5], logL: -10.585808, Exp of LogL: 0.000025, Normalized LogL: -1.512258, Exp of Normalized LogL: 0.220412, Best Rate: 0.3
Fault: [0,1,5,3,4,5], logL: -10.807138, Exp of LogL: 0.000020, Normalized LogL: -1.543877, Exp of Normalized LogL: 0.213552, Best Rate: 0.3
Fault: [0,1,4,3,4,5], logL: -10.807138, Exp of LogL: 0.000020, Normalized LogL: -1.543877, Exp of Normalized LogL: 0.213552, Best Rate: 0.3

========= ADAPTIVE MC DEBUG =========
Total calls: 70
Avg tries: 1751.43
Confidence stops: 70
Max stops: 0
Max stop rate: 0.000
Real Fault Rank 5
===== SEED 98 | FR=0.3 | VR=60 =====
executing with fault mode: [0,1,0,3,4,5]

Fault scores (higher is better):
Fault: [0,1,0,3,0,5], logL: -10.157140, Exp of LogL: 0.000039, Normalized LogL: -0.923376, Exp of Normalized LogL: 0.397176, Best Rate: 0.3
Fault: [0,1,0,3,3,5], logL: -10.157140, Exp of LogL: 0.000039, Normalized LogL: -0.923376, Exp of Normalized LogL: 0.397176, Best Rate: 0.3
Fault: [0,1,0,3,5,5], logL: -10.157140, Exp of LogL: 0.000039, Normalized LogL: -0.923376, Exp of Normalized LogL: 0.397176, Best Rate: 0.3
Fault: [0,1,2,3,4,5], logL: -10.343942, Exp of LogL: 0.000032, Normalized LogL: -0.940358, Exp of Normalized LogL: 0.390488, Best Rate: 0.3
Fault: [0,1,0,3,4,5], logL: -10.489693, Exp of LogL: 0.000028, Normalized LogL: -0.953608, Exp of Normalized LogL: 0.385348, Best Rate: 0.3
Fault: [0,1,0,3,1,5], logL: -10.707454, Exp of LogL: 0.000022, Normalized LogL: -0.973405, Exp of Normalized LogL: 0.377794, Best Rate: 0.3
Fault: [0,1,3,3,4,5], logL: -11.133081, Exp of LogL: 0.000015, Normalized LogL: -1.012098, Exp of Normalized LogL: 0.363456, Best Rate: 0.3
Fault: [0,1,1,3,4,5], logL: -11.133799, Exp of LogL: 0.000015, Normalized LogL: -1.012164, Exp of Normalized LogL: 0.363432, Best Rate: 0.3
Fault: [0,1,5,3,4,5], logL: -11.354411, Exp of LogL: 0.000012, Normalized LogL: -1.032219, Exp of Normalized LogL: 0.356216, Best Rate: 0.3
Fault: [0,1,4,3,4,5], logL: -11.354411, Exp of LogL: 0.000012, Normalized LogL: -1.032219, Exp of Normalized LogL: 0.356216, Best Rate: 0.3

========= ADAPTIVE MC DEBUG =========
Total calls: 110
Avg tries: 1981.36
Confidence stops: 110
Max stops: 0
Max stop rate: 0.000
Real Fault Rank 5
===== SEED 98 | FR=0.3 | VR=80 =====
executing with fault mode: [0,1,0,3,4,5]

Fault scores (higher is better):
Fault: [0,1,2,3,4,5], logL: -12.909116, Exp of LogL: 0.000002, Normalized LogL: -0.922080, Exp of Normalized LogL: 0.397691, Best Rate: 0.3
Fault: [0,1,0,3,4,5], logL: -13.054867, Exp of LogL: 0.000002, Normalized LogL: -0.932491, Exp of Normalized LogL: 0.393572, Best Rate: 0.3
Fault: [0,1,0,3,1,5], logL: -13.412644, Exp of LogL: 0.000001, Normalized LogL: -0.958046, Exp of Normalized LogL: 0.383642, Best Rate: 0.3
Fault: [0,1,0,3,0,5], logL: -13.412644, Exp of LogL: 0.000001, Normalized LogL: -0.958046, Exp of Normalized LogL: 0.383642, Best Rate: 0.3
Fault: [0,1,0,3,3,5], logL: -13.412644, Exp of LogL: 0.000001, Normalized LogL: -0.958046, Exp of Normalized LogL: 0.383642, Best Rate: 0.3
Fault: [0,1,0,3,5,5], logL: -13.412644, Exp of LogL: 0.000001, Normalized LogL: -0.958046, Exp of Normalized LogL: 0.383642, Best Rate: 0.3
Fault: [0,1,3,3,4,5], logL: -13.698255, Exp of LogL: 0.000001, Normalized LogL: -0.978447, Exp of Normalized LogL: 0.375894, Best Rate: 0.3
Fault: [0,1,1,3,4,5], logL: -13.698973, Exp of LogL: 0.000001, Normalized LogL: -0.978498, Exp of Normalized LogL: 0.375875, Best Rate: 0.3
Fault: [0,1,5,3,4,5], logL: -13.919585, Exp of LogL: 0.000001, Normalized LogL: -0.994256, Exp of Normalized LogL: 0.369999, Best Rate: 0.3
Fault: [0,1,4,3,4,5], logL: -13.919585, Exp of LogL: 0.000001, Normalized LogL: -0.994256, Exp of Normalized LogL: 0.369999, Best Rate: 0.3

========= ADAPTIVE MC DEBUG =========
Total calls: 140
Avg tries: 1882.86
Confidence stops: 140
Max stops: 0
Max stop rate: 0.000
Real Fault Rank 2
===== SEED 98 | FR=0.3 | VR=100 =====
executing with fault mode: [0,1,0,3,4,5]

Fault scores (higher is better):
Fault: [0,1,0,3,4,5], logL: -13.418372, Exp of LogL: 0.000001, Normalized LogL: -0.745465, Exp of Normalized LogL: 0.474514, Best Rate: 0.3
Fault: [0,1,2,3,4,5], logL: -13.631781, Exp of LogL: 0.000001, Normalized LogL: -0.757321, Exp of Normalized LogL: 0.468921, Best Rate: 0.3
Fault: [0,1,0,3,1,5], logL: -13.787670, Exp of LogL: 0.000001, Normalized LogL: -0.765982, Exp of Normalized LogL: 0.464877, Best Rate: 0.3
Fault: [0,1,0,3,0,5], logL: -13.787670, Exp of LogL: 0.000001, Normalized LogL: -0.765982, Exp of Normalized LogL: 0.464877, Best Rate: 0.3
Fault: [0,1,0,3,3,5], logL: -13.787670, Exp of LogL: 0.000001, Normalized LogL: -0.765982, Exp of Normalized LogL: 0.464877, Best Rate: 0.3
Fault: [0,1,0,3,5,5], logL: -13.787670, Exp of LogL: 0.000001, Normalized LogL: -0.765982, Exp of Normalized LogL: 0.464877, Best Rate: 0.3
Fault: [0,1,3,3,4,5], logL: -14.313024, Exp of LogL: 0.000001, Normalized LogL: -0.795168, Exp of Normalized LogL: 0.451505, Best Rate: 0.3
Fault: [0,1,1,3,4,5], logL: -14.599221, Exp of LogL: 0.000000, Normalized LogL: -0.811068, Exp of Normalized LogL: 0.444383, Best Rate: 0.3
Fault: [0,1,5,3,4,5], logL: -14.777568, Exp of LogL: 0.000000, Normalized LogL: -0.820976, Exp of Normalized LogL: 0.440002, Best Rate: 0.3
Fault: [0,1,4,3,4,5], logL: -14.777568, Exp of LogL: 0.000000, Normalized LogL: -0.820976, Exp of Normalized LogL: 0.440002, Best Rate: 0.3

========= ADAPTIVE MC DEBUG =========
Total calls: 180
Avg tries: 1818.33
Confidence stops: 180
Max stops: 0
Max stop rate: 0.000
Real Fault Rank 1
================= 22/08/2026 10:01:06: SEED 98 END =================
================= 22/08/2026 10:01:06: SEED 99 (96/100), a*=1 fault=[0,0,2,3,4,5] START =================
===== SEED 99 | FR=0.3 | VR=20 =====
executing with fault mode: [0,0,2,3,4,5]

Fault scores (higher is better):
Fault: [0,2,2,3,4,5], logL: -17.668227, Exp of LogL: 0.000000, Normalized LogL: -1.963136, Exp of Normalized LogL: 0.140417, Best Rate: 0.3
Fault: [0,0,2,1,4,5], logL: -18.589777, Exp of LogL: 0.000000, Normalized LogL: -2.065531, Exp of Normalized LogL: 0.126751, Best Rate: 0.3
Fault: [0,0,2,3,4,5], logL: -19.363851, Exp of LogL: 0.000000, Normalized LogL: -2.151539, Exp of Normalized LogL: 0.116305, Best Rate: 0.3
Fault: [0,0,2,0,4,5], logL: -20.789782, Exp of LogL: 0.000000, Normalized LogL: -2.309976, Exp of Normalized LogL: 0.099264, Best Rate: 0.3
Fault: [0,0,2,4,4,5], logL: -21.207868, Exp of LogL: 0.000000, Normalized LogL: -2.356430, Exp of Normalized LogL: 0.094758, Best Rate: 0.3
Fault: [0,0,2,2,4,5], logL: -21.232119, Exp of LogL: 0.000000, Normalized LogL: -2.359124, Exp of Normalized LogL: 0.094503, Best Rate: 0.3
Fault: [0,3,2,3,4,5], logL: -24.026002, Exp of LogL: 0.000000, Normalized LogL: -2.669556, Exp of Normalized LogL: 0.069283, Best Rate: 0.3
Fault: [0,4,2,3,4,5], logL: -24.954988, Exp of LogL: 0.000000, Normalized LogL: -2.772776, Exp of Normalized LogL: 0.062488, Best Rate: 0.3
Fault: [0,5,2,3,4,5], logL: -24.954988, Exp of LogL: 0.000000, Normalized LogL: -2.772776, Exp of Normalized LogL: 0.062488, Best Rate: 0.3
Fault: [0,1,2,3,4,5], logL: -46.788916, Exp of LogL: 0.000000, Normalized LogL: -5.198768, Exp of Normalized LogL: 0.005523, Best Rate: 0.3

========= ADAPTIVE MC DEBUG =========
Total calls: 90
Avg tries: 1063.33
Confidence stops: 90
Max stops: 0
Max stop rate: 0.000
Real Fault Rank 3
===== SEED 99 | FR=0.3 | VR=40 =====
executing with fault mode: [0,0,2,3,4,5]

Fault scores (higher is better):
Fault: [0,0,2,1,4,5], logL: -31.234132, Exp of LogL: 0.000000, Normalized LogL: -1.735230, Exp of Normalized LogL: 0.176360, Best Rate: 0.3
Fault: [0,0,2,2,4,5], logL: -34.647265, Exp of LogL: 0.000000, Normalized LogL: -1.924848, Exp of Normalized LogL: 0.145898, Best Rate: 0.3
Fault: [0,0,2,4,4,5], logL: -35.170438, Exp of LogL: 0.000000, Normalized LogL: -1.953913, Exp of Normalized LogL: 0.141718, Best Rate: 0.3
Fault: [0,2,2,3,4,5], logL: -53.598013, Exp of LogL: 0.000000, Normalized LogL: -2.977667, Exp of Normalized LogL: 0.050911, Best Rate: 0.3
Fault: [0,0,2,3,4,5], logL: -55.287907, Exp of LogL: 0.000000, Normalized LogL: -3.071550, Exp of Normalized LogL: 0.046349, Best Rate: 0.3
Fault: [0,0,2,0,4,5], logL: -56.357717, Exp of LogL: 0.000000, Normalized LogL: -3.130984, Exp of Normalized LogL: 0.043675, Best Rate: 0.3
Fault: [0,3,2,3,4,5], logL: -60.793670, Exp of LogL: 0.000000, Normalized LogL: -3.377426, Exp of Normalized LogL: 0.034135, Best Rate: 0.3
Fault: [0,1,2,3,4,5], logL: -82.313220, Exp of LogL: 0.000000, Normalized LogL: -4.572957, Exp of Normalized LogL: 0.010327, Best Rate: 0.3
Fault: [0,4,2,3,4,5], logL: -84.081016, Exp of LogL: 0.000000, Normalized LogL: -4.671168, Exp of Normalized LogL: 0.009361, Best Rate: 0.3
Fault: [0,5,2,3,4,5], logL: -84.081016, Exp of LogL: 0.000000, Normalized LogL: -4.671168, Exp of Normalized LogL: 0.009361, Best Rate: 0.3

========= ADAPTIVE MC DEBUG =========
Total calls: 180
Avg tries: 1382.78
Confidence stops: 180
Max stops: 0
Max stop rate: 0.000
Real Fault Rank 5
===== SEED 99 | FR=0.3 | VR=60 =====
executing with fault mode: [0,0,2,3,4,5]

Fault scores (higher is better):
Fault: [0,0,2,1,4,5], logL: -42.296498, Exp of LogL: 0.000000, Normalized LogL: -1.626788, Exp of Normalized LogL: 0.196560, Best Rate: 0.3
Fault: [0,0,2,3,4,5], logL: -42.558079, Exp of LogL: 0.000000, Normalized LogL: -1.636849, Exp of Normalized LogL: 0.194592, Best Rate: 0.3
Fault: [0,0,2,0,4,5], logL: -44.192427, Exp of LogL: 0.000000, Normalized LogL: -1.699709, Exp of Normalized LogL: 0.182737, Best Rate: 0.3
Fault: [0,0,2,2,4,5], logL: -45.218306, Exp of LogL: 0.000000, Normalized LogL: -1.739166, Exp of Normalized LogL: 0.175667, Best Rate: 0.3
Fault: [0,0,2,4,4,5], logL: -46.132640, Exp of LogL: 0.000000, Normalized LogL: -1.774332, Exp of Normalized LogL: 0.169597, Best Rate: 0.3
Fault: [0,3,2,3,4,5], logL: -50.328498, Exp of LogL: 0.000000, Normalized LogL: -1.935711, Exp of Normalized LogL: 0.144322, Best Rate: 0.3
Fault: [0,2,2,3,4,5], logL: -88.854367, Exp of LogL: 0.000000, Normalized LogL: -3.417476, Exp of Normalized LogL: 0.032795, Best Rate: 0.3
Fault: [0,1,2,3,4,5], logL: -118.461653, Exp of LogL: 0.000000, Normalized LogL: -4.556217, Exp of Normalized LogL: 0.010502, Best Rate: 0.3
Fault: [0,4,2,3,4,5], logL: -121.211231, Exp of LogL: 0.000000, Normalized LogL: -4.661970, Exp of Normalized LogL: 0.009448, Best Rate: 0.3
Fault: [0,5,2,3,4,5], logL: -121.211231, Exp of LogL: 0.000000, Normalized LogL: -4.661970, Exp of Normalized LogL: 0.009448, Best Rate: 0.3

========= ADAPTIVE MC DEBUG =========
Total calls: 260
Avg tries: 1468.08
Confidence stops: 260
Max stops: 0
Max stop rate: 0.000
Real Fault Rank 2
===== SEED 99 | FR=0.3 | VR=80 =====
executing with fault mode: [0,0,2,3,4,5]

Fault scores (higher is better):
Fault: [0,0,2,1,4,5], logL: -47.753269, Exp of LogL: 0.000000, Normalized LogL: -1.364379, Exp of Normalized LogL: 0.255539, Best Rate: 0.3
Fault: [0,0,2,3,4,5], logL: -47.777490, Exp of LogL: 0.000000, Normalized LogL: -1.365071, Exp of Normalized LogL: 0.255363, Best Rate: 0.3
Fault: [0,0,2,0,4,5], logL: -49.186319, Exp of LogL: 0.000000, Normalized LogL: -1.405323, Exp of Normalized LogL: 0.245288, Best Rate: 0.3
Fault: [0,0,2,2,4,5], logL: -50.631211, Exp of LogL: 0.000000, Normalized LogL: -1.446606, Exp of Normalized LogL: 0.235368, Best Rate: 0.3
Fault: [0,0,2,4,4,5], logL: -51.530177, Exp of LogL: 0.000000, Normalized LogL: -1.472291, Exp of Normalized LogL: 0.229399, Best Rate: 0.3
Fault: [0,2,2,3,4,5], logL: -70.753530, Exp of LogL: 0.000000, Normalized LogL: -2.021529, Exp of Normalized LogL: 0.132453, Best Rate: 0.3
Fault: [0,3,2,3,4,5], logL: -78.106014, Exp of LogL: 0.000000, Normalized LogL: -2.231600, Exp of Normalized LogL: 0.107356, Best Rate: 0.3
Fault: [0,1,2,3,4,5], logL: -123.321430, Exp of LogL: 0.000000, Normalized LogL: -3.523469, Exp of Normalized LogL: 0.029497, Best Rate: 0.3
Fault: [0,4,2,3,4,5], logL: -127.851212, Exp of LogL: 0.000000, Normalized LogL: -3.652892, Exp of Normalized LogL: 0.025916, Best Rate: 0.3
Fault: [0,5,2,3,4,5], logL: -127.851212, Exp of LogL: 0.000000, Normalized LogL: -3.652892, Exp of Normalized LogL: 0.025916, Best Rate: 0.3

========= ADAPTIVE MC DEBUG =========
Total calls: 350
Avg tries: 1602.14
Confidence stops: 350
Max stops: 0
Max stop rate: 0.000
Real Fault Rank 2
===== SEED 99 | FR=0.3 | VR=100 =====
executing with fault mode: [0,0,2,3,4,5]

Fault scores (higher is better):
Fault: [0,0,2,3,4,5], logL: -50.948675, Exp of LogL: 0.000000, Normalized LogL: -1.157924, Exp of Normalized LogL: 0.314138, Best Rate: 0.3
Fault: [0,0,2,1,4,5], logL: -50.977237, Exp of LogL: 0.000000, Normalized LogL: -1.158574, Exp of Normalized LogL: 0.313934, Best Rate: 0.3
Fault: [0,0,2,0,4,5], logL: -53.077222, Exp of LogL: 0.000000, Normalized LogL: -1.206300, Exp of Normalized LogL: 0.299303, Best Rate: 0.3
Fault: [0,0,2,2,4,5], logL: -54.069804, Exp of LogL: 0.000000, Normalized LogL: -1.228859, Exp of Normalized LogL: 0.292626, Best Rate: 0.3
Fault: [0,0,2,4,4,5], logL: -54.752952, Exp of LogL: 0.000000, Normalized LogL: -1.244385, Exp of Normalized LogL: 0.288118, Best Rate: 0.3
Fault: [0,3,2,3,4,5], logL: -85.087631, Exp of LogL: 0.000000, Normalized LogL: -1.933810, Exp of Normalized LogL: 0.144596, Best Rate: 0.3
Fault: [0,2,2,3,4,5], logL: -100.943067, Exp of LogL: 0.000000, Normalized LogL: -2.294161, Exp of Normalized LogL: 0.100846, Best Rate: 0.3
Fault: [0,1,2,3,4,5], logL: -177.994431, Exp of LogL: 0.000000, Normalized LogL: -4.045328, Exp of Normalized LogL: 0.017504, Best Rate: 0.3
Fault: [0,4,2,3,4,5], logL: -184.468422, Exp of LogL: 0.000000, Normalized LogL: -4.192464, Exp of Normalized LogL: 0.015109, Best Rate: 0.3
Fault: [0,5,2,3,4,5], logL: -184.468422, Exp of LogL: 0.000000, Normalized LogL: -4.192464, Exp of Normalized LogL: 0.015109, Best Rate: 0.3

========= ADAPTIVE MC DEBUG =========
Total calls: 440
Avg tries: 1649.89
Confidence stops: 440
Max stops: 0
Max stop rate: 0.000
Real Fault Rank 1
================= 22/08/2026 10:06:39: SEED 99 END =================
================= 22/08/2026 10:06:39: SEED 100 (97/100), a*=3 fault=[0,1,2,0,4,5] START =================
===== SEED 100 | FR=0.3 | VR=20 =====
executing with fault mode: [0,1,2,0,4,5]

Fault scores (higher is better):
Fault: [0,1,2,0,1,5], logL: -4.006150, Exp of LogL: 0.018203, Normalized LogL: -1.335383, Exp of Normalized LogL: 0.263057, Best Rate: 0.3
Fault: [0,1,2,0,0,5], logL: -4.017892, Exp of LogL: 0.017991, Normalized LogL: -1.339297, Exp of Normalized LogL: 0.262030, Best Rate: 0.3
Fault: [0,1,2,0,3,5], logL: -4.017892, Exp of LogL: 0.017991, Normalized LogL: -1.339297, Exp of Normalized LogL: 0.262030, Best Rate: 0.3
Fault: [0,1,2,0,5,5], logL: -4.017892, Exp of LogL: 0.017991, Normalized LogL: -1.339297, Exp of Normalized LogL: 0.262030, Best Rate: 0.3
Fault: [0,1,2,3,4,5], logL: -4.023909, Exp of LogL: 0.017883, Normalized LogL: -1.341303, Exp of Normalized LogL: 0.261505, Best Rate: 0.3
Fault: [0,1,2,0,4,5], logL: -4.071102, Exp of LogL: 0.017059, Normalized LogL: -1.357034, Exp of Normalized LogL: 0.257423, Best Rate: 0.3
Fault: [0,1,2,4,4,5], logL: -4.486495, Exp of LogL: 0.011260, Normalized LogL: -1.495498, Exp of Normalized LogL: 0.224137, Best Rate: 0.3
Fault: [0,1,2,5,4,5], logL: -4.486495, Exp of LogL: 0.011260, Normalized LogL: -1.495498, Exp of Normalized LogL: 0.224137, Best Rate: 0.3
Fault: [0,1,2,1,4,5], logL: -4.499632, Exp of LogL: 0.011113, Normalized LogL: -1.499877, Exp of Normalized LogL: 0.223158, Best Rate: 0.3
Fault: [0,1,2,2,4,5], logL: -4.634936, Exp of LogL: 0.009707, Normalized LogL: -1.544979, Exp of Normalized LogL: 0.213316, Best Rate: 0.3

========= ADAPTIVE MC DEBUG =========
Total calls: 30
Avg tries: 1710.00
Confidence stops: 30
Max stops: 0
Max stop rate: 0.000
Real Fault Rank 6
===== SEED 100 | FR=0.3 | VR=40 =====
executing with fault mode: [0,1,2,0,4,5]

Fault scores (higher is better):
Fault: [0,1,2,1,4,5], logL: -7.311934, Exp of LogL: 0.000668, Normalized LogL: -1.218656, Exp of Normalized LogL: 0.295627, Best Rate: 0.3
Fault: [0,1,2,3,4,5], logL: -7.511910, Exp of LogL: 0.000547, Normalized LogL: -1.251985, Exp of Normalized LogL: 0.285937, Best Rate: 0.3
Fault: [0,1,2,0,4,5], logL: -7.963608, Exp of LogL: 0.000348, Normalized LogL: -1.327268, Exp of Normalized LogL: 0.265201, Best Rate: 0.3
Fault: [0,1,2,0,1,5], logL: -8.317499, Exp of LogL: 0.000244, Normalized LogL: -1.386250, Exp of Normalized LogL: 0.250011, Best Rate: 0.3
Fault: [0,1,2,0,0,5], logL: -8.317499, Exp of LogL: 0.000244, Normalized LogL: -1.386250, Exp of Normalized LogL: 0.250011, Best Rate: 0.3
Fault: [0,1,2,0,3,5], logL: -8.317499, Exp of LogL: 0.000244, Normalized LogL: -1.386250, Exp of Normalized LogL: 0.250011, Best Rate: 0.3
Fault: [0,1,2,0,5,5], logL: -8.317499, Exp of LogL: 0.000244, Normalized LogL: -1.386250, Exp of Normalized LogL: 0.250011, Best Rate: 0.3
Fault: [0,1,2,2,4,5], logL: -8.361645, Exp of LogL: 0.000234, Normalized LogL: -1.393607, Exp of Normalized LogL: 0.248178, Best Rate: 0.3
Fault: [0,1,2,4,4,5], logL: -8.983617, Exp of LogL: 0.000125, Normalized LogL: -1.497270, Exp of Normalized LogL: 0.223740, Best Rate: 0.3
Fault: [0,1,2,5,4,5], logL: -8.983617, Exp of LogL: 0.000125, Normalized LogL: -1.497270, Exp of Normalized LogL: 0.223740, Best Rate: 0.3

========= ADAPTIVE MC DEBUG =========
Total calls: 60
Avg tries: 1464.17
Confidence stops: 60
Max stops: 0
Max stop rate: 0.000
Real Fault Rank 3
===== SEED 100 | FR=0.3 | VR=60 =====
executing with fault mode: [0,1,2,0,4,5]

Fault scores (higher is better):
Fault: [0,1,2,0,4,5], logL: -8.973189, Exp of LogL: 0.000127, Normalized LogL: -1.121649, Exp of Normalized LogL: 0.325742, Best Rate: 0.3
Fault: [0,1,2,1,4,5], logL: -9.093653, Exp of LogL: 0.000112, Normalized LogL: -1.136707, Exp of Normalized LogL: 0.320874, Best Rate: 0.3
Fault: [0,1,2,3,4,5], logL: -9.137540, Exp of LogL: 0.000108, Normalized LogL: -1.142193, Exp of Normalized LogL: 0.319119, Best Rate: 0.3
Fault: [0,1,2,0,1,5], logL: -9.327080, Exp of LogL: 0.000089, Normalized LogL: -1.165885, Exp of Normalized LogL: 0.311647, Best Rate: 0.3
Fault: [0,1,2,0,0,5], logL: -9.327080, Exp of LogL: 0.000089, Normalized LogL: -1.165885, Exp of Normalized LogL: 0.311647, Best Rate: 0.3
Fault: [0,1,2,0,3,5], logL: -9.327080, Exp of LogL: 0.000089, Normalized LogL: -1.165885, Exp of Normalized LogL: 0.311647, Best Rate: 0.3
Fault: [0,1,2,0,5,5], logL: -9.327080, Exp of LogL: 0.000089, Normalized LogL: -1.165885, Exp of Normalized LogL: 0.311647, Best Rate: 0.3
Fault: [0,1,2,2,4,5], logL: -9.785879, Exp of LogL: 0.000056, Normalized LogL: -1.223235, Exp of Normalized LogL: 0.294277, Best Rate: 0.3
Fault: [0,1,2,4,4,5], logL: -10.666501, Exp of LogL: 0.000023, Normalized LogL: -1.333313, Exp of Normalized LogL: 0.263603, Best Rate: 0.3
Fault: [0,1,2,5,4,5], logL: -10.666501, Exp of LogL: 0.000023, Normalized LogL: -1.333313, Exp of Normalized LogL: 0.263603, Best Rate: 0.3

========= ADAPTIVE MC DEBUG =========
Total calls: 80
Avg tries: 1716.25
Confidence stops: 80
Max stops: 0
Max stop rate: 0.000
Real Fault Rank 1
===== SEED 100 | FR=0.3 | VR=80 =====
executing with fault mode: [0,1,2,0,4,5]

Fault scores (higher is better):
Fault: [0,1,2,0,4,5], logL: -9.332752, Exp of LogL: 0.000088, Normalized LogL: -0.848432, Exp of Normalized LogL: 0.428086, Best Rate: 0.3
Fault: [0,1,2,0,1,5], logL: -9.686643, Exp of LogL: 0.000062, Normalized LogL: -0.880604, Exp of Normalized LogL: 0.414532, Best Rate: 0.3
Fault: [0,1,2,0,0,5], logL: -9.686643, Exp of LogL: 0.000062, Normalized LogL: -0.880604, Exp of Normalized LogL: 0.414532, Best Rate: 0.3
Fault: [0,1,2,0,3,5], logL: -9.686643, Exp of LogL: 0.000062, Normalized LogL: -0.880604, Exp of Normalized LogL: 0.414532, Best Rate: 0.3
Fault: [0,1,2,0,5,5], logL: -9.686643, Exp of LogL: 0.000062, Normalized LogL: -0.880604, Exp of Normalized LogL: 0.414532, Best Rate: 0.3
Fault: [0,1,2,3,4,5], logL: -10.138051, Exp of LogL: 0.000040, Normalized LogL: -0.921641, Exp of Normalized LogL: 0.397866, Best Rate: 0.3
Fault: [0,1,2,1,4,5], logL: -10.467237, Exp of LogL: 0.000028, Normalized LogL: -0.951567, Exp of Normalized LogL: 0.386135, Best Rate: 0.3
Fault: [0,1,2,2,4,5], logL: -10.636908, Exp of LogL: 0.000024, Normalized LogL: -0.966992, Exp of Normalized LogL: 0.380225, Best Rate: 0.3
Fault: [0,1,2,4,4,5], logL: -11.741903, Exp of LogL: 0.000008, Normalized LogL: -1.067446, Exp of Normalized LogL: 0.343886, Best Rate: 0.3
Fault: [0,1,2,5,4,5], logL: -11.741903, Exp of LogL: 0.000008, Normalized LogL: -1.067446, Exp of Normalized LogL: 0.343886, Best Rate: 0.3

========= ADAPTIVE MC DEBUG =========
Total calls: 110
Avg tries: 1868.64
Confidence stops: 110
Max stops: 0
Max stop rate: 0.000
Real Fault Rank 1
===== SEED 100 | FR=0.3 | VR=100 =====
executing with fault mode: [0,1,2,0,4,5]

Fault scores (higher is better):
Fault: [0,1,2,0,4,5], logL: -9.725016, Exp of LogL: 0.000060, Normalized LogL: -0.694644, Exp of Normalized LogL: 0.499252, Best Rate: 0.3
Fault: [0,1,2,0,1,5], logL: -10.078907, Exp of LogL: 0.000042, Normalized LogL: -0.719922, Exp of Normalized LogL: 0.486790, Best Rate: 0.3
Fault: [0,1,2,0,0,5], logL: -10.078907, Exp of LogL: 0.000042, Normalized LogL: -0.719922, Exp of Normalized LogL: 0.486790, Best Rate: 0.3
Fault: [0,1,2,0,3,5], logL: -10.078907, Exp of LogL: 0.000042, Normalized LogL: -0.719922, Exp of Normalized LogL: 0.486790, Best Rate: 0.3
Fault: [0,1,2,0,5,5], logL: -10.078907, Exp of LogL: 0.000042, Normalized LogL: -0.719922, Exp of Normalized LogL: 0.486790, Best Rate: 0.3
Fault: [0,1,2,3,4,5], logL: -10.860259, Exp of LogL: 0.000019, Normalized LogL: -0.775733, Exp of Normalized LogL: 0.460366, Best Rate: 0.3
Fault: [0,1,2,1,4,5], logL: -12.012622, Exp of LogL: 0.000006, Normalized LogL: -0.858044, Exp of Normalized LogL: 0.423990, Best Rate: 0.3
Fault: [0,1,2,2,4,5], logL: -12.182293, Exp of LogL: 0.000005, Normalized LogL: -0.870164, Exp of Normalized LogL: 0.418883, Best Rate: 0.3
Fault: [0,1,2,4,4,5], logL: -13.287289, Exp of LogL: 0.000002, Normalized LogL: -0.949092, Exp of Normalized LogL: 0.387092, Best Rate: 0.3
Fault: [0,1,2,5,4,5], logL: -13.287289, Exp of LogL: 0.000002, Normalized LogL: -0.949092, Exp of Normalized LogL: 0.387092, Best Rate: 0.3

========= ADAPTIVE MC DEBUG =========
Total calls: 140
Avg tries: 1861.43
Confidence stops: 140
Max stops: 0
Max stop rate: 0.000
Real Fault Rank 1
================= 22/08/2026 10:08:46: SEED 100 END =================
================= 22/08/2026 10:08:46: SEED 101 (98/100), a*=1 fault=[0,5,2,3,4,5] START =================
===== SEED 101 | FR=0.3 | VR=20 =====
executing with fault mode: [0,5,2,3,4,5]

Fault scores (higher is better):
Fault: [0,4,2,3,4,5], logL: -10.409489, Exp of LogL: 0.000030, Normalized LogL: -2.081898, Exp of Normalized LogL: 0.124693, Best Rate: 0.3
Fault: [0,2,2,3,4,5], logL: -10.409489, Exp of LogL: 0.000030, Normalized LogL: -2.081898, Exp of Normalized LogL: 0.124693, Best Rate: 0.3
Fault: [0,0,2,3,4,5], logL: -10.435847, Exp of LogL: 0.000029, Normalized LogL: -2.087169, Exp of Normalized LogL: 0.124038, Best Rate: 0.3
Fault: [0,5,2,3,4,5], logL: -10.452258, Exp of LogL: 0.000029, Normalized LogL: -2.090452, Exp of Normalized LogL: 0.123631, Best Rate: 0.3
Fault: [0,5,2,0,4,5], logL: -10.712948, Exp of LogL: 0.000022, Normalized LogL: -2.142590, Exp of Normalized LogL: 0.117351, Best Rate: 0.3
Fault: [0,5,2,2,4,5], logL: -10.802733, Exp of LogL: 0.000020, Normalized LogL: -2.160547, Exp of Normalized LogL: 0.115262, Best Rate: 0.3
Fault: [0,5,2,4,4,5], logL: -10.802733, Exp of LogL: 0.000020, Normalized LogL: -2.160547, Exp of Normalized LogL: 0.115262, Best Rate: 0.3
Fault: [0,5,2,5,4,5], logL: -10.802733, Exp of LogL: 0.000020, Normalized LogL: -2.160547, Exp of Normalized LogL: 0.115262, Best Rate: 0.3
Fault: [0,3,2,3,4,5], logL: -10.952932, Exp of LogL: 0.000018, Normalized LogL: -2.190586, Exp of Normalized LogL: 0.111851, Best Rate: 0.3
Fault: [0,1,2,3,4,5], logL: -32.876456, Exp of LogL: 0.000000, Normalized LogL: -6.575291, Exp of Normalized LogL: 0.001394, Best Rate: 0.3

========= ADAPTIVE MC DEBUG =========
Total calls: 50
Avg tries: 1332.00
Confidence stops: 50
Max stops: 0
Max stop rate: 0.000
Real Fault Rank 4
===== SEED 101 | FR=0.3 | VR=40 =====
executing with fault mode: [0,5,2,3,4,5]

Fault scores (higher is better):
Fault: [0,0,2,3,4,5], logL: -15.401519, Exp of LogL: 0.000000, Normalized LogL: -1.540152, Exp of Normalized LogL: 0.214349, Best Rate: 0.3
Fault: [0,3,2,3,4,5], logL: -16.014576, Exp of LogL: 0.000000, Normalized LogL: -1.601458, Exp of Normalized LogL: 0.201602, Best Rate: 0.3
Fault: [0,4,2,3,4,5], logL: -16.094666, Exp of LogL: 0.000000, Normalized LogL: -1.609467, Exp of Normalized LogL: 0.199994, Best Rate: 0.3
Fault: [0,2,2,3,4,5], logL: -16.094666, Exp of LogL: 0.000000, Normalized LogL: -1.609467, Exp of Normalized LogL: 0.199994, Best Rate: 0.3
Fault: [0,5,2,3,4,5], logL: -16.094666, Exp of LogL: 0.000000, Normalized LogL: -1.609467, Exp of Normalized LogL: 0.199994, Best Rate: 0.3
Fault: [0,5,2,0,4,5], logL: -16.693260, Exp of LogL: 0.000000, Normalized LogL: -1.669326, Exp of Normalized LogL: 0.188374, Best Rate: 0.3
Fault: [0,5,2,2,4,5], logL: -16.787635, Exp of LogL: 0.000000, Normalized LogL: -1.678763, Exp of Normalized LogL: 0.186605, Best Rate: 0.3
Fault: [0,5,2,4,4,5], logL: -16.787635, Exp of LogL: 0.000000, Normalized LogL: -1.678763, Exp of Normalized LogL: 0.186605, Best Rate: 0.3
Fault: [0,5,2,5,4,5], logL: -16.787635, Exp of LogL: 0.000000, Normalized LogL: -1.678763, Exp of Normalized LogL: 0.186605, Best Rate: 0.3
Fault: [0,1,2,3,4,5], logL: -37.077170, Exp of LogL: 0.000000, Normalized LogL: -3.707717, Exp of Normalized LogL: 0.024533, Best Rate: 0.3

========= ADAPTIVE MC DEBUG =========
Total calls: 100
Avg tries: 1552.00
Confidence stops: 100
Max stops: 0
Max stop rate: 0.000
Real Fault Rank 5
===== SEED 101 | FR=0.3 | VR=60 =====
executing with fault mode: [0,5,2,3,4,5]

Fault scores (higher is better):
Fault: [0,1,2,3,4,5], logL: -18.467417, Exp of LogL: 0.000000, Normalized LogL: -1.231161, Exp of Normalized LogL: 0.291953, Best Rate: 0.3
Fault: [0,4,2,3,4,5], logL: -18.899752, Exp of LogL: 0.000000, Normalized LogL: -1.259983, Exp of Normalized LogL: 0.283659, Best Rate: 0.3
Fault: [0,2,2,3,4,5], logL: -18.899752, Exp of LogL: 0.000000, Normalized LogL: -1.259983, Exp of Normalized LogL: 0.283659, Best Rate: 0.3
Fault: [0,5,2,3,4,5], logL: -18.899752, Exp of LogL: 0.000000, Normalized LogL: -1.259983, Exp of Normalized LogL: 0.283659, Best Rate: 0.3
Fault: [0,5,2,0,4,5], logL: -19.160704, Exp of LogL: 0.000000, Normalized LogL: -1.277380, Exp of Normalized LogL: 0.278767, Best Rate: 0.3
Fault: [0,5,2,2,4,5], logL: -19.255078, Exp of LogL: 0.000000, Normalized LogL: -1.283672, Exp of Normalized LogL: 0.277018, Best Rate: 0.3
Fault: [0,5,2,4,4,5], logL: -19.255078, Exp of LogL: 0.000000, Normalized LogL: -1.283672, Exp of Normalized LogL: 0.277018, Best Rate: 0.3
Fault: [0,5,2,5,4,5], logL: -19.255078, Exp of LogL: 0.000000, Normalized LogL: -1.283672, Exp of Normalized LogL: 0.277018, Best Rate: 0.3
Fault: [0,0,2,3,4,5], logL: -19.797723, Exp of LogL: 0.000000, Normalized LogL: -1.319848, Exp of Normalized LogL: 0.267176, Best Rate: 0.3
Fault: [0,3,2,3,4,5], logL: -20.002502, Exp of LogL: 0.000000, Normalized LogL: -1.333500, Exp of Normalized LogL: 0.263553, Best Rate: 0.3

========= ADAPTIVE MC DEBUG =========
Total calls: 150
Avg tries: 1700.00
Confidence stops: 150
Max stops: 0
Max stop rate: 0.000
Real Fault Rank 4
===== SEED 101 | FR=0.3 | VR=80 =====
executing with fault mode: [0,5,2,3,4,5]

Fault scores (higher is better):
Fault: [0,1,2,3,4,5], logL: -19.566186, Exp of LogL: 0.000000, Normalized LogL: -0.978309, Exp of Normalized LogL: 0.375946, Best Rate: 0.3
Fault: [0,4,2,3,4,5], logL: -20.056713, Exp of LogL: 0.000000, Normalized LogL: -1.002836, Exp of Normalized LogL: 0.366838, Best Rate: 0.3
Fault: [0,2,2,3,4,5], logL: -20.056713, Exp of LogL: 0.000000, Normalized LogL: -1.002836, Exp of Normalized LogL: 0.366838, Best Rate: 0.3
Fault: [0,5,2,3,4,5], logL: -20.056713, Exp of LogL: 0.000000, Normalized LogL: -1.002836, Exp of Normalized LogL: 0.366838, Best Rate: 0.3
Fault: [0,5,2,0,4,5], logL: -20.317665, Exp of LogL: 0.000000, Normalized LogL: -1.015883, Exp of Normalized LogL: 0.362082, Best Rate: 0.3
Fault: [0,5,2,2,4,5], logL: -20.412040, Exp of LogL: 0.000000, Normalized LogL: -1.020602, Exp of Normalized LogL: 0.360378, Best Rate: 0.3
Fault: [0,5,2,4,4,5], logL: -20.412040, Exp of LogL: 0.000000, Normalized LogL: -1.020602, Exp of Normalized LogL: 0.360378, Best Rate: 0.3
Fault: [0,5,2,5,4,5], logL: -20.412040, Exp of LogL: 0.000000, Normalized LogL: -1.020602, Exp of Normalized LogL: 0.360378, Best Rate: 0.3
Fault: [0,0,2,3,4,5], logL: -20.954684, Exp of LogL: 0.000000, Normalized LogL: -1.047734, Exp of Normalized LogL: 0.350732, Best Rate: 0.3
Fault: [0,3,2,3,4,5], logL: -21.141234, Exp of LogL: 0.000000, Normalized LogL: -1.057062, Exp of Normalized LogL: 0.347475, Best Rate: 0.3

========= ADAPTIVE MC DEBUG =========
Total calls: 200
Avg tries: 1710.00
Confidence stops: 200
Max stops: 0
Max stop rate: 0.000
Real Fault Rank 4
===== SEED 101 | FR=0.3 | VR=100 =====
executing with fault mode: [0,5,2,3,4,5]

Fault scores (higher is better):
Fault: [0,4,2,3,4,5], logL: -23.738134, Exp of LogL: 0.000000, Normalized LogL: -0.949525, Exp of Normalized LogL: 0.386925, Best Rate: 0.3
Fault: [0,2,2,3,4,5], logL: -23.738134, Exp of LogL: 0.000000, Normalized LogL: -0.949525, Exp of Normalized LogL: 0.386925, Best Rate: 0.3
Fault: [0,5,2,3,4,5], logL: -23.738134, Exp of LogL: 0.000000, Normalized LogL: -0.949525, Exp of Normalized LogL: 0.386925, Best Rate: 0.3
Fault: [0,5,2,0,4,5], logL: -23.999086, Exp of LogL: 0.000000, Normalized LogL: -0.959963, Exp of Normalized LogL: 0.382907, Best Rate: 0.3
Fault: [0,5,2,2,4,5], logL: -24.093461, Exp of LogL: 0.000000, Normalized LogL: -0.963738, Exp of Normalized LogL: 0.381464, Best Rate: 0.3
Fault: [0,5,2,4,4,5], logL: -24.093461, Exp of LogL: 0.000000, Normalized LogL: -0.963738, Exp of Normalized LogL: 0.381464, Best Rate: 0.3
Fault: [0,5,2,5,4,5], logL: -24.093461, Exp of LogL: 0.000000, Normalized LogL: -0.963738, Exp of Normalized LogL: 0.381464, Best Rate: 0.3
Fault: [0,1,2,3,4,5], logL: -25.607418, Exp of LogL: 0.000000, Normalized LogL: -1.024297, Exp of Normalized LogL: 0.359049, Best Rate: 0.3
Fault: [0,0,2,3,4,5], logL: -26.746663, Exp of LogL: 0.000000, Normalized LogL: -1.069867, Exp of Normalized LogL: 0.343054, Best Rate: 0.3
Fault: [0,3,2,3,4,5], logL: -27.761874, Exp of LogL: 0.000000, Normalized LogL: -1.110475, Exp of Normalized LogL: 0.329402, Best Rate: 0.3

========= ADAPTIVE MC DEBUG =========
Total calls: 250
Avg tries: 1724.40
Confidence stops: 250
Max stops: 0
Max stop rate: 0.000
Real Fault Rank 3
================= 22/08/2026 10:12:13: SEED 101 END =================
================= 22/08/2026 10:12:13: SEED 102 (99/100), a*=2 fault=[0,1,3,3,4,5] START =================
===== SEED 102 | FR=0.3 | VR=20 =====
executing with fault mode: [0,1,3,3,4,5]

executing with fault mode: [0,1,3,3,4,5]

executing with fault mode: [0,1,3,3,4,5]

executing with fault mode: [0,1,3,3,4,5]

Fault scores (higher is better):
Fault: [0,1,3,3,3,5], logL: -12.264467, Exp of LogL: 0.000005, Normalized LogL: -1.752067, Exp of Normalized LogL: 0.173415, Best Rate: 0.3
Fault: [0,1,3,3,1,5], logL: -12.264467, Exp of LogL: 0.000005, Normalized LogL: -1.752067, Exp of Normalized LogL: 0.173415, Best Rate: 0.3
Fault: [0,1,3,3,5,5], logL: -12.264467, Exp of LogL: 0.000005, Normalized LogL: -1.752067, Exp of Normalized LogL: 0.173415, Best Rate: 0.3
Fault: [0,1,3,3,2,5], logL: -12.513573, Exp of LogL: 0.000004, Normalized LogL: -1.787653, Exp of Normalized LogL: 0.167352, Best Rate: 0.3
Fault: [0,1,3,3,4,5], logL: -12.513573, Exp of LogL: 0.000004, Normalized LogL: -1.787653, Exp of Normalized LogL: 0.167352, Best Rate: 0.3
Fault: [0,1,1,3,4,5], logL: -13.614539, Exp of LogL: 0.000001, Normalized LogL: -1.944934, Exp of Normalized LogL: 0.142997, Best Rate: 0.3
Fault: [0,1,4,3,4,5], logL: -14.289083, Exp of LogL: 0.000001, Normalized LogL: -2.041298, Exp of Normalized LogL: 0.129860, Best Rate: 0.3
Fault: [0,1,5,3,4,5], logL: -14.289083, Exp of LogL: 0.000001, Normalized LogL: -2.041298, Exp of Normalized LogL: 0.129860, Best Rate: 0.3
Fault: [0,1,0,3,4,5], logL: -15.220710, Exp of LogL: 0.000000, Normalized LogL: -2.174387, Exp of Normalized LogL: 0.113678, Best Rate: 0.3
Fault: [0,1,2,3,4,5], logL: -16.613347, Exp of LogL: 0.000000, Normalized LogL: -2.373335, Exp of Normalized LogL: 0.093169, Best Rate: 0.3

========= ADAPTIVE MC DEBUG =========
Total calls: 70
Avg tries: 1267.86
Confidence stops: 70
Max stops: 0
Max stop rate: 0.000
Real Fault Rank 5
===== SEED 102 | FR=0.3 | VR=40 =====
executing with fault mode: [0,1,3,3,4,5]

executing with fault mode: [0,1,3,3,4,5]

executing with fault mode: [0,1,3,3,4,5]

executing with fault mode: [0,1,3,3,4,5]

Fault scores (higher is better):
Fault: [0,1,3,3,4,5], logL: -17.577872, Exp of LogL: 0.000000, Normalized LogL: -1.352144, Exp of Normalized LogL: 0.258685, Best Rate: 0.3
Fault: [0,1,3,3,3,5], logL: -17.937338, Exp of LogL: 0.000000, Normalized LogL: -1.379795, Exp of Normalized LogL: 0.251630, Best Rate: 0.3
Fault: [0,1,3,3,2,5], logL: -17.937338, Exp of LogL: 0.000000, Normalized LogL: -1.379795, Exp of Normalized LogL: 0.251630, Best Rate: 0.3
Fault: [0,1,3,3,1,5], logL: -17.937338, Exp of LogL: 0.000000, Normalized LogL: -1.379795, Exp of Normalized LogL: 0.251630, Best Rate: 0.3
Fault: [0,1,3,3,5,5], logL: -17.937338, Exp of LogL: 0.000000, Normalized LogL: -1.379795, Exp of Normalized LogL: 0.251630, Best Rate: 0.3
Fault: [0,1,1,3,4,5], logL: -19.604004, Exp of LogL: 0.000000, Normalized LogL: -1.508000, Exp of Normalized LogL: 0.221352, Best Rate: 0.3
Fault: [0,1,0,3,4,5], logL: -21.198679, Exp of LogL: 0.000000, Normalized LogL: -1.630668, Exp of Normalized LogL: 0.195799, Best Rate: 0.3
Fault: [0,1,4,3,4,5], logL: -43.533109, Exp of LogL: 0.000000, Normalized LogL: -3.348701, Exp of Normalized LogL: 0.035130, Best Rate: 0.3
Fault: [0,1,5,3,4,5], logL: -43.533109, Exp of LogL: 0.000000, Normalized LogL: -3.348701, Exp of Normalized LogL: 0.035130, Best Rate: 0.3
Fault: [0,1,2,3,4,5], logL: -46.040993, Exp of LogL: 0.000000, Normalized LogL: -3.541615, Exp of Normalized LogL: 0.028967, Best Rate: 0.3

========= ADAPTIVE MC DEBUG =========
Total calls: 130
Avg tries: 1503.85
Confidence stops: 130
Max stops: 0
Max stop rate: 0.000
Real Fault Rank 1
===== SEED 102 | FR=0.3 | VR=60 =====
executing with fault mode: [0,1,3,3,4,5]

executing with fault mode: [0,1,3,3,4,5]

executing with fault mode: [0,1,3,3,4,5]

executing with fault mode: [0,1,3,3,4,5]

Fault scores (higher is better):
Fault: [0,1,3,3,4,5], logL: -20.799208, Exp of LogL: 0.000000, Normalized LogL: -1.094695, Exp of Normalized LogL: 0.334642, Best Rate: 0.3
Fault: [0,1,3,3,3,5], logL: -21.158674, Exp of LogL: 0.000000, Normalized LogL: -1.113614, Exp of Normalized LogL: 0.328370, Best Rate: 0.3
Fault: [0,1,3,3,2,5], logL: -21.158674, Exp of LogL: 0.000000, Normalized LogL: -1.113614, Exp of Normalized LogL: 0.328370, Best Rate: 0.3
Fault: [0,1,3,3,1,5], logL: -21.158674, Exp of LogL: 0.000000, Normalized LogL: -1.113614, Exp of Normalized LogL: 0.328370, Best Rate: 0.3
Fault: [0,1,3,3,5,5], logL: -21.158674, Exp of LogL: 0.000000, Normalized LogL: -1.113614, Exp of Normalized LogL: 0.328370, Best Rate: 0.3
Fault: [0,1,0,3,4,5], logL: -25.369145, Exp of LogL: 0.000000, Normalized LogL: -1.335218, Exp of Normalized LogL: 0.263101, Best Rate: 0.3
Fault: [0,1,1,3,4,5], logL: -27.649454, Exp of LogL: 0.000000, Normalized LogL: -1.455234, Exp of Normalized LogL: 0.233346, Best Rate: 0.3
Fault: [0,1,4,3,4,5], logL: -74.336982, Exp of LogL: 0.000000, Normalized LogL: -3.912473, Exp of Normalized LogL: 0.019991, Best Rate: 0.3
Fault: [0,1,5,3,4,5], logL: -74.336982, Exp of LogL: 0.000000, Normalized LogL: -3.912473, Exp of Normalized LogL: 0.019991, Best Rate: 0.3
Fault: [0,1,2,3,4,5], logL: -99.780472, Exp of LogL: 0.000000, Normalized LogL: -5.251604, Exp of Normalized LogL: 0.005239, Best Rate: 0.3

========= ADAPTIVE MC DEBUG =========
Total calls: 190
Avg tries: 1651.58
Confidence stops: 190
Max stops: 0
Max stop rate: 0.000
Real Fault Rank 1
===== SEED 102 | FR=0.3 | VR=80 =====
executing with fault mode: [0,1,3,3,4,5]

executing with fault mode: [0,1,3,3,4,5]

executing with fault mode: [0,1,3,3,4,5]

executing with fault mode: [0,1,3,3,4,5]

Fault scores (higher is better):
Fault: [0,1,3,3,4,5], logL: -26.775182, Exp of LogL: 0.000000, Normalized LogL: -1.071007, Exp of Normalized LogL: 0.342663, Best Rate: 0.3
Fault: [0,1,3,3,3,5], logL: -27.134649, Exp of LogL: 0.000000, Normalized LogL: -1.085386, Exp of Normalized LogL: 0.337771, Best Rate: 0.3
Fault: [0,1,3,3,2,5], logL: -27.134649, Exp of LogL: 0.000000, Normalized LogL: -1.085386, Exp of Normalized LogL: 0.337771, Best Rate: 0.3
Fault: [0,1,3,3,1,5], logL: -27.134649, Exp of LogL: 0.000000, Normalized LogL: -1.085386, Exp of Normalized LogL: 0.337771, Best Rate: 0.3
Fault: [0,1,3,3,5,5], logL: -27.134649, Exp of LogL: 0.000000, Normalized LogL: -1.085386, Exp of Normalized LogL: 0.337771, Best Rate: 0.3
Fault: [0,1,0,3,4,5], logL: -29.783797, Exp of LogL: 0.000000, Normalized LogL: -1.191352, Exp of Normalized LogL: 0.303810, Best Rate: 0.3
Fault: [0,1,1,3,4,5], logL: -31.407516, Exp of LogL: 0.000000, Normalized LogL: -1.256301, Exp of Normalized LogL: 0.284705, Best Rate: 0.3
Fault: [0,1,4,3,4,5], logL: -79.828720, Exp of LogL: 0.000000, Normalized LogL: -3.193149, Exp of Normalized LogL: 0.041042, Best Rate: 0.3
Fault: [0,1,5,3,4,5], logL: -79.828720, Exp of LogL: 0.000000, Normalized LogL: -3.193149, Exp of Normalized LogL: 0.041042, Best Rate: 0.3
Fault: [0,1,2,3,4,5], logL: -103.031105, Exp of LogL: 0.000000, Normalized LogL: -4.121244, Exp of Normalized LogL: 0.016224, Best Rate: 0.3

========= ADAPTIVE MC DEBUG =========
Total calls: 250
Avg tries: 1641.40
Confidence stops: 250
Max stops: 0
Max stop rate: 0.000
Real Fault Rank 1
===== SEED 102 | FR=0.3 | VR=100 =====
executing with fault mode: [0,1,3,3,4,5]

executing with fault mode: [0,1,3,3,4,5]

executing with fault mode: [0,1,3,3,4,5]

executing with fault mode: [0,1,3,3,4,5]

Fault scores (higher is better):
Fault: [0,1,3,3,4,5], logL: -31.579187, Exp of LogL: 0.000000, Normalized LogL: -0.986850, Exp of Normalized LogL: 0.372749, Best Rate: 0.3
Fault: [0,1,3,3,3,5], logL: -31.938653, Exp of LogL: 0.000000, Normalized LogL: -0.998083, Exp of Normalized LogL: 0.368585, Best Rate: 0.3
Fault: [0,1,3,3,2,5], logL: -31.938653, Exp of LogL: 0.000000, Normalized LogL: -0.998083, Exp of Normalized LogL: 0.368585, Best Rate: 0.3
Fault: [0,1,3,3,1,5], logL: -31.938653, Exp of LogL: 0.000000, Normalized LogL: -0.998083, Exp of Normalized LogL: 0.368585, Best Rate: 0.3
Fault: [0,1,3,3,5,5], logL: -31.938653, Exp of LogL: 0.000000, Normalized LogL: -0.998083, Exp of Normalized LogL: 0.368585, Best Rate: 0.3
Fault: [0,1,0,3,4,5], logL: -34.506874, Exp of LogL: 0.000000, Normalized LogL: -1.078340, Exp of Normalized LogL: 0.340160, Best Rate: 0.3
Fault: [0,1,1,3,4,5], logL: -36.062666, Exp of LogL: 0.000000, Normalized LogL: -1.126958, Exp of Normalized LogL: 0.324017, Best Rate: 0.3
Fault: [0,1,4,3,4,5], logL: -85.244936, Exp of LogL: 0.000000, Normalized LogL: -2.663904, Exp of Normalized LogL: 0.069676, Best Rate: 0.3
Fault: [0,1,5,3,4,5], logL: -85.244936, Exp of LogL: 0.000000, Normalized LogL: -2.663904, Exp of Normalized LogL: 0.069676, Best Rate: 0.3
Fault: [0,1,2,3,4,5], logL: -108.090327, Exp of LogL: 0.000000, Normalized LogL: -3.377823, Exp of Normalized LogL: 0.034122, Best Rate: 0.3

========= ADAPTIVE MC DEBUG =========
Total calls: 320
Avg tries: 1752.66
Confidence stops: 320
Max stops: 0
Max stop rate: 0.000
Real Fault Rank 1
================= 22/08/2026 10:16:32: SEED 102 END =================
================= 22/08/2026 10:16:32: SEED 103 (100/100), a*=0 fault=[4,1,2,3,4,5] START =================
===== SEED 103 | FR=0.3 | VR=20 =====
executing with fault mode: [4,1,2,3,4,5]

executing with fault mode: [4,1,2,3,4,5]

Fault scores (higher is better):
Fault: [3,1,2,3,4,5], logL: -9.511881, Exp of LogL: 0.000074, Normalized LogL: -1.585314, Exp of Normalized LogL: 0.204884, Best Rate: 0.3
Fault: [1,1,2,3,4,5], logL: -9.986794, Exp of LogL: 0.000046, Normalized LogL: -1.664466, Exp of Normalized LogL: 0.189292, Best Rate: 0.3
Fault: [0,1,2,3,4,5], logL: -10.434468, Exp of LogL: 0.000029, Normalized LogL: -1.739078, Exp of Normalized LogL: 0.175682, Best Rate: 0.3
Fault: [4,1,2,3,4,5], logL: -10.546410, Exp of LogL: 0.000026, Normalized LogL: -1.757735, Exp of Normalized LogL: 0.172435, Best Rate: 0.3
Fault: [5,1,2,3,4,5], logL: -10.546410, Exp of LogL: 0.000026, Normalized LogL: -1.757735, Exp of Normalized LogL: 0.172435, Best Rate: 0.3
Fault: [2,1,2,3,4,5], logL: -10.693055, Exp of LogL: 0.000023, Normalized LogL: -1.782176, Exp of Normalized LogL: 0.168272, Best Rate: 0.3
Fault: [4,1,2,3,3,5], logL: -10.693424, Exp of LogL: 0.000023, Normalized LogL: -1.782237, Exp of Normalized LogL: 0.168261, Best Rate: 0.3
Fault: [4,1,2,3,5,5], logL: -10.693424, Exp of LogL: 0.000023, Normalized LogL: -1.782237, Exp of Normalized LogL: 0.168261, Best Rate: 0.3
Fault: [4,1,2,3,2,5], logL: -10.700723, Exp of LogL: 0.000023, Normalized LogL: -1.783454, Exp of Normalized LogL: 0.168057, Best Rate: 0.3
Fault: [4,1,2,3,1,5], logL: -10.754153, Exp of LogL: 0.000021, Normalized LogL: -1.792359, Exp of Normalized LogL: 0.166567, Best Rate: 0.3

========= ADAPTIVE MC DEBUG =========
Total calls: 60
Avg tries: 1449.17
Confidence stops: 60
Max stops: 0
Max stop rate: 0.000
Real Fault Rank 4
===== SEED 103 | FR=0.3 | VR=40 =====
executing with fault mode: [4,1,2,3,4,5]

executing with fault mode: [4,1,2,3,4,5]

Fault scores (higher is better):
Fault: [4,1,2,3,4,5], logL: -12.899512, Exp of LogL: 0.000002, Normalized LogL: -1.172683, Exp of Normalized LogL: 0.309535, Best Rate: 0.3
Fault: [5,1,2,3,4,5], logL: -12.899512, Exp of LogL: 0.000002, Normalized LogL: -1.172683, Exp of Normalized LogL: 0.309535, Best Rate: 0.3
Fault: [4,1,2,3,3,5], logL: -13.265288, Exp of LogL: 0.000002, Normalized LogL: -1.205935, Exp of Normalized LogL: 0.299412, Best Rate: 0.3
Fault: [4,1,2,3,5,5], logL: -13.265288, Exp of LogL: 0.000002, Normalized LogL: -1.205935, Exp of Normalized LogL: 0.299412, Best Rate: 0.3
Fault: [4,1,2,3,2,5], logL: -13.265288, Exp of LogL: 0.000002, Normalized LogL: -1.205935, Exp of Normalized LogL: 0.299412, Best Rate: 0.3
Fault: [4,1,2,3,1,5], logL: -13.265288, Exp of LogL: 0.000002, Normalized LogL: -1.205935, Exp of Normalized LogL: 0.299412, Best Rate: 0.3
Fault: [0,1,2,3,4,5], logL: -13.962229, Exp of LogL: 0.000001, Normalized LogL: -1.269294, Exp of Normalized LogL: 0.281030, Best Rate: 0.3
Fault: [1,1,2,3,4,5], logL: -14.311575, Exp of LogL: 0.000001, Normalized LogL: -1.301052, Exp of Normalized LogL: 0.272245, Best Rate: 0.3
Fault: [2,1,2,3,4,5], logL: -15.277146, Exp of LogL: 0.000000, Normalized LogL: -1.388831, Exp of Normalized LogL: 0.249367, Best Rate: 0.3
Fault: [3,1,2,3,4,5], logL: -36.856074, Exp of LogL: 0.000000, Normalized LogL: -3.350552, Exp of Normalized LogL: 0.035065, Best Rate: 0.3

========= ADAPTIVE MC DEBUG =========
Total calls: 110
Avg tries: 1619.09
Confidence stops: 110
Max stops: 0
Max stop rate: 0.000
Real Fault Rank 1
===== SEED 103 | FR=0.3 | VR=60 =====
executing with fault mode: [4,1,2,3,4,5]

executing with fault mode: [4,1,2,3,4,5]

Fault scores (higher is better):
Fault: [4,1,2,3,4,5], logL: -18.011380, Exp of LogL: 0.000000, Normalized LogL: -1.059493, Exp of Normalized LogL: 0.346632, Best Rate: 0.3
Fault: [5,1,2,3,4,5], logL: -18.011380, Exp of LogL: 0.000000, Normalized LogL: -1.059493, Exp of Normalized LogL: 0.346632, Best Rate: 0.3
Fault: [4,1,2,3,3,5], logL: -18.377155, Exp of LogL: 0.000000, Normalized LogL: -1.081009, Exp of Normalized LogL: 0.339253, Best Rate: 0.3
Fault: [4,1,2,3,5,5], logL: -18.377155, Exp of LogL: 0.000000, Normalized LogL: -1.081009, Exp of Normalized LogL: 0.339253, Best Rate: 0.3
Fault: [4,1,2,3,2,5], logL: -18.377155, Exp of LogL: 0.000000, Normalized LogL: -1.081009, Exp of Normalized LogL: 0.339253, Best Rate: 0.3
Fault: [4,1,2,3,1,5], logL: -18.377155, Exp of LogL: 0.000000, Normalized LogL: -1.081009, Exp of Normalized LogL: 0.339253, Best Rate: 0.3
Fault: [0,1,2,3,4,5], logL: -40.528715, Exp of LogL: 0.000000, Normalized LogL: -2.384042, Exp of Normalized LogL: 0.092177, Best Rate: 0.3
Fault: [3,1,2,3,4,5], logL: -41.150748, Exp of LogL: 0.000000, Normalized LogL: -2.420632, Exp of Normalized LogL: 0.088865, Best Rate: 0.3
Fault: [2,1,2,3,4,5], logL: -41.628625, Exp of LogL: 0.000000, Normalized LogL: -2.448743, Exp of Normalized LogL: 0.086402, Best Rate: 0.3
Fault: [1,1,2,3,4,5], logL: -41.662021, Exp of LogL: 0.000000, Normalized LogL: -2.450707, Exp of Normalized LogL: 0.086233, Best Rate: 0.3

========= ADAPTIVE MC DEBUG =========
Total calls: 170
Avg tries: 1832.65
Confidence stops: 170
Max stops: 0
Max stop rate: 0.000
Real Fault Rank 1
===== SEED 103 | FR=0.3 | VR=80 =====
executing with fault mode: [4,1,2,3,4,5]

executing with fault mode: [4,1,2,3,4,5]

Fault scores (higher is better):
Fault: [4,1,2,3,4,5], logL: -20.464916, Exp of LogL: 0.000000, Normalized LogL: -0.930223, Exp of Normalized LogL: 0.394466, Best Rate: 0.3
Fault: [5,1,2,3,4,5], logL: -20.464916, Exp of LogL: 0.000000, Normalized LogL: -0.930223, Exp of Normalized LogL: 0.394466, Best Rate: 0.3
Fault: [4,1,2,3,3,5], logL: -20.830692, Exp of LogL: 0.000000, Normalized LogL: -0.946850, Exp of Normalized LogL: 0.387961, Best Rate: 0.3
Fault: [4,1,2,3,5,5], logL: -20.830692, Exp of LogL: 0.000000, Normalized LogL: -0.946850, Exp of Normalized LogL: 0.387961, Best Rate: 0.3
Fault: [4,1,2,3,2,5], logL: -20.830692, Exp of LogL: 0.000000, Normalized LogL: -0.946850, Exp of Normalized LogL: 0.387961, Best Rate: 0.3
Fault: [4,1,2,3,1,5], logL: -20.830692, Exp of LogL: 0.000000, Normalized LogL: -0.946850, Exp of Normalized LogL: 0.387961, Best Rate: 0.3
Fault: [0,1,2,3,4,5], logL: -42.982252, Exp of LogL: 0.000000, Normalized LogL: -1.953739, Exp of Normalized LogL: 0.141743, Best Rate: 0.3
Fault: [3,1,2,3,4,5], logL: -43.604285, Exp of LogL: 0.000000, Normalized LogL: -1.982013, Exp of Normalized LogL: 0.137792, Best Rate: 0.3
Fault: [2,1,2,3,4,5], logL: -44.094043, Exp of LogL: 0.000000, Normalized LogL: -2.004275, Exp of Normalized LogL: 0.134758, Best Rate: 0.3
Fault: [1,1,2,3,4,5], logL: -44.171343, Exp of LogL: 0.000000, Normalized LogL: -2.007788, Exp of Normalized LogL: 0.134285, Best Rate: 0.3

========= ADAPTIVE MC DEBUG =========
Total calls: 220
Avg tries: 1820.68
Confidence stops: 220
Max stops: 0
Max stop rate: 0.000
Real Fault Rank 1
===== SEED 103 | FR=0.3 | VR=100 =====
executing with fault mode: [4,1,2,3,4,5]

executing with fault mode: [4,1,2,3,4,5]

Fault scores (higher is better):
Fault: [4,1,2,3,4,5], logL: -23.194027, Exp of LogL: 0.000000, Normalized LogL: -0.828358, Exp of Normalized LogL: 0.436766, Best Rate: 0.3
Fault: [5,1,2,3,4,5], logL: -23.194027, Exp of LogL: 0.000000, Normalized LogL: -0.828358, Exp of Normalized LogL: 0.436766, Best Rate: 0.3
Fault: [4,1,2,3,3,5], logL: -23.559802, Exp of LogL: 0.000000, Normalized LogL: -0.841422, Exp of Normalized LogL: 0.431097, Best Rate: 0.3
Fault: [4,1,2,3,5,5], logL: -23.559802, Exp of LogL: 0.000000, Normalized LogL: -0.841422, Exp of Normalized LogL: 0.431097, Best Rate: 0.3
Fault: [4,1,2,3,2,5], logL: -23.559802, Exp of LogL: 0.000000, Normalized LogL: -0.841422, Exp of Normalized LogL: 0.431097, Best Rate: 0.3
Fault: [4,1,2,3,1,5], logL: -23.559802, Exp of LogL: 0.000000, Normalized LogL: -0.841422, Exp of Normalized LogL: 0.431097, Best Rate: 0.3
Fault: [0,1,2,3,4,5], logL: -47.869945, Exp of LogL: 0.000000, Normalized LogL: -1.709641, Exp of Normalized LogL: 0.180931, Best Rate: 0.3
Fault: [3,1,2,3,4,5], logL: -48.584020, Exp of LogL: 0.000000, Normalized LogL: -1.735144, Exp of Normalized LogL: 0.176375, Best Rate: 0.3
Fault: [2,1,2,3,4,5], logL: -49.350907, Exp of LogL: 0.000000, Normalized LogL: -1.762532, Exp of Normalized LogL: 0.171610, Best Rate: 0.3
Fault: [1,1,2,3,4,5], logL: -49.413466, Exp of LogL: 0.000000, Normalized LogL: -1.764767, Exp of Normalized LogL: 0.171227, Best Rate: 0.3

========= ADAPTIVE MC DEBUG =========
Total calls: 280
Avg tries: 1813.57
Confidence stops: 280
Max stops: 0
Max stop rate: 0.000
Real Fault Rank 1
================= 22/08/2026 10:20:44: SEED 103 END =================

Number of diagnosis runs: 500 (skipped 0)
Total diagnosis time: 5:50:32 (21032.08 sec)
Average diagnosis time: 0:00:42 (42.06 sec)
file was written at: experimental results/Taxi_v4/hard_class2_epsweep/taxi_v4_hard_class2_PO_known_fr_epsilon_0_02_SEEDS_100.xlsx
finished gracefully1
Traceback (most recent call last):
  File "/home/ahmade/rldx_repo/rldx-sifu/main.py", line 140, in <module>
    # One epsilon per run -> one xlsx. Full sweep = run once per --epsilon value in
    ^^^^^^^^^^^^
pygame.error: dsp: No such audio device
DONE eps=0.02 status=1 Sat 22 Aug 2026 10:20:45 IDT
